strategy,month,portfolio_return,pnl,equity,prev_equity,n_positions,regime_on
no_trend_top10,2006-06-30,0.0,0.0,1000000.0,1000000.0,0,False
no_trend_top10,2006-07-31,0.0,0.0,1000000.0,1000000.0,0,False
no_trend_top10,2006-08-31,0.0,0.0,1000000.0,1000000.0,0,False
no_trend_top10,2006-09-30,0.0,0.0,1000000.0,1000000.0,0,False
no_trend_top10,2006-10-31,0.0,0.0,1000000.0,1000000.0,0,False
no_trend_top10,2006-11-30,0.0,0.0,1000000.0,1000000.0,0,False
no_trend_top10,2006-12-31,0.0,0.0,1000000.0,1000000.0,0,False
no_trend_top10,2007-01-31,0.0,0.0,1000000.0,1000000.0,0,False
no_trend_top10,2007-02-28,0.0,0.0,1000000.0,1000000.0,0,False
no_trend_top10,2007-03-31,0.0,0.0,1000000.0,1000000.0,0,True
no_trend_top10,2007-04-30,0.0,0.0,1000000.0,1000000.0,0,True
no_trend_top10,2007-05-31,0.0,0.0,1000000.0,1000000.0,0,True
no_trend_top10,2007-06-30,-0.01606083033176786,-16060.830331767862,983939.1696682321,1000000.0,10,True
no_trend_top10,2007-07-31,0.020918429466175992,20582.462119712687,1004521.6317879448,983939.1696682321,9,True
no_trend_top10,2007-08-31,0.10141620546435377,101874.77220279413,1106396.403990739,1004521.6317879448,10,True
no_trend_top10,2007-09-30,0.029873796971149644,33052.2615424294,1139448.6655331685,1106396.403990739,10,True
no_trend_top10,2007-10-31,0.021887887216184513,24940.123879821942,1164388.7894129904,1139448.6655331685,10,True
no_trend_top10,2007-11-30,0.04608192701285707,53657.27920831843,1218046.0686213088,1164388.7894129904,10,False
no_trend_top10,2007-12-31,-0.10528466374975645,-128241.57076650727,1089804.4978548016,1218046.0686213088,10,False
no_trend_top10,2008-01-31,-0.015084865031261616,-16439.55376060152,1073364.9440942002,1089804.4978548016,10,False
no_trend_top10,2008-02-29,-0.005732976416653049,-6153.575910954168,1067211.3681832459,1073364.9440942002,10,False
no_trend_top10,2008-03-31,0.09428364940685094,100620.58248079487,1167831.9506640406,1067211.3681832459,10,False
no_trend_top10,2008-04-30,0.0520828213925893,60823.98290299439,1228655.933567035,1167831.9506640406,10,False
no_trend_top10,2008-05-31,-0.018726244490784506,-23008.111407029384,1205647.8221600056,1228655.933567035,10,False
no_trend_top10,2008-06-30,-0.03402453612578377,-41021.60788005564,1164626.21427995,1205647.8221600056,10,False
no_trend_top10,2008-07-31,-0.02940585149860619,-34246.82550850012,1130379.3887714497,1164626.21427995,10,False
no_trend_top10,2008-08-31,-0.09616281791798169,-108700.46734066836,1021678.9214307814,1130379.3887714497,10,False
no_trend_top10,2008-09-30,-0.12332210426171805,-125995.59447068647,895683.3269600949,1021678.9214307814,10,False
no_trend_top10,2008-10-31,-0.10978404375262873,-98331.73755548713,797351.5894046078,895683.3269600949,8,False
no_trend_top10,2008-11-30,0.07140461080369503,56934.579915143666,854286.1693197514,797351.5894046078,7,False
no_trend_top10,2008-12-31,-0.03570303785768243,-30500.611444517588,823785.5578752338,854286.1693197514,8,False
no_trend_top10,2009-01-31,-0.06315475562206609,-52025.97559259777,771759.5822826361,823785.5578752338,8,False
no_trend_top10,2009-02-28,0.05561267191183384,42919.612444298175,814679.1947269343,771759.5822826361,7,False
no_trend_top10,2009-03-31,0.028905908854650914,23549.042548557165,838228.2372754915,814679.1947269343,8,False
no_trend_top10,2009-04-30,0.017477385475676153,14650.038019460299,852878.2752949517,838228.2372754915,8,False
no_trend_top10,2009-05-31,0.002522073298278829,2151.021524803498,855029.2968197552,852878.2752949517,8,False
no_trend_top10,2009-06-30,0.05969509929296986,51041.05877205348,906070.3555918087,855029.2968197552,8,True
no_trend_top10,2009-07-31,-0.02642840970352561,-23945.998577799455,882124.3570140093,906070.3555918087,9,True
no_trend_top10,2009-08-31,0.03272296364293753,28865.72326311907,910990.0802771284,882124.3570140093,8,True
no_trend_top10,2009-09-30,-0.04215296093283549,-38400.92926412246,872589.1510130059,910990.0802771284,9,True
no_trend_top10,2009-10-31,0.09057909287020792,79038.33374714294,951627.4847601488,872589.1510130059,8,True
no_trend_top10,2009-11-30,0.05132750569738644,48844.66514581607,1000472.1499059648,951627.4847601488,9,True
no_trend_top10,2009-12-31,-0.05789022583877259,-57917.55870345865,942554.5912025062,1000472.1499059648,10,True
no_trend_top10,2010-01-31,0.041849284776821725,39445.23550493447,981999.8267074407,942554.5912025062,9,True
no_trend_top10,2010-02-28,0.09563772472281533,93916.22910449856,1075916.0558119393,981999.8267074407,9,True
no_trend_top10,2010-03-31,0.015935251036099413,17144.9924431332,1093061.0482550724,1075916.0558119393,10,True
no_trend_top10,2010-04-30,-0.056981652986612334,-62284.425344853255,1030776.6229102192,1093061.0482550724,10,True
no_trend_top10,2010-05-31,-0.03427266902926368,-35327.46604010408,995449.1568701152,1030776.6229102192,10,False
no_trend_top10,2010-06-30,0.05446495256202353,54217.09110683714,1049666.2479769522,995449.1568701152,9,False
no_trend_top10,2010-07-31,0.012742231675032394,13375.090513184328,1063041.3384901367,1049666.2479769522,10,True
no_trend_top10,2010-08-31,0.07998280222410076,85025.02513249996,1148066.3636226365,1063041.3384901367,10,False
no_trend_top10,2010-09-30,0.05867120636276376,67358.43853825149,1215424.802160888,1148066.3636226365,10,True
no_trend_top10,2010-10-31,0.012185215006243847,14810.21253825181,1230235.0146991399,1215424.802160888,10,True
no_trend_top10,2010-11-30,-0.023449300116918145,-28848.150074021338,1201386.8646251184,1230235.0146991399,10,True
no_trend_top10,2010-12-31,0.006913152832741173,8305.371006401174,1209692.2356315197,1201386.8646251184,10,True
no_trend_top10,2011-01-31,0.05166750997080672,62501.785646099015,1272194.0212776186,1209692.2356315197,10,True
no_trend_top10,2011-02-28,0.03436322755393902,43716.69264592355,1315910.713923542,1272194.0212776186,10,True
no_trend_top10,2011-03-31,0.023406008275332273,30800.217059692826,1346710.930983235,1315910.713923542,10,True
no_trend_top10,2011-04-30,0.012898741807792291,17370.87658848433,1364081.8075717192,1346710.930983235,10,True
no_trend_top10,2011-05-31,0.008569483104971031,11689.476003784193,1375771.2835755034,1364081.8075717192,10,True
no_trend_top10,2011-06-30,0.008442597702651945,11615.083478089062,1387386.3670535923,1375771.2835755034,10,True
no_trend_top10,2011-07-31,-0.03534295415237928,-49034.33276241116,1338352.0342911812,1387386.3670535923,10,True
no_trend_top10,2011-08-31,-0.09593990026039062,-128401.36068318681,1209950.6736079943,1338352.0342911812,10,False
no_trend_top10,2011-09-30,0.08406526233551645,101714.82078989089,1311665.4943978852,1209950.6736079943,10,False
no_trend_top10,2011-10-31,0.01552518517588316,20363.849689343504,1332029.3440872286,1311665.4943978852,10,False
no_trend_top10,2011-11-30,0.013957892470985318,18592.32235296664,1350621.6664401952,1332029.3440872286,10,False
no_trend_top10,2011-12-31,0.005611502148881034,7579.016383554438,1358200.6828237497,1350621.6664401952,10,False
no_trend_top10,2012-01-31,0.023140093234402893,31428.890431571243,1389629.573255321,1358200.6828237497,10,True
no_trend_top10,2012-02-29,0.030404593813166604,42251.12272559208,1431880.695980913,1389629.573255321,10,True
no_trend_top10,2012-03-31,0.0317719201027679,45493.59906940126,1477374.2950503142,1431880.695980913,10,True
no_trend_top10,2012-04-30,-0.02250441799296797,-33247.44866787866,1444126.8463824354,1477374.2950503142,10,True
no_trend_top10,2012-05-31,0.023982075966545037,34633.15973527068,1478760.0061177062,1444126.8463824354,10,True
no_trend_top10,2012-06-30,0.03190796499297584,47184.2225082165,1525944.2286259227,1478760.0061177062,10,True
no_trend_top10,2012-07-31,0.007949707113604782,12130.80968927166,1538075.0383151944,1525944.2286259227,10,True
no_trend_top10,2012-08-31,0.002214317387331798,3405.7863003623565,1541480.8246155567,1538075.0383151944,10,True
no_trend_top10,2012-09-30,-0.022381612754875897,-34500.82688561216,1506979.9977299445,1541480.8246155567,10,True
no_trend_top10,2012-10-31,-0.003471513153877174,-5231.500884749296,1501748.4968451953,1506979.9977299445,10,True
no_trend_top10,2012-11-30,0.02525445246230233,37925.83602391096,1539674.3328691062,1501748.4968451953,10,True
no_trend_top10,2012-12-31,0.02498636287568655,38470.86159144809,1578145.1944605543,1539674.3328691062,10,True
no_trend_top10,2013-01-31,0.0010428110965289435,1645.7073207172934,1579790.9017812717,1578145.1944605543,10,True
no_trend_top10,2013-02-28,0.059740939532304034,94378.19273699902,1674169.0945182708,1579790.9017812717,10,True
no_trend_top10,2013-03-31,0.023425719858199974,39218.61620344133,1713387.710721712,1674169.0945182708,10,True
no_trend_top10,2013-04-30,0.03724283519610268,63811.41613743637,1777199.1268591485,1713387.710721712,10,True
no_trend_top10,2013-05-31,-0.029453948618700102,-52345.531767708046,1724853.5950914405,1777199.1268591485,10,True
no_trend_top10,2013-06-30,0.044531910242143605,76811.02547745073,1801664.6205688913,1724853.5950914405,10,True
no_trend_top10,2013-07-31,-0.022171429707458105,-39945.48049135735,1761719.140077534,1801664.6205688913,10,True
no_trend_top10,2013-08-31,0.023375104297851713,41180.368642833986,1802899.508720368,1761719.140077534,10,True
no_trend_top10,2013-09-30,0.034291059436371445,61823.334211335015,1864722.842931703,1802899.508720368,10,True
no_trend_top10,2013-10-31,0.0238868943131136,44542.43747235832,1909265.2804040613,1864722.842931703,10,True
no_trend_top10,2013-11-30,0.021945941083149893,41900.62335585119,1951165.9037599126,1909265.2804040613,10,True
no_trend_top10,2013-12-31,-0.002259078958092822,-4407.837836932183,1946758.0659229804,1951165.9037599126,10,True
no_trend_top10,2014-01-31,0.039827751714254414,77534.9968973026,2024293.062820283,1946758.0659229804,10,True
no_trend_top10,2014-02-28,0.00838450651509727,16972.69837368287,2041265.7611939658,2024293.062820283,10,True
no_trend_top10,2014-03-31,0.006621724136943319,13516.69876081406,2054782.4599547798,2041265.7611939658,10,True
no_trend_top10,2014-04-30,0.025065749662813344,51504.66275276629,2106287.122707546,2054782.4599547798,10,True
no_trend_top10,2014-05-31,0.01126209047214759,23721.19613625182,2130008.3188437982,2106287.122707546,10,True
no_trend_top10,2014-06-30,-0.009151495817995549,-19492.76222219475,2110515.5566216037,2130008.3188437982,10,True
no_trend_top10,2014-07-31,0.03728836626496421,78697.67708321117,2189213.2337048147,2110515.5566216037,10,True
no_trend_top10,2014-08-31,-0.008997568358601936,-19697.595721815065,2169515.6379829994,2189213.2337048147,10,True
no_trend_top10,2014-09-30,0.01538277780111393,33373.17699513441,2202888.814978134,2169515.6379829994,10,True
no_trend_top10,2014-10-31,0.01766820346259577,38921.08778851016,2241809.902766644,2202888.814978134,10,True
no_trend_top10,2014-11-30,5.504722948496255e-05,123.40542417925704,2241933.308190823,2241809.902766644,10,True
no_trend_top10,2014-12-31,0.011016997101536162,24699.372758175676,2266632.680948999,2241933.308190823,10,True
no_trend_top10,2015-01-31,0.0233129211134888,52841.828884219634,2319474.5098332185,2266632.680948999,10,True
no_trend_top10,2015-02-28,-0.0003456135132575911,-801.6417342548876,2318672.8680989635,2319474.5098332185,10,True
no_trend_top10,2015-03-31,-0.008834335360958631,-20483.933709142042,2298188.9343898213,2318672.8680989635,10,True
no_trend_top10,2015-04-30,0.009092789345652344,20896.947856915882,2319085.8822467374,2298188.9343898213,10,True
no_trend_top10,2015-05-31,-0.003706153439745627,-8594.888119554267,2310490.994127183,2319085.8822467374,10,True
no_trend_top10,2015-06-30,0.00978690876531786,22612.564562611304,2333103.5586897945,2310490.994127183,10,True
no_trend_top10,2015-07-31,-0.017740721960837175,-41390.9415405554,2291712.617149239,2333103.5586897945,10,True
no_trend_top10,2015-08-31,0.011905032513151514,27282.913217961235,2318995.5303672003,2291712.617149239,10,False
no_trend_top10,2015-09-30,0.03532438736311074,81917.09640801343,2400912.6267752135,2318995.5303672003,10,False
no_trend_top10,2015-10-31,-0.00327452198036983,-7861.841169322903,2393050.7856058907,2400912.6267752135,10,True
no_trend_top10,2015-11-30,-0.011053432809107006,-26451.426067475448,2366599.3595384154,2393050.7856058907,10,True
no_trend_top10,2015-12-31,-0.005118981191693763,-12114.577609751654,2354484.7819286636,2366599.3595384154,10,False
no_trend_top10,2016-01-31,0.013563595833826284,31935.279978975006,2386420.061907639,2354484.7819286636,10,False
no_trend_top10,2016-02-29,0.021056861588964068,50250.516936716216,2436670.578844355,2386420.061907639,10,False
no_trend_top10,2016-03-31,0.001702892898149,4149.389023842665,2440819.9678681977,2436670.578844355,10,True
no_trend_top10,2016-04-30,0.007652411917621782,18678.15981088381,2459498.1276790816,2440819.9678681977,10,True
no_trend_top10,2016-05-31,0.01439023030524901,35392.74449263072,2494890.8721717126,2459498.1276790816,10,True
no_trend_top10,2016-06-30,0.010051565604021243,25077.559276507745,2519968.4314482203,2494890.8721717126,10,True
no_trend_top10,2016-07-31,0.0018770565440646373,4730.123235086181,2524698.5546833063,2519968.4314482203,10,True
no_trend_top10,2016-08-31,-0.004854094367594204,-12255.125034161463,2512443.429649145,2524698.5546833063,10,True
no_trend_top10,2016-09-30,-0.011087680697747095,-27857.170519102336,2484586.2591300425,2512443.429649145,10,True
no_trend_top10,2016-10-31,0.025008434721675844,62135.61327182645,2546721.872401869,2484586.2591300425,10,True
no_trend_top10,2016-11-30,0.0012147996281159298,3093.7567835084947,2549815.6291853776,2546721.872401869,10,True
no_trend_top10,2016-12-31,0.005210230378790312,13285.126851495988,2563100.7560368734,2549815.6291853776,10,True
no_trend_top10,2017-01-31,0.009247117786346478,23701.29458934668,2586802.05062622,2563100.7560368734,10,True
no_trend_top10,2017-02-28,-0.00626893133970555,-16216.484444785296,2570585.566181435,2586802.05062622,10,True
no_trend_top10,2017-03-31,0.0023605613251707212,6068.024870569977,2576653.5910520046,2570585.566181435,10,True
no_trend_top10,2017-04-30,0.02626195224653258,67667.95356406443,2644321.544616069,2576653.5910520046,10,True
no_trend_top10,2017-05-31,0.000865096234391088,2287.592610766587,2646609.137226836,2644321.544616069,10,True
no_trend_top10,2017-06-30,0.010339198815893099,27363.818057747558,2673972.9552845834,2646609.137226836,10,True
no_trend_top10,2017-07-31,0.015315770951874244,40953.95731464495,2714926.9125992283,2673972.9552845834,10,True
no_trend_top10,2017-08-31,0.013637037298087386,37023.55956869691,2751950.4721679254,2714926.9125992283,10,True
no_trend_top10,2017-09-30,0.010237985519786011,28174.429085223495,2780124.901253149,2751950.4721679254,10,True
no_trend_top10,2017-10-31,0.014146259946953406,39328.36953812521,2819453.270791274,2780124.901253149,10,True
no_trend_top10,2017-11-30,0.004260292099275967,12011.69449382985,2831464.965285104,2819453.270791274,10,True
no_trend_top10,2017-12-31,0.021080734730904455,59689.361833024865,2891154.3271181285,2831464.965285104,10,True
no_trend_top10,2018-01-31,-0.006161448688096973,-17813.69903590788,2873340.6280822204,2891154.3271181285,10,True
no_trend_top10,2018-02-28,-0.007837916756423681,-22521.00465575858,2850819.623426462,2873340.6280822204,10,True
no_trend_top10,2018-03-31,0.0007731972470564709,2204.2458846879053,2853023.86931115,2850819.623426462,10,True
no_trend_top10,2018-04-30,0.027949366820029783,79740.21066967805,2932764.0799808283,2853023.86931115,10,True
no_trend_top10,2018-05-31,-0.007836168483560389,-22981.63345326375,2909782.4465275644,2932764.0799808283,10,True
no_trend_top10,2018-06-30,0.020131031447402442,58576.92193614601,2968359.3684637104,2909782.4465275644,10,True
no_trend_top10,2018-07-31,0.020364114241956274,60448.00929057618,3028807.3777542864,2968359.3684637104,10,True
no_trend_top10,2018-08-31,0.00148570965824898,4499.9283741053105,3033307.3061283915,3028807.3777542864,10,True
no_trend_top10,2018-09-30,-0.039729114875206535,-120510.61441697815,2912796.691711413,3033307.3061283915,10,True
no_trend_top10,2018-10-31,0.006074314373138414,17693.24281049266,2930489.934521906,2912796.691711413,10,False
no_trend_top10,2018-11-30,-0.026601856036377894,-77956.47135420622,2852533.4631677,2930489.934521906,10,True
no_trend_top10,2018-12-31,0.01950352879548323,55634.46853897074,2908167.9317066707,2852533.4631677,10,False
no_trend_top10,2019-01-31,0.014746003320833707,42883.85397848866,2951051.7856851593,2908167.9317066707,10,False
no_trend_top10,2019-02-28,0.012319026698602296,36354.08573681346,2987405.8714219728,2951051.7856851593,10,True
no_trend_top10,2019-03-31,0.013161673498530965,39319.26068725038,3026725.132109223,2987405.8714219728,10,True
no_trend_top10,2019-04-30,-0.007916727190379887,-23961.757151175243,3002763.3749580476,3026725.132109223,10,True
no_trend_top10,2019-05-31,0.02142609615682519,64337.49680804406,3067100.871766092,3002763.3749580476,10,False
no_trend_top10,2019-06-30,0.0071186664801599735,21833.66816711071,3088934.5399332023,3067100.871766092,10,True
no_trend_top10,2019-07-31,0.0011444553249822804,3535.1475827482436,3092469.6875159508,3088934.5399332023,10,True
no_trend_top10,2019-08-31,-0.012850511350084064,-39739.81681921465,3052729.870696736,3092469.6875159508,10,True
no_trend_top10,2019-09-30,0.015231195621688643,46496.72584075426,3099226.5965374904,3052729.870696736,10,True
no_trend_top10,2019-10-31,0.0047186248593116846,14624.087663061746,3113850.6842005523,3099226.5965374904,10,True
no_trend_top10,2019-11-30,0.009493826149889192,29562.357052513555,3143413.0412530657,3113850.6842005523,10,True
no_trend_top10,2019-12-31,0.0029495239226218204,9271.571963857328,3152684.613216923,3143413.0412530657,10,True
no_trend_top10,2020-01-31,-0.03240105230391442,-102150.29905058772,3050534.3141663354,3152684.613216923,10,True
no_trend_top10,2020-02-29,-0.049347918583072185,-150537.51897034826,2899996.795195987,3050534.3141663354,10,False
no_trend_top10,2020-03-31,0.04939628305692524,143249.06255967703,3043245.857755664,2899996.795195987,10,False
no_trend_top10,2020-04-30,0.02353031484420364,71608.53318130934,3114854.390936973,3043245.857755664,10,False
no_trend_top10,2020-05-31,0.007957455444055923,24786.315030602913,3139640.705967576,3114854.390936973,10,True
no_trend_top10,2020-06-30,0.02394669849767835,75184.02937684354,3214824.7353444193,3139640.705967576,10,True
no_trend_top10,2020-07-31,0.026517929824001106,85250.49672832624,3300075.2320727454,3214824.7353444193,10,True
no_trend_top10,2020-08-31,-0.009353065072641347,-30865.818390188382,3269209.413682557,3300075.2320727454,10,True
no_trend_top10,2020-09-30,-0.003939069316408928,-12877.642490352182,3256331.771192205,3269209.413682557,10,True
no_trend_top10,2020-10-31,0.011500490027155487,37449.41105970552,3293781.1822519107,3256331.771192205,10,True
no_trend_top10,2020-11-30,0.0063316957463849565,20855.220301187237,3314636.402553098,3293781.1822519107,10,True
no_trend_top10,2020-12-31,-0.004306865243215709,-14275.69231605349,3300360.7102370444,3314636.402553098,10,True
no_trend_top10,2021-01-31,-0.006555768982123333,-21636.40237399055,3278724.307863054,3300360.7102370444,10,True
no_trend_top10,2021-02-28,-0.014430435377911333,-47313.41924660486,3231410.888616449,3278724.307863054,10,True
no_trend_top10,2021-03-31,0.013679403465052462,44203.77330674811,3275614.661923197,3231410.888616449,10,True
no_trend_top10,2021-04-30,-0.0012490636076985498,-4091.4510670520544,3271523.2108561452,3275614.661923197,10,True
no_trend_top10,2021-05-31,0.0011926844305112712,3901.8947976443674,3275425.10565379,3271523.2108561452,10,True
no_trend_top10,2021-06-30,0.02267962334452035,74285.40768941373,3349710.5133432033,3275425.10565379,10,True
no_trend_top10,2021-07-31,-0.00118272307243227,-3961.7799100999496,3345748.733433103,3349710.5133432033,10,True
no_trend_top10,2021-08-31,-0.016073046942927303,-53776.37645170984,3291972.3569813934,3345748.733433103,10,True
no_trend_top10,2021-09-30,0.01833494499981143,60358.13210615345,3352330.4890875467,3291972.3569813934,10,True
no_trend_top10,2021-10-31,0.006133412453911245,20561.225571395935,3372891.7146589425,3352330.4890875467,10,True
no_trend_top10,2021-11-30,0.004615381434426748,15567.181800168684,3388458.896459111,3372891.7146589425,10,True
no_trend_top10,2021-12-31,-0.020173346469050626,-68356.55531440659,3320102.3411447043,3388458.896459111,10,True
no_trend_top10,2022-01-31,0.01063036784687803,35293.90917564913,3355396.2503203535,3320102.3411447043,10,True
no_trend_top10,2022-02-28,0.002147954482718264,7207.238417171658,3362603.4887375254,3355396.2503203535,10,False
no_trend_top10,2022-03-31,-0.013377310199660033,-44982.58994730091,3317620.8987902245,3362603.4887375254,10,True
no_trend_top10,2022-04-30,0.021732443019340714,72100.00714273247,3389720.905932957,3317620.8987902245,10,False
no_trend_top10,2022-05-31,-0.04035147329131992,-136780.23260078247,3252940.6733321743,3389720.905932957,10,False
no_trend_top10,2022-06-30,0.02297438371947401,74734.30724581753,3327674.980577992,3252940.6733321743,10,False
no_trend_top10,2022-07-31,0.008446802624363495,28108.21375897492,3355783.1943369666,3327674.980577992,10,False
no_trend_top10,2022-08-31,-0.025056002639653872,-84082.51257541314,3271700.6817615535,3355783.1943369666,10,False
no_trend_top10,2022-09-30,0.030470451309691286,99690.1963234992,3371390.8780850526,3271700.6817615535,10,False
no_trend_top10,2022-10-31,0.014803759823497678,49909.26083030206,3421300.138915355,3371390.8780850526,10,False
no_trend_top10,2022-11-30,-0.012842561157287082,-43938.25627145523,3377361.8826438994,3421300.138915355,10,True
no_trend_top10,2022-12-31,0.01748769228975051,59062.26535480899,3436424.1479987083,3377361.8826438994,10,False
no_trend_top10,2023-01-31,-0.011318970809859734,-38896.78462149449,3397527.363377214,3436424.1479987083,10,True
no_trend_top10,2023-02-28,0.007068054236606604,24013.90767470518,3421541.271051919,3397527.363377214,10,True
no_trend_top10,2023-03-31,0.0001006523441786385,344.386149635334,3421885.6572015546,3421541.271051919,10,True
no_trend_top10,2023-04-30,0.02448768084181052,83794.0438507207,3505679.7010522755,3421885.6572015546,10,True
no_trend_top10,2023-05-31,0.02445969766442461,85747.86559604912,3591427.5666483245,3505679.7010522755,10,True
no_trend_top10,2023-06-30,0.01834561798212199,65886.95814819212,3657314.5247965166,3591427.5666483245,10,True
no_trend_top10,2023-07-31,-0.0032537548999625756,-11900.005055760965,3645414.5197407557,3657314.5247965166,10,True
no_trend_top10,2023-08-31,-0.015124089526913463,-55133.57555926943,3590280.944181486,3645414.5197407557,10,True
no_trend_top10,2023-09-30,-0.009956103613077354,-35745.209080328066,3554535.735101158,3590280.944181486,10,True
no_trend_top10,2023-10-31,0.028432263222156542,101063.49565295782,3655599.2307541156,3554535.735101158,10,False
no_trend_top10,2023-11-30,0.019007400297908015,69483.43790766809,3725082.668661784,3655599.2307541156,10,True
no_trend_top10,2023-12-31,0.037622512812760654,140146.97043032062,3865229.6390921045,3725082.668661784,10,True
no_trend_top10,2024-01-31,0.05757855395598706,222554.3333267451,4087783.97241885,3865229.6390921045,10,True
no_trend_top10,2024-02-29,0.021508430853070658,87921.81891306132,4175705.791331911,4087783.97241885,10,True
no_trend_top10,2024-03-31,-0.016358610105637637,-68308.74295625181,4107397.048375659,4175705.791331911,10,True
no_trend_top10,2024-04-30,0.02524481556668602,103690.48094539405,4211087.529321053,4107397.048375659,10,True
no_trend_top10,2024-05-31,0.0022104694091907365,9308.480162988786,4220396.0094840415,4211087.529321053,10,True
no_trend_top10,2024-06-30,-0.00816431486101764,-34456.64185961011,4185939.3676244314,4220396.0094840415,10,True
no_trend_top10,2024-07-31,0.010024775184868932,41963.10109792735,4227902.468722358,4185939.3676244314,10,True
no_trend_top10,2024-08-31,0.01748169020980297,73910.88119546547,4301813.349917823,4227902.468722358,10,True
no_trend_top10,2024-09-30,0.008365412813146152,35986.44451716573,4337799.794434989,4301813.349917823,10,True
no_trend_top10,2024-10-31,0.0458846750628142,199038.53405519167,4536838.328490181,4337799.794434989,10,True
no_trend_top10,2024-11-30,-0.01782455248932405,-80867.11292175042,4455971.215568431,4536838.328490181,10,True
no_trend_top10,2024-12-31,0.018727508747662474,83449.23991888997,4539420.455487321,4455971.215568431,10,True
no_trend_top10,2025-01-31,-0.005606117866900554,-25448.52612088132,4513971.92936644,4539420.455487321,10,True
no_trend_top10,2025-02-28,-0.014369256985234252,-64862.42267720005,4449109.506689239,4513971.92936644,10,True
no_trend_top10,2025-03-31,-0.000214378668583586,-953.7941724266142,4448155.712516813,4449109.506689239,10,False
no_trend_top10,2025-04-30,0.017713999621073014,78794.62860599658,4526950.341122809,4448155.712516813,10,False
no_trend_top10,2025-05-31,0.00831094169068716,37623.22032170802,4564573.561444517,4526950.341122809,10,True
no_trend_top10,2025-06-30,-0.004258554791314634,-19438.486610397653,4545135.0748341195,4564573.561444517,10,True
no_trend_top10,2025-07-31,0.004465702944262024,20297.223085755322,4565432.297919875,4545135.0748341195,10,True
no_trend_top10,2025-08-31,0.01945358112538886,88814.00758005476,4654246.30549993,4565432.297919875,10,True
no_trend_top10,2025-09-30,0.00343756868603658,15999.291356888001,4670245.596856818,4654246.30549993,10,True
no_trend_top10,2025-10-31,-0.0026668759977960146,-12454.96588606997,4657790.630970747,4670245.596856818,10,True
no_trend_top10,2025-11-30,0.011251380391702977,52406.57417396211,4710197.205144709,4657790.630970747,10,True
no_trend_top10,2025-12-31,0.025253870733987382,118950.71135031313,4829147.916495022,4710197.205144709,10,True
no_trend_top10,2026-01-31,0.014549449199727676,70261.44228901507,4899409.358784038,4829147.916495022,10,True
no_trend_top10,2026-02-28,-0.015727222616087427,-77054.10167293872,4822355.257111099,4899409.358784038,10,True
no_trend_top10,2026-03-31,0.05115772456562006,246700.72200085947,5069055.979111958,4822355.257111099,10,False
no_trend_top10,2026-04-30,0.05150563102203108,261084.92689016103,5330140.906002119,5069055.979111958,10,True
no_trend_top10,2026-05-31,0.0,0.0,5330140.906002119,5330140.906002119,0,True
hzz_trend_composite_top10,2006-06-30,0.0,0.0,1000000.0,1000000.0,0,False
hzz_trend_composite_top10,2006-07-31,0.0,0.0,1000000.0,1000000.0,0,False
hzz_trend_composite_top10,2006-08-31,0.0,0.0,1000000.0,1000000.0,0,False
hzz_trend_composite_top10,2006-09-30,0.0,0.0,1000000.0,1000000.0,0,False
hzz_trend_composite_top10,2006-10-31,0.0,0.0,1000000.0,1000000.0,0,False
hzz_trend_composite_top10,2006-11-30,0.0,0.0,1000000.0,1000000.0,0,False
hzz_trend_composite_top10,2006-12-31,0.0,0.0,1000000.0,1000000.0,0,False
hzz_trend_composite_top10,2007-01-31,0.0,0.0,1000000.0,1000000.0,0,False
hzz_trend_composite_top10,2007-02-28,0.0,0.0,1000000.0,1000000.0,0,False
hzz_trend_composite_top10,2007-03-31,0.0,0.0,1000000.0,1000000.0,0,True
hzz_trend_composite_top10,2007-04-30,0.0,0.0,1000000.0,1000000.0,0,True
hzz_trend_composite_top10,2007-05-31,0.0,0.0,1000000.0,1000000.0,0,True
hzz_trend_composite_top10,2007-06-30,0.0,0.0,1000000.0,1000000.0,0,True
hzz_trend_composite_top10,2007-07-31,0.0,0.0,1000000.0,1000000.0,0,True
hzz_trend_composite_top10,2007-08-31,0.0,0.0,1000000.0,1000000.0,0,True
hzz_trend_composite_top10,2007-09-30,0.0,0.0,1000000.0,1000000.0,0,True
hzz_trend_composite_top10,2007-10-31,0.0,0.0,1000000.0,1000000.0,0,True
hzz_trend_composite_top10,2007-11-30,0.0,0.0,1000000.0,1000000.0,0,False
hzz_trend_composite_top10,2007-12-31,0.0,0.0,1000000.0,1000000.0,0,False
hzz_trend_composite_top10,2008-01-31,0.0,0.0,1000000.0,1000000.0,0,False
hzz_trend_composite_top10,2008-02-29,0.0,0.0,1000000.0,1000000.0,0,False
hzz_trend_composite_top10,2008-03-31,0.0,0.0,1000000.0,1000000.0,0,False
hzz_trend_composite_top10,2008-04-30,0.0,0.0,1000000.0,1000000.0,0,False
hzz_trend_composite_top10,2008-05-31,0.0,0.0,1000000.0,1000000.0,0,False
hzz_trend_composite_top10,2008-06-30,0.0,0.0,1000000.0,1000000.0,0,False
hzz_trend_composite_top10,2008-07-31,0.0,0.0,1000000.0,1000000.0,0,False
hzz_trend_composite_top10,2008-08-31,0.0,0.0,1000000.0,1000000.0,0,False
hzz_trend_composite_top10,2008-09-30,0.0,0.0,1000000.0,1000000.0,0,False
hzz_trend_composite_top10,2008-10-31,0.0,0.0,1000000.0,1000000.0,0,False
hzz_trend_composite_top10,2008-11-30,0.0,0.0,1000000.0,1000000.0,0,False
hzz_trend_composite_top10,2008-12-31,0.0,0.0,1000000.0,1000000.0,0,False
hzz_trend_composite_top10,2009-01-31,0.0,0.0,1000000.0,1000000.0,0,False
hzz_trend_composite_top10,2009-02-28,0.0,0.0,1000000.0,1000000.0,0,False
hzz_trend_composite_top10,2009-03-31,0.0,0.0,1000000.0,1000000.0,0,False
hzz_trend_composite_top10,2009-04-30,0.0,0.0,1000000.0,1000000.0,0,False
hzz_trend_composite_top10,2009-05-31,0.0,0.0,1000000.0,1000000.0,0,False
hzz_trend_composite_top10,2009-06-30,0.0,0.0,1000000.0,1000000.0,0,True
hzz_trend_composite_top10,2009-07-31,0.0,0.0,1000000.0,1000000.0,0,True
hzz_trend_composite_top10,2009-08-31,0.0,0.0,1000000.0,1000000.0,0,True
hzz_trend_composite_top10,2009-09-30,0.0,0.0,1000000.0,1000000.0,0,True
hzz_trend_composite_top10,2009-10-31,0.0,0.0,1000000.0,1000000.0,0,True
hzz_trend_composite_top10,2009-11-30,0.0,0.0,1000000.0,1000000.0,0,True
hzz_trend_composite_top10,2009-12-31,0.0,0.0,1000000.0,1000000.0,0,True
hzz_trend_composite_top10,2010-01-31,0.0,0.0,1000000.0,1000000.0,0,True
hzz_trend_composite_top10,2010-02-28,0.0,0.0,1000000.0,1000000.0,0,True
hzz_trend_composite_top10,2010-03-31,0.0,0.0,1000000.0,1000000.0,0,True
hzz_trend_composite_top10,2010-04-30,0.0,0.0,1000000.0,1000000.0,0,True
hzz_trend_composite_top10,2010-05-31,0.0,0.0,1000000.0,1000000.0,0,False
hzz_trend_composite_top10,2010-06-30,0.0,0.0,1000000.0,1000000.0,0,False
hzz_trend_composite_top10,2010-07-31,0.0,0.0,1000000.0,1000000.0,0,True
hzz_trend_composite_top10,2010-08-31,0.0,0.0,1000000.0,1000000.0,0,False
hzz_trend_composite_top10,2010-09-30,0.0,0.0,1000000.0,1000000.0,0,True
hzz_trend_composite_top10,2010-10-31,0.0,0.0,1000000.0,1000000.0,0,True
hzz_trend_composite_top10,2010-11-30,-0.032588519743695296,-32588.5197436953,967411.4802563047,1000000.0,10,True
hzz_trend_composite_top10,2010-12-31,-0.018922881461017976,-18306.212764917986,949105.2674913867,967411.4802563047,9,True
hzz_trend_composite_top10,2011-01-31,0.04924172637890892,46735.58188659202,995840.8493779787,949105.2674913867,9,True
hzz_trend_composite_top10,2011-02-28,0.02533539537062208,25230.0216452072,1021070.8710231859,995840.8493779787,9,True
hzz_trend_composite_top10,2011-03-31,0.006733499061053086,6875.379751303279,1027946.2507744891,1021070.8710231859,10,True
hzz_trend_composite_top10,2011-04-30,0.0035194400659475603,3617.7952206163154,1031564.0459951054,1027946.2507744891,10,True
hzz_trend_composite_top10,2011-05-31,-0.008803988141594473,-9081.877628236123,1022482.1683668693,1031564.0459951054,10,True
hzz_trend_composite_top10,2011-06-30,0.004263671915067629,4359.528504923272,1026841.6968717925,1022482.1683668693,10,True
hzz_trend_composite_top10,2011-07-31,-0.07049534196898061,-72387.55656898534,954454.1403028072,1026841.6968717925,10,True
hzz_trend_composite_top10,2011-08-31,-0.09782185198496494,-93366.47163913817,861087.668663669,954454.1403028072,9,False
hzz_trend_composite_top10,2011-09-30,0.16555772831232093,142559.71830170954,1003647.3869653785,861087.668663669,8,False
hzz_trend_composite_top10,2011-10-31,0.012934416260904984,12981.593082179788,1016628.9800475583,1003647.3869653785,10,False
hzz_trend_composite_top10,2011-11-30,0.017577768271646806,17870.068629516623,1034499.048677075,1016628.9800475583,10,False
hzz_trend_composite_top10,2011-12-31,0.044539928666604826,46076.51383374747,1080575.5625108224,1034499.048677075,10,False
hzz_trend_composite_top10,2012-01-31,0.05646779421991554,61017.7185029306,1141593.281013753,1080575.5625108224,10,True
hzz_trend_composite_top10,2012-02-29,0.03456648376338323,39460.86561254928,1181054.1466263023,1141593.281013753,10,True
hzz_trend_composite_top10,2012-03-31,0.01942457225137173,22941.47160392479,1203995.6182302271,1181054.1466263023,10,True
hzz_trend_composite_top10,2012-04-30,-0.04454952778271986,-53637.436244620476,1150358.1819856067,1203995.6182302271,10,True
hzz_trend_composite_top10,2012-05-31,0.027444778896708048,31571.325956614015,1181929.5079422207,1150358.1819856067,10,True
hzz_trend_composite_top10,2012-06-30,0.027998336731909136,33092.06035674597,1215021.5682989666,1181929.5079422207,10,True
hzz_trend_composite_top10,2012-07-31,-0.003329082267842502,-4044.9067580702767,1210976.6615408964,1215021.5682989666,10,True
hzz_trend_composite_top10,2012-08-31,-0.0008966199336155232,-1085.7858138807464,1209890.8757270155,1210976.6615408964,10,True
hzz_trend_composite_top10,2012-09-30,-0.013905139591038599,-16823.701516908084,1193067.1742101074,1209890.8757270155,10,True
hzz_trend_composite_top10,2012-10-31,0.03030618391367072,36157.31320297494,1229224.4874130823,1193067.1742101074,10,True
hzz_trend_composite_top10,2012-11-30,-0.009298947204935605,-11430.493611468284,1217793.993801614,1229224.4874130823,10,True
hzz_trend_composite_top10,2012-12-31,0.020092814352668947,24468.90863725111,1242262.902438865,1217793.993801614,10,True
hzz_trend_composite_top10,2013-01-31,-0.020375842648053127,-25312.153427608086,1216950.749011257,1242262.902438865,10,True
hzz_trend_composite_top10,2013-02-28,0.07453029814183884,90699.70214774307,1307650.451159,1216950.749011257,10,True
hzz_trend_composite_top10,2013-03-31,0.08961482432897667,117184.86546432087,1424835.3166233208,1307650.451159,10,True
hzz_trend_composite_top10,2013-04-30,0.03556157667687006,50669.390364012645,1475504.7069873335,1424835.3166233208,10,True
hzz_trend_composite_top10,2013-05-31,-0.037338511943800085,-55093.150124979795,1420411.5568623536,1475504.7069873335,10,True
hzz_trend_composite_top10,2013-06-30,0.0558671922790265,79354.40556258049,1499765.9624249341,1420411.5568623536,10,True
hzz_trend_composite_top10,2013-07-31,-0.024005942707446222,-36003.29576855091,1463762.6666563833,1499765.9624249341,10,True
hzz_trend_composite_top10,2013-08-31,0.023074025881531072,33774.897654848326,1497537.5643112317,1463762.6666563833,10,True
hzz_trend_composite_top10,2013-09-30,0.027977958650687845,41898.04405215143,1539435.6083633832,1497537.5643112317,10,True
hzz_trend_composite_top10,2013-10-31,0.03977546718103917,61231.770517780824,1600667.3788811641,1539435.6083633832,10,True
hzz_trend_composite_top10,2013-11-30,0.008518601752559892,13635.447939002532,1614302.8268201665,1600667.3788811641,10,True
hzz_trend_composite_top10,2013-12-31,0.0023901554697634314,3858.4347313787903,1618161.2615515452,1614302.8268201665,10,True
hzz_trend_composite_top10,2014-01-31,0.04677877745669995,75695.60554317257,1693856.867094718,1618161.2615515452,10,True
hzz_trend_composite_top10,2014-02-28,0.022259167747565593,37703.844145027244,1731560.7112397451,1693856.867094718,10,True
hzz_trend_composite_top10,2014-03-31,0.00660293985278215,11433.391227756718,1742994.1024675018,1731560.7112397451,10,True
hzz_trend_composite_top10,2014-04-30,0.02528081261754699,44064.30729797041,1787058.4097654722,1742994.1024675018,10,True
hzz_trend_composite_top10,2014-05-31,0.017942480429607135,32064.26054378183,1819122.670309254,1787058.4097654722,10,True
hzz_trend_composite_top10,2014-06-30,-0.0069748652694960975,-12688.135534093015,1806434.534775161,1819122.670309254,10,True
hzz_trend_composite_top10,2014-07-31,0.046710321409794385,84379.13772510015,1890813.672500261,1806434.534775161,10,True
hzz_trend_composite_top10,2014-08-31,0.00640849986492393,12117.279164814243,1902930.9516650753,1890813.672500261,10,True
hzz_trend_composite_top10,2014-09-30,-0.00808103705225116,-15377.655528281031,1887553.2961367941,1902930.9516650753,10,True
hzz_trend_composite_top10,2014-10-31,0.011171991181177527,21087.728778442837,1908641.024915237,1887553.2961367941,10,True
hzz_trend_composite_top10,2014-11-30,-0.014203296797400615,-27108.994956566014,1881532.029958671,1908641.024915237,10,True
hzz_trend_composite_top10,2014-12-31,-0.0013996264902614915,-2633.442071405634,1878898.5878872653,1881532.029958671,10,True
hzz_trend_composite_top10,2015-01-31,0.01240669211369883,23310.916292780803,1902209.504180046,1878898.5878872653,10,True
hzz_trend_composite_top10,2015-02-28,0.005433184996051907,10335.056137458365,1912544.5603175045,1902209.504180046,10,True
hzz_trend_composite_top10,2015-03-31,-0.006654337586520113,-12726.717153615353,1899817.8431638891,1912544.5603175045,10,True
hzz_trend_composite_top10,2015-04-30,0.012644391857924094,24022.041267640394,1923839.8844315296,1899817.8431638891,10,True
hzz_trend_composite_top10,2015-05-31,-0.006660146221856806,-12813.054937754086,1911026.8294937755,1923839.8844315296,10,True
hzz_trend_composite_top10,2015-06-30,0.020240767230675107,38680.64922735855,1949707.4787211341,1911026.8294937755,10,True
hzz_trend_composite_top10,2015-07-31,-0.027457314497246976,-53533.73142088065,1896173.7473002535,1949707.4787211341,10,True
hzz_trend_composite_top10,2015-08-31,0.008531753796345328,16177.687567059285,1912351.4348673127,1896173.7473002535,10,False
hzz_trend_composite_top10,2015-09-30,0.04881924100540695,93359.54558582313,2005710.980453136,1912351.4348673127,10,False
hzz_trend_composite_top10,2015-10-31,0.010702614019878478,21466.35045922194,2027177.330912358,2005710.980453136,10,True
hzz_trend_composite_top10,2015-11-30,-0.011037236834676849,-22374.436307167776,2004802.89460519,2027177.330912358,10,True
hzz_trend_composite_top10,2015-12-31,-0.006236716139089972,-12503.386568478481,1992299.5080367115,2004802.89460519,10,False
hzz_trend_composite_top10,2016-01-31,0.012292206849975723,24489.75765989213,2016789.2656966036,1992299.5080367115,10,False
hzz_trend_composite_top10,2016-02-29,0.02339154464989404,47175.81615796912,2063965.0818545728,2016789.2656966036,10,False
hzz_trend_composite_top10,2016-03-31,-0.0095034145477021,-19614.715784845903,2044350.3660697269,2063965.0818545728,10,True
hzz_trend_composite_top10,2016-04-30,0.02535573964430423,51836.01562380204,2096186.381693529,2044350.3660697269,10,True
hzz_trend_composite_top10,2016-05-31,0.02161429405506772,45307.58884815236,2141493.970541681,2096186.381693529,10,True
hzz_trend_composite_top10,2016-06-30,0.005642586252340019,12083.564437647532,2153577.5349793285,2141493.970541681,10,True
hzz_trend_composite_top10,2016-07-31,0.007911358485330184,17037.72390517517,2170615.2588845035,2153577.5349793285,10,True
hzz_trend_composite_top10,2016-08-31,0.004369276250033601,9484.017698604597,2180099.276583108,2170615.2588845035,10,True
hzz_trend_composite_top10,2016-09-30,-0.01633116478228329,-35603.56052761533,2144495.716055493,2180099.276583108,10,True
hzz_trend_composite_top10,2016-10-31,0.015180815343591874,32555.19347056227,2177050.909526055,2144495.716055493,10,True
hzz_trend_composite_top10,2016-11-30,0.0024684185463793563,5373.872841486161,2182424.7823675415,2177050.909526055,10,True
hzz_trend_composite_top10,2016-12-31,0.017443703851763637,38069.5715823691,2220494.3539499105,2182424.7823675415,10,True
hzz_trend_composite_top10,2017-01-31,0.014000415880066987,31087.84441463941,2251582.19836455,2220494.3539499105,10,True
hzz_trend_composite_top10,2017-02-28,-0.004136134432902366,-9312.84665916562,2242269.351705384,2251582.19836455,10,True
hzz_trend_composite_top10,2017-03-31,0.0041019579520258495,9197.694597811746,2251467.046303196,2242269.351705384,10,True
hzz_trend_composite_top10,2017-04-30,0.015731761855770406,35419.54339855668,2286886.5897017526,2251467.046303196,10,True
hzz_trend_composite_top10,2017-05-31,0.004098905474840744,9373.731962868393,2296260.321664621,2286886.5897017526,10,True
hzz_trend_composite_top10,2017-06-30,0.004587307489447983,10533.65217129435,2306793.9738359153,2296260.321664621,10,True
hzz_trend_composite_top10,2017-07-31,0.01810670114012782,41768.42907609475,2348562.40291201,2306793.9738359153,10,True
hzz_trend_composite_top10,2017-08-31,0.010473085880756126,24596.695742012453,2373159.0986540224,2348562.40291201,10,True
hzz_trend_composite_top10,2017-09-30,0.0016414436679158112,3895.406975442439,2377054.505629465,2373159.0986540224,10,True
hzz_trend_composite_top10,2017-10-31,0.02365547401599939,56230.35109253208,2433284.8567219973,2377054.505629465,10,True
hzz_trend_composite_top10,2017-11-30,-0.005974106235535115,-14536.702235376053,2418748.1544866213,2433284.8567219973,10,True
hzz_trend_composite_top10,2017-12-31,0.029486054373005596,71319.33959779945,2490067.4940844206,2418748.1544866213,10,True
hzz_trend_composite_top10,2018-01-31,-0.004973077460846877,-12383.298530818698,2477684.1955536017,2490067.4940844206,10,True
hzz_trend_composite_top10,2018-02-28,-0.00811915933471236,-20116.712764798307,2457567.4827888035,2477684.1955536017,10,True
hzz_trend_composite_top10,2018-03-31,-0.004939875421002031,-12140.077203682242,2445427.4055851214,2457567.4827888035,10,True
hzz_trend_composite_top10,2018-04-30,0.04088627158241301,99984.40903982891,2545411.8146249503,2445427.4055851214,10,True
hzz_trend_composite_top10,2018-05-31,-0.01775672579105554,-45198.179617608344,2500213.635007342,2545411.8146249503,10,True
hzz_trend_composite_top10,2018-06-30,0.004356311754081288,10891.710045896785,2511105.345053239,2500213.635007342,10,True
hzz_trend_composite_top10,2018-07-31,0.030096033507056797,75574.3106044717,2586679.6556577105,2511105.345053239,10,True
hzz_trend_composite_top10,2018-08-31,0.0034610700156613855,8952.679396318219,2595632.335054029,2586679.6556577105,10,True
hzz_trend_composite_top10,2018-09-30,-0.05556440283919681,-144224.7606873871,2451407.5743666417,2595632.335054029,10,True
hzz_trend_composite_top10,2018-10-31,0.01928995718781437,47287.5471594164,2498695.1215260583,2451407.5743666417,10,False
hzz_trend_composite_top10,2018-11-30,-0.03411981174462463,-85255.00715368107,2413440.1143723773,2498695.1215260583,10,True
hzz_trend_composite_top10,2018-12-31,0.016892221650169806,40768.365351389366,2454208.4797237664,2413440.1143723773,10,False
hzz_trend_composite_top10,2019-01-31,0.017473598650150315,42883.85397848866,2497092.333702255,2454208.4797237664,10,False
hzz_trend_composite_top10,2019-02-28,0.012823754135987242,32022.098142256327,2529114.4318445115,2497092.333702255,10,True
hzz_trend_composite_top10,2019-03-31,0.01406792728435496,35579.3979210013,2564693.8297655126,2529114.4318445115,10,True
hzz_trend_composite_top10,2019-04-30,-0.021162986617833605,-54276.58119816796,2510417.2485673446,2564693.8297655126,10,True
hzz_trend_composite_top10,2019-05-31,0.03518638617920672,88332.51077903218,2598749.7593463766,2510417.2485673446,10,False
hzz_trend_composite_top10,2019-06-30,-0.0005693035505375916,-1479.4774649546039,2597270.281881422,2598749.7593463766,10,True
hzz_trend_composite_top10,2019-07-31,0.00304634153704766,7912.17234263486,2605182.4542240566,2597270.281881422,10,True
hzz_trend_composite_top10,2019-08-31,-0.006245827579835024,-16271.52042309491,2588910.933800962,2605182.4542240566,10,True
hzz_trend_composite_top10,2019-09-30,0.008744971560092699,22639.95248770244,2611550.8862886643,2588910.933800962,10,True
hzz_trend_composite_top10,2019-10-31,0.005134022976698016,13407.762255022071,2624958.6485436866,2611550.8862886643,10,True
hzz_trend_composite_top10,2019-11-30,0.014300686772169812,37538.71142272145,2662497.359966408,2624958.6485436866,10,True
hzz_trend_composite_top10,2019-12-31,0.01004193624620258,26736.62874446535,2689233.9887108733,2662497.359966408,10,True
hzz_trend_composite_top10,2020-01-31,-0.030923241646448496,-83159.83247674888,2606074.156234124,2689233.9887108733,10,True
hzz_trend_composite_top10,2020-02-29,-0.04205881955571891,-109608.40268587344,2496465.7535482505,2606074.156234124,10,False
hzz_trend_composite_top10,2020-03-31,0.07121940913506945,177796.8158936423,2674262.5694418927,2496465.7535482505,10,False
hzz_trend_composite_top10,2020-04-30,0.04507343061683574,120538.18837494001,2794800.7578168325,2674262.5694418927,10,False
hzz_trend_composite_top10,2020-05-31,-0.0015321763238396436,-4282.127550976044,2790518.6302658566,2794800.7578168325,10,True
hzz_trend_composite_top10,2020-06-30,0.028555924314200176,79685.83880323735,2870204.469069094,2790518.6302658566,10,True
hzz_trend_composite_top10,2020-07-31,0.023986389447398962,68845.84218875626,2939050.3112578504,2870204.469069094,10,True
hzz_trend_composite_top10,2020-08-31,-0.009843747275422,-28931.268493772644,2910119.042764078,2939050.3112578504,10,True
hzz_trend_composite_top10,2020-09-30,-0.002479783139630292,-7216.464136563405,2902902.5786275147,2910119.042764078,10,True
hzz_trend_composite_top10,2020-10-31,0.013188553014618458,38285.084554501605,2941187.6631820165,2902902.5786275147,10,True
hzz_trend_composite_top10,2020-11-30,0.017513802241583484,51511.37908835489,2992699.042270371,2941187.6631820165,10,True
hzz_trend_composite_top10,2020-12-31,-0.005358852450500907,-16037.432596282297,2976661.609674089,2992699.042270371,10,True
hzz_trend_composite_top10,2021-01-31,0.001397729865354425,4160.56883089545,2980822.1785049844,2976661.609674089,10,True
hzz_trend_composite_top10,2021-02-28,0.0026696177854533465,7957.655903010696,2988779.834407995,2980822.1785049844,10,True
hzz_trend_composite_top10,2021-03-31,0.019926732888716662,59556.61742343094,3048336.451831426,2988779.834407995,10,True
hzz_trend_composite_top10,2021-04-30,-0.008761808477102517,-26708.940164717198,3021627.5116667086,3048336.451831426,10,True
hzz_trend_composite_top10,2021-05-31,-0.00409033944334827,-12359.482194076621,3009268.029472632,3021627.5116667086,10,True
hzz_trend_composite_top10,2021-06-30,0.0027592682915894683,8303.377854617755,3017571.4073272496,3009268.029472632,10,True
hzz_trend_composite_top10,2021-07-31,0.0037863824475393064,11425.67941090038,3028997.08673815,3017571.4073272496,10,True
hzz_trend_composite_top10,2021-08-31,-0.023214350797784018,-70316.20093700524,2958680.885801145,3028997.08673815,10,True
hzz_trend_composite_top10,2021-09-30,0.02724940471367005,80622.2928757952,3039303.17867694,2958680.885801145,10,True
hzz_trend_composite_top10,2021-10-31,-0.004408240538993574,-13397.979482535715,3025905.1991944043,3039303.17867694,10,True
hzz_trend_composite_top10,2021-11-30,0.00046161467941921756,1396.8022584790685,3027302.0014528832,3025905.1991944043,10,True
hzz_trend_composite_top10,2021-12-31,-0.013828768299557231,-41863.85795087779,2985438.1435020054,3027302.0014528832,10,True
hzz_trend_composite_top10,2022-01-31,-0.008856601096626138,-26440.834735649365,2958997.308766356,2985438.1435020054,10,True
hzz_trend_composite_top10,2022-02-28,-0.002154163193807351,-6374.1630931194895,2952623.145673237,2958997.308766356,10,False
hzz_trend_composite_top10,2022-03-31,-0.014071617246753898,-41548.182779820265,2911074.9628934166,2952623.145673237,10,True
hzz_trend_composite_top10,2022-04-30,0.03589744629251534,104500.15713395251,3015575.1200273694,2911074.9628934166,10,False
hzz_trend_composite_top10,2022-05-31,-0.0505135320236591,-152327.35039525217,2863247.7696321174,3015575.1200273694,10,False
hzz_trend_composite_top10,2022-06-30,0.023021647654453387,65916.68129987012,2929164.4509319873,2863247.7696321174,10,False
hzz_trend_composite_top10,2022-07-31,0.01827348793772387,53526.05126171523,2982690.5021937024,2929164.4509319873,10,False
hzz_trend_composite_top10,2022-08-31,-0.025454784748721492,-75923.7447053967,2906766.7574883057,2982690.5021937024,10,False
hzz_trend_composite_top10,2022-09-30,0.04087130718744425,118803.3570675558,3025570.1145558613,2906766.7574883057,10,False
hzz_trend_composite_top10,2022-10-31,0.017714846308155494,53597.50957390549,3079167.6241297666,3025570.1145558613,10,False
hzz_trend_composite_top10,2022-11-30,-0.023737130768302753,-73090.60455149238,3006077.0195782743,3079167.6241297666,10,True
hzz_trend_composite_top10,2022-12-31,0.003931214579027905,11817.533805046865,3017894.553383321,3006077.0195782743,10,False
hzz_trend_composite_top10,2023-01-31,-0.0006046601590136996,-1824.8006005353368,3016069.752782786,3017894.553383321,10,True
hzz_trend_composite_top10,2023-02-28,-0.006598396145168589,-19901.223030321515,2996168.5297524645,3016069.752782786,10,True
hzz_trend_composite_top10,2023-03-31,-0.009881117423708596,-29605.493063704445,2966563.03668876,2996168.5297524645,10,True
hzz_trend_composite_top10,2023-04-30,-0.003894117836076938,-11552.146033016264,2955010.890655744,2966563.03668876,10,True
hzz_trend_composite_top10,2023-05-31,0.026586658886804202,78563.86655665573,3033574.7572123995,2955010.890655744,10,True
hzz_trend_composite_top10,2023-06-30,0.027198496028947607,82508.67098755715,3116083.4281999567,3033574.7572123995,10,True
hzz_trend_composite_top10,2023-07-31,0.009871756990724076,30761.218366012366,3146844.646565969,3116083.4281999567,10,True
hzz_trend_composite_top10,2023-08-31,-0.01828098980331377,-57527.43489648501,3089317.211669484,3146844.646565969,10,True
hzz_trend_composite_top10,2023-09-30,-0.014659800273547404,-45288.77330470701,3044028.4383647772,3089317.211669484,10,True
hzz_trend_composite_top10,2023-10-31,0.038330597060794454,116679.42751255966,3160707.865877337,3044028.4383647772,10,False
hzz_trend_composite_top10,2023-11-30,0.02090450640240225,66073.03781835594,3226780.903695693,3160707.865877337,10,True
hzz_trend_composite_top10,2023-12-31,0.021581870931029628,69639.96898627159,3296420.872681964,3226780.903695693,10,True
hzz_trend_composite_top10,2024-01-31,0.04872206244284423,160608.42359670572,3457029.29627867,3296420.872681964,10,True
hzz_trend_composite_top10,2024-02-29,0.01992460047705017,68879.9275658104,3525909.2238444802,3457029.29627867,10,True
hzz_trend_composite_top10,2024-03-31,-0.009004414946809574,-31748.74971627898,3494160.474128201,3525909.2238444802,10,True
hzz_trend_composite_top10,2024-04-30,0.027621449564982633,96513.77730808791,3590674.251436289,3494160.474128201,10,True
hzz_trend_composite_top10,2024-05-31,0.003680018452312506,13213.747501528938,3603887.9989378178,3590674.251436289,10,True
hzz_trend_composite_top10,2024-06-30,0.002786291052276927,10041.480884848641,3613929.4798226664,3603887.9989378178,10,True
hzz_trend_composite_top10,2024-07-31,-0.005822722787985192,-21042.909536334908,3592886.5702863317,3613929.4798226664,10,True
hzz_trend_composite_top10,2024-08-31,0.02987845147090919,107349.88703078152,3700236.4573171134,3592886.5702863317,10,True
hzz_trend_composite_top10,2024-09-30,-0.004496874401991265,-16639.49860622417,3683596.9587108893,3700236.4573171134,10,True
hzz_trend_composite_top10,2024-10-31,0.04359959472554532,160603.33453204605,3844200.2932429356,3683596.9587108893,10,True
hzz_trend_composite_top10,2024-11-30,-0.026758851827437858,-102866.38604188088,3741333.9072010545,3844200.2932429356,10,True
hzz_trend_composite_top10,2024-12-31,0.00928565273944474,34740.727444578966,3776074.6346456334,3741333.9072010545,10,True
hzz_trend_composite_top10,2025-01-31,-0.007659951880907425,-28924.550000100637,3747150.0846455325,3776074.6346456334,10,True
hzz_trend_composite_top10,2025-02-28,-0.009170881282286865,-34364.668573195355,3712785.416072337,3747150.0846455325,10,True
hzz_trend_composite_top10,2025-03-31,-0.003031663661017348,-11255.916627061679,3701529.4994452754,3712785.416072337,10,False
hzz_trend_composite_top10,2025-04-30,0.01159573763318087,42921.96491704673,3744451.4643623224,3701529.4994452754,10,False
hzz_trend_composite_top10,2025-05-31,0.0067585653990371065,25307.120105413018,3769758.584467735,3744451.4643623224,10,True
hzz_trend_composite_top10,2025-06-30,0.006360444181601127,23977.339054618707,3793735.9235223536,3769758.584467735,10,True
hzz_trend_composite_top10,2025-07-31,0.014865847836226022,56397.10096990771,3850133.0244922615,3793735.9235223536,10,True
hzz_trend_composite_top10,2025-08-31,0.01510898656361669,58171.608135190465,3908304.632627452,3850133.0244922615,10,True
hzz_trend_composite_top10,2025-09-30,0.0035480934372521043,13867.030017807458,3922171.6626452594,3908304.632627452,10,True
hzz_trend_composite_top10,2025-10-31,0.011996932165353701,47054.02737762772,3969225.690022887,3922171.6626452594,10,True
hzz_trend_composite_top10,2025-11-30,0.00274790627356225,10907.060174798344,3980132.7501976853,3969225.690022887,10,True
hzz_trend_composite_top10,2025-12-31,0.027288551205492468,108612.0563584271,4088744.8065561126,3980132.7501976853,10,True
hzz_trend_composite_top10,2026-01-31,0.028247441834188345,115496.58109803346,4204241.387654146,4088744.8065561126,10,True
hzz_trend_composite_top10,2026-02-28,-0.016517820145687524,-69444.90309032693,4134796.484563819,4204241.387654146,10,True
hzz_trend_composite_top10,2026-03-31,0.029595192380168202,122370.09741350941,4257166.581977328,4134796.484563819,10,False
hzz_trend_composite_top10,2026-04-30,0.05339974737314914,227331.62000300214,4484498.20198033,4257166.581977328,10,True
hzz_trend_composite_top10,2026-05-31,0.0,0.0,4484498.20198033,4484498.20198033,0,True
hzz_sector_cap2_top10,2006-06-30,0.0,0.0,1000000.0,1000000.0,0,False
hzz_sector_cap2_top10,2006-07-31,0.0,0.0,1000000.0,1000000.0,0,False
hzz_sector_cap2_top10,2006-08-31,0.0,0.0,1000000.0,1000000.0,0,False
hzz_sector_cap2_top10,2006-09-30,0.0,0.0,1000000.0,1000000.0,0,False
hzz_sector_cap2_top10,2006-10-31,0.0,0.0,1000000.0,1000000.0,0,False
hzz_sector_cap2_top10,2006-11-30,0.0,0.0,1000000.0,1000000.0,0,False
hzz_sector_cap2_top10,2006-12-31,0.0,0.0,1000000.0,1000000.0,0,False
hzz_sector_cap2_top10,2007-01-31,0.0,0.0,1000000.0,1000000.0,0,False
hzz_sector_cap2_top10,2007-02-28,0.0,0.0,1000000.0,1000000.0,0,False
hzz_sector_cap2_top10,2007-03-31,0.0,0.0,1000000.0,1000000.0,0,True
hzz_sector_cap2_top10,2007-04-30,0.0,0.0,1000000.0,1000000.0,0,True
hzz_sector_cap2_top10,2007-05-31,0.0,0.0,1000000.0,1000000.0,0,True
hzz_sector_cap2_top10,2007-06-30,0.0,0.0,1000000.0,1000000.0,0,True
hzz_sector_cap2_top10,2007-07-31,0.0,0.0,1000000.0,1000000.0,0,True
hzz_sector_cap2_top10,2007-08-31,0.0,0.0,1000000.0,1000000.0,0,True
hzz_sector_cap2_top10,2007-09-30,0.0,0.0,1000000.0,1000000.0,0,True
hzz_sector_cap2_top10,2007-10-31,0.0,0.0,1000000.0,1000000.0,0,True
hzz_sector_cap2_top10,2007-11-30,0.0,0.0,1000000.0,1000000.0,0,False
hzz_sector_cap2_top10,2007-12-31,0.0,0.0,1000000.0,1000000.0,0,False
hzz_sector_cap2_top10,2008-01-31,0.0,0.0,1000000.0,1000000.0,0,False
hzz_sector_cap2_top10,2008-02-29,0.0,0.0,1000000.0,1000000.0,0,False
hzz_sector_cap2_top10,2008-03-31,0.0,0.0,1000000.0,1000000.0,0,False
hzz_sector_cap2_top10,2008-04-30,0.0,0.0,1000000.0,1000000.0,0,False
hzz_sector_cap2_top10,2008-05-31,0.0,0.0,1000000.0,1000000.0,0,False
hzz_sector_cap2_top10,2008-06-30,0.0,0.0,1000000.0,1000000.0,0,False
hzz_sector_cap2_top10,2008-07-31,0.0,0.0,1000000.0,1000000.0,0,False
hzz_sector_cap2_top10,2008-08-31,0.0,0.0,1000000.0,1000000.0,0,False
hzz_sector_cap2_top10,2008-09-30,0.0,0.0,1000000.0,1000000.0,0,False
hzz_sector_cap2_top10,2008-10-31,0.0,0.0,1000000.0,1000000.0,0,False
hzz_sector_cap2_top10,2008-11-30,0.0,0.0,1000000.0,1000000.0,0,False
hzz_sector_cap2_top10,2008-12-31,0.0,0.0,1000000.0,1000000.0,0,False
hzz_sector_cap2_top10,2009-01-31,0.0,0.0,1000000.0,1000000.0,0,False
hzz_sector_cap2_top10,2009-02-28,0.0,0.0,1000000.0,1000000.0,0,False
hzz_sector_cap2_top10,2009-03-31,0.0,0.0,1000000.0,1000000.0,0,False
hzz_sector_cap2_top10,2009-04-30,0.0,0.0,1000000.0,1000000.0,0,False
hzz_sector_cap2_top10,2009-05-31,0.0,0.0,1000000.0,1000000.0,0,False
hzz_sector_cap2_top10,2009-06-30,0.0,0.0,1000000.0,1000000.0,0,True
hzz_sector_cap2_top10,2009-07-31,0.0,0.0,1000000.0,1000000.0,0,True
hzz_sector_cap2_top10,2009-08-31,0.0,0.0,1000000.0,1000000.0,0,True
hzz_sector_cap2_top10,2009-09-30,0.0,0.0,1000000.0,1000000.0,0,True
hzz_sector_cap2_top10,2009-10-31,0.0,0.0,1000000.0,1000000.0,0,True
hzz_sector_cap2_top10,2009-11-30,0.0,0.0,1000000.0,1000000.0,0,True
hzz_sector_cap2_top10,2009-12-31,0.0,0.0,1000000.0,1000000.0,0,True
hzz_sector_cap2_top10,2010-01-31,0.0,0.0,1000000.0,1000000.0,0,True
hzz_sector_cap2_top10,2010-02-28,0.0,0.0,1000000.0,1000000.0,0,True
hzz_sector_cap2_top10,2010-03-31,0.0,0.0,1000000.0,1000000.0,0,True
hzz_sector_cap2_top10,2010-04-30,0.0,0.0,1000000.0,1000000.0,0,True
hzz_sector_cap2_top10,2010-05-31,0.0,0.0,1000000.0,1000000.0,0,False
hzz_sector_cap2_top10,2010-06-30,0.0,0.0,1000000.0,1000000.0,0,False
hzz_sector_cap2_top10,2010-07-31,0.0,0.0,1000000.0,1000000.0,0,True
hzz_sector_cap2_top10,2010-08-31,0.0,0.0,1000000.0,1000000.0,0,False
hzz_sector_cap2_top10,2010-09-30,0.0,0.0,1000000.0,1000000.0,0,True
hzz_sector_cap2_top10,2010-10-31,0.0,0.0,1000000.0,1000000.0,0,True
hzz_sector_cap2_top10,2010-11-30,-0.024467153140204333,-24467.153140204333,975532.8468597956,1000000.0,10,True
hzz_sector_cap2_top10,2010-12-31,-0.02184311852590541,-21308.67959987245,954224.1672599232,975532.8468597956,9,True
hzz_sector_cap2_top10,2011-01-31,0.035201156328959406,33589.794084587666,987813.9613445109,954224.1672599232,9,True
hzz_sector_cap2_top10,2011-02-28,0.030952687930055317,30575.497278448373,1018389.4586229593,987813.9613445109,9,True
hzz_sector_cap2_top10,2011-03-31,0.015029580390773418,15305.966237489987,1033695.4248604493,1018389.4586229593,10,True
hzz_sector_cap2_top10,2011-04-30,0.0023425762878813688,2421.5103911695455,1036116.9352516189,1033695.4248604493,10,True
hzz_sector_cap2_top10,2011-05-31,-0.006573507604832497,-6810.9225533722565,1029306.0126982466,1036116.9352516189,10,True
hzz_sector_cap2_top10,2011-06-30,-0.0031387888329348535,-3230.774218329957,1026075.2384799167,1029306.0126982466,10,True
hzz_sector_cap2_top10,2011-07-31,-0.04505054448845471,-46225.24817964127,979849.9903002754,1026075.2384799167,10,True
hzz_sector_cap2_top10,2011-08-31,-0.09115516296772097,-89318.38554974142,890531.6047505339,979849.9903002754,9,False
hzz_sector_cap2_top10,2011-09-30,0.13809489999931698,122977.87290425626,1013509.4776547902,890531.6047505339,8,False
hzz_sector_cap2_top10,2011-10-31,0.02343643484078119,23753.04883357067,1037262.5264883608,1013509.4776547902,10,False
hzz_sector_cap2_top10,2011-11-30,0.023491064849234886,24366.401275419303,1061628.92776378,1037262.5264883608,10,False
hzz_sector_cap2_top10,2011-12-31,0.040405780907361195,42895.945860140084,1104524.8736239201,1061628.92776378,10,False
hzz_sector_cap2_top10,2012-01-31,0.04598121892037059,50787.40001709613,1155312.2736410163,1104524.8736239201,10,True
hzz_sector_cap2_top10,2012-02-29,0.03965252299311719,45811.046494780894,1201123.3201357971,1155312.2736410163,10,True
hzz_sector_cap2_top10,2012-03-31,0.026676212819915827,32041.421310906415,1233164.7414467037,1201123.3201357971,10,True
hzz_sector_cap2_top10,2012-04-30,-0.042584472954579365,-52513.67058067801,1180651.0708660258,1233164.7414467037,10,True
hzz_sector_cap2_top10,2012-05-31,0.0553614372484506,65362.540172065485,1246013.6110380911,1180651.0708660258,10,True
hzz_sector_cap2_top10,2012-06-30,0.0066980617792516675,8345.876144521591,1254359.4871826128,1246013.6110380911,10,True
hzz_sector_cap2_top10,2012-07-31,0.019856001808319184,24906.564245780282,1279266.051428393,1254359.4871826128,10,True
hzz_sector_cap2_top10,2012-08-31,-0.002724600989164153,-3485.48954912592,1275780.561879267,1279266.051428393,10,True
hzz_sector_cap2_top10,2012-09-30,-0.04728479826865146,-60325.026503527944,1215455.535375739,1275780.561879267,10,True
hzz_sector_cap2_top10,2012-10-31,0.025512359758738817,31009.13888925635,1246464.6742649954,1215455.535375739,10,True
hzz_sector_cap2_top10,2012-11-30,0.002236168192904653,2787.3046581706417,1249251.978923166,1246464.6742649954,10,True
hzz_sector_cap2_top10,2012-12-31,0.01685580078588178,21057.14248809747,1270309.1214112635,1249251.978923166,10,True
hzz_sector_cap2_top10,2013-01-31,-0.019925979433641536,-25312.153427608086,1244996.9679836554,1270309.1214112635,10,True
hzz_sector_cap2_top10,2013-02-28,0.08468360493536124,105430.83138245046,1350427.7993661058,1244996.9679836554,10,True
hzz_sector_cap2_top10,2013-03-31,0.0835082063946547,112771.80339054411,1463199.60275665,1350427.7993661058,10,True
hzz_sector_cap2_top10,2013-04-30,0.02720262121031331,39802.86454887006,1503002.46730552,1463199.60275665,10,True
hzz_sector_cap2_top10,2013-05-31,-0.036655395665282586,-55093.150124979795,1447909.3171805402,1503002.46730552,10,True
hzz_sector_cap2_top10,2013-06-30,0.054806198579552184,79354.40556258049,1527263.7227431207,1447909.3171805402,10,True
hzz_sector_cap2_top10,2013-07-31,-0.017988681391612735,-27473.460509394365,1499790.2622337264,1527263.7227431207,10,True
hzz_sector_cap2_top10,2013-08-31,0.022519747264224378,33774.897654848326,1533565.1598885749,1499790.2622337264,10,True
hzz_sector_cap2_top10,2013-09-30,0.02192624392053635,33625.32376375322,1567190.4836523281,1533565.1598885749,10,True
hzz_sector_cap2_top10,2013-10-31,0.039071045387591014,61231.770517780824,1628422.254170109,1567190.4836523281,10,True
hzz_sector_cap2_top10,2013-11-30,0.008373410461619827,13635.447939002532,1642057.7021091115,1628422.254170109,10,True
hzz_sector_cap2_top10,2013-12-31,0.002319937997628535,3809.4720574215257,1645867.174166533,1642057.7021091115,10,True
hzz_sector_cap2_top10,2014-01-31,0.04950136737769569,81472.6756433074,1727339.8498098403,1645867.174166533,10,True
hzz_sector_cap2_top10,2014-02-28,0.02369923852885522,40936.63912104036,1768276.4889308808,1727339.8498098403,10,True
hzz_sector_cap2_top10,2014-03-31,0.0025900079858279467,4579.850227482784,1772856.3391583636,1768276.4889308808,10,True
hzz_sector_cap2_top10,2014-04-30,0.03746851857861605,66426.30068097239,1839282.639839336,1772856.3391583636,10,True
hzz_sector_cap2_top10,2014-05-31,0.023664649174577893,43525.97840468939,1882808.6182440254,1839282.639839336,10,True
hzz_sector_cap2_top10,2014-06-30,-0.0021154815280577917,-3983.04685276325,1878825.571391262,1882808.6182440254,10,True
hzz_sector_cap2_top10,2014-07-31,0.042069599736039735,79041.43976226654,1957867.0111535287,1878825.571391262,10,True
hzz_sector_cap2_top10,2014-08-31,0.0063296863359253025,12392.684068057402,1970259.6952215862,1957867.0111535287,10,True
hzz_sector_cap2_top10,2014-09-30,-0.008478896192202235,-16705.62742746384,1953554.0677941223,1970259.6952215862,10,True
hzz_sector_cap2_top10,2014-10-31,0.010794545759490693,21087.728778442837,1974641.796572565,1953554.0677941223,10,True
hzz_sector_cap2_top10,2014-11-30,-0.008835351316024675,-17446.653996024743,1957195.1425765404,1974641.796572565,10,True
hzz_sector_cap2_top10,2014-12-31,0.005248540878643889,10272.418713296227,1967467.5612898367,1957195.1425765404,10,True
hzz_sector_cap2_top10,2015-01-31,0.019234999359135307,37844.237280529516,2005311.798570366,1967467.5612898367,10,True
hzz_sector_cap2_top10,2015-02-28,0.009503778098807135,19058.038352532592,2024369.8369228987,2005311.798570366,10,True
hzz_sector_cap2_top10,2015-03-31,-0.006642411245711481,-13446.696970255778,2010923.1399526428,2024369.8369228987,10,True
hzz_sector_cap2_top10,2015-04-30,0.019381491352693268,38974.68944792294,2049897.8294005657,2010923.1399526428,10,True
hzz_sector_cap2_top10,2015-05-31,-0.0074637957439125414,-15300.0186945355,2034597.81070603,2049897.8294005657,10,True
hzz_sector_cap2_top10,2015-06-30,0.013999768342067533,28483.898019162192,2063081.7087251924,2034597.81070603,10,True
hzz_sector_cap2_top10,2015-07-31,-0.02362785868879442,-48746.20307719537,2014335.505647997,2063081.7087251924,10,True
hzz_sector_cap2_top10,2015-08-31,0.002034301723312164,4097.766190468599,2018433.2718384655,2014335.505647997,10,False
hzz_sector_cap2_top10,2015-09-30,0.039810471936784546,80354.78112479745,2098788.052963263,2018433.2718384655,10,False
hzz_sector_cap2_top10,2015-10-31,0.011676886429153514,24507.30973331625,2123295.362696579,2098788.052963263,10,True
hzz_sector_cap2_top10,2015-11-30,-0.014454821551597751,-30691.85556911408,2092603.5071274652,2123295.362696579,10,True
hzz_sector_cap2_top10,2015-12-31,-0.013379776983006533,-27998.56823922281,2064604.9388882425,2092603.5071274652,10,False
hzz_sector_cap2_top10,2016-01-31,0.009837924908535781,20311.428354574633,2084916.367242817,2064604.9388882425,10,False
hzz_sector_cap2_top10,2016-02-29,0.029930594002518546,62402.785317150614,2147319.1525599677,2084916.367242817,10,False
hzz_sector_cap2_top10,2016-03-31,-0.01083793739045228,-23272.51053276398,2124046.642027204,2147319.1525599677,10,True
hzz_sector_cap2_top10,2016-04-30,0.024633995912807786,52323.756298311244,2176370.398325515,2124046.642027204,10,True
hzz_sector_cap2_top10,2016-05-31,0.014308629301856534,31140.87725317364,2207511.275578689,2176370.398325515,10,True
hzz_sector_cap2_top10,2016-06-30,0.011070494244857149,24438.24087175114,2231949.51645044,2207511.275578689,10,True
hzz_sector_cap2_top10,2016-07-31,0.003112546250501555,6947.046098736576,2238896.5625491766,2231949.51645044,10,True
hzz_sector_cap2_top10,2016-08-31,0.005954150518967203,13330.727129816067,2252227.2896789927,2238896.5625491766,10,True
hzz_sector_cap2_top10,2016-09-30,-0.01275013258750186,-28716.196560597116,2223511.0931183957,2252227.2896789927,10,True
hzz_sector_cap2_top10,2016-10-31,0.014641345200083873,32555.19347056227,2256066.286588958,2223511.0931183957,10,True
hzz_sector_cap2_top10,2016-11-30,-0.004017074900112066,-9062.78725284554,2247003.4993361123,2256066.286588958,10,True
hzz_sector_cap2_top10,2016-12-31,0.01988225488165384,44675.49629376868,2291678.995629881,2247003.4993361123,10,True
hzz_sector_cap2_top10,2017-01-31,0.015711963551966586,36006.77685214408,2327685.772482025,2291678.995629881,10,True
hzz_sector_cap2_top10,2017-02-28,0.005077283898829328,11818.321494157091,2339504.093976182,2327685.772482025,10,True
hzz_sector_cap2_top10,2017-03-31,0.0018070541115201883,4227.610491937972,2343731.70446812,2339504.093976182,10,True
hzz_sector_cap2_top10,2017-04-30,0.018132945299911694,42498.75879478922,2386230.463262909,2343731.70446812,10,True
hzz_sector_cap2_top10,2017-05-31,0.008051157538113333,19211.917381974843,2405442.380644884,2386230.463262909,10,True
hzz_sector_cap2_top10,2017-06-30,0.004364089692370789,10497.56629896419,2415939.946943848,2405442.380644884,10,True
hzz_sector_cap2_top10,2017-07-31,0.011141462106958478,26917.103371562156,2442857.05031541,2415939.946943848,10,True
hzz_sector_cap2_top10,2017-08-31,0.005182761971987423,12660.746623376073,2455517.796938786,2442857.05031541,10,True
hzz_sector_cap2_top10,2017-09-30,0.004934330890488866,12116.337317580217,2467634.134256366,2455517.796938786,10,True
hzz_sector_cap2_top10,2017-10-31,0.014003373943319788,34555.20353729208,2502189.3377936585,2467634.134256366,10,True
hzz_sector_cap2_top10,2017-11-30,-0.004846014912357387,-12125.646844489724,2490063.690949169,2502189.3377936585,10,True
hzz_sector_cap2_top10,2017-12-31,0.04163225198053173,103666.95902916869,2593730.649978338,2490063.690949169,10,True
hzz_sector_cap2_top10,2018-01-31,-0.006750504721132986,-17508.990998026096,2576221.658980312,2593730.649978338,10,True
hzz_sector_cap2_top10,2018-02-28,-0.010857845901930008,-27972.217782422704,2548249.441197889,2576221.658980312,10,True
hzz_sector_cap2_top10,2018-03-31,-0.006162351680223004,-15703.20922559314,2532546.231972296,2548249.441197889,10,True
hzz_sector_cap2_top10,2018-04-30,0.03263992987444797,82662.13141537318,2615208.363387669,2532546.231972296,10,True
hzz_sector_cap2_top10,2018-05-31,-0.01593676820188112,-41677.96948693017,2573530.393900739,2615208.363387669,10,True
hzz_sector_cap2_top10,2018-06-30,0.008256008424113911,21247.088611757692,2594777.482512497,2573530.393900739,10,True
hzz_sector_cap2_top10,2018-07-31,0.0213690798391693,55448.007188688265,2650225.4897011854,2594777.482512497,10,True
hzz_sector_cap2_top10,2018-08-31,0.0033780821409757247,8952.679396318219,2659178.1690975036,2650225.4897011854,10,True
hzz_sector_cap2_top10,2018-09-30,-0.05349260998775266,-142246.38068747896,2516931.7884100247,2659178.1690975036,10,True
hzz_sector_cap2_top10,2018-10-31,0.018827007441226156,47386.29350945419,2564318.0819194787,2516931.7884100247,10,False
hzz_sector_cap2_top10,2018-11-30,-0.035025399251423436,-89816.2646268741,2474501.8172926046,2564318.0819194787,10,True
hzz_sector_cap2_top10,2018-12-31,0.01754664095304298,43419.19492568569,2517921.0122182905,2474501.8172926046,10,False
hzz_sector_cap2_top10,2019-01-31,0.017977856837076082,45266.82348472613,2563187.8357030167,2517921.0122182905,10,False
hzz_sector_cap2_top10,2019-02-28,0.010998621598651628,28191.53309116432,2591379.368794181,2563187.8357030167,10,True
hzz_sector_cap2_top10,2019-03-31,0.007077877537349589,18341.46582513949,2609720.8346193205,2591379.368794181,10,True
hzz_sector_cap2_top10,2019-04-30,-0.01610671105983525,-42034.01943004549,2567686.815189275,2609720.8346193205,10,True
hzz_sector_cap2_top10,2019-05-31,0.029739823486255926,76362.55265171568,2644049.3678409904,2567686.815189275,10,False
hzz_sector_cap2_top10,2019-06-30,-0.00410806737387295,-10861.93294293697,2633187.4348980533,2644049.3678409904,10,True
hzz_sector_cap2_top10,2019-07-31,0.0023079267972603984,6077.203843210588,2639264.6387412637,2633187.4348980533,10,True
hzz_sector_cap2_top10,2019-08-31,-0.006740953499866016,-17791.160203595537,2621473.478537668,2639264.6387412637,10,True
hzz_sector_cap2_top10,2019-09-30,0.009960905271527527,26112.24899153546,2647585.7275292035,2621473.478537668,10,True
hzz_sector_cap2_top10,2019-10-31,0.005326664747596535,14102.801561069533,2661688.529090273,2647585.7275292035,10,True
hzz_sector_cap2_top10,2019-11-30,0.016804674120849645,44728.80834256567,2706417.337432839,2661688.529090273,10,True
hzz_sector_cap2_top10,2019-12-31,0.007996294446705143,21641.309925780726,2728058.6473586196,2706417.337432839,10,True
hzz_sector_cap2_top10,2020-01-31,-0.033264815594758794,-90748.36783607159,2637310.279522548,2728058.6473586196,10,True
hzz_sector_cap2_top10,2020-02-29,-0.02641066700525363,-69653.12358200239,2567657.1559405457,2637310.279522548,10,False
hzz_sector_cap2_top10,2020-03-31,0.07178136422762114,184309.93352222614,2751967.089462772,2567657.1559405457,10,False
hzz_sector_cap2_top10,2020-04-30,0.04231826540890559,116458.47368845902,2868425.563151231,2751967.089462772,10,False
hzz_sector_cap2_top10,2020-05-31,0.004035919994486343,11576.736083017802,2880002.2992342487,2868425.563151231,10,True
hzz_sector_cap2_top10,2020-06-30,0.0244059992816926,70289.33404638412,2950291.633280633,2880002.2992342487,10,True
hzz_sector_cap2_top10,2020-07-31,0.02903460716975823,85660.55860852759,3035952.191889161,2950291.633280633,10,True
hzz_sector_cap2_top10,2020-08-31,-0.0009626632368662533,-2922.599564015216,3033029.5923251454,3035952.191889161,10,True
hzz_sector_cap2_top10,2020-09-30,-0.0034121301353832578,-10349.091673481826,3022680.5006516636,3033029.5923251454,10,True
hzz_sector_cap2_top10,2020-10-31,0.017130875334568915,51781.162832896,3074461.66348456,3022680.5006516636,10,True
hzz_sector_cap2_top10,2020-11-30,0.016754601203897428,51511.37908835489,3125973.0425729146,3074461.66348456,10,True
hzz_sector_cap2_top10,2020-12-31,-0.002418335796868311,-7559.6525088994285,3118413.390064015,3125973.0425729146,10,True
hzz_sector_cap2_top10,2021-01-31,0.015819794002885156,49332.65744665147,3167746.0475106663,3118413.390064015,10,True
hzz_sector_cap2_top10,2021-02-28,4.4533286035623506e-05,141.0701408220083,3167887.117651488,3167746.0475106663,10,True
hzz_sector_cap2_top10,2021-03-31,0.010047327839029927,31828.80042808407,3199715.9180795723,3167887.117651488,10,True
hzz_sector_cap2_top10,2021-04-30,-6.3955407814809415e-06,-20.463913643231635,3199695.454165929,3199715.9180795723,10,True
hzz_sector_cap2_top10,2021-05-31,-0.001719440514331483,-5501.685997415173,3194193.7681685137,3199695.454165929,10,True
hzz_sector_cap2_top10,2021-06-30,0.0025995222761262676,8303.377854617755,3202497.1460231314,3194193.7681685137,10,True
hzz_sector_cap2_top10,2021-07-31,0.0027091852315363147,8676.157972043064,3211173.3039951744,3202497.1460231314,10,True
hzz_sector_cap2_top10,2021-08-31,-0.023358891752030025,-75009.44960503188,3136163.8543901425,3211173.3039951744,10,True
hzz_sector_cap2_top10,2021-09-30,0.02075676714511055,65096.622854488574,3201260.477244631,3136163.8543901425,10,True
hzz_sector_cap2_top10,2021-10-31,-0.005346806616203718,-17116.520699923065,3184143.956544708,3201260.477244631,10,True
hzz_sector_cap2_top10,2021-11-30,0.008654388268452091,27556.818102583147,3211700.7746472913,3184143.956544708,10,True
hzz_sector_cap2_top10,2021-12-31,-0.007180586214508142,-23061.89430755746,3188638.880339734,3211700.7746472913,10,True
hzz_sector_cap2_top10,2022-01-31,0.0024696049941995138,7874.678503585753,3196513.55884332,3188638.880339734,10,True
hzz_sector_cap2_top10,2022-02-28,0.0004938002581414254,1578.4392205093977,3198091.9980638293,3196513.55884332,10,False
hzz_sector_cap2_top10,2022-03-31,-0.01649078170043283,-52739.036997971656,3145352.9610658577,3198091.9980638293,10,True
hzz_sector_cap2_top10,2022-04-30,0.014365066219522861,45183.203569483354,3190536.164635341,3145352.9610658577,10,False
hzz_sector_cap2_top10,2022-05-31,-0.03798796683384026,-121201.98200433525,3069334.182631006,3190536.164635341,10,False
hzz_sector_cap2_top10,2022-06-30,0.0166730341898793,51175.113767172,3120509.296398178,3069334.182631006,10,False
hzz_sector_cap2_top10,2022-07-31,0.0024321429821732104,7589.524786041091,3128098.8211842193,3120509.296398178,10,False
hzz_sector_cap2_top10,2022-08-31,-0.021604339998184396,-67580.51048078369,3060518.3107034354,3128098.8211842193,10,False
hzz_sector_cap2_top10,2022-09-30,0.042584828586554914,130331.64764731842,3190849.958350754,3060518.3107034354,10,False
hzz_sector_cap2_top10,2022-10-31,0.018331191720976678,58492.08233939812,3249342.040690152,3190849.958350754,10,False
hzz_sector_cap2_top10,2022-11-30,-0.023677158329144438,-76935.18596296602,3172406.854727186,3249342.040690152,10,True
hzz_sector_cap2_top10,2022-12-31,0.0020413407185879123,6475.963288482012,3178882.8180156676,3172406.854727186,10,False
hzz_sector_cap2_top10,2023-01-31,-0.000574038335164056,-1824.8006005353368,3177058.0174151324,3178882.8180156676,10,True
hzz_sector_cap2_top10,2023-02-28,-0.006264041424875594,-19901.223030321515,3157156.794384811,3177058.0174151324,10,True
hzz_sector_cap2_top10,2023-03-31,-0.00937726409925524,-29605.493063704445,3127551.3013211065,3157156.794384811,10,True
hzz_sector_cap2_top10,2023-04-30,0.0332827567651944,104093.5292325376,3231644.8305536443,3127551.3013211065,10,True
hzz_sector_cap2_top10,2023-05-31,0.023494229663682663,75925.00584048017,3307569.8363941247,3231644.8305536443,10,True
hzz_sector_cap2_top10,2023-06-30,0.021433288021278807,70892.0969539293,3378461.933348054,3307569.8363941247,10,True
hzz_sector_cap2_top10,2023-07-31,-0.002120698926933766,-7164.7005967377945,3371297.2327513164,3378461.933348054,10,True
hzz_sector_cap2_top10,2023-08-31,-0.012774002547420405,-43064.95943927668,3328232.2733120397,3371297.2327513164,10,True
hzz_sector_cap2_top10,2023-09-30,-0.012043330318831298,-40083.0006452917,3288149.272666748,3328232.2733120397,10,True
hzz_sector_cap2_top10,2023-10-31,0.019210616324400815,63167.3740945585,3351316.6467613066,3288149.272666748,10,False
hzz_sector_cap2_top10,2023-11-30,0.016734963076078732,56084.16033979846,3407400.807101105,3351316.6467613066,10,True
hzz_sector_cap2_top10,2023-12-31,0.01621464816359806,55249.80523950448,3462650.6123406095,3407400.807101105,10,True
hzz_sector_cap2_top10,2024-01-31,0.049604646952739695,171763.56114584385,3634414.1734864535,3462650.6123406095,10,True
hzz_sector_cap2_top10,2024-02-29,0.016790876808935852,61025.000659661455,3695439.174146115,3634414.1734864535,10,True
hzz_sector_cap2_top10,2024-03-31,-0.014527987639430352,-53687.29464426146,3641751.8795018536,3695439.174146115,10,True
hzz_sector_cap2_top10,2024-04-30,0.026018276865437107,94752.10867610518,3736503.988177959,3641751.8795018536,10,True
hzz_sector_cap2_top10,2024-05-31,0.0059979968218266365,22411.53904583395,3758915.527223793,3736503.988177959,10,True
hzz_sector_cap2_top10,2024-06-30,0.00033853610909198725,1272.5286369917987,3760188.055860785,3758915.527223793,10,True
hzz_sector_cap2_top10,2024-07-31,-0.003837822996485301,-14430.936191891875,3745757.119668893,3760188.055860785,10,True
hzz_sector_cap2_top10,2024-08-31,0.027970787152362158,104771.77511870375,3850528.894787597,3745757.119668893,10,True
hzz_sector_cap2_top10,2024-09-30,-0.011546960163942245,-44461.90375822094,3806066.991029376,3850528.894787597,10,True
hzz_sector_cap2_top10,2024-10-31,0.04000474155611523,152260.72632139132,3958327.7173507675,3806066.991029376,10,True
hzz_sector_cap2_top10,2024-11-30,-0.028110332322543643,-111269.90757626567,3847057.8097745017,3958327.7173507675,10,True
hzz_sector_cap2_top10,2024-12-31,0.013360433038240157,51398.35826173107,3898456.1680362327,3847057.8097745017,10,True
hzz_sector_cap2_top10,2025-01-31,-0.007419488318800512,-28924.550000100637,3869531.618036132,3898456.1680362327,10,True
hzz_sector_cap2_top10,2025-02-28,-0.007878041125230719,-30484.329222269214,3839047.2888138625,3869531.618036132,10,True
hzz_sector_cap2_top10,2025-03-31,-0.0040793738150962065,-15660.908984903355,3823386.3798289592,3839047.2888138625,10,False
hzz_sector_cap2_top10,2025-04-30,0.014393505472561914,55031.93278178681,3878418.312610746,3823386.3798289592,10,False
hzz_sector_cap2_top10,2025-05-31,0.007566140499706858,29344.6578698489,3907762.970480595,3878418.312610746,10,True
hzz_sector_cap2_top10,2025-06-30,0.0036426270521034603,14234.52310948079,3921997.4935900755,3907762.970480595,10,True
hzz_sector_cap2_top10,2025-07-31,0.014379688172182778,56397.10096990771,3978394.5945599834,3921997.4935900755,10,True
hzz_sector_cap2_top10,2025-08-31,0.025844975437900788,102821.51057868003,4081216.105138663,3978394.5945599834,10,True
hzz_sector_cap2_top10,2025-09-30,0.00709016839883613,28936.509457475222,4110152.6145961382,4081216.105138663,10,True
hzz_sector_cap2_top10,2025-10-31,-0.0015518619775397099,-6378.389564477172,4103774.225031661,4110152.6145961382,10,True
hzz_sector_cap2_top10,2025-11-30,-0.005733720216246999,-23529.893236977394,4080244.3317946834,4103774.225031661,10,True
hzz_sector_cap2_top10,2025-12-31,0.002897941414648345,11824.309030991975,4092068.6408256753,4080244.3317946834,10,True
hzz_sector_cap2_top10,2026-01-31,0.027697739225558272,113341.05010667423,4205409.690932349,4092068.6408256753,10,True
hzz_sector_cap2_top10,2026-02-28,-0.019306867240023708,-81193.28659274,4124216.404339609,4205409.690932349,10,True
hzz_sector_cap2_top10,2026-03-31,0.035579263236521066,146736.58109437735,4270952.985433986,4124216.404339609,10,False
hzz_sector_cap2_top10,2026-04-30,0.011556165181351111,49355.83818145981,4320308.823615447,4270952.985433986,10,True
hzz_sector_cap2_top10,2026-05-31,0.0,0.0,4320308.823615447,4320308.823615447,0,True
hzz_vol_penalty_top10,2006-06-30,0.0,0.0,1000000.0,1000000.0,0,False
hzz_vol_penalty_top10,2006-07-31,0.0,0.0,1000000.0,1000000.0,0,False
hzz_vol_penalty_top10,2006-08-31,0.0,0.0,1000000.0,1000000.0,0,False
hzz_vol_penalty_top10,2006-09-30,0.0,0.0,1000000.0,1000000.0,0,False
hzz_vol_penalty_top10,2006-10-31,0.0,0.0,1000000.0,1000000.0,0,False
hzz_vol_penalty_top10,2006-11-30,0.0,0.0,1000000.0,1000000.0,0,False
hzz_vol_penalty_top10,2006-12-31,0.0,0.0,1000000.0,1000000.0,0,False
hzz_vol_penalty_top10,2007-01-31,0.0,0.0,1000000.0,1000000.0,0,False
hzz_vol_penalty_top10,2007-02-28,0.0,0.0,1000000.0,1000000.0,0,False
hzz_vol_penalty_top10,2007-03-31,0.0,0.0,1000000.0,1000000.0,0,True
hzz_vol_penalty_top10,2007-04-30,0.0,0.0,1000000.0,1000000.0,0,True
hzz_vol_penalty_top10,2007-05-31,0.0,0.0,1000000.0,1000000.0,0,True
hzz_vol_penalty_top10,2007-06-30,0.0,0.0,1000000.0,1000000.0,0,True
hzz_vol_penalty_top10,2007-07-31,0.0,0.0,1000000.0,1000000.0,0,True
hzz_vol_penalty_top10,2007-08-31,0.0,0.0,1000000.0,1000000.0,0,True
hzz_vol_penalty_top10,2007-09-30,0.0,0.0,1000000.0,1000000.0,0,True
hzz_vol_penalty_top10,2007-10-31,0.0,0.0,1000000.0,1000000.0,0,True
hzz_vol_penalty_top10,2007-11-30,0.0,0.0,1000000.0,1000000.0,0,False
hzz_vol_penalty_top10,2007-12-31,0.0,0.0,1000000.0,1000000.0,0,False
hzz_vol_penalty_top10,2008-01-31,0.0,0.0,1000000.0,1000000.0,0,False
hzz_vol_penalty_top10,2008-02-29,0.0,0.0,1000000.0,1000000.0,0,False
hzz_vol_penalty_top10,2008-03-31,0.0,0.0,1000000.0,1000000.0,0,False
hzz_vol_penalty_top10,2008-04-30,0.0,0.0,1000000.0,1000000.0,0,False
hzz_vol_penalty_top10,2008-05-31,0.0,0.0,1000000.0,1000000.0,0,False
hzz_vol_penalty_top10,2008-06-30,0.0,0.0,1000000.0,1000000.0,0,False
hzz_vol_penalty_top10,2008-07-31,0.0,0.0,1000000.0,1000000.0,0,False
hzz_vol_penalty_top10,2008-08-31,0.0,0.0,1000000.0,1000000.0,0,False
hzz_vol_penalty_top10,2008-09-30,0.0,0.0,1000000.0,1000000.0,0,False
hzz_vol_penalty_top10,2008-10-31,0.0,0.0,1000000.0,1000000.0,0,False
hzz_vol_penalty_top10,2008-11-30,0.0,0.0,1000000.0,1000000.0,0,False
hzz_vol_penalty_top10,2008-12-31,0.0,0.0,1000000.0,1000000.0,0,False
hzz_vol_penalty_top10,2009-01-31,0.0,0.0,1000000.0,1000000.0,0,False
hzz_vol_penalty_top10,2009-02-28,0.0,0.0,1000000.0,1000000.0,0,False
hzz_vol_penalty_top10,2009-03-31,0.0,0.0,1000000.0,1000000.0,0,False
hzz_vol_penalty_top10,2009-04-30,0.0,0.0,1000000.0,1000000.0,0,False
hzz_vol_penalty_top10,2009-05-31,0.0,0.0,1000000.0,1000000.0,0,False
hzz_vol_penalty_top10,2009-06-30,0.0,0.0,1000000.0,1000000.0,0,True
hzz_vol_penalty_top10,2009-07-31,0.0,0.0,1000000.0,1000000.0,0,True
hzz_vol_penalty_top10,2009-08-31,0.0,0.0,1000000.0,1000000.0,0,True
hzz_vol_penalty_top10,2009-09-30,0.0,0.0,1000000.0,1000000.0,0,True
hzz_vol_penalty_top10,2009-10-31,0.0,0.0,1000000.0,1000000.0,0,True
hzz_vol_penalty_top10,2009-11-30,0.0,0.0,1000000.0,1000000.0,0,True
hzz_vol_penalty_top10,2009-12-31,0.0,0.0,1000000.0,1000000.0,0,True
hzz_vol_penalty_top10,2010-01-31,0.0,0.0,1000000.0,1000000.0,0,True
hzz_vol_penalty_top10,2010-02-28,0.0,0.0,1000000.0,1000000.0,0,True
hzz_vol_penalty_top10,2010-03-31,0.0,0.0,1000000.0,1000000.0,0,True
hzz_vol_penalty_top10,2010-04-30,0.0,0.0,1000000.0,1000000.0,0,True
hzz_vol_penalty_top10,2010-05-31,0.0,0.0,1000000.0,1000000.0,0,False
hzz_vol_penalty_top10,2010-06-30,0.0,0.0,1000000.0,1000000.0,0,False
hzz_vol_penalty_top10,2010-07-31,0.0,0.0,1000000.0,1000000.0,0,True
hzz_vol_penalty_top10,2010-08-31,0.0,0.0,1000000.0,1000000.0,0,False
hzz_vol_penalty_top10,2010-09-30,0.0,0.0,1000000.0,1000000.0,0,True
hzz_vol_penalty_top10,2010-10-31,0.0,0.0,1000000.0,1000000.0,0,True
hzz_vol_penalty_top10,2010-11-30,-0.01950869546072229,-19508.69546072229,980491.3045392777,1000000.0,10,True
hzz_vol_penalty_top10,2010-12-31,0.0028124557985746727,2757.588454903537,983248.8929941813,980491.3045392777,9,True
hzz_vol_penalty_top10,2011-01-31,0.04477910538160331,44029.00579573124,1027277.8987899125,983248.8929941813,9,True
hzz_vol_penalty_top10,2011-02-28,0.021473155298967185,22058.897855912484,1049336.796645825,1027277.8987899125,10,True
hzz_vol_penalty_top10,2011-03-31,0.01183433039498321,12418.198347120002,1061754.994992945,1049336.796645825,10,True
hzz_vol_penalty_top10,2011-04-30,-0.007870479605178659,-8356.521033788544,1053398.4739591565,1061754.994992945,10,True
hzz_vol_penalty_top10,2011-05-31,-0.027297701473572397,-28755.357074853782,1024643.1168843028,1053398.4739591565,10,True
hzz_vol_penalty_top10,2011-06-30,-0.012510275317801647,-12818.567494713041,1011824.5493895898,1024643.1168843028,10,True
hzz_vol_penalty_top10,2011-07-31,-0.09030921862363335,-91377.08443958376,920447.464950006,1011824.5493895898,10,True
hzz_vol_penalty_top10,2011-08-31,-0.03931277078389368,-36185.3402081956,884262.1247418104,920447.464950006,9,False
hzz_vol_penalty_top10,2011-09-30,0.10750418629514712,95061.8801919862,979324.0049337966,884262.1247418104,8,False
hzz_vol_penalty_top10,2011-10-31,0.05482564669839149,53692.07189775413,1033016.0768315507,979324.0049337966,9,False
hzz_vol_penalty_top10,2011-11-30,0.012090802463603188,12489.993326696613,1045506.0701582473,1033016.0768315507,10,False
hzz_vol_penalty_top10,2011-12-31,0.024986166688503956,26123.188942816676,1071629.259101064,1045506.0701582473,10,False
hzz_vol_penalty_top10,2012-01-31,0.04365553805401245,46782.551900479666,1118411.8110015437,1071629.259101064,10,True
hzz_vol_penalty_top10,2012-02-29,0.03679549554665897,41152.5168110381,1159564.3278125818,1118411.8110015437,10,True
hzz_vol_penalty_top10,2012-03-31,0.03367263575464765,39045.58724451591,1198609.9150570978,1159564.3278125818,10,True
hzz_vol_penalty_top10,2012-04-30,-0.013394295852018323,-16054.53581343732,1182555.3792436605,1198609.9150570978,10,True
hzz_vol_penalty_top10,2012-05-31,0.03886529529086647,45960.36401210745,1228515.743255768,1182555.3792436605,10,True
hzz_vol_penalty_top10,2012-06-30,0.011845746916494756,14552.686577537277,1243068.4298333053,1228515.743255768,10,True
hzz_vol_penalty_top10,2012-07-31,0.008160825950691062,10144.46510066843,1253212.8949339737,1243068.4298333053,10,True
hzz_vol_penalty_top10,2012-08-31,0.005694443152667134,7136.349588390923,1260349.2445223646,1253212.8949339737,10,True
hzz_vol_penalty_top10,2012-09-30,-0.009413607730068095,-11864.433390821216,1248484.8111315432,1260349.2445223646,10,True
hzz_vol_penalty_top10,2012-10-31,0.023938697974676956,29887.100819649615,1278371.911951193,1248484.8111315432,10,True
hzz_vol_penalty_top10,2012-11-30,-0.010871112478170044,-13897.32484375471,1264474.5871074381,1278371.911951193,10,True
hzz_vol_penalty_top10,2012-12-31,0.0067568931231597506,8543.919642036513,1273018.5067494747,1264474.5871074381,10,True
hzz_vol_penalty_top10,2013-01-31,-0.0055841371990127155,-7108.709998571361,1265909.7967509034,1273018.5067494747,10,True
hzz_vol_penalty_top10,2013-02-28,0.057574039064065566,72883.54008971981,1338793.336840623,1265909.7967509034,10,True
hzz_vol_penalty_top10,2013-03-31,0.0390016674991687,52215.17257356054,1391008.5094141837,1338793.336840623,10,True
hzz_vol_penalty_top10,2013-04-30,0.037918042199005325,52744.31935914251,1443752.8287733262,1391008.5094141837,10,True
hzz_vol_penalty_top10,2013-05-31,-0.0418978155556514,-60490.08972789478,1383262.7390454314,1443752.8287733262,10,True
hzz_vol_penalty_top10,2013-06-30,0.06217494540383576,86004.28527931,1469267.0243247414,1383262.7390454314,10,True
hzz_vol_penalty_top10,2013-07-31,-0.03406464571739302,-50050.06064787059,1419216.9636768708,1469267.0243247414,10,True
hzz_vol_penalty_top10,2013-08-31,0.01456298473109825,20668.03497214189,1439884.9986490128,1419216.9636768708,10,True
hzz_vol_penalty_top10,2013-09-30,0.02310039595783352,33261.91360253678,1473146.9122515495,1439884.9986490128,10,True
hzz_vol_penalty_top10,2013-10-31,0.050565724826639416,74490.74139412538,1547637.653645675,1473146.9122515495,10,True
hzz_vol_penalty_top10,2013-11-30,0.020418742812934123,31600.815217403855,1579238.4688630789,1547637.653645675,10,True
hzz_vol_penalty_top10,2013-12-31,0.0005117592182269592,808.1898442193092,1580046.658707298,1579238.4688630789,10,True
hzz_vol_penalty_top10,2014-01-31,0.04126620842720904,65202.534742930584,1645249.1934502288,1580046.658707298,10,True
hzz_vol_penalty_top10,2014-02-28,-0.002761265069187923,-4542.969127983721,1640706.224322245,1645249.1934502288,10,True
hzz_vol_penalty_top10,2014-03-31,-0.004783788925031167,-7848.792265142457,1632857.4320571024,1640706.224322245,10,True
hzz_vol_penalty_top10,2014-04-30,0.05594453322961669,91349.44686694515,1724206.8789240476,1632857.4320571024,10,True
hzz_vol_penalty_top10,2014-05-31,0.021094570171487775,36371.40299762525,1760578.2819216729,1724206.8789240476,10,True
hzz_vol_penalty_top10,2014-06-30,-0.006795712676830528,-11964.384149007623,1748613.8977726651,1760578.2819216729,10,True
hzz_vol_penalty_top10,2014-07-31,0.04214350811305463,73692.7239873824,1822306.6217600475,1748613.8977726651,10,True
hzz_vol_penalty_top10,2014-08-31,-0.000774892783178294,-1412.092249939878,1820894.5295101076,1822306.6217600475,10,True
hzz_vol_penalty_top10,2014-09-30,0.010900588125926732,19848.82128694282,1840743.3507970504,1820894.5295101076,10,True
hzz_vol_penalty_top10,2014-10-31,0.010481726041274668,19294.167515352634,1860037.518312403,1840743.3507970504,10,True
hzz_vol_penalty_top10,2014-11-30,-0.019620532949496994,-36494.92741534912,1823542.590897054,1860037.518312403,10,True
hzz_vol_penalty_top10,2014-12-31,-0.006103963801349883,-11130.837965055396,1812411.7529319986,1823542.590897054,10,True
hzz_vol_penalty_top10,2015-01-31,0.02472422069075397,44810.46816200699,1857222.2210940055,1812411.7529319986,10,True
hzz_vol_penalty_top10,2015-02-28,0.018162460591041176,33731.725399425835,1890953.9464934315,1857222.2210940055,10,True
hzz_vol_penalty_top10,2015-03-31,-0.010343726707955565,-19559.510839858085,1871394.4356535734,1890953.9464934315,10,True
hzz_vol_penalty_top10,2015-04-30,0.0016356080368808245,3060.8677791290397,1874455.3034327023,1871394.4356535734,10,True
hzz_vol_penalty_top10,2015-05-31,-0.011447133919148368,-21457.140883852033,1852998.1625488503,1874455.3034327023,10,True
hzz_vol_penalty_top10,2015-06-30,0.018504771761178273,34289.30807184919,1887287.4706206995,1852998.1625488503,10,True
hzz_vol_penalty_top10,2015-07-31,-0.02408566860638208,-45456.580582347226,1841830.8900383522,1887287.4706206995,10,True
hzz_vol_penalty_top10,2015-08-31,0.005343988120686806,9842.72239667896,1851673.6124350312,1841830.8900383522,10,False
hzz_vol_penalty_top10,2015-09-30,0.05229289637784654,96829.37634065785,1948502.9887756892,1851673.6124350312,10,False
hzz_vol_penalty_top10,2015-10-31,0.0013631807873555643,2656.1618384039143,1951159.150614093,1948502.9887756892,10,True
hzz_vol_penalty_top10,2015-11-30,-0.010899372724860832,-21266.410828065873,1929892.7397860272,1951159.150614093,10,True
hzz_vol_penalty_top10,2015-12-31,0.005995903843550817,11571.451296123858,1941464.1910821511,1929892.7397860272,10,False
hzz_vol_penalty_top10,2016-01-31,0.013978149437100944,27138.07658972661,1968602.2676718778,1941464.1910821511,10,False
hzz_vol_penalty_top10,2016-02-29,0.020437121202608727,40232.56314414056,2008834.8308160184,1968602.2676718778,10,False
hzz_vol_penalty_top10,2016-03-31,-0.00617412351044166,-12402.794357535275,1996432.0364584832,2008834.8308160184,10,True
hzz_vol_penalty_top10,2016-04-30,0.007800539071869911,15573.246104727212,2012005.2825632105,1996432.0364584832,10,True
hzz_vol_penalty_top10,2016-05-31,0.020173894673310495,40589.98265257453,2052595.265215785,2012005.2825632105,10,True
hzz_vol_penalty_top10,2016-06-30,0.0058869688741960595,12083.564437647532,2064678.8296534326,2052595.265215785,10,True
hzz_vol_penalty_top10,2016-07-31,0.001426466213328029,2945.1945918742786,2067624.0242453068,2064678.8296534326,10,True
hzz_vol_penalty_top10,2016-08-31,-0.004115334897022038,-8508.965300897853,2059115.058944409,2067624.0242453068,10,True
hzz_vol_penalty_top10,2016-09-30,-0.009803051942856932,-20185.611879150954,2038929.4470652582,2059115.058944409,10,True
hzz_vol_penalty_top10,2016-10-31,0.012834381925856448,26168.39924351083,2065097.846308769,2038929.4470652582,10,True
hzz_vol_penalty_top10,2016-11-30,-0.001854029875024571,-3828.7531019053577,2061269.0932068636,2065097.846308769,10,True
hzz_vol_penalty_top10,2016-12-31,0.005241524063130311,10804.191552630571,2072073.2847594942,2061269.0932068636,10,True
hzz_vol_penalty_top10,2017-01-31,0.022540485907534224,46705.53867449953,2118778.823433994,2072073.2847594942,10,True
hzz_vol_penalty_top10,2017-02-28,-0.0011041348582737972,-2339.4175559258156,2116439.405878068,2118778.823433994,10,True
hzz_vol_penalty_top10,2017-03-31,0.005346666316574302,11315.895282478794,2127755.301160547,2116439.405878068,10,True
hzz_vol_penalty_top10,2017-04-30,0.020703161524315238,44051.26168414482,2171806.562844692,2127755.301160547,10,True
hzz_vol_penalty_top10,2017-05-31,-0.0018255134780799996,-3964.6621522555824,2167841.9006924364,2171806.562844692,10,True
hzz_vol_penalty_top10,2017-06-30,-0.0007748130498471052,-1679.672194661852,2166162.2284977743,2167841.9006924364,10,True
hzz_vol_penalty_top10,2017-07-31,0.000670321796206459,1452.0257558812143,2167614.2542536557,2166162.2284977743,10,True
hzz_vol_penalty_top10,2017-08-31,0.009265304439195373,20083.605972399564,2187697.860226055,2167614.2542536557,10,True
hzz_vol_penalty_top10,2017-09-30,0.003880492044954603,8489.344143371414,2196187.2043694267,2187697.860226055,10,True
hzz_vol_penalty_top10,2017-10-31,0.025761746767182958,56577.61861229266,2252764.8229817194,2196187.2043694267,10,True
hzz_vol_penalty_top10,2017-11-30,0.002236396955586489,5038.076391768654,2257802.899373488,2252764.8229817194,10,True
hzz_vol_penalty_top10,2017-12-31,0.01622856442576097,36640.89981315256,2294443.7991866404,2257802.899373488,10,True
hzz_vol_penalty_top10,2018-01-31,-0.011904737363072843,-27314.750823648003,2267129.0483629922,2294443.7991866404,10,True
hzz_vol_penalty_top10,2018-02-28,-0.010729178986252136,-24324.43334481802,2242804.615018174,2267129.0483629922,10,True
hzz_vol_penalty_top10,2018-03-31,-0.004701146586701318,-10543.753260530653,2232260.8617576435,2242804.615018174,10,True
hzz_vol_penalty_top10,2018-04-30,0.03352287174982787,74831.79458086172,2307092.6563385054,2232260.8617576435,10,True
hzz_vol_penalty_top10,2018-05-31,-0.007631034565817273,-17605.503807062327,2289487.152531443,2307092.6563385054,10,True
hzz_vol_penalty_top10,2018-06-30,0.012103519164698172,27710.85162799457,2317198.004159438,2289487.152531443,10,True
hzz_vol_penalty_top10,2018-07-31,0.030090875676385638,69726.51706073058,2386924.5212201686,2317198.004159438,10,True
hzz_vol_penalty_top10,2018-08-31,-0.008579682891505028,-20479.05547802651,2366445.465742142,2386924.5212201686,10,True
hzz_vol_penalty_top10,2018-09-30,-0.056234485147417926,-133075.84239545098,2233369.623346691,2366445.465742142,10,True
hzz_vol_penalty_top10,2018-10-31,0.004629420138650673,10339.20631137184,2243708.8296580627,2233369.623346691,10,False
hzz_vol_penalty_top10,2018-11-30,-0.032767468871324444,-73520.65923213637,2170188.1704259263,2243708.8296580627,10,True
hzz_vol_penalty_top10,2018-12-31,0.01645808087491017,35717.132422643226,2205905.3028485696,2170188.1704259263,10,False
hzz_vol_penalty_top10,2019-01-31,0.017993969202922733,39692.992084021105,2245598.294932591,2205905.3028485696,10,False
hzz_vol_penalty_top10,2019-02-28,0.018100942460877973,40647.44552682051,2286245.7404594114,2245598.294932591,10,True
hzz_vol_penalty_top10,2019-03-31,0.016119401383376027,36852.91275149899,2323098.6532109105,2286245.7404594114,10,True
hzz_vol_penalty_top10,2019-04-30,-0.02571992528786453,-59749.92379692332,2263348.729413987,2323098.6532109105,10,True
hzz_vol_penalty_top10,2019-05-31,0.020068215483790956,45421.37001684436,2308770.0994308316,2263348.729413987,10,False
hzz_vol_penalty_top10,2019-06-30,0.0032634929503273023,7534.654943418984,2316304.754374251,2308770.0994308316,10,True
hzz_vol_penalty_top10,2019-07-31,0.011557891259060732,26771.59847390297,2343076.3528481536,2316304.754374251,10,True
hzz_vol_penalty_top10,2019-08-31,-0.017145407533722973,-40172.99895221088,2302903.3538959427,2343076.3528481536,10,True
hzz_vol_penalty_top10,2019-09-30,0.007090025335710553,16327.643124815038,2319230.9970207578,2302903.3538959427,10,True
hzz_vol_penalty_top10,2019-10-31,0.007537988236579119,17482.335973452133,2336713.33299421,2319230.9970207578,10,True
hzz_vol_penalty_top10,2019-11-30,0.012618966180829687,29486.906523347756,2366200.239517558,2336713.33299421,10,True
hzz_vol_penalty_top10,2019-12-31,0.01310586369118714,31011.097805171474,2397211.337322729,2366200.239517558,10,True
hzz_vol_penalty_top10,2020-01-31,-0.03546933265086197,-85027.48635791756,2312183.8509648116,2397211.337322729,10,True
hzz_vol_penalty_top10,2020-02-29,-0.04451208511292408,-102920.12437087425,2209263.7265939373,2312183.8509648116,10,False
hzz_vol_penalty_top10,2020-03-31,0.08337788778829526,184203.74309070033,2393467.4696846376,2209263.7265939373,10,False
hzz_vol_penalty_top10,2020-04-30,0.04095905616991956,98034.16853168831,2491501.638216326,2393467.4696846376,10,False
hzz_vol_penalty_top10,2020-05-31,0.0001504979824405979,374.9659697990015,2491876.604186125,2491501.638216326,10,True
hzz_vol_penalty_top10,2020-06-30,0.024936672469678126,62139.110713443166,2554015.7148995684,2491876.604186125,10,True
hzz_vol_penalty_top10,2020-07-31,0.01895125356745559,48401.799428328086,2602417.5143278963,2554015.7148995684,10,True
hzz_vol_penalty_top10,2020-08-31,-0.018480893449775323,-48095.000794123,2554322.5135337734,2602417.5143278963,10,True
hzz_vol_penalty_top10,2020-09-30,-1.003874759647914e-05,-25.642198993369725,2554296.87133478,2554322.5135337734,10,True
hzz_vol_penalty_top10,2020-10-31,0.013741296523314043,35099.35071758455,2589396.2220523646,2554296.87133478,10,True
hzz_vol_penalty_top10,2020-11-30,0.008201281088043877,21236.36626537032,2610632.588317735,2589396.2220523646,10,True
hzz_vol_penalty_top10,2020-12-31,-0.004237427837285102,-11062.367202661228,2599570.221115074,2610632.588317735,10,True
hzz_vol_penalty_top10,2021-01-31,0.002359372992866904,6133.355772759952,2605703.576887834,2599570.221115074,10,True
hzz_vol_penalty_top10,2021-02-28,-0.010627418290366829,-27691.901852292034,2578011.675035542,2605703.576887834,10,True
hzz_vol_penalty_top10,2021-03-31,0.024971509338345358,64376.84261751339,2642388.5176530555,2578011.675035542,10,True
hzz_vol_penalty_top10,2021-04-30,-0.0013329709148646284,-3522.2270398037826,2638866.2906132517,2642388.5176530555,10,True
hzz_vol_penalty_top10,2021-05-31,-0.0007239647638063764,-1910.4462108004316,2636955.8444024515,2638866.2906132517,10,True
hzz_vol_penalty_top10,2021-06-30,0.005120632870783952,13502.882775653046,2650458.7271781047,2636955.8444024515,10,True
hzz_vol_penalty_top10,2021-07-31,-0.0004998800047101278,-1324.9113210257901,2649133.815857079,2650458.7271781047,10,True
hzz_vol_penalty_top10,2021-08-31,-0.018736817858804294,-49636.337791313286,2599497.4780657655,2649133.815857079,10,True
hzz_vol_penalty_top10,2021-09-30,0.020672429125843435,53737.927378123284,2653235.4054438886,2599497.4780657655,10,True
hzz_vol_penalty_top10,2021-10-31,-0.00033794976147321043,-896.6602724020389,2652338.7451714864,2653235.4054438886,10,True
hzz_vol_penalty_top10,2021-11-30,0.013924167721453806,36931.609541878104,2689270.3547133645,2652338.7451714864,10,True
hzz_vol_penalty_top10,2021-12-31,-0.028768744961580824,-77366.93296748878,2611903.421745876,2689270.3547133645,10,True
hzz_vol_penalty_top10,2022-01-31,-0.022727156265957935,-59361.13721760875,2552542.284528267,2611903.421745876,10,True
hzz_vol_penalty_top10,2022-02-28,0.009084394991806893,23188.302345943914,2575730.586874211,2552542.284528267,10,False
hzz_vol_penalty_top10,2022-03-31,-0.015091605102864163,-38871.90886847415,2536858.6780057373,2575730.586874211,10,True
hzz_vol_penalty_top10,2022-04-30,0.037863538517481025,96054.44626807622,2632913.1242738133,2536858.6780057373,10,False
hzz_vol_penalty_top10,2022-05-31,-0.05249277825841149,-138208.9248061667,2494704.1994676464,2632913.1242738133,10,False
hzz_vol_penalty_top10,2022-06-30,0.008112487884261553,20238.2575929977,2514942.457060644,2494704.1994676464,10,False
hzz_vol_penalty_top10,2022-07-31,-0.010940605626661305,-27514.99359644709,2487427.463464197,2514942.457060644,10,False
hzz_vol_penalty_top10,2022-08-31,-0.023184344572868592,-57669.37541297044,2429758.0880512265,2487427.463464197,10,False
hzz_vol_penalty_top10,2022-09-30,0.049014278191262695,119092.83886521337,2548850.92691644,2429758.0880512265,10,False
hzz_vol_penalty_top10,2022-10-31,0.02895214342748978,73794.69761137504,2622645.6245278153,2548850.92691644,10,False
hzz_vol_penalty_top10,2022-11-30,-0.027208205213466882,-71357.48035435381,2551288.1441734615,2622645.6245278153,10,True
hzz_vol_penalty_top10,2022-12-31,0.016655933789585575,42494.086407507835,2593782.2305809692,2551288.1441734615,10,False
hzz_vol_penalty_top10,2023-01-31,-0.01306163119354174,-33879.02689221066,2559903.2036887584,2593782.2305809692,10,True
hzz_vol_penalty_top10,2023-02-28,0.008418094523637416,21549.50714001421,2581452.7108287727,2559903.2036887584,10,True
hzz_vol_penalty_top10,2023-03-31,0.0003088231226005003,797.2122870036679,2582249.9231157764,2581452.7108287727,10,True
hzz_vol_penalty_top10,2023-04-30,-0.018675675093838443,-48225.26057519954,2534024.662540577,2582249.9231157764,10,True
hzz_vol_penalty_top10,2023-05-31,0.0306460807185642,77657.92435105093,2611682.586891628,2534024.662540577,10,True
hzz_vol_penalty_top10,2023-06-30,0.01810284635349988,47278.88859461024,2658961.475486238,2611682.586891628,10,True
hzz_vol_penalty_top10,2023-07-31,-0.005951419205460136,-15824.594391787417,2643136.8810944506,2658961.475486238,10,True
hzz_vol_penalty_top10,2023-08-31,-0.021484730661514215,-56787.08399182899,2586349.7971026218,2643136.8810944506,10,True
hzz_vol_penalty_top10,2023-09-30,-0.01252420358433968,-32391.97139922886,2553957.8257033927,2586349.7971026218,10,True
hzz_vol_penalty_top10,2023-10-31,0.0368801065646161,94190.23677347635,2648148.062476869,2553957.8257033927,10,False
hzz_vol_penalty_top10,2023-11-30,0.017444517286846647,46195.664654007196,2694343.7271308764,2648148.062476869,10,True
hzz_vol_penalty_top10,2023-12-31,0.022319392882157802,60136.1162054114,2754479.843336288,2694343.7271308764,10,True
hzz_vol_penalty_top10,2024-01-31,0.03729719968904811,102734.3847563715,2857214.2280926593,2754479.843336288,10,True
hzz_vol_penalty_top10,2024-02-29,0.02299290624287116,65695.65886233201,2922909.886954991,2857214.2280926593,10,True
hzz_vol_penalty_top10,2024-03-31,-0.008483879402203052,-24797.6149844331,2898112.271970558,2922909.886954991,10,True
hzz_vol_penalty_top10,2024-04-30,0.037777746461743575,109484.15062817138,3007596.4225987294,2898112.271970558,10,True
hzz_vol_penalty_top10,2024-05-31,0.0015792787162419494,4749.833017255601,3012346.255615985,3007596.4225987294,10,True
hzz_vol_penalty_top10,2024-06-30,0.012883993691644648,38811.050154405726,3051157.3057703907,3012346.255615985,10,True
hzz_vol_penalty_top10,2024-07-31,0.019122055332741326,58344.39882983935,3109501.70460023,3051157.3057703907,10,True
hzz_vol_penalty_top10,2024-08-31,0.012279601308055405,38183.4411992095,3147685.1457994394,3109501.70460023,10,True
hzz_vol_penalty_top10,2024-09-30,-0.0014094073377137813,-4436.370541302404,3143248.775258137,3147685.1457994394,10,True
hzz_vol_penalty_top10,2024-10-31,0.03724762100330636,117078.53909992197,3260327.314358059,3143248.775258137,10,True
hzz_vol_penalty_top10,2024-11-30,-0.023744913863387965,-77416.19124588312,3182911.1231121756,3260327.314358059,10,True
hzz_vol_penalty_top10,2024-12-31,0.004141363424810748,13181.591709680062,3196092.7148218555,3182911.1231121756,10,True
hzz_vol_penalty_top10,2025-01-31,0.0012157297974509434,3885.5851488248104,3199978.2999706804,3196092.7148218555,10,True
hzz_vol_penalty_top10,2025-02-28,-0.012564262427481493,-40205.36712307772,3159772.9328476028,3199978.2999706804,10,True
hzz_vol_penalty_top10,2025-03-31,-0.005565973124501892,-17587.21122375828,3142185.7216238445,3159772.9328476028,10,False
hzz_vol_penalty_top10,2025-04-30,0.007587403885958505,23841.032154652086,3166026.7537784968,3142185.7216238445,10,False
hzz_vol_penalty_top10,2025-05-31,-0.003691371542644951,-11686.981062150515,3154339.772716346,3166026.7537784968,10,True
hzz_vol_penalty_top10,2025-06-30,-0.005711904309296015,-18017.28694076231,3136322.485775584,3154339.772716346,10,True
hzz_vol_penalty_top10,2025-07-31,0.008209421214374638,25747.392349846275,3162069.87812543,3136322.485775584,10,True
hzz_vol_penalty_top10,2025-08-31,0.01637469101211693,51777.91721302615,3213847.795338456,3162069.87812543,10,True
hzz_vol_penalty_top10,2025-09-30,-0.0064637965732904906,-20773.65836658591,3193074.13697187,3213847.795338456,10,True
hzz_vol_penalty_top10,2025-10-31,0.014114144301640898,45067.50913505845,3238141.6461069286,3193074.13697187,10,True
hzz_vol_penalty_top10,2025-11-30,-0.008513910253483413,-27569.247363021434,3210572.398743907,3238141.6461069286,10,True
hzz_vol_penalty_top10,2025-12-31,0.033526481829277616,107639.19718806785,3318211.5959319747,3210572.398743907,10,True
hzz_vol_penalty_top10,2026-01-31,0.02506234226594503,83162.15472807485,3401373.7506600497,3318211.5959319747,10,True
hzz_vol_penalty_top10,2026-02-28,-0.019618287953539343,-66729.12967805899,3334644.620981991,3401373.7506600497,10,True
hzz_vol_penalty_top10,2026-03-31,0.03707594836942685,123635.11179791525,3458279.732779906,3334644.620981991,10,False
hzz_vol_penalty_top10,2026-04-30,0.04360160460162509,150786.54551048315,3609066.278290389,3458279.732779906,10,True
hzz_vol_penalty_top10,2026-05-31,0.0,0.0,3609066.278290389,3609066.278290389,0,True
hzz_sector_cap2_vol_penalty_top10,2006-06-30,0.0,0.0,1000000.0,1000000.0,0,False
hzz_sector_cap2_vol_penalty_top10,2006-07-31,0.0,0.0,1000000.0,1000000.0,0,False
hzz_sector_cap2_vol_penalty_top10,2006-08-31,0.0,0.0,1000000.0,1000000.0,0,False
hzz_sector_cap2_vol_penalty_top10,2006-09-30,0.0,0.0,1000000.0,1000000.0,0,False
hzz_sector_cap2_vol_penalty_top10,2006-10-31,0.0,0.0,1000000.0,1000000.0,0,False
hzz_sector_cap2_vol_penalty_top10,2006-11-30,0.0,0.0,1000000.0,1000000.0,0,False
hzz_sector_cap2_vol_penalty_top10,2006-12-31,0.0,0.0,1000000.0,1000000.0,0,False
hzz_sector_cap2_vol_penalty_top10,2007-01-31,0.0,0.0,1000000.0,1000000.0,0,False
hzz_sector_cap2_vol_penalty_top10,2007-02-28,0.0,0.0,1000000.0,1000000.0,0,False
hzz_sector_cap2_vol_penalty_top10,2007-03-31,0.0,0.0,1000000.0,1000000.0,0,True
hzz_sector_cap2_vol_penalty_top10,2007-04-30,0.0,0.0,1000000.0,1000000.0,0,True
hzz_sector_cap2_vol_penalty_top10,2007-05-31,0.0,0.0,1000000.0,1000000.0,0,True
hzz_sector_cap2_vol_penalty_top10,2007-06-30,0.0,0.0,1000000.0,1000000.0,0,True
hzz_sector_cap2_vol_penalty_top10,2007-07-31,0.0,0.0,1000000.0,1000000.0,0,True
hzz_sector_cap2_vol_penalty_top10,2007-08-31,0.0,0.0,1000000.0,1000000.0,0,True
hzz_sector_cap2_vol_penalty_top10,2007-09-30,0.0,0.0,1000000.0,1000000.0,0,True
hzz_sector_cap2_vol_penalty_top10,2007-10-31,0.0,0.0,1000000.0,1000000.0,0,True
hzz_sector_cap2_vol_penalty_top10,2007-11-30,0.0,0.0,1000000.0,1000000.0,0,False
hzz_sector_cap2_vol_penalty_top10,2007-12-31,0.0,0.0,1000000.0,1000000.0,0,False
hzz_sector_cap2_vol_penalty_top10,2008-01-31,0.0,0.0,1000000.0,1000000.0,0,False
hzz_sector_cap2_vol_penalty_top10,2008-02-29,0.0,0.0,1000000.0,1000000.0,0,False
hzz_sector_cap2_vol_penalty_top10,2008-03-31,0.0,0.0,1000000.0,1000000.0,0,False
hzz_sector_cap2_vol_penalty_top10,2008-04-30,0.0,0.0,1000000.0,1000000.0,0,False
hzz_sector_cap2_vol_penalty_top10,2008-05-31,0.0,0.0,1000000.0,1000000.0,0,False
hzz_sector_cap2_vol_penalty_top10,2008-06-30,0.0,0.0,1000000.0,1000000.0,0,False
hzz_sector_cap2_vol_penalty_top10,2008-07-31,0.0,0.0,1000000.0,1000000.0,0,False
hzz_sector_cap2_vol_penalty_top10,2008-08-31,0.0,0.0,1000000.0,1000000.0,0,False
hzz_sector_cap2_vol_penalty_top10,2008-09-30,0.0,0.0,1000000.0,1000000.0,0,False
hzz_sector_cap2_vol_penalty_top10,2008-10-31,0.0,0.0,1000000.0,1000000.0,0,False
hzz_sector_cap2_vol_penalty_top10,2008-11-30,0.0,0.0,1000000.0,1000000.0,0,False
hzz_sector_cap2_vol_penalty_top10,2008-12-31,0.0,0.0,1000000.0,1000000.0,0,False
hzz_sector_cap2_vol_penalty_top10,2009-01-31,0.0,0.0,1000000.0,1000000.0,0,False
hzz_sector_cap2_vol_penalty_top10,2009-02-28,0.0,0.0,1000000.0,1000000.0,0,False
hzz_sector_cap2_vol_penalty_top10,2009-03-31,0.0,0.0,1000000.0,1000000.0,0,False
hzz_sector_cap2_vol_penalty_top10,2009-04-30,0.0,0.0,1000000.0,1000000.0,0,False
hzz_sector_cap2_vol_penalty_top10,2009-05-31,0.0,0.0,1000000.0,1000000.0,0,False
hzz_sector_cap2_vol_penalty_top10,2009-06-30,0.0,0.0,1000000.0,1000000.0,0,True
hzz_sector_cap2_vol_penalty_top10,2009-07-31,0.0,0.0,1000000.0,1000000.0,0,True
hzz_sector_cap2_vol_penalty_top10,2009-08-31,0.0,0.0,1000000.0,1000000.0,0,True
hzz_sector_cap2_vol_penalty_top10,2009-09-30,0.0,0.0,1000000.0,1000000.0,0,True
hzz_sector_cap2_vol_penalty_top10,2009-10-31,0.0,0.0,1000000.0,1000000.0,0,True
hzz_sector_cap2_vol_penalty_top10,2009-11-30,0.0,0.0,1000000.0,1000000.0,0,True
hzz_sector_cap2_vol_penalty_top10,2009-12-31,0.0,0.0,1000000.0,1000000.0,0,True
hzz_sector_cap2_vol_penalty_top10,2010-01-31,0.0,0.0,1000000.0,1000000.0,0,True
hzz_sector_cap2_vol_penalty_top10,2010-02-28,0.0,0.0,1000000.0,1000000.0,0,True
hzz_sector_cap2_vol_penalty_top10,2010-03-31,0.0,0.0,1000000.0,1000000.0,0,True
hzz_sector_cap2_vol_penalty_top10,2010-04-30,0.0,0.0,1000000.0,1000000.0,0,True
hzz_sector_cap2_vol_penalty_top10,2010-05-31,0.0,0.0,1000000.0,1000000.0,0,False
hzz_sector_cap2_vol_penalty_top10,2010-06-30,0.0,0.0,1000000.0,1000000.0,0,False
hzz_sector_cap2_vol_penalty_top10,2010-07-31,0.0,0.0,1000000.0,1000000.0,0,True
hzz_sector_cap2_vol_penalty_top10,2010-08-31,0.0,0.0,1000000.0,1000000.0,0,False
hzz_sector_cap2_vol_penalty_top10,2010-09-30,0.0,0.0,1000000.0,1000000.0,0,True
hzz_sector_cap2_vol_penalty_top10,2010-10-31,0.0,0.0,1000000.0,1000000.0,0,True
hzz_sector_cap2_vol_penalty_top10,2010-11-30,-0.02846968831202641,-28469.68831202641,971530.3116879736,1000000.0,10,True
hzz_sector_cap2_vol_penalty_top10,2010-12-31,0.003739130624980954,3632.6787415297936,975162.9904295034,971530.3116879736,9,True
hzz_sector_cap2_vol_penalty_top10,2011-01-31,0.0684111774303878,66712.04836182031,1041875.0387913237,975162.9904295034,9,True
hzz_sector_cap2_vol_penalty_top10,2011-02-28,0.037178032535721564,38734.86409034,1080609.9028816638,1041875.0387913237,10,True
hzz_sector_cap2_vol_penalty_top10,2011-03-31,0.018821136516742103,20338.30650347922,1100948.209385143,1080609.9028816638,10,True
hzz_sector_cap2_vol_penalty_top10,2011-04-30,-0.007590294404907103,-8356.521033788544,1092591.6883513543,1100948.209385143,10,True
hzz_sector_cap2_vol_penalty_top10,2011-05-31,-0.021158958823314984,-23118.102544522502,1069473.5858068317,1092591.6883513543,10,True
hzz_sector_cap2_vol_penalty_top10,2011-06-30,-0.009793217558686023,-10473.587499074367,1058999.9983077573,1069473.5858068317,10,True
hzz_sector_cap2_vol_penalty_top10,2011-07-31,-0.05380848509276304,-56983.185622179044,1002016.8126855782,1058999.9983077573,10,True
hzz_sector_cap2_vol_penalty_top10,2011-08-31,-0.054725640995274175,-54836.01236225985,947180.8003233185,1002016.8126855782,10,False
hzz_sector_cap2_vol_penalty_top10,2011-09-30,0.0927308125778187,87832.84527208997,1035013.6455954084,947180.8003233185,9,False
hzz_sector_cap2_vol_penalty_top10,2011-10-31,0.06098525839052241,63120.57461435256,1098134.220209761,1035013.6455954084,10,False
hzz_sector_cap2_vol_penalty_top10,2011-11-30,0.023654378620456315,25975.682620921238,1124109.9028306822,1098134.220209761,10,False
hzz_sector_cap2_vol_penalty_top10,2011-12-31,0.03432989379108209,38590.57357368093,1162700.476404363,1124109.9028306822,10,False
hzz_sector_cap2_vol_penalty_top10,2012-01-31,0.03213279492410003,37360.81596645481,1200061.2923708179,1162700.476404363,10,True
hzz_sector_cap2_vol_penalty_top10,2012-02-29,0.03933817481220265,47208.220904641064,1247269.513275459,1200061.2923708179,10,True
hzz_sector_cap2_vol_penalty_top10,2012-03-31,0.044291835506298,55243.856114017,1302513.369389476,1247269.513275459,10,True
hzz_sector_cap2_vol_penalty_top10,2012-04-30,-0.008901566678623256,-11594.409607418665,1290918.9597820574,1302513.369389476,10,True
hzz_sector_cap2_vol_penalty_top10,2012-05-31,0.04208582670641654,54329.39163341518,1345248.3514154726,1290918.9597820574,10,True
hzz_sector_cap2_vol_penalty_top10,2012-06-30,0.004859709458412976,6537.516137288235,1351785.8675527608,1345248.3514154726,10,True
hzz_sector_cap2_vol_penalty_top10,2012-07-31,0.0022868295594967126,3091.3038800295612,1354877.1714327903,1351785.8675527608,10,True
hzz_sector_cap2_vol_penalty_top10,2012-08-31,-0.009630563794294365,-13048.23103291659,1341828.9403998738,1354877.1714327903,10,True
hzz_sector_cap2_vol_penalty_top10,2012-09-30,-0.03165004719205311,-42468.949287318625,1299359.9911125551,1341828.9403998738,10,True
hzz_sector_cap2_vol_penalty_top10,2012-10-31,0.031142070394557287,40464.76031109852,1339824.7514236537,1299359.9911125551,10,True
hzz_sector_cap2_vol_penalty_top10,2012-11-30,-0.005117530240068802,-6856.593681803213,1332968.1577418505,1339824.7514236537,10,True
hzz_sector_cap2_vol_penalty_top10,2012-12-31,0.0064096952297124365,8543.919642036513,1341512.077383887,1332968.1577418505,10,True
hzz_sector_cap2_vol_penalty_top10,2013-01-31,-0.0011550670032464889,-1549.5363350427783,1339962.5410488443,1341512.077383887,10,True
hzz_sector_cap2_vol_penalty_top10,2013-02-28,0.05439222206366369,72883.54008971981,1412846.0811385643,1339962.5410488443,10,True
hzz_sector_cap2_vol_penalty_top10,2013-03-31,0.03260904907610913,46071.5671968359,1458917.6483354003,1412846.0811385643,10,True
hzz_sector_cap2_vol_penalty_top10,2013-04-30,0.03253925563807586,47472.09431408605,1506389.7426494863,1458917.6483354003,10,True
hzz_sector_cap2_vol_penalty_top10,2013-05-31,-0.04150655781591157,-62525.05294657705,1443864.6897029092,1506389.7426494863,10,True
hzz_sector_cap2_vol_penalty_top10,2013-06-30,0.06618647830550915,95564.31896111231,1539429.0086640215,1443864.6897029092,10,True
hzz_sector_cap2_vol_penalty_top10,2013-07-31,-0.034824859091335696,-53610.39830783915,1485818.6103561823,1539429.0086640215,10,True
hzz_sector_cap2_vol_penalty_top10,2013-08-31,0.015128922861405145,22478.83514211887,1508297.4454983012,1485818.6103561823,10,True
hzz_sector_cap2_vol_penalty_top10,2013-09-30,0.015878615245612022,23949.674813006994,1532247.1203113082,1508297.4454983012,10,True
hzz_sector_cap2_vol_penalty_top10,2013-10-31,0.05664802025410203,86798.7659056845,1619045.8862169927,1532247.1203113082,10,True
hzz_sector_cap2_vol_penalty_top10,2013-11-30,0.019518171465319763,31600.815217403855,1650646.7014343967,1619045.8862169927,10,True
hzz_sector_cap2_vol_penalty_top10,2013-12-31,-0.00487450477629175,-8046.085230112188,1642600.6162042846,1650646.7014343967,10,True
hzz_sector_cap2_vol_penalty_top10,2014-01-31,0.038567320056358885,63350.70368992297,1705951.3198942076,1642600.6162042846,10,True
hzz_sector_cap2_vol_penalty_top10,2014-02-28,0.0011480287986258637,1958.4812442923537,1707909.8011385,1705951.3198942076,10,True
hzz_sector_cap2_vol_penalty_top10,2014-03-31,0.0018362843740498988,3136.2080801172974,1711046.0092186173,1707909.8011385,10,True
hzz_sector_cap2_vol_penalty_top10,2014-04-30,0.05278858707012951,90323.7012386346,1801369.7104572519,1711046.0092186173,10,True
hzz_sector_cap2_vol_penalty_top10,2014-05-31,0.028224993097033448,50843.64764286108,1852213.358100113,1801369.7104572519,10,True
hzz_sector_cap2_vol_penalty_top10,2014-06-30,-0.013301048192371235,-24636.379138643362,1827576.9789614696,1852213.358100113,10,True
hzz_sector_cap2_vol_penalty_top10,2014-07-31,0.044052320885695544,80509.00752052071,1908085.9864819902,1827576.9789614696,10,True
hzz_sector_cap2_vol_penalty_top10,2014-08-31,0.004442360715256737,8476.40622767949,1916562.3927096697,1908085.9864819902,10,True
hzz_sector_cap2_vol_penalty_top10,2014-09-30,-0.003334068690102376,-6389.950666161004,1910172.4420435086,1916562.3927096697,10,True
hzz_sector_cap2_vol_penalty_top10,2014-10-31,0.017677379177649027,33766.842552698916,1943939.2845962076,1910172.4420435086,10,True
hzz_sector_cap2_vol_penalty_top10,2014-11-30,-0.023612101880811216,-45900.49243799692,1898038.7921582107,1943939.2845962076,10,True
hzz_sector_cap2_vol_penalty_top10,2014-12-31,-0.004898963361878077,-9298.422502206393,1888740.3696560042,1898038.7921582107,10,True
hzz_sector_cap2_vol_penalty_top10,2015-01-31,0.026726002961178247,50478.48071232327,1939218.8503683275,1888740.3696560042,10,True
hzz_sector_cap2_vol_penalty_top10,2015-02-28,0.02205960174691043,42778.395539226796,1981997.2459075542,1939218.8503683275,10,True
hzz_sector_cap2_vol_penalty_top10,2015-03-31,-0.010899397928622075,-21602.576676579454,1960394.6692309747,1981997.2459075542,10,True
hzz_sector_cap2_vol_penalty_top10,2015-04-30,0.004090685965664084,8019.3589605858315,1968414.0281915606,1960394.6692309747,10,True
hzz_sector_cap2_vol_penalty_top10,2015-05-31,-0.011318028979777543,-22278.567015272733,1946135.4611762878,1968414.0281915606,10,True
hzz_sector_cap2_vol_penalty_top10,2015-06-30,0.015588627535184293,30337.580837291265,1976473.042013579,1946135.4611762878,10,True
hzz_sector_cap2_vol_penalty_top10,2015-07-31,-0.02664392235357804,-52660.99426534998,1923812.047748229,1976473.042013579,10,True
hzz_sector_cap2_vol_penalty_top10,2015-08-31,0.005562743415950181,10701.672802137096,1934513.7205503662,1923812.047748229,10,False
hzz_sector_cap2_vol_penalty_top10,2015-09-30,0.05016580230445576,97046.43286038685,2031560.153410753,1934513.7205503662,10,False
hzz_sector_cap2_vol_penalty_top10,2015-10-31,0.004169006066222931,8469.586603466218,2040029.7400142192,2031560.153410753,10,True
hzz_sector_cap2_vol_penalty_top10,2015-11-30,-0.01566180594724194,-31950.549914705127,2008079.190099514,2040029.7400142192,10,True
hzz_sector_cap2_vol_penalty_top10,2015-12-31,-0.008785309972126324,-17641.59813360061,1990437.5919659135,2008079.190099514,10,False
hzz_sector_cap2_vol_penalty_top10,2016-01-31,0.0015561647648931459,3097.4488473361153,1993535.0408132498,1990437.5919659135,10,False
hzz_sector_cap2_vol_penalty_top10,2016-02-29,0.031900179468000105,63594.125577689585,2057129.1663909394,1993535.0408132498,10,False
hzz_sector_cap2_vol_penalty_top10,2016-03-31,-0.019853054459803978,-40840.29737121048,2016288.8690197289,2057129.1663909394,10,True
hzz_sector_cap2_vol_penalty_top10,2016-04-30,0.005904799690548615,11905.781889844313,2028194.650909573,2016288.8690197289,10,True
hzz_sector_cap2_vol_penalty_top10,2016-05-31,0.01817698130788128,36866.45625832811,2065061.1071679012,2028194.650909573,10,True
hzz_sector_cap2_vol_penalty_top10,2016-06-30,0.00489662275879345,10111.825215657544,2075172.9323835587,2065061.1071679012,10,True
hzz_sector_cap2_vol_penalty_top10,2016-07-31,0.0033476950235454103,6947.046098736576,2082119.9784822953,2075172.9323835587,10,True
hzz_sector_cap2_vol_penalty_top10,2016-08-31,0.0005617458599515856,1169.622277834914,2083289.6007601302,2082119.9784822953,10,True
hzz_sector_cap2_vol_penalty_top10,2016-09-30,-0.017437942723811273,-36328.2847351668,2046961.3160249635,2083289.6007601302,10,True
hzz_sector_cap2_vol_penalty_top10,2016-10-31,0.01967456611608603,40273.075749203614,2087234.391774167,2046961.3160249635,10,True
hzz_sector_cap2_vol_penalty_top10,2016-11-30,-0.004884768914879071,-10195.657675004977,2077038.734099162,2087234.391774167,10,True
hzz_sector_cap2_vol_penalty_top10,2016-12-31,0.01254603964435661,26058.610300872355,2103097.3444000343,2077038.734099162,10,True
hzz_sector_cap2_vol_penalty_top10,2017-01-31,0.018111852889018225,38090.98971305832,2141188.3341130926,2103097.3444000343,10,True
hzz_sector_cap2_vol_penalty_top10,2017-02-28,-0.004737017354926839,-10142.846298860608,2131045.4878142322,2141188.3341130926,10,True
hzz_sector_cap2_vol_penalty_top10,2017-03-31,0.006508355593025782,13869.601819608113,2144915.08963384,2131045.4878142322,10,True
hzz_sector_cap2_vol_penalty_top10,2017-04-30,0.020616370123884085,44220.36337219526,2189135.453006035,2144915.08963384,10,True
hzz_sector_cap2_vol_penalty_top10,2017-05-31,-0.0004964473144092537,-1086.7904165229313,2188048.6625895123,2189135.453006035,10,True
hzz_sector_cap2_vol_penalty_top10,2017-06-30,-0.0010351998019476932,-2265.0675421645783,2185783.5950473477,2188048.6625895123,10,True
hzz_sector_cap2_vol_penalty_top10,2017-07-31,0.0005046645800494749,1103.0875600736013,2186886.682607421,2185783.5950473477,10,True
hzz_sector_cap2_vol_penalty_top10,2017-08-31,0.006218028413469754,13598.123529491557,2200484.8061369127,2186886.682607421,10,True
hzz_sector_cap2_vol_penalty_top10,2017-09-30,0.005788117780214407,12736.665231492716,2213221.4713684055,2200484.8061369127,10,True
hzz_sector_cap2_vol_penalty_top10,2017-10-31,0.0274056763904433,60654.83142470329,2273876.302793109,2213221.4713684055,10,True
hzz_sector_cap2_vol_penalty_top10,2017-11-30,0.0017177278041286624,3905.9005484570084,2277782.203341566,2273876.302793109,10,True
hzz_sector_cap2_vol_penalty_top10,2017-12-31,0.022602097622779052,51482.655723354845,2329264.859064921,2277782.203341566,10,True
hzz_sector_cap2_vol_penalty_top10,2018-01-31,-0.012096492947206433,-28175.9359398546,2301088.9231250663,2329264.859064921,10,True
hzz_sector_cap2_vol_penalty_top10,2018-02-28,-0.01146819238157503,-26389.330457509575,2274699.592667557,2301088.9231250663,10,True
hzz_sector_cap2_vol_penalty_top10,2018-03-31,-0.00426391788721546,-9699.132281216916,2265000.46038634,2274699.592667557,10,True
hzz_sector_cap2_vol_penalty_top10,2018-04-30,0.035871643068460905,81249.28806487842,2346249.7484512185,2265000.46038634,10,True
hzz_sector_cap2_vol_penalty_top10,2018-05-31,-0.007536298082452089,-17682.037480206614,2328567.710971012,2346249.7484512185,10,True
hzz_sector_cap2_vol_penalty_top10,2018-06-30,0.009241709098863734,21519.9454018011,2350087.656372813,2328567.710971012,10,True
hzz_sector_cap2_vol_penalty_top10,2018-07-31,0.026926966150121776,63280.73077296975,2413368.387145783,2350087.656372813,10,True
hzz_sector_cap2_vol_penalty_top10,2018-08-31,0.0020069185263910713,4843.43372716941,2418211.820872952,2413368.387145783,10,True
hzz_sector_cap2_vol_penalty_top10,2018-09-30,-0.056160566352699344,-135808.14542101734,2282403.675451935,2418211.820872952,10,True
hzz_sector_cap2_vol_penalty_top10,2018-10-31,0.027538881248272404,62854.8437788913,2345258.5192308263,2282403.675451935,10,False
hzz_sector_cap2_vol_penalty_top10,2018-11-30,-0.032098236928789374,-75278.66360953278,2269979.8556212937,2345258.5192308263,10,True
hzz_sector_cap2_vol_penalty_top10,2018-12-31,0.021840498085364413,49577.49069051265,2319557.3463118062,2269979.8556212937,10,False
hzz_sector_cap2_vol_penalty_top10,2019-01-31,0.018395210373377425,42668.74535851875,2362226.091670325,2319557.3463118062,10,False
hzz_sector_cap2_vol_penalty_top10,2019-02-28,0.011341354177817379,26790.84275371446,2389016.9344240394,2362226.091670325,10,True
hzz_sector_cap2_vol_penalty_top10,2019-03-31,0.011926773953634702,28493.26494828086,2417510.1993723204,2389016.9344240394,10,True
hzz_sector_cap2_vol_penalty_top10,2019-04-30,-0.013055272655073998,-31561.254799227943,2385948.9445730923,2417510.1993723204,10,True
hzz_sector_cap2_vol_penalty_top10,2019-05-31,0.03018648159950592,72023.40391271623,2457972.3484858084,2385948.9445730923,10,False
hzz_sector_cap2_vol_penalty_top10,2019-06-30,0.00628939849604209,15459.167591879686,2473431.516077688,2457972.3484858084,10,True
hzz_sector_cap2_vol_penalty_top10,2019-07-31,0.011543725937308591,28552.615546302517,2501984.1316239904,2473431.516077688,10,True
hzz_sector_cap2_vol_penalty_top10,2019-08-31,-0.011925033465126874,-29836.244498832486,2472147.8871251578,2501984.1316239904,10,True
hzz_sector_cap2_vol_penalty_top10,2019-09-30,0.00756484748651925,18701.421730222624,2490849.3088553804,2472147.8871251578,10,True
hzz_sector_cap2_vol_penalty_top10,2019-10-31,0.005395456185841476,13439.268311462727,2504288.577166843,2490849.3088553804,10,True
hzz_sector_cap2_vol_penalty_top10,2019-11-30,0.018470094757196874,46254.44731963733,2550543.0244864807,2504288.577166843,10,True
hzz_sector_cap2_vol_penalty_top10,2019-12-31,0.004779328784627277,12189.88369335855,2562732.908179839,2550543.0244864807,10,True
hzz_sector_cap2_vol_penalty_top10,2020-01-31,-0.03870102065110566,-99180.37920273602,2463552.528977103,2562732.908179839,10,True
hzz_sector_cap2_vol_penalty_top10,2020-02-29,-0.04304049269554001,-106032.51462851811,2357520.014348585,2463552.528977103,10,False
hzz_sector_cap2_vol_penalty_top10,2020-03-31,0.07813454052121731,184203.74309070033,2541723.7574392855,2357520.014348585,10,False
hzz_sector_cap2_vol_penalty_top10,2020-04-30,0.03593815593030759,91344.86472662035,2633068.622165906,2541723.7574392855,10,False
hzz_sector_cap2_vol_penalty_top10,2020-05-31,-0.003876254747622025,-10206.444747485177,2622862.1774184206,2633068.622165906,10,True
hzz_sector_cap2_vol_penalty_top10,2020-06-30,0.023691336604885673,62139.110713443166,2685001.288131864,2622862.1774184206,10,True
hzz_sector_cap2_vol_penalty_top10,2020-07-31,0.01663073794620723,44653.55280814988,2729654.8409400135,2685001.288131864,10,True
hzz_sector_cap2_vol_penalty_top10,2020-08-31,-0.00963324203082513,-26295.425743388623,2703359.415196625,2729654.8409400135,10,True
hzz_sector_cap2_vol_penalty_top10,2020-09-30,-9.48530885283882e-06,-25.642198993369725,2703333.7729976317,2703359.415196625,10,True
hzz_sector_cap2_vol_penalty_top10,2020-10-31,0.018905663231732046,51108.31791526079,2754442.0909128925,2703333.7729976317,10,True
hzz_sector_cap2_vol_penalty_top10,2020-11-30,0.007452735775979556,20528.129113810446,2774970.220026703,2754442.0909128925,10,True
hzz_sector_cap2_vol_penalty_top10,2020-12-31,-0.005619923161000427,-15595.119410614521,2759375.1006160886,2774970.220026703,10,True
hzz_sector_cap2_vol_penalty_top10,2021-01-31,0.0027334466779308187,7542.604701944067,2766917.7053180328,2759375.1006160886,10,True
hzz_sector_cap2_vol_penalty_top10,2021-02-28,-0.01333151284617343,-36887.198932752064,2730030.5063852808,2766917.7053180328,10,True
hzz_sector_cap2_vol_penalty_top10,2021-03-31,0.02358099752619691,64376.84261751339,2794407.3490027944,2730030.5063852808,10,True
hzz_sector_cap2_vol_penalty_top10,2021-04-30,-0.0012604558319175322,-3522.2270398037826,2790885.1219629906,2794407.3490027944,10,True
hzz_sector_cap2_vol_penalty_top10,2021-05-31,-0.0006845305798386658,-1910.4462108004316,2788974.6757521904,2790885.1219629906,10,True
hzz_sector_cap2_vol_penalty_top10,2021-06-30,0.00484152218844056,13502.882775653046,2802477.5585278436,2788974.6757521904,10,True
hzz_sector_cap2_vol_penalty_top10,2021-07-31,0.003399437431916592,9526.847114565773,2812004.4056424093,2802477.5585278436,10,True
hzz_sector_cap2_vol_penalty_top10,2021-08-31,-0.016327732048108185,-45913.65445342898,2766090.7511889804,2812004.4056424093,10,True
hzz_sector_cap2_vol_penalty_top10,2021-09-30,0.02018749185450098,55840.43450843803,2821931.1856974186,2766090.7511889804,10,True
hzz_sector_cap2_vol_penalty_top10,2021-10-31,-0.006286322265975472,-17739.568845700247,2804191.616851718,2821931.1856974186,10,True
hzz_sector_cap2_vol_penalty_top10,2021-11-30,0.01464297006890488,41061.69391303369,2845253.310764752,2804191.616851718,10,True
hzz_sector_cap2_vol_penalty_top10,2021-12-31,-0.02286094225666533,-65045.17164297885,2780208.139121773,2845253.310764752,10,True
hzz_sector_cap2_vol_penalty_top10,2022-01-31,-0.005088359121918702,-14146.697445532896,2766061.4416762404,2780208.139121773,10,True
hzz_sector_cap2_vol_penalty_top10,2022-02-28,0.0020428758857590685,5650.720217728355,2771712.161893969,2766061.4416762404,10,False
hzz_sector_cap2_vol_penalty_top10,2022-03-31,-0.014182759128500309,-39310.525965677014,2732401.635928292,2771712.161893969,10,True
hzz_sector_cap2_vol_penalty_top10,2022-04-30,0.018721648006175307,51155.061639347055,2783556.697567639,2732401.635928292,10,False
hzz_sector_cap2_vol_penalty_top10,2022-05-31,-0.03503964711506491,-97534.84440754552,2686021.8531600935,2783556.697567639,10,False
hzz_sector_cap2_vol_penalty_top10,2022-06-30,0.012393574515676473,33289.41198787503,2719311.2651479687,2686021.8531600935,10,False
hzz_sector_cap2_vol_penalty_top10,2022-07-31,0.00364553375133104,9913.34099747163,2729224.60614544,2719311.2651479687,10,False
hzz_sector_cap2_vol_penalty_top10,2022-08-31,-0.02663063854228712,-72680.99398697514,2656543.612158465,2729224.60614544,10,False
hzz_sector_cap2_vol_penalty_top10,2022-09-30,0.030899176907326815,82085.01103411341,2738628.6231925786,2656543.612158465,10,False
hzz_sector_cap2_vol_penalty_top10,2022-10-31,0.026945857859817544,73794.69761137504,2812423.320803954,2738628.6231925786,10,False
hzz_sector_cap2_vol_penalty_top10,2022-11-30,-0.021040780125488302,-59175.580712831645,2753247.740091122,2812423.320803954,10,True
hzz_sector_cap2_vol_penalty_top10,2022-12-31,0.010889267725208028,29980.851755676198,2783228.5918467985,2753247.740091122,10,False
hzz_sector_cap2_vol_penalty_top10,2023-01-31,-0.014084000828214375,-39198.99379268024,2744029.5980541185,2783228.5918467985,10,True
hzz_sector_cap2_vol_penalty_top10,2023-02-28,0.007853234219957275,21549.50714001421,2765579.105194133,2744029.5980541185,10,True
hzz_sector_cap2_vol_penalty_top10,2023-03-31,-0.006182579258391488,-17098.412013214136,2748480.6931809187,2765579.105194133,10,True
hzz_sector_cap2_vol_penalty_top10,2023-04-30,-0.017546152205052117,-48225.26057519954,2700255.432605719,2748480.6931809187,10,True
hzz_sector_cap2_vol_penalty_top10,2023-05-31,0.026217749336492405,70794.62007655861,2771050.0526822777,2700255.432605719,10,True
hzz_sector_cap2_vol_penalty_top10,2023-06-30,0.017061723063733894,47278.88859461024,2818328.941276888,2771050.0526822777,10,True
hzz_sector_cap2_vol_penalty_top10,2023-07-31,-0.005614885530224104,-15824.594391787417,2802504.3468851005,2818328.941276888,10,True
hzz_sector_cap2_vol_penalty_top10,2023-08-31,-0.017208568704842733,-48227.08859899266,2754277.258286108,2802504.3468851005,10,True
hzz_sector_cap2_vol_penalty_top10,2023-09-30,-0.008803099821736503,-24246.177641431343,2730031.0806446765,2754277.258286108,10,True
hzz_sector_cap2_vol_penalty_top10,2023-10-31,0.02653603803352082,72444.20858868108,2802475.2892333576,2730031.0806446765,10,False
hzz_sector_cap2_vol_penalty_top10,2023-11-30,0.019628691649786565,55008.923308508,2857484.2125418657,2802475.2892333576,10,True
hzz_sector_cap2_vol_penalty_top10,2023-12-31,0.013652907859075799,39012.96866259786,2896497.1812044634,2857484.2125418657,10,True
hzz_sector_cap2_vol_penalty_top10,2024-01-31,0.029989841595155036,86865.49164513493,2983362.6728495983,2896497.1812044634,10,True
hzz_sector_cap2_vol_penalty_top10,2024-02-29,0.019129353149217872,57069.79814113451,3040432.470990733,2983362.6728495983,10,True
hzz_sector_cap2_vol_penalty_top10,2024-03-31,-0.004151274102076375,-12621.668575935908,3027810.802414797,3040432.470990733,10,True
hzz_sector_cap2_vol_penalty_top10,2024-04-30,0.034044522870276726,103080.37410968148,3130891.1765244785,3027810.802414797,10,True
hzz_sector_cap2_vol_penalty_top10,2024-05-31,0.0040965372188438865,12825.812232782451,3143716.988757261,3130891.1765244785,10,True
hzz_sector_cap2_vol_penalty_top10,2024-06-30,0.01174849527611407,36933.94419185423,3180650.9329491155,3143716.988757261,10,True
hzz_sector_cap2_vol_penalty_top10,2024-07-31,0.014639803778824954,46564.10554731158,3227215.0384964272,3180650.9329491155,10,True
hzz_sector_cap2_vol_penalty_top10,2024-08-31,0.012699979806982375,40985.56582169447,3268200.604318122,3227215.0384964272,10,True
hzz_sector_cap2_vol_penalty_top10,2024-09-30,0.0010886281304043346,3557.8551136651536,3271758.459431787,3268200.604318122,10,True
hzz_sector_cap2_vol_penalty_top10,2024-10-31,0.035964767275756204,117668.03157595087,3389426.491007738,3271758.459431787,10,True
hzz_sector_cap2_vol_penalty_top10,2024-11-30,-0.019856302495517324,-67301.47769176947,3322125.013315968,3389426.491007738,10,True
hzz_sector_cap2_vol_penalty_top10,2024-12-31,-0.00010996866215822872,-365.3296432367448,3321759.6836727313,3322125.013315968,10,True
hzz_sector_cap2_vol_penalty_top10,2025-01-31,0.004728806090282632,15707.957422606922,3337467.6410953384,3321759.6836727313,10,True
hzz_sector_cap2_vol_penalty_top10,2025-02-28,-0.012664499087784473,-42267.35589616211,3295200.285199176,3337467.6410953384,10,True
hzz_sector_cap2_vol_penalty_top10,2025-03-31,-0.0029238177363946844,-9634.565038838173,3285565.720160338,3295200.285199176,10,False
hzz_sector_cap2_vol_penalty_top10,2025-04-30,0.00657070339215791,21588.47782261528,3307154.1979829534,3285565.720160338,10,False
hzz_sector_cap2_vol_penalty_top10,2025-05-31,-0.000444752039364756,-1470.8635740466325,3305683.3344089068,3307154.1979829534,10,True
hzz_sector_cap2_vol_penalty_top10,2025-06-30,-0.004677831743895256,-15463.4304369635,3290219.903971943,3305683.3344089068,10,True
hzz_sector_cap2_vol_penalty_top10,2025-07-31,0.00782543206876966,25747.392349846275,3315967.2963217893,3290219.903971943,10,True
hzz_sector_cap2_vol_penalty_top10,2025-08-31,0.015614724931232102,51777.91721302615,3367745.2135348152,3315967.2963217893,10,True
hzz_sector_cap2_vol_penalty_top10,2025-09-30,-0.011951518752100182,-40249.67007185698,3327495.543462958,3367745.2135348152,10,True
hzz_sector_cap2_vol_penalty_top10,2025-10-31,0.029154360401526858,97011.00430859356,3424506.5477715516,3327495.543462958,10,True
hzz_sector_cap2_vol_penalty_top10,2025-11-30,-0.005284317244437227,-18096.179004077407,3406410.3687674743,3424506.5477715516,10,True
hzz_sector_cap2_vol_penalty_top10,2025-12-31,0.021899734492896672,74599.48264985794,3481009.8514173324,3406410.3687674743,10,True
hzz_sector_cap2_vol_penalty_top10,2026-01-31,0.024872449801115602,86581.24278656648,3567591.0942038987,3481009.8514173324,10,True
hzz_sector_cap2_vol_penalty_top10,2026-02-28,-0.03015999183307647,-107598.51826494593,3459992.5759389526,3567591.0942038987,10,True
hzz_sector_cap2_vol_penalty_top10,2026-03-31,0.022884303710688326,79179.52094451383,3539172.0968834665,3459992.5759389526,10,False
hzz_sector_cap2_vol_penalty_top10,2026-04-30,0.013708163180777728,48515.548628933844,3587687.6455124,3539172.0968834665,10,True
hzz_sector_cap2_vol_penalty_top10,2026-05-31,0.0,0.0,3587687.6455124,3587687.6455124,0,True
hzz_sector_cap2_top15,2006-06-30,0.0,0.0,1000000.0,1000000.0,0,False
hzz_sector_cap2_top15,2006-07-31,0.0,0.0,1000000.0,1000000.0,0,False
hzz_sector_cap2_top15,2006-08-31,0.0,0.0,1000000.0,1000000.0,0,False
hzz_sector_cap2_top15,2006-09-30,0.0,0.0,1000000.0,1000000.0,0,False
hzz_sector_cap2_top15,2006-10-31,0.0,0.0,1000000.0,1000000.0,0,False
hzz_sector_cap2_top15,2006-11-30,0.0,0.0,1000000.0,1000000.0,0,False
hzz_sector_cap2_top15,2006-12-31,0.0,0.0,1000000.0,1000000.0,0,False
hzz_sector_cap2_top15,2007-01-31,0.0,0.0,1000000.0,1000000.0,0,False
hzz_sector_cap2_top15,2007-02-28,0.0,0.0,1000000.0,1000000.0,0,False
hzz_sector_cap2_top15,2007-03-31,0.0,0.0,1000000.0,1000000.0,0,True
hzz_sector_cap2_top15,2007-04-30,0.0,0.0,1000000.0,1000000.0,0,True
hzz_sector_cap2_top15,2007-05-31,0.0,0.0,1000000.0,1000000.0,0,True
hzz_sector_cap2_top15,2007-06-30,0.0,0.0,1000000.0,1000000.0,0,True
hzz_sector_cap2_top15,2007-07-31,0.0,0.0,1000000.0,1000000.0,0,True
hzz_sector_cap2_top15,2007-08-31,0.0,0.0,1000000.0,1000000.0,0,True
hzz_sector_cap2_top15,2007-09-30,0.0,0.0,1000000.0,1000000.0,0,True
hzz_sector_cap2_top15,2007-10-31,0.0,0.0,1000000.0,1000000.0,0,True
hzz_sector_cap2_top15,2007-11-30,0.0,0.0,1000000.0,1000000.0,0,False
hzz_sector_cap2_top15,2007-12-31,0.0,0.0,1000000.0,1000000.0,0,False
hzz_sector_cap2_top15,2008-01-31,0.0,0.0,1000000.0,1000000.0,0,False
hzz_sector_cap2_top15,2008-02-29,0.0,0.0,1000000.0,1000000.0,0,False
hzz_sector_cap2_top15,2008-03-31,0.0,0.0,1000000.0,1000000.0,0,False
hzz_sector_cap2_top15,2008-04-30,0.0,0.0,1000000.0,1000000.0,0,False
hzz_sector_cap2_top15,2008-05-31,0.0,0.0,1000000.0,1000000.0,0,False
hzz_sector_cap2_top15,2008-06-30,0.0,0.0,1000000.0,1000000.0,0,False
hzz_sector_cap2_top15,2008-07-31,0.0,0.0,1000000.0,1000000.0,0,False
hzz_sector_cap2_top15,2008-08-31,0.0,0.0,1000000.0,1000000.0,0,False
hzz_sector_cap2_top15,2008-09-30,0.0,0.0,1000000.0,1000000.0,0,False
hzz_sector_cap2_top15,2008-10-31,0.0,0.0,1000000.0,1000000.0,0,False
hzz_sector_cap2_top15,2008-11-30,0.0,0.0,1000000.0,1000000.0,0,False
hzz_sector_cap2_top15,2008-12-31,0.0,0.0,1000000.0,1000000.0,0,False
hzz_sector_cap2_top15,2009-01-31,0.0,0.0,1000000.0,1000000.0,0,False
hzz_sector_cap2_top15,2009-02-28,0.0,0.0,1000000.0,1000000.0,0,False
hzz_sector_cap2_top15,2009-03-31,0.0,0.0,1000000.0,1000000.0,0,False
hzz_sector_cap2_top15,2009-04-30,0.0,0.0,1000000.0,1000000.0,0,False
hzz_sector_cap2_top15,2009-05-31,0.0,0.0,1000000.0,1000000.0,0,False
hzz_sector_cap2_top15,2009-06-30,0.0,0.0,1000000.0,1000000.0,0,True
hzz_sector_cap2_top15,2009-07-31,0.0,0.0,1000000.0,1000000.0,0,True
hzz_sector_cap2_top15,2009-08-31,0.0,0.0,1000000.0,1000000.0,0,True
hzz_sector_cap2_top15,2009-09-30,0.0,0.0,1000000.0,1000000.0,0,True
hzz_sector_cap2_top15,2009-10-31,0.0,0.0,1000000.0,1000000.0,0,True
hzz_sector_cap2_top15,2009-11-30,0.0,0.0,1000000.0,1000000.0,0,True
hzz_sector_cap2_top15,2009-12-31,0.0,0.0,1000000.0,1000000.0,0,True
hzz_sector_cap2_top15,2010-01-31,0.0,0.0,1000000.0,1000000.0,0,True
hzz_sector_cap2_top15,2010-02-28,0.0,0.0,1000000.0,1000000.0,0,True
hzz_sector_cap2_top15,2010-03-31,0.0,0.0,1000000.0,1000000.0,0,True
hzz_sector_cap2_top15,2010-04-30,0.0,0.0,1000000.0,1000000.0,0,True
hzz_sector_cap2_top15,2010-05-31,0.0,0.0,1000000.0,1000000.0,0,False
hzz_sector_cap2_top15,2010-06-30,0.0,0.0,1000000.0,1000000.0,0,False
hzz_sector_cap2_top15,2010-07-31,0.0,0.0,1000000.0,1000000.0,0,True
hzz_sector_cap2_top15,2010-08-31,0.0,0.0,1000000.0,1000000.0,0,False
hzz_sector_cap2_top15,2010-09-30,0.0,0.0,1000000.0,1000000.0,0,True
hzz_sector_cap2_top15,2010-10-31,0.0,0.0,1000000.0,1000000.0,0,True
hzz_sector_cap2_top15,2010-11-30,-0.025880693305444135,-25880.693305444136,974119.3066945559,1000000.0,10,True
hzz_sector_cap2_top15,2010-12-31,-0.018792577704917688,-18306.212764917986,955813.0939296379,974119.3066945559,9,True
hzz_sector_cap2_top15,2011-01-31,0.032016292930480986,30601.592002040623,986414.6859316785,955813.0939296379,9,True
hzz_sector_cap2_top15,2011-02-28,0.025577500016007157,25230.0216452072,1011644.7075768857,986414.6859316785,9,True
hzz_sector_cap2_top15,2011-03-31,0.006796239529361394,6875.379751303279,1018520.0873281889,1011644.7075768857,10,True
hzz_sector_cap2_top15,2011-04-30,0.003552011654582699,3617.7952206163154,1022137.8825488052,1018520.0873281889,10,True
hzz_sector_cap2_top15,2011-05-31,-0.013610250570512891,-13911.552699102715,1008226.3298497025,1022137.8825488052,10,True
hzz_sector_cap2_top15,2011-06-30,0.004723353595600987,4762.2094602751795,1012988.5393099777,1008226.3298497025,10,True
hzz_sector_cap2_top15,2011-07-31,-0.054320272206060526,-55025.81319693763,957962.72611304,1012988.5393099777,10,True
hzz_sector_cap2_top15,2011-08-31,-0.09746357461941675,-93366.47163913817,864596.2544739018,957962.72611304,9,False
hzz_sector_cap2_top15,2011-09-30,0.14745355158332257,127487.78840781498,992084.0428817167,864596.2544739018,8,False
hzz_sector_cap2_top15,2011-10-31,0.01578068145103107,15655.762253367422,1007739.8051350842,992084.0428817167,9,False
hzz_sector_cap2_top15,2011-11-30,0.012522125920649052,12619.044735151863,1020358.849870236,1007739.8051350842,10,False
hzz_sector_cap2_top15,2011-12-31,0.04515716587317025,46076.51383374747,1066435.3637039834,1020358.849870236,10,False
hzz_sector_cap2_top15,2012-01-31,0.05290860773347172,56423.6103313163,1122858.9740352996,1066435.3637039834,10,True
hzz_sector_cap2_top15,2012-02-29,0.04178769385835049,46921.68705308862,1169780.6610883882,1122858.9740352996,11,True
hzz_sector_cap2_top15,2012-03-31,0.03155588376815012,36913.462575534984,1206694.1236639232,1169780.6610883882,11,True
hzz_sector_cap2_top15,2012-04-30,-0.05388914805498273,-65027.7182872028,1141666.4053767205,1206694.1236639232,12,True
hzz_sector_cap2_top15,2012-05-31,0.04965380359096467,56688.079458978325,1198354.4848356987,1141666.4053767205,11,True
hzz_sector_cap2_top15,2012-06-30,0.02476574340093655,29678.139674802427,1228032.624510501,1198354.4848356987,11,True
hzz_sector_cap2_top15,2012-07-31,0.009803147135472092,12038.584505236393,1240071.2090157375,1228032.624510501,12,True
hzz_sector_cap2_top15,2012-08-31,0.0019099181831054174,2368.4345504446756,1242439.643566182,1240071.2090157375,12,True
hzz_sector_cap2_top15,2012-09-30,-0.021024764705403,-26122.00116664375,1216317.6423995383,1242439.643566182,12,True
hzz_sector_cap2_top15,2012-10-31,0.03133069917084236,38108.082150208145,1254425.7245497464,1216317.6423995383,12,True
hzz_sector_cap2_top15,2012-11-30,-0.005075177497281279,-6366.433209245637,1248059.2913405008,1254425.7245497464,12,True
hzz_sector_cap2_top15,2012-12-31,0.028073041947779587,35036.82083911794,1283096.1121796188,1248059.2913405008,12,True
hzz_sector_cap2_top15,2013-01-31,-0.014195088592004716,-18213.66298444651,1264882.4491951722,1283096.1121796188,12,True
hzz_sector_cap2_top15,2013-02-28,0.08224367421961269,104028.58007771354,1368911.0292728858,1264882.4491951722,12,True
hzz_sector_cap2_top15,2013-03-31,0.09517987449524974,130292.77996135641,1499203.8092342422,1368911.0292728858,13,True
hzz_sector_cap2_top15,2013-04-30,0.04777823731035671,71629.31537418437,1570833.1246084266,1499203.8092342422,14,True
hzz_sector_cap2_top15,2013-05-31,-0.04465851218831392,-70151.07024113265,1500682.0543672938,1570833.1246084266,15,True
hzz_sector_cap2_top15,2013-06-30,0.07019405700196811,105338.96166608842,1606021.0160333822,1500682.0543672938,15,True
hzz_sector_cap2_top15,2013-07-31,-0.027150009769985658,-43603.48627610862,1562417.5297572736,1606021.0160333822,15,True
hzz_sector_cap2_top15,2013-08-31,0.04100021290065063,64059.45135975686,1626476.9811170304,1562417.5297572736,15,True
hzz_sector_cap2_top15,2013-09-30,0.04804657579702932,78146.64955536282,1704623.6306723931,1626476.9811170304,15,True
hzz_sector_cap2_top15,2013-10-31,0.04649098246320162,79249.62731994932,1783873.2579923423,1704623.6306723931,15,True
hzz_sector_cap2_top15,2013-11-30,0.01094951944110944,19532.554918862388,1803405.8129112048,1783873.2579923423,15,True
hzz_sector_cap2_top15,2013-12-31,0.005838776868817191,10529.684145516405,1813935.4970567212,1803405.8129112048,15,True
hzz_sector_cap2_top15,2014-01-31,0.056262482295837024,102056.51378894411,1915992.0108456654,1813935.4970567212,15,True
hzz_sector_cap2_top15,2014-02-28,0.0093416306294629,17898.489654322082,1933890.5004999875,1915992.0108456654,15,True
hzz_sector_cap2_top15,2014-03-31,0.001916240515353021,3705.7993293144077,1937596.299829302,1933890.5004999875,15,True
hzz_sector_cap2_top15,2014-04-30,0.04505838871987912,87304.96725990814,2024901.26708921,1937596.299829302,15,True
hzz_sector_cap2_top15,2014-05-31,0.027324531568435804,55329.47859554478,2080230.7456847548,2024901.26708921,15,True
hzz_sector_cap2_top15,2014-06-30,-0.015476407294419315,-32194.498286590868,2048036.247398164,2080230.7456847548,15,True
hzz_sector_cap2_top15,2014-07-31,0.045679786880245994,93553.85930416688,2141590.106702331,2048036.247398164,15,True
hzz_sector_cap2_top15,2014-08-31,0.011191385598371167,23967.360677762637,2165557.4673800934,2141590.106702331,15,True
hzz_sector_cap2_top15,2014-09-30,0.009829473327063774,21286.289363836408,2186843.75674393,2165557.4673800934,15,True
hzz_sector_cap2_top15,2014-10-31,0.014980312187366531,32759.6021810175,2219603.358924947,2186843.75674393,15,True
hzz_sector_cap2_top15,2014-11-30,-0.012658790086994089,-28097.492997017904,2191505.8659279295,2219603.358924947,15,True
hzz_sector_cap2_top15,2014-12-31,6.508051685765346e-05,142.62433445116906,2191648.490262381,2191505.8659279295,15,True
hzz_sector_cap2_top15,2015-01-31,0.0320731015424567,70292.96457355726,2261941.4548359383,2191648.490262381,15,True
hzz_sector_cap2_top15,2015-02-28,0.008387204819494235,18971.366271413783,2280912.821107352,2261941.4548359383,15,True
hzz_sector_cap2_top15,2015-03-31,-0.018543794694409643,-42296.779070461445,2238616.0420368905,2280912.821107352,15,True
hzz_sector_cap2_top15,2015-04-30,0.02155249103149269,48247.75216895575,2286863.7942058463,2238616.0420368905,15,True
hzz_sector_cap2_top15,2015-05-31,-0.007990879649364093,-18274.053353987052,2268589.740851859,2286863.7942058463,15,True
hzz_sector_cap2_top15,2015-06-30,0.014670073674863865,33280.3786363371,2301870.119488196,2268589.740851859,15,True
hzz_sector_cap2_top15,2015-07-31,-0.042206956663864655,-97154.93237908324,2204715.1871091127,2301870.119488196,15,True
hzz_sector_cap2_top15,2015-08-31,0.006478007946178385,14282.162501152996,2218997.349610266,2204715.1871091127,15,False
hzz_sector_cap2_top15,2015-09-30,0.06103091614446664,135427.44116885785,2354424.7907791235,2218997.349610266,15,False
hzz_sector_cap2_top15,2015-10-31,0.014137328866380767,33285.2775584042,2387710.0683375276,2354424.7907791235,15,True
hzz_sector_cap2_top15,2015-11-30,-0.013234400327249558,-31599.910909783237,2356110.1574277445,2387710.0683375276,15,True
hzz_sector_cap2_top15,2015-12-31,-0.01755717924712776,-41366.64835993731,2314743.5090678073,2356110.1574277445,15,False
hzz_sector_cap2_top15,2016-01-31,0.016101298340785754,37270.37582189808,2352013.8848897056,2314743.5090678073,15,False
hzz_sector_cap2_top15,2016-02-29,0.040577747768165605,95439.42616827776,2447453.3110579834,2352013.8848897056,15,False
hzz_sector_cap2_top15,2016-03-31,-0.002304487686799944,-5640.126019350877,2441813.1850386327,2447453.3110579834,15,True
hzz_sector_cap2_top15,2016-04-30,0.0221589825331834,54108.095716567994,2495921.280755201,2441813.1850386327,15,True
hzz_sector_cap2_top15,2016-05-31,0.01809877416267246,45173.11558819659,2541094.3963433974,2495921.280755201,15,True
hzz_sector_cap2_top15,2016-06-30,0.01773335765358431,45062.13576187639,2586156.532105274,2541094.3963433974,15,True
hzz_sector_cap2_top15,2016-07-31,0.0017327322177326868,4481.116743278646,2590637.6488485527,2586156.532105274,15,True
hzz_sector_cap2_top15,2016-08-31,0.018489698993951482,47900.11032960792,2638537.7591781607,2590637.6488485527,15,True
hzz_sector_cap2_top15,2016-09-30,-0.01354543088523249,-35740.130855023985,2602797.628323137,2638537.7591781607,15,True
hzz_sector_cap2_top15,2016-10-31,0.02232699079878032,58112.63869865792,2660910.267021795,2602797.628323137,15,True
hzz_sector_cap2_top15,2016-11-30,0.0006770528756770805,1801.5769482057742,2662711.8439700007,2660910.267021795,15,True
hzz_sector_cap2_top15,2016-12-31,0.02429788845504483,64698.27537270981,2727410.1193427104,2662711.8439700007,15,True
hzz_sector_cap2_top15,2017-01-31,0.01941633797803364,52956.31668186713,2780366.4360245774,2727410.1193427104,15,True
hzz_sector_cap2_top15,2017-02-28,0.003737464852090006,10391.521830572614,2790757.95785515,2780366.4360245774,15,True
hzz_sector_cap2_top15,2017-03-31,-0.00036196550536051034,-1010.1581145539052,2789747.799740596,2790757.95785515,15,True
hzz_sector_cap2_top15,2017-04-30,0.03152430948533278,87944.87302504873,2877692.6727656447,2789747.799740596,15,True
hzz_sector_cap2_top15,2017-05-31,0.0016078354671242843,4626.85634275628,2882319.529108401,2877692.6727656447,15,True
hzz_sector_cap2_top15,2017-06-30,0.0069108748140276136,19919.34943969518,2902238.878548096,2882319.529108401,15,True
hzz_sector_cap2_top15,2017-07-31,0.014094969942374748,40906.96975872681,2943145.8483068226,2902238.878548096,15,True
hzz_sector_cap2_top15,2017-08-31,0.013970098057903996,41116.03609955935,2984261.8844063818,2943145.8483068226,15,True
hzz_sector_cap2_top15,2017-09-30,0.006375343380215988,19025.694249581116,3003287.578655963,2984261.8844063818,15,True
hzz_sector_cap2_top15,2017-10-31,0.012551346344957076,37695.302573218505,3040982.8812291813,3003287.578655963,15,True
hzz_sector_cap2_top15,2017-11-30,-0.0019181804139132802,-5833.1538018193905,3035149.727427362,3040982.8812291813,15,True
hzz_sector_cap2_top15,2017-12-31,0.033527203692854494,101760.08314976897,3136909.810577131,3035149.727427362,15,True
hzz_sector_cap2_top15,2018-01-31,-0.010741532609829164,-33695.21902440728,3103214.5915527237,3136909.810577131,15,True
hzz_sector_cap2_top15,2018-02-28,-0.009495924425329231,-29467.891236963584,3073746.70031576,3103214.5915527237,15,True
hzz_sector_cap2_top15,2018-03-31,-0.006360020904030765,-19549.09326770382,3054197.607048056,3073746.70031576,15,True
hzz_sector_cap2_top15,2018-04-30,0.0381806621778814,116611.28705919559,3170808.894107252,3054197.607048056,15,True
hzz_sector_cap2_top15,2018-05-31,-0.009420951574895888,-29872.037044633602,3140936.8570626182,3170808.894107252,15,True
hzz_sector_cap2_top15,2018-06-30,0.014870552850587842,46707.46753330893,3187644.3245959273,3140936.8570626182,15,True
hzz_sector_cap2_top15,2018-07-31,0.03139827772771531,100086.5418008384,3287730.8663967657,3187644.3245959273,15,True
hzz_sector_cap2_top15,2018-08-31,0.0010622156111927564,3492.279051686931,3291223.145448453,3287730.8663967657,15,True
hzz_sector_cap2_top15,2018-09-30,-0.05295792961222651,-174296.3636747899,3116926.781773663,3291223.145448453,15,True
hzz_sector_cap2_top15,2018-10-31,0.01787845247771442,55725.82734445578,3172652.609118119,3116926.781773663,15,False
hzz_sector_cap2_top15,2018-11-30,-0.04044351545327185,-128313.2248247319,3044339.384293387,3172652.609118119,15,True
hzz_sector_cap2_top15,2018-12-31,0.02378026178218165,72395.18751230245,3116734.5718056895,3044339.384293387,15,False
hzz_sector_cap2_top15,2019-01-31,0.016404521076653907,51128.537973522325,3167863.1097792117,3116734.5718056895,15,False
hzz_sector_cap2_top15,2019-02-28,0.016085713785884585,50957.339296770675,3218820.4490759824,3167863.1097792117,15,True
hzz_sector_cap2_top15,2019-03-31,0.009399209165191177,30254.366666059752,3249074.8157420424,3218820.4490759824,15,True
hzz_sector_cap2_top15,2019-04-30,-0.023305379420013688,-75720.92134487936,3173353.894397163,3249074.8157420424,15,True
hzz_sector_cap2_top15,2019-05-31,0.03856109829215429,122368.0114376396,3295721.9058348024,3173353.894397163,15,False
hzz_sector_cap2_top15,2019-06-30,-0.0006252238062418028,-2060.5637942805233,3293661.342040522,3295721.9058348024,15,True
hzz_sector_cap2_top15,2019-07-31,0.005535864094822886,18233.261563908287,3311894.6036044303,3293661.342040522,15,True
hzz_sector_cap2_top15,2019-08-31,-0.00867227858691275,-28721.67265295059,3283172.93095148,3311894.6036044303,15,True
hzz_sector_cap2_top15,2019-09-30,0.007580846004434463,24889.22839547091,3308062.1593469507,3283172.93095148,15,True
hzz_sector_cap2_top15,2019-10-31,0.01445904647165477,47831.42449312019,3355893.5838400708,3308062.1593469507,15,True
hzz_sector_cap2_top15,2019-11-30,0.019431123931066194,65208.7841270663,3421102.367967137,3355893.5838400708,15,True
hzz_sector_cap2_top15,2019-12-31,0.007551942729247938,25835.969153782324,3446938.3371209195,3421102.367967137,15,True
hzz_sector_cap2_top15,2020-01-31,-0.03607678458191444,-124354.4518554538,3322583.885265466,3446938.3371209195,15,True
hzz_sector_cap2_top15,2020-02-29,-0.05761154627229559,-191419.19524955505,3131164.6900159107,3322583.885265466,15,False
hzz_sector_cap2_top15,2020-03-31,0.0834567149491784,261316.71899359042,3392481.409009501,3131164.6900159107,15,False
hzz_sector_cap2_top15,2020-04-30,0.05265929062260341,178645.66444881042,3571127.073458311,3392481.409009501,15,False
hzz_sector_cap2_top15,2020-05-31,0.008248514762512649,29456.49438422947,3600583.567842541,3571127.073458311,15,True
hzz_sector_cap2_top15,2020-06-30,0.03107416027223203,111885.11086070414,3712468.678703245,3600583.567842541,15,True
hzz_sector_cap2_top15,2020-07-31,0.023034574280033863,85515.13554188906,3797983.8142451337,3712468.678703245,15,True
hzz_sector_cap2_top15,2020-08-31,-0.009206581296073168,-34966.44674701788,3763017.3674981156,3797983.8142451337,15,True
hzz_sector_cap2_top15,2020-09-30,-0.008420904039167672,-31688.008149422985,3731329.3593486925,3763017.3674981156,15,True
hzz_sector_cap2_top15,2020-10-31,0.012516610911687324,46703.59777432311,3778032.9571230155,3731329.3593486925,15,True
hzz_sector_cap2_top15,2020-11-30,0.02073665368206727,78343.76103129648,3856376.718154312,3778032.9571230155,15,True
hzz_sector_cap2_top15,2020-12-31,-0.001930715085068266,-7445.564703446583,3848931.1534508653,3856376.718154312,15,True
hzz_sector_cap2_top15,2021-01-31,0.005234879508049298,20148.690823092486,3869079.844273958,3848931.1534508653,15,True
hzz_sector_cap2_top15,2021-02-28,-0.002680434182431412,-10370.813869148322,3858709.0304048094,3869079.844273958,15,True
hzz_sector_cap2_top15,2021-03-31,0.014862635521664327,57350.58590306144,3916059.616307871,3858709.0304048094,15,True
hzz_sector_cap2_top15,2021-04-30,-0.0011255187944892399,-4407.59869849483,3911652.017609376,3916059.616307871,15,True
hzz_sector_cap2_top15,2021-05-31,-0.0038253304040928135,-14963.361393192143,3896688.6562161837,3911652.017609376,15,True
hzz_sector_cap2_top15,2021-06-30,-0.003957188330174651,-15419.930876702625,3881268.725339481,3896688.6562161837,15,True
hzz_sector_cap2_top15,2021-07-31,0.0032756016500615323,12713.490241054225,3893982.2155805356,3881268.725339481,15,True
hzz_sector_cap2_top15,2021-08-31,-0.016777379411071186,-65330.81705075824,3828651.3985297773,3893982.2155805356,15,True
hzz_sector_cap2_top15,2021-09-30,0.03063618739669162,117295.2817219637,3945946.680251741,3828651.3985297773,15,True
hzz_sector_cap2_top15,2021-10-31,-0.009771429029979186,-38557.537942161856,3907389.142309579,3945946.680251741,15,True
hzz_sector_cap2_top15,2021-11-30,0.015393940745511024,60150.116926366805,3967539.259235946,3907389.142309579,15,True
hzz_sector_cap2_top15,2021-12-31,-0.010442574496870333,-41431.324283829104,3926107.934952117,3967539.259235946,15,True
hzz_sector_cap2_top15,2022-01-31,-0.0013803721555441866,-5419.490073068989,3920688.444879048,3926107.934952117,15,True
hzz_sector_cap2_top15,2022-02-28,0.0004397304203974353,1724.0459781140305,3922412.490857162,3920688.444879048,15,False
hzz_sector_cap2_top15,2022-03-31,-0.019883958239004986,-77993.08616435534,3844419.404692807,3922412.490857162,15,True
hzz_sector_cap2_top15,2022-04-30,0.020617838340799846,79263.61780019027,3923683.022492997,3844419.404692807,15,False
hzz_sector_cap2_top15,2022-05-31,-0.04715957562236998,-185039.2262174677,3738643.796275529,3923683.022492997,15,False
hzz_sector_cap2_top15,2022-06-30,0.020241558067774112,75675.97549703457,3814319.7717725635,3738643.796275529,15,False
hzz_sector_cap2_top15,2022-07-31,0.0005790044134562776,2208.5079821898557,3816528.279754753,3814319.7717725635,15,False
hzz_sector_cap2_top15,2022-08-31,-0.02433501242534639,-92875.26310951781,3723653.0166452355,3816528.279754753,15,False
hzz_sector_cap2_top15,2022-09-30,0.049135237940836754,182962.5769819782,3906615.5936272135,3723653.0166452355,15,False
hzz_sector_cap2_top15,2022-10-31,0.026087864370486814,101915.25775417557,4008530.851381389,3906615.5936272135,15,False
hzz_sector_cap2_top15,2022-11-30,-0.01996061776431676,-80012.75212089514,3928518.0992604936,4008530.851381389,15,True
hzz_sector_cap2_top15,2022-12-31,0.011541274596212287,45340.10613975531,3973858.205400249,3928518.0992604936,15,False
hzz_sector_cap2_top15,2023-01-31,-0.002950891833556535,-11726.425726027222,3962131.7796742218,3973858.205400249,15,True
hzz_sector_cap2_top15,2023-02-28,0.0010203187765173202,4042.637449837594,3966174.4171240595,3962131.7796742218,15,True
hzz_sector_cap2_top15,2023-03-31,-0.009608790433486126,-38110.138796799074,3928064.2783272606,3966174.4171240595,15,True
hzz_sector_cap2_top15,2023-04-30,0.023536239861381054,92451.86304563307,4020516.141372894,3928064.2783272606,15,True
hzz_sector_cap2_top15,2023-05-31,0.021817983146450712,87719.55341250685,4108235.6947854008,4020516.141372894,15,True
hzz_sector_cap2_top15,2023-06-30,0.02454992319761376,100856.870784677,4209092.565570078,4108235.6947854008,15,True
hzz_sector_cap2_top15,2023-07-31,0.010647778286541152,44817.48442571887,4253910.049995797,4209092.565570078,15,True
hzz_sector_cap2_top15,2023-08-31,-0.017399099250177477,-74014.2031612043,4179895.8468345925,4253910.049995797,15,True
hzz_sector_cap2_top15,2023-09-30,-0.00981321730340535,-41018.22625058938,4138877.620584003,4179895.8468345925,15,True
hzz_sector_cap2_top15,2023-10-31,0.031219080596286003,129211.95401517644,4268089.574599179,4138877.620584003,15,False
hzz_sector_cap2_top15,2023-11-30,0.02583465828950835,110264.63570878287,4378354.210307962,4268089.574599179,15,True
hzz_sector_cap2_top15,2023-12-31,0.014631296540916942,64060.998812188016,4442415.209120151,4378354.210307962,15,True
hzz_sector_cap2_top15,2024-01-31,0.043029529935052074,191155.03822476615,4633570.247344917,4442415.209120151,15,True
hzz_sector_cap2_top15,2024-02-29,0.023620141690826605,109445.58577668542,4743015.833121602,4633570.247344917,15,True
hzz_sector_cap2_top15,2024-03-31,-0.007057402109019742,-33473.36994378643,4709542.463177816,4743015.833121602,15,True
hzz_sector_cap2_top15,2024-04-30,0.026027664734168766,122578.39228292355,4832120.85546074,4709542.463177816,15,True
hzz_sector_cap2_top15,2024-05-31,0.007139703917700883,34499.91220253718,4866620.767663277,4832120.85546074,15,True
hzz_sector_cap2_top15,2024-06-30,0.0005426900394951062,2641.0666166108876,4869261.834279887,4866620.767663277,15,True
hzz_sector_cap2_top15,2024-07-31,0.000694135005740259,3379.9250912886937,4872641.759371176,4869261.834279887,15,True
hzz_sector_cap2_top15,2024-08-31,0.024507570759869167,119416.6127052825,4992058.372076459,4872641.759371176,15,True
hzz_sector_cap2_top15,2024-09-30,-0.007903426286000756,-39454.36535911923,4952604.00671734,4992058.372076459,15,True
hzz_sector_cap2_top15,2024-10-31,0.04310019420157551,213458.19449301832,5166062.201210358,4952604.00671734,15,True
hzz_sector_cap2_top15,2024-11-30,-0.02276976791908479,-117630.03737711617,5048432.163833242,5166062.201210358,15,True
hzz_sector_cap2_top15,2024-12-31,0.012145894620569215,61317.72506101077,5109749.8888942525,5048432.163833242,15,True
hzz_sector_cap2_top15,2025-01-31,-0.0026808030491631434,-13698.233082608745,5096051.655811644,5109749.8888942525,15,True
hzz_sector_cap2_top15,2025-02-28,-0.01409247010247099,-71815.95560017337,5024235.700211471,5096051.655811644,15,True
hzz_sector_cap2_top15,2025-03-31,-0.002771764090205779,-13925.996094576043,5010309.704116895,5024235.700211471,15,False
hzz_sector_cap2_top15,2025-04-30,0.014361043988008923,71953.2780543707,5082262.982171265,5010309.704116895,15,False
hzz_sector_cap2_top15,2025-05-31,0.008448575339066722,42937.88169782385,5125200.86386909,5082262.982171265,15,True
hzz_sector_cap2_top15,2025-06-30,0.010152231946104739,52032.22794037538,5177233.091809465,5125200.86386909,15,True
hzz_sector_cap2_top15,2025-07-31,0.011911948787518688,61670.93545068138,5238904.027260146,5177233.091809465,15,True
hzz_sector_cap2_top15,2025-08-31,0.034887206768469396,182770.72803919174,5421674.755299338,5238904.027260146,15,True
hzz_sector_cap2_top15,2025-09-30,0.0017095830868834147,9268.803464242525,5430943.55876358,5421674.755299338,15,True
hzz_sector_cap2_top15,2025-10-31,-0.003422499523106499,-18587.401739886667,5412356.157023693,5430943.55876358,15,True
hzz_sector_cap2_top15,2025-11-30,-0.0030533376505486247,-16525.750832419108,5395830.4061912745,5412356.157023693,15,True
hzz_sector_cap2_top15,2025-12-31,0.01710607487749048,92301.47895454781,5488131.885145823,5395830.4061912745,15,True
hzz_sector_cap2_top15,2026-01-31,0.021167981711433286,116172.67537470066,5604304.560520523,5488131.885145823,15,True
hzz_sector_cap2_top15,2026-02-28,-0.029852329234768465,-167301.54487257305,5437003.015647951,5604304.560520523,15,True
hzz_sector_cap2_top15,2026-03-31,0.03109904955130233,169085.62619421582,5606088.641842166,5437003.015647951,15,False
hzz_sector_cap2_top15,2026-04-30,0.027421393525020075,153726.76278409935,5759815.404626265,5606088.641842166,15,True
hzz_sector_cap2_top15,2026-05-31,0.0,0.0,5759815.404626265,5759815.404626265,0,True
hzz_low_vol_factor_top10,2006-06-30,0.0,0.0,1000000.0,1000000.0,0,False
hzz_low_vol_factor_top10,2006-07-31,0.0,0.0,1000000.0,1000000.0,0,False
hzz_low_vol_factor_top10,2006-08-31,0.0,0.0,1000000.0,1000000.0,0,False
hzz_low_vol_factor_top10,2006-09-30,0.0,0.0,1000000.0,1000000.0,0,False
hzz_low_vol_factor_top10,2006-10-31,0.0,0.0,1000000.0,1000000.0,0,False
hzz_low_vol_factor_top10,2006-11-30,0.0,0.0,1000000.0,1000000.0,0,False
hzz_low_vol_factor_top10,2006-12-31,0.0,0.0,1000000.0,1000000.0,0,False
hzz_low_vol_factor_top10,2007-01-31,0.0,0.0,1000000.0,1000000.0,0,False
hzz_low_vol_factor_top10,2007-02-28,0.0,0.0,1000000.0,1000000.0,0,False
hzz_low_vol_factor_top10,2007-03-31,0.0,0.0,1000000.0,1000000.0,0,True
hzz_low_vol_factor_top10,2007-04-30,0.0,0.0,1000000.0,1000000.0,0,True
hzz_low_vol_factor_top10,2007-05-31,0.0,0.0,1000000.0,1000000.0,0,True
hzz_low_vol_factor_top10,2007-06-30,0.0,0.0,1000000.0,1000000.0,0,True
hzz_low_vol_factor_top10,2007-07-31,0.0,0.0,1000000.0,1000000.0,0,True
hzz_low_vol_factor_top10,2007-08-31,0.0,0.0,1000000.0,1000000.0,0,True
hzz_low_vol_factor_top10,2007-09-30,0.0,0.0,1000000.0,1000000.0,0,True
hzz_low_vol_factor_top10,2007-10-31,0.0,0.0,1000000.0,1000000.0,0,True
hzz_low_vol_factor_top10,2007-11-30,0.0,0.0,1000000.0,1000000.0,0,False
hzz_low_vol_factor_top10,2007-12-31,0.0,0.0,1000000.0,1000000.0,0,False
hzz_low_vol_factor_top10,2008-01-31,0.0,0.0,1000000.0,1000000.0,0,False
hzz_low_vol_factor_top10,2008-02-29,0.0,0.0,1000000.0,1000000.0,0,False
hzz_low_vol_factor_top10,2008-03-31,0.0,0.0,1000000.0,1000000.0,0,False
hzz_low_vol_factor_top10,2008-04-30,0.0,0.0,1000000.0,1000000.0,0,False
hzz_low_vol_factor_top10,2008-05-31,0.0,0.0,1000000.0,1000000.0,0,False
hzz_low_vol_factor_top10,2008-06-30,0.0,0.0,1000000.0,1000000.0,0,False
hzz_low_vol_factor_top10,2008-07-31,0.0,0.0,1000000.0,1000000.0,0,False
hzz_low_vol_factor_top10,2008-08-31,0.0,0.0,1000000.0,1000000.0,0,False
hzz_low_vol_factor_top10,2008-09-30,0.0,0.0,1000000.0,1000000.0,0,False
hzz_low_vol_factor_top10,2008-10-31,0.0,0.0,1000000.0,1000000.0,0,False
hzz_low_vol_factor_top10,2008-11-30,0.0,0.0,1000000.0,1000000.0,0,False
hzz_low_vol_factor_top10,2008-12-31,0.0,0.0,1000000.0,1000000.0,0,False
hzz_low_vol_factor_top10,2009-01-31,0.0,0.0,1000000.0,1000000.0,0,False
hzz_low_vol_factor_top10,2009-02-28,0.0,0.0,1000000.0,1000000.0,0,False
hzz_low_vol_factor_top10,2009-03-31,0.0,0.0,1000000.0,1000000.0,0,False
hzz_low_vol_factor_top10,2009-04-30,0.0,0.0,1000000.0,1000000.0,0,False
hzz_low_vol_factor_top10,2009-05-31,0.0,0.0,1000000.0,1000000.0,0,False
hzz_low_vol_factor_top10,2009-06-30,0.0,0.0,1000000.0,1000000.0,0,True
hzz_low_vol_factor_top10,2009-07-31,0.0,0.0,1000000.0,1000000.0,0,True
hzz_low_vol_factor_top10,2009-08-31,0.0,0.0,1000000.0,1000000.0,0,True
hzz_low_vol_factor_top10,2009-09-30,0.0,0.0,1000000.0,1000000.0,0,True
hzz_low_vol_factor_top10,2009-10-31,0.0,0.0,1000000.0,1000000.0,0,True
hzz_low_vol_factor_top10,2009-11-30,0.0,0.0,1000000.0,1000000.0,0,True
hzz_low_vol_factor_top10,2009-12-31,0.0,0.0,1000000.0,1000000.0,0,True
hzz_low_vol_factor_top10,2010-01-31,0.0,0.0,1000000.0,1000000.0,0,True
hzz_low_vol_factor_top10,2010-02-28,0.0,0.0,1000000.0,1000000.0,0,True
hzz_low_vol_factor_top10,2010-03-31,0.0,0.0,1000000.0,1000000.0,0,True
hzz_low_vol_factor_top10,2010-04-30,0.0,0.0,1000000.0,1000000.0,0,True
hzz_low_vol_factor_top10,2010-05-31,0.0,0.0,1000000.0,1000000.0,0,False
hzz_low_vol_factor_top10,2010-06-30,0.0,0.0,1000000.0,1000000.0,0,False
hzz_low_vol_factor_top10,2010-07-31,0.0,0.0,1000000.0,1000000.0,0,True
hzz_low_vol_factor_top10,2010-08-31,0.0,0.0,1000000.0,1000000.0,0,False
hzz_low_vol_factor_top10,2010-09-30,0.0,0.0,1000000.0,1000000.0,0,True
hzz_low_vol_factor_top10,2010-10-31,0.0,0.0,1000000.0,1000000.0,0,True
hzz_low_vol_factor_top10,2010-11-30,-0.030319413960005967,-30319.413960005968,969680.586039994,1000000.0,10,True
hzz_low_vol_factor_top10,2010-12-31,0.00856074093565068,8301.184287418317,977981.7703274123,969680.586039994,9,True
hzz_low_vol_factor_top10,2011-01-31,0.05219948990371889,51050.14954622689,1029031.9198736391,977981.7703274123,9,True
hzz_low_vol_factor_top10,2011-02-28,0.03611922814133598,37167.838678632936,1066199.758552272,1029031.9198736391,10,True
hzz_low_vol_factor_top10,2011-03-31,0.010258314961525523,10937.412935131673,1077137.1714874038,1066199.758552272,10,True
hzz_low_vol_factor_top10,2011-04-30,-0.003449526914364505,-3715.613663508255,1073421.5578238955,1077137.1714874038,10,True
hzz_low_vol_factor_top10,2011-05-31,-0.017350489804106004,-18624.389794531082,1054797.1680293644,1073421.5578238955,10,True
hzz_low_vol_factor_top10,2011-06-30,-0.0052884200083096015,-5578.210448114795,1049218.9575812495,1054797.1680293644,10,True
hzz_low_vol_factor_top10,2011-07-31,-0.0795975526861052,-83515.26125533388,965703.6963259156,1049218.9575812495,10,True
hzz_low_vol_factor_top10,2011-08-31,-0.04493905943398094,-43397.8158048054,922305.8805211103,965703.6963259156,9,False
hzz_low_vol_factor_top10,2011-09-30,0.15576770717512842,143665.4723229113,1065971.3528440215,922305.8805211103,9,False
hzz_low_vol_factor_top10,2011-10-31,0.03526020064295046,37586.36378091754,1103557.716624939,1065971.3528440215,10,False
hzz_low_vol_factor_top10,2011-11-30,0.011603036518065341,12804.620485791973,1116362.337110731,1103557.716624939,10,False
hzz_low_vol_factor_top10,2011-12-31,0.03343046684166681,37320.51409406596,1153682.851204797,1116362.337110731,10,False
hzz_low_vol_factor_top10,2012-01-31,0.04320850405358706,49848.910152836346,1203531.7613576332,1153682.851204797,10,True
hzz_low_vol_factor_top10,2012-02-29,0.028889709238836287,34769.682645326524,1238301.4440029596,1203531.7613576332,10,True
hzz_low_vol_factor_top10,2012-03-31,0.0411570059441612,50964.77989149321,1289266.223894453,1238301.4440029596,10,True
hzz_low_vol_factor_top10,2012-04-30,-0.018933326157610456,-24410.097920984506,1264856.1259734684,1289266.223894453,10,True
hzz_low_vol_factor_top10,2012-05-31,0.025276782158170107,31971.492757658325,1296827.6187311267,1264856.1259734684,10,True
hzz_low_vol_factor_top10,2012-06-30,0.021823172564007794,28300.89290934068,1325128.5116404674,1296827.6187311267,10,True
hzz_low_vol_factor_top10,2012-07-31,-0.0034004413403625963,-4506.021772275403,1320622.489868192,1325128.5116404674,10,True
hzz_low_vol_factor_top10,2012-08-31,0.005226893675230785,6902.7533396595845,1327525.2432078517,1320622.489868192,10,True
hzz_low_vol_factor_top10,2012-09-30,0.004497728187123799,5970.847705494331,1333496.090913346,1327525.2432078517,10,True
hzz_low_vol_factor_top10,2012-10-31,0.035237226443717184,46988.703717325254,1380484.7946306714,1333496.090913346,10,True
hzz_low_vol_factor_top10,2012-11-30,0.0020190766816206365,2787.3046581706417,1383272.099288842,1380484.7946306714,10,True
hzz_low_vol_factor_top10,2012-12-31,0.005122054740657749,7085.1954137820085,1390357.294702624,1383272.099288842,10,True
hzz_low_vol_factor_top10,2013-01-31,-0.010670226665433314,-14835.427480415663,1375521.8672222083,1390357.294702624,10,True
hzz_low_vol_factor_top10,2013-02-28,0.0637451424133842,87682.83731880382,1463204.7045410122,1375521.8672222083,10,True
hzz_low_vol_factor_top10,2013-03-31,0.0326143033881236,47721.40215283032,1510926.1066938424,1463204.7045410122,10,True
hzz_low_vol_factor_top10,2013-04-30,0.026343356152582036,39802.86454887006,1550728.9712427126,1510926.1066938424,10,True
hzz_low_vol_factor_top10,2013-05-31,-0.04225213664288132,-65521.612389021866,1485207.3588536908,1550728.9712427126,10,True
hzz_low_vol_factor_top10,2013-06-30,0.05790725770823653,86004.28527931,1571211.6441330009,1485207.3588536908,10,True
hzz_low_vol_factor_top10,2013-07-31,-0.028954319500656696,-45493.36394737902,1525718.280185622,1571211.6441330009,10,True
hzz_low_vol_factor_top10,2013-08-31,0.015020784891137586,22917.486091144612,1548635.7662767665,1525718.280185622,10,True
hzz_low_vol_factor_top10,2013-09-30,0.0063879345917185835,9892.583981371972,1558528.3502581385,1548635.7662767665,10,True
hzz_low_vol_factor_top10,2013-10-31,0.028400873491679652,44263.566508877586,1602791.916767016,1558528.3502581385,10,True
hzz_low_vol_factor_top10,2013-11-30,0.011519182934418025,18462.853295045767,1621254.7700620617,1602791.916767016,10,True
hzz_low_vol_factor_top10,2013-12-31,-0.0014902247069879127,-2416.033914668492,1618838.7361473932,1621254.7700620617,10,True
hzz_low_vol_factor_top10,2014-01-31,0.049125577866536325,79526.38838597402,1698365.1245333673,1618838.7361473932,10,True
hzz_low_vol_factor_top10,2014-02-28,0.017212632125191057,29233.33410284715,1727598.4586362145,1698365.1245333673,10,True
hzz_low_vol_factor_top10,2014-03-31,-0.0007532905183840253,-1301.383538465517,1726297.075097749,1727598.4586362145,10,True
hzz_low_vol_factor_top10,2014-04-30,0.036747580058186985,63437.239971368566,1789734.3150691176,1726297.075097749,10,True
hzz_low_vol_factor_top10,2014-05-31,0.014672704725645998,26260.243142365445,1815994.558211483,1789734.3150691176,10,True
hzz_low_vol_factor_top10,2014-06-30,-0.00658833700514553,-11964.384149007623,1804030.1740624753,1815994.558211483,10,True
hzz_low_vol_factor_top10,2014-07-31,0.046223559584268846,83388.69624259573,1887418.8703050711,1804030.1740624753,10,True
hzz_low_vol_factor_top10,2014-08-31,-0.0010731924827811737,-2025.5637434707373,1885393.3065616004,1887418.8703050711,10,True
hzz_low_vol_factor_top10,2014-09-30,0.0027577940903117607,5199.526518748931,1890592.8330803493,1885393.3065616004,10,True
hzz_low_vol_factor_top10,2014-10-31,0.012241478556171465,23143.651624604554,1913736.4847049539,1890592.8330803493,10,True
hzz_low_vol_factor_top10,2014-11-30,-0.01626006595471109,-31117.481461239495,1882619.0032437143,1913736.4847049539,10,True
hzz_low_vol_factor_top10,2014-12-31,-0.00871632325245977,-16409.515793495822,1866209.4874502185,1882619.0032437143,10,True
hzz_low_vol_factor_top10,2015-01-31,0.02401148877623114,44810.46816200699,1911019.9556122255,1866209.4874502185,10,True
hzz_low_vol_factor_top10,2015-02-28,0.010621782482695014,20298.438288602538,1931318.393900828,1911019.9556122255,10,True
hzz_low_vol_factor_top10,2015-03-31,-0.010127543392962918,-19559.510839858085,1911758.8830609699,1931318.393900828,10,True
hzz_low_vol_factor_top10,2015-04-30,0.012407542496906161,23720.22958541684,1935479.1126463867,1911758.8830609699,10,True
hzz_low_vol_factor_top10,2015-05-31,-0.006620094659784138,-12813.054937754086,1922666.0577086327,1935479.1126463867,10,True
hzz_low_vol_factor_top10,2015-06-30,0.017453409494135135,33557.07802566322,1956223.135734296,1922666.0577086327,10,True
hzz_low_vol_factor_top10,2015-07-31,-0.022909997426347372,-44817.0670050339,1911406.068729262,1956223.135734296,10,True
hzz_low_vol_factor_top10,2015-08-31,0.0034765045962099755,6645.01198316092,1918051.080712423,1911406.068729262,10,False
hzz_low_vol_factor_top10,2015-09-30,0.056464117669273575,108301.0619170236,2026352.1426294465,1918051.080712423,10,False
hzz_low_vol_factor_top10,2015-10-31,0.0026144100557129726,5297.715418105952,2031649.8580475524,2026352.1426294465,10,True
hzz_low_vol_factor_top10,2015-11-30,-0.0059493458086940145,-12086.987567708995,2019562.8704798433,2031649.8580475524,10,True
hzz_low_vol_factor_top10,2015-12-31,-0.002890819028879194,-5838.190776001018,2013724.6797038424,2019562.8704798433,10,False
hzz_low_vol_factor_top10,2016-01-31,0.013476557576737748,27138.07658972661,2040862.756293569,2013724.6797038424,10,False
hzz_low_vol_factor_top10,2016-02-29,0.01977689111333117,40361.92050847084,2081224.6768020398,2040862.756293569,10,False
hzz_low_vol_factor_top10,2016-03-31,-0.00923516183581779,-19220.446706964412,2062004.2300950754,2081224.6768020398,10,True
hzz_low_vol_factor_top10,2016-04-30,0.009002673902648816,18563.5516694284,2080567.7817645038,2062004.2300950754,10,True
hzz_low_vol_factor_top10,2016-05-31,0.021776550250012787,45307.58884815236,2125875.370612656,2080567.7817645038,10,True
hzz_low_vol_factor_top10,2016-06-30,0.005684041785650477,12083.564437647532,2137958.9350503036,2125875.370612656,10,True
hzz_low_vol_factor_top10,2016-07-31,0.007969153956071796,17037.72390517517,2154996.6589554786,2137958.9350503036,10,True
hzz_low_vol_factor_top10,2016-08-31,0.00440094311013989,9484.017698604597,2164480.676654083,2154996.6589554786,10,True
hzz_low_vol_factor_top10,2016-09-30,-0.009325845269431768,-20185.611879150954,2144295.0647749323,2164480.676654083,10,True
hzz_low_vol_factor_top10,2016-10-31,0.01220373057485794,26168.39924351083,2170463.464018443,2144295.0647749323,10,True
hzz_low_vol_factor_top10,2016-11-30,-0.0013566894859444439,-2944.6449612603788,2167518.819057183,2170463.464018443,10,True
hzz_low_vol_factor_top10,2016-12-31,0.009724708073157807,21078.48775840686,2188597.30681559,2167518.819057183,10,True
hzz_low_vol_factor_top10,2017-01-31,0.01961102439148936,42920.635167108456,2231517.941982698,2188597.30681559,10,True
hzz_low_vol_factor_top10,2017-02-28,0.00037416190115504194,834.948995633833,2232352.890978332,2231517.941982698,10,True
hzz_low_vol_factor_top10,2017-03-31,0.004492503680326976,10028.853578508722,2242381.744556841,2232352.890978332,10,True
hzz_low_vol_factor_top10,2017-04-30,0.018877096734081878,42329.65710673877,2284711.40166358,2242381.744556841,10,True
hzz_low_vol_factor_top10,2017-05-31,0.0016389656134822375,3744.5634240574122,2288455.9650876373,2284711.40166358,10,True
hzz_low_vol_factor_top10,2017-06-30,0.00588173384105386,13460.088893617527,2301916.053981255,2288455.9650876373,10,True
hzz_low_vol_factor_top10,2017-07-31,0.01459273766135123,33591.25709420127,2335507.311075456,2301916.053981255,10,True
hzz_low_vol_factor_top10,2017-08-31,0.006535237578162504,15263.095143413586,2350770.4062188696,2335507.311075456,10,True
hzz_low_vol_factor_top10,2017-09-30,0.001657076746047719,3895.406975442439,2354665.813194312,2350770.4062188696,10,True
hzz_low_vol_factor_top10,2017-10-31,0.03078435007871013,72486.85671174437,2427152.6699060565,2354665.813194312,10,True
hzz_low_vol_factor_top10,2017-11-30,-0.0002679078791085495,-650.2533240671848,2426502.4165819893,2427152.6699060565,10,True
hzz_low_vol_factor_top10,2017-12-31,0.015100293971586283,36640.89981315256,2463143.3163951416,2426502.4165819893,10,True
hzz_low_vol_factor_top10,2018-01-31,-0.011631886160804008,-28651.002654053536,2434492.313741088,2463143.3163951416,10,True
hzz_low_vol_factor_top10,2018-02-28,-0.008672200005484304,-21112.404256576956,2413379.909484511,2434492.313741088,10,True
hzz_low_vol_factor_top10,2018-03-31,-0.004342935483949981,-10481.153245152274,2402898.7562393583,2413379.909484511,10,True
hzz_low_vol_factor_top10,2018-04-30,0.03114230026818806,74831.79458086172,2477730.5508202203,2402898.7562393583,10,True
hzz_low_vol_factor_top10,2018-05-31,-0.008638112778109221,-21402.915931751744,2456327.6348884683,2477730.5508202203,10,True
hzz_low_vol_factor_top10,2018-06-30,0.020216911737348152,49659.3589925493,2505986.9938810174,2456327.6348884683,10,True
hzz_low_vol_factor_top10,2018-07-31,0.02212621506978216,55448.007188688265,2561435.001069706,2505986.9938810174,10,True
hzz_low_vol_factor_top10,2018-08-31,0.003971749733197763,10173.378782102016,2571608.379851808,2561435.001069706,10,True
hzz_low_vol_factor_top10,2018-09-30,-0.052565937188001906,-135179.00456742948,2436429.3752843784,2571608.379851808,10,True
hzz_low_vol_factor_top10,2018-10-31,0.01982587780226157,48304.35106822858,2484733.726352607,2436429.3752843784,10,False
hzz_low_vol_factor_top10,2018-11-30,-0.03097350752669847,-76960.91877502401,2407772.807577583,2484733.726352607,10,True
hzz_low_vol_factor_top10,2018-12-31,0.014834095771094612,35717.132422643226,2443489.9400002263,2407772.807577583,10,False
hzz_low_vol_factor_top10,2019-01-31,0.017637447526594515,43096.92559851557,2486586.865598742,2443489.9400002263,10,False
hzz_low_vol_factor_top10,2019-02-28,0.016994265646790817,42257.71774780595,2528844.583346548,2486586.865598742,10,True
hzz_low_vol_factor_top10,2019-03-31,0.014293706907003665,36146.56328771936,2564991.146634267,2528844.583346548,10,True
hzz_low_vol_factor_top10,2019-04-30,-0.013187930840774383,-33826.9258490113,2531164.220785256,2564991.146634267,10,True
hzz_low_vol_factor_top10,2019-05-31,0.022244961991427,56305.65188542796,2587469.872670684,2531164.220785256,10,False
hzz_low_vol_factor_top10,2019-06-30,0.006095170798235993,15771.070809217757,2603240.9434799016,2587469.872670684,10,True
hzz_low_vol_factor_top10,2019-07-31,0.003507886455201719,9131.873645259691,2612372.817125161,2603240.9434799016,10,True
hzz_low_vol_factor_top10,2019-08-31,-0.007680697651351554,-20064.84576094787,2592307.971364213,2612372.817125161,10,True
hzz_low_vol_factor_top10,2019-09-30,0.006378878873644006,16536.01855251413,2608843.9899167274,2592307.971364213,10,True
hzz_low_vol_factor_top10,2019-10-31,0.007448378764925742,19431.6581754999,2628275.6480922275,2608843.9899167274,10,True
hzz_low_vol_factor_top10,2019-11-30,0.014260204433716601,37479.748049954156,2665755.3961421815,2628275.6480922275,10,True
hzz_low_vol_factor_top10,2019-12-31,0.011633137027519481,31011.097805171474,2696766.4939473527,2665755.3961421815,10,True
hzz_low_vol_factor_top10,2020-01-31,-0.033345597642936015,-89925.29044411967,2606841.203503233,2696766.4939473527,10,True
hzz_low_vol_factor_top10,2020-02-29,-0.04603048855679857,-119994.17418724656,2486847.029315986,2606841.203503233,10,False
hzz_low_vol_factor_top10,2020-03-31,0.07378281365637178,183486.57095592315,2670333.6002719095,2486847.029315986,10,False
hzz_low_vol_factor_top10,2020-04-30,0.03611271487238262,96432.99592076242,2766766.596192672,2670333.6002719095,10,False
hzz_low_vol_factor_top10,2020-05-31,-0.0019364248636610049,-5357.635628814217,2761408.9605638576,2766766.596192672,10,True
hzz_low_vol_factor_top10,2020-06-30,0.02545415584949489,70289.33404638412,2831698.294610242,2761408.9605638576,10,True
hzz_low_vol_factor_top10,2020-07-31,0.020496373048172374,58039.54460620503,2889737.839216447,2831698.294610242,10,True
hzz_low_vol_factor_top10,2020-08-31,-0.01846126954495508,-53348.22916403089,2836389.610052416,2889737.839216447,10,True
hzz_low_vol_factor_top10,2020-09-30,-0.002544242903368288,-7216.464136563405,2829173.145915853,2836389.610052416,10,True
hzz_low_vol_factor_top10,2020-10-31,0.01240622220957151,35099.35071758455,2864272.4966334375,2829173.145915853,10,True
hzz_low_vol_factor_top10,2020-11-30,0.015383351385179767,44062.1102786183,2908334.606912056,2864272.4966334375,10,True
hzz_low_vol_factor_top10,2020-12-31,-0.0055143010567515645,-16037.432596282297,2892297.174315774,2908334.606912056,10,True
hzz_low_vol_factor_top10,2021-01-31,0.003038893650643273,8789.383518801686,2901086.5578345754,2892297.174315774,10,True
hzz_low_vol_factor_top10,2021-02-28,-0.011975347271475851,-34741.51899467955,2866345.0388398957,2901086.5578345754,10,True
hzz_low_vol_factor_top10,2021-03-31,0.019080244122416372,54690.56308014225,2921035.601920038,2866345.0388398957,10,True
hzz_low_vol_factor_top10,2021-04-30,-0.004992493643797546,-14583.251675892128,2906452.350244146,2921035.601920038,10,True
hzz_low_vol_factor_top10,2021-05-31,0.0030033259563224213,8729.023784302548,2915181.3740284485,2906452.350244146,10,True
hzz_low_vol_factor_top10,2021-06-30,0.0028483228963360973,8303.377854617755,2923484.7518830663,2915181.3740284485,10,True
hzz_low_vol_factor_top10,2021-07-31,0.002248680963069185,6573.984507382491,2930058.7363904486,2923484.7518830663,10,True
hzz_low_vol_factor_top10,2021-08-31,-0.021112753846788616,-61861.608858044034,2868197.1275324044,2930058.7363904486,10,True
hzz_low_vol_factor_top10,2021-09-30,0.016965955438126658,48661.70465347765,2916858.832185882,2868197.1275324044,10,True
hzz_low_vol_factor_top10,2021-10-31,-0.005266109583881188,-15360.498251002564,2901498.3339348794,2916858.832185882,10,True
hzz_low_vol_factor_top10,2021-11-30,0.008662505032125435,25134.243918414457,2926632.5778532936,2901498.3339348794,10,True
hzz_low_vol_factor_top10,2021-12-31,-0.024953973291398895,-73031.11118148899,2853601.4666718044,2926632.5778532936,10,True
hzz_low_vol_factor_top10,2022-01-31,-0.020802182053418442,-59361.13721760875,2794240.3294541957,2853601.4666718044,10,True
hzz_low_vol_factor_top10,2022-02-28,0.00033919425962672275,947.7902797683457,2795188.119733964,2794240.3294541957,10,False
hzz_low_vol_factor_top10,2022-03-31,-0.017042876029725217,-47638.044604386676,2747550.0751295774,2795188.119733964,10,True
hzz_low_vol_factor_top10,2022-04-30,0.04708676910733393,129373.25599846439,2876923.3311280417,2747550.0751295774,10,False
hzz_low_vol_factor_top10,2022-05-31,-0.05108392776548965,-146964.54363419674,2729958.787493845,2876923.3311280417,10,False
hzz_low_vol_factor_top10,2022-06-30,0.020407853547654186,55712.599126305984,2785671.386620151,2729958.787493845,10,False
hzz_low_vol_factor_top10,2022-07-31,0.004407820747633999,12278.740134034671,2797950.1267541857,2785671.386620151,10,False
hzz_low_vol_factor_top10,2022-08-31,-0.023873346614599607,-66796.43318636558,2731153.69356782,2797950.1267541857,10,False
hzz_low_vol_factor_top10,2022-09-30,0.040434295553076614,110432.27564659808,2841585.969214418,2731153.69356782,10,False
hzz_low_vol_factor_top10,2022-10-31,0.02596954602495319,73794.69761137504,2915380.666825793,2841585.969214418,10,False
hzz_low_vol_factor_top10,2022-11-30,-0.02215154049056112,-64580.17288659063,2850800.4939392027,2915380.666825793,10,True
hzz_low_vol_factor_top10,2022-12-31,0.012587788633665623,35885.27405445624,2886685.767993659,2850800.4939392027,10,False
hzz_low_vol_factor_top10,2023-01-31,-0.004486444376309507,-12950.95512998784,2873734.8128636708,2886685.767993659,10,True
hzz_low_vol_factor_top10,2023-02-28,0.007498780695961355,21549.50714001421,2895284.320003685,2873734.8128636708,10,True
hzz_low_vol_factor_top10,2023-03-31,-0.004755890135511857,-13769.654137007681,2881514.665866677,2895284.320003685,10,True
hzz_low_vol_factor_top10,2023-04-30,-0.016917705300030613,-48748.615934848625,2832766.0499318284,2881514.665866677,10,True
hzz_low_vol_factor_top10,2023-05-31,0.027414167983593207,77657.92435105093,2910423.9742828794,2832766.0499318284,10,True
hzz_low_vol_factor_top10,2023-06-30,0.028349364806166108,82508.67098755715,2992932.6452704365,2910423.9742828794,10,True
hzz_low_vol_factor_top10,2023-07-31,-0.007353692222985069,-22009.10551744334,2970923.5397529933,2992932.6452704365,10,True
hzz_low_vol_factor_top10,2023-08-31,-0.018159424385537835,-53950.26137535889,2916973.2783776345,2970923.5397529933,10,True
hzz_low_vol_factor_top10,2023-09-30,-0.011087506348425992,-32341.959742200997,2884631.3186354334,2916973.2783776345,10,True
hzz_low_vol_factor_top10,2023-10-31,0.04464219388901902,128776.27062485964,3013407.589260293,2884631.3186354334,10,False
hzz_low_vol_factor_top10,2023-11-30,0.02070306511800567,62386.773547548335,3075794.3628078415,3013407.589260293,10,True
hzz_low_vol_factor_top10,2023-12-31,0.02822004382078116,86799.05170214895,3162593.4145099903,3075794.3628078415,10,True
hzz_low_vol_factor_top10,2024-01-31,0.045671148343083445,144439.27298294456,3307032.687492935,3162593.4145099903,10,True
hzz_low_vol_factor_top10,2024-02-29,0.02082831773218073,68879.9275658104,3375912.6150587453,3307032.687492935,10,True
hzz_low_vol_factor_top10,2024-03-31,-0.0074946530414649925,-25301.29374817006,3350611.321310575,3375912.6150587453,10,True
hzz_low_vol_factor_top10,2024-04-30,0.03209851972696009,107549.6635944633,3458160.9849050385,3350611.321310575,10,True
hzz_low_vol_factor_top10,2024-05-31,0.008011952968900234,27706.623169944876,3485867.6080749836,3458160.9849050385,10,True
hzz_low_vol_factor_top10,2024-06-30,0.005431165751784368,18932.324768231345,3504799.932843215,3485867.6080749836,10,True
hzz_low_vol_factor_top10,2024-07-31,0.007689630450868089,26950.616287791618,3531750.5491310065,3504799.932843215,10,True
hzz_low_vol_factor_top10,2024-08-31,0.020361877629091744,71913.07249788313,3603663.62162889,3531750.5491310065,10,True
hzz_low_vol_factor_top10,2024-09-30,0.0018954548375218806,6830.581644418099,3610494.203273308,3603663.62162889,10,True
hzz_low_vol_factor_top10,2024-10-31,0.034538940257769324,124702.64358787924,3735196.8468611874,3610494.203273308,10,True
hzz_low_vol_factor_top10,2024-11-30,-0.020902929796539918,-78076.55746619667,3657120.2893949905,3735196.8468611874,10,True
hzz_low_vol_factor_top10,2024-12-31,0.005684102544076424,20787.44674094357,3677907.736135934,3657120.2893949905,10,True
hzz_low_vol_factor_top10,2025-01-31,-0.002276930220832369,-8374.33927384107,3669533.396862093,3677907.736135934,10,True
hzz_low_vol_factor_top10,2025-02-28,-0.011502241101889915,-42207.85786214488,3627325.538999948,3669533.396862093,10,True
hzz_low_vol_factor_top10,2025-03-31,-0.0031030897298964044,-11255.916627061679,3616069.6223728866,3627325.538999948,10,False
hzz_low_vol_factor_top10,2025-04-30,0.011401447672869046,41228.4285809358,3657298.050953822,3616069.6223728866,10,False
hzz_low_vol_factor_top10,2025-05-31,-0.003195523279570434,-11686.981062150515,3645611.0698916717,3657298.050953822,10,True
hzz_low_vol_factor_top10,2025-06-30,-0.0027352851528168265,-9971.785832419355,3635639.284059252,3645611.0698916717,10,True
hzz_low_vol_factor_top10,2025-07-31,0.00838270113335984,30476.477546971048,3666115.761606223,3635639.284059252,10,True
hzz_low_vol_factor_top10,2025-08-31,0.016655637249068784,61061.494238406776,3727177.25584463,3666115.761606223,10,True
hzz_low_vol_factor_top10,2025-09-30,0.0026000804517762326,9690.960723226604,3736868.2165678563,3727177.25584463,10,True
hzz_low_vol_factor_top10,2025-10-31,0.01635538405911608,61117.91486027145,3797986.1314281276,3736868.2165678563,10,True
hzz_low_vol_factor_top10,2025-11-30,-0.005874671173474701,-22311.91964355752,3775674.21178457,3797986.1314281276,10,True
hzz_low_vol_factor_top10,2025-12-31,0.027601953507704825,104215.98405391777,3879890.1958384877,3775674.21178457,10,True
hzz_low_vol_factor_top10,2026-01-31,0.029286214968203283,113627.29832835028,3993517.494166838,3879890.1958384877,10,True
hzz_low_vol_factor_top10,2026-02-28,-0.02042820305856787,-81580.38628878331,3911937.1078780545,3993517.494166838,10,True
hzz_low_vol_factor_top10,2026-03-31,0.02617050126382274,102377.3550257177,4014314.462903772,3911937.1078780545,10,False
hzz_low_vol_factor_top10,2026-04-30,0.03830613999096693,153772.8917837551,4168087.3546875273,4014314.462903772,10,True
hzz_low_vol_factor_top10,2026-05-31,0.0,0.0,4168087.3546875273,4168087.3546875273,0,True
