strategy,strategy_notes,signal_month,ticker,GICS Sector,score,allocated_cash,realized_stock_return
improved_3_dynamic_ic_weights_stop_take_top10,Improved 3: builds on improved 2 and uses past-only rolling rank-IC weights with shrinkage and caps.,2016-05-31,CLX,Consumer Staples,1.2819923674145801,100000.0,0.07579291044761405
improved_3_dynamic_ic_weights_stop_take_top10,Improved 3: builds on improved 2 and uses past-only rolling rank-IC weights with shrinkage and caps.,2016-05-31,LII,Industrials,1.2686278938027011,100000.0,0.04533277864905094
improved_3_dynamic_ic_weights_stop_take_top10,Improved 3: builds on improved 2 and uses past-only rolling rank-IC weights with shrinkage and caps.,2016-05-31,KMB,Consumer Staples,1.1180665467791622,100000.0,0.09122465858978046
improved_3_dynamic_ic_weights_stop_take_top10,Improved 3: builds on improved 2 and uses past-only rolling rank-IC weights with shrinkage and caps.,2016-05-31,TSN,Consumer Staples,1.1048288276289593,100000.0,0.04408316398292156
improved_3_dynamic_ic_weights_stop_take_top10,Improved 3: builds on improved 2 and uses past-only rolling rank-IC weights with shrinkage and caps.,2016-05-31,MO,Consumer Staples,1.0113894338032234,100000.0,0.09235082723894728
improved_3_dynamic_ic_weights_stop_take_top10,Improved 3: builds on improved 2 and uses past-only rolling rank-IC weights with shrinkage and caps.,2016-05-31,NVDA,Information Technology,0.9222642362127575,100000.0,0.010967741944301945
improved_3_dynamic_ic_weights_stop_take_top10,Improved 3: builds on improved 2 and uses past-only rolling rank-IC weights with shrinkage and caps.,2016-05-31,CINF,Financials,0.9167713972928823,100000.0,0.09362824897038591
improved_3_dynamic_ic_weights_stop_take_top10,Improved 3: builds on improved 2 and uses past-only rolling rank-IC weights with shrinkage and caps.,2016-05-31,CPRT,Industrials,0.9141169515733137,100000.0,-0.015270243118344462
improved_3_dynamic_ic_weights_stop_take_top10,Improved 3: builds on improved 2 and uses past-only rolling rank-IC weights with shrinkage and caps.,2016-05-31,FIX,Industrials,0.9069679379666092,100000.0,0.028742893239699585
improved_3_dynamic_ic_weights_stop_take_top10,Improved 3: builds on improved 2 and uses past-only rolling rank-IC weights with shrinkage and caps.,2016-05-31,GPN,Financials,0.9054395630059856,100000.0,-0.1
improved_3_dynamic_ic_weights_stop_take_top10,Improved 3: builds on improved 2 and uses past-only rolling rank-IC weights with shrinkage and caps.,2016-06-30,CHTR,Communication Services,1.2787742559563666,100000.0,0.027068392513555972
improved_3_dynamic_ic_weights_stop_take_top10,Improved 3: builds on improved 2 and uses past-only rolling rank-IC weights with shrinkage and caps.,2016-06-30,CLX,Consumer Staples,1.2178692872833918,100000.0,-0.0493206831373475
improved_3_dynamic_ic_weights_stop_take_top10,Improved 3: builds on improved 2 and uses past-only rolling rank-IC weights with shrinkage and caps.,2016-06-30,KMB,Consumer Staples,1.2011229362584008,100000.0,-0.05437956204355421
improved_3_dynamic_ic_weights_stop_take_top10,Improved 3: builds on improved 2 and uses past-only rolling rank-IC weights with shrinkage and caps.,2016-06-30,LII,Industrials,1.1968527269803824,100000.0,0.1001192731359164
improved_3_dynamic_ic_weights_stop_take_top10,Improved 3: builds on improved 2 and uses past-only rolling rank-IC weights with shrinkage and caps.,2016-06-30,MO,Consumer Staples,1.0123539836076187,100000.0,-0.022806004618098008
improved_3_dynamic_ic_weights_stop_take_top10,Improved 3: builds on improved 2 and uses past-only rolling rank-IC weights with shrinkage and caps.,2016-06-30,AWK,Utilities,0.9660765100199304,100000.0,-0.02629406909510279
improved_3_dynamic_ic_weights_stop_take_top10,Improved 3: builds on improved 2 and uses past-only rolling rank-IC weights with shrinkage and caps.,2016-06-30,NVDA,Information Technology,0.9466975787330512,100000.0,0.2
improved_3_dynamic_ic_weights_stop_take_top10,Improved 3: builds on improved 2 and uses past-only rolling rank-IC weights with shrinkage and caps.,2016-06-30,ATO,Utilities,0.9269536473250874,100000.0,-0.02659509576749408
improved_3_dynamic_ic_weights_stop_take_top10,Improved 3: builds on improved 2 and uses past-only rolling rank-IC weights with shrinkage and caps.,2016-06-30,TSN,Consumer Staples,0.8973946362010028,100000.0,0.10477334133974203
improved_3_dynamic_ic_weights_stop_take_top10,Improved 3: builds on improved 2 and uses past-only rolling rank-IC weights with shrinkage and caps.,2016-06-30,CINF,Financials,0.8133338732319753,100000.0,-0.00306953156345946
improved_3_dynamic_ic_weights_stop_take_top10,Improved 3: builds on improved 2 and uses past-only rolling rank-IC weights with shrinkage and caps.,2016-07-31,LII,Industrials,1.3107042465400678,100000.0,0.027625366849403532
improved_3_dynamic_ic_weights_stop_take_top10,Improved 3: builds on improved 2 and uses past-only rolling rank-IC weights with shrinkage and caps.,2016-07-31,CHTR,Communication Services,1.2886901498765855,100000.0,0.09200135858028347
improved_3_dynamic_ic_weights_stop_take_top10,Improved 3: builds on improved 2 and uses past-only rolling rank-IC weights with shrinkage and caps.,2016-07-31,TSN,Consumer Staples,1.2334296607466186,100000.0,0.027272804284541596
improved_3_dynamic_ic_weights_stop_take_top10,Improved 3: builds on improved 2 and uses past-only rolling rank-IC weights with shrinkage and caps.,2016-07-31,KLAC,Information Technology,1.2301365756052782,100000.0,-0.1
improved_3_dynamic_ic_weights_stop_take_top10,Improved 3: builds on improved 2 and uses past-only rolling rank-IC weights with shrinkage and caps.,2016-07-31,NVDA,Information Technology,1.1351674832704848,100000.0,0.07171485922652954
improved_3_dynamic_ic_weights_stop_take_top10,Improved 3: builds on improved 2 and uses past-only rolling rank-IC weights with shrinkage and caps.,2016-07-31,AWK,Utilities,1.1032705179454352,100000.0,-0.1
improved_3_dynamic_ic_weights_stop_take_top10,Improved 3: builds on improved 2 and uses past-only rolling rank-IC weights with shrinkage and caps.,2016-07-31,SPGI,Financials,1.1012078420401312,100000.0,0.013891984084082765
improved_3_dynamic_ic_weights_stop_take_top10,Improved 3: builds on improved 2 and uses past-only rolling rank-IC weights with shrinkage and caps.,2016-07-31,CLX,Consumer Staples,1.0759547482829404,100000.0,0.00275482093752899
improved_3_dynamic_ic_weights_stop_take_top10,Improved 3: builds on improved 2 and uses past-only rolling rank-IC weights with shrinkage and caps.,2016-07-31,AMAT,Information Technology,1.0319257145700296,100000.0,0.13364758505323815
improved_3_dynamic_ic_weights_stop_take_top10,Improved 3: builds on improved 2 and uses past-only rolling rank-IC weights with shrinkage and caps.,2016-07-31,KMB,Consumer Staples,1.0199068940080158,100000.0,-0.0089769385536429
improved_3_dynamic_ic_weights_stop_take_top10,Improved 3: builds on improved 2 and uses past-only rolling rank-IC weights with shrinkage and caps.,2016-08-31,TSN,Consumer Staples,0.8617289292454436,100000.0,-0.012040222280221724
improved_3_dynamic_ic_weights_stop_take_top10,Improved 3: builds on improved 2 and uses past-only rolling rank-IC weights with shrinkage and caps.,2016-08-31,LII,Industrials,0.8517636470630466,100000.0,-0.02641063517828146
improved_3_dynamic_ic_weights_stop_take_top10,Improved 3: builds on improved 2 and uses past-only rolling rank-IC weights with shrinkage and caps.,2016-08-31,AMAT,Information Technology,0.8343067176662806,100000.0,0.007014028054419974
improved_3_dynamic_ic_weights_stop_take_top10,Improved 3: builds on improved 2 and uses past-only rolling rank-IC weights with shrinkage and caps.,2016-08-31,SPGI,Financials,0.7562986559245993,100000.0,0.024611398963876097
improved_3_dynamic_ic_weights_stop_take_top10,Improved 3: builds on improved 2 and uses past-only rolling rank-IC weights with shrinkage and caps.,2016-08-31,KLAC,Information Technology,0.7439825464852924,100000.0,0.002156411730882768
improved_3_dynamic_ic_weights_stop_take_top10,Improved 3: builds on improved 2 and uses past-only rolling rank-IC weights with shrinkage and caps.,2016-08-31,NVDA,Information Technology,0.7372091789205685,100000.0,0.11614269422368939
improved_3_dynamic_ic_weights_stop_take_top10,Improved 3: builds on improved 2 and uses past-only rolling rank-IC weights with shrinkage and caps.,2016-08-31,KMB,Consumer Staples,0.7177497640448399,100000.0,-0.007474456387586148
improved_3_dynamic_ic_weights_stop_take_top10,Improved 3: builds on improved 2 and uses past-only rolling rank-IC weights with shrinkage and caps.,2016-08-31,CLX,Consumer Staples,0.6576320151416043,100000.0,-0.04106021142916361
improved_3_dynamic_ic_weights_stop_take_top10,Improved 3: builds on improved 2 and uses past-only rolling rank-IC weights with shrinkage and caps.,2016-08-31,GEN,Information Technology,0.6327981291325845,100000.0,0.03976801988988954
improved_3_dynamic_ic_weights_stop_take_top10,Improved 3: builds on improved 2 and uses past-only rolling rank-IC weights with shrinkage and caps.,2016-08-31,MO,Consumer Staples,0.6018209919498088,100000.0,-0.03145306625769473
improved_3_dynamic_ic_weights_stop_take_top10,Improved 3: builds on improved 2 and uses past-only rolling rank-IC weights with shrinkage and caps.,2016-09-30,SPGI,Financials,1.325548643290019,100000.0,-0.033396795177298766
improved_3_dynamic_ic_weights_stop_take_top10,Improved 3: builds on improved 2 and uses past-only rolling rank-IC weights with shrinkage and caps.,2016-09-30,AMAT,Information Technology,1.275423887826395,100000.0,-0.036447978793771485
improved_3_dynamic_ic_weights_stop_take_top10,Improved 3: builds on improved 2 and uses past-only rolling rank-IC weights with shrinkage and caps.,2016-09-30,LII,Industrials,1.118335423899471,100000.0,-0.07241861647963
improved_3_dynamic_ic_weights_stop_take_top10,Improved 3: builds on improved 2 and uses past-only rolling rank-IC weights with shrinkage and caps.,2016-09-30,GEN,Information Technology,1.0787672511236814,100000.0,-0.001993620414031949
improved_3_dynamic_ic_weights_stop_take_top10,Improved 3: builds on improved 2 and uses past-only rolling rank-IC weights with shrinkage and caps.,2016-09-30,NVDA,Information Technology,1.074154711339326,100000.0,0.038528896712832994
improved_3_dynamic_ic_weights_stop_take_top10,Improved 3: builds on improved 2 and uses past-only rolling rank-IC weights with shrinkage and caps.,2016-09-30,KLAC,Information Technology,1.0342660529019525,100000.0,0.07376697641218022
improved_3_dynamic_ic_weights_stop_take_top10,Improved 3: builds on improved 2 and uses past-only rolling rank-IC weights with shrinkage and caps.,2016-09-30,TSN,Consumer Staples,0.99569353621625,100000.0,-0.1
improved_3_dynamic_ic_weights_stop_take_top10,Improved 3: builds on improved 2 and uses past-only rolling rank-IC weights with shrinkage and caps.,2016-09-30,KMB,Consumer Staples,0.9178123555549956,100000.0,-0.1
improved_3_dynamic_ic_weights_stop_take_top10,Improved 3: builds on improved 2 and uses past-only rolling rank-IC weights with shrinkage and caps.,2016-09-30,ALB,Materials,0.910075617524724,100000.0,-0.019366197182208555
improved_3_dynamic_ic_weights_stop_take_top10,Improved 3: builds on improved 2 and uses past-only rolling rank-IC weights with shrinkage and caps.,2016-09-30,OKE,Energy,0.9074447078640131,100000.0,-0.046393432313246885
improved_3_dynamic_ic_weights_stop_take_top10,Improved 3: builds on improved 2 and uses past-only rolling rank-IC weights with shrinkage and caps.,2016-11-30,OKE,Energy,1.2673699495377746,100000.0,0.02719627840503014
improved_3_dynamic_ic_weights_stop_take_top10,Improved 3: builds on improved 2 and uses past-only rolling rank-IC weights with shrinkage and caps.,2016-11-30,SPGI,Financials,1.1226775325551475,100000.0,-0.1
improved_3_dynamic_ic_weights_stop_take_top10,Improved 3: builds on improved 2 and uses past-only rolling rank-IC weights with shrinkage and caps.,2016-11-30,NVDA,Information Technology,1.0139478200010197,100000.0,0.2
improved_3_dynamic_ic_weights_stop_take_top10,Improved 3: builds on improved 2 and uses past-only rolling rank-IC weights with shrinkage and caps.,2016-11-30,GEN,Information Technology,1.0129725470497446,100000.0,-0.01929392446911682
improved_3_dynamic_ic_weights_stop_take_top10,Improved 3: builds on improved 2 and uses past-only rolling rank-IC weights with shrinkage and caps.,2016-11-30,LMT,Industrials,0.9679783247221879,100000.0,-0.05786120848873577
improved_3_dynamic_ic_weights_stop_take_top10,Improved 3: builds on improved 2 and uses past-only rolling rank-IC weights with shrinkage and caps.,2016-11-30,AMAT,Information Technology,0.9505887968832418,100000.0,0.004044803982698575
improved_3_dynamic_ic_weights_stop_take_top10,Improved 3: builds on improved 2 and uses past-only rolling rank-IC weights with shrinkage and caps.,2016-11-30,TPL,Energy,0.8957038867747008,100000.0,-0.020075945187946975
improved_3_dynamic_ic_weights_stop_take_top10,Improved 3: builds on improved 2 and uses past-only rolling rank-IC weights with shrinkage and caps.,2016-11-30,LII,Industrials,0.8823469698549248,100000.0,0.034519349201246996
improved_3_dynamic_ic_weights_stop_take_top10,Improved 3: builds on improved 2 and uses past-only rolling rank-IC weights with shrinkage and caps.,2016-11-30,UPS,Industrials,0.8785867541717263,100000.0,-0.012064805239641596
improved_3_dynamic_ic_weights_stop_take_top10,Improved 3: builds on improved 2 and uses past-only rolling rank-IC weights with shrinkage and caps.,2016-11-30,KMB,Consumer Staples,0.8230111232164997,100000.0,-0.00027609419668317425
improved_3_dynamic_ic_weights_stop_take_top10,Improved 3: builds on improved 2 and uses past-only rolling rank-IC weights with shrinkage and caps.,2016-12-31,OKE,Energy,0.8647076044459852,100000.0,-0.041503004950646516
improved_3_dynamic_ic_weights_stop_take_top10,Improved 3: builds on improved 2 and uses past-only rolling rank-IC weights with shrinkage and caps.,2016-12-31,SPGI,Financials,0.7521382729838118,100000.0,0.10856932017343679
improved_3_dynamic_ic_weights_stop_take_top10,Improved 3: builds on improved 2 and uses past-only rolling rank-IC weights with shrinkage and caps.,2016-12-31,MO,Consumer Staples,0.7136978671613041,100000.0,0.050782403307087165
improved_3_dynamic_ic_weights_stop_take_top10,Improved 3: builds on improved 2 and uses past-only rolling rank-IC weights with shrinkage and caps.,2016-12-31,LII,Industrials,0.7053032392290071,100000.0,0.015280025898289695
improved_3_dynamic_ic_weights_stop_take_top10,Improved 3: builds on improved 2 and uses past-only rolling rank-IC weights with shrinkage and caps.,2016-12-31,LMT,Industrials,0.6129189055572112,100000.0,0.0005175159237418292
improved_3_dynamic_ic_weights_stop_take_top10,Improved 3: builds on improved 2 and uses past-only rolling rank-IC weights with shrinkage and caps.,2016-12-31,STLD,Materials,0.607471905104715,100000.0,-0.05926544240504583
improved_3_dynamic_ic_weights_stop_take_top10,Improved 3: builds on improved 2 and uses past-only rolling rank-IC weights with shrinkage and caps.,2016-12-31,KMB,Consumer Staples,0.5163696025653604,100000.0,0.061054660126335314
improved_3_dynamic_ic_weights_stop_take_top10,Improved 3: builds on improved 2 and uses past-only rolling rank-IC weights with shrinkage and caps.,2016-12-31,GEN,Information Technology,0.5123545461617087,100000.0,0.1507936507908234
improved_3_dynamic_ic_weights_stop_take_top10,Improved 3: builds on improved 2 and uses past-only rolling rank-IC weights with shrinkage and caps.,2016-12-31,AMAT,Information Technology,0.4837410872955936,100000.0,0.05840543881358462
improved_3_dynamic_ic_weights_stop_take_top10,Improved 3: builds on improved 2 and uses past-only rolling rank-IC weights with shrinkage and caps.,2016-12-31,CLX,Consumer Staples,0.48308076944650946,100000.0,0.001852769593100323
improved_3_dynamic_ic_weights_stop_take_top10,Improved 3: builds on improved 2 and uses past-only rolling rank-IC weights with shrinkage and caps.,2017-03-31,SPGI,Financials,1.1337779211234673,100000.0,0.0284334763942673
improved_3_dynamic_ic_weights_stop_take_top10,Improved 3: builds on improved 2 and uses past-only rolling rank-IC weights with shrinkage and caps.,2017-03-31,LII,Industrials,0.9453465436204616,100000.0,-0.015535714286002422
improved_3_dynamic_ic_weights_stop_take_top10,Improved 3: builds on improved 2 and uses past-only rolling rank-IC weights with shrinkage and caps.,2017-03-31,OKE,Energy,0.9424381855661537,100000.0,-0.04193772517959338
improved_3_dynamic_ic_weights_stop_take_top10,Improved 3: builds on improved 2 and uses past-only rolling rank-IC weights with shrinkage and caps.,2017-03-31,BA,Industrials,0.8821559985007434,100000.0,0.04376552970408931
improved_3_dynamic_ic_weights_stop_take_top10,Improved 3: builds on improved 2 and uses past-only rolling rank-IC weights with shrinkage and caps.,2017-03-31,URI,Industrials,0.834867296177999,100000.0,-0.1
improved_3_dynamic_ic_weights_stop_take_top10,Improved 3: builds on improved 2 and uses past-only rolling rank-IC weights with shrinkage and caps.,2017-03-31,MCD,Consumer Discretionary,0.7842399932168291,100000.0,0.08054054054071647
improved_3_dynamic_ic_weights_stop_take_top10,Improved 3: builds on improved 2 and uses past-only rolling rank-IC weights with shrinkage and caps.,2017-03-31,MO,Consumer Staples,0.7662486132060518,100000.0,0.002513966480430563
improved_3_dynamic_ic_weights_stop_take_top10,Improved 3: builds on improved 2 and uses past-only rolling rank-IC weights with shrinkage and caps.,2017-03-31,KMB,Consumer Staples,0.7392199426650592,100000.0,-0.01734322932439547
improved_3_dynamic_ic_weights_stop_take_top10,Improved 3: builds on improved 2 and uses past-only rolling rank-IC weights with shrinkage and caps.,2017-03-31,NVDA,Information Technology,0.6813363977874227,100000.0,-0.1
improved_3_dynamic_ic_weights_stop_take_top10,Improved 3: builds on improved 2 and uses past-only rolling rank-IC weights with shrinkage and caps.,2017-03-31,RF,Financials,0.6620537513573257,100000.0,-0.1
improved_3_dynamic_ic_weights_stop_take_top10,Improved 3: builds on improved 2 and uses past-only rolling rank-IC weights with shrinkage and caps.,2017-04-30,BA,Industrials,1.684598424679638,100000.0,0.026350193367534303
improved_3_dynamic_ic_weights_stop_take_top10,Improved 3: builds on improved 2 and uses past-only rolling rank-IC weights with shrinkage and caps.,2017-04-30,LII,Industrials,1.5075847143576977,100000.0,0.06487884071931593
improved_3_dynamic_ic_weights_stop_take_top10,Improved 3: builds on improved 2 and uses past-only rolling rank-IC weights with shrinkage and caps.,2017-04-30,MCD,Consumer Discretionary,1.4254071094617538,100000.0,0.07886457886426679
improved_3_dynamic_ic_weights_stop_take_top10,Improved 3: builds on improved 2 and uses past-only rolling rank-IC weights with shrinkage and caps.,2017-04-30,SPGI,Financials,1.4209163845845814,100000.0,0.06403460537460282
improved_3_dynamic_ic_weights_stop_take_top10,Improved 3: builds on improved 2 and uses past-only rolling rank-IC weights with shrinkage and caps.,2017-04-30,KMB,Consumer Staples,1.3991396100430777,100000.0,0.0029377657518137035
improved_3_dynamic_ic_weights_stop_take_top10,Improved 3: builds on improved 2 and uses past-only rolling rank-IC weights with shrinkage and caps.,2017-04-30,STX,Information Technology,1.1441463593808219,100000.0,0.035408745247568874
improved_3_dynamic_ic_weights_stop_take_top10,Improved 3: builds on improved 2 and uses past-only rolling rank-IC weights with shrinkage and caps.,2017-04-30,MO,Consumer Staples,1.0783689995681738,100000.0,0.051428571426799685
improved_3_dynamic_ic_weights_stop_take_top10,Improved 3: builds on improved 2 and uses past-only rolling rank-IC weights with shrinkage and caps.,2017-04-30,AMAT,Information Technology,1.0353612478436292,100000.0,0.12206344254138779
improved_3_dynamic_ic_weights_stop_take_top10,Improved 3: builds on improved 2 and uses past-only rolling rank-IC weights with shrinkage and caps.,2017-04-30,LMT,Industrials,0.9723685553405633,100000.0,0.04973755454629525
improved_3_dynamic_ic_weights_stop_take_top10,Improved 3: builds on improved 2 and uses past-only rolling rank-IC weights with shrinkage and caps.,2017-04-30,NVDA,Information Technology,0.969821661597991,100000.0,0.2
improved_3_dynamic_ic_weights_stop_take_top10,Improved 3: builds on improved 2 and uses past-only rolling rank-IC weights with shrinkage and caps.,2017-06-30,BA,Industrials,1.8986137453043332,100000.0,0.2
improved_3_dynamic_ic_weights_stop_take_top10,Improved 3: builds on improved 2 and uses past-only rolling rank-IC weights with shrinkage and caps.,2017-06-30,LII,Industrials,1.644541003314486,100000.0,-0.07317073170724364
improved_3_dynamic_ic_weights_stop_take_top10,Improved 3: builds on improved 2 and uses past-only rolling rank-IC weights with shrinkage and caps.,2017-06-30,WYNN,Consumer Discretionary,1.599729210933246,100000.0,-0.026054216867657076
improved_3_dynamic_ic_weights_stop_take_top10,Improved 3: builds on improved 2 and uses past-only rolling rank-IC weights with shrinkage and caps.,2017-06-30,SPGI,Financials,1.5369378870925023,100000.0,0.04896872012074516
improved_3_dynamic_ic_weights_stop_take_top10,Improved 3: builds on improved 2 and uses past-only rolling rank-IC weights with shrinkage and caps.,2017-06-30,KMB,Consumer Staples,1.4570856847079852,100000.0,-0.04976467865144063
improved_3_dynamic_ic_weights_stop_take_top10,Improved 3: builds on improved 2 and uses past-only rolling rank-IC weights with shrinkage and caps.,2017-06-30,MU,Information Technology,0.9743741467652525,100000.0,-0.06547025589887245
improved_3_dynamic_ic_weights_stop_take_top10,Improved 3: builds on improved 2 and uses past-only rolling rank-IC weights with shrinkage and caps.,2017-06-30,LMT,Industrials,0.9666027125303311,100000.0,0.05313818090061817
improved_3_dynamic_ic_weights_stop_take_top10,Improved 3: builds on improved 2 and uses past-only rolling rank-IC weights with shrinkage and caps.,2017-06-30,APO,Financials,0.953598710819638,100000.0,0.05322338830397033
improved_3_dynamic_ic_weights_stop_take_top10,Improved 3: builds on improved 2 and uses past-only rolling rank-IC weights with shrinkage and caps.,2017-06-30,NVDA,Information Technology,0.8411785252757639,100000.0,0.12037228540822076
improved_3_dynamic_ic_weights_stop_take_top10,Improved 3: builds on improved 2 and uses past-only rolling rank-IC weights with shrinkage and caps.,2017-06-30,CSX,Industrials,0.8230580908915268,100000.0,-0.1
improved_3_dynamic_ic_weights_stop_take_top10,Improved 3: builds on improved 2 and uses past-only rolling rank-IC weights with shrinkage and caps.,2017-10-31,MU,Information Technology,1.6153775468670517,100000.0,-0.053583389149682636
improved_3_dynamic_ic_weights_stop_take_top10,Improved 3: builds on improved 2 and uses past-only rolling rank-IC weights with shrinkage and caps.,2017-10-31,NVDA,Information Technology,1.2151339689031557,100000.0,-0.0406015006476631
improved_3_dynamic_ic_weights_stop_take_top10,Improved 3: builds on improved 2 and uses past-only rolling rank-IC weights with shrinkage and caps.,2017-10-31,LRCX,Information Technology,1.2088518443030472,100000.0,-0.1
improved_3_dynamic_ic_weights_stop_take_top10,Improved 3: builds on improved 2 and uses past-only rolling rank-IC weights with shrinkage and caps.,2017-10-31,NVR,Consumer Discretionary,1.1567301750500074,100000.0,0.05303030303030298
improved_3_dynamic_ic_weights_stop_take_top10,Improved 3: builds on improved 2 and uses past-only rolling rank-IC weights with shrinkage and caps.,2017-10-31,APO,Financials,1.0526526989858045,100000.0,-0.1
improved_3_dynamic_ic_weights_stop_take_top10,Improved 3: builds on improved 2 and uses past-only rolling rank-IC weights with shrinkage and caps.,2017-10-31,AMAT,Information Technology,1.0300505870975356,100000.0,-0.07260548215240248
improved_3_dynamic_ic_weights_stop_take_top10,Improved 3: builds on improved 2 and uses past-only rolling rank-IC weights with shrinkage and caps.,2017-10-31,WYNN,Consumer Discretionary,1.0213842272063594,100000.0,0.040827557804035575
improved_3_dynamic_ic_weights_stop_take_top10,Improved 3: builds on improved 2 and uses past-only rolling rank-IC weights with shrinkage and caps.,2017-10-31,ABBV,Health Care,1.0003301277995265,100000.0,0.06763604318041105
improved_3_dynamic_ic_weights_stop_take_top10,Improved 3: builds on improved 2 and uses past-only rolling rank-IC weights with shrinkage and caps.,2017-10-31,HD,Consumer Discretionary,0.9752110261018733,100000.0,0.08594462427810323
improved_3_dynamic_ic_weights_stop_take_top10,Improved 3: builds on improved 2 and uses past-only rolling rank-IC weights with shrinkage and caps.,2017-10-31,SPGI,Financials,0.960503004214044,100000.0,0.05610321766413162
improved_3_dynamic_ic_weights_stop_take_top10,Improved 3: builds on improved 2 and uses past-only rolling rank-IC weights with shrinkage and caps.,2017-11-30,MU,Information Technology,1.4080983759441172,100000.0,-0.014617780972836503
improved_3_dynamic_ic_weights_stop_take_top10,Improved 3: builds on improved 2 and uses past-only rolling rank-IC weights with shrinkage and caps.,2017-11-30,NVR,Consumer Discretionary,1.2593606200119045,100000.0,0.008138164889795574
improved_3_dynamic_ic_weights_stop_take_top10,Improved 3: builds on improved 2 and uses past-only rolling rank-IC weights with shrinkage and caps.,2017-11-30,HD,Consumer Discretionary,1.181620142095658,100000.0,0.05107586512864981
improved_3_dynamic_ic_weights_stop_take_top10,Improved 3: builds on improved 2 and uses past-only rolling rank-IC weights with shrinkage and caps.,2017-11-30,SPGI,Financials,1.1524273801317573,100000.0,0.025051434103862347
improved_3_dynamic_ic_weights_stop_take_top10,Improved 3: builds on improved 2 and uses past-only rolling rank-IC weights with shrinkage and caps.,2017-11-30,LII,Industrials,1.137777345562009,100000.0,-0.0033695054682968406
improved_3_dynamic_ic_weights_stop_take_top10,Improved 3: builds on improved 2 and uses past-only rolling rank-IC weights with shrinkage and caps.,2017-11-30,ABBV,Health Care,1.0430867400287354,100000.0,-0.004938779709513286
improved_3_dynamic_ic_weights_stop_take_top10,Improved 3: builds on improved 2 and uses past-only rolling rank-IC weights with shrinkage and caps.,2017-11-30,NVDA,Information Technology,1.0307183679377132,100000.0,-0.02915056946652861
improved_3_dynamic_ic_weights_stop_take_top10,Improved 3: builds on improved 2 and uses past-only rolling rank-IC weights with shrinkage and caps.,2017-11-30,APO,Financials,1.0193479479070462,100000.0,0.06558420884897087
improved_3_dynamic_ic_weights_stop_take_top10,Improved 3: builds on improved 2 and uses past-only rolling rank-IC weights with shrinkage and caps.,2017-11-30,LMT,Industrials,0.9845533706204632,100000.0,0.006237071397164229
improved_3_dynamic_ic_weights_stop_take_top10,Improved 3: builds on improved 2 and uses past-only rolling rank-IC weights with shrinkage and caps.,2017-11-30,LRCX,Information Technology,0.9735834651667269,100000.0,-0.02852734491916009
improved_3_dynamic_ic_weights_stop_take_top10,Improved 3: builds on improved 2 and uses past-only rolling rank-IC weights with shrinkage and caps.,2017-12-31,WYNN,Consumer Discretionary,1.1556901124642975,100000.0,0.2
improved_3_dynamic_ic_weights_stop_take_top10,Improved 3: builds on improved 2 and uses past-only rolling rank-IC weights with shrinkage and caps.,2017-12-31,SPGI,Financials,1.0017113190727611,100000.0,0.06692588665043364
improved_3_dynamic_ic_weights_stop_take_top10,Improved 3: builds on improved 2 and uses past-only rolling rank-IC weights with shrinkage and caps.,2017-12-31,HD,Consumer Discretionary,0.9163759323247659,100000.0,0.05620104095479883
improved_3_dynamic_ic_weights_stop_take_top10,Improved 3: builds on improved 2 and uses past-only rolling rank-IC weights with shrinkage and caps.,2017-12-31,LII,Industrials,0.8264860861069531,100000.0,0.04009355162019479
improved_3_dynamic_ic_weights_stop_take_top10,Improved 3: builds on improved 2 and uses past-only rolling rank-IC weights with shrinkage and caps.,2017-12-31,NVR,Consumer Discretionary,0.812004965628988,100000.0,-0.1
improved_3_dynamic_ic_weights_stop_take_top10,Improved 3: builds on improved 2 and uses past-only rolling rank-IC weights with shrinkage and caps.,2017-12-31,MU,Information Technology,0.7799029847909205,100000.0,0.0524795377938303
improved_3_dynamic_ic_weights_stop_take_top10,Improved 3: builds on improved 2 and uses past-only rolling rank-IC weights with shrinkage and caps.,2017-12-31,APO,Financials,0.7605050556424978,100000.0,0.062407132246699915
improved_3_dynamic_ic_weights_stop_take_top10,Improved 3: builds on improved 2 and uses past-only rolling rank-IC weights with shrinkage and caps.,2017-12-31,KMB,Consumer Staples,0.6541989283674812,100000.0,-0.03153712441038892
improved_3_dynamic_ic_weights_stop_take_top10,Improved 3: builds on improved 2 and uses past-only rolling rank-IC weights with shrinkage and caps.,2017-12-31,ABBV,Health Care,0.6319800636295333,100000.0,0.2
improved_3_dynamic_ic_weights_stop_take_top10,Improved 3: builds on improved 2 and uses past-only rolling rank-IC weights with shrinkage and caps.,2017-12-31,UPS,Industrials,0.6164614721208616,100000.0,0.06064645118294454
improved_3_dynamic_ic_weights_stop_take_top10,Improved 3: builds on improved 2 and uses past-only rolling rank-IC weights with shrinkage and caps.,2018-02-28,WYNN,Consumer Discretionary,1.6740435293639773,100000.0,0.08386329866278941
improved_3_dynamic_ic_weights_stop_take_top10,Improved 3: builds on improved 2 and uses past-only rolling rank-IC weights with shrinkage and caps.,2018-02-28,SPGI,Financials,1.36982186912924,100000.0,-0.0004185413833242002
improved_3_dynamic_ic_weights_stop_take_top10,Improved 3: builds on improved 2 and uses past-only rolling rank-IC weights with shrinkage and caps.,2018-02-28,MU,Information Technology,1.337995715843519,100000.0,0.2
improved_3_dynamic_ic_weights_stop_take_top10,Improved 3: builds on improved 2 and uses past-only rolling rank-IC weights with shrinkage and caps.,2018-02-28,TPL,Energy,1.3348036190298096,100000.0,-0.1
improved_3_dynamic_ic_weights_stop_take_top10,Improved 3: builds on improved 2 and uses past-only rolling rank-IC weights with shrinkage and caps.,2018-02-28,ABBV,Health Care,1.310669877408119,100000.0,-0.1
improved_3_dynamic_ic_weights_stop_take_top10,Improved 3: builds on improved 2 and uses past-only rolling rank-IC weights with shrinkage and caps.,2018-02-28,HD,Consumer Discretionary,1.2273704181799259,100000.0,-0.019053138308475326
improved_3_dynamic_ic_weights_stop_take_top10,Improved 3: builds on improved 2 and uses past-only rolling rank-IC weights with shrinkage and caps.,2018-02-28,LII,Industrials,1.1747266611068345,100000.0,-0.0032110538095571073
improved_3_dynamic_ic_weights_stop_take_top10,Improved 3: builds on improved 2 and uses past-only rolling rank-IC weights with shrinkage and caps.,2018-02-28,NVDA,Information Technology,1.0725080016108492,100000.0,-0.1
improved_3_dynamic_ic_weights_stop_take_top10,Improved 3: builds on improved 2 and uses past-only rolling rank-IC weights with shrinkage and caps.,2018-02-28,UPS,Industrials,1.0178879370834082,100000.0,-0.0028582317067321616
improved_3_dynamic_ic_weights_stop_take_top10,Improved 3: builds on improved 2 and uses past-only rolling rank-IC weights with shrinkage and caps.,2018-02-28,KMB,Consumer Staples,0.8788917490382901,100000.0,0.0010167999325159105
improved_3_dynamic_ic_weights_stop_take_top10,Improved 3: builds on improved 2 and uses past-only rolling rank-IC weights with shrinkage and caps.,2018-03-31,TPL,Energy,0.9443893493830529,100000.0,0.07238732532968206
improved_3_dynamic_ic_weights_stop_take_top10,Improved 3: builds on improved 2 and uses past-only rolling rank-IC weights with shrinkage and caps.,2018-03-31,MU,Information Technology,0.8795242742743374,100000.0,-0.1
improved_3_dynamic_ic_weights_stop_take_top10,Improved 3: builds on improved 2 and uses past-only rolling rank-IC weights with shrinkage and caps.,2018-03-31,WYNN,Consumer Discretionary,0.8151273433903959,100000.0,0.00763069596303767
improved_3_dynamic_ic_weights_stop_take_top10,Improved 3: builds on improved 2 and uses past-only rolling rank-IC weights with shrinkage and caps.,2018-03-31,SPGI,Financials,0.8099991170132544,100000.0,-0.008412197686983647
improved_3_dynamic_ic_weights_stop_take_top10,Improved 3: builds on improved 2 and uses past-only rolling rank-IC weights with shrinkage and caps.,2018-03-31,NVDA,Information Technology,0.6853329613635173,100000.0,-0.016787619128800335
improved_3_dynamic_ic_weights_stop_take_top10,Improved 3: builds on improved 2 and uses past-only rolling rank-IC weights with shrinkage and caps.,2018-03-31,HD,Consumer Discretionary,0.6499453279373553,100000.0,0.043183742591604624
improved_3_dynamic_ic_weights_stop_take_top10,Improved 3: builds on improved 2 and uses past-only rolling rank-IC weights with shrinkage and caps.,2018-03-31,LII,Industrials,0.6025893187042706,100000.0,-0.05187545967142293
improved_3_dynamic_ic_weights_stop_take_top10,Improved 3: builds on improved 2 and uses past-only rolling rank-IC weights with shrinkage and caps.,2018-03-31,ABBV,Health Care,0.5987440371924354,100000.0,0.03783155181498721
improved_3_dynamic_ic_weights_stop_take_top10,Improved 3: builds on improved 2 and uses past-only rolling rank-IC weights with shrinkage and caps.,2018-03-31,ON,Information Technology,0.56569925179741,100000.0,-0.09247842170160292
improved_3_dynamic_ic_weights_stop_take_top10,Improved 3: builds on improved 2 and uses past-only rolling rank-IC weights with shrinkage and caps.,2018-03-31,ODFL,Industrials,0.5388937540152849,100000.0,-0.1
improved_3_dynamic_ic_weights_stop_take_top10,Improved 3: builds on improved 2 and uses past-only rolling rank-IC weights with shrinkage and caps.,2018-04-30,BA,Industrials,1.510926218526147,100000.0,0.0643915989292636
improved_3_dynamic_ic_weights_stop_take_top10,Improved 3: builds on improved 2 and uses past-only rolling rank-IC weights with shrinkage and caps.,2018-04-30,SPGI,Financials,0.9227434495544852,100000.0,0.047581284904357535
improved_3_dynamic_ic_weights_stop_take_top10,Improved 3: builds on improved 2 and uses past-only rolling rank-IC weights with shrinkage and caps.,2018-04-30,NVDA,Information Technology,0.9060580570404789,100000.0,0.12367109464723036
improved_3_dynamic_ic_weights_stop_take_top10,Improved 3: builds on improved 2 and uses past-only rolling rank-IC weights with shrinkage and caps.,2018-04-30,TPL,Energy,0.8664428463681272,100000.0,0.2
improved_3_dynamic_ic_weights_stop_take_top10,Improved 3: builds on improved 2 and uses past-only rolling rank-IC weights with shrinkage and caps.,2018-04-30,HD,Consumer Discretionary,0.8349952341741552,100000.0,0.015411828610580658
improved_3_dynamic_ic_weights_stop_take_top10,Improved 3: builds on improved 2 and uses past-only rolling rank-IC weights with shrinkage and caps.,2018-04-30,MU,Information Technology,0.7732292157024633,100000.0,0.2
improved_3_dynamic_ic_weights_stop_take_top10,Improved 3: builds on improved 2 and uses past-only rolling rank-IC weights with shrinkage and caps.,2018-04-30,UPS,Industrials,0.7554867914243147,100000.0,0.030698691033529846
improved_3_dynamic_ic_weights_stop_take_top10,Improved 3: builds on improved 2 and uses past-only rolling rank-IC weights with shrinkage and caps.,2018-04-30,VLO,Energy,0.734806123415182,100000.0,0.10686743839047486
improved_3_dynamic_ic_weights_stop_take_top10,Improved 3: builds on improved 2 and uses past-only rolling rank-IC weights with shrinkage and caps.,2018-04-30,LMT,Industrials,0.6914950916677545,100000.0,-0.012324877531232903
improved_3_dynamic_ic_weights_stop_take_top10,Improved 3: builds on improved 2 and uses past-only rolling rank-IC weights with shrinkage and caps.,2018-04-30,WYNN,Consumer Discretionary,0.6610593966603527,100000.0,0.0442797625391933
improved_3_dynamic_ic_weights_stop_take_top10,Improved 3: builds on improved 2 and uses past-only rolling rank-IC weights with shrinkage and caps.,2018-05-31,BA,Industrials,1.8657264898561023,100000.0,-0.0569999156806793
improved_3_dynamic_ic_weights_stop_take_top10,Improved 3: builds on improved 2 and uses past-only rolling rank-IC weights with shrinkage and caps.,2018-05-31,TPL,Energy,1.5880835222025969,100000.0,-0.020633802818012525
improved_3_dynamic_ic_weights_stop_take_top10,Improved 3: builds on improved 2 and uses past-only rolling rank-IC weights with shrinkage and caps.,2018-05-31,VLO,Energy,1.109297431273007,100000.0,-0.1
improved_3_dynamic_ic_weights_stop_take_top10,Improved 3: builds on improved 2 and uses past-only rolling rank-IC weights with shrinkage and caps.,2018-05-31,LULU,Consumer Discretionary,1.1040778372828213,100000.0,0.0956559894690654
improved_3_dynamic_ic_weights_stop_take_top10,Improved 3: builds on improved 2 and uses past-only rolling rank-IC weights with shrinkage and caps.,2018-05-31,MU,Information Technology,1.057620302238775,100000.0,-0.1
improved_3_dynamic_ic_weights_stop_take_top10,Improved 3: builds on improved 2 and uses past-only rolling rank-IC weights with shrinkage and caps.,2018-05-31,HD,Consumer Discretionary,1.0040344376870456,100000.0,0.04214518455224692
improved_3_dynamic_ic_weights_stop_take_top10,Improved 3: builds on improved 2 and uses past-only rolling rank-IC weights with shrinkage and caps.,2018-05-31,SPGI,Financials,0.9692339221478263,100000.0,0.020113073497698863
improved_3_dynamic_ic_weights_stop_take_top10,Improved 3: builds on improved 2 and uses past-only rolling rank-IC weights with shrinkage and caps.,2018-05-31,IBKR,Financials,0.9114852126710158,100000.0,-0.1
improved_3_dynamic_ic_weights_stop_take_top10,Improved 3: builds on improved 2 and uses past-only rolling rank-IC weights with shrinkage and caps.,2018-05-31,UPS,Industrials,0.8899735476623141,100000.0,-0.08963921501409133
improved_3_dynamic_ic_weights_stop_take_top10,Improved 3: builds on improved 2 and uses past-only rolling rank-IC weights with shrinkage and caps.,2018-05-31,GWW,Industrials,0.8394655396791657,100000.0,-0.0045511765274288685
improved_3_dynamic_ic_weights_stop_take_top10,Improved 3: builds on improved 2 and uses past-only rolling rank-IC weights with shrinkage and caps.,2018-06-30,BA,Industrials,1.7841685746895148,100000.0,0.07744413196655087
improved_3_dynamic_ic_weights_stop_take_top10,Improved 3: builds on improved 2 and uses past-only rolling rank-IC weights with shrinkage and caps.,2018-06-30,TPL,Energy,1.7402771454670192,100000.0,0.06434262375265076
improved_3_dynamic_ic_weights_stop_take_top10,Improved 3: builds on improved 2 and uses past-only rolling rank-IC weights with shrinkage and caps.,2018-06-30,LULU,Consumer Discretionary,1.12175609968009,100000.0,-0.04032322585806858
improved_3_dynamic_ic_weights_stop_take_top10,Improved 3: builds on improved 2 and uses past-only rolling rank-IC weights with shrinkage and caps.,2018-06-30,HD,Consumer Discretionary,1.1091562694049326,100000.0,0.019089877205725303
improved_3_dynamic_ic_weights_stop_take_top10,Improved 3: builds on improved 2 and uses past-only rolling rank-IC weights with shrinkage and caps.,2018-06-30,MU,Information Technology,1.058059522654884,100000.0,0.024650621117204397
improved_3_dynamic_ic_weights_stop_take_top10,Improved 3: builds on improved 2 and uses past-only rolling rank-IC weights with shrinkage and caps.,2018-06-30,SPGI,Financials,1.0404428564020873,100000.0,-0.010514883743680814
improved_3_dynamic_ic_weights_stop_take_top10,Improved 3: builds on improved 2 and uses past-only rolling rank-IC weights with shrinkage and caps.,2018-06-30,ALGN,Health Care,0.9323898829200876,100000.0,0.06494475962974033
improved_3_dynamic_ic_weights_stop_take_top10,Improved 3: builds on improved 2 and uses past-only rolling rank-IC weights with shrinkage and caps.,2018-06-30,GWW,Industrials,0.8836422294651141,100000.0,0.12838211832102808
improved_3_dynamic_ic_weights_stop_take_top10,Improved 3: builds on improved 2 and uses past-only rolling rank-IC weights with shrinkage and caps.,2018-06-30,CPRT,Industrials,0.8144843430728232,100000.0,0.014495315538271214
improved_3_dynamic_ic_weights_stop_take_top10,Improved 3: builds on improved 2 and uses past-only rolling rank-IC weights with shrinkage and caps.,2018-06-30,VLO,Energy,0.8122567285804173,100000.0,0.07688808007275649
improved_3_dynamic_ic_weights_stop_take_top10,Improved 3: builds on improved 2 and uses past-only rolling rank-IC weights with shrinkage and caps.,2018-09-30,BA,Industrials,1.8404376608416009,100000.0,-0.1
improved_3_dynamic_ic_weights_stop_take_top10,Improved 3: builds on improved 2 and uses past-only rolling rank-IC weights with shrinkage and caps.,2018-09-30,HD,Consumer Discretionary,1.646482482487142,100000.0,-0.1
improved_3_dynamic_ic_weights_stop_take_top10,Improved 3: builds on improved 2 and uses past-only rolling rank-IC weights with shrinkage and caps.,2018-09-30,ORLY,Consumer Discretionary,1.6169468872769732,100000.0,-0.1
improved_3_dynamic_ic_weights_stop_take_top10,Improved 3: builds on improved 2 and uses past-only rolling rank-IC weights with shrinkage and caps.,2018-09-30,SPGI,Financials,1.5745728801009562,100000.0,-0.1
improved_3_dynamic_ic_weights_stop_take_top10,Improved 3: builds on improved 2 and uses past-only rolling rank-IC weights with shrinkage and caps.,2018-09-30,TPL,Energy,1.5551149485677653,100000.0,-0.1
improved_3_dynamic_ic_weights_stop_take_top10,Improved 3: builds on improved 2 and uses past-only rolling rank-IC weights with shrinkage and caps.,2018-09-30,UPS,Industrials,1.4037036032994166,100000.0,-0.1
improved_3_dynamic_ic_weights_stop_take_top10,Improved 3: builds on improved 2 and uses past-only rolling rank-IC weights with shrinkage and caps.,2018-09-30,KMB,Consumer Staples,1.3784332652350118,100000.0,-0.1
improved_3_dynamic_ic_weights_stop_take_top10,Improved 3: builds on improved 2 and uses past-only rolling rank-IC weights with shrinkage and caps.,2018-09-30,LULU,Consumer Discretionary,1.3454690354294183,100000.0,-0.1
improved_3_dynamic_ic_weights_stop_take_top10,Improved 3: builds on improved 2 and uses past-only rolling rank-IC weights with shrinkage and caps.,2018-09-30,AMD,Information Technology,1.13000167089021,100000.0,-0.1
improved_3_dynamic_ic_weights_stop_take_top10,Improved 3: builds on improved 2 and uses past-only rolling rank-IC weights with shrinkage and caps.,2018-09-30,GWW,Industrials,1.0507272436830952,100000.0,-0.1
improved_3_dynamic_ic_weights_stop_take_top10,Improved 3: builds on improved 2 and uses past-only rolling rank-IC weights with shrinkage and caps.,2018-11-30,HD,Consumer Discretionary,2.7442209969872975,100000.0,-0.1
improved_3_dynamic_ic_weights_stop_take_top10,Improved 3: builds on improved 2 and uses past-only rolling rank-IC weights with shrinkage and caps.,2018-11-30,ABBV,Health Care,2.7350084240785204,100000.0,-0.1
improved_3_dynamic_ic_weights_stop_take_top10,Improved 3: builds on improved 2 and uses past-only rolling rank-IC weights with shrinkage and caps.,2018-11-30,MCO,Financials,2.734211572569195,100000.0,-0.1
improved_3_dynamic_ic_weights_stop_take_top10,Improved 3: builds on improved 2 and uses past-only rolling rank-IC weights with shrinkage and caps.,2018-11-30,KMB,Consumer Staples,2.698711058441427,100000.0,-0.003993394768151859
improved_3_dynamic_ic_weights_stop_take_top10,Improved 3: builds on improved 2 and uses past-only rolling rank-IC weights with shrinkage and caps.,2018-11-30,LMT,Industrials,2.658098345139935,100000.0,-0.1
improved_3_dynamic_ic_weights_stop_take_top10,Improved 3: builds on improved 2 and uses past-only rolling rank-IC weights with shrinkage and caps.,2018-11-30,ORLY,Consumer Discretionary,1.9216621105163008,100000.0,-0.017238918858635155
improved_3_dynamic_ic_weights_stop_take_top10,Improved 3: builds on improved 2 and uses past-only rolling rank-IC weights with shrinkage and caps.,2018-11-30,SPGI,Financials,1.8813946536074997,100000.0,-0.1
improved_3_dynamic_ic_weights_stop_take_top10,Improved 3: builds on improved 2 and uses past-only rolling rank-IC weights with shrinkage and caps.,2018-11-30,UPS,Industrials,1.600523887166508,100000.0,-0.1
improved_3_dynamic_ic_weights_stop_take_top10,Improved 3: builds on improved 2 and uses past-only rolling rank-IC weights with shrinkage and caps.,2018-11-30,TPL,Energy,0.8375464764588834,100000.0,-0.1
improved_3_dynamic_ic_weights_stop_take_top10,Improved 3: builds on improved 2 and uses past-only rolling rank-IC weights with shrinkage and caps.,2018-11-30,SBUX,Consumer Discretionary,0.6108709722318538,100000.0,-0.1
improved_3_dynamic_ic_weights_stop_take_top10,Improved 3: builds on improved 2 and uses past-only rolling rank-IC weights with shrinkage and caps.,2019-03-31,ORLY,Consumer Discretionary,1.856972640333247,100000.0,-0.03277976494511081
improved_3_dynamic_ic_weights_stop_take_top10,Improved 3: builds on improved 2 and uses past-only rolling rank-IC weights with shrinkage and caps.,2019-03-31,MCO,Financials,1.4950844172164368,100000.0,0.07566059412405224
improved_3_dynamic_ic_weights_stop_take_top10,Improved 3: builds on improved 2 and uses past-only rolling rank-IC weights with shrinkage and caps.,2019-03-31,HD,Consumer Discretionary,1.4915242314069008,100000.0,0.055495103373289556
improved_3_dynamic_ic_weights_stop_take_top10,Improved 3: builds on improved 2 and uses past-only rolling rank-IC weights with shrinkage and caps.,2019-03-31,SPGI,Financials,1.4723914256443609,100000.0,0.040750872559303764
improved_3_dynamic_ic_weights_stop_take_top10,Improved 3: builds on improved 2 and uses past-only rolling rank-IC weights with shrinkage and caps.,2019-03-31,MSCI,Financials,1.3821276551244202,100000.0,0.12140511493699946
improved_3_dynamic_ic_weights_stop_take_top10,Improved 3: builds on improved 2 and uses past-only rolling rank-IC weights with shrinkage and caps.,2019-03-31,LMT,Industrials,1.3516344440243635,100000.0,0.10169883659468826
improved_3_dynamic_ic_weights_stop_take_top10,Improved 3: builds on improved 2 and uses past-only rolling rank-IC weights with shrinkage and caps.,2019-03-31,UPS,Industrials,1.1322534202927834,100000.0,-0.061577877904771205
improved_3_dynamic_ic_weights_stop_take_top10,Improved 3: builds on improved 2 and uses past-only rolling rank-IC weights with shrinkage and caps.,2019-03-31,SBUX,Consumer Discretionary,1.1130750629944044,100000.0,0.039058319957839815
improved_3_dynamic_ic_weights_stop_take_top10,Improved 3: builds on improved 2 and uses past-only rolling rank-IC weights with shrinkage and caps.,2019-03-31,TPL,Energy,0.94029496648048,100000.0,0.026141450314188797
improved_3_dynamic_ic_weights_stop_take_top10,Improved 3: builds on improved 2 and uses past-only rolling rank-IC weights with shrinkage and caps.,2019-03-31,MA,Financials,0.633655275971271,100000.0,0.06838060775335797
improved_3_dynamic_ic_weights_stop_take_top10,Improved 3: builds on improved 2 and uses past-only rolling rank-IC weights with shrinkage and caps.,2019-04-30,ORLY,Consumer Discretionary,1.9844097334904,100000.0,-0.016733299794827516
improved_3_dynamic_ic_weights_stop_take_top10,Improved 3: builds on improved 2 and uses past-only rolling rank-IC weights with shrinkage and caps.,2019-04-30,MCO,Financials,1.7562376419825956,100000.0,-0.06894238137321385
improved_3_dynamic_ic_weights_stop_take_top10,Improved 3: builds on improved 2 and uses past-only rolling rank-IC weights with shrinkage and caps.,2019-04-30,MSCI,Financials,1.7403521890664144,100000.0,-0.022189677262186347
improved_3_dynamic_ic_weights_stop_take_top10,Improved 3: builds on improved 2 and uses past-only rolling rank-IC weights with shrinkage and caps.,2019-04-30,SPGI,Financials,1.719015467331531,100000.0,-0.02960179438320032
improved_3_dynamic_ic_weights_stop_take_top10,Improved 3: builds on improved 2 and uses past-only rolling rank-IC weights with shrinkage and caps.,2019-04-30,HD,Consumer Discretionary,1.7023313889950966,100000.0,-0.06569881889790874
improved_3_dynamic_ic_weights_stop_take_top10,Improved 3: builds on improved 2 and uses past-only rolling rank-IC weights with shrinkage and caps.,2019-04-30,LMT,Industrials,1.66410342616268,100000.0,0.01941660433792536
improved_3_dynamic_ic_weights_stop_take_top10,Improved 3: builds on improved 2 and uses past-only rolling rank-IC weights with shrinkage and caps.,2019-04-30,TPL,Energy,1.1728019208513918,100000.0,-0.07873749999945123
improved_3_dynamic_ic_weights_stop_take_top10,Improved 3: builds on improved 2 and uses past-only rolling rank-IC weights with shrinkage and caps.,2019-04-30,MA,Financials,1.0440312650467005,100000.0,-0.013377795213692423
improved_3_dynamic_ic_weights_stop_take_top10,Improved 3: builds on improved 2 and uses past-only rolling rank-IC weights with shrinkage and caps.,2019-04-30,CLX,Consumer Staples,1.0056235430527476,100000.0,-0.03112181782714918
improved_3_dynamic_ic_weights_stop_take_top10,Improved 3: builds on improved 2 and uses past-only rolling rank-IC weights with shrinkage and caps.,2019-04-30,UPS,Industrials,0.9735951266549523,100000.0,-0.1
improved_3_dynamic_ic_weights_stop_take_top10,Improved 3: builds on improved 2 and uses past-only rolling rank-IC weights with shrinkage and caps.,2019-05-31,ORLY,Consumer Discretionary,1.2791902410743667,100000.0,-0.00584134162561567
improved_3_dynamic_ic_weights_stop_take_top10,Improved 3: builds on improved 2 and uses past-only rolling rank-IC weights with shrinkage and caps.,2019-05-31,MSCI,Financials,1.2438145967829632,100000.0,0.08535975637466597
improved_3_dynamic_ic_weights_stop_take_top10,Improved 3: builds on improved 2 and uses past-only rolling rank-IC weights with shrinkage and caps.,2019-05-31,LMT,Industrials,0.9810041816265731,100000.0,0.0753076194981912
improved_3_dynamic_ic_weights_stop_take_top10,Improved 3: builds on improved 2 and uses past-only rolling rank-IC weights with shrinkage and caps.,2019-05-31,SPGI,Financials,0.9401583633448067,100000.0,0.06250291524809581
improved_3_dynamic_ic_weights_stop_take_top10,Improved 3: builds on improved 2 and uses past-only rolling rank-IC weights with shrinkage and caps.,2019-05-31,MCO,Financials,0.932471383033477,100000.0,0.06738441359701763
improved_3_dynamic_ic_weights_stop_take_top10,Improved 3: builds on improved 2 and uses past-only rolling rank-IC weights with shrinkage and caps.,2019-05-31,HSY,Consumer Staples,0.7720069922982153,100000.0,0.015917532025052417
improved_3_dynamic_ic_weights_stop_take_top10,Improved 3: builds on improved 2 and uses past-only rolling rank-IC weights with shrinkage and caps.,2019-05-31,ERIE,Financials,0.7479401647149253,100000.0,0.2
improved_3_dynamic_ic_weights_stop_take_top10,Improved 3: builds on improved 2 and uses past-only rolling rank-IC weights with shrinkage and caps.,2019-05-31,HLT,Consumer Discretionary,0.7221187030382837,100000.0,0.09635445877776028
improved_3_dynamic_ic_weights_stop_take_top10,Improved 3: builds on improved 2 and uses past-only rolling rank-IC weights with shrinkage and caps.,2019-05-31,MA,Financials,0.6659162178724523,100000.0,0.050555996822539084
improved_3_dynamic_ic_weights_stop_take_top10,Improved 3: builds on improved 2 and uses past-only rolling rank-IC weights with shrinkage and caps.,2019-05-31,FICO,Information Technology,0.6487330006659167,100000.0,0.06123690435958107
improved_3_dynamic_ic_weights_stop_take_top10,Improved 3: builds on improved 2 and uses past-only rolling rank-IC weights with shrinkage and caps.,2019-09-30,SPGI,Financials,2.1529711146406028,100000.0,0.05431140171619364
improved_3_dynamic_ic_weights_stop_take_top10,Improved 3: builds on improved 2 and uses past-only rolling rank-IC weights with shrinkage and caps.,2019-09-30,MCO,Financials,2.127288128603494,100000.0,0.07402180260851732
improved_3_dynamic_ic_weights_stop_take_top10,Improved 3: builds on improved 2 and uses past-only rolling rank-IC weights with shrinkage and caps.,2019-09-30,LMT,Industrials,2.1034817577023732,100000.0,-0.0376823442247568
improved_3_dynamic_ic_weights_stop_take_top10,Improved 3: builds on improved 2 and uses past-only rolling rank-IC weights with shrinkage and caps.,2019-09-30,ORLY,Consumer Discretionary,2.0803667053416692,100000.0,0.0886661333880221
improved_3_dynamic_ic_weights_stop_take_top10,Improved 3: builds on improved 2 and uses past-only rolling rank-IC weights with shrinkage and caps.,2019-09-30,HLT,Consumer Discretionary,1.9922408688507953,100000.0,0.03756019261586796
improved_3_dynamic_ic_weights_stop_take_top10,Improved 3: builds on improved 2 and uses past-only rolling rank-IC weights with shrinkage and caps.,2019-09-30,IDXX,Health Care,1.9093555263951305,100000.0,0.0424652523774689
improved_3_dynamic_ic_weights_stop_take_top10,Improved 3: builds on improved 2 and uses past-only rolling rank-IC weights with shrinkage and caps.,2019-09-30,HSY,Consumer Staples,1.071086666863225,100000.0,-0.051166096001326156
improved_3_dynamic_ic_weights_stop_take_top10,Improved 3: builds on improved 2 and uses past-only rolling rank-IC weights with shrinkage and caps.,2019-09-30,UPS,Industrials,1.0360209622605745,100000.0,-0.04224532224486266
improved_3_dynamic_ic_weights_stop_take_top10,Improved 3: builds on improved 2 and uses past-only rolling rank-IC weights with shrinkage and caps.,2019-09-30,MA,Financials,1.0267175726061093,100000.0,0.0208554092120945
improved_3_dynamic_ic_weights_stop_take_top10,Improved 3: builds on improved 2 and uses past-only rolling rank-IC weights with shrinkage and caps.,2019-09-30,STX,Information Technology,0.989701921311407,100000.0,0.07462962963044917
improved_3_dynamic_ic_weights_stop_take_top10,Improved 3: builds on improved 2 and uses past-only rolling rank-IC weights with shrinkage and caps.,2019-10-31,MCO,Financials,2.174771527417432,100000.0,0.02124595725134193
improved_3_dynamic_ic_weights_stop_take_top10,Improved 3: builds on improved 2 and uses past-only rolling rank-IC weights with shrinkage and caps.,2019-10-31,SPGI,Financials,2.1019343620463165,100000.0,0.020027795548437588
improved_3_dynamic_ic_weights_stop_take_top10,Improved 3: builds on improved 2 and uses past-only rolling rank-IC weights with shrinkage and caps.,2019-10-31,ORLY,Consumer Discretionary,2.0794269354168975,100000.0,0.009933094330155434
improved_3_dynamic_ic_weights_stop_take_top10,Improved 3: builds on improved 2 and uses past-only rolling rank-IC weights with shrinkage and caps.,2019-10-31,HLT,Consumer Discretionary,2.059213685072894,100000.0,0.07469804269010005
improved_3_dynamic_ic_weights_stop_take_top10,Improved 3: builds on improved 2 and uses past-only rolling rank-IC weights with shrinkage and caps.,2019-10-31,IDXX,Health Care,1.8775836146327534,100000.0,-0.1
improved_3_dynamic_ic_weights_stop_take_top10,Improved 3: builds on improved 2 and uses past-only rolling rank-IC weights with shrinkage and caps.,2019-10-31,LMT,Industrials,1.7218098965827888,100000.0,0.040517309777704735
improved_3_dynamic_ic_weights_stop_take_top10,Improved 3: builds on improved 2 and uses past-only rolling rank-IC weights with shrinkage and caps.,2019-10-31,LLY,Health Care,1.1116201529708487,100000.0,0.034711240264265086
improved_3_dynamic_ic_weights_stop_take_top10,Improved 3: builds on improved 2 and uses past-only rolling rank-IC weights with shrinkage and caps.,2019-10-31,STX,Information Technology,0.9425001178389814,100000.0,0.07531531531610325
improved_3_dynamic_ic_weights_stop_take_top10,Improved 3: builds on improved 2 and uses past-only rolling rank-IC weights with shrinkage and caps.,2019-10-31,MA,Financials,0.9133970651213941,100000.0,0.04741935483868498
improved_3_dynamic_ic_weights_stop_take_top10,Improved 3: builds on improved 2 and uses past-only rolling rank-IC weights with shrinkage and caps.,2019-10-31,UPS,Industrials,0.6961663264150344,100000.0,0.03605499468614903
improved_3_dynamic_ic_weights_stop_take_top10,Improved 3: builds on improved 2 and uses past-only rolling rank-IC weights with shrinkage and caps.,2019-11-30,SPGI,Financials,2.4831693238004116,100000.0,0.02956147958257116
improved_3_dynamic_ic_weights_stop_take_top10,Improved 3: builds on improved 2 and uses past-only rolling rank-IC weights with shrinkage and caps.,2019-11-30,MCO,Financials,2.459697020068293,100000.0,0.04816777041965081
improved_3_dynamic_ic_weights_stop_take_top10,Improved 3: builds on improved 2 and uses past-only rolling rank-IC weights with shrinkage and caps.,2019-11-30,HLT,Consumer Discretionary,2.428385691617442,100000.0,0.05568246716146352
improved_3_dynamic_ic_weights_stop_take_top10,Improved 3: builds on improved 2 and uses past-only rolling rank-IC weights with shrinkage and caps.,2019-11-30,ORLY,Consumer Discretionary,2.3588890992239087,100000.0,-0.011547656639889436
improved_3_dynamic_ic_weights_stop_take_top10,Improved 3: builds on improved 2 and uses past-only rolling rank-IC weights with shrinkage and caps.,2019-11-30,IDXX,Health Care,2.2245644356339724,100000.0,0.03899255958301828
improved_3_dynamic_ic_weights_stop_take_top10,Improved 3: builds on improved 2 and uses past-only rolling rank-IC weights with shrinkage and caps.,2019-11-30,LMT,Industrials,2.0908927298262054,100000.0,-0.0034040592767432543
improved_3_dynamic_ic_weights_stop_take_top10,Improved 3: builds on improved 2 and uses past-only rolling rank-IC weights with shrinkage and caps.,2019-11-30,LLY,Health Care,1.4050302363937912,100000.0,0.1183628318587493
improved_3_dynamic_ic_weights_stop_take_top10,Improved 3: builds on improved 2 and uses past-only rolling rank-IC weights with shrinkage and caps.,2019-11-30,MA,Financials,1.3468448960731947,100000.0,0.02753019718481875
improved_3_dynamic_ic_weights_stop_take_top10,Improved 3: builds on improved 2 and uses past-only rolling rank-IC weights with shrinkage and caps.,2019-11-30,QCOM,Information Technology,1.1443265862933623,100000.0,0.05854316120918357
improved_3_dynamic_ic_weights_stop_take_top10,Improved 3: builds on improved 2 and uses past-only rolling rank-IC weights with shrinkage and caps.,2019-11-30,STX,Information Technology,1.136057569892259,100000.0,0.002501821034196272
improved_3_dynamic_ic_weights_stop_take_top10,Improved 3: builds on improved 2 and uses past-only rolling rank-IC weights with shrinkage and caps.,2019-12-31,MCO,Financials,2.3028993689394905,100000.0,0.07587564940482894
improved_3_dynamic_ic_weights_stop_take_top10,Improved 3: builds on improved 2 and uses past-only rolling rank-IC weights with shrinkage and caps.,2019-12-31,SPGI,Financials,2.2386517157046235,100000.0,0.06978184069618654
improved_3_dynamic_ic_weights_stop_take_top10,Improved 3: builds on improved 2 and uses past-only rolling rank-IC weights with shrinkage and caps.,2019-12-31,HLT,Consumer Discretionary,2.1735663495248483,100000.0,-0.03013945119245276
improved_3_dynamic_ic_weights_stop_take_top10,Improved 3: builds on improved 2 and uses past-only rolling rank-IC weights with shrinkage and caps.,2019-12-31,ORLY,Consumer Discretionary,2.0180914349217822,100000.0,-0.07388825541627586
improved_3_dynamic_ic_weights_stop_take_top10,Improved 3: builds on improved 2 and uses past-only rolling rank-IC weights with shrinkage and caps.,2019-12-31,IDXX,Health Care,1.9976935422774182,100000.0,0.036248231560432886
improved_3_dynamic_ic_weights_stop_take_top10,Improved 3: builds on improved 2 and uses past-only rolling rank-IC weights with shrinkage and caps.,2019-12-31,LMT,Industrials,1.8602414179111528,100000.0,0.08975207453037193
improved_3_dynamic_ic_weights_stop_take_top10,Improved 3: builds on improved 2 and uses past-only rolling rank-IC weights with shrinkage and caps.,2019-12-31,LLY,Health Care,1.134342405242826,100000.0,0.05972527889524737
improved_3_dynamic_ic_weights_stop_take_top10,Improved 3: builds on improved 2 and uses past-only rolling rank-IC weights with shrinkage and caps.,2019-12-31,MA,Financials,1.0255580909414188,100000.0,0.052899593070065754
improved_3_dynamic_ic_weights_stop_take_top10,Improved 3: builds on improved 2 and uses past-only rolling rank-IC weights with shrinkage and caps.,2019-12-31,STX,Information Technology,0.7915892359616197,100000.0,-0.04714930613490054
improved_3_dynamic_ic_weights_stop_take_top10,Improved 3: builds on improved 2 and uses past-only rolling rank-IC weights with shrinkage and caps.,2019-12-31,QCOM,Information Technology,0.7666544928293869,100000.0,-0.04199887703584282
improved_3_dynamic_ic_weights_stop_take_top10,Improved 3: builds on improved 2 and uses past-only rolling rank-IC weights with shrinkage and caps.,2020-02-29,MCO,Financials,1.6053225653441343,100000.0,-0.1
improved_3_dynamic_ic_weights_stop_take_top10,Improved 3: builds on improved 2 and uses past-only rolling rank-IC weights with shrinkage and caps.,2020-02-29,SPGI,Financials,1.4345595132287583,100000.0,-0.1
improved_3_dynamic_ic_weights_stop_take_top10,Improved 3: builds on improved 2 and uses past-only rolling rank-IC weights with shrinkage and caps.,2020-02-29,LMT,Industrials,1.4208599002151248,100000.0,-0.1
improved_3_dynamic_ic_weights_stop_take_top10,Improved 3: builds on improved 2 and uses past-only rolling rank-IC weights with shrinkage and caps.,2020-02-29,LLY,Health Care,1.3027670059733445,100000.0,0.08595584781584886
improved_3_dynamic_ic_weights_stop_take_top10,Improved 3: builds on improved 2 and uses past-only rolling rank-IC weights with shrinkage and caps.,2020-02-29,ORLY,Consumer Discretionary,1.064298943147196,100000.0,-0.1
improved_3_dynamic_ic_weights_stop_take_top10,Improved 3: builds on improved 2 and uses past-only rolling rank-IC weights with shrinkage and caps.,2020-02-29,IDXX,Health Care,1.0079489385853952,100000.0,-0.1
improved_3_dynamic_ic_weights_stop_take_top10,Improved 3: builds on improved 2 and uses past-only rolling rank-IC weights with shrinkage and caps.,2020-02-29,GNRC,Industrials,0.8716828830470027,100000.0,-0.1
improved_3_dynamic_ic_weights_stop_take_top10,Improved 3: builds on improved 2 and uses past-only rolling rank-IC weights with shrinkage and caps.,2020-02-29,HSY,Consumer Staples,0.8676646788706697,100000.0,-0.1
improved_3_dynamic_ic_weights_stop_take_top10,Improved 3: builds on improved 2 and uses past-only rolling rank-IC weights with shrinkage and caps.,2020-02-29,CLX,Consumer Staples,0.8534084328497065,100000.0,0.2
improved_3_dynamic_ic_weights_stop_take_top10,Improved 3: builds on improved 2 and uses past-only rolling rank-IC weights with shrinkage and caps.,2020-02-29,MA,Financials,0.7750627514295726,100000.0,-0.1
improved_3_dynamic_ic_weights_stop_take_top10,Improved 3: builds on improved 2 and uses past-only rolling rank-IC weights with shrinkage and caps.,2020-03-31,MCO,Financials,1.2349354313442418,100000.0,0.2
improved_3_dynamic_ic_weights_stop_take_top10,Improved 3: builds on improved 2 and uses past-only rolling rank-IC weights with shrinkage and caps.,2020-03-31,SPGI,Financials,1.2346918508440337,100000.0,0.2
improved_3_dynamic_ic_weights_stop_take_top10,Improved 3: builds on improved 2 and uses past-only rolling rank-IC weights with shrinkage and caps.,2020-03-31,LLY,Health Care,1.187084628595182,100000.0,0.2
improved_3_dynamic_ic_weights_stop_take_top10,Improved 3: builds on improved 2 and uses past-only rolling rank-IC weights with shrinkage and caps.,2020-03-31,LMT,Industrials,1.172311722007746,100000.0,0.2
improved_3_dynamic_ic_weights_stop_take_top10,Improved 3: builds on improved 2 and uses past-only rolling rank-IC weights with shrinkage and caps.,2020-03-31,ORLY,Consumer Discretionary,1.0156491896387103,100000.0,0.2
improved_3_dynamic_ic_weights_stop_take_top10,Improved 3: builds on improved 2 and uses past-only rolling rank-IC weights with shrinkage and caps.,2020-03-31,IDXX,Health Care,1.0156275862547757,100000.0,0.2
improved_3_dynamic_ic_weights_stop_take_top10,Improved 3: builds on improved 2 and uses past-only rolling rank-IC weights with shrinkage and caps.,2020-03-31,LOW,Consumer Discretionary,0.7153623288335875,100000.0,0.2
improved_3_dynamic_ic_weights_stop_take_top10,Improved 3: builds on improved 2 and uses past-only rolling rank-IC weights with shrinkage and caps.,2020-03-31,MA,Financials,0.7046637889687086,100000.0,0.2
improved_3_dynamic_ic_weights_stop_take_top10,Improved 3: builds on improved 2 and uses past-only rolling rank-IC weights with shrinkage and caps.,2020-03-31,CLX,Consumer Staples,0.679278655814109,100000.0,0.09073737876103194
improved_3_dynamic_ic_weights_stop_take_top10,Improved 3: builds on improved 2 and uses past-only rolling rank-IC weights with shrinkage and caps.,2020-03-31,CPB,Consumer Staples,0.6712280991580423,100000.0,0.11635922126846876
improved_3_dynamic_ic_weights_stop_take_top10,Improved 3: builds on improved 2 and uses past-only rolling rank-IC weights with shrinkage and caps.,2020-04-30,LLY,Health Care,1.9977236723045102,100000.0,-0.00036020444741902136
improved_3_dynamic_ic_weights_stop_take_top10,Improved 3: builds on improved 2 and uses past-only rolling rank-IC weights with shrinkage and caps.,2020-04-30,IDXX,Health Care,1.7567930358489838,100000.0,0.11304097149652259
improved_3_dynamic_ic_weights_stop_take_top10,Improved 3: builds on improved 2 and uses past-only rolling rank-IC weights with shrinkage and caps.,2020-04-30,SPGI,Financials,1.748254245634253,100000.0,0.13225988057949367
improved_3_dynamic_ic_weights_stop_take_top10,Improved 3: builds on improved 2 and uses past-only rolling rank-IC weights with shrinkage and caps.,2020-04-30,ORLY,Consumer Discretionary,1.6904142471673373,100000.0,0.09976541289820529
improved_3_dynamic_ic_weights_stop_take_top10,Improved 3: builds on improved 2 and uses past-only rolling rank-IC weights with shrinkage and caps.,2020-04-30,WAT,Health Care,1.6694274579697101,100000.0,0.08384402624871212
improved_3_dynamic_ic_weights_stop_take_top10,Improved 3: builds on improved 2 and uses past-only rolling rank-IC weights with shrinkage and caps.,2020-04-30,MCO,Financials,1.6124722639484157,100000.0,0.1101895240373909
improved_3_dynamic_ic_weights_stop_take_top10,Improved 3: builds on improved 2 and uses past-only rolling rank-IC weights with shrinkage and caps.,2020-04-30,LMT,Industrials,1.348325013680995,100000.0,0.013484078414913503
improved_3_dynamic_ic_weights_stop_take_top10,Improved 3: builds on improved 2 and uses past-only rolling rank-IC weights with shrinkage and caps.,2020-04-30,EBAY,Consumer Discretionary,1.2557569558691233,100000.0,0.17844249613147856
improved_3_dynamic_ic_weights_stop_take_top10,Improved 3: builds on improved 2 and uses past-only rolling rank-IC weights with shrinkage and caps.,2020-04-30,CLX,Consumer Staples,1.1210193956905437,100000.0,0.06865284974114894
improved_3_dynamic_ic_weights_stop_take_top10,Improved 3: builds on improved 2 and uses past-only rolling rank-IC weights with shrinkage and caps.,2020-04-30,CPB,Consumer Staples,0.9971135351194886,100000.0,0.026994359387983113
improved_3_dynamic_ic_weights_stop_take_top10,Improved 3: builds on improved 2 and uses past-only rolling rank-IC weights with shrinkage and caps.,2020-05-31,GEN,Information Technology,1.9070773857689762,100000.0,-0.1
improved_3_dynamic_ic_weights_stop_take_top10,Improved 3: builds on improved 2 and uses past-only rolling rank-IC weights with shrinkage and caps.,2020-05-31,REGN,Health Care,1.5586336918731183,100000.0,0.030826446281004838
improved_3_dynamic_ic_weights_stop_take_top10,Improved 3: builds on improved 2 and uses past-only rolling rank-IC weights with shrinkage and caps.,2020-05-31,LLY,Health Care,1.511430317430984,100000.0,0.06286010228515893
improved_3_dynamic_ic_weights_stop_take_top10,Improved 3: builds on improved 2 and uses past-only rolling rank-IC weights with shrinkage and caps.,2020-05-31,SPGI,Financials,1.4250529153170608,100000.0,0.010519858917606317
improved_3_dynamic_ic_weights_stop_take_top10,Improved 3: builds on improved 2 and uses past-only rolling rank-IC weights with shrinkage and caps.,2020-05-31,NVDA,Information Technology,1.4183782697245153,100000.0,0.07571773203585952
improved_3_dynamic_ic_weights_stop_take_top10,Improved 3: builds on improved 2 and uses past-only rolling rank-IC weights with shrinkage and caps.,2020-05-31,FTNT,Information Technology,1.4048570318366345,100000.0,-0.018167513053429674
improved_3_dynamic_ic_weights_stop_take_top10,Improved 3: builds on improved 2 and uses past-only rolling rank-IC weights with shrinkage and caps.,2020-05-31,MCO,Financials,1.3969246770983064,100000.0,0.018877021213390188
improved_3_dynamic_ic_weights_stop_take_top10,Improved 3: builds on improved 2 and uses past-only rolling rank-IC weights with shrinkage and caps.,2020-05-31,WST,Health Care,1.3236701368044521,100000.0,0.058820787695411436
improved_3_dynamic_ic_weights_stop_take_top10,Improved 3: builds on improved 2 and uses past-only rolling rank-IC weights with shrinkage and caps.,2020-05-31,WSM,Consumer Discretionary,1.270675067012299,100000.0,-0.011927710843766648
improved_3_dynamic_ic_weights_stop_take_top10,Improved 3: builds on improved 2 and uses past-only rolling rank-IC weights with shrinkage and caps.,2020-05-31,EBAY,Consumer Discretionary,1.224716530979244,100000.0,0.1552863436129348
improved_3_dynamic_ic_weights_stop_take_top10,Improved 3: builds on improved 2 and uses past-only rolling rank-IC weights with shrinkage and caps.,2020-06-30,SPGI,Financials,1.7774664651516578,100000.0,0.060014526965507464
improved_3_dynamic_ic_weights_stop_take_top10,Improved 3: builds on improved 2 and uses past-only rolling rank-IC weights with shrinkage and caps.,2020-06-30,MCO,Financials,1.7390881940254692,100000.0,0.024287222808845987
improved_3_dynamic_ic_weights_stop_take_top10,Improved 3: builds on improved 2 and uses past-only rolling rank-IC weights with shrinkage and caps.,2020-06-30,LOW,Consumer Discretionary,1.653628169379548,100000.0,0.10395000763990003
improved_3_dynamic_ic_weights_stop_take_top10,Improved 3: builds on improved 2 and uses past-only rolling rank-IC weights with shrinkage and caps.,2020-06-30,WAT,Health Care,1.4459218613128948,100000.0,0.2
improved_3_dynamic_ic_weights_stop_take_top10,Improved 3: builds on improved 2 and uses past-only rolling rank-IC weights with shrinkage and caps.,2020-06-30,ORLY,Consumer Discretionary,1.374971342117066,100000.0,0.1367814449671383
improved_3_dynamic_ic_weights_stop_take_top10,Improved 3: builds on improved 2 and uses past-only rolling rank-IC weights with shrinkage and caps.,2020-06-30,IDXX,Health Care,1.3433570340430856,100000.0,0.2
improved_3_dynamic_ic_weights_stop_take_top10,Improved 3: builds on improved 2 and uses past-only rolling rank-IC weights with shrinkage and caps.,2020-06-30,LLY,Health Care,1.2818061188487868,100000.0,-0.08538218111037665
improved_3_dynamic_ic_weights_stop_take_top10,Improved 3: builds on improved 2 and uses past-only rolling rank-IC weights with shrinkage and caps.,2020-06-30,LMT,Industrials,1.116580239514697,100000.0,0.0344761696783471
improved_3_dynamic_ic_weights_stop_take_top10,Improved 3: builds on improved 2 and uses past-only rolling rank-IC weights with shrinkage and caps.,2020-06-30,MA,Financials,1.043224699472038,100000.0,0.04386122364320877
improved_3_dynamic_ic_weights_stop_take_top10,Improved 3: builds on improved 2 and uses past-only rolling rank-IC weights with shrinkage and caps.,2020-06-30,LRCX,Information Technology,1.0421729169627623,100000.0,0.17075896321564232
improved_3_dynamic_ic_weights_stop_take_top10,Improved 3: builds on improved 2 and uses past-only rolling rank-IC weights with shrinkage and caps.,2020-07-31,IDXX,Health Care,1.7485900806624728,100000.0,-0.017486558464398727
improved_3_dynamic_ic_weights_stop_take_top10,Improved 3: builds on improved 2 and uses past-only rolling rank-IC weights with shrinkage and caps.,2020-07-31,EBAY,Consumer Discretionary,1.697183334327574,100000.0,-0.013467408870074249
improved_3_dynamic_ic_weights_stop_take_top10,Improved 3: builds on improved 2 and uses past-only rolling rank-IC weights with shrinkage and caps.,2020-07-31,AAPL,Information Technology,1.451096038199709,100000.0,0.2
improved_3_dynamic_ic_weights_stop_take_top10,Improved 3: builds on improved 2 and uses past-only rolling rank-IC weights with shrinkage and caps.,2020-07-31,LOW,Consumer Discretionary,1.4375004488012222,100000.0,0.09866577718456115
improved_3_dynamic_ic_weights_stop_take_top10,Improved 3: builds on improved 2 and uses past-only rolling rank-IC weights with shrinkage and caps.,2020-07-31,NTAP,Information Technology,1.4078560757537666,100000.0,0.07290015847761411
improved_3_dynamic_ic_weights_stop_take_top10,Improved 3: builds on improved 2 and uses past-only rolling rank-IC weights with shrinkage and caps.,2020-07-31,CLX,Consumer Staples,1.2964791292048545,100000.0,-0.02918947094083435
improved_3_dynamic_ic_weights_stop_take_top10,Improved 3: builds on improved 2 and uses past-only rolling rank-IC weights with shrinkage and caps.,2020-07-31,ORLY,Consumer Discretionary,1.2494384060008983,100000.0,-0.029148683305185386
improved_3_dynamic_ic_weights_stop_take_top10,Improved 3: builds on improved 2 and uses past-only rolling rank-IC weights with shrinkage and caps.,2020-07-31,MTD,Health Care,1.2347555508789605,100000.0,0.04020315881962144
improved_3_dynamic_ic_weights_stop_take_top10,Improved 3: builds on improved 2 and uses past-only rolling rank-IC weights with shrinkage and caps.,2020-07-31,GNRC,Industrials,1.226623490907444,100000.0,0.2
improved_3_dynamic_ic_weights_stop_take_top10,Improved 3: builds on improved 2 and uses past-only rolling rank-IC weights with shrinkage and caps.,2020-07-31,SPGI,Financials,1.1620308777163144,100000.0,0.04066447917460736
improved_3_dynamic_ic_weights_stop_take_top10,Improved 3: builds on improved 2 and uses past-only rolling rank-IC weights with shrinkage and caps.,2020-08-31,IDXX,Health Care,1.8192930817796178,100000.0,-0.1
improved_3_dynamic_ic_weights_stop_take_top10,Improved 3: builds on improved 2 and uses past-only rolling rank-IC weights with shrinkage and caps.,2020-08-31,ORLY,Consumer Discretionary,1.7865498981926622,100000.0,-0.013416069327042535
improved_3_dynamic_ic_weights_stop_take_top10,Improved 3: builds on improved 2 and uses past-only rolling rank-IC weights with shrinkage and caps.,2020-08-31,NRG,Utilities,1.7679524455430382,100000.0,-0.1
improved_3_dynamic_ic_weights_stop_take_top10,Improved 3: builds on improved 2 and uses past-only rolling rank-IC weights with shrinkage and caps.,2020-08-31,SPGI,Financials,1.7472117607837463,100000.0,-0.015345966905307207
improved_3_dynamic_ic_weights_stop_take_top10,Improved 3: builds on improved 2 and uses past-only rolling rank-IC weights with shrinkage and caps.,2020-08-31,LOW,Consumer Discretionary,1.7434515026872113,100000.0,0.008819414877686338
improved_3_dynamic_ic_weights_stop_take_top10,Improved 3: builds on improved 2 and uses past-only rolling rank-IC weights with shrinkage and caps.,2020-08-31,EBAY,Consumer Discretionary,1.7324314433217896,100000.0,-0.1
improved_3_dynamic_ic_weights_stop_take_top10,Improved 3: builds on improved 2 and uses past-only rolling rank-IC weights with shrinkage and caps.,2020-08-31,NTAP,Information Technology,1.726756823750531,100000.0,-0.1
improved_3_dynamic_ic_weights_stop_take_top10,Improved 3: builds on improved 2 and uses past-only rolling rank-IC weights with shrinkage and caps.,2020-08-31,MCO,Financials,1.7157976943149762,100000.0,-0.01411564625872963
improved_3_dynamic_ic_weights_stop_take_top10,Improved 3: builds on improved 2 and uses past-only rolling rank-IC weights with shrinkage and caps.,2020-08-31,AAPL,Information Technology,1.5311935880173215,100000.0,-0.1
improved_3_dynamic_ic_weights_stop_take_top10,Improved 3: builds on improved 2 and uses past-only rolling rank-IC weights with shrinkage and caps.,2020-08-31,LLY,Health Care,1.3899890905001577,100000.0,-0.003970123141171733
improved_3_dynamic_ic_weights_stop_take_top10,Improved 3: builds on improved 2 and uses past-only rolling rank-IC weights with shrinkage and caps.,2020-09-30,NRG,Utilities,1.9306716443976746,100000.0,0.03670022734788381
improved_3_dynamic_ic_weights_stop_take_top10,Improved 3: builds on improved 2 and uses past-only rolling rank-IC weights with shrinkage and caps.,2020-09-30,LOW,Consumer Discretionary,1.8570709883718004,100000.0,-0.05201589677284768
improved_3_dynamic_ic_weights_stop_take_top10,Improved 3: builds on improved 2 and uses past-only rolling rank-IC weights with shrinkage and caps.,2020-09-30,MCO,Financials,1.8202904007285385,100000.0,-0.1
improved_3_dynamic_ic_weights_stop_take_top10,Improved 3: builds on improved 2 and uses past-only rolling rank-IC weights with shrinkage and caps.,2020-09-30,SPGI,Financials,1.7752757830555554,100000.0,-0.1
improved_3_dynamic_ic_weights_stop_take_top10,Improved 3: builds on improved 2 and uses past-only rolling rank-IC weights with shrinkage and caps.,2020-09-30,ORLY,Consumer Discretionary,1.7103495112100906,100000.0,-0.05687684963061368
improved_3_dynamic_ic_weights_stop_take_top10,Improved 3: builds on improved 2 and uses past-only rolling rank-IC weights with shrinkage and caps.,2020-09-30,IDXX,Health Care,1.6852847121462888,100000.0,0.07199273259481687
improved_3_dynamic_ic_weights_stop_take_top10,Improved 3: builds on improved 2 and uses past-only rolling rank-IC weights with shrinkage and caps.,2020-09-30,NTAP,Information Technology,1.4635783286529773,100000.0,-0.0005542357377836815
improved_3_dynamic_ic_weights_stop_take_top10,Improved 3: builds on improved 2 and uses past-only rolling rank-IC weights with shrinkage and caps.,2020-09-30,LLY,Health Care,1.255988864411951,100000.0,-0.1
improved_3_dynamic_ic_weights_stop_take_top10,Improved 3: builds on improved 2 and uses past-only rolling rank-IC weights with shrinkage and caps.,2020-09-30,ALGN,Health Care,1.10032647843165,100000.0,0.2
improved_3_dynamic_ic_weights_stop_take_top10,Improved 3: builds on improved 2 and uses past-only rolling rank-IC weights with shrinkage and caps.,2020-09-30,EBAY,Consumer Discretionary,1.0333500443847443,100000.0,-0.1
improved_3_dynamic_ic_weights_stop_take_top10,Improved 3: builds on improved 2 and uses past-only rolling rank-IC weights with shrinkage and caps.,2020-10-31,NRG,Utilities,2.3375261101822953,100000.0,0.02215980024953379
improved_3_dynamic_ic_weights_stop_take_top10,Improved 3: builds on improved 2 and uses past-only rolling rank-IC weights with shrinkage and caps.,2020-10-31,CL,Consumer Staples,2.24506419992949,100000.0,0.06809678223993254
improved_3_dynamic_ic_weights_stop_take_top10,Improved 3: builds on improved 2 and uses past-only rolling rank-IC weights with shrinkage and caps.,2020-10-31,ORLY,Consumer Discretionary,2.024583860812184,100000.0,-0.0006098800569221963
improved_3_dynamic_ic_weights_stop_take_top10,Improved 3: builds on improved 2 and uses past-only rolling rank-IC weights with shrinkage and caps.,2020-10-31,SPGI,Financials,1.990506094555115,100000.0,0.07278577795695118
improved_3_dynamic_ic_weights_stop_take_top10,Improved 3: builds on improved 2 and uses past-only rolling rank-IC weights with shrinkage and caps.,2020-10-31,KMB,Consumer Staples,1.9902648792819904,100000.0,0.03753630744020775
improved_3_dynamic_ic_weights_stop_take_top10,Improved 3: builds on improved 2 and uses past-only rolling rank-IC weights with shrinkage and caps.,2020-10-31,NTAP,Information Technology,1.6602624438040656,100000.0,0.2
improved_3_dynamic_ic_weights_stop_take_top10,Improved 3: builds on improved 2 and uses past-only rolling rank-IC weights with shrinkage and caps.,2020-10-31,LOW,Consumer Discretionary,1.6253373685047194,100000.0,-0.025455000312921694
improved_3_dynamic_ic_weights_stop_take_top10,Improved 3: builds on improved 2 and uses past-only rolling rank-IC weights with shrinkage and caps.,2020-10-31,MCO,Financials,1.358554684022187,100000.0,0.061411691202463814
improved_3_dynamic_ic_weights_stop_take_top10,Improved 3: builds on improved 2 and uses past-only rolling rank-IC weights with shrinkage and caps.,2020-10-31,EBAY,Consumer Discretionary,1.2608767395227707,100000.0,0.04980286366418074
improved_3_dynamic_ic_weights_stop_take_top10,Improved 3: builds on improved 2 and uses past-only rolling rank-IC weights with shrinkage and caps.,2020-10-31,LMT,Industrials,1.1926147800057876,100000.0,0.03223632483434624
improved_3_dynamic_ic_weights_stop_take_top10,Improved 3: builds on improved 2 and uses past-only rolling rank-IC weights with shrinkage and caps.,2020-11-30,SPGI,Financials,2.1450033001656825,100000.0,-0.1
improved_3_dynamic_ic_weights_stop_take_top10,Improved 3: builds on improved 2 and uses past-only rolling rank-IC weights with shrinkage and caps.,2020-11-30,CL,Consumer Staples,1.993992108428105,100000.0,-0.0029151119405811388
improved_3_dynamic_ic_weights_stop_take_top10,Improved 3: builds on improved 2 and uses past-only rolling rank-IC weights with shrinkage and caps.,2020-11-30,NTAP,Information Technology,1.9191116853869887,100000.0,0.2
improved_3_dynamic_ic_weights_stop_take_top10,Improved 3: builds on improved 2 and uses past-only rolling rank-IC weights with shrinkage and caps.,2020-11-30,IDXX,Health Care,1.9186667056951485,100000.0,0.08199311673412835
improved_3_dynamic_ic_weights_stop_take_top10,Improved 3: builds on improved 2 and uses past-only rolling rank-IC weights with shrinkage and caps.,2020-11-30,ORLY,Consumer Discretionary,1.8598644794024213,100000.0,0.013912536965693612
improved_3_dynamic_ic_weights_stop_take_top10,Improved 3: builds on improved 2 and uses past-only rolling rank-IC weights with shrinkage and caps.,2020-11-30,QCOM,Information Technology,1.5452668480790401,100000.0,0.028296444857274894
improved_3_dynamic_ic_weights_stop_take_top10,Improved 3: builds on improved 2 and uses past-only rolling rank-IC weights with shrinkage and caps.,2020-11-30,MTD,Health Care,1.5343379309082819,100000.0,-0.014799446749654166
improved_3_dynamic_ic_weights_stop_take_top10,Improved 3: builds on improved 2 and uses past-only rolling rank-IC weights with shrinkage and caps.,2020-11-30,GEN,Information Technology,1.49934506642634,100000.0,0.13613996719550703
improved_3_dynamic_ic_weights_stop_take_top10,Improved 3: builds on improved 2 and uses past-only rolling rank-IC weights with shrinkage and caps.,2020-11-30,KMB,Consumer Staples,1.4536899985882035,100000.0,-0.025972857434134355
improved_3_dynamic_ic_weights_stop_take_top10,Improved 3: builds on improved 2 and uses past-only rolling rank-IC weights with shrinkage and caps.,2020-11-30,LOW,Consumer Discretionary,1.4051667991516292,100000.0,0.030098831985793106
improved_3_dynamic_ic_weights_stop_take_top10,Improved 3: builds on improved 2 and uses past-only rolling rank-IC weights with shrinkage and caps.,2020-12-31,CL,Consumer Staples,1.9771703395217333,100000.0,-0.0747943995096918
improved_3_dynamic_ic_weights_stop_take_top10,Improved 3: builds on improved 2 and uses past-only rolling rank-IC weights with shrinkage and caps.,2020-12-31,ORLY,Consumer Discretionary,1.9677838577772362,100000.0,-0.06329531944659339
improved_3_dynamic_ic_weights_stop_take_top10,Improved 3: builds on improved 2 and uses past-only rolling rank-IC weights with shrinkage and caps.,2020-12-31,NTAP,Information Technology,1.8505483619933403,100000.0,0.006902797341405975
improved_3_dynamic_ic_weights_stop_take_top10,Improved 3: builds on improved 2 and uses past-only rolling rank-IC weights with shrinkage and caps.,2020-12-31,KMB,Consumer Staples,1.841930796419319,100000.0,-0.016747301823633043
improved_3_dynamic_ic_weights_stop_take_top10,Improved 3: builds on improved 2 and uses past-only rolling rank-IC weights with shrinkage and caps.,2020-12-31,SPGI,Financials,1.769779780355479,100000.0,-0.04434596484885989
improved_3_dynamic_ic_weights_stop_take_top10,Improved 3: builds on improved 2 and uses past-only rolling rank-IC weights with shrinkage and caps.,2020-12-31,IDXX,Health Care,1.7099749437057892,100000.0,-0.04834990059642141
improved_3_dynamic_ic_weights_stop_take_top10,Improved 3: builds on improved 2 and uses past-only rolling rank-IC weights with shrinkage and caps.,2020-12-31,NRG,Utilities,1.6595211233231477,100000.0,0.10614895308619121
improved_3_dynamic_ic_weights_stop_take_top10,Improved 3: builds on improved 2 and uses past-only rolling rank-IC weights with shrinkage and caps.,2020-12-31,LOW,Consumer Discretionary,1.3912184351159302,100000.0,0.04146458555402055
improved_3_dynamic_ic_weights_stop_take_top10,Improved 3: builds on improved 2 and uses past-only rolling rank-IC weights with shrinkage and caps.,2020-12-31,GEN,Information Technology,1.3812180599800024,100000.0,0.006688963209520171
improved_3_dynamic_ic_weights_stop_take_top10,Improved 3: builds on improved 2 and uses past-only rolling rank-IC weights with shrinkage and caps.,2020-12-31,ABBV,Health Care,1.3650586706338455,100000.0,-0.032716527122909955
improved_3_dynamic_ic_weights_stop_take_top10,Improved 3: builds on improved 2 and uses past-only rolling rank-IC weights with shrinkage and caps.,2021-01-31,ORLY,Consumer Discretionary,2.131963078384126,100000.0,0.044431473267621424
improved_3_dynamic_ic_weights_stop_take_top10,Improved 3: builds on improved 2 and uses past-only rolling rank-IC weights with shrinkage and caps.,2021-01-31,NRG,Utilities,1.9858295401642536,100000.0,-0.1
improved_3_dynamic_ic_weights_stop_take_top10,Improved 3: builds on improved 2 and uses past-only rolling rank-IC weights with shrinkage and caps.,2021-01-31,SPGI,Financials,1.9709003557298628,100000.0,0.032493816740508885
improved_3_dynamic_ic_weights_stop_take_top10,Improved 3: builds on improved 2 and uses past-only rolling rank-IC weights with shrinkage and caps.,2021-01-31,ABBV,Health Care,1.8416869444198576,100000.0,0.046019417476548696
improved_3_dynamic_ic_weights_stop_take_top10,Improved 3: builds on improved 2 and uses past-only rolling rank-IC weights with shrinkage and caps.,2021-01-31,CL,Consumer Staples,1.7178836978524579,100000.0,-0.043743641911713205
improved_3_dynamic_ic_weights_stop_take_top10,Improved 3: builds on improved 2 and uses past-only rolling rank-IC weights with shrinkage and caps.,2021-01-31,IDXX,Health Care,1.7123808406088492,100000.0,0.07691192911266609
improved_3_dynamic_ic_weights_stop_take_top10,Improved 3: builds on improved 2 and uses past-only rolling rank-IC weights with shrinkage and caps.,2021-01-31,QCOM,Information Technology,1.552924693363821,100000.0,-0.1
improved_3_dynamic_ic_weights_stop_take_top10,Improved 3: builds on improved 2 and uses past-only rolling rank-IC weights with shrinkage and caps.,2021-01-31,EBAY,Consumer Discretionary,1.519366311170074,100000.0,-0.00395952485746931
improved_3_dynamic_ic_weights_stop_take_top10,Improved 3: builds on improved 2 and uses past-only rolling rank-IC weights with shrinkage and caps.,2021-01-31,MTD,Health Care,1.4767720987545183,100000.0,-0.05372177614230855
improved_3_dynamic_ic_weights_stop_take_top10,Improved 3: builds on improved 2 and uses past-only rolling rank-IC weights with shrinkage and caps.,2021-01-31,KMB,Consumer Staples,1.461495978362929,100000.0,-0.030007558578226123
improved_3_dynamic_ic_weights_stop_take_top10,Improved 3: builds on improved 2 and uses past-only rolling rank-IC weights with shrinkage and caps.,2021-02-28,GNRC,Industrials,2.1022656300535956,100000.0,-0.1
improved_3_dynamic_ic_weights_stop_take_top10,Improved 3: builds on improved 2 and uses past-only rolling rank-IC weights with shrinkage and caps.,2021-02-28,TTD,Communication Services,1.8905961597767067,100000.0,-0.1
improved_3_dynamic_ic_weights_stop_take_top10,Improved 3: builds on improved 2 and uses past-only rolling rank-IC weights with shrinkage and caps.,2021-02-28,LOW,Consumer Discretionary,1.8657509378028516,100000.0,0.18300572281702276
improved_3_dynamic_ic_weights_stop_take_top10,Improved 3: builds on improved 2 and uses past-only rolling rank-IC weights with shrinkage and caps.,2021-02-28,WBD,Communication Services,1.657823761308362,100000.0,-0.1
improved_3_dynamic_ic_weights_stop_take_top10,Improved 3: builds on improved 2 and uses past-only rolling rank-IC weights with shrinkage and caps.,2021-02-28,EBAY,Consumer Discretionary,1.613550504832778,100000.0,0.07246681377346897
improved_3_dynamic_ic_weights_stop_take_top10,Improved 3: builds on improved 2 and uses past-only rolling rank-IC weights with shrinkage and caps.,2021-02-28,XYZ,Financials,1.4591456419957434,100000.0,-0.1
improved_3_dynamic_ic_weights_stop_take_top10,Improved 3: builds on improved 2 and uses past-only rolling rank-IC weights with shrinkage and caps.,2021-02-28,VRSK,Industrials,1.4410497580821593,100000.0,0.059112703152922164
improved_3_dynamic_ic_weights_stop_take_top10,Improved 3: builds on improved 2 and uses past-only rolling rank-IC weights with shrinkage and caps.,2021-02-28,LDOS,Industrials,1.3557422278871427,100000.0,0.07732004840655393
improved_3_dynamic_ic_weights_stop_take_top10,Improved 3: builds on improved 2 and uses past-only rolling rank-IC weights with shrinkage and caps.,2021-02-28,ON,Information Technology,1.3094203156210873,100000.0,-0.1
improved_3_dynamic_ic_weights_stop_take_top10,Improved 3: builds on improved 2 and uses past-only rolling rank-IC weights with shrinkage and caps.,2021-02-28,NTAP,Information Technology,1.2758464556842743,100000.0,0.1534920634917809
improved_3_dynamic_ic_weights_stop_take_top10,Improved 3: builds on improved 2 and uses past-only rolling rank-IC weights with shrinkage and caps.,2021-03-31,ADSK,Information Technology,2.327842938112307,100000.0,0.0506406564929458
improved_3_dynamic_ic_weights_stop_take_top10,Improved 3: builds on improved 2 and uses past-only rolling rank-IC weights with shrinkage and caps.,2021-03-31,HD,Consumer Discretionary,2.30098464253455,100000.0,0.05471193952026754
improved_3_dynamic_ic_weights_stop_take_top10,Improved 3: builds on improved 2 and uses past-only rolling rank-IC weights with shrinkage and caps.,2021-03-31,SPGI,Financials,2.088948772584766,100000.0,0.08610616514572222
improved_3_dynamic_ic_weights_stop_take_top10,Improved 3: builds on improved 2 and uses past-only rolling rank-IC weights with shrinkage and caps.,2021-03-31,KMB,Consumer Staples,2.032499428679523,100000.0,-0.03349282296659495
improved_3_dynamic_ic_weights_stop_take_top10,Improved 3: builds on improved 2 and uses past-only rolling rank-IC weights with shrinkage and caps.,2021-03-31,CL,Consumer Staples,1.9142353721231553,100000.0,0.03331865785596633
improved_3_dynamic_ic_weights_stop_take_top10,Improved 3: builds on improved 2 and uses past-only rolling rank-IC weights with shrinkage and caps.,2021-03-31,APA,Energy,1.8378700054292947,100000.0,-0.1
improved_3_dynamic_ic_weights_stop_take_top10,Improved 3: builds on improved 2 and uses past-only rolling rank-IC weights with shrinkage and caps.,2021-03-31,TPL,Energy,1.8057271119069027,100000.0,-0.0252708723611903
improved_3_dynamic_ic_weights_stop_take_top10,Improved 3: builds on improved 2 and uses past-only rolling rank-IC weights with shrinkage and caps.,2021-03-31,ORLY,Consumer Discretionary,1.7393287376708289,100000.0,0.0849159439375895
improved_3_dynamic_ic_weights_stop_take_top10,Improved 3: builds on improved 2 and uses past-only rolling rank-IC weights with shrinkage and caps.,2021-03-31,TTD,Communication Services,1.5294664616778948,100000.0,0.08220682286952252
improved_3_dynamic_ic_weights_stop_take_top10,Improved 3: builds on improved 2 and uses past-only rolling rank-IC weights with shrinkage and caps.,2021-03-31,XYZ,Financials,1.4535036823220688,100000.0,0.2
improved_3_dynamic_ic_weights_stop_take_top10,Improved 3: builds on improved 2 and uses past-only rolling rank-IC weights with shrinkage and caps.,2021-04-30,CL,Consumer Staples,2.3284295719262897,100000.0,0.036368134585729406
improved_3_dynamic_ic_weights_stop_take_top10,Improved 3: builds on improved 2 and uses past-only rolling rank-IC weights with shrinkage and caps.,2021-04-30,HD,Consumer Discretionary,2.2239905751675604,100000.0,-0.022587961260237654
improved_3_dynamic_ic_weights_stop_take_top10,Improved 3: builds on improved 2 and uses past-only rolling rank-IC weights with shrinkage and caps.,2021-04-30,KMB,Consumer Staples,2.2101979528148767,100000.0,-0.02003000750172157
improved_3_dynamic_ic_weights_stop_take_top10,Improved 3: builds on improved 2 and uses past-only rolling rank-IC weights with shrinkage and caps.,2021-04-30,ORLY,Consumer Discretionary,2.0971645525347404,100000.0,-0.035993514682006844
improved_3_dynamic_ic_weights_stop_take_top10,Improved 3: builds on improved 2 and uses past-only rolling rank-IC weights with shrinkage and caps.,2021-04-30,ADSK,Information Technology,2.0862980313521016,100000.0,-0.02433530154612784
improved_3_dynamic_ic_weights_stop_take_top10,Improved 3: builds on improved 2 and uses past-only rolling rank-IC weights with shrinkage and caps.,2021-04-30,SPGI,Financials,1.9966026302817808,100000.0,-0.02753947520791522
improved_3_dynamic_ic_weights_stop_take_top10,Improved 3: builds on improved 2 and uses past-only rolling rank-IC weights with shrinkage and caps.,2021-04-30,MAS,Industrials,1.9681860673295417,100000.0,-0.06234507969506298
improved_3_dynamic_ic_weights_stop_take_top10,Improved 3: builds on improved 2 and uses past-only rolling rank-IC weights with shrinkage and caps.,2021-04-30,FTNT,Information Technology,1.2981579272319537,100000.0,0.06443914081145596
improved_3_dynamic_ic_weights_stop_take_top10,Improved 3: builds on improved 2 and uses past-only rolling rank-IC weights with shrinkage and caps.,2021-04-30,AMGN,Health Care,1.1616786246399335,100000.0,-0.004421399335443721
improved_3_dynamic_ic_weights_stop_take_top10,Improved 3: builds on improved 2 and uses past-only rolling rank-IC weights with shrinkage and caps.,2021-04-30,LOW,Consumer Discretionary,1.1523478710738768,100000.0,-0.019723270440041074
improved_3_dynamic_ic_weights_stop_take_top10,Improved 3: builds on improved 2 and uses past-only rolling rank-IC weights with shrinkage and caps.,2021-05-31,WAT,Health Care,2.8112952507660776,100000.0,0.06990062842460465
improved_3_dynamic_ic_weights_stop_take_top10,Improved 3: builds on improved 2 and uses past-only rolling rank-IC weights with shrinkage and caps.,2021-05-31,ORLY,Consumer Discretionary,2.803842554927012,100000.0,0.05429662042645389
improved_3_dynamic_ic_weights_stop_take_top10,Improved 3: builds on improved 2 and uses past-only rolling rank-IC weights with shrinkage and caps.,2021-05-31,HD,Consumer Discretionary,2.7336662574988337,100000.0,-0.0002812475775798573
improved_3_dynamic_ic_weights_stop_take_top10,Improved 3: builds on improved 2 and uses past-only rolling rank-IC weights with shrinkage and caps.,2021-05-31,MAS,Industrials,2.7333428047477026,100000.0,-0.03378710841417987
improved_3_dynamic_ic_weights_stop_take_top10,Improved 3: builds on improved 2 and uses past-only rolling rank-IC weights with shrinkage and caps.,2021-05-31,CL,Consumer Staples,2.5786934857951334,100000.0,-0.042377869334593976
improved_3_dynamic_ic_weights_stop_take_top10,Improved 3: builds on improved 2 and uses past-only rolling rank-IC weights with shrinkage and caps.,2021-05-31,KMB,Consumer Staples,2.2213384945401558,100000.0,0.026287213068914017
improved_3_dynamic_ic_weights_stop_take_top10,Improved 3: builds on improved 2 and uses past-only rolling rank-IC weights with shrinkage and caps.,2021-05-31,ADSK,Information Technology,2.1223333913949114,100000.0,0.017073170731707332
improved_3_dynamic_ic_weights_stop_take_top10,Improved 3: builds on improved 2 and uses past-only rolling rank-IC weights with shrinkage and caps.,2021-05-31,SPGI,Financials,1.9426476574552791,100000.0,0.07397038044922621
improved_3_dynamic_ic_weights_stop_take_top10,Improved 3: builds on improved 2 and uses past-only rolling rank-IC weights with shrinkage and caps.,2021-05-31,LOW,Consumer Discretionary,1.1784016283122885,100000.0,-0.005282051282305411
improved_3_dynamic_ic_weights_stop_take_top10,Improved 3: builds on improved 2 and uses past-only rolling rank-IC weights with shrinkage and caps.,2021-05-31,MTD,Health Care,0.8978196615424829,100000.0,0.053034046078885844
improved_3_dynamic_ic_weights_stop_take_top10,Improved 3: builds on improved 2 and uses past-only rolling rank-IC weights with shrinkage and caps.,2021-06-30,WAT,Health Care,2.9122868042428696,100000.0,0.12661849710982653
improved_3_dynamic_ic_weights_stop_take_top10,Improved 3: builds on improved 2 and uses past-only rolling rank-IC weights with shrinkage and caps.,2021-06-30,MAS,Industrials,2.77376206401696,100000.0,0.012205458552422499
improved_3_dynamic_ic_weights_stop_take_top10,Improved 3: builds on improved 2 and uses past-only rolling rank-IC weights with shrinkage and caps.,2021-06-30,HD,Consumer Discretionary,2.736822469281097,100000.0,0.02588227939115728
improved_3_dynamic_ic_weights_stop_take_top10,Improved 3: builds on improved 2 and uses past-only rolling rank-IC weights with shrinkage and caps.,2021-06-30,ORLY,Consumer Discretionary,2.6609945832017132,100000.0,0.06512382699405106
improved_3_dynamic_ic_weights_stop_take_top10,Improved 3: builds on improved 2 and uses past-only rolling rank-IC weights with shrinkage and caps.,2021-06-30,CL,Consumer Staples,2.642006375858707,100000.0,-0.01923141127950423
improved_3_dynamic_ic_weights_stop_take_top10,Improved 3: builds on improved 2 and uses past-only rolling rank-IC weights with shrinkage and caps.,2021-06-30,KMB,Consumer Staples,2.6046333702635818,100000.0,0.013213885778054602
improved_3_dynamic_ic_weights_stop_take_top10,Improved 3: builds on improved 2 and uses past-only rolling rank-IC weights with shrinkage and caps.,2021-06-30,SPGI,Financials,2.1970177604548606,100000.0,0.040734087488459636
improved_3_dynamic_ic_weights_stop_take_top10,Improved 3: builds on improved 2 and uses past-only rolling rank-IC weights with shrinkage and caps.,2021-06-30,GDDY,Information Technology,1.503706115029846,100000.0,-0.03476459076781413
improved_3_dynamic_ic_weights_stop_take_top10,Improved 3: builds on improved 2 and uses past-only rolling rank-IC weights with shrinkage and caps.,2021-06-30,LOW,Consumer Discretionary,1.2526400117733072,100000.0,-0.005222891268689356
improved_3_dynamic_ic_weights_stop_take_top10,Improved 3: builds on improved 2 and uses past-only rolling rank-IC weights with shrinkage and caps.,2021-06-30,MOS,Materials,1.004531095870782,100000.0,-0.1
improved_3_dynamic_ic_weights_stop_take_top10,Improved 3: builds on improved 2 and uses past-only rolling rank-IC weights with shrinkage and caps.,2021-07-31,ORLY,Consumer Discretionary,3.1433407697572964,100000.0,-0.017318666776955816
improved_3_dynamic_ic_weights_stop_take_top10,Improved 3: builds on improved 2 and uses past-only rolling rank-IC weights with shrinkage and caps.,2021-07-31,HD,Consumer Discretionary,2.9763881199983597,100000.0,-0.011575757575635337
improved_3_dynamic_ic_weights_stop_take_top10,Improved 3: builds on improved 2 and uses past-only rolling rank-IC weights with shrinkage and caps.,2021-07-31,WAT,Health Care,2.8683681377163097,100000.0,0.05919975440032754
improved_3_dynamic_ic_weights_stop_take_top10,Improved 3: builds on improved 2 and uses past-only rolling rank-IC weights with shrinkage and caps.,2021-07-31,MAS,Industrials,2.8530771322860984,100000.0,0.019220875588298325
improved_3_dynamic_ic_weights_stop_take_top10,Improved 3: builds on improved 2 and uses past-only rolling rank-IC weights with shrinkage and caps.,2021-07-31,CL,Consumer Staples,2.4206247783738095,100000.0,-0.01937350610174482
improved_3_dynamic_ic_weights_stop_take_top10,Improved 3: builds on improved 2 and uses past-only rolling rank-IC weights with shrinkage and caps.,2021-07-31,KMB,Consumer Staples,1.998202934326255,100000.0,0.01562384847852405
improved_3_dynamic_ic_weights_stop_take_top10,Improved 3: builds on improved 2 and uses past-only rolling rank-IC weights with shrinkage and caps.,2021-07-31,GDDY,Information Technology,1.9001936185966546,100000.0,-0.1
improved_3_dynamic_ic_weights_stop_take_top10,Improved 3: builds on improved 2 and uses past-only rolling rank-IC weights with shrinkage and caps.,2021-07-31,SPGI,Financials,1.5800247687254387,100000.0,0.03251393126092972
improved_3_dynamic_ic_weights_stop_take_top10,Improved 3: builds on improved 2 and uses past-only rolling rank-IC weights with shrinkage and caps.,2021-07-31,LOW,Consumer Discretionary,1.5531611330591004,100000.0,0.05200970022165108
improved_3_dynamic_ic_weights_stop_take_top10,Improved 3: builds on improved 2 and uses past-only rolling rank-IC weights with shrinkage and caps.,2021-07-31,NTAP,Information Technology,1.1334256964512333,100000.0,0.1116250000005714
improved_3_dynamic_ic_weights_stop_take_top10,Improved 3: builds on improved 2 and uses past-only rolling rank-IC weights with shrinkage and caps.,2021-08-31,ORLY,Consumer Discretionary,3.1337736263126494,100000.0,0.02526845637586006
improved_3_dynamic_ic_weights_stop_take_top10,Improved 3: builds on improved 2 and uses past-only rolling rank-IC weights with shrinkage and caps.,2021-08-31,HD,Consumer Discretionary,2.776921590242424,100000.0,0.008293402137574235
improved_3_dynamic_ic_weights_stop_take_top10,Improved 3: builds on improved 2 and uses past-only rolling rank-IC weights with shrinkage and caps.,2021-08-31,CL,Consumer Staples,2.6062132464457872,100000.0,-0.029033915725008796
improved_3_dynamic_ic_weights_stop_take_top10,Improved 3: builds on improved 2 and uses past-only rolling rank-IC weights with shrinkage and caps.,2021-08-31,MAS,Industrials,2.5477343075636636,100000.0,-0.08454185893158117
improved_3_dynamic_ic_weights_stop_take_top10,Improved 3: builds on improved 2 and uses past-only rolling rank-IC weights with shrinkage and caps.,2021-08-31,LOW,Consumer Discretionary,2.5167272453897254,100000.0,-0.008262038621105305
improved_3_dynamic_ic_weights_stop_take_top10,Improved 3: builds on improved 2 and uses past-only rolling rank-IC weights with shrinkage and caps.,2021-08-31,WAT,Health Care,2.2560941059760413,100000.0,-0.1
improved_3_dynamic_ic_weights_stop_take_top10,Improved 3: builds on improved 2 and uses past-only rolling rank-IC weights with shrinkage and caps.,2021-08-31,KMB,Consumer Staples,1.9302306481495572,100000.0,-0.031016200025146712
improved_3_dynamic_ic_weights_stop_take_top10,Improved 3: builds on improved 2 and uses past-only rolling rank-IC weights with shrinkage and caps.,2021-08-31,ADSK,Information Technology,1.4265314207360478,100000.0,-0.1
improved_3_dynamic_ic_weights_stop_take_top10,Improved 3: builds on improved 2 and uses past-only rolling rank-IC weights with shrinkage and caps.,2021-08-31,SPGI,Financials,1.395133015188492,100000.0,-0.04594139440884304
improved_3_dynamic_ic_weights_stop_take_top10,Improved 3: builds on improved 2 and uses past-only rolling rank-IC weights with shrinkage and caps.,2021-08-31,MTD,Health Care,1.0456821446977245,100000.0,-0.1
improved_3_dynamic_ic_weights_stop_take_top10,Improved 3: builds on improved 2 and uses past-only rolling rank-IC weights with shrinkage and caps.,2021-09-30,ORLY,Consumer Discretionary,2.7932148591973394,100000.0,0.015502105021853563
improved_3_dynamic_ic_weights_stop_take_top10,Improved 3: builds on improved 2 and uses past-only rolling rank-IC weights with shrinkage and caps.,2021-09-30,COR,Health Care,2.733181713925232,100000.0,0.018021024528407814
improved_3_dynamic_ic_weights_stop_take_top10,Improved 3: builds on improved 2 and uses past-only rolling rank-IC weights with shrinkage and caps.,2021-09-30,MAS,Industrials,2.724406169008103,100000.0,0.1728395061720187
improved_3_dynamic_ic_weights_stop_take_top10,Improved 3: builds on improved 2 and uses past-only rolling rank-IC weights with shrinkage and caps.,2021-09-30,HD,Consumer Discretionary,2.7177006229097094,100000.0,0.13283559347840446
improved_3_dynamic_ic_weights_stop_take_top10,Improved 3: builds on improved 2 and uses past-only rolling rank-IC weights with shrinkage and caps.,2021-09-30,LOW,Consumer Discretionary,2.4403800381364453,100000.0,0.15181443486887125
improved_3_dynamic_ic_weights_stop_take_top10,Improved 3: builds on improved 2 and uses past-only rolling rank-IC weights with shrinkage and caps.,2021-09-30,WAT,Health Care,2.40907565641397,100000.0,0.024443948938068116
improved_3_dynamic_ic_weights_stop_take_top10,Improved 3: builds on improved 2 and uses past-only rolling rank-IC weights with shrinkage and caps.,2021-09-30,CL,Consumer Staples,2.3708657201699794,100000.0,0.010501401340173633
improved_3_dynamic_ic_weights_stop_take_top10,Improved 3: builds on improved 2 and uses past-only rolling rank-IC weights with shrinkage and caps.,2021-09-30,SPGI,Financials,1.7109453055558415,100000.0,0.1129732647936239
improved_3_dynamic_ic_weights_stop_take_top10,Improved 3: builds on improved 2 and uses past-only rolling rank-IC weights with shrinkage and caps.,2021-09-30,KMB,Consumer Staples,1.5973171243118183,100000.0,-0.023380345425702775
improved_3_dynamic_ic_weights_stop_take_top10,Improved 3: builds on improved 2 and uses past-only rolling rank-IC weights with shrinkage and caps.,2021-09-30,MTD,Health Care,1.5733607686021487,100000.0,0.08111580776334715
improved_3_dynamic_ic_weights_stop_take_top10,Improved 3: builds on improved 2 and uses past-only rolling rank-IC weights with shrinkage and caps.,2021-10-31,COR,Health Care,2.8554066522304145,100000.0,-0.05101450309000055
improved_3_dynamic_ic_weights_stop_take_top10,Improved 3: builds on improved 2 and uses past-only rolling rank-IC weights with shrinkage and caps.,2021-10-31,ORLY,Consumer Discretionary,2.7953815664008688,100000.0,0.02543666543391332
improved_3_dynamic_ic_weights_stop_take_top10,Improved 3: builds on improved 2 and uses past-only rolling rank-IC weights with shrinkage and caps.,2021-10-31,LOW,Consumer Discretionary,2.660847760707947,100000.0,0.040808510638179696
improved_3_dynamic_ic_weights_stop_take_top10,Improved 3: builds on improved 2 and uses past-only rolling rank-IC weights with shrinkage and caps.,2021-10-31,HD,Consumer Discretionary,2.573988406654934,100000.0,0.07402144772121244
improved_3_dynamic_ic_weights_stop_take_top10,Improved 3: builds on improved 2 and uses past-only rolling rank-IC weights with shrinkage and caps.,2021-10-31,CL,Consumer Staples,2.3383542790141054,100000.0,-0.012764837478221769
improved_3_dynamic_ic_weights_stop_take_top10,Improved 3: builds on improved 2 and uses past-only rolling rank-IC weights with shrinkage and caps.,2021-10-31,WAT,Health Care,2.199766423125845,100000.0,-0.1
improved_3_dynamic_ic_weights_stop_take_top10,Improved 3: builds on improved 2 and uses past-only rolling rank-IC weights with shrinkage and caps.,2021-10-31,KMB,Consumer Staples,1.882275811110229,100000.0,0.005478395061539798
improved_3_dynamic_ic_weights_stop_take_top10,Improved 3: builds on improved 2 and uses past-only rolling rank-IC weights with shrinkage and caps.,2021-10-31,ORCL,Information Technology,1.6062502616479089,100000.0,-0.05479166666682689
improved_3_dynamic_ic_weights_stop_take_top10,Improved 3: builds on improved 2 and uses past-only rolling rank-IC weights with shrinkage and caps.,2021-10-31,EBAY,Consumer Discretionary,1.4304391500047307,100000.0,-0.1
improved_3_dynamic_ic_weights_stop_take_top10,Improved 3: builds on improved 2 and uses past-only rolling rank-IC weights with shrinkage and caps.,2021-10-31,STX,Information Technology,1.4261975848694004,100000.0,0.2
improved_3_dynamic_ic_weights_stop_take_top10,Improved 3: builds on improved 2 and uses past-only rolling rank-IC weights with shrinkage and caps.,2021-11-30,LOW,Consumer Discretionary,3.0512782774966922,100000.0,0.04099879178412369
improved_3_dynamic_ic_weights_stop_take_top10,Improved 3: builds on improved 2 and uses past-only rolling rank-IC weights with shrinkage and caps.,2021-11-30,ORLY,Consumer Discretionary,2.985625942205599,100000.0,0.09934465528330771
improved_3_dynamic_ic_weights_stop_take_top10,Improved 3: builds on improved 2 and uses past-only rolling rank-IC weights with shrinkage and caps.,2021-11-30,HD,Consumer Discretionary,2.9494212209637376,100000.0,0.0321577795461796
improved_3_dynamic_ic_weights_stop_take_top10,Improved 3: builds on improved 2 and uses past-only rolling rank-IC weights with shrinkage and caps.,2021-11-30,CL,Consumer Staples,2.231738310187403,100000.0,0.13033112582706985
improved_3_dynamic_ic_weights_stop_take_top10,Improved 3: builds on improved 2 and uses past-only rolling rank-IC weights with shrinkage and caps.,2021-11-30,MTD,Health Care,1.6816523868141309,100000.0,0.11950950838703722
improved_3_dynamic_ic_weights_stop_take_top10,Improved 3: builds on improved 2 and uses past-only rolling rank-IC weights with shrinkage and caps.,2021-11-30,STX,Information Technology,1.5052972233739244,100000.0,0.09161034228062936
improved_3_dynamic_ic_weights_stop_take_top10,Improved 3: builds on improved 2 and uses past-only rolling rank-IC weights with shrinkage and caps.,2021-11-30,KMB,Consumer Staples,1.469062122631505,100000.0,0.09974400015571461
improved_3_dynamic_ic_weights_stop_take_top10,Improved 3: builds on improved 2 and uses past-only rolling rank-IC weights with shrinkage and caps.,2021-11-30,ORCL,Information Technology,1.4179407884117146,100000.0,-0.04886029010840931
improved_3_dynamic_ic_weights_stop_take_top10,Improved 3: builds on improved 2 and uses past-only rolling rank-IC weights with shrinkage and caps.,2021-11-30,WAT,Health Care,1.2440304736724561,100000.0,0.1329015780352094
improved_3_dynamic_ic_weights_stop_take_top10,Improved 3: builds on improved 2 and uses past-only rolling rank-IC weights with shrinkage and caps.,2021-11-30,FICO,Information Technology,1.1246260286996763,100000.0,0.2
improved_3_dynamic_ic_weights_stop_take_top10,Improved 3: builds on improved 2 and uses past-only rolling rank-IC weights with shrinkage and caps.,2021-12-31,ORCL,Information Technology,3.904900655337238,100000.0,-0.06720712833493803
improved_3_dynamic_ic_weights_stop_take_top10,Improved 3: builds on improved 2 and uses past-only rolling rank-IC weights with shrinkage and caps.,2021-12-31,LOW,Consumer Discretionary,3.543778654161007,100000.0,-0.1
improved_3_dynamic_ic_weights_stop_take_top10,Improved 3: builds on improved 2 and uses past-only rolling rank-IC weights with shrinkage and caps.,2021-12-31,ORLY,Consumer Discretionary,3.3227445116411203,100000.0,-0.1
improved_3_dynamic_ic_weights_stop_take_top10,Improved 3: builds on improved 2 and uses past-only rolling rank-IC weights with shrinkage and caps.,2021-12-31,HD,Consumer Discretionary,3.2719459828325212,100000.0,-0.1
improved_3_dynamic_ic_weights_stop_take_top10,Improved 3: builds on improved 2 and uses past-only rolling rank-IC weights with shrinkage and caps.,2021-12-31,MCK,Health Care,3.1417000691337775,100000.0,0.03708491556916238
improved_3_dynamic_ic_weights_stop_take_top10,Improved 3: builds on improved 2 and uses past-only rolling rank-IC weights with shrinkage and caps.,2021-12-31,CL,Consumer Staples,1.7327797198156025,100000.0,-0.019592684702435026
improved_3_dynamic_ic_weights_stop_take_top10,Improved 3: builds on improved 2 and uses past-only rolling rank-IC weights with shrinkage and caps.,2021-12-31,KMB,Consumer Staples,1.2958177630852905,100000.0,-0.029813927261951645
improved_3_dynamic_ic_weights_stop_take_top10,Improved 3: builds on improved 2 and uses past-only rolling rank-IC weights with shrinkage and caps.,2021-12-31,BX,Financials,1.2307177934904892,100000.0,-0.1
improved_3_dynamic_ic_weights_stop_take_top10,Improved 3: builds on improved 2 and uses past-only rolling rank-IC weights with shrinkage and caps.,2021-12-31,SPGI,Financials,1.189903705279142,100000.0,-0.1
improved_3_dynamic_ic_weights_stop_take_top10,Improved 3: builds on improved 2 and uses past-only rolling rank-IC weights with shrinkage and caps.,2021-12-31,FANG,Energy,1.0367625802580749,100000.0,0.2
improved_3_dynamic_ic_weights_stop_take_top10,Improved 3: builds on improved 2 and uses past-only rolling rank-IC weights with shrinkage and caps.,2022-01-31,ORLY,Consumer Discretionary,3.3880404317541517,100000.0,-0.003254728567151699
improved_3_dynamic_ic_weights_stop_take_top10,Improved 3: builds on improved 2 and uses past-only rolling rank-IC weights with shrinkage and caps.,2022-01-31,LOW,Consumer Discretionary,3.336188462543818,100000.0,-0.1
improved_3_dynamic_ic_weights_stop_take_top10,Improved 3: builds on improved 2 and uses past-only rolling rank-IC weights with shrinkage and caps.,2022-01-31,ORCL,Information Technology,3.2903990616524754,100000.0,-0.1
improved_3_dynamic_ic_weights_stop_take_top10,Improved 3: builds on improved 2 and uses past-only rolling rank-IC weights with shrinkage and caps.,2022-01-31,MCK,Health Care,2.993742783890901,100000.0,0.07167036302068008
improved_3_dynamic_ic_weights_stop_take_top10,Improved 3: builds on improved 2 and uses past-only rolling rank-IC weights with shrinkage and caps.,2022-01-31,HD,Consumer Discretionary,2.9845837132147084,100000.0,-0.1
improved_3_dynamic_ic_weights_stop_take_top10,Improved 3: builds on improved 2 and uses past-only rolling rank-IC weights with shrinkage and caps.,2022-01-31,CL,Consumer Staples,1.5603076957267337,100000.0,-0.07009063444074737
improved_3_dynamic_ic_weights_stop_take_top10,Improved 3: builds on improved 2 and uses past-only rolling rank-IC weights with shrinkage and caps.,2022-01-31,MTD,Health Care,1.3257891524357033,100000.0,-0.05158345451607682
improved_3_dynamic_ic_weights_stop_take_top10,Improved 3: builds on improved 2 and uses past-only rolling rank-IC weights with shrinkage and caps.,2022-01-31,STX,Information Technology,1.1184117943106562,100000.0,-0.03723751749865101
improved_3_dynamic_ic_weights_stop_take_top10,Improved 3: builds on improved 2 and uses past-only rolling rank-IC weights with shrinkage and caps.,2022-01-31,KMB,Consumer Staples,1.107113979455562,100000.0,-0.05640542304080842
improved_3_dynamic_ic_weights_stop_take_top10,Improved 3: builds on improved 2 and uses past-only rolling rank-IC weights with shrinkage and caps.,2022-01-31,WAT,Health Care,0.9480801574871496,100000.0,-0.1
improved_3_dynamic_ic_weights_stop_take_top10,Improved 3: builds on improved 2 and uses past-only rolling rank-IC weights with shrinkage and caps.,2022-02-28,COR,Health Care,2.979338468749564,100000.0,0.0861415332777622
improved_3_dynamic_ic_weights_stop_take_top10,Improved 3: builds on improved 2 and uses past-only rolling rank-IC weights with shrinkage and caps.,2022-02-28,LOW,Consumer Discretionary,2.866074492397046,100000.0,-0.08668353058109046
improved_3_dynamic_ic_weights_stop_take_top10,Improved 3: builds on improved 2 and uses past-only rolling rank-IC weights with shrinkage and caps.,2022-02-28,ORLY,Consumer Discretionary,2.848344247220793,100000.0,0.05798399802373888
improved_3_dynamic_ic_weights_stop_take_top10,Improved 3: builds on improved 2 and uses past-only rolling rank-IC weights with shrinkage and caps.,2022-02-28,HD,Consumer Discretionary,2.6713842195335187,100000.0,-0.042808225698975466
improved_3_dynamic_ic_weights_stop_take_top10,Improved 3: builds on improved 2 and uses past-only rolling rank-IC weights with shrinkage and caps.,2022-02-28,CL,Consumer Staples,2.506144229695132,100000.0,-0.015194805194577055
improved_3_dynamic_ic_weights_stop_take_top10,Improved 3: builds on improved 2 and uses past-only rolling rank-IC weights with shrinkage and caps.,2022-02-28,ORCL,Information Technology,2.4413006646804662,100000.0,0.08883916820117621
improved_3_dynamic_ic_weights_stop_take_top10,Improved 3: builds on improved 2 and uses past-only rolling rank-IC weights with shrinkage and caps.,2022-02-28,STX,Information Technology,2.160088762134148,100000.0,-0.1
improved_3_dynamic_ic_weights_stop_take_top10,Improved 3: builds on improved 2 and uses past-only rolling rank-IC weights with shrinkage and caps.,2022-02-28,MTD,Health Care,2.0699864136576824,100000.0,-0.02233439653699376
improved_3_dynamic_ic_weights_stop_take_top10,Improved 3: builds on improved 2 and uses past-only rolling rank-IC weights with shrinkage and caps.,2022-02-28,KMB,Consumer Staples,1.970424443009145,100000.0,-0.04199534745781641
improved_3_dynamic_ic_weights_stop_take_top10,Improved 3: builds on improved 2 and uses past-only rolling rank-IC weights with shrinkage and caps.,2022-02-28,MO,Consumer Staples,1.8522687990015365,100000.0,0.036787247087398445
improved_3_dynamic_ic_weights_stop_take_top10,Improved 3: builds on improved 2 and uses past-only rolling rank-IC weights with shrinkage and caps.,2022-03-31,COR,Health Care,2.317135073434085,100000.0,-0.023494481378990573
improved_3_dynamic_ic_weights_stop_take_top10,Improved 3: builds on improved 2 and uses past-only rolling rank-IC weights with shrinkage and caps.,2022-03-31,ORLY,Consumer Discretionary,2.1821841110855824,100000.0,-0.1
improved_3_dynamic_ic_weights_stop_take_top10,Improved 3: builds on improved 2 and uses past-only rolling rank-IC weights with shrinkage and caps.,2022-03-31,MO,Consumer Staples,1.924627216499807,100000.0,0.05726788432292751
improved_3_dynamic_ic_weights_stop_take_top10,Improved 3: builds on improved 2 and uses past-only rolling rank-IC weights with shrinkage and caps.,2022-03-31,HD,Consumer Discretionary,1.9074999760920979,100000.0,-0.00033277870249093233
improved_3_dynamic_ic_weights_stop_take_top10,Improved 3: builds on improved 2 and uses past-only rolling rank-IC weights with shrinkage and caps.,2022-03-31,STX,Information Technology,1.8691010690448167,100000.0,-0.1
improved_3_dynamic_ic_weights_stop_take_top10,Improved 3: builds on improved 2 and uses past-only rolling rank-IC weights with shrinkage and caps.,2022-03-31,MTD,Health Care,1.8619256441735674,100000.0,-0.07546623631324134
improved_3_dynamic_ic_weights_stop_take_top10,Improved 3: builds on improved 2 and uses past-only rolling rank-IC weights with shrinkage and caps.,2022-03-31,CL,Consumer Staples,1.8576665261709533,100000.0,0.021407327319454383
improved_3_dynamic_ic_weights_stop_take_top10,Improved 3: builds on improved 2 and uses past-only rolling rank-IC weights with shrinkage and caps.,2022-03-31,KMB,Consumer Staples,1.750381202146574,100000.0,0.1245848521662507
improved_3_dynamic_ic_weights_stop_take_top10,Improved 3: builds on improved 2 and uses past-only rolling rank-IC weights with shrinkage and caps.,2022-03-31,CF,Materials,1.4605941046243651,100000.0,-0.1
improved_3_dynamic_ic_weights_stop_take_top10,Improved 3: builds on improved 2 and uses past-only rolling rank-IC weights with shrinkage and caps.,2022-03-31,MOS,Materials,1.4019259606081822,100000.0,-0.059514841042970335
improved_3_dynamic_ic_weights_stop_take_top10,Improved 3: builds on improved 2 and uses past-only rolling rank-IC weights with shrinkage and caps.,2022-04-30,ORLY,Consumer Discretionary,2.228190682723807,100000.0,0.05629880141244348
improved_3_dynamic_ic_weights_stop_take_top10,Improved 3: builds on improved 2 and uses past-only rolling rank-IC weights with shrinkage and caps.,2022-04-30,COR,Health Care,2.1049168518338868,100000.0,0.019608041821776556
improved_3_dynamic_ic_weights_stop_take_top10,Improved 3: builds on improved 2 and uses past-only rolling rank-IC weights with shrinkage and caps.,2022-04-30,MTD,Health Care,1.9032666211358156,100000.0,0.010743054736924718
improved_3_dynamic_ic_weights_stop_take_top10,Improved 3: builds on improved 2 and uses past-only rolling rank-IC weights with shrinkage and caps.,2022-04-30,STX,Information Technology,1.8962815805694797,100000.0,0.03130328867186649
improved_3_dynamic_ic_weights_stop_take_top10,Improved 3: builds on improved 2 and uses past-only rolling rank-IC weights with shrinkage and caps.,2022-04-30,HD,Consumer Discretionary,1.7749003144436222,100000.0,0.0025166396239619804
improved_3_dynamic_ic_weights_stop_take_top10,Improved 3: builds on improved 2 and uses past-only rolling rank-IC weights with shrinkage and caps.,2022-04-30,CL,Consumer Staples,1.6905257511268847,100000.0,0.022576878162886116
improved_3_dynamic_ic_weights_stop_take_top10,Improved 3: builds on improved 2 and uses past-only rolling rank-IC weights with shrinkage and caps.,2022-04-30,KMB,Consumer Staples,1.5218031874606182,100000.0,-0.1
improved_3_dynamic_ic_weights_stop_take_top10,Improved 3: builds on improved 2 and uses past-only rolling rank-IC weights with shrinkage and caps.,2022-04-30,WAT,Health Care,1.194395093868767,100000.0,0.08888372401885913
improved_3_dynamic_ic_weights_stop_take_top10,Improved 3: builds on improved 2 and uses past-only rolling rank-IC weights with shrinkage and caps.,2022-04-30,IT,Information Technology,1.043130018692815,100000.0,-0.1
improved_3_dynamic_ic_weights_stop_take_top10,Improved 3: builds on improved 2 and uses past-only rolling rank-IC weights with shrinkage and caps.,2022-04-30,AAPL,Information Technology,0.96805307132429,100000.0,-0.1
improved_3_dynamic_ic_weights_stop_take_top10,Improved 3: builds on improved 2 and uses past-only rolling rank-IC weights with shrinkage and caps.,2022-05-31,COR,Health Care,2.302884818482191,100000.0,-0.1
improved_3_dynamic_ic_weights_stop_take_top10,Improved 3: builds on improved 2 and uses past-only rolling rank-IC weights with shrinkage and caps.,2022-05-31,KMB,Consumer Staples,2.151942649182849,100000.0,0.022185473526101562
improved_3_dynamic_ic_weights_stop_take_top10,Improved 3: builds on improved 2 and uses past-only rolling rank-IC weights with shrinkage and caps.,2022-05-31,CL,Consumer Staples,1.9814559187826393,100000.0,0.014301987090532764
improved_3_dynamic_ic_weights_stop_take_top10,Improved 3: builds on improved 2 and uses past-only rolling rank-IC weights with shrinkage and caps.,2022-05-31,MTD,Health Care,1.7231694112534957,100000.0,-0.1
improved_3_dynamic_ic_weights_stop_take_top10,Improved 3: builds on improved 2 and uses past-only rolling rank-IC weights with shrinkage and caps.,2022-05-31,STX,Information Technology,1.6842452993500907,100000.0,-0.1
improved_3_dynamic_ic_weights_stop_take_top10,Improved 3: builds on improved 2 and uses past-only rolling rank-IC weights with shrinkage and caps.,2022-05-31,IT,Information Technology,1.4146382680931278,100000.0,-0.1
improved_3_dynamic_ic_weights_stop_take_top10,Improved 3: builds on improved 2 and uses past-only rolling rank-IC weights with shrinkage and caps.,2022-05-31,CF,Materials,1.2956200559761597,100000.0,-0.1
improved_3_dynamic_ic_weights_stop_take_top10,Improved 3: builds on improved 2 and uses past-only rolling rank-IC weights with shrinkage and caps.,2022-05-31,WAT,Health Care,1.2425172362195125,100000.0,0.004217360963621575
improved_3_dynamic_ic_weights_stop_take_top10,Improved 3: builds on improved 2 and uses past-only rolling rank-IC weights with shrinkage and caps.,2022-05-31,AAPL,Information Technology,1.0985045595109064,100000.0,-0.1
improved_3_dynamic_ic_weights_stop_take_top10,Improved 3: builds on improved 2 and uses past-only rolling rank-IC weights with shrinkage and caps.,2022-05-31,MOS,Materials,1.0879487242374701,100000.0,-0.1
improved_3_dynamic_ic_weights_stop_take_top10,Improved 3: builds on improved 2 and uses past-only rolling rank-IC weights with shrinkage and caps.,2022-06-30,COR,Health Care,2.2488172086206926,100000.0,0.028762777581616605
improved_3_dynamic_ic_weights_stop_take_top10,Improved 3: builds on improved 2 and uses past-only rolling rank-IC weights with shrinkage and caps.,2022-06-30,STX,Information Technology,2.093334286404734,100000.0,0.12632023658661828
improved_3_dynamic_ic_weights_stop_take_top10,Improved 3: builds on improved 2 and uses past-only rolling rank-IC weights with shrinkage and caps.,2022-06-30,MTD,Health Care,1.8532530965863296,100000.0,0.17232244447725686
improved_3_dynamic_ic_weights_stop_take_top10,Improved 3: builds on improved 2 and uses past-only rolling rank-IC weights with shrinkage and caps.,2022-06-30,CL,Consumer Staples,1.7603428311223495,100000.0,-0.01639408539928855
improved_3_dynamic_ic_weights_stop_take_top10,Improved 3: builds on improved 2 and uses past-only rolling rank-IC weights with shrinkage and caps.,2022-06-30,IT,Information Technology,1.7424364382040383,100000.0,0.10732012513034417
improved_3_dynamic_ic_weights_stop_take_top10,Improved 3: builds on improved 2 and uses past-only rolling rank-IC weights with shrinkage and caps.,2022-06-30,KMB,Consumer Staples,1.6939880606698812,100000.0,-0.028312320283292336
improved_3_dynamic_ic_weights_stop_take_top10,Improved 3: builds on improved 2 and uses past-only rolling rank-IC weights with shrinkage and caps.,2022-06-30,WAT,Health Care,1.0194433895846169,100000.0,0.09716989662135678
improved_3_dynamic_ic_weights_stop_take_top10,Improved 3: builds on improved 2 and uses past-only rolling rank-IC weights with shrinkage and caps.,2022-06-30,BX,Financials,0.9758126497038524,100000.0,0.14263600176830038
improved_3_dynamic_ic_weights_stop_take_top10,Improved 3: builds on improved 2 and uses past-only rolling rank-IC weights with shrinkage and caps.,2022-06-30,NRG,Utilities,0.9234106780885882,100000.0,-0.006777893639708044
improved_3_dynamic_ic_weights_stop_take_top10,Improved 3: builds on improved 2 and uses past-only rolling rank-IC weights with shrinkage and caps.,2022-06-30,CDW,Information Technology,0.9228124748464803,100000.0,0.16067774936015966
improved_3_dynamic_ic_weights_stop_take_top10,Improved 3: builds on improved 2 and uses past-only rolling rank-IC weights with shrinkage and caps.,2022-07-31,COR,Health Care,2.3027993123117283,100000.0,0.010363968900684917
improved_3_dynamic_ic_weights_stop_take_top10,Improved 3: builds on improved 2 and uses past-only rolling rank-IC weights with shrinkage and caps.,2022-07-31,KMB,Consumer Staples,2.158678346116909,100000.0,-0.03583849992412269
improved_3_dynamic_ic_weights_stop_take_top10,Improved 3: builds on improved 2 and uses past-only rolling rank-IC weights with shrinkage and caps.,2022-07-31,CL,Consumer Staples,1.9643003190241928,100000.0,-0.009498480242731477
improved_3_dynamic_ic_weights_stop_take_top10,Improved 3: builds on improved 2 and uses past-only rolling rank-IC weights with shrinkage and caps.,2022-07-31,STX,Information Technology,1.7263086831875099,100000.0,-0.1
improved_3_dynamic_ic_weights_stop_take_top10,Improved 3: builds on improved 2 and uses past-only rolling rank-IC weights with shrinkage and caps.,2022-07-31,MTD,Health Care,1.701272009805823,100000.0,-0.0947332268132064
improved_3_dynamic_ic_weights_stop_take_top10,Improved 3: builds on improved 2 and uses past-only rolling rank-IC weights with shrinkage and caps.,2022-07-31,SHW,Materials,1.2913305264070782,100000.0,-0.03211854355886545
improved_3_dynamic_ic_weights_stop_take_top10,Improved 3: builds on improved 2 and uses past-only rolling rank-IC weights with shrinkage and caps.,2022-07-31,BG,Consumer Staples,1.2114217351171743,100000.0,0.07911284849964995
improved_3_dynamic_ic_weights_stop_take_top10,Improved 3: builds on improved 2 and uses past-only rolling rank-IC weights with shrinkage and caps.,2022-07-31,OXY,Energy,1.1476587520555173,100000.0,-0.1
improved_3_dynamic_ic_weights_stop_take_top10,Improved 3: builds on improved 2 and uses past-only rolling rank-IC weights with shrinkage and caps.,2022-07-31,IT,Information Technology,1.0426070517488872,100000.0,0.2
improved_3_dynamic_ic_weights_stop_take_top10,Improved 3: builds on improved 2 and uses past-only rolling rank-IC weights with shrinkage and caps.,2022-07-31,CVX,Energy,1.0345773005538526,100000.0,-0.010600400215130645
improved_3_dynamic_ic_weights_stop_take_top10,Improved 3: builds on improved 2 and uses past-only rolling rank-IC weights with shrinkage and caps.,2022-08-31,STX,Information Technology,2.5714296274356085,100000.0,-0.1
improved_3_dynamic_ic_weights_stop_take_top10,Improved 3: builds on improved 2 and uses past-only rolling rank-IC weights with shrinkage and caps.,2022-08-31,MTD,Health Care,1.96980472515637,100000.0,-0.1
improved_3_dynamic_ic_weights_stop_take_top10,Improved 3: builds on improved 2 and uses past-only rolling rank-IC weights with shrinkage and caps.,2022-08-31,IT,Information Technology,1.6123826933938346,100000.0,-0.0255678816693079
improved_3_dynamic_ic_weights_stop_take_top10,Improved 3: builds on improved 2 and uses past-only rolling rank-IC weights with shrinkage and caps.,2022-08-31,COR,Health Care,1.3358032760240177,100000.0,-0.07662390829666899
improved_3_dynamic_ic_weights_stop_take_top10,Improved 3: builds on improved 2 and uses past-only rolling rank-IC weights with shrinkage and caps.,2022-08-31,KMB,Consumer Staples,1.2973710673084962,100000.0,-0.1
improved_3_dynamic_ic_weights_stop_take_top10,Improved 3: builds on improved 2 and uses past-only rolling rank-IC weights with shrinkage and caps.,2022-08-31,DLTR,Consumer Staples,1.2737699558404958,100000.0,0.009194720450837801
improved_3_dynamic_ic_weights_stop_take_top10,Improved 3: builds on improved 2 and uses past-only rolling rank-IC weights with shrinkage and caps.,2022-08-31,CL,Consumer Staples,1.165570299234815,100000.0,-0.1
improved_3_dynamic_ic_weights_stop_take_top10,Improved 3: builds on improved 2 and uses past-only rolling rank-IC weights with shrinkage and caps.,2022-08-31,BLDR,Industrials,1.125757130805903,100000.0,0.014288173523842262
improved_3_dynamic_ic_weights_stop_take_top10,Improved 3: builds on improved 2 and uses past-only rolling rank-IC weights with shrinkage and caps.,2022-08-31,WAT,Health Care,1.1184622971743563,100000.0,-0.09844126304522349
improved_3_dynamic_ic_weights_stop_take_top10,Improved 3: builds on improved 2 and uses past-only rolling rank-IC weights with shrinkage and caps.,2022-08-31,TER,Information Technology,1.1024382568216904,100000.0,-0.09381406005036697
improved_3_dynamic_ic_weights_stop_take_top10,Improved 3: builds on improved 2 and uses past-only rolling rank-IC weights with shrinkage and caps.,2022-09-30,CL,Consumer Staples,2.379572137459535,100000.0,0.049470824584161965
improved_3_dynamic_ic_weights_stop_take_top10,Improved 3: builds on improved 2 and uses past-only rolling rank-IC weights with shrinkage and caps.,2022-09-30,MTD,Health Care,2.1774275153900624,100000.0,0.1494347920907242
improved_3_dynamic_ic_weights_stop_take_top10,Improved 3: builds on improved 2 and uses past-only rolling rank-IC weights with shrinkage and caps.,2022-09-30,COR,Health Care,2.111973491303193,100000.0,0.1537389007117238
improved_3_dynamic_ic_weights_stop_take_top10,Improved 3: builds on improved 2 and uses past-only rolling rank-IC weights with shrinkage and caps.,2022-09-30,KMB,Consumer Staples,1.8624254590469016,100000.0,0.10141592920314557
improved_3_dynamic_ic_weights_stop_take_top10,Improved 3: builds on improved 2 and uses past-only rolling rank-IC weights with shrinkage and caps.,2022-09-30,STX,Information Technology,1.8539946313918154,100000.0,-0.07298861302865212
improved_3_dynamic_ic_weights_stop_take_top10,Improved 3: builds on improved 2 and uses past-only rolling rank-IC weights with shrinkage and caps.,2022-09-30,IT,Information Technology,1.8104619561484314,100000.0,0.07982832618025748
improved_3_dynamic_ic_weights_stop_take_top10,Improved 3: builds on improved 2 and uses past-only rolling rank-IC weights with shrinkage and caps.,2022-09-30,AAPL,Information Technology,1.2731427212361632,100000.0,0.10947109471103245
improved_3_dynamic_ic_weights_stop_take_top10,Improved 3: builds on improved 2 and uses past-only rolling rank-IC weights with shrinkage and caps.,2022-09-30,QCOM,Information Technology,1.0740336145091012,100000.0,0.023219410383811034
improved_3_dynamic_ic_weights_stop_take_top10,Improved 3: builds on improved 2 and uses past-only rolling rank-IC weights with shrinkage and caps.,2022-09-30,WAT,Health Care,0.9770991817180745,100000.0,0.10001103062837813
improved_3_dynamic_ic_weights_stop_take_top10,Improved 3: builds on improved 2 and uses past-only rolling rank-IC weights with shrinkage and caps.,2022-09-30,LMT,Industrials,0.9260358893153261,100000.0,0.2
improved_3_dynamic_ic_weights_stop_take_top10,Improved 3: builds on improved 2 and uses past-only rolling rank-IC weights with shrinkage and caps.,2022-10-31,STX,Information Technology,3.1591694131321484,100000.0,0.048910891090599096
improved_3_dynamic_ic_weights_stop_take_top10,Improved 3: builds on improved 2 and uses past-only rolling rank-IC weights with shrinkage and caps.,2022-10-31,COR,Health Care,2.3855999269583914,100000.0,0.0880351688130645
improved_3_dynamic_ic_weights_stop_take_top10,Improved 3: builds on improved 2 and uses past-only rolling rank-IC weights with shrinkage and caps.,2022-10-31,IT,Information Technology,2.3541397219381377,100000.0,0.11426663274392568
improved_3_dynamic_ic_weights_stop_take_top10,Improved 3: builds on improved 2 and uses past-only rolling rank-IC weights with shrinkage and caps.,2022-10-31,MTD,Health Care,2.3503343242995425,100000.0,0.1438222886408569
improved_3_dynamic_ic_weights_stop_take_top10,Improved 3: builds on improved 2 and uses past-only rolling rank-IC weights with shrinkage and caps.,2022-10-31,CL,Consumer Staples,2.318044215764891,100000.0,0.05057627118726593
improved_3_dynamic_ic_weights_stop_take_top10,Improved 3: builds on improved 2 and uses past-only rolling rank-IC weights with shrinkage and caps.,2022-10-31,AON,Financials,2.1386515978649374,100000.0,0.08821349147489688
improved_3_dynamic_ic_weights_stop_take_top10,Improved 3: builds on improved 2 and uses past-only rolling rank-IC weights with shrinkage and caps.,2022-10-31,DVA,Health Care,1.5618608999389447,100000.0,-0.1
improved_3_dynamic_ic_weights_stop_take_top10,Improved 3: builds on improved 2 and uses past-only rolling rank-IC weights with shrinkage and caps.,2022-10-31,KMB,Consumer Staples,1.5519515795356433,100000.0,0.08974771010810878
improved_3_dynamic_ic_weights_stop_take_top10,Improved 3: builds on improved 2 and uses past-only rolling rank-IC weights with shrinkage and caps.,2022-10-31,AIZ,Financials,1.1816008335017487,100000.0,-0.1
improved_3_dynamic_ic_weights_stop_take_top10,Improved 3: builds on improved 2 and uses past-only rolling rank-IC weights with shrinkage and caps.,2022-10-31,AAPL,Information Technology,1.070392150124114,100000.0,-0.1
improved_3_dynamic_ic_weights_stop_take_top10,Improved 3: builds on improved 2 and uses past-only rolling rank-IC weights with shrinkage and caps.,2022-11-30,STX,Information Technology,3.363725695008676,100000.0,-0.00014947033669232557
improved_3_dynamic_ic_weights_stop_take_top10,Improved 3: builds on improved 2 and uses past-only rolling rank-IC weights with shrinkage and caps.,2022-11-30,MTD,Health Care,2.742603628957845,100000.0,-0.025681642007347127
improved_3_dynamic_ic_weights_stop_take_top10,Improved 3: builds on improved 2 and uses past-only rolling rank-IC weights with shrinkage and caps.,2022-11-30,COR,Health Care,2.5748696275178746,100000.0,-0.030878998771693866
improved_3_dynamic_ic_weights_stop_take_top10,Improved 3: builds on improved 2 and uses past-only rolling rank-IC weights with shrinkage and caps.,2022-11-30,IT,Information Technology,2.528977999950575,100000.0,-0.04502968834341892
improved_3_dynamic_ic_weights_stop_take_top10,Improved 3: builds on improved 2 and uses past-only rolling rank-IC weights with shrinkage and caps.,2022-11-30,AON,Financials,2.474830164127128,100000.0,-0.03180645161271467
improved_3_dynamic_ic_weights_stop_take_top10,Improved 3: builds on improved 2 and uses past-only rolling rank-IC weights with shrinkage and caps.,2022-11-30,CL,Consumer Staples,2.1383683894327152,100000.0,0.013115597274063084
improved_3_dynamic_ic_weights_stop_take_top10,Improved 3: builds on improved 2 and uses past-only rolling rank-IC weights with shrinkage and caps.,2022-11-30,KMB,Consumer Staples,1.484236401976386,100000.0,0.006628185055703284
improved_3_dynamic_ic_weights_stop_take_top10,Improved 3: builds on improved 2 and uses past-only rolling rank-IC weights with shrinkage and caps.,2022-11-30,AAPL,Information Technology,1.413449383201837,100000.0,-0.1
improved_3_dynamic_ic_weights_stop_take_top10,Improved 3: builds on improved 2 and uses past-only rolling rank-IC weights with shrinkage and caps.,2022-11-30,QCOM,Information Technology,1.0905928069346715,100000.0,-0.1
improved_3_dynamic_ic_weights_stop_take_top10,Improved 3: builds on improved 2 and uses past-only rolling rank-IC weights with shrinkage and caps.,2022-11-30,WAT,Health Care,1.0542232034860277,100000.0,-0.019547236770556142
improved_3_dynamic_ic_weights_stop_take_top10,Improved 3: builds on improved 2 and uses past-only rolling rank-IC weights with shrinkage and caps.,2022-12-31,COR,Health Care,3.224547275683677,100000.0,0.02561612237448463
improved_3_dynamic_ic_weights_stop_take_top10,Improved 3: builds on improved 2 and uses past-only rolling rank-IC weights with shrinkage and caps.,2022-12-31,AON,Financials,2.826509384577522,100000.0,0.06042185683436019
improved_3_dynamic_ic_weights_stop_take_top10,Improved 3: builds on improved 2 and uses past-only rolling rank-IC weights with shrinkage and caps.,2022-12-31,CL,Consumer Staples,2.794197494944983,100000.0,-0.04817450699558501
improved_3_dynamic_ic_weights_stop_take_top10,Improved 3: builds on improved 2 and uses past-only rolling rank-IC weights with shrinkage and caps.,2022-12-31,IT,Information Technology,2.7274445437779113,100000.0,-0.003741787218997761
improved_3_dynamic_ic_weights_stop_take_top10,Improved 3: builds on improved 2 and uses past-only rolling rank-IC weights with shrinkage and caps.,2022-12-31,MTD,Health Care,2.634839895821904,100000.0,0.05341570516564853
improved_3_dynamic_ic_weights_stop_take_top10,Improved 3: builds on improved 2 and uses past-only rolling rank-IC weights with shrinkage and caps.,2022-12-31,KMB,Consumer Staples,2.15641989897382,100000.0,-0.04446567690741565
improved_3_dynamic_ic_weights_stop_take_top10,Improved 3: builds on improved 2 and uses past-only rolling rank-IC weights with shrinkage and caps.,2022-12-31,STX,Information Technology,2.107717801297283,100000.0,0.2
improved_3_dynamic_ic_weights_stop_take_top10,Improved 3: builds on improved 2 and uses past-only rolling rank-IC weights with shrinkage and caps.,2022-12-31,AMGN,Health Care,1.346296232142752,100000.0,-0.03246827921954065
improved_3_dynamic_ic_weights_stop_take_top10,Improved 3: builds on improved 2 and uses past-only rolling rank-IC weights with shrinkage and caps.,2022-12-31,TPL,Energy,1.338432373575901,100000.0,-0.1
improved_3_dynamic_ic_weights_stop_take_top10,Improved 3: builds on improved 2 and uses past-only rolling rank-IC weights with shrinkage and caps.,2022-12-31,STLD,Materials,1.338361238300319,100000.0,0.2
improved_3_dynamic_ic_weights_stop_take_top10,Improved 3: builds on improved 2 and uses past-only rolling rank-IC weights with shrinkage and caps.,2023-01-31,AON,Financials,2.404320501865868,100000.0,-0.038880986249336
improved_3_dynamic_ic_weights_stop_take_top10,Improved 3: builds on improved 2 and uses past-only rolling rank-IC weights with shrinkage and caps.,2023-01-31,COR,Health Care,2.167514916361607,100000.0,-0.0719792479364546
improved_3_dynamic_ic_weights_stop_take_top10,Improved 3: builds on improved 2 and uses past-only rolling rank-IC weights with shrinkage and caps.,2023-01-31,MTD,Health Care,2.13596288773465,100000.0,-0.06592003335743934
improved_3_dynamic_ic_weights_stop_take_top10,Improved 3: builds on improved 2 and uses past-only rolling rank-IC weights with shrinkage and caps.,2023-01-31,KMB,Consumer Staples,2.1148270722782385,100000.0,-0.0330188679250244
improved_3_dynamic_ic_weights_stop_take_top10,Improved 3: builds on improved 2 and uses past-only rolling rank-IC weights with shrinkage and caps.,2023-01-31,IT,Information Technology,2.0818813784329016,100000.0,-0.027414330218068605
improved_3_dynamic_ic_weights_stop_take_top10,Improved 3: builds on improved 2 and uses past-only rolling rank-IC weights with shrinkage and caps.,2023-01-31,CL,Consumer Staples,2.0493901562498604,100000.0,-0.015182050248639278
improved_3_dynamic_ic_weights_stop_take_top10,Improved 3: builds on improved 2 and uses past-only rolling rank-IC weights with shrinkage and caps.,2023-01-31,AMGN,Health Care,1.5468312791423187,100000.0,-0.06201959939569579
improved_3_dynamic_ic_weights_stop_take_top10,Improved 3: builds on improved 2 and uses past-only rolling rank-IC weights with shrinkage and caps.,2023-01-31,KLAC,Information Technology,1.3839458745308102,100000.0,-0.030374610562990956
improved_3_dynamic_ic_weights_stop_take_top10,Improved 3: builds on improved 2 and uses past-only rolling rank-IC weights with shrinkage and caps.,2023-01-31,WAT,Health Care,1.3360160577675255,100000.0,-0.05776632823155026
improved_3_dynamic_ic_weights_stop_take_top10,Improved 3: builds on improved 2 and uses past-only rolling rank-IC weights with shrinkage and caps.,2023-01-31,VLO,Energy,1.2945386318489387,100000.0,-0.1
improved_3_dynamic_ic_weights_stop_take_top10,Improved 3: builds on improved 2 and uses past-only rolling rank-IC weights with shrinkage and caps.,2023-02-28,COR,Health Care,3.1542345113064076,100000.0,0.032501450957601596
improved_3_dynamic_ic_weights_stop_take_top10,Improved 3: builds on improved 2 and uses past-only rolling rank-IC weights with shrinkage and caps.,2023-02-28,APA,Energy,3.1514491984502415,100000.0,-0.1
improved_3_dynamic_ic_weights_stop_take_top10,Improved 3: builds on improved 2 and uses past-only rolling rank-IC weights with shrinkage and caps.,2023-02-28,IT,Information Technology,3.070553882083842,100000.0,0.00024563234978036697
improved_3_dynamic_ic_weights_stop_take_top10,Improved 3: builds on improved 2 and uses past-only rolling rank-IC weights with shrinkage and caps.,2023-02-28,MTD,Health Care,2.8906813385153285,100000.0,0.07458567415730344
improved_3_dynamic_ic_weights_stop_take_top10,Improved 3: builds on improved 2 and uses past-only rolling rank-IC weights with shrinkage and caps.,2023-02-28,AON,Financials,2.8902111599884517,100000.0,0.04293605901228781
improved_3_dynamic_ic_weights_stop_take_top10,Improved 3: builds on improved 2 and uses past-only rolling rank-IC weights with shrinkage and caps.,2023-02-28,CL,Consumer Staples,2.5418345105835893,100000.0,0.024539877299945
improved_3_dynamic_ic_weights_stop_take_top10,Improved 3: builds on improved 2 and uses past-only rolling rank-IC weights with shrinkage and caps.,2023-02-28,KMB,Consumer Staples,1.965757751323429,100000.0,0.0865277001980802
improved_3_dynamic_ic_weights_stop_take_top10,Improved 3: builds on improved 2 and uses past-only rolling rank-IC weights with shrinkage and caps.,2023-02-28,AMGN,Health Care,1.5028781677673475,100000.0,0.04939879324570429
improved_3_dynamic_ic_weights_stop_take_top10,Improved 3: builds on improved 2 and uses past-only rolling rank-IC weights with shrinkage and caps.,2023-02-28,WAT,Health Care,1.0214193599092358,100000.0,0.00301263362487858
improved_3_dynamic_ic_weights_stop_take_top10,Improved 3: builds on improved 2 and uses past-only rolling rank-IC weights with shrinkage and caps.,2023-02-28,MAR,Consumer Discretionary,1.0053684026792422,100000.0,-0.019950419076623205
improved_3_dynamic_ic_weights_stop_take_top10,Improved 3: builds on improved 2 and uses past-only rolling rank-IC weights with shrinkage and caps.,2023-03-31,COR,Health Care,3.972407138856232,100000.0,0.036335403726639015
improved_3_dynamic_ic_weights_stop_take_top10,Improved 3: builds on improved 2 and uses past-only rolling rank-IC weights with shrinkage and caps.,2023-03-31,AON,Financials,3.868525973745175,100000.0,0.03578241241207181
improved_3_dynamic_ic_weights_stop_take_top10,Improved 3: builds on improved 2 and uses past-only rolling rank-IC weights with shrinkage and caps.,2023-03-31,IT,Information Technology,3.766765307614389,100000.0,-0.06437343397160267
improved_3_dynamic_ic_weights_stop_take_top10,Improved 3: builds on improved 2 and uses past-only rolling rank-IC weights with shrinkage and caps.,2023-03-31,MTD,Health Care,3.766719095799881,100000.0,-0.019143633147223782
improved_3_dynamic_ic_weights_stop_take_top10,Improved 3: builds on improved 2 and uses past-only rolling rank-IC weights with shrinkage and caps.,2023-03-31,HD,Consumer Discretionary,3.5607370579547757,100000.0,0.01922881269741228
improved_3_dynamic_ic_weights_stop_take_top10,Improved 3: builds on improved 2 and uses past-only rolling rank-IC weights with shrinkage and caps.,2023-03-31,APA,Energy,3.499042228634866,100000.0,-0.029959116235566463
improved_3_dynamic_ic_weights_stop_take_top10,Improved 3: builds on improved 2 and uses past-only rolling rank-IC weights with shrinkage and caps.,2023-03-31,CL,Consumer Staples,1.8982992685634723,100000.0,0.06727304474775742
improved_3_dynamic_ic_weights_stop_take_top10,Improved 3: builds on improved 2 and uses past-only rolling rank-IC weights with shrinkage and caps.,2023-03-31,KMB,Consumer Staples,1.4292451984098042,100000.0,0.07997912939719853
improved_3_dynamic_ic_weights_stop_take_top10,Improved 3: builds on improved 2 and uses past-only rolling rank-IC weights with shrinkage and caps.,2023-03-31,AMGN,Health Care,1.129416466119824,100000.0,-0.009338842974890071
improved_3_dynamic_ic_weights_stop_take_top10,Improved 3: builds on improved 2 and uses past-only rolling rank-IC weights with shrinkage and caps.,2023-03-31,DECK,Consumer Discretionary,0.9567485952641392,100000.0,0.06501066477118078
improved_3_dynamic_ic_weights_stop_take_top10,Improved 3: builds on improved 2 and uses past-only rolling rank-IC weights with shrinkage and caps.,2023-04-30,COR,Health Care,3.3908852882470724,100000.0,0.020644518592711103
improved_3_dynamic_ic_weights_stop_take_top10,Improved 3: builds on improved 2 and uses past-only rolling rank-IC weights with shrinkage and caps.,2023-04-30,MTD,Health Care,3.352282530065966,100000.0,-0.1
improved_3_dynamic_ic_weights_stop_take_top10,Improved 3: builds on improved 2 and uses past-only rolling rank-IC weights with shrinkage and caps.,2023-04-30,IT,Information Technology,3.196869295866267,100000.0,0.13755806237558077
improved_3_dynamic_ic_weights_stop_take_top10,Improved 3: builds on improved 2 and uses past-only rolling rank-IC weights with shrinkage and caps.,2023-04-30,HD,Consumer Discretionary,3.167425770936397,100000.0,-0.04495283965482544
improved_3_dynamic_ic_weights_stop_take_top10,Improved 3: builds on improved 2 and uses past-only rolling rank-IC weights with shrinkage and caps.,2023-04-30,APA,Energy,3.1560476312923718,100000.0,-0.1
improved_3_dynamic_ic_weights_stop_take_top10,Improved 3: builds on improved 2 and uses past-only rolling rank-IC weights with shrinkage and caps.,2023-04-30,CL,Consumer Staples,2.7955129193913377,100000.0,-0.06838677354789358
improved_3_dynamic_ic_weights_stop_take_top10,Improved 3: builds on improved 2 and uses past-only rolling rank-IC weights with shrinkage and caps.,2023-04-30,KMB,Consumer Staples,1.9653320791629652,100000.0,-0.07469680264597356
improved_3_dynamic_ic_weights_stop_take_top10,Improved 3: builds on improved 2 and uses past-only rolling rank-IC weights with shrinkage and caps.,2023-04-30,AMGN,Health Care,1.3361193092859691,100000.0,-0.07203835210758147
improved_3_dynamic_ic_weights_stop_take_top10,Improved 3: builds on improved 2 and uses past-only rolling rank-IC weights with shrinkage and caps.,2023-04-30,MAR,Consumer Discretionary,1.018000414860646,100000.0,-0.003916448708239262
improved_3_dynamic_ic_weights_stop_take_top10,Improved 3: builds on improved 2 and uses past-only rolling rank-IC weights with shrinkage and caps.,2023-04-30,WAT,Health Care,0.9253306182705513,100000.0,-0.1
improved_3_dynamic_ic_weights_stop_take_top10,Improved 3: builds on improved 2 and uses past-only rolling rank-IC weights with shrinkage and caps.,2023-05-31,HD,Consumer Discretionary,2.8255898176062746,100000.0,0.09361027987996073
improved_3_dynamic_ic_weights_stop_take_top10,Improved 3: builds on improved 2 and uses past-only rolling rank-IC weights with shrinkage and caps.,2023-05-31,APA,Energy,2.8033675603077985,100000.0,0.06581409856707343
improved_3_dynamic_ic_weights_stop_take_top10,Improved 3: builds on improved 2 and uses past-only rolling rank-IC weights with shrinkage and caps.,2023-05-31,CL,Consumer Staples,2.7790896408729577,100000.0,0.028434120944885066
improved_3_dynamic_ic_weights_stop_take_top10,Improved 3: builds on improved 2 and uses past-only rolling rank-IC weights with shrinkage and caps.,2023-05-31,IT,Information Technology,2.778503472214831,100000.0,0.030596334323791607
improved_3_dynamic_ic_weights_stop_take_top10,Improved 3: builds on improved 2 and uses past-only rolling rank-IC weights with shrinkage and caps.,2023-05-31,COR,Health Care,2.7131781738226706,100000.0,0.1281585272907122
improved_3_dynamic_ic_weights_stop_take_top10,Improved 3: builds on improved 2 and uses past-only rolling rank-IC weights with shrinkage and caps.,2023-05-31,KMB,Consumer Staples,2.3634762548029418,100000.0,0.03192986626087624
improved_3_dynamic_ic_weights_stop_take_top10,Improved 3: builds on improved 2 and uses past-only rolling rank-IC weights with shrinkage and caps.,2023-05-31,MAR,Consumer Discretionary,2.091170457731561,100000.0,0.09476130877864941
improved_3_dynamic_ic_weights_stop_take_top10,Improved 3: builds on improved 2 and uses past-only rolling rank-IC weights with shrinkage and caps.,2023-05-31,AMGN,Health Care,1.1760869380170695,100000.0,0.009365339152783259
improved_3_dynamic_ic_weights_stop_take_top10,Improved 3: builds on improved 2 and uses past-only rolling rank-IC weights with shrinkage and caps.,2023-05-31,BKNG,Consumer Discretionary,1.1432746341272029,100000.0,0.07878567547715276
improved_3_dynamic_ic_weights_stop_take_top10,Improved 3: builds on improved 2 and uses past-only rolling rank-IC weights with shrinkage and caps.,2023-05-31,KLAC,Information Technology,1.0990133962120998,100000.0,0.08895374943874867
improved_3_dynamic_ic_weights_stop_take_top10,Improved 3: builds on improved 2 and uses past-only rolling rank-IC weights with shrinkage and caps.,2023-06-30,HD,Consumer Discretionary,2.7255946898297423,100000.0,0.07766802246770554
improved_3_dynamic_ic_weights_stop_take_top10,Improved 3: builds on improved 2 and uses past-only rolling rank-IC weights with shrinkage and caps.,2023-06-30,COR,Health Care,2.6628005614463697,100000.0,-0.022693997072054217
improved_3_dynamic_ic_weights_stop_take_top10,Improved 3: builds on improved 2 and uses past-only rolling rank-IC weights with shrinkage and caps.,2023-06-30,IT,Information Technology,2.486545110406028,100000.0,0.015975634284400853
improved_3_dynamic_ic_weights_stop_take_top10,Improved 3: builds on improved 2 and uses past-only rolling rank-IC weights with shrinkage and caps.,2023-06-30,CL,Consumer Staples,2.473936828307768,100000.0,0.0011139858179949336
improved_3_dynamic_ic_weights_stop_take_top10,Improved 3: builds on improved 2 and uses past-only rolling rank-IC weights with shrinkage and caps.,2023-06-30,APA,Energy,2.334683132406257,100000.0,0.18720046741311447
improved_3_dynamic_ic_weights_stop_take_top10,Improved 3: builds on improved 2 and uses past-only rolling rank-IC weights with shrinkage and caps.,2023-06-30,KMB,Consumer Staples,2.190032337350798,100000.0,-0.056562408652290896
improved_3_dynamic_ic_weights_stop_take_top10,Improved 3: builds on improved 2 and uses past-only rolling rank-IC weights with shrinkage and caps.,2023-06-30,MAR,Consumer Discretionary,1.7677578498779516,100000.0,0.10032168365969785
improved_3_dynamic_ic_weights_stop_take_top10,Improved 3: builds on improved 2 and uses past-only rolling rank-IC weights with shrinkage and caps.,2023-06-30,AMGN,Health Care,1.4353271678235393,100000.0,0.0584964513358599
improved_3_dynamic_ic_weights_stop_take_top10,Improved 3: builds on improved 2 and uses past-only rolling rank-IC weights with shrinkage and caps.,2023-06-30,BKNG,Consumer Discretionary,1.0130300392401776,100000.0,0.10286965883370236
improved_3_dynamic_ic_weights_stop_take_top10,Improved 3: builds on improved 2 and uses past-only rolling rank-IC weights with shrinkage and caps.,2023-06-30,KLAC,Information Technology,1.004301696861349,100000.0,0.05960333168398768
improved_3_dynamic_ic_weights_stop_take_top10,Improved 3: builds on improved 2 and uses past-only rolling rank-IC weights with shrinkage and caps.,2023-07-31,COR,Health Care,2.3760814563742167,100000.0,-0.05905634096280443
improved_3_dynamic_ic_weights_stop_take_top10,Improved 3: builds on improved 2 and uses past-only rolling rank-IC weights with shrinkage and caps.,2023-07-31,IT,Information Technology,2.3480152335300275,100000.0,0.02515391380826726
improved_3_dynamic_ic_weights_stop_take_top10,Improved 3: builds on improved 2 and uses past-only rolling rank-IC weights with shrinkage and caps.,2023-07-31,APA,Energy,2.189043757873251,100000.0,0.09381237524920749
improved_3_dynamic_ic_weights_stop_take_top10,Improved 3: builds on improved 2 and uses past-only rolling rank-IC weights with shrinkage and caps.,2023-07-31,HD,Consumer Discretionary,2.145977613683915,100000.0,0.0018926753749690661
improved_3_dynamic_ic_weights_stop_take_top10,Improved 3: builds on improved 2 and uses past-only rolling rank-IC weights with shrinkage and caps.,2023-07-31,CL,Consumer Staples,2.1349078097814904,100000.0,-0.03481345244317591
improved_3_dynamic_ic_weights_stop_take_top10,Improved 3: builds on improved 2 and uses past-only rolling rank-IC weights with shrinkage and caps.,2023-07-31,KMB,Consumer Staples,2.039343159611502,100000.0,-0.0014726399004917345
improved_3_dynamic_ic_weights_stop_take_top10,Improved 3: builds on improved 2 and uses past-only rolling rank-IC weights with shrinkage and caps.,2023-07-31,MAR,Consumer Discretionary,1.936643860682899,100000.0,0.022413031024610675
improved_3_dynamic_ic_weights_stop_take_top10,Improved 3: builds on improved 2 and uses past-only rolling rank-IC weights with shrinkage and caps.,2023-07-31,AMGN,Health Care,1.4088753167203227,100000.0,0.09994199764908873
improved_3_dynamic_ic_weights_stop_take_top10,Improved 3: builds on improved 2 and uses past-only rolling rank-IC weights with shrinkage and caps.,2023-07-31,MA,Financials,1.130553123959093,100000.0,0.0478947635736513
improved_3_dynamic_ic_weights_stop_take_top10,Improved 3: builds on improved 2 and uses past-only rolling rank-IC weights with shrinkage and caps.,2023-07-31,BKNG,Consumer Discretionary,1.0986097654517766,100000.0,0.05534294065597978
improved_3_dynamic_ic_weights_stop_take_top10,Improved 3: builds on improved 2 and uses past-only rolling rank-IC weights with shrinkage and caps.,2023-08-31,COR,Health Care,2.6209107105380642,100000.0,0.01954452753238023
improved_3_dynamic_ic_weights_stop_take_top10,Improved 3: builds on improved 2 and uses past-only rolling rank-IC weights with shrinkage and caps.,2023-08-31,MAR,Consumer Discretionary,2.5029973084884536,100000.0,-0.03962476181167207
improved_3_dynamic_ic_weights_stop_take_top10,Improved 3: builds on improved 2 and uses past-only rolling rank-IC weights with shrinkage and caps.,2023-08-31,HD,Consumer Discretionary,2.3258987027508997,100000.0,-0.08987951807224326
improved_3_dynamic_ic_weights_stop_take_top10,Improved 3: builds on improved 2 and uses past-only rolling rank-IC weights with shrinkage and caps.,2023-08-31,MSI,Information Technology,2.3002180501341063,100000.0,-0.038751443514643547
improved_3_dynamic_ic_weights_stop_take_top10,Improved 3: builds on improved 2 and uses past-only rolling rank-IC weights with shrinkage and caps.,2023-08-31,CL,Consumer Staples,2.2222176389019688,100000.0,-0.03840432724773346
improved_3_dynamic_ic_weights_stop_take_top10,Improved 3: builds on improved 2 and uses past-only rolling rank-IC weights with shrinkage and caps.,2023-08-31,KMB,Consumer Staples,1.9599661444761833,100000.0,-0.05418959320291317
improved_3_dynamic_ic_weights_stop_take_top10,Improved 3: builds on improved 2 and uses past-only rolling rank-IC weights with shrinkage and caps.,2023-08-31,IT,Information Technology,1.9524724119790113,100000.0,-0.021639474958002225
improved_3_dynamic_ic_weights_stop_take_top10,Improved 3: builds on improved 2 and uses past-only rolling rank-IC weights with shrinkage and caps.,2023-08-31,BKNG,Consumer Discretionary,1.9263545650606217,100000.0,-0.01643134841079774
improved_3_dynamic_ic_weights_stop_take_top10,Improved 3: builds on improved 2 and uses past-only rolling rank-IC weights with shrinkage and caps.,2023-08-31,APA,Energy,1.8153527840736614,100000.0,-0.1
improved_3_dynamic_ic_weights_stop_take_top10,Improved 3: builds on improved 2 and uses past-only rolling rank-IC weights with shrinkage and caps.,2023-08-31,AMGN,Health Care,1.158983323334839,100000.0,0.03896706355378643
improved_3_dynamic_ic_weights_stop_take_top10,Improved 3: builds on improved 2 and uses past-only rolling rank-IC weights with shrinkage and caps.,2023-09-30,COR,Health Care,2.3491598387905106,100000.0,0.028782574873081224
improved_3_dynamic_ic_weights_stop_take_top10,Improved 3: builds on improved 2 and uses past-only rolling rank-IC weights with shrinkage and caps.,2023-09-30,MSI,Information Technology,2.0117997994092947,100000.0,0.0260132645543949
improved_3_dynamic_ic_weights_stop_take_top10,Improved 3: builds on improved 2 and uses past-only rolling rank-IC weights with shrinkage and caps.,2023-09-30,HD,Consumer Discretionary,2.00872685741125,100000.0,-0.052675362704893924
improved_3_dynamic_ic_weights_stop_take_top10,Improved 3: builds on improved 2 and uses past-only rolling rank-IC weights with shrinkage and caps.,2023-09-30,MAR,Consumer Discretionary,1.9511574082061316,100000.0,-0.03795918367330853
improved_3_dynamic_ic_weights_stop_take_top10,Improved 3: builds on improved 2 and uses past-only rolling rank-IC weights with shrinkage and caps.,2023-09-30,CL,Consumer Staples,1.835308273615404,100000.0,0.06631109233842913
improved_3_dynamic_ic_weights_stop_take_top10,Improved 3: builds on improved 2 and uses past-only rolling rank-IC weights with shrinkage and caps.,2023-09-30,IT,Information Technology,1.8238220899903757,100000.0,-0.03327801554720933
improved_3_dynamic_ic_weights_stop_take_top10,Improved 3: builds on improved 2 and uses past-only rolling rank-IC weights with shrinkage and caps.,2023-09-30,APA,Energy,1.7701321820989115,100000.0,-0.1
improved_3_dynamic_ic_weights_stop_take_top10,Improved 3: builds on improved 2 and uses past-only rolling rank-IC weights with shrinkage and caps.,2023-09-30,KMB,Consumer Staples,1.7256667102032957,100000.0,-0.005155496424570916
improved_3_dynamic_ic_weights_stop_take_top10,Improved 3: builds on improved 2 and uses past-only rolling rank-IC weights with shrinkage and caps.,2023-09-30,BKNG,Consumer Discretionary,1.7021618781462282,100000.0,-0.1
improved_3_dynamic_ic_weights_stop_take_top10,Improved 3: builds on improved 2 and uses past-only rolling rank-IC weights with shrinkage and caps.,2023-09-30,MA,Financials,0.9657279325831807,100000.0,-0.042443624243438616
improved_3_dynamic_ic_weights_stop_take_top10,Improved 3: builds on improved 2 and uses past-only rolling rank-IC weights with shrinkage and caps.,2023-10-31,COR,Health Care,1.7690341326745702,100000.0,0.10124208430304416
improved_3_dynamic_ic_weights_stop_take_top10,Improved 3: builds on improved 2 and uses past-only rolling rank-IC weights with shrinkage and caps.,2023-10-31,MAR,Consumer Discretionary,1.5529426915812061,100000.0,0.07019555043363779
improved_3_dynamic_ic_weights_stop_take_top10,Improved 3: builds on improved 2 and uses past-only rolling rank-IC weights with shrinkage and caps.,2023-10-31,MSI,Information Technology,1.4555884718254142,100000.0,0.15906806433115195
improved_3_dynamic_ic_weights_stop_take_top10,Improved 3: builds on improved 2 and uses past-only rolling rank-IC weights with shrinkage and caps.,2023-10-31,APA,Energy,1.3638194026864152,100000.0,-0.1
improved_3_dynamic_ic_weights_stop_take_top10,Improved 3: builds on improved 2 and uses past-only rolling rank-IC weights with shrinkage and caps.,2023-10-31,HD,Consumer Discretionary,1.3463718770571456,100000.0,0.10506879781515144
improved_3_dynamic_ic_weights_stop_take_top10,Improved 3: builds on improved 2 and uses past-only rolling rank-IC weights with shrinkage and caps.,2023-10-31,BKNG,Consumer Discretionary,1.2880198094808157,100000.0,0.1151266500180319
improved_3_dynamic_ic_weights_stop_take_top10,Improved 3: builds on improved 2 and uses past-only rolling rank-IC weights with shrinkage and caps.,2023-10-31,IT,Information Technology,1.172415463934766,100000.0,0.2
improved_3_dynamic_ic_weights_stop_take_top10,Improved 3: builds on improved 2 and uses past-only rolling rank-IC weights with shrinkage and caps.,2023-10-31,KMB,Consumer Staples,1.1272376707577063,100000.0,0.031083333333465246
improved_3_dynamic_ic_weights_stop_take_top10,Improved 3: builds on improved 2 and uses past-only rolling rank-IC weights with shrinkage and caps.,2023-10-31,CL,Consumer Staples,1.1270201937928992,100000.0,0.04817032601558768
improved_3_dynamic_ic_weights_stop_take_top10,Improved 3: builds on improved 2 and uses past-only rolling rank-IC weights with shrinkage and caps.,2023-10-31,CAT,Industrials,1.1237075994541148,100000.0,0.11376660299390773
improved_3_dynamic_ic_weights_stop_take_top10,Improved 3: builds on improved 2 and uses past-only rolling rank-IC weights with shrinkage and caps.,2023-11-30,BKNG,Consumer Discretionary,3.0762388524546513,100000.0,0.1350050715293365
improved_3_dynamic_ic_weights_stop_take_top10,Improved 3: builds on improved 2 and uses past-only rolling rank-IC weights with shrinkage and caps.,2023-11-30,FTNT,Information Technology,2.936560961050017,100000.0,0.12453888718106354
improved_3_dynamic_ic_weights_stop_take_top10,Improved 3: builds on improved 2 and uses past-only rolling rank-IC weights with shrinkage and caps.,2023-11-30,MSI,Information Technology,2.780818060654747,100000.0,-0.0296560318886383
improved_3_dynamic_ic_weights_stop_take_top10,Improved 3: builds on improved 2 and uses past-only rolling rank-IC weights with shrinkage and caps.,2023-11-30,HD,Consumer Discretionary,2.7613828472245343,100000.0,0.10426026829828872
improved_3_dynamic_ic_weights_stop_take_top10,Improved 3: builds on improved 2 and uses past-only rolling rank-IC weights with shrinkage and caps.,2023-11-30,COR,Health Care,2.746758825973078,100000.0,0.009287925696894073
improved_3_dynamic_ic_weights_stop_take_top10,Improved 3: builds on improved 2 and uses past-only rolling rank-IC weights with shrinkage and caps.,2023-11-30,CL,Consumer Staples,2.59699976552625,100000.0,0.010778594978828826
improved_3_dynamic_ic_weights_stop_take_top10,Improved 3: builds on improved 2 and uses past-only rolling rank-IC weights with shrinkage and caps.,2023-11-30,APA,Energy,1.3832879740355712,100000.0,-0.0027793218476542814
improved_3_dynamic_ic_weights_stop_take_top10,Improved 3: builds on improved 2 and uses past-only rolling rank-IC weights with shrinkage and caps.,2023-11-30,KMB,Consumer Staples,1.3672780577551595,100000.0,-0.008483964323483417
improved_3_dynamic_ic_weights_stop_take_top10,Improved 3: builds on improved 2 and uses past-only rolling rank-IC weights with shrinkage and caps.,2023-11-30,SMCI,Information Technology,1.200474967077352,100000.0,0.2
improved_3_dynamic_ic_weights_stop_take_top10,Improved 3: builds on improved 2 and uses past-only rolling rank-IC weights with shrinkage and caps.,2023-11-30,NVDA,Information Technology,1.0760658967223362,100000.0,0.06450841309208455
improved_3_dynamic_ic_weights_stop_take_top10,Improved 3: builds on improved 2 and uses past-only rolling rank-IC weights with shrinkage and caps.,2023-12-31,FTNT,Information Technology,3.268518119268409,100000.0,0.10998278829604113
improved_3_dynamic_ic_weights_stop_take_top10,Improved 3: builds on improved 2 and uses past-only rolling rank-IC weights with shrinkage and caps.,2023-12-31,BKNG,Consumer Discretionary,3.2308230199878873,100000.0,-0.0035596590910170756
improved_3_dynamic_ic_weights_stop_take_top10,Improved 3: builds on improved 2 and uses past-only rolling rank-IC weights with shrinkage and caps.,2023-12-31,ORCL,Information Technology,3.2219809849834897,100000.0,0.0728085161926797
improved_3_dynamic_ic_weights_stop_take_top10,Improved 3: builds on improved 2 and uses past-only rolling rank-IC weights with shrinkage and caps.,2023-12-31,HD,Consumer Discretionary,3.1868008907479592,100000.0,0.025420528165956302
improved_3_dynamic_ic_weights_stop_take_top10,Improved 3: builds on improved 2 and uses past-only rolling rank-IC weights with shrinkage and caps.,2023-12-31,CL,Consumer Staples,2.8509797635227137,100000.0,0.06370478016659087
improved_3_dynamic_ic_weights_stop_take_top10,Improved 3: builds on improved 2 and uses past-only rolling rank-IC weights with shrinkage and caps.,2023-12-31,MSI,Information Technology,2.8134363003347005,100000.0,0.02285824049172125
improved_3_dynamic_ic_weights_stop_take_top10,Improved 3: builds on improved 2 and uses past-only rolling rank-IC weights with shrinkage and caps.,2023-12-31,COR,Health Care,2.3390894255371606,100000.0,0.1350243902437629
improved_3_dynamic_ic_weights_stop_take_top10,Improved 3: builds on improved 2 and uses past-only rolling rank-IC weights with shrinkage and caps.,2023-12-31,CVNA,Consumer Discretionary,1.4197754008443217,100000.0,-0.1
improved_3_dynamic_ic_weights_stop_take_top10,Improved 3: builds on improved 2 and uses past-only rolling rank-IC weights with shrinkage and caps.,2023-12-31,APA,Energy,1.4032012174133135,100000.0,-0.1
improved_3_dynamic_ic_weights_stop_take_top10,Improved 3: builds on improved 2 and uses past-only rolling rank-IC weights with shrinkage and caps.,2023-12-31,SMCI,Information Technology,1.2903610892853363,100000.0,0.2
improved_3_dynamic_ic_weights_stop_take_top10,Improved 3: builds on improved 2 and uses past-only rolling rank-IC weights with shrinkage and caps.,2024-01-31,ORCL,Information Technology,3.499166204079278,100000.0,-0.010893632095740347
improved_3_dynamic_ic_weights_stop_take_top10,Improved 3: builds on improved 2 and uses past-only rolling rank-IC weights with shrinkage and caps.,2024-01-31,BKNG,Consumer Discretionary,3.4600647351163683,100000.0,-0.03435729695862155
improved_3_dynamic_ic_weights_stop_take_top10,Improved 3: builds on improved 2 and uses past-only rolling rank-IC weights with shrinkage and caps.,2024-01-31,FTNT,Information Technology,3.4091234265977635,100000.0,0.06799567300262721
improved_3_dynamic_ic_weights_stop_take_top10,Improved 3: builds on improved 2 and uses past-only rolling rank-IC weights with shrinkage and caps.,2024-01-31,MSI,Information Technology,3.38528981855884,100000.0,0.03408450704227306
improved_3_dynamic_ic_weights_stop_take_top10,Improved 3: builds on improved 2 and uses past-only rolling rank-IC weights with shrinkage and caps.,2024-01-31,HD,Consumer Discretionary,3.3576586267491235,100000.0,0.0769949066213853
improved_3_dynamic_ic_weights_stop_take_top10,Improved 3: builds on improved 2 and uses past-only rolling rank-IC weights with shrinkage and caps.,2024-01-31,CL,Consumer Staples,3.2015624340581867,100000.0,0.029877395548064234
improved_3_dynamic_ic_weights_stop_take_top10,Improved 3: builds on improved 2 and uses past-only rolling rank-IC weights with shrinkage and caps.,2024-01-31,KMB,Consumer Staples,1.3199310135340823,100000.0,0.003893951947170571
improved_3_dynamic_ic_weights_stop_take_top10,Improved 3: builds on improved 2 and uses past-only rolling rank-IC weights with shrinkage and caps.,2024-01-31,APA,Energy,1.204096908611755,100000.0,-0.05248091603107352
improved_3_dynamic_ic_weights_stop_take_top10,Improved 3: builds on improved 2 and uses past-only rolling rank-IC weights with shrinkage and caps.,2024-01-31,COR,Health Care,1.195624507719519,100000.0,0.01492237936645413
improved_3_dynamic_ic_weights_stop_take_top10,Improved 3: builds on improved 2 and uses past-only rolling rank-IC weights with shrinkage and caps.,2024-01-31,AAPL,Information Technology,1.0022175182639113,100000.0,-0.01633445054787719
improved_3_dynamic_ic_weights_stop_take_top10,Improved 3: builds on improved 2 and uses past-only rolling rank-IC weights with shrinkage and caps.,2024-02-29,LII,Industrials,1.9626428317162217,100000.0,0.041999279420336766
improved_3_dynamic_ic_weights_stop_take_top10,Improved 3: builds on improved 2 and uses past-only rolling rank-IC weights with shrinkage and caps.,2024-02-29,COR,Health Care,1.9378406890707924,100000.0,0.026313566480741235
improved_3_dynamic_ic_weights_stop_take_top10,Improved 3: builds on improved 2 and uses past-only rolling rank-IC weights with shrinkage and caps.,2024-02-29,ORCL,Information Technology,1.8453103104601198,100000.0,0.12473137535738132
improved_3_dynamic_ic_weights_stop_take_top10,Improved 3: builds on improved 2 and uses past-only rolling rank-IC weights with shrinkage and caps.,2024-02-29,MSI,Information Technology,1.816622354957107,100000.0,0.07590409226994366
improved_3_dynamic_ic_weights_stop_take_top10,Improved 3: builds on improved 2 and uses past-only rolling rank-IC weights with shrinkage and caps.,2024-02-29,CL,Consumer Staples,1.807908068324122,100000.0,0.04260738682337184
improved_3_dynamic_ic_weights_stop_take_top10,Improved 3: builds on improved 2 and uses past-only rolling rank-IC weights with shrinkage and caps.,2024-02-29,HD,Consumer Discretionary,1.7557092400094267,100000.0,0.014530237323224782
improved_3_dynamic_ic_weights_stop_take_top10,Improved 3: builds on improved 2 and uses past-only rolling rank-IC weights with shrinkage and caps.,2024-02-29,KMB,Consumer Staples,1.3987747368364134,100000.0,0.07289436699796381
improved_3_dynamic_ic_weights_stop_take_top10,Improved 3: builds on improved 2 and uses past-only rolling rank-IC weights with shrinkage and caps.,2024-02-29,APA,Energy,1.3585640268801416,100000.0,0.1380337636540514
improved_3_dynamic_ic_weights_stop_take_top10,Improved 3: builds on improved 2 and uses past-only rolling rank-IC weights with shrinkage and caps.,2024-02-29,VRSK,Industrials,1.2871063149412216,100000.0,-0.017088524720895837
improved_3_dynamic_ic_weights_stop_take_top10,Improved 3: builds on improved 2 and uses past-only rolling rank-IC weights with shrinkage and caps.,2024-02-29,MA,Financials,1.0582226152781469,100000.0,0.014023709755573321
improved_3_dynamic_ic_weights_stop_take_top10,Improved 3: builds on improved 2 and uses past-only rolling rank-IC weights with shrinkage and caps.,2024-03-31,LII,Industrials,1.8918125295274966,100000.0,-0.0559211196446342
improved_3_dynamic_ic_weights_stop_take_top10,Improved 3: builds on improved 2 and uses past-only rolling rank-IC weights with shrinkage and caps.,2024-03-31,COR,Health Care,1.7927207818440225,100000.0,-0.01373875732320673
improved_3_dynamic_ic_weights_stop_take_top10,Improved 3: builds on improved 2 and uses past-only rolling rank-IC weights with shrinkage and caps.,2024-03-31,HD,Consumer Discretionary,1.7837913993782626,100000.0,-0.1
improved_3_dynamic_ic_weights_stop_take_top10,Improved 3: builds on improved 2 and uses past-only rolling rank-IC weights with shrinkage and caps.,2024-03-31,ORCL,Information Technology,1.729959576547513,100000.0,-0.09097316972779368
improved_3_dynamic_ic_weights_stop_take_top10,Improved 3: builds on improved 2 and uses past-only rolling rank-IC weights with shrinkage and caps.,2024-03-31,CL,Consumer Staples,1.5970623822203045,100000.0,0.029252812982387244
improved_3_dynamic_ic_weights_stop_take_top10,Improved 3: builds on improved 2 and uses past-only rolling rank-IC weights with shrinkage and caps.,2024-03-31,MSI,Information Technology,1.3780041056270096,100000.0,-0.041434668324816126
improved_3_dynamic_ic_weights_stop_take_top10,Improved 3: builds on improved 2 and uses past-only rolling rank-IC weights with shrinkage and caps.,2024-03-31,APA,Energy,1.3012347753287332,100000.0,-0.08245315783897522
improved_3_dynamic_ic_weights_stop_take_top10,Improved 3: builds on improved 2 and uses past-only rolling rank-IC weights with shrinkage and caps.,2024-03-31,KMB,Consumer Staples,1.1201808557987287,100000.0,0.06166407464998014
improved_3_dynamic_ic_weights_stop_take_top10,Improved 3: builds on improved 2 and uses past-only rolling rank-IC weights with shrinkage and caps.,2024-03-31,VRSK,Industrials,0.9791770469202791,100000.0,-0.07420464681650518
improved_3_dynamic_ic_weights_stop_take_top10,Improved 3: builds on improved 2 and uses past-only rolling rank-IC weights with shrinkage and caps.,2024-03-31,MA,Financials,0.8827864252958182,100000.0,-0.059996900210891435
improved_3_dynamic_ic_weights_stop_take_top10,Improved 3: builds on improved 2 and uses past-only rolling rank-IC weights with shrinkage and caps.,2024-04-30,LII,Industrials,1.4758411531194673,100000.0,0.08351657827792014
improved_3_dynamic_ic_weights_stop_take_top10,Improved 3: builds on improved 2 and uses past-only rolling rank-IC weights with shrinkage and caps.,2024-04-30,COR,Health Care,1.3650014401223305,100000.0,-0.00900875338914986
improved_3_dynamic_ic_weights_stop_take_top10,Improved 3: builds on improved 2 and uses past-only rolling rank-IC weights with shrinkage and caps.,2024-04-30,APA,Energy,1.3481441974347756,100000.0,-0.018012222578731696
improved_3_dynamic_ic_weights_stop_take_top10,Improved 3: builds on improved 2 and uses past-only rolling rank-IC weights with shrinkage and caps.,2024-04-30,ORCL,Information Technology,1.3392644922772714,100000.0,0.028794662452661157
improved_3_dynamic_ic_weights_stop_take_top10,Improved 3: builds on improved 2 and uses past-only rolling rank-IC weights with shrinkage and caps.,2024-04-30,HD,Consumer Discretionary,1.3050665634656156,100000.0,0.012458761284713793
improved_3_dynamic_ic_weights_stop_take_top10,Improved 3: builds on improved 2 and uses past-only rolling rank-IC weights with shrinkage and caps.,2024-04-30,MSI,Information Technology,1.1924596924560387,100000.0,0.07948763459936337
improved_3_dynamic_ic_weights_stop_take_top10,Improved 3: builds on improved 2 and uses past-only rolling rank-IC weights with shrinkage and caps.,2024-04-30,CL,Consumer Staples,1.1009793580718086,100000.0,0.015956284152992994
improved_3_dynamic_ic_weights_stop_take_top10,Improved 3: builds on improved 2 and uses past-only rolling rank-IC weights with shrinkage and caps.,2024-04-30,MPC,Energy,0.9567995242252646,100000.0,-0.020132950436338004
improved_3_dynamic_ic_weights_stop_take_top10,Improved 3: builds on improved 2 and uses past-only rolling rank-IC weights with shrinkage and caps.,2024-04-30,KMB,Consumer Staples,0.9414509995739528,100000.0,-0.014344868381719444
improved_3_dynamic_ic_weights_stop_take_top10,Improved 3: builds on improved 2 and uses past-only rolling rank-IC weights with shrinkage and caps.,2024-04-30,VRSK,Industrials,0.8755326214325778,100000.0,0.12346666666676986
improved_3_dynamic_ic_weights_stop_take_top10,Improved 3: builds on improved 2 and uses past-only rolling rank-IC weights with shrinkage and caps.,2024-05-31,CVNA,Consumer Discretionary,2.1006524289305744,100000.0,0.2
improved_3_dynamic_ic_weights_stop_take_top10,Improved 3: builds on improved 2 and uses past-only rolling rank-IC weights with shrinkage and caps.,2024-05-31,ORCL,Information Technology,1.3624602278259363,100000.0,0.2
improved_3_dynamic_ic_weights_stop_take_top10,Improved 3: builds on improved 2 and uses past-only rolling rank-IC weights with shrinkage and caps.,2024-05-31,LII,Industrials,1.3295614982357442,100000.0,0.06256936736971341
improved_3_dynamic_ic_weights_stop_take_top10,Improved 3: builds on improved 2 and uses past-only rolling rank-IC weights with shrinkage and caps.,2024-05-31,CL,Consumer Staples,1.1660230914210135,100000.0,0.04964845862578726
improved_3_dynamic_ic_weights_stop_take_top10,Improved 3: builds on improved 2 and uses past-only rolling rank-IC weights with shrinkage and caps.,2024-05-31,HD,Consumer Discretionary,1.1647248898411187,100000.0,0.0317398471449839
improved_3_dynamic_ic_weights_stop_take_top10,Improved 3: builds on improved 2 and uses past-only rolling rank-IC weights with shrinkage and caps.,2024-05-31,NRG,Utilities,1.0927831378278539,100000.0,-0.03435445863812436
improved_3_dynamic_ic_weights_stop_take_top10,Improved 3: builds on improved 2 and uses past-only rolling rank-IC weights with shrinkage and caps.,2024-05-31,SMCI,Information Technology,1.082026129477612,100000.0,0.2
improved_3_dynamic_ic_weights_stop_take_top10,Improved 3: builds on improved 2 and uses past-only rolling rank-IC weights with shrinkage and caps.,2024-05-31,MSI,Information Technology,0.9616393068114635,100000.0,0.06477889328709541
improved_3_dynamic_ic_weights_stop_take_top10,Improved 3: builds on improved 2 and uses past-only rolling rank-IC weights with shrinkage and caps.,2024-05-31,COR,Health Care,0.9065698595421241,100000.0,0.002580989676004064
improved_3_dynamic_ic_weights_stop_take_top10,Improved 3: builds on improved 2 and uses past-only rolling rank-IC weights with shrinkage and caps.,2024-05-31,KMB,Consumer Staples,0.862872037742217,100000.0,0.03590660948747049
improved_3_dynamic_ic_weights_stop_take_top10,Improved 3: builds on improved 2 and uses past-only rolling rank-IC weights with shrinkage and caps.,2024-06-30,CVNA,Consumer Discretionary,1.7352984272656242,100000.0,0.03287076517559506
improved_3_dynamic_ic_weights_stop_take_top10,Improved 3: builds on improved 2 and uses past-only rolling rank-IC weights with shrinkage and caps.,2024-06-30,LII,Industrials,1.473940874071232,100000.0,0.08398818480746617
improved_3_dynamic_ic_weights_stop_take_top10,Improved 3: builds on improved 2 and uses past-only rolling rank-IC weights with shrinkage and caps.,2024-06-30,CL,Consumer Staples,1.418700384825234,100000.0,0.02314920613744853
improved_3_dynamic_ic_weights_stop_take_top10,Improved 3: builds on improved 2 and uses past-only rolling rank-IC weights with shrinkage and caps.,2024-06-30,COR,Health Care,1.4021313570857958,100000.0,0.05066030652354758
improved_3_dynamic_ic_weights_stop_take_top10,Improved 3: builds on improved 2 and uses past-only rolling rank-IC weights with shrinkage and caps.,2024-06-30,HD,Consumer Discretionary,1.313819615409543,100000.0,0.07048150732728864
improved_3_dynamic_ic_weights_stop_take_top10,Improved 3: builds on improved 2 and uses past-only rolling rank-IC weights with shrinkage and caps.,2024-06-30,KMB,Consumer Staples,1.1641885457524206,100000.0,-0.029394854103532153
improved_3_dynamic_ic_weights_stop_take_top10,Improved 3: builds on improved 2 and uses past-only rolling rank-IC weights with shrinkage and caps.,2024-06-30,MSI,Information Technology,1.1460154351320972,100000.0,0.02529042870372744
improved_3_dynamic_ic_weights_stop_take_top10,Improved 3: builds on improved 2 and uses past-only rolling rank-IC weights with shrinkage and caps.,2024-06-30,WSM,Consumer Discretionary,1.0795382065397652,100000.0,0.10174733651109746
improved_3_dynamic_ic_weights_stop_take_top10,Improved 3: builds on improved 2 and uses past-only rolling rank-IC weights with shrinkage and caps.,2024-06-30,NRG,Utilities,1.0135327890765973,100000.0,-0.04642902448336128
improved_3_dynamic_ic_weights_stop_take_top10,Improved 3: builds on improved 2 and uses past-only rolling rank-IC weights with shrinkage and caps.,2024-06-30,VRSK,Industrials,0.952439587802106,100000.0,-0.02893711741797511
improved_3_dynamic_ic_weights_stop_take_top10,Improved 3: builds on improved 2 and uses past-only rolling rank-IC weights with shrinkage and caps.,2024-07-31,KMB,Consumer Staples,1.7520460517003111,100000.0,0.06273875991785438
improved_3_dynamic_ic_weights_stop_take_top10,Improved 3: builds on improved 2 and uses past-only rolling rank-IC weights with shrinkage and caps.,2024-07-31,VRSK,Industrials,1.7226510664579888,100000.0,0.04380762903154989
improved_3_dynamic_ic_weights_stop_take_top10,Improved 3: builds on improved 2 and uses past-only rolling rank-IC weights with shrinkage and caps.,2024-07-31,CL,Consumer Staples,1.617474952385613,100000.0,0.06981416373674332
improved_3_dynamic_ic_weights_stop_take_top10,Improved 3: builds on improved 2 and uses past-only rolling rank-IC weights with shrinkage and caps.,2024-07-31,HD,Consumer Discretionary,1.4570780164091741,100000.0,0.0020779666878421033
improved_3_dynamic_ic_weights_stop_take_top10,Improved 3: builds on improved 2 and uses past-only rolling rank-IC weights with shrinkage and caps.,2024-07-31,CVNA,Consumer Discretionary,1.3540308262114502,100000.0,-0.1
improved_3_dynamic_ic_weights_stop_take_top10,Improved 3: builds on improved 2 and uses past-only rolling rank-IC weights with shrinkage and caps.,2024-07-31,MSI,Information Technology,1.309259934591226,100000.0,0.10548692042226171
improved_3_dynamic_ic_weights_stop_take_top10,Improved 3: builds on improved 2 and uses past-only rolling rank-IC weights with shrinkage and caps.,2024-07-31,AON,Financials,1.1946526813810947,100000.0,0.04157575757584486
improved_3_dynamic_ic_weights_stop_take_top10,Improved 3: builds on improved 2 and uses past-only rolling rank-IC weights with shrinkage and caps.,2024-07-31,COR,Health Care,1.1749488240765074,100000.0,-6.721835098844053e-05
improved_3_dynamic_ic_weights_stop_take_top10,Improved 3: builds on improved 2 and uses past-only rolling rank-IC weights with shrinkage and caps.,2024-07-31,APA,Energy,1.0991823664222358,100000.0,-0.1
improved_3_dynamic_ic_weights_stop_take_top10,Improved 3: builds on improved 2 and uses past-only rolling rank-IC weights with shrinkage and caps.,2024-07-31,LII,Industrials,1.0848780230581072,100000.0,-0.1
improved_3_dynamic_ic_weights_stop_take_top10,Improved 3: builds on improved 2 and uses past-only rolling rank-IC weights with shrinkage and caps.,2024-08-31,CVNA,Consumer Discretionary,1.7434551926202655,100000.0,-0.1
improved_3_dynamic_ic_weights_stop_take_top10,Improved 3: builds on improved 2 and uses past-only rolling rank-IC weights with shrinkage and caps.,2024-08-31,HD,Consumer Discretionary,1.5221100960773788,100000.0,0.10138624626265447
improved_3_dynamic_ic_weights_stop_take_top10,Improved 3: builds on improved 2 and uses past-only rolling rank-IC weights with shrinkage and caps.,2024-08-31,CL,Consumer Staples,1.4634958990515816,100000.0,-0.025258215962651875
improved_3_dynamic_ic_weights_stop_take_top10,Improved 3: builds on improved 2 and uses past-only rolling rank-IC weights with shrinkage and caps.,2024-08-31,KMB,Consumer Staples,1.4160197408533264,100000.0,-0.010609995798236405
improved_3_dynamic_ic_weights_stop_take_top10,Improved 3: builds on improved 2 and uses past-only rolling rank-IC weights with shrinkage and caps.,2024-08-31,NTAP,Information Technology,1.347961275668417,100000.0,0.0066014669926945935
improved_3_dynamic_ic_weights_stop_take_top10,Improved 3: builds on improved 2 and uses past-only rolling rank-IC weights with shrinkage and caps.,2024-08-31,COR,Health Care,1.195243703003455,100000.0,-0.0643109540639677
improved_3_dynamic_ic_weights_stop_take_top10,Improved 3: builds on improved 2 and uses past-only rolling rank-IC weights with shrinkage and caps.,2024-08-31,NVDA,Information Technology,1.1875594652712778,100000.0,-0.1
improved_3_dynamic_ic_weights_stop_take_top10,Improved 3: builds on improved 2 and uses past-only rolling rank-IC weights with shrinkage and caps.,2024-08-31,AON,Financials,1.1844820670701453,100000.0,0.003655034374747901
improved_3_dynamic_ic_weights_stop_take_top10,Improved 3: builds on improved 2 and uses past-only rolling rank-IC weights with shrinkage and caps.,2024-08-31,VRSK,Industrials,1.11016823431319,100000.0,-0.01646094519090957
improved_3_dynamic_ic_weights_stop_take_top10,Improved 3: builds on improved 2 and uses past-only rolling rank-IC weights with shrinkage and caps.,2024-08-31,MSI,Information Technology,1.0692887268868958,100000.0,0.00922142572663387
improved_3_dynamic_ic_weights_stop_take_top10,Improved 3: builds on improved 2 and uses past-only rolling rank-IC weights with shrinkage and caps.,2024-09-30,CL,Consumer Staples,1.6405310887898292,100000.0,-0.09245056818879627
improved_3_dynamic_ic_weights_stop_take_top10,Improved 3: builds on improved 2 and uses past-only rolling rank-IC weights with shrinkage and caps.,2024-09-30,KMB,Consumer Staples,1.536359632820093,100000.0,-0.05739374780525486
improved_3_dynamic_ic_weights_stop_take_top10,Improved 3: builds on improved 2 and uses past-only rolling rank-IC weights with shrinkage and caps.,2024-09-30,MSI,Information Technology,1.5137682914382768,100000.0,-0.0010226540093181136
improved_3_dynamic_ic_weights_stop_take_top10,Improved 3: builds on improved 2 and uses past-only rolling rank-IC weights with shrinkage and caps.,2024-09-30,LII,Industrials,1.505932220026101,100000.0,-0.0008125228004901563
improved_3_dynamic_ic_weights_stop_take_top10,Improved 3: builds on improved 2 and uses past-only rolling rank-IC weights with shrinkage and caps.,2024-09-30,AON,Financials,1.4490656688211538,100000.0,0.05156500802570041
improved_3_dynamic_ic_weights_stop_take_top10,Improved 3: builds on improved 2 and uses past-only rolling rank-IC weights with shrinkage and caps.,2024-09-30,HD,Consumer Discretionary,1.4320234697682668,100000.0,-0.025419533686573015
improved_3_dynamic_ic_weights_stop_take_top10,Improved 3: builds on improved 2 and uses past-only rolling rank-IC weights with shrinkage and caps.,2024-09-30,CLX,Consumer Staples,1.420435788068568,100000.0,-0.037551842383703016
improved_3_dynamic_ic_weights_stop_take_top10,Improved 3: builds on improved 2 and uses past-only rolling rank-IC weights with shrinkage and caps.,2024-09-30,COR,Health Care,1.3127908830599722,100000.0,0.013103540176620632
improved_3_dynamic_ic_weights_stop_take_top10,Improved 3: builds on improved 2 and uses past-only rolling rank-IC weights with shrinkage and caps.,2024-09-30,VRSK,Industrials,1.3012962293958097,100000.0,0.020164135319147514
improved_3_dynamic_ic_weights_stop_take_top10,Improved 3: builds on improved 2 and uses past-only rolling rank-IC weights with shrinkage and caps.,2024-09-30,NVDA,Information Technology,1.155863288404913,100000.0,0.09029688334099184
improved_3_dynamic_ic_weights_stop_take_top10,Improved 3: builds on improved 2 and uses past-only rolling rank-IC weights with shrinkage and caps.,2024-10-31,GDDY,Information Technology,1.6938511662777203,100000.0,0.2
improved_3_dynamic_ic_weights_stop_take_top10,Improved 3: builds on improved 2 and uses past-only rolling rank-IC weights with shrinkage and caps.,2024-10-31,HD,Consumer Discretionary,1.4352799205900786,100000.0,0.09268038990837701
improved_3_dynamic_ic_weights_stop_take_top10,Improved 3: builds on improved 2 and uses past-only rolling rank-IC weights with shrinkage and caps.,2024-10-31,NVDA,Information Technology,1.428270723330682,100000.0,0.026354862657543165
improved_3_dynamic_ic_weights_stop_take_top10,Improved 3: builds on improved 2 and uses past-only rolling rank-IC weights with shrinkage and caps.,2024-10-31,CL,Consumer Staples,1.4025021244085853,100000.0,0.028854344123097286
improved_3_dynamic_ic_weights_stop_take_top10,Improved 3: builds on improved 2 and uses past-only rolling rank-IC weights with shrinkage and caps.,2024-10-31,DVA,Health Care,1.361728249021146,100000.0,0.17318554080768145
improved_3_dynamic_ic_weights_stop_take_top10,Improved 3: builds on improved 2 and uses past-only rolling rank-IC weights with shrinkage and caps.,2024-10-31,MSI,Information Technology,1.313557242346475,100000.0,0.10548205831595103
improved_3_dynamic_ic_weights_stop_take_top10,Improved 3: builds on improved 2 and uses past-only rolling rank-IC weights with shrinkage and caps.,2024-10-31,KMB,Consumer Staples,1.1817721352031123,100000.0,0.03513593819666738
improved_3_dynamic_ic_weights_stop_take_top10,Improved 3: builds on improved 2 and uses past-only rolling rank-IC weights with shrinkage and caps.,2024-10-31,CLX,Consumer Staples,1.1166257778221553,100000.0,0.05045871559596571
improved_3_dynamic_ic_weights_stop_take_top10,Improved 3: builds on improved 2 and uses past-only rolling rank-IC weights with shrinkage and caps.,2024-10-31,COR,Health Care,1.0900358905871461,100000.0,0.09301553239317428
improved_3_dynamic_ic_weights_stop_take_top10,Improved 3: builds on improved 2 and uses past-only rolling rank-IC weights with shrinkage and caps.,2024-10-31,VRSK,Industrials,1.004917887951383,100000.0,0.07615494348725771
improved_3_dynamic_ic_weights_stop_take_top10,Improved 3: builds on improved 2 and uses past-only rolling rank-IC weights with shrinkage and caps.,2024-11-30,GDDY,Information Technology,2.001455221585773,100000.0,-0.0020225514486524876
improved_3_dynamic_ic_weights_stop_take_top10,Improved 3: builds on improved 2 and uses past-only rolling rank-IC weights with shrinkage and caps.,2024-11-30,FTNT,Information Technology,1.5539884758024822,100000.0,-0.009228187919463005
improved_3_dynamic_ic_weights_stop_take_top10,Improved 3: builds on improved 2 and uses past-only rolling rank-IC weights with shrinkage and caps.,2024-11-30,NVDA,Information Technology,1.469197382068431,100000.0,-0.03263518296771417
improved_3_dynamic_ic_weights_stop_take_top10,Improved 3: builds on improved 2 and uses past-only rolling rank-IC weights with shrinkage and caps.,2024-11-30,VRT,Industrials,1.4557818258628696,100000.0,-0.1
improved_3_dynamic_ic_weights_stop_take_top10,Improved 3: builds on improved 2 and uses past-only rolling rank-IC weights with shrinkage and caps.,2024-11-30,HD,Consumer Discretionary,1.384234617242183,100000.0,-0.1
improved_3_dynamic_ic_weights_stop_take_top10,Improved 3: builds on improved 2 and uses past-only rolling rank-IC weights with shrinkage and caps.,2024-11-30,CL,Consumer Staples,1.3310358524254498,100000.0,-0.06055595742446884
improved_3_dynamic_ic_weights_stop_take_top10,Improved 3: builds on improved 2 and uses past-only rolling rank-IC weights with shrinkage and caps.,2024-11-30,TPL,Energy,1.27809021862478,100000.0,-0.1
improved_3_dynamic_ic_weights_stop_take_top10,Improved 3: builds on improved 2 and uses past-only rolling rank-IC weights with shrinkage and caps.,2024-11-30,VRSK,Industrials,1.1720274442121363,100000.0,-0.06559237390611128
improved_3_dynamic_ic_weights_stop_take_top10,Improved 3: builds on improved 2 and uses past-only rolling rank-IC weights with shrinkage and caps.,2024-11-30,VST,Utilities,1.1508000261749327,100000.0,-0.1
improved_3_dynamic_ic_weights_stop_take_top10,Improved 3: builds on improved 2 and uses past-only rolling rank-IC weights with shrinkage and caps.,2024-11-30,KMB,Consumer Staples,1.1275185849336529,100000.0,-0.05390250066975688
improved_3_dynamic_ic_weights_stop_take_top10,Improved 3: builds on improved 2 and uses past-only rolling rank-IC weights with shrinkage and caps.,2024-12-31,GDDY,Information Technology,2.320799498789121,100000.0,0.06853926938344812
improved_3_dynamic_ic_weights_stop_take_top10,Improved 3: builds on improved 2 and uses past-only rolling rank-IC weights with shrinkage and caps.,2024-12-31,NVDA,Information Technology,1.9799540986083328,100000.0,-0.1
improved_3_dynamic_ic_weights_stop_take_top10,Improved 3: builds on improved 2 and uses past-only rolling rank-IC weights with shrinkage and caps.,2024-12-31,FTNT,Information Technology,1.937664257684427,100000.0,0.05788590604026833
improved_3_dynamic_ic_weights_stop_take_top10,Improved 3: builds on improved 2 and uses past-only rolling rank-IC weights with shrinkage and caps.,2024-12-31,LYV,Communication Services,1.7187304971432122,100000.0,0.10781010719754991
improved_3_dynamic_ic_weights_stop_take_top10,Improved 3: builds on improved 2 and uses past-only rolling rank-IC weights with shrinkage and caps.,2024-12-31,VST,Utilities,1.6579127693275535,100000.0,0.2
improved_3_dynamic_ic_weights_stop_take_top10,Improved 3: builds on improved 2 and uses past-only rolling rank-IC weights with shrinkage and caps.,2024-12-31,CL,Consumer Staples,1.5035797541408256,100000.0,-0.04248485087019371
improved_3_dynamic_ic_weights_stop_take_top10,Improved 3: builds on improved 2 and uses past-only rolling rank-IC weights with shrinkage and caps.,2024-12-31,HD,Consumer Discretionary,1.4988855332855862,100000.0,0.05062096753626433
improved_3_dynamic_ic_weights_stop_take_top10,Improved 3: builds on improved 2 and uses past-only rolling rank-IC weights with shrinkage and caps.,2024-12-31,UAL,Industrials,1.3662697025504467,100000.0,0.08788159111933402
improved_3_dynamic_ic_weights_stop_take_top10,Improved 3: builds on improved 2 and uses past-only rolling rank-IC weights with shrinkage and caps.,2024-12-31,VRSK,Industrials,1.3194591753669018,100000.0,0.041524748170408854
improved_3_dynamic_ic_weights_stop_take_top10,Improved 3: builds on improved 2 and uses past-only rolling rank-IC weights with shrinkage and caps.,2024-12-31,CLX,Consumer Staples,1.2168105689406736,100000.0,-0.015292038860082013
improved_3_dynamic_ic_weights_stop_take_top10,Improved 3: builds on improved 2 and uses past-only rolling rank-IC weights with shrinkage and caps.,2025-01-31,GDDY,Information Technology,1.8988080600312731,100000.0,-0.1
improved_3_dynamic_ic_weights_stop_take_top10,Improved 3: builds on improved 2 and uses past-only rolling rank-IC weights with shrinkage and caps.,2025-01-31,CL,Consumer Staples,1.619050232397531,100000.0,0.04708854944353624
improved_3_dynamic_ic_weights_stop_take_top10,Improved 3: builds on improved 2 and uses past-only rolling rank-IC weights with shrinkage and caps.,2025-01-31,HD,Consumer Discretionary,1.49790627340342,100000.0,-0.02344134738510839
improved_3_dynamic_ic_weights_stop_take_top10,Improved 3: builds on improved 2 and uses past-only rolling rank-IC weights with shrinkage and caps.,2025-01-31,LYV,Communication Services,1.4474332409280797,100000.0,0.009080030970648467
improved_3_dynamic_ic_weights_stop_take_top10,Improved 3: builds on improved 2 and uses past-only rolling rank-IC weights with shrinkage and caps.,2025-01-31,FTNT,Information Technology,1.4471658146713986,100000.0,0.09244462425407107
improved_3_dynamic_ic_weights_stop_take_top10,Improved 3: builds on improved 2 and uses past-only rolling rank-IC weights with shrinkage and caps.,2025-01-31,LII,Industrials,1.3196430520684828,100000.0,0.045304347826085056
improved_3_dynamic_ic_weights_stop_take_top10,Improved 3: builds on improved 2 and uses past-only rolling rank-IC weights with shrinkage and caps.,2025-01-31,UAL,Industrials,1.2251042403761192,100000.0,-0.1
improved_3_dynamic_ic_weights_stop_take_top10,Improved 3: builds on improved 2 and uses past-only rolling rank-IC weights with shrinkage and caps.,2025-01-31,NVDA,Information Technology,1.2038242129054042,100000.0,0.2
improved_3_dynamic_ic_weights_stop_take_top10,Improved 3: builds on improved 2 and uses past-only rolling rank-IC weights with shrinkage and caps.,2025-01-31,CLX,Consumer Staples,1.175251832742679,100000.0,-0.014493666897204993
improved_3_dynamic_ic_weights_stop_take_top10,Improved 3: builds on improved 2 and uses past-only rolling rank-IC weights with shrinkage and caps.,2025-01-31,VRSK,Industrials,1.170036226077011,100000.0,0.032766357090810994
improved_3_dynamic_ic_weights_stop_take_top10,Improved 3: builds on improved 2 and uses past-only rolling rank-IC weights with shrinkage and caps.,2025-02-28,VST,Utilities,1.4942864465763748,100000.0,-0.1
improved_3_dynamic_ic_weights_stop_take_top10,Improved 3: builds on improved 2 and uses past-only rolling rank-IC weights with shrinkage and caps.,2025-02-28,LYV,Communication Services,1.4351428998087392,100000.0,-0.1
improved_3_dynamic_ic_weights_stop_take_top10,Improved 3: builds on improved 2 and uses past-only rolling rank-IC weights with shrinkage and caps.,2025-02-28,FTNT,Information Technology,1.3993784775388967,100000.0,-0.1
improved_3_dynamic_ic_weights_stop_take_top10,Improved 3: builds on improved 2 and uses past-only rolling rank-IC weights with shrinkage and caps.,2025-02-28,NTAP,Information Technology,1.281953256839955,100000.0,-0.1
improved_3_dynamic_ic_weights_stop_take_top10,Improved 3: builds on improved 2 and uses past-only rolling rank-IC weights with shrinkage and caps.,2025-02-28,NCLH,Consumer Discretionary,1.1995847801403827,100000.0,-0.1
improved_3_dynamic_ic_weights_stop_take_top10,Improved 3: builds on improved 2 and uses past-only rolling rank-IC weights with shrinkage and caps.,2025-02-28,CL,Consumer Staples,1.1770407279288286,100000.0,0.029783492691705105
improved_3_dynamic_ic_weights_stop_take_top10,Improved 3: builds on improved 2 and uses past-only rolling rank-IC weights with shrinkage and caps.,2025-02-28,GDDY,Information Technology,1.166065068041224,100000.0,-0.0028783349939113245
improved_3_dynamic_ic_weights_stop_take_top10,Improved 3: builds on improved 2 and uses past-only rolling rank-IC weights with shrinkage and caps.,2025-02-28,VRSK,Industrials,1.1252146430668866,100000.0,0.00830124348353345
improved_3_dynamic_ic_weights_stop_take_top10,Improved 3: builds on improved 2 and uses past-only rolling rank-IC weights with shrinkage and caps.,2025-02-28,KMB,Consumer Staples,1.0692987179637803,100000.0,0.01598891781666234
improved_3_dynamic_ic_weights_stop_take_top10,Improved 3: builds on improved 2 and uses past-only rolling rank-IC weights with shrinkage and caps.,2025-02-28,HD,Consumer Discretionary,1.0602254526279233,100000.0,-0.1
improved_3_dynamic_ic_weights_stop_take_top10,Improved 3: builds on improved 2 and uses past-only rolling rank-IC weights with shrinkage and caps.,2025-03-31,FTNT,Information Technology,1.1470346225597539,100000.0,-0.1
improved_3_dynamic_ic_weights_stop_take_top10,Improved 3: builds on improved 2 and uses past-only rolling rank-IC weights with shrinkage and caps.,2025-03-31,UAL,Industrials,1.1246083502614084,100000.0,-0.1
improved_3_dynamic_ic_weights_stop_take_top10,Improved 3: builds on improved 2 and uses past-only rolling rank-IC weights with shrinkage and caps.,2025-03-31,VST,Utilities,1.008892068895162,100000.0,-0.1
improved_3_dynamic_ic_weights_stop_take_top10,Improved 3: builds on improved 2 and uses past-only rolling rank-IC weights with shrinkage and caps.,2025-03-31,GDDY,Information Technology,1.000143304231784,100000.0,-0.1
improved_3_dynamic_ic_weights_stop_take_top10,Improved 3: builds on improved 2 and uses past-only rolling rank-IC weights with shrinkage and caps.,2025-03-31,MMM,Industrials,0.9529164973037825,100000.0,-0.1
improved_3_dynamic_ic_weights_stop_take_top10,Improved 3: builds on improved 2 and uses past-only rolling rank-IC weights with shrinkage and caps.,2025-03-31,RCL,Consumer Discretionary,0.9204496435863501,100000.0,-0.1
improved_3_dynamic_ic_weights_stop_take_top10,Improved 3: builds on improved 2 and uses past-only rolling rank-IC weights with shrinkage and caps.,2025-03-31,KMB,Consumer Staples,0.7708570721568438,100000.0,-0.1
improved_3_dynamic_ic_weights_stop_take_top10,Improved 3: builds on improved 2 and uses past-only rolling rank-IC weights with shrinkage and caps.,2025-03-31,NCLH,Consumer Discretionary,0.7671078284878623,100000.0,-0.1
improved_3_dynamic_ic_weights_stop_take_top10,Improved 3: builds on improved 2 and uses past-only rolling rank-IC weights with shrinkage and caps.,2025-03-31,TPR,Consumer Discretionary,0.7464184667999393,100000.0,-0.1
improved_3_dynamic_ic_weights_stop_take_top10,Improved 3: builds on improved 2 and uses past-only rolling rank-IC weights with shrinkage and caps.,2025-03-31,CL,Consumer Staples,0.7445375802886458,100000.0,-0.01642639045675931
improved_3_dynamic_ic_weights_stop_take_top10,Improved 3: builds on improved 2 and uses past-only rolling rank-IC weights with shrinkage and caps.,2025-04-30,APP,Information Technology,1.5937250164683197,100000.0,0.2
improved_3_dynamic_ic_weights_stop_take_top10,Improved 3: builds on improved 2 and uses past-only rolling rank-IC weights with shrinkage and caps.,2025-04-30,FTNT,Information Technology,1.0624963380623524,100000.0,-0.1
improved_3_dynamic_ic_weights_stop_take_top10,Improved 3: builds on improved 2 and uses past-only rolling rank-IC weights with shrinkage and caps.,2025-04-30,LYV,Communication Services,1.0576857039478476,100000.0,0.028565002249212768
improved_3_dynamic_ic_weights_stop_take_top10,Improved 3: builds on improved 2 and uses past-only rolling rank-IC weights with shrinkage and caps.,2025-04-30,NCLH,Consumer Discretionary,1.055640622424494,100000.0,0.2
improved_3_dynamic_ic_weights_stop_take_top10,Improved 3: builds on improved 2 and uses past-only rolling rank-IC weights with shrinkage and caps.,2025-04-30,HD,Consumer Discretionary,0.9584737912967797,100000.0,0.02214759512636144
improved_3_dynamic_ic_weights_stop_take_top10,Improved 3: builds on improved 2 and uses past-only rolling rank-IC weights with shrinkage and caps.,2025-04-30,CL,Consumer Staples,0.9512261792040779,100000.0,0.019526107941365778
improved_3_dynamic_ic_weights_stop_take_top10,Improved 3: builds on improved 2 and uses past-only rolling rank-IC weights with shrinkage and caps.,2025-04-30,GRMN,Consumer Discretionary,0.9271856910851495,100000.0,0.09182356105436229
improved_3_dynamic_ic_weights_stop_take_top10,Improved 3: builds on improved 2 and uses past-only rolling rank-IC weights with shrinkage and caps.,2025-04-30,TPL,Energy,0.9189233346902876,100000.0,-0.1
improved_3_dynamic_ic_weights_stop_take_top10,Improved 3: builds on improved 2 and uses past-only rolling rank-IC weights with shrinkage and caps.,2025-04-30,GDDY,Information Technology,0.8733173708576678,100000.0,-0.1
improved_3_dynamic_ic_weights_stop_take_top10,Improved 3: builds on improved 2 and uses past-only rolling rank-IC weights with shrinkage and caps.,2025-04-30,KMB,Consumer Staples,0.8194631993669224,100000.0,0.10287686996583378
improved_3_dynamic_ic_weights_stop_take_top10,Improved 3: builds on improved 2 and uses past-only rolling rank-IC weights with shrinkage and caps.,2025-05-31,LYV,Communication Services,1.1132668835995618,100000.0,0.1049594624205683
improved_3_dynamic_ic_weights_stop_take_top10,Improved 3: builds on improved 2 and uses past-only rolling rank-IC weights with shrinkage and caps.,2025-05-31,TPL,Energy,1.0046185979955047,100000.0,-0.1
improved_3_dynamic_ic_weights_stop_take_top10,Improved 3: builds on improved 2 and uses past-only rolling rank-IC weights with shrinkage and caps.,2025-05-31,DVA,Health Care,0.9987443408327951,100000.0,0.049974202108056254
improved_3_dynamic_ic_weights_stop_take_top10,Improved 3: builds on improved 2 and uses past-only rolling rank-IC weights with shrinkage and caps.,2025-05-31,UBER,Industrials,0.9578468507434406,100000.0,0.10440340909090895
improved_3_dynamic_ic_weights_stop_take_top10,Improved 3: builds on improved 2 and uses past-only rolling rank-IC weights with shrinkage and caps.,2025-05-31,FTNT,Information Technology,0.9514546806945308,100000.0,0.045697329376854556
improved_3_dynamic_ic_weights_stop_take_top10,Improved 3: builds on improved 2 and uses past-only rolling rank-IC weights with shrinkage and caps.,2025-05-31,COR,Health Care,0.8415351922252405,100000.0,0.03293258465664817
improved_3_dynamic_ic_weights_stop_take_top10,Improved 3: builds on improved 2 and uses past-only rolling rank-IC weights with shrinkage and caps.,2025-05-31,TPR,Consumer Discretionary,0.8356441304721721,100000.0,0.12141485090977788
improved_3_dynamic_ic_weights_stop_take_top10,Improved 3: builds on improved 2 and uses past-only rolling rank-IC weights with shrinkage and caps.,2025-05-31,NRG,Utilities,0.8049947123137406,100000.0,0.025808100166219816
improved_3_dynamic_ic_weights_stop_take_top10,Improved 3: builds on improved 2 and uses past-only rolling rank-IC weights with shrinkage and caps.,2025-05-31,HD,Consumer Discretionary,0.7833186184910851,100000.0,0.010334265897181671
improved_3_dynamic_ic_weights_stop_take_top10,Improved 3: builds on improved 2 and uses past-only rolling rank-IC weights with shrinkage and caps.,2025-05-31,APP,Information Technology,0.7785869082879722,100000.0,-0.1
improved_3_dynamic_ic_weights_stop_take_top10,Improved 3: builds on improved 2 and uses past-only rolling rank-IC weights with shrinkage and caps.,2025-06-30,APP,Information Technology,1.1216059213940626,100000.0,0.125936599423631
improved_3_dynamic_ic_weights_stop_take_top10,Improved 3: builds on improved 2 and uses past-only rolling rank-IC weights with shrinkage and caps.,2025-06-30,COIN,Financials,0.7932919823852841,100000.0,0.2
improved_3_dynamic_ic_weights_stop_take_top10,Improved 3: builds on improved 2 and uses past-only rolling rank-IC weights with shrinkage and caps.,2025-06-30,FOXA,Communication Services,0.7661378523767783,100000.0,0.0
improved_3_dynamic_ic_weights_stop_take_top10,Improved 3: builds on improved 2 and uses past-only rolling rank-IC weights with shrinkage and caps.,2025-06-30,CLX,Consumer Staples,0.760823865080868,100000.0,0.04190523607980157
improved_3_dynamic_ic_weights_stop_take_top10,Improved 3: builds on improved 2 and uses past-only rolling rank-IC weights with shrinkage and caps.,2025-06-30,DVA,Health Care,0.7593049007414421,100000.0,-0.01446324510285757
improved_3_dynamic_ic_weights_stop_take_top10,Improved 3: builds on improved 2 and uses past-only rolling rank-IC weights with shrinkage and caps.,2025-06-30,COR,Health Care,0.7076830467063201,100000.0,-0.04773317355690909
improved_3_dynamic_ic_weights_stop_take_top10,Improved 3: builds on improved 2 and uses past-only rolling rank-IC weights with shrinkage and caps.,2025-06-30,KMB,Consumer Staples,0.7047474350982803,100000.0,-0.038796760509066774
improved_3_dynamic_ic_weights_stop_take_top10,Improved 3: builds on improved 2 and uses past-only rolling rank-IC weights with shrinkage and caps.,2025-06-30,HD,Consumer Discretionary,0.6982808399376501,100000.0,0.008700664214659648
improved_3_dynamic_ic_weights_stop_take_top10,Improved 3: builds on improved 2 and uses past-only rolling rank-IC weights with shrinkage and caps.,2025-06-30,GDDY,Information Technology,0.6931439707688458,100000.0,-0.1
improved_3_dynamic_ic_weights_stop_take_top10,Improved 3: builds on improved 2 and uses past-only rolling rank-IC weights with shrinkage and caps.,2025-06-30,KR,Consumer Staples,0.6150307976336933,100000.0,-0.027604383408805222
improved_3_dynamic_ic_weights_stop_take_top10,Improved 3: builds on improved 2 and uses past-only rolling rank-IC weights with shrinkage and caps.,2025-07-31,RCL,Consumer Discretionary,1.0603936839966703,100000.0,0.17372196729814848
improved_3_dynamic_ic_weights_stop_take_top10,Improved 3: builds on improved 2 and uses past-only rolling rank-IC weights with shrinkage and caps.,2025-07-31,DVA,Health Care,0.9017282038635523,100000.0,-0.1
improved_3_dynamic_ic_weights_stop_take_top10,Improved 3: builds on improved 2 and uses past-only rolling rank-IC weights with shrinkage and caps.,2025-07-31,UPS,Industrials,0.8086289014142097,100000.0,0.03922120874530721
improved_3_dynamic_ic_weights_stop_take_top10,Improved 3: builds on improved 2 and uses past-only rolling rank-IC weights with shrinkage and caps.,2025-07-31,FTNT,Information Technology,0.8075173528703143,100000.0,-0.1
improved_3_dynamic_ic_weights_stop_take_top10,Improved 3: builds on improved 2 and uses past-only rolling rank-IC weights with shrinkage and caps.,2025-07-31,CARR,Industrials,0.7900828358628879,100000.0,-0.041176470587430014
improved_3_dynamic_ic_weights_stop_take_top10,Improved 3: builds on improved 2 and uses past-only rolling rank-IC weights with shrinkage and caps.,2025-07-31,CL,Consumer Staples,0.7411808764824811,100000.0,0.0005950964058132335
improved_3_dynamic_ic_weights_stop_take_top10,Improved 3: builds on improved 2 and uses past-only rolling rank-IC weights with shrinkage and caps.,2025-07-31,UAL,Industrials,0.7405217219537975,100000.0,0.2
improved_3_dynamic_ic_weights_stop_take_top10,Improved 3: builds on improved 2 and uses past-only rolling rank-IC weights with shrinkage and caps.,2025-07-31,VRSK,Industrials,0.7259809560894157,100000.0,-0.045598547680927526
improved_3_dynamic_ic_weights_stop_take_top10,Improved 3: builds on improved 2 and uses past-only rolling rank-IC weights with shrinkage and caps.,2025-07-31,QCOM,Information Technology,0.7162669739421491,100000.0,0.09743274614276509
improved_3_dynamic_ic_weights_stop_take_top10,Improved 3: builds on improved 2 and uses past-only rolling rank-IC weights with shrinkage and caps.,2025-07-31,EXR,Real Estate,0.71489420408539,100000.0,0.04619644418582469
improved_3_dynamic_ic_weights_stop_take_top10,Improved 3: builds on improved 2 and uses past-only rolling rank-IC weights with shrinkage and caps.,2025-08-31,ULTA,Consumer Discretionary,1.463942282966285,100000.0,0.11295444367544683
improved_3_dynamic_ic_weights_stop_take_top10,Improved 3: builds on improved 2 and uses past-only rolling rank-IC weights with shrinkage and caps.,2025-08-31,EBAY,Consumer Discretionary,1.2570935792561224,100000.0,0.017110266159240606
improved_3_dynamic_ic_weights_stop_take_top10,Improved 3: builds on improved 2 and uses past-only rolling rank-IC weights with shrinkage and caps.,2025-08-31,SMCI,Information Technology,1.1806385552919163,100000.0,0.2
improved_3_dynamic_ic_weights_stop_take_top10,Improved 3: builds on improved 2 and uses past-only rolling rank-IC weights with shrinkage and caps.,2025-08-31,HRL,Consumer Staples,1.1372759617528991,100000.0,-0.028661170003623337
improved_3_dynamic_ic_weights_stop_take_top10,Improved 3: builds on improved 2 and uses past-only rolling rank-IC weights with shrinkage and caps.,2025-08-31,ORCL,Information Technology,1.1293415365291006,100000.0,0.2
improved_3_dynamic_ic_weights_stop_take_top10,Improved 3: builds on improved 2 and uses past-only rolling rank-IC weights with shrinkage and caps.,2025-08-31,VST,Utilities,1.0922729448283572,100000.0,0.06274489222383561
improved_3_dynamic_ic_weights_stop_take_top10,Improved 3: builds on improved 2 and uses past-only rolling rank-IC weights with shrinkage and caps.,2025-08-31,NVDA,Information Technology,1.0027774440496386,100000.0,0.09759135957819587
improved_3_dynamic_ic_weights_stop_take_top10,Improved 3: builds on improved 2 and uses past-only rolling rank-IC weights with shrinkage and caps.,2025-08-31,VEEV,Health Care,0.9990259765619989,100000.0,0.12308678277916019
improved_3_dynamic_ic_weights_stop_take_top10,Improved 3: builds on improved 2 and uses past-only rolling rank-IC weights with shrinkage and caps.,2025-08-31,WSM,Consumer Discretionary,0.9675065553669757,100000.0,0.042678047479834946
improved_3_dynamic_ic_weights_stop_take_top10,Improved 3: builds on improved 2 and uses past-only rolling rank-IC weights with shrinkage and caps.,2025-08-31,COO,Health Care,0.9333072835143817,100000.0,0.03284121723410682
improved_3_dynamic_ic_weights_stop_take_top10,Improved 3: builds on improved 2 and uses past-only rolling rank-IC weights with shrinkage and caps.,2025-09-30,SYF,Financials,1.206372764150581,100000.0,0.046279364186964767
improved_3_dynamic_ic_weights_stop_take_top10,Improved 3: builds on improved 2 and uses past-only rolling rank-IC weights with shrinkage and caps.,2025-09-30,CCL,Consumer Discretionary,1.184160031076828,100000.0,-0.001731301940135599
improved_3_dynamic_ic_weights_stop_take_top10,Improved 3: builds on improved 2 and uses past-only rolling rank-IC weights with shrinkage and caps.,2025-09-30,GDDY,Information Technology,1.106221058660593,100000.0,-0.02518854799736392
improved_3_dynamic_ic_weights_stop_take_top10,Improved 3: builds on improved 2 and uses past-only rolling rank-IC weights with shrinkage and caps.,2025-09-30,UAL,Industrials,1.103927776591128,100000.0,-0.020314616105844285
improved_3_dynamic_ic_weights_stop_take_top10,Improved 3: builds on improved 2 and uses past-only rolling rank-IC weights with shrinkage and caps.,2025-09-30,EXPE,Consumer Discretionary,0.9918375809214633,100000.0,0.027893285988081606
improved_3_dynamic_ic_weights_stop_take_top10,Improved 3: builds on improved 2 and uses past-only rolling rank-IC weights with shrinkage and caps.,2025-09-30,BKR,Energy,0.9014803508911857,100000.0,-0.00195856097487046
improved_3_dynamic_ic_weights_stop_take_top10,Improved 3: builds on improved 2 and uses past-only rolling rank-IC weights with shrinkage and caps.,2025-09-30,NRG,Utilities,0.8862134731880178,100000.0,0.06296387926806557
improved_3_dynamic_ic_weights_stop_take_top10,Improved 3: builds on improved 2 and uses past-only rolling rank-IC weights with shrinkage and caps.,2025-09-30,EOG,Energy,0.8454621834934805,100000.0,-0.04207663855015442
improved_3_dynamic_ic_weights_stop_take_top10,Improved 3: builds on improved 2 and uses past-only rolling rank-IC weights with shrinkage and caps.,2025-09-30,XYZ,Financials,0.8413920962348119,100000.0,0.04643792200633867
improved_3_dynamic_ic_weights_stop_take_top10,Improved 3: builds on improved 2 and uses past-only rolling rank-IC weights with shrinkage and caps.,2025-09-30,DECK,Consumer Discretionary,0.8145423112532831,100000.0,-0.1
improved_3_dynamic_ic_weights_stop_take_top10,Improved 3: builds on improved 2 and uses past-only rolling rank-IC weights with shrinkage and caps.,2025-10-31,EBAY,Consumer Discretionary,1.6743872148917283,100000.0,0.030002479544148697
improved_3_dynamic_ic_weights_stop_take_top10,Improved 3: builds on improved 2 and uses past-only rolling rank-IC weights with shrinkage and caps.,2025-10-31,CI,Health Care,1.413373411609234,100000.0,0.1422921644556816
improved_3_dynamic_ic_weights_stop_take_top10,Improved 3: builds on improved 2 and uses past-only rolling rank-IC weights with shrinkage and caps.,2025-10-31,FISV,Financials,1.2956555200829412,100000.0,-0.0686363636363636
improved_3_dynamic_ic_weights_stop_take_top10,Improved 3: builds on improved 2 and uses past-only rolling rank-IC weights with shrinkage and caps.,2025-10-31,DXCM,Health Care,1.2140013471093583,100000.0,0.08403074295473956
improved_3_dynamic_ic_weights_stop_take_top10,Improved 3: builds on improved 2 and uses past-only rolling rank-IC weights with shrinkage and caps.,2025-10-31,CMG,Consumer Discretionary,1.1773213165289744,100000.0,0.09067930489731446
improved_3_dynamic_ic_weights_stop_take_top10,Improved 3: builds on improved 2 and uses past-only rolling rank-IC weights with shrinkage and caps.,2025-10-31,META,Communication Services,1.0395952182040018,100000.0,-0.1
improved_3_dynamic_ic_weights_stop_take_top10,Improved 3: builds on improved 2 and uses past-only rolling rank-IC weights with shrinkage and caps.,2025-10-31,EME,Industrials,0.9026231667040991,100000.0,-0.1
improved_3_dynamic_ic_weights_stop_take_top10,Improved 3: builds on improved 2 and uses past-only rolling rank-IC weights with shrinkage and caps.,2025-10-31,MPWR,Information Technology,0.8832123035840677,100000.0,-0.1
improved_3_dynamic_ic_weights_stop_take_top10,Improved 3: builds on improved 2 and uses past-only rolling rank-IC weights with shrinkage and caps.,2025-10-31,GRMN,Consumer Discretionary,0.7370693973340945,100000.0,-0.1
improved_3_dynamic_ic_weights_stop_take_top10,Improved 3: builds on improved 2 and uses past-only rolling rank-IC weights with shrinkage and caps.,2025-10-31,APP,Information Technology,0.6692635134444986,100000.0,-0.1
improved_3_dynamic_ic_weights_stop_take_top10,Improved 3: builds on improved 2 and uses past-only rolling rank-IC weights with shrinkage and caps.,2025-11-30,GILD,Health Care,0.738458521232065,100000.0,-0.01855246885781614
improved_3_dynamic_ic_weights_stop_take_top10,Improved 3: builds on improved 2 and uses past-only rolling rank-IC weights with shrinkage and caps.,2025-11-30,INCY,Health Care,0.7122217544542693,100000.0,-0.04560827133056333
improved_3_dynamic_ic_weights_stop_take_top10,Improved 3: builds on improved 2 and uses past-only rolling rank-IC weights with shrinkage and caps.,2025-11-30,CL,Consumer Staples,0.7028705958819004,100000.0,-0.015940224159259442
improved_3_dynamic_ic_weights_stop_take_top10,Improved 3: builds on improved 2 and uses past-only rolling rank-IC weights with shrinkage and caps.,2025-11-30,GOOGL,Communication Services,0.6639490707882474,100000.0,-0.014134346737277537
improved_3_dynamic_ic_weights_stop_take_top10,Improved 3: builds on improved 2 and uses past-only rolling rank-IC weights with shrinkage and caps.,2025-11-30,EXPE,Consumer Discretionary,0.6629055327349017,100000.0,0.11320235756399644
improved_3_dynamic_ic_weights_stop_take_top10,Improved 3: builds on improved 2 and uses past-only rolling rank-IC weights with shrinkage and caps.,2025-11-30,NEM,Materials,0.6617300670181966,100000.0,0.08532608695706512
improved_3_dynamic_ic_weights_stop_take_top10,Improved 3: builds on improved 2 and uses past-only rolling rank-IC weights with shrinkage and caps.,2025-11-30,COR,Health Care,0.6416556117361971,100000.0,-0.08456430410642779
improved_3_dynamic_ic_weights_stop_take_top10,Improved 3: builds on improved 2 and uses past-only rolling rank-IC weights with shrinkage and caps.,2025-11-30,NVDA,Information Technology,0.6287912837970743,100000.0,0.06723603878713003
improved_3_dynamic_ic_weights_stop_take_top10,Improved 3: builds on improved 2 and uses past-only rolling rank-IC weights with shrinkage and caps.,2025-11-30,WDC,Information Technology,0.6122776082866246,100000.0,0.07617821473162412
improved_3_dynamic_ic_weights_stop_take_top10,Improved 3: builds on improved 2 and uses past-only rolling rank-IC weights with shrinkage and caps.,2025-11-30,ALL,Financials,0.5765256970862959,100000.0,-0.02116153303535029
improved_3_dynamic_ic_weights_stop_take_top10,Improved 3: builds on improved 2 and uses past-only rolling rank-IC weights with shrinkage and caps.,2025-12-31,WDC,Information Technology,1.8721128570109205,100000.0,0.2
improved_3_dynamic_ic_weights_stop_take_top10,Improved 3: builds on improved 2 and uses past-only rolling rank-IC weights with shrinkage and caps.,2025-12-31,NEM,Materials,1.597187957224776,100000.0,0.2
improved_3_dynamic_ic_weights_stop_take_top10,Improved 3: builds on improved 2 and uses past-only rolling rank-IC weights with shrinkage and caps.,2025-12-31,HOOD,Financials,1.5441034193494436,100000.0,-0.1
improved_3_dynamic_ic_weights_stop_take_top10,Improved 3: builds on improved 2 and uses past-only rolling rank-IC weights with shrinkage and caps.,2025-12-31,APP,Information Technology,1.4156352408695279,100000.0,-0.1
improved_3_dynamic_ic_weights_stop_take_top10,Improved 3: builds on improved 2 and uses past-only rolling rank-IC weights with shrinkage and caps.,2025-12-31,MU,Information Technology,1.2977198806813097,100000.0,0.2
improved_3_dynamic_ic_weights_stop_take_top10,Improved 3: builds on improved 2 and uses past-only rolling rank-IC weights with shrinkage and caps.,2025-12-31,KLAC,Information Technology,1.259807797446263,100000.0,0.2
improved_3_dynamic_ic_weights_stop_take_top10,Improved 3: builds on improved 2 and uses past-only rolling rank-IC weights with shrinkage and caps.,2025-12-31,LRCX,Information Technology,1.213647313089626,100000.0,0.2
improved_3_dynamic_ic_weights_stop_take_top10,Improved 3: builds on improved 2 and uses past-only rolling rank-IC weights with shrinkage and caps.,2025-12-31,FIX,Industrials,0.9631062378501116,100000.0,0.2
improved_3_dynamic_ic_weights_stop_take_top10,Improved 3: builds on improved 2 and uses past-only rolling rank-IC weights with shrinkage and caps.,2025-12-31,UHS,Health Care,0.9039791043165293,100000.0,-0.07602607657699412
improved_3_dynamic_ic_weights_stop_take_top10,Improved 3: builds on improved 2 and uses past-only rolling rank-IC weights with shrinkage and caps.,2025-12-31,DG,Consumer Staples,0.8886338251401003,100000.0,0.08457176728504368
improved_3_dynamic_ic_weights_stop_take_top10,Improved 3: builds on improved 2 and uses past-only rolling rank-IC weights with shrinkage and caps.,2026-01-31,NEM,Materials,1.899811133378205,100000.0,0.17053844768544169
improved_3_dynamic_ic_weights_stop_take_top10,Improved 3: builds on improved 2 and uses past-only rolling rank-IC weights with shrinkage and caps.,2026-01-31,WDC,Information Technology,1.6371532518541336,100000.0,0.2
improved_3_dynamic_ic_weights_stop_take_top10,Improved 3: builds on improved 2 and uses past-only rolling rank-IC weights with shrinkage and caps.,2026-01-31,KLAC,Information Technology,1.3317147574910062,100000.0,0.09034824406927777
improved_3_dynamic_ic_weights_stop_take_top10,Improved 3: builds on improved 2 and uses past-only rolling rank-IC weights with shrinkage and caps.,2026-01-31,APP,Information Technology,1.293921367641119,100000.0,-0.1
improved_3_dynamic_ic_weights_stop_take_top10,Improved 3: builds on improved 2 and uses past-only rolling rank-IC weights with shrinkage and caps.,2026-01-31,LRCX,Information Technology,1.1172051727414742,100000.0,-0.1
improved_3_dynamic_ic_weights_stop_take_top10,Improved 3: builds on improved 2 and uses past-only rolling rank-IC weights with shrinkage and caps.,2026-01-31,MU,Information Technology,1.0738266278207487,100000.0,-0.1
improved_3_dynamic_ic_weights_stop_take_top10,Improved 3: builds on improved 2 and uses past-only rolling rank-IC weights with shrinkage and caps.,2026-01-31,LVS,Consumer Discretionary,0.979349781904296,100000.0,0.06455538776694802
improved_3_dynamic_ic_weights_stop_take_top10,Improved 3: builds on improved 2 and uses past-only rolling rank-IC weights with shrinkage and caps.,2026-01-31,FIX,Industrials,0.9726403124276057,100000.0,0.2
improved_3_dynamic_ic_weights_stop_take_top10,Improved 3: builds on improved 2 and uses past-only rolling rank-IC weights with shrinkage and caps.,2026-01-31,APH,Information Technology,0.9298387357852271,100000.0,-0.1
improved_3_dynamic_ic_weights_stop_take_top10,Improved 3: builds on improved 2 and uses past-only rolling rank-IC weights with shrinkage and caps.,2026-01-31,URI,Industrials,0.8624828841373431,100000.0,0.07341960728602137
improved_3_dynamic_ic_weights_stop_take_top10,Improved 3: builds on improved 2 and uses past-only rolling rank-IC weights with shrinkage and caps.,2026-02-28,MU,Information Technology,1.8441755676531122,100000.0,-0.1
improved_3_dynamic_ic_weights_stop_take_top10,Improved 3: builds on improved 2 and uses past-only rolling rank-IC weights with shrinkage and caps.,2026-02-28,WDC,Information Technology,1.8160305925873648,100000.0,-0.1
improved_3_dynamic_ic_weights_stop_take_top10,Improved 3: builds on improved 2 and uses past-only rolling rank-IC weights with shrinkage and caps.,2026-02-28,FIX,Industrials,1.476645766140925,100000.0,-0.1
improved_3_dynamic_ic_weights_stop_take_top10,Improved 3: builds on improved 2 and uses past-only rolling rank-IC weights with shrinkage and caps.,2026-02-28,LRCX,Information Technology,1.2707822075226518,100000.0,-0.1
improved_3_dynamic_ic_weights_stop_take_top10,Improved 3: builds on improved 2 and uses past-only rolling rank-IC weights with shrinkage and caps.,2026-02-28,NEM,Materials,1.0061050962475138,100000.0,-0.1
improved_3_dynamic_ic_weights_stop_take_top10,Improved 3: builds on improved 2 and uses past-only rolling rank-IC weights with shrinkage and caps.,2026-02-28,EME,Industrials,0.9494761983379547,100000.0,0.026457012568225968
improved_3_dynamic_ic_weights_stop_take_top10,Improved 3: builds on improved 2 and uses past-only rolling rank-IC weights with shrinkage and caps.,2026-02-28,NVDA,Information Technology,0.8705835003644105,100000.0,-0.0034319477060313908
improved_3_dynamic_ic_weights_stop_take_top10,Improved 3: builds on improved 2 and uses past-only rolling rank-IC weights with shrinkage and caps.,2026-02-28,FSLR,Information Technology,0.8327421164298806,100000.0,0.021543241843604344
improved_3_dynamic_ic_weights_stop_take_top10,Improved 3: builds on improved 2 and uses past-only rolling rank-IC weights with shrinkage and caps.,2026-02-28,AMAT,Information Technology,0.8254306555926607,100000.0,-0.1
improved_3_dynamic_ic_weights_stop_take_top10,Improved 3: builds on improved 2 and uses past-only rolling rank-IC weights with shrinkage and caps.,2026-02-28,UHS,Health Care,0.7631409766459974,100000.0,-0.1
improved_3_dynamic_ic_weights_stop_take_top10,Improved 3: builds on improved 2 and uses past-only rolling rank-IC weights with shrinkage and caps.,2026-03-31,WDC,Information Technology,2.342546555301105,100000.0,0.2
improved_3_dynamic_ic_weights_stop_take_top10,Improved 3: builds on improved 2 and uses past-only rolling rank-IC weights with shrinkage and caps.,2026-03-31,MU,Information Technology,2.263967664853236,100000.0,0.2
improved_3_dynamic_ic_weights_stop_take_top10,Improved 3: builds on improved 2 and uses past-only rolling rank-IC weights with shrinkage and caps.,2026-03-31,FIX,Industrials,1.8195306827003994,100000.0,0.2
improved_3_dynamic_ic_weights_stop_take_top10,Improved 3: builds on improved 2 and uses past-only rolling rank-IC weights with shrinkage and caps.,2026-03-31,TER,Information Technology,1.3058214110892237,100000.0,0.2
improved_3_dynamic_ic_weights_stop_take_top10,Improved 3: builds on improved 2 and uses past-only rolling rank-IC weights with shrinkage and caps.,2026-03-31,LITE,Information Technology,1.2609571591933453,100000.0,0.2
improved_3_dynamic_ic_weights_stop_take_top10,Improved 3: builds on improved 2 and uses past-only rolling rank-IC weights with shrinkage and caps.,2026-03-31,VRT,Industrials,1.2579295832217634,100000.0,0.2
improved_3_dynamic_ic_weights_stop_take_top10,Improved 3: builds on improved 2 and uses past-only rolling rank-IC weights with shrinkage and caps.,2026-03-31,LRCX,Information Technology,1.1688252521673772,100000.0,0.2
improved_3_dynamic_ic_weights_stop_take_top10,Improved 3: builds on improved 2 and uses past-only rolling rank-IC weights with shrinkage and caps.,2026-03-31,APA,Energy,0.9903848233677542,100000.0,-0.1
improved_3_dynamic_ic_weights_stop_take_top10,Improved 3: builds on improved 2 and uses past-only rolling rank-IC weights with shrinkage and caps.,2026-03-31,STX,Information Technology,0.9155174925012665,100000.0,0.2
improved_3_dynamic_ic_weights_stop_take_top10,Improved 3: builds on improved 2 and uses past-only rolling rank-IC weights with shrinkage and caps.,2026-03-31,COHR,Information Technology,0.8779285361776608,100000.0,0.2
improved_3_dynamic_ic_weights_stop_take_top10,Improved 3: builds on improved 2 and uses past-only rolling rank-IC weights with shrinkage and caps.,2026-04-30,MU,Information Technology,2.4505780687109437,100000.0,0.2
improved_3_dynamic_ic_weights_stop_take_top10,Improved 3: builds on improved 2 and uses past-only rolling rank-IC weights with shrinkage and caps.,2026-04-30,WDC,Information Technology,2.2585753123087478,100000.0,0.2
improved_3_dynamic_ic_weights_stop_take_top10,Improved 3: builds on improved 2 and uses past-only rolling rank-IC weights with shrinkage and caps.,2026-04-30,STX,Information Technology,2.152184107857167,100000.0,0.2
improved_3_dynamic_ic_weights_stop_take_top10,Improved 3: builds on improved 2 and uses past-only rolling rank-IC weights with shrinkage and caps.,2026-04-30,TER,Information Technology,1.6018032031515528,100000.0,0.09039669273187667
improved_3_dynamic_ic_weights_stop_take_top10,Improved 3: builds on improved 2 and uses past-only rolling rank-IC weights with shrinkage and caps.,2026-04-30,LITE,Information Technology,1.1894825209500532,100000.0,-0.06357064622124864
improved_3_dynamic_ic_weights_stop_take_top10,Improved 3: builds on improved 2 and uses past-only rolling rank-IC weights with shrinkage and caps.,2026-04-30,FIX,Industrials,1.1710690461909963,100000.0,-0.012454604331464836
improved_3_dynamic_ic_weights_stop_take_top10,Improved 3: builds on improved 2 and uses past-only rolling rank-IC weights with shrinkage and caps.,2026-04-30,LRCX,Information Technology,1.013688058496633,100000.0,0.2
improved_3_dynamic_ic_weights_stop_take_top10,Improved 3: builds on improved 2 and uses past-only rolling rank-IC weights with shrinkage and caps.,2026-04-30,KLAC,Information Technology,0.86612527554687,100000.0,0.11034414383377644
improved_3_dynamic_ic_weights_stop_take_top10,Improved 3: builds on improved 2 and uses past-only rolling rank-IC weights with shrinkage and caps.,2026-04-30,NVDA,Information Technology,0.7558090153552426,100000.0,0.0489864864864864
improved_3_dynamic_ic_weights_stop_take_top10,Improved 3: builds on improved 2 and uses past-only rolling rank-IC weights with shrinkage and caps.,2026-04-30,APP,Information Technology,0.6815665277543144,100000.0,0.2
