date,value,cash,return
2006-06-01,1000000.0,1000000.0,0.0
2006-06-02,1000000.0,1000000.0,0.0
2006-06-05,1000000.0,1000000.0,0.0
2006-06-06,1000000.0,1000000.0,0.0
2006-06-07,1000000.0,1000000.0,0.0
2006-06-08,1000000.0,1000000.0,0.0
2006-06-09,1000000.0,1000000.0,0.0
2006-06-12,1000000.0,1000000.0,0.0
2006-06-13,1000000.0,1000000.0,0.0
2006-06-14,1000000.0,1000000.0,0.0
2006-06-15,1000000.0,1000000.0,0.0
2006-06-16,1000000.0,1000000.0,0.0
2006-06-19,1000000.0,1000000.0,0.0
2006-06-20,1000000.0,1000000.0,0.0
2006-06-21,1000000.0,1000000.0,0.0
2006-06-22,1000000.0,1000000.0,0.0
2006-06-23,1000000.0,1000000.0,0.0
2006-06-26,1000000.0,1000000.0,0.0
2006-06-27,1000000.0,1000000.0,0.0
2006-06-28,1000000.0,1000000.0,0.0
2006-06-29,1000000.0,1000000.0,0.0
2006-06-30,1000000.0,1000000.0,0.0
2006-07-03,1000000.0,1000000.0,0.0
2006-07-05,1000000.0,1000000.0,0.0
2006-07-06,1000000.0,1000000.0,0.0
2006-07-07,1000000.0,1000000.0,0.0
2006-07-10,1000000.0,1000000.0,0.0
2006-07-11,1000000.0,1000000.0,0.0
2006-07-12,1000000.0,1000000.0,0.0
2006-07-13,1000000.0,1000000.0,0.0
2006-07-14,1000000.0,1000000.0,0.0
2006-07-17,1000000.0,1000000.0,0.0
2006-07-18,1000000.0,1000000.0,0.0
2006-07-19,1000000.0,1000000.0,0.0
2006-07-20,1000000.0,1000000.0,0.0
2006-07-21,1000000.0,1000000.0,0.0
2006-07-24,1000000.0,1000000.0,0.0
2006-07-25,1000000.0,1000000.0,0.0
2006-07-26,1000000.0,1000000.0,0.0
2006-07-27,1000000.0,1000000.0,0.0
2006-07-28,1000000.0,1000000.0,0.0
2006-07-31,1000000.0,1000000.0,0.0
2006-08-01,1000000.0,1000000.0,0.0
2006-08-02,1000000.0,1000000.0,0.0
2006-08-03,1000000.0,1000000.0,0.0
2006-08-04,1000000.0,1000000.0,0.0
2006-08-07,1000000.0,1000000.0,0.0
2006-08-08,1000000.0,1000000.0,0.0
2006-08-09,1000000.0,1000000.0,0.0
2006-08-10,1000000.0,1000000.0,0.0
2006-08-11,1000000.0,1000000.0,0.0
2006-08-14,1000000.0,1000000.0,0.0
2006-08-15,1000000.0,1000000.0,0.0
2006-08-16,1000000.0,1000000.0,0.0
2006-08-17,1000000.0,1000000.0,0.0
2006-08-18,1000000.0,1000000.0,0.0
2006-08-21,1000000.0,1000000.0,0.0
2006-08-22,1000000.0,1000000.0,0.0
2006-08-23,1000000.0,1000000.0,0.0
2006-08-24,1000000.0,1000000.0,0.0
2006-08-25,1000000.0,1000000.0,0.0
2006-08-28,1000000.0,1000000.0,0.0
2006-08-29,1000000.0,1000000.0,0.0
2006-08-30,1000000.0,1000000.0,0.0
2006-08-31,1000000.0,1000000.0,0.0
2006-09-01,1000000.0,1000000.0,0.0
2006-09-05,1000000.0,1000000.0,0.0
2006-09-06,1000000.0,1000000.0,0.0
2006-09-07,1000000.0,1000000.0,0.0
2006-09-08,1000000.0,1000000.0,0.0
2006-09-11,1000000.0,1000000.0,0.0
2006-09-12,1000000.0,1000000.0,0.0
2006-09-13,1000000.0,1000000.0,0.0
2006-09-14,1000000.0,1000000.0,0.0
2006-09-15,1000000.0,1000000.0,0.0
2006-09-18,1000000.0,1000000.0,0.0
2006-09-19,1000000.0,1000000.0,0.0
2006-09-20,1000000.0,1000000.0,0.0
2006-09-21,1000000.0,1000000.0,0.0
2006-09-22,1000000.0,1000000.0,0.0
2006-09-25,1000000.0,1000000.0,0.0
2006-09-26,1000000.0,1000000.0,0.0
2006-09-27,1000000.0,1000000.0,0.0
2006-09-28,1000000.0,1000000.0,0.0
2006-09-29,1000000.0,1000000.0,0.0
2006-10-02,1000000.0,1000000.0,0.0
2006-10-03,1000000.0,1000000.0,0.0
2006-10-04,1000000.0,1000000.0,0.0
2006-10-05,1000000.0,1000000.0,0.0
2006-10-06,1000000.0,1000000.0,0.0
2006-10-09,1000000.0,1000000.0,0.0
2006-10-10,1000000.0,1000000.0,0.0
2006-10-11,1000000.0,1000000.0,0.0
2006-10-12,1000000.0,1000000.0,0.0
2006-10-13,1000000.0,1000000.0,0.0
2006-10-16,1000000.0,1000000.0,0.0
2006-10-17,1000000.0,1000000.0,0.0
2006-10-18,1000000.0,1000000.0,0.0
2006-10-19,1000000.0,1000000.0,0.0
2006-10-20,1000000.0,1000000.0,0.0
2006-10-23,1000000.0,1000000.0,0.0
2006-10-24,1000000.0,1000000.0,0.0
2006-10-25,1000000.0,1000000.0,0.0
2006-10-26,1000000.0,1000000.0,0.0
2006-10-27,1000000.0,1000000.0,0.0
2006-10-30,1000000.0,1000000.0,0.0
2006-10-31,1000000.0,1000000.0,0.0
2006-11-01,1000000.0,1000000.0,0.0
2006-11-02,1000000.0,1000000.0,0.0
2006-11-03,1000000.0,1000000.0,0.0
2006-11-06,1000000.0,1000000.0,0.0
2006-11-07,1000000.0,1000000.0,0.0
2006-11-08,1000000.0,1000000.0,0.0
2006-11-09,1000000.0,1000000.0,0.0
2006-11-10,1000000.0,1000000.0,0.0
2006-11-13,1000000.0,1000000.0,0.0
2006-11-14,1000000.0,1000000.0,0.0
2006-11-15,1000000.0,1000000.0,0.0
2006-11-16,1000000.0,1000000.0,0.0
2006-11-17,1000000.0,1000000.0,0.0
2006-11-20,1000000.0,1000000.0,0.0
2006-11-21,1000000.0,1000000.0,0.0
2006-11-22,1000000.0,1000000.0,0.0
2006-11-24,1000000.0,1000000.0,0.0
2006-11-27,1000000.0,1000000.0,0.0
2006-11-28,1000000.0,1000000.0,0.0
2006-11-29,1000000.0,1000000.0,0.0
2006-11-30,1000000.0,1000000.0,0.0
2006-12-01,1000000.0,1000000.0,0.0
2006-12-04,1000000.0,1000000.0,0.0
2006-12-05,1000000.0,1000000.0,0.0
2006-12-06,1000000.0,1000000.0,0.0
2006-12-07,1000000.0,1000000.0,0.0
2006-12-08,1000000.0,1000000.0,0.0
2006-12-11,1000000.0,1000000.0,0.0
2006-12-12,1000000.0,1000000.0,0.0
2006-12-13,1000000.0,1000000.0,0.0
2006-12-14,1000000.0,1000000.0,0.0
2006-12-15,1000000.0,1000000.0,0.0
2006-12-18,1000000.0,1000000.0,0.0
2006-12-19,1000000.0,1000000.0,0.0
2006-12-20,1000000.0,1000000.0,0.0
2006-12-21,1000000.0,1000000.0,0.0
2006-12-22,1000000.0,1000000.0,0.0
2006-12-26,1000000.0,1000000.0,0.0
2006-12-27,1000000.0,1000000.0,0.0
2006-12-28,1000000.0,1000000.0,0.0
2006-12-29,1000000.0,1000000.0,0.0
2007-01-03,1000000.0,1000000.0,0.0
2007-01-04,1000000.0,1000000.0,0.0
2007-01-05,1000000.0,1000000.0,0.0
2007-01-08,1000000.0,1000000.0,0.0
2007-01-09,1000000.0,1000000.0,0.0
2007-01-10,1000000.0,1000000.0,0.0
2007-01-11,1000000.0,1000000.0,0.0
2007-01-12,1000000.0,1000000.0,0.0
2007-01-16,1000000.0,1000000.0,0.0
2007-01-17,1000000.0,1000000.0,0.0
2007-01-18,1000000.0,1000000.0,0.0
2007-01-19,1000000.0,1000000.0,0.0
2007-01-22,1000000.0,1000000.0,0.0
2007-01-23,1000000.0,1000000.0,0.0
2007-01-24,1000000.0,1000000.0,0.0
2007-01-25,1000000.0,1000000.0,0.0
2007-01-26,1000000.0,1000000.0,0.0
2007-01-29,1000000.0,1000000.0,0.0
2007-01-30,1000000.0,1000000.0,0.0
2007-01-31,1000000.0,1000000.0,0.0
2007-02-01,1000000.0,1000000.0,0.0
2007-02-02,1000000.0,1000000.0,0.0
2007-02-05,1000000.0,1000000.0,0.0
2007-02-06,1000000.0,1000000.0,0.0
2007-02-07,1000000.0,1000000.0,0.0
2007-02-08,1000000.0,1000000.0,0.0
2007-02-09,1000000.0,1000000.0,0.0
2007-02-12,1000000.0,1000000.0,0.0
2007-02-13,1000000.0,1000000.0,0.0
2007-02-14,1000000.0,1000000.0,0.0
2007-02-15,1000000.0,1000000.0,0.0
2007-02-16,1000000.0,1000000.0,0.0
2007-02-20,1000000.0,1000000.0,0.0
2007-02-21,1000000.0,1000000.0,0.0
2007-02-22,1000000.0,1000000.0,0.0
2007-02-23,1000000.0,1000000.0,0.0
2007-02-26,1000000.0,1000000.0,0.0
2007-02-27,1000000.0,1000000.0,0.0
2007-02-28,1000000.0,1000000.0,0.0
2007-03-01,1000000.0,1000000.0,0.0
2007-03-02,1000000.0,1000000.0,0.0
2007-03-05,1000000.0,1000000.0,0.0
2007-03-06,1000000.0,1000000.0,0.0
2007-03-07,1000000.0,1000000.0,0.0
2007-03-08,1000000.0,1000000.0,0.0
2007-03-09,1000000.0,1000000.0,0.0
2007-03-12,1000000.0,1000000.0,0.0
2007-03-13,1000000.0,1000000.0,0.0
2007-03-14,1000000.0,1000000.0,0.0
2007-03-15,1000000.0,1000000.0,0.0
2007-03-16,1000000.0,1000000.0,0.0
2007-03-19,1000000.0,1000000.0,0.0
2007-03-20,1000000.0,1000000.0,0.0
2007-03-21,1000000.0,1000000.0,0.0
2007-03-22,1000000.0,1000000.0,0.0
2007-03-23,1000000.0,1000000.0,0.0
2007-03-26,1000000.0,1000000.0,0.0
2007-03-27,1000000.0,1000000.0,0.0
2007-03-28,1000000.0,1000000.0,0.0
2007-03-29,1000000.0,1000000.0,0.0
2007-03-30,1000000.0,1000000.0,0.0
2007-04-02,1000000.0,1000000.0,0.0
2007-04-03,1000000.0,1000000.0,0.0
2007-04-04,1000000.0,1000000.0,0.0
2007-04-05,1000000.0,1000000.0,0.0
2007-04-09,1000000.0,1000000.0,0.0
2007-04-10,1000000.0,1000000.0,0.0
2007-04-11,1000000.0,1000000.0,0.0
2007-04-12,1000000.0,1000000.0,0.0
2007-04-13,1000000.0,1000000.0,0.0
2007-04-16,1000000.0,1000000.0,0.0
2007-04-17,1000000.0,1000000.0,0.0
2007-04-18,1000000.0,1000000.0,0.0
2007-04-19,1000000.0,1000000.0,0.0
2007-04-20,1000000.0,1000000.0,0.0
2007-04-23,1000000.0,1000000.0,0.0
2007-04-24,1000000.0,1000000.0,0.0
2007-04-25,1000000.0,1000000.0,0.0
2007-04-26,1000000.0,1000000.0,0.0
2007-04-27,1000000.0,1000000.0,0.0
2007-04-30,1000000.0,1000000.0,0.0
2007-05-01,1000000.0,1000000.0,0.0
2007-05-02,1000000.0,1000000.0,0.0
2007-05-03,1000000.0,1000000.0,0.0
2007-05-04,1000000.0,1000000.0,0.0
2007-05-07,1000000.0,1000000.0,0.0
2007-05-08,1000000.0,1000000.0,0.0
2007-05-09,1000000.0,1000000.0,0.0
2007-05-10,1000000.0,1000000.0,0.0
2007-05-11,1000000.0,1000000.0,0.0
2007-05-14,1000000.0,1000000.0,0.0
2007-05-15,1000000.0,1000000.0,0.0
2007-05-16,1000000.0,1000000.0,0.0
2007-05-17,1000000.0,1000000.0,0.0
2007-05-18,1000000.0,1000000.0,0.0
2007-05-21,1000000.0,1000000.0,0.0
2007-05-22,1000000.0,1000000.0,0.0
2007-05-23,1000000.0,1000000.0,0.0
2007-05-24,1000000.0,1000000.0,0.0
2007-05-25,1000000.0,1000000.0,0.0
2007-05-29,1000000.0,1000000.0,0.0
2007-05-30,1000000.0,1000000.0,0.0
2007-05-31,1000000.0,1000000.0,0.0
2007-06-01,1000000.0,1000000.0,0.0
2007-06-04,1000000.0,1000000.0,0.0
2007-06-05,1000000.0,1000000.0,0.0
2007-06-06,1000000.0,1000000.0,0.0
2007-06-07,1000000.0,1000000.0,0.0
2007-06-08,1000000.0,1000000.0,0.0
2007-06-11,1000000.0,1000000.0,0.0
2007-06-12,1000000.0,1000000.0,0.0
2007-06-13,1000000.0,1000000.0,0.0
2007-06-14,1000000.0,1000000.0,0.0
2007-06-15,1000000.0,1000000.0,0.0
2007-06-18,1000000.0,1000000.0,0.0
2007-06-19,1000000.0,1000000.0,0.0
2007-06-20,1000000.0,1000000.0,0.0
2007-06-21,1000000.0,1000000.0,0.0
2007-06-22,1000000.0,1000000.0,0.0
2007-06-25,1000000.0,1000000.0,0.0
2007-06-26,1000000.0,1000000.0,0.0
2007-06-27,1000000.0,1000000.0,0.0
2007-06-28,1000000.0,1000000.0,0.0
2007-06-29,1000000.0,1000000.0,0.0
2007-07-02,1000000.0,1000000.0,0.0
2007-07-03,1000000.0,1000000.0,0.0
2007-07-05,1000000.0,1000000.0,0.0
2007-07-06,1000000.0,1000000.0,0.0
2007-07-09,1000000.0,1000000.0,0.0
2007-07-10,1000000.0,1000000.0,0.0
2007-07-11,1000000.0,1000000.0,0.0
2007-07-12,1000000.0,1000000.0,0.0
2007-07-13,1000000.0,1000000.0,0.0
2007-07-16,1000000.0,1000000.0,0.0
2007-07-17,1000000.0,1000000.0,0.0
2007-07-18,1000000.0,1000000.0,0.0
2007-07-19,1000000.0,1000000.0,0.0
2007-07-20,1000000.0,1000000.0,0.0
2007-07-23,1000000.0,1000000.0,0.0
2007-07-24,1000000.0,1000000.0,0.0
2007-07-25,1000000.0,1000000.0,0.0
2007-07-26,1000000.0,1000000.0,0.0
2007-07-27,1000000.0,1000000.0,0.0
2007-07-30,1000000.0,1000000.0,0.0
2007-07-31,1000000.0,1000000.0,0.0
2007-08-01,1000000.0,1000000.0,0.0
2007-08-02,1000000.0,1000000.0,0.0
2007-08-03,1000000.0,1000000.0,0.0
2007-08-06,1000000.0,1000000.0,0.0
2007-08-07,1000000.0,1000000.0,0.0
2007-08-08,1000000.0,1000000.0,0.0
2007-08-09,1000000.0,1000000.0,0.0
2007-08-10,1000000.0,1000000.0,0.0
2007-08-13,1000000.0,1000000.0,0.0
2007-08-14,1000000.0,1000000.0,0.0
2007-08-15,1000000.0,1000000.0,0.0
2007-08-16,1000000.0,1000000.0,0.0
2007-08-17,1000000.0,1000000.0,0.0
2007-08-20,1000000.0,1000000.0,0.0
2007-08-21,1000000.0,1000000.0,0.0
2007-08-22,1000000.0,1000000.0,0.0
2007-08-23,1000000.0,1000000.0,0.0
2007-08-24,1000000.0,1000000.0,0.0
2007-08-27,1000000.0,1000000.0,0.0
2007-08-28,1000000.0,1000000.0,0.0
2007-08-29,1000000.0,1000000.0,0.0
2007-08-30,1000000.0,1000000.0,0.0
2007-08-31,1000000.0,1000000.0,0.0
2007-09-04,1000000.0,1000000.0,0.0
2007-09-05,1000000.0,1000000.0,0.0
2007-09-06,1000000.0,1000000.0,0.0
2007-09-07,1000000.0,1000000.0,0.0
2007-09-10,1000000.0,1000000.0,0.0
2007-09-11,1000000.0,1000000.0,0.0
2007-09-12,1000000.0,1000000.0,0.0
2007-09-13,1000000.0,1000000.0,0.0
2007-09-14,1000000.0,1000000.0,0.0
2007-09-17,1000000.0,1000000.0,0.0
2007-09-18,1000000.0,1000000.0,0.0
2007-09-19,1000000.0,1000000.0,0.0
2007-09-20,1000000.0,1000000.0,0.0
2007-09-21,1000000.0,1000000.0,0.0
2007-09-24,1000000.0,1000000.0,0.0
2007-09-25,1000000.0,1000000.0,0.0
2007-09-26,1000000.0,1000000.0,0.0
2007-09-27,1000000.0,1000000.0,0.0
2007-09-28,1000000.0,1000000.0,0.0
2007-10-01,1000000.0,1000000.0,0.0
2007-10-02,1000000.0,1000000.0,0.0
2007-10-03,1000000.0,1000000.0,0.0
2007-10-04,1000000.0,1000000.0,0.0
2007-10-05,1000000.0,1000000.0,0.0
2007-10-08,1000000.0,1000000.0,0.0
2007-10-09,1000000.0,1000000.0,0.0
2007-10-10,1000000.0,1000000.0,0.0
2007-10-11,1000000.0,1000000.0,0.0
2007-10-12,1000000.0,1000000.0,0.0
2007-10-15,1000000.0,1000000.0,0.0
2007-10-16,1000000.0,1000000.0,0.0
2007-10-17,1000000.0,1000000.0,0.0
2007-10-18,1000000.0,1000000.0,0.0
2007-10-19,1000000.0,1000000.0,0.0
2007-10-22,1000000.0,1000000.0,0.0
2007-10-23,1000000.0,1000000.0,0.0
2007-10-24,1000000.0,1000000.0,0.0
2007-10-25,1000000.0,1000000.0,0.0
2007-10-26,1000000.0,1000000.0,0.0
2007-10-29,1000000.0,1000000.0,0.0
2007-10-30,1000000.0,1000000.0,0.0
2007-10-31,1000000.0,1000000.0,0.0
2007-11-01,1000000.0,1000000.0,0.0
2007-11-02,1000000.0,1000000.0,0.0
2007-11-05,1000000.0,1000000.0,0.0
2007-11-06,1000000.0,1000000.0,0.0
2007-11-07,1000000.0,1000000.0,0.0
2007-11-08,1000000.0,1000000.0,0.0
2007-11-09,1000000.0,1000000.0,0.0
2007-11-12,1000000.0,1000000.0,0.0
2007-11-13,1000000.0,1000000.0,0.0
2007-11-14,1000000.0,1000000.0,0.0
2007-11-15,1000000.0,1000000.0,0.0
2007-11-16,1000000.0,1000000.0,0.0
2007-11-19,1000000.0,1000000.0,0.0
2007-11-20,1000000.0,1000000.0,0.0
2007-11-21,1000000.0,1000000.0,0.0
2007-11-23,1000000.0,1000000.0,0.0
2007-11-26,1000000.0,1000000.0,0.0
2007-11-27,1000000.0,1000000.0,0.0
2007-11-28,1000000.0,1000000.0,0.0
2007-11-29,1000000.0,1000000.0,0.0
2007-11-30,1000000.0,1000000.0,0.0
2007-12-03,1000000.0,1000000.0,0.0
2007-12-04,1000000.0,1000000.0,0.0
2007-12-05,1000000.0,1000000.0,0.0
2007-12-06,1000000.0,1000000.0,0.0
2007-12-07,1000000.0,1000000.0,0.0
2007-12-10,1000000.0,1000000.0,0.0
2007-12-11,1000000.0,1000000.0,0.0
2007-12-12,1000000.0,1000000.0,0.0
2007-12-13,1000000.0,1000000.0,0.0
2007-12-14,1000000.0,1000000.0,0.0
2007-12-17,1000000.0,1000000.0,0.0
2007-12-18,1000000.0,1000000.0,0.0
2007-12-19,1000000.0,1000000.0,0.0
2007-12-20,1000000.0,1000000.0,0.0
2007-12-21,1000000.0,1000000.0,0.0
2007-12-24,1000000.0,1000000.0,0.0
2007-12-26,1000000.0,1000000.0,0.0
2007-12-27,1000000.0,1000000.0,0.0
2007-12-28,1000000.0,1000000.0,0.0
2007-12-31,1000000.0,1000000.0,0.0
2008-01-02,1000000.0,1000000.0,0.0
2008-01-03,1000000.0,1000000.0,0.0
2008-01-04,1000000.0,1000000.0,0.0
2008-01-07,1000000.0,1000000.0,0.0
2008-01-08,1000000.0,1000000.0,0.0
2008-01-09,1000000.0,1000000.0,0.0
2008-01-10,1000000.0,1000000.0,0.0
2008-01-11,1000000.0,1000000.0,0.0
2008-01-14,1000000.0,1000000.0,0.0
2008-01-15,1000000.0,1000000.0,0.0
2008-01-16,1000000.0,1000000.0,0.0
2008-01-17,1000000.0,1000000.0,0.0
2008-01-18,1000000.0,1000000.0,0.0
2008-01-22,1000000.0,1000000.0,0.0
2008-01-23,1000000.0,1000000.0,0.0
2008-01-24,1000000.0,1000000.0,0.0
2008-01-25,1000000.0,1000000.0,0.0
2008-01-28,1000000.0,1000000.0,0.0
2008-01-29,1000000.0,1000000.0,0.0
2008-01-30,1000000.0,1000000.0,0.0
2008-01-31,1000000.0,1000000.0,0.0
2008-02-01,1000000.0,1000000.0,0.0
2008-02-04,1000000.0,1000000.0,0.0
2008-02-05,1000000.0,1000000.0,0.0
2008-02-06,1000000.0,1000000.0,0.0
2008-02-07,1000000.0,1000000.0,0.0
2008-02-08,1000000.0,1000000.0,0.0
2008-02-11,1000000.0,1000000.0,0.0
2008-02-12,1000000.0,1000000.0,0.0
2008-02-13,1000000.0,1000000.0,0.0
2008-02-14,1000000.0,1000000.0,0.0
2008-02-15,1000000.0,1000000.0,0.0
2008-02-19,1000000.0,1000000.0,0.0
2008-02-20,1000000.0,1000000.0,0.0
2008-02-21,1000000.0,1000000.0,0.0
2008-02-22,1000000.0,1000000.0,0.0
2008-02-25,1000000.0,1000000.0,0.0
2008-02-26,1000000.0,1000000.0,0.0
2008-02-27,1000000.0,1000000.0,0.0
2008-02-28,1000000.0,1000000.0,0.0
2008-02-29,1000000.0,1000000.0,0.0
2008-03-03,1000000.0,1000000.0,0.0
2008-03-04,1000000.0,1000000.0,0.0
2008-03-05,1000000.0,1000000.0,0.0
2008-03-06,1000000.0,1000000.0,0.0
2008-03-07,1000000.0,1000000.0,0.0
2008-03-10,1000000.0,1000000.0,0.0
2008-03-11,1000000.0,1000000.0,0.0
2008-03-12,1000000.0,1000000.0,0.0
2008-03-13,1000000.0,1000000.0,0.0
2008-03-14,1000000.0,1000000.0,0.0
2008-03-17,1000000.0,1000000.0,0.0
2008-03-18,1000000.0,1000000.0,0.0
2008-03-19,1000000.0,1000000.0,0.0
2008-03-20,1000000.0,1000000.0,0.0
2008-03-24,1000000.0,1000000.0,0.0
2008-03-25,1000000.0,1000000.0,0.0
2008-03-26,1000000.0,1000000.0,0.0
2008-03-27,1000000.0,1000000.0,0.0
2008-03-28,1000000.0,1000000.0,0.0
2008-03-31,1000000.0,1000000.0,0.0
2008-04-01,1000000.0,1000000.0,0.0
2008-04-02,1000000.0,1000000.0,0.0
2008-04-03,1000000.0,1000000.0,0.0
2008-04-04,1000000.0,1000000.0,0.0
2008-04-07,1000000.0,1000000.0,0.0
2008-04-08,1000000.0,1000000.0,0.0
2008-04-09,1000000.0,1000000.0,0.0
2008-04-10,1000000.0,1000000.0,0.0
2008-04-11,1000000.0,1000000.0,0.0
2008-04-14,1000000.0,1000000.0,0.0
2008-04-15,1000000.0,1000000.0,0.0
2008-04-16,1000000.0,1000000.0,0.0
2008-04-17,1000000.0,1000000.0,0.0
2008-04-18,1000000.0,1000000.0,0.0
2008-04-21,1000000.0,1000000.0,0.0
2008-04-22,1000000.0,1000000.0,0.0
2008-04-23,1000000.0,1000000.0,0.0
2008-04-24,1000000.0,1000000.0,0.0
2008-04-25,1000000.0,1000000.0,0.0
2008-04-28,1000000.0,1000000.0,0.0
2008-04-29,1000000.0,1000000.0,0.0
2008-04-30,1000000.0,1000000.0,0.0
2008-05-01,1000000.0,1000000.0,0.0
2008-05-02,1000000.0,1000000.0,0.0
2008-05-05,1000000.0,1000000.0,0.0
2008-05-06,1000000.0,1000000.0,0.0
2008-05-07,1000000.0,1000000.0,0.0
2008-05-08,1000000.0,1000000.0,0.0
2008-05-09,1000000.0,1000000.0,0.0
2008-05-12,1000000.0,1000000.0,0.0
2008-05-13,1000000.0,1000000.0,0.0
2008-05-14,1000000.0,1000000.0,0.0
2008-05-15,1000000.0,1000000.0,0.0
2008-05-16,1000000.0,1000000.0,0.0
2008-05-19,1000000.0,1000000.0,0.0
2008-05-20,1000000.0,1000000.0,0.0
2008-05-21,1000000.0,1000000.0,0.0
2008-05-22,1000000.0,1000000.0,0.0
2008-05-23,1000000.0,1000000.0,0.0
2008-05-27,1000000.0,1000000.0,0.0
2008-05-28,1000000.0,1000000.0,0.0
2008-05-29,1000000.0,1000000.0,0.0
2008-05-30,1000000.0,1000000.0,0.0
2008-06-02,1000000.0,1000000.0,0.0
2008-06-03,1000000.0,1000000.0,0.0
2008-06-04,1000000.0,1000000.0,0.0
2008-06-05,1000000.0,1000000.0,0.0
2008-06-06,1000000.0,1000000.0,0.0
2008-06-09,1000000.0,1000000.0,0.0
2008-06-10,1000000.0,1000000.0,0.0
2008-06-11,1000000.0,1000000.0,0.0
2008-06-12,1000000.0,1000000.0,0.0
2008-06-13,1000000.0,1000000.0,0.0
2008-06-16,1000000.0,1000000.0,0.0
2008-06-17,1000000.0,1000000.0,0.0
2008-06-18,1000000.0,1000000.0,0.0
2008-06-19,1000000.0,1000000.0,0.0
2008-06-20,1000000.0,1000000.0,0.0
2008-06-23,1000000.0,1000000.0,0.0
2008-06-24,1000000.0,1000000.0,0.0
2008-06-25,1000000.0,1000000.0,0.0
2008-06-26,1000000.0,1000000.0,0.0
2008-06-27,1000000.0,1000000.0,0.0
2008-06-30,1000000.0,1000000.0,0.0
2008-07-01,1000000.0,1000000.0,0.0
2008-07-02,1000000.0,1000000.0,0.0
2008-07-03,1000000.0,1000000.0,0.0
2008-07-07,1000000.0,1000000.0,0.0
2008-07-08,1000000.0,1000000.0,0.0
2008-07-09,1000000.0,1000000.0,0.0
2008-07-10,1000000.0,1000000.0,0.0
2008-07-11,1000000.0,1000000.0,0.0
2008-07-14,1000000.0,1000000.0,0.0
2008-07-15,1000000.0,1000000.0,0.0
2008-07-16,1000000.0,1000000.0,0.0
2008-07-17,1000000.0,1000000.0,0.0
2008-07-18,1000000.0,1000000.0,0.0
2008-07-21,1000000.0,1000000.0,0.0
2008-07-22,1000000.0,1000000.0,0.0
2008-07-23,1000000.0,1000000.0,0.0
2008-07-24,1000000.0,1000000.0,0.0
2008-07-25,1000000.0,1000000.0,0.0
2008-07-28,1000000.0,1000000.0,0.0
2008-07-29,1000000.0,1000000.0,0.0
2008-07-30,1000000.0,1000000.0,0.0
2008-07-31,1000000.0,1000000.0,0.0
2008-08-01,1000000.0,1000000.0,0.0
2008-08-04,1000000.0,1000000.0,0.0
2008-08-05,1000000.0,1000000.0,0.0
2008-08-06,1000000.0,1000000.0,0.0
2008-08-07,1000000.0,1000000.0,0.0
2008-08-08,1000000.0,1000000.0,0.0
2008-08-11,1000000.0,1000000.0,0.0
2008-08-12,1000000.0,1000000.0,0.0
2008-08-13,1000000.0,1000000.0,0.0
2008-08-14,1000000.0,1000000.0,0.0
2008-08-15,1000000.0,1000000.0,0.0
2008-08-18,1000000.0,1000000.0,0.0
2008-08-19,1000000.0,1000000.0,0.0
2008-08-20,1000000.0,1000000.0,0.0
2008-08-21,1000000.0,1000000.0,0.0
2008-08-22,1000000.0,1000000.0,0.0
2008-08-25,1000000.0,1000000.0,0.0
2008-08-26,1000000.0,1000000.0,0.0
2008-08-27,1000000.0,1000000.0,0.0
2008-08-28,1000000.0,1000000.0,0.0
2008-08-29,1000000.0,1000000.0,0.0
2008-09-02,1000000.0,1000000.0,0.0
2008-09-03,1000000.0,1000000.0,0.0
2008-09-04,1000000.0,1000000.0,0.0
2008-09-05,1000000.0,1000000.0,0.0
2008-09-08,1000000.0,1000000.0,0.0
2008-09-09,1000000.0,1000000.0,0.0
2008-09-10,1000000.0,1000000.0,0.0
2008-09-11,1000000.0,1000000.0,0.0
2008-09-12,1000000.0,1000000.0,0.0
2008-09-15,1000000.0,1000000.0,0.0
2008-09-16,1000000.0,1000000.0,0.0
2008-09-17,1000000.0,1000000.0,0.0
2008-09-18,1000000.0,1000000.0,0.0
2008-09-19,1000000.0,1000000.0,0.0
2008-09-22,1000000.0,1000000.0,0.0
2008-09-23,1000000.0,1000000.0,0.0
2008-09-24,1000000.0,1000000.0,0.0
2008-09-25,1000000.0,1000000.0,0.0
2008-09-26,1000000.0,1000000.0,0.0
2008-09-29,1000000.0,1000000.0,0.0
2008-09-30,1000000.0,1000000.0,0.0
2008-10-01,1000000.0,1000000.0,0.0
2008-10-02,1000000.0,1000000.0,0.0
2008-10-03,1000000.0,1000000.0,0.0
2008-10-06,1000000.0,1000000.0,0.0
2008-10-07,1000000.0,1000000.0,0.0
2008-10-08,1000000.0,1000000.0,0.0
2008-10-09,1000000.0,1000000.0,0.0
2008-10-10,1000000.0,1000000.0,0.0
2008-10-13,1000000.0,1000000.0,0.0
2008-10-14,1000000.0,1000000.0,0.0
2008-10-15,1000000.0,1000000.0,0.0
2008-10-16,1000000.0,1000000.0,0.0
2008-10-17,1000000.0,1000000.0,0.0
2008-10-20,1000000.0,1000000.0,0.0
2008-10-21,1000000.0,1000000.0,0.0
2008-10-22,1000000.0,1000000.0,0.0
2008-10-23,1000000.0,1000000.0,0.0
2008-10-24,1000000.0,1000000.0,0.0
2008-10-27,1000000.0,1000000.0,0.0
2008-10-28,1000000.0,1000000.0,0.0
2008-10-29,1000000.0,1000000.0,0.0
2008-10-30,1000000.0,1000000.0,0.0
2008-10-31,1000000.0,1000000.0,0.0
2008-11-03,1000000.0,1000000.0,0.0
2008-11-04,1000000.0,1000000.0,0.0
2008-11-05,1000000.0,1000000.0,0.0
2008-11-06,1000000.0,1000000.0,0.0
2008-11-07,1000000.0,1000000.0,0.0
2008-11-10,1000000.0,1000000.0,0.0
2008-11-11,1000000.0,1000000.0,0.0
2008-11-12,1000000.0,1000000.0,0.0
2008-11-13,1000000.0,1000000.0,0.0
2008-11-14,1000000.0,1000000.0,0.0
2008-11-17,1000000.0,1000000.0,0.0
2008-11-18,1000000.0,1000000.0,0.0
2008-11-19,1000000.0,1000000.0,0.0
2008-11-20,1000000.0,1000000.0,0.0
2008-11-21,1000000.0,1000000.0,0.0
2008-11-24,1000000.0,1000000.0,0.0
2008-11-25,1000000.0,1000000.0,0.0
2008-11-26,1000000.0,1000000.0,0.0
2008-11-28,1000000.0,1000000.0,0.0
2008-12-01,1000000.0,1000000.0,0.0
2008-12-02,1000000.0,1000000.0,0.0
2008-12-03,1000000.0,1000000.0,0.0
2008-12-04,1000000.0,1000000.0,0.0
2008-12-05,1000000.0,1000000.0,0.0
2008-12-08,1000000.0,1000000.0,0.0
2008-12-09,1000000.0,1000000.0,0.0
2008-12-10,1000000.0,1000000.0,0.0
2008-12-11,1000000.0,1000000.0,0.0
2008-12-12,1000000.0,1000000.0,0.0
2008-12-15,1000000.0,1000000.0,0.0
2008-12-16,1000000.0,1000000.0,0.0
2008-12-17,1000000.0,1000000.0,0.0
2008-12-18,1000000.0,1000000.0,0.0
2008-12-19,1000000.0,1000000.0,0.0
2008-12-22,1000000.0,1000000.0,0.0
2008-12-23,1000000.0,1000000.0,0.0
2008-12-24,1000000.0,1000000.0,0.0
2008-12-26,1000000.0,1000000.0,0.0
2008-12-29,1000000.0,1000000.0,0.0
2008-12-30,1000000.0,1000000.0,0.0
2008-12-31,1000000.0,1000000.0,0.0
2009-01-02,1000000.0,1000000.0,0.0
2009-01-05,1000000.0,1000000.0,0.0
2009-01-06,1000000.0,1000000.0,0.0
2009-01-07,1000000.0,1000000.0,0.0
2009-01-08,1000000.0,1000000.0,0.0
2009-01-09,1000000.0,1000000.0,0.0
2009-01-12,1000000.0,1000000.0,0.0
2009-01-13,1000000.0,1000000.0,0.0
2009-01-14,1000000.0,1000000.0,0.0
2009-01-15,1000000.0,1000000.0,0.0
2009-01-16,1000000.0,1000000.0,0.0
2009-01-20,1000000.0,1000000.0,0.0
2009-01-21,1000000.0,1000000.0,0.0
2009-01-22,1000000.0,1000000.0,0.0
2009-01-23,1000000.0,1000000.0,0.0
2009-01-26,1000000.0,1000000.0,0.0
2009-01-27,1000000.0,1000000.0,0.0
2009-01-28,1000000.0,1000000.0,0.0
2009-01-29,1000000.0,1000000.0,0.0
2009-01-30,1000000.0,1000000.0,0.0
2009-02-02,1000000.0,1000000.0,0.0
2009-02-03,1000000.0,1000000.0,0.0
2009-02-04,1000000.0,1000000.0,0.0
2009-02-05,1000000.0,1000000.0,0.0
2009-02-06,1000000.0,1000000.0,0.0
2009-02-09,1000000.0,1000000.0,0.0
2009-02-10,1000000.0,1000000.0,0.0
2009-02-11,1000000.0,1000000.0,0.0
2009-02-12,1000000.0,1000000.0,0.0
2009-02-13,1000000.0,1000000.0,0.0
2009-02-17,1000000.0,1000000.0,0.0
2009-02-18,1000000.0,1000000.0,0.0
2009-02-19,1000000.0,1000000.0,0.0
2009-02-20,1000000.0,1000000.0,0.0
2009-02-23,1000000.0,1000000.0,0.0
2009-02-24,1000000.0,1000000.0,0.0
2009-02-25,1000000.0,1000000.0,0.0
2009-02-26,1000000.0,1000000.0,0.0
2009-02-27,1000000.0,1000000.0,0.0
2009-03-02,1000000.0,1000000.0,0.0
2009-03-03,1000000.0,1000000.0,0.0
2009-03-04,1000000.0,1000000.0,0.0
2009-03-05,1000000.0,1000000.0,0.0
2009-03-06,1000000.0,1000000.0,0.0
2009-03-09,1000000.0,1000000.0,0.0
2009-03-10,1000000.0,1000000.0,0.0
2009-03-11,1000000.0,1000000.0,0.0
2009-03-12,1000000.0,1000000.0,0.0
2009-03-13,1000000.0,1000000.0,0.0
2009-03-16,1000000.0,1000000.0,0.0
2009-03-17,1000000.0,1000000.0,0.0
2009-03-18,1000000.0,1000000.0,0.0
2009-03-19,1000000.0,1000000.0,0.0
2009-03-20,1000000.0,1000000.0,0.0
2009-03-23,1000000.0,1000000.0,0.0
2009-03-24,1000000.0,1000000.0,0.0
2009-03-25,1000000.0,1000000.0,0.0
2009-03-26,1000000.0,1000000.0,0.0
2009-03-27,1000000.0,1000000.0,0.0
2009-03-30,1000000.0,1000000.0,0.0
2009-03-31,1000000.0,1000000.0,0.0
2009-04-01,1000000.0,1000000.0,0.0
2009-04-02,1000000.0,1000000.0,0.0
2009-04-03,1000000.0,1000000.0,0.0
2009-04-06,1000000.0,1000000.0,0.0
2009-04-07,1000000.0,1000000.0,0.0
2009-04-08,1000000.0,1000000.0,0.0
2009-04-09,1000000.0,1000000.0,0.0
2009-04-13,1000000.0,1000000.0,0.0
2009-04-14,1000000.0,1000000.0,0.0
2009-04-15,1000000.0,1000000.0,0.0
2009-04-16,1000000.0,1000000.0,0.0
2009-04-17,1000000.0,1000000.0,0.0
2009-04-20,1000000.0,1000000.0,0.0
2009-04-21,1000000.0,1000000.0,0.0
2009-04-22,1000000.0,1000000.0,0.0
2009-04-23,1000000.0,1000000.0,0.0
2009-04-24,1000000.0,1000000.0,0.0
2009-04-27,1000000.0,1000000.0,0.0
2009-04-28,1000000.0,1000000.0,0.0
2009-04-29,1000000.0,1000000.0,0.0
2009-04-30,1000000.0,1000000.0,0.0
2009-05-01,1000000.0,1000000.0,0.0
2009-05-04,1000000.0,1000000.0,0.0
2009-05-05,1000000.0,1000000.0,0.0
2009-05-06,1000000.0,1000000.0,0.0
2009-05-07,1000000.0,1000000.0,0.0
2009-05-08,1000000.0,1000000.0,0.0
2009-05-11,1000000.0,1000000.0,0.0
2009-05-12,1000000.0,1000000.0,0.0
2009-05-13,1000000.0,1000000.0,0.0
2009-05-14,1000000.0,1000000.0,0.0
2009-05-15,1000000.0,1000000.0,0.0
2009-05-18,1000000.0,1000000.0,0.0
2009-05-19,1000000.0,1000000.0,0.0
2009-05-20,1000000.0,1000000.0,0.0
2009-05-21,1000000.0,1000000.0,0.0
2009-05-22,1000000.0,1000000.0,0.0
2009-05-26,1000000.0,1000000.0,0.0
2009-05-27,1000000.0,1000000.0,0.0
2009-05-28,1000000.0,1000000.0,0.0
2009-05-29,1000000.0,1000000.0,0.0
2009-06-01,1000000.0,1000000.0,0.0
2009-06-02,1000000.0,1000000.0,0.0
2009-06-03,1000000.0,1000000.0,0.0
2009-06-04,1000000.0,1000000.0,0.0
2009-06-05,1000000.0,1000000.0,0.0
2009-06-08,1000000.0,1000000.0,0.0
2009-06-09,1000000.0,1000000.0,0.0
2009-06-10,1000000.0,1000000.0,0.0
2009-06-11,1000000.0,1000000.0,0.0
2009-06-12,1000000.0,1000000.0,0.0
2009-06-15,1000000.0,1000000.0,0.0
2009-06-16,1000000.0,1000000.0,0.0
2009-06-17,1000000.0,1000000.0,0.0
2009-06-18,1000000.0,1000000.0,0.0
2009-06-19,1000000.0,1000000.0,0.0
2009-06-22,1000000.0,1000000.0,0.0
2009-06-23,1000000.0,1000000.0,0.0
2009-06-24,1000000.0,1000000.0,0.0
2009-06-25,1000000.0,1000000.0,0.0
2009-06-26,1000000.0,1000000.0,0.0
2009-06-29,1000000.0,1000000.0,0.0
2009-06-30,1000000.0,1000000.0,0.0
2009-07-01,1000000.0,1000000.0,0.0
2009-07-02,1000000.0,1000000.0,0.0
2009-07-06,1000000.0,1000000.0,0.0
2009-07-07,1000000.0,1000000.0,0.0
2009-07-08,1000000.0,1000000.0,0.0
2009-07-09,1000000.0,1000000.0,0.0
2009-07-10,1000000.0,1000000.0,0.0
2009-07-13,1000000.0,1000000.0,0.0
2009-07-14,1000000.0,1000000.0,0.0
2009-07-15,1000000.0,1000000.0,0.0
2009-07-16,1000000.0,1000000.0,0.0
2009-07-17,1000000.0,1000000.0,0.0
2009-07-20,1000000.0,1000000.0,0.0
2009-07-21,1000000.0,1000000.0,0.0
2009-07-22,1000000.0,1000000.0,0.0
2009-07-23,1000000.0,1000000.0,0.0
2009-07-24,1000000.0,1000000.0,0.0
2009-07-27,1000000.0,1000000.0,0.0
2009-07-28,1000000.0,1000000.0,0.0
2009-07-29,1000000.0,1000000.0,0.0
2009-07-30,1000000.0,1000000.0,0.0
2009-07-31,1000000.0,1000000.0,0.0
2009-08-03,1000000.0,1000000.0,0.0
2009-08-04,1000000.0,1000000.0,0.0
2009-08-05,1000000.0,1000000.0,0.0
2009-08-06,1000000.0,1000000.0,0.0
2009-08-07,1000000.0,1000000.0,0.0
2009-08-10,1000000.0,1000000.0,0.0
2009-08-11,1000000.0,1000000.0,0.0
2009-08-12,1000000.0,1000000.0,0.0
2009-08-13,1000000.0,1000000.0,0.0
2009-08-14,1000000.0,1000000.0,0.0
2009-08-17,1000000.0,1000000.0,0.0
2009-08-18,1000000.0,1000000.0,0.0
2009-08-19,1000000.0,1000000.0,0.0
2009-08-20,1000000.0,1000000.0,0.0
2009-08-21,1000000.0,1000000.0,0.0
2009-08-24,1000000.0,1000000.0,0.0
2009-08-25,1000000.0,1000000.0,0.0
2009-08-26,1000000.0,1000000.0,0.0
2009-08-27,1000000.0,1000000.0,0.0
2009-08-28,1000000.0,1000000.0,0.0
2009-08-31,1000000.0,1000000.0,0.0
2009-09-01,1000000.0,1000000.0,0.0
2009-09-02,1000000.0,1000000.0,0.0
2009-09-03,1000000.0,1000000.0,0.0
2009-09-04,1000000.0,1000000.0,0.0
2009-09-08,1000000.0,1000000.0,0.0
2009-09-09,1000000.0,1000000.0,0.0
2009-09-10,1000000.0,1000000.0,0.0
2009-09-11,1000000.0,1000000.0,0.0
2009-09-14,1000000.0,1000000.0,0.0
2009-09-15,1000000.0,1000000.0,0.0
2009-09-16,1000000.0,1000000.0,0.0
2009-09-17,1000000.0,1000000.0,0.0
2009-09-18,1000000.0,1000000.0,0.0
2009-09-21,1000000.0,1000000.0,0.0
2009-09-22,1000000.0,1000000.0,0.0
2009-09-23,1000000.0,1000000.0,0.0
2009-09-24,1000000.0,1000000.0,0.0
2009-09-25,1000000.0,1000000.0,0.0
2009-09-28,1000000.0,1000000.0,0.0
2009-09-29,1000000.0,1000000.0,0.0
2009-09-30,1000000.0,1000000.0,0.0
2009-10-01,1000000.0,1000000.0,0.0
2009-10-02,1000000.0,1000000.0,0.0
2009-10-05,1000000.0,1000000.0,0.0
2009-10-06,1000000.0,1000000.0,0.0
2009-10-07,1000000.0,1000000.0,0.0
2009-10-08,1000000.0,1000000.0,0.0
2009-10-09,1000000.0,1000000.0,0.0
2009-10-12,1000000.0,1000000.0,0.0
2009-10-13,1000000.0,1000000.0,0.0
2009-10-14,1000000.0,1000000.0,0.0
2009-10-15,1000000.0,1000000.0,0.0
2009-10-16,1000000.0,1000000.0,0.0
2009-10-19,1000000.0,1000000.0,0.0
2009-10-20,1000000.0,1000000.0,0.0
2009-10-21,1000000.0,1000000.0,0.0
2009-10-22,1000000.0,1000000.0,0.0
2009-10-23,1000000.0,1000000.0,0.0
2009-10-26,1000000.0,1000000.0,0.0
2009-10-27,1000000.0,1000000.0,0.0
2009-10-28,1000000.0,1000000.0,0.0
2009-10-29,1000000.0,1000000.0,0.0
2009-10-30,1000000.0,1000000.0,0.0
2009-11-02,1000000.0,1000000.0,0.0
2009-11-03,1000000.0,1000000.0,0.0
2009-11-04,1000000.0,1000000.0,0.0
2009-11-05,1000000.0,1000000.0,0.0
2009-11-06,1000000.0,1000000.0,0.0
2009-11-09,1000000.0,1000000.0,0.0
2009-11-10,1000000.0,1000000.0,0.0
2009-11-11,1000000.0,1000000.0,0.0
2009-11-12,1000000.0,1000000.0,0.0
2009-11-13,1000000.0,1000000.0,0.0
2009-11-16,1000000.0,1000000.0,0.0
2009-11-17,1000000.0,1000000.0,0.0
2009-11-18,1000000.0,1000000.0,0.0
2009-11-19,1000000.0,1000000.0,0.0
2009-11-20,1000000.0,1000000.0,0.0
2009-11-23,1000000.0,1000000.0,0.0
2009-11-24,1000000.0,1000000.0,0.0
2009-11-25,1000000.0,1000000.0,0.0
2009-11-27,1000000.0,1000000.0,0.0
2009-11-30,1000000.0,1000000.0,0.0
2009-12-01,1000000.0,1000000.0,0.0
2009-12-02,1000000.0,1000000.0,0.0
2009-12-03,1000000.0,1000000.0,0.0
2009-12-04,1000000.0,1000000.0,0.0
2009-12-07,1000000.0,1000000.0,0.0
2009-12-08,1000000.0,1000000.0,0.0
2009-12-09,1000000.0,1000000.0,0.0
2009-12-10,1000000.0,1000000.0,0.0
2009-12-11,1000000.0,1000000.0,0.0
2009-12-14,1000000.0,1000000.0,0.0
2009-12-15,1000000.0,1000000.0,0.0
2009-12-16,1000000.0,1000000.0,0.0
2009-12-17,1000000.0,1000000.0,0.0
2009-12-18,1000000.0,1000000.0,0.0
2009-12-21,1000000.0,1000000.0,0.0
2009-12-22,1000000.0,1000000.0,0.0
2009-12-23,1000000.0,1000000.0,0.0
2009-12-24,1000000.0,1000000.0,0.0
2009-12-28,1000000.0,1000000.0,0.0
2009-12-29,1000000.0,1000000.0,0.0
2009-12-30,1000000.0,1000000.0,0.0
2009-12-31,1000000.0,1000000.0,0.0
2010-01-04,1000000.0,1000000.0,0.0
2010-01-05,1000000.0,1000000.0,0.0
2010-01-06,1000000.0,1000000.0,0.0
2010-01-07,1000000.0,1000000.0,0.0
2010-01-08,1000000.0,1000000.0,0.0
2010-01-11,1000000.0,1000000.0,0.0
2010-01-12,1000000.0,1000000.0,0.0
2010-01-13,1000000.0,1000000.0,0.0
2010-01-14,1000000.0,1000000.0,0.0
2010-01-15,1000000.0,1000000.0,0.0
2010-01-19,1000000.0,1000000.0,0.0
2010-01-20,1000000.0,1000000.0,0.0
2010-01-21,1000000.0,1000000.0,0.0
2010-01-22,1000000.0,1000000.0,0.0
2010-01-25,1000000.0,1000000.0,0.0
2010-01-26,1000000.0,1000000.0,0.0
2010-01-27,1000000.0,1000000.0,0.0
2010-01-28,1000000.0,1000000.0,0.0
2010-01-29,1000000.0,1000000.0,0.0
2010-02-01,1000000.0,1000000.0,0.0
2010-02-02,1000000.0,1000000.0,0.0
2010-02-03,1000000.0,1000000.0,0.0
2010-02-04,1000000.0,1000000.0,0.0
2010-02-05,1000000.0,1000000.0,0.0
2010-02-08,1000000.0,1000000.0,0.0
2010-02-09,1000000.0,1000000.0,0.0
2010-02-10,1000000.0,1000000.0,0.0
2010-02-11,1000000.0,1000000.0,0.0
2010-02-12,1000000.0,1000000.0,0.0
2010-02-16,1000000.0,1000000.0,0.0
2010-02-17,1000000.0,1000000.0,0.0
2010-02-18,1000000.0,1000000.0,0.0
2010-02-19,1000000.0,1000000.0,0.0
2010-02-22,1000000.0,1000000.0,0.0
2010-02-23,1000000.0,1000000.0,0.0
2010-02-24,1000000.0,1000000.0,0.0
2010-02-25,1000000.0,1000000.0,0.0
2010-02-26,1000000.0,1000000.0,0.0
2010-03-01,1000000.0,1000000.0,0.0
2010-03-02,1000000.0,1000000.0,0.0
2010-03-03,1000000.0,1000000.0,0.0
2010-03-04,1000000.0,1000000.0,0.0
2010-03-05,1000000.0,1000000.0,0.0
2010-03-08,1000000.0,1000000.0,0.0
2010-03-09,1000000.0,1000000.0,0.0
2010-03-10,1000000.0,1000000.0,0.0
2010-03-11,1000000.0,1000000.0,0.0
2010-03-12,1000000.0,1000000.0,0.0
2010-03-15,1000000.0,1000000.0,0.0
2010-03-16,1000000.0,1000000.0,0.0
2010-03-17,1000000.0,1000000.0,0.0
2010-03-18,1000000.0,1000000.0,0.0
2010-03-19,1000000.0,1000000.0,0.0
2010-03-22,1000000.0,1000000.0,0.0
2010-03-23,1000000.0,1000000.0,0.0
2010-03-24,1000000.0,1000000.0,0.0
2010-03-25,1000000.0,1000000.0,0.0
2010-03-26,1000000.0,1000000.0,0.0
2010-03-29,1000000.0,1000000.0,0.0
2010-03-30,1000000.0,1000000.0,0.0
2010-03-31,1000000.0,1000000.0,0.0
2010-04-01,1000000.0,1000000.0,0.0
2010-04-05,1000000.0,1000000.0,0.0
2010-04-06,1000000.0,1000000.0,0.0
2010-04-07,1000000.0,1000000.0,0.0
2010-04-08,1000000.0,1000000.0,0.0
2010-04-09,1000000.0,1000000.0,0.0
2010-04-12,1000000.0,1000000.0,0.0
2010-04-13,1000000.0,1000000.0,0.0
2010-04-14,1000000.0,1000000.0,0.0
2010-04-15,1000000.0,1000000.0,0.0
2010-04-16,1000000.0,1000000.0,0.0
2010-04-19,1000000.0,1000000.0,0.0
2010-04-20,1000000.0,1000000.0,0.0
2010-04-21,1000000.0,1000000.0,0.0
2010-04-22,1000000.0,1000000.0,0.0
2010-04-23,1000000.0,1000000.0,0.0
2010-04-26,1000000.0,1000000.0,0.0
2010-04-27,1000000.0,1000000.0,0.0
2010-04-28,1000000.0,1000000.0,0.0
2010-04-29,1000000.0,1000000.0,0.0
2010-04-30,1000000.0,1000000.0,0.0
2010-05-03,1000000.0,1000000.0,0.0
2010-05-04,1000000.0,1000000.0,0.0
2010-05-05,1000000.0,1000000.0,0.0
2010-05-06,1000000.0,1000000.0,0.0
2010-05-07,1000000.0,1000000.0,0.0
2010-05-10,1000000.0,1000000.0,0.0
2010-05-11,1000000.0,1000000.0,0.0
2010-05-12,1000000.0,1000000.0,0.0
2010-05-13,1000000.0,1000000.0,0.0
2010-05-14,1000000.0,1000000.0,0.0
2010-05-17,1000000.0,1000000.0,0.0
2010-05-18,1000000.0,1000000.0,0.0
2010-05-19,1000000.0,1000000.0,0.0
2010-05-20,1000000.0,1000000.0,0.0
2010-05-21,1000000.0,1000000.0,0.0
2010-05-24,1000000.0,1000000.0,0.0
2010-05-25,1000000.0,1000000.0,0.0
2010-05-26,1000000.0,1000000.0,0.0
2010-05-27,1000000.0,1000000.0,0.0
2010-05-28,1000000.0,1000000.0,0.0
2010-06-01,1000000.0,1000000.0,0.0
2010-06-02,1000000.0,1000000.0,0.0
2010-06-03,1000000.0,1000000.0,0.0
2010-06-04,1000000.0,1000000.0,0.0
2010-06-07,1000000.0,1000000.0,0.0
2010-06-08,1000000.0,1000000.0,0.0
2010-06-09,1000000.0,1000000.0,0.0
2010-06-10,1000000.0,1000000.0,0.0
2010-06-11,1000000.0,1000000.0,0.0
2010-06-14,1000000.0,1000000.0,0.0
2010-06-15,1000000.0,1000000.0,0.0
2010-06-16,1000000.0,1000000.0,0.0
2010-06-17,1000000.0,1000000.0,0.0
2010-06-18,1000000.0,1000000.0,0.0
2010-06-21,1000000.0,1000000.0,0.0
2010-06-22,1000000.0,1000000.0,0.0
2010-06-23,1000000.0,1000000.0,0.0
2010-06-24,1000000.0,1000000.0,0.0
2010-06-25,1000000.0,1000000.0,0.0
2010-06-28,1000000.0,1000000.0,0.0
2010-06-29,1000000.0,1000000.0,0.0
2010-06-30,1000000.0,1000000.0,0.0
2010-07-01,1000000.0,1000000.0,0.0
2010-07-02,1000000.0,1000000.0,0.0
2010-07-06,1000000.0,1000000.0,0.0
2010-07-07,1000000.0,1000000.0,0.0
2010-07-08,1000000.0,1000000.0,0.0
2010-07-09,1000000.0,1000000.0,0.0
2010-07-12,1000000.0,1000000.0,0.0
2010-07-13,1000000.0,1000000.0,0.0
2010-07-14,1000000.0,1000000.0,0.0
2010-07-15,1000000.0,1000000.0,0.0
2010-07-16,1000000.0,1000000.0,0.0
2010-07-19,1000000.0,1000000.0,0.0
2010-07-20,1000000.0,1000000.0,0.0
2010-07-21,1000000.0,1000000.0,0.0
2010-07-22,1000000.0,1000000.0,0.0
2010-07-23,1000000.0,1000000.0,0.0
2010-07-26,1000000.0,1000000.0,0.0
2010-07-27,1000000.0,1000000.0,0.0
2010-07-28,1000000.0,1000000.0,0.0
2010-07-29,1000000.0,1000000.0,0.0
2010-07-30,1000000.0,1000000.0,0.0
2010-08-02,1000000.0,1000000.0,0.0
2010-08-03,1000000.0,1000000.0,0.0
2010-08-04,1000000.0,1000000.0,0.0
2010-08-05,1000000.0,1000000.0,0.0
2010-08-06,1000000.0,1000000.0,0.0
2010-08-09,1000000.0,1000000.0,0.0
2010-08-10,1000000.0,1000000.0,0.0
2010-08-11,1000000.0,1000000.0,0.0
2010-08-12,1000000.0,1000000.0,0.0
2010-08-13,1000000.0,1000000.0,0.0
2010-08-16,1000000.0,1000000.0,0.0
2010-08-17,1000000.0,1000000.0,0.0
2010-08-18,1000000.0,1000000.0,0.0
2010-08-19,1000000.0,1000000.0,0.0
2010-08-20,1000000.0,1000000.0,0.0
2010-08-23,1000000.0,1000000.0,0.0
2010-08-24,1000000.0,1000000.0,0.0
2010-08-25,1000000.0,1000000.0,0.0
2010-08-26,1000000.0,1000000.0,0.0
2010-08-27,1000000.0,1000000.0,0.0
2010-08-30,1000000.0,1000000.0,0.0
2010-08-31,1000000.0,1000000.0,0.0
2010-09-01,1000000.0,1000000.0,0.0
2010-09-02,1000000.0,1000000.0,0.0
2010-09-03,1000000.0,1000000.0,0.0
2010-09-07,1000000.0,1000000.0,0.0
2010-09-08,1000000.0,1000000.0,0.0
2010-09-09,1000000.0,1000000.0,0.0
2010-09-10,1000000.0,1000000.0,0.0
2010-09-13,1000000.0,1000000.0,0.0
2010-09-14,1000000.0,1000000.0,0.0
2010-09-15,1000000.0,1000000.0,0.0
2010-09-16,1000000.0,1000000.0,0.0
2010-09-17,1000000.0,1000000.0,0.0
2010-09-20,1000000.0,1000000.0,0.0
2010-09-21,1000000.0,1000000.0,0.0
2010-09-22,1000000.0,1000000.0,0.0
2010-09-23,1000000.0,1000000.0,0.0
2010-09-24,1000000.0,1000000.0,0.0
2010-09-27,1000000.0,1000000.0,0.0
2010-09-28,1000000.0,1000000.0,0.0
2010-09-29,1000000.0,1000000.0,0.0
2010-09-30,1000000.0,1000000.0,0.0
2010-10-01,1000000.0,1000000.0,0.0
2010-10-04,1000000.0,1000000.0,0.0
2010-10-05,1000000.0,1000000.0,0.0
2010-10-06,1000000.0,1000000.0,0.0
2010-10-07,1000000.0,1000000.0,0.0
2010-10-08,1000000.0,1000000.0,0.0
2010-10-11,1000000.0,1000000.0,0.0
2010-10-12,1000000.0,1000000.0,0.0
2010-10-13,1000000.0,1000000.0,0.0
2010-10-14,1000000.0,1000000.0,0.0
2010-10-15,1000000.0,1000000.0,0.0
2010-10-18,1000000.0,1000000.0,0.0
2010-10-19,1000000.0,1000000.0,0.0
2010-10-20,1000000.0,1000000.0,0.0
2010-10-21,1000000.0,1000000.0,0.0
2010-10-22,1000000.0,1000000.0,0.0
2010-10-25,1000000.0,1000000.0,0.0
2010-10-26,1000000.0,1000000.0,0.0
2010-10-27,1000000.0,1000000.0,0.0
2010-10-28,1000000.0,1000000.0,0.0
2010-10-29,1000000.0,1000000.0,0.0
2010-11-01,1000000.0,1000000.0,0.0
2010-11-02,1000000.0,1000000.0,0.0
2010-11-03,1000000.0,1000000.0,0.0
2010-11-04,1000000.0,1000000.0,0.0
2010-11-05,1000000.0,1000000.0,0.0
2010-11-08,1000000.0,1000000.0,0.0
2010-11-09,1000000.0,1000000.0,0.0
2010-11-10,1000000.0,1000000.0,0.0
2010-11-11,1000000.0,1000000.0,0.0
2010-11-12,1000000.0,1000000.0,0.0
2010-11-15,1000000.0,1000000.0,0.0
2010-11-16,1000000.0,1000000.0,0.0
2010-11-17,1000000.0,1000000.0,0.0
2010-11-18,1000000.0,1000000.0,0.0
2010-11-19,1000000.0,1000000.0,0.0
2010-11-22,1000000.0,1000000.0,0.0
2010-11-23,1000000.0,1000000.0,0.0
2010-11-24,1000000.0,1000000.0,0.0
2010-11-26,1000000.0,1000000.0,0.0
2010-11-29,1000000.0,1000000.0,0.0
2010-11-30,1000000.0,1000000.0,0.0
2010-12-01,1000000.0,1000000.0,0.0
2010-12-02,1000000.0,1000000.0,0.0
2010-12-03,1000000.0,1000000.0,0.0
2010-12-06,1000000.0,1000000.0,0.0
2010-12-07,1000000.0,1000000.0,0.0
2010-12-08,1000000.0,1000000.0,0.0
2010-12-09,1000000.0,1000000.0,0.0
2010-12-10,1000000.0,1000000.0,0.0
2010-12-13,1000000.0,1000000.0,0.0
2010-12-14,1000000.0,1000000.0,0.0
2010-12-15,1000000.0,1000000.0,0.0
2010-12-16,1000000.0,1000000.0,0.0
2010-12-17,1000000.0,1000000.0,0.0
2010-12-20,1000000.0,1000000.0,0.0
2010-12-21,1000000.0,1000000.0,0.0
2010-12-22,1000000.0,1000000.0,0.0
2010-12-23,1000000.0,1000000.0,0.0
2010-12-27,1000000.0,1000000.0,0.0
2010-12-28,1000000.0,1000000.0,0.0
2010-12-29,1000000.0,1000000.0,0.0
2010-12-30,1000000.0,1000000.0,0.0
2010-12-31,1000000.0,1000000.0,0.0
2011-01-03,1000000.0,1000000.0,0.0
2011-01-04,1000000.0,1000000.0,0.0
2011-01-05,1000000.0,1000000.0,0.0
2011-01-06,1000000.0,1000000.0,0.0
2011-01-07,1000000.0,1000000.0,0.0
2011-01-10,1000000.0,1000000.0,0.0
2011-01-11,1000000.0,1000000.0,0.0
2011-01-12,1000000.0,1000000.0,0.0
2011-01-13,1000000.0,1000000.0,0.0
2011-01-14,1000000.0,1000000.0,0.0
2011-01-18,1000000.0,1000000.0,0.0
2011-01-19,1000000.0,1000000.0,0.0
2011-01-20,1000000.0,1000000.0,0.0
2011-01-21,1000000.0,1000000.0,0.0
2011-01-24,1000000.0,1000000.0,0.0
2011-01-25,1000000.0,1000000.0,0.0
2011-01-26,1000000.0,1000000.0,0.0
2011-01-27,1000000.0,1000000.0,0.0
2011-01-28,1000000.0,1000000.0,0.0
2011-01-31,1000000.0,1000000.0,0.0
2011-02-01,1000000.0,1000000.0,0.0
2011-02-02,1000000.0,1000000.0,0.0
2011-02-03,1000000.0,1000000.0,0.0
2011-02-04,1000000.0,1000000.0,0.0
2011-02-07,1000000.0,1000000.0,0.0
2011-02-08,1000000.0,1000000.0,0.0
2011-02-09,1000000.0,1000000.0,0.0
2011-02-10,1000000.0,1000000.0,0.0
2011-02-11,1000000.0,1000000.0,0.0
2011-02-14,1000000.0,1000000.0,0.0
2011-02-15,1000000.0,1000000.0,0.0
2011-02-16,1000000.0,1000000.0,0.0
2011-02-17,1000000.0,1000000.0,0.0
2011-02-18,1000000.0,1000000.0,0.0
2011-02-22,1000000.0,1000000.0,0.0
2011-02-23,1000000.0,1000000.0,0.0
2011-02-24,1000000.0,1000000.0,0.0
2011-02-25,1000000.0,1000000.0,0.0
2011-02-28,1000000.0,1000000.0,0.0
2011-03-01,1000000.0,1000000.0,0.0
2011-03-02,1000000.0,1000000.0,0.0
2011-03-03,1000000.0,1000000.0,0.0
2011-03-04,1000000.0,1000000.0,0.0
2011-03-07,1000000.0,1000000.0,0.0
2011-03-08,1000000.0,1000000.0,0.0
2011-03-09,1000000.0,1000000.0,0.0
2011-03-10,1000000.0,1000000.0,0.0
2011-03-11,1000000.0,1000000.0,0.0
2011-03-14,1000000.0,1000000.0,0.0
2011-03-15,1000000.0,1000000.0,0.0
2011-03-16,1000000.0,1000000.0,0.0
2011-03-17,1000000.0,1000000.0,0.0
2011-03-18,1000000.0,1000000.0,0.0
2011-03-21,1000000.0,1000000.0,0.0
2011-03-22,1000000.0,1000000.0,0.0
2011-03-23,1000000.0,1000000.0,0.0
2011-03-24,1000000.0,1000000.0,0.0
2011-03-25,1000000.0,1000000.0,0.0
2011-03-28,1000000.0,1000000.0,0.0
2011-03-29,1000000.0,1000000.0,0.0
2011-03-30,1000000.0,1000000.0,0.0
2011-03-31,1000000.0,1000000.0,0.0
2011-04-01,1000000.0,1000000.0,0.0
2011-04-04,1000000.0,1000000.0,0.0
2011-04-05,1000000.0,1000000.0,0.0
2011-04-06,1000000.0,1000000.0,0.0
2011-04-07,1000000.0,1000000.0,0.0
2011-04-08,1000000.0,1000000.0,0.0
2011-04-11,1000000.0,1000000.0,0.0
2011-04-12,1000000.0,1000000.0,0.0
2011-04-13,1000000.0,1000000.0,0.0
2011-04-14,1000000.0,1000000.0,0.0
2011-04-15,1000000.0,1000000.0,0.0
2011-04-18,1000000.0,1000000.0,0.0
2011-04-19,1000000.0,1000000.0,0.0
2011-04-20,1000000.0,1000000.0,0.0
2011-04-21,1000000.0,1000000.0,0.0
2011-04-25,1000000.0,1000000.0,0.0
2011-04-26,1000000.0,1000000.0,0.0
2011-04-27,1000000.0,1000000.0,0.0
2011-04-28,1000000.0,1000000.0,0.0
2011-04-29,1000000.0,1000000.0,0.0
2011-05-02,1000000.0,1000000.0,0.0
2011-05-03,1000000.0,1000000.0,0.0
2011-05-04,1000000.0,1000000.0,0.0
2011-05-05,1000000.0,1000000.0,0.0
2011-05-06,1000000.0,1000000.0,0.0
2011-05-09,1000000.0,1000000.0,0.0
2011-05-10,1000000.0,1000000.0,0.0
2011-05-11,1000000.0,1000000.0,0.0
2011-05-12,1000000.0,1000000.0,0.0
2011-05-13,1000000.0,1000000.0,0.0
2011-05-16,1000000.0,1000000.0,0.0
2011-05-17,1000000.0,1000000.0,0.0
2011-05-18,1000000.0,1000000.0,0.0
2011-05-19,1000000.0,1000000.0,0.0
2011-05-20,1000000.0,1000000.0,0.0
2011-05-23,1000000.0,1000000.0,0.0
2011-05-24,1000000.0,1000000.0,0.0
2011-05-25,1000000.0,1000000.0,0.0
2011-05-26,1000000.0,1000000.0,0.0
2011-05-27,1000000.0,1000000.0,0.0
2011-05-31,1000000.0,1000000.0,0.0
2011-06-01,1000000.0,1000000.0,0.0
2011-06-02,1000000.0,1000000.0,0.0
2011-06-03,1000000.0,1000000.0,0.0
2011-06-06,1000000.0,1000000.0,0.0
2011-06-07,1000000.0,1000000.0,0.0
2011-06-08,1000000.0,1000000.0,0.0
2011-06-09,1000000.0,1000000.0,0.0
2011-06-10,1000000.0,1000000.0,0.0
2011-06-13,1000000.0,1000000.0,0.0
2011-06-14,1000000.0,1000000.0,0.0
2011-06-15,1000000.0,1000000.0,0.0
2011-06-16,1000000.0,1000000.0,0.0
2011-06-17,1000000.0,1000000.0,0.0
2011-06-20,1000000.0,1000000.0,0.0
2011-06-21,1000000.0,1000000.0,0.0
2011-06-22,1000000.0,1000000.0,0.0
2011-06-23,1000000.0,1000000.0,0.0
2011-06-24,1000000.0,1000000.0,0.0
2011-06-27,1000000.0,1000000.0,0.0
2011-06-28,1000000.0,1000000.0,0.0
2011-06-29,1000000.0,1000000.0,0.0
2011-06-30,1000000.0,1000000.0,0.0
2011-07-01,1000000.0,1000000.0,0.0
2011-07-05,1000000.0,1000000.0,0.0
2011-07-06,1000000.0,1000000.0,0.0
2011-07-07,1000000.0,1000000.0,0.0
2011-07-08,1000000.0,1000000.0,0.0
2011-07-11,1000000.0,1000000.0,0.0
2011-07-12,1000000.0,1000000.0,0.0
2011-07-13,1000000.0,1000000.0,0.0
2011-07-14,1000000.0,1000000.0,0.0
2011-07-15,1000000.0,1000000.0,0.0
2011-07-18,1000000.0,1000000.0,0.0
2011-07-19,1000000.0,1000000.0,0.0
2011-07-20,1000000.0,1000000.0,0.0
2011-07-21,1000000.0,1000000.0,0.0
2011-07-22,1000000.0,1000000.0,0.0
2011-07-25,1000000.0,1000000.0,0.0
2011-07-26,1000000.0,1000000.0,0.0
2011-07-27,1000000.0,1000000.0,0.0
2011-07-28,1000000.0,1000000.0,0.0
2011-07-29,1000000.0,1000000.0,0.0
2011-08-01,1000000.0,1000000.0,0.0
2011-08-02,1000000.0,1000000.0,0.0
2011-08-03,1000000.0,1000000.0,0.0
2011-08-04,1000000.0,1000000.0,0.0
2011-08-05,1000000.0,1000000.0,0.0
2011-08-08,1000000.0,1000000.0,0.0
2011-08-09,1000000.0,1000000.0,0.0
2011-08-10,1000000.0,1000000.0,0.0
2011-08-11,1000000.0,1000000.0,0.0
2011-08-12,1000000.0,1000000.0,0.0
2011-08-15,1000000.0,1000000.0,0.0
2011-08-16,1000000.0,1000000.0,0.0
2011-08-17,1000000.0,1000000.0,0.0
2011-08-18,1000000.0,1000000.0,0.0
2011-08-19,1000000.0,1000000.0,0.0
2011-08-22,1000000.0,1000000.0,0.0
2011-08-23,1000000.0,1000000.0,0.0
2011-08-24,1000000.0,1000000.0,0.0
2011-08-25,1000000.0,1000000.0,0.0
2011-08-26,1000000.0,1000000.0,0.0
2011-08-29,1000000.0,1000000.0,0.0
2011-08-30,1000000.0,1000000.0,0.0
2011-08-31,1000000.0,1000000.0,0.0
2011-09-01,1000000.0,1000000.0,0.0
2011-09-02,1000000.0,1000000.0,0.0
2011-09-06,1000000.0,1000000.0,0.0
2011-09-07,1000000.0,1000000.0,0.0
2011-09-08,1000000.0,1000000.0,0.0
2011-09-09,1000000.0,1000000.0,0.0
2011-09-12,1000000.0,1000000.0,0.0
2011-09-13,1000000.0,1000000.0,0.0
2011-09-14,1000000.0,1000000.0,0.0
2011-09-15,1000000.0,1000000.0,0.0
2011-09-16,1000000.0,1000000.0,0.0
2011-09-19,1000000.0,1000000.0,0.0
2011-09-20,1000000.0,1000000.0,0.0
2011-09-21,1000000.0,1000000.0,0.0
2011-09-22,1000000.0,1000000.0,0.0
2011-09-23,1000000.0,1000000.0,0.0
2011-09-26,1000000.0,1000000.0,0.0
2011-09-27,1000000.0,1000000.0,0.0
2011-09-28,1000000.0,1000000.0,0.0
2011-09-29,1000000.0,1000000.0,0.0
2011-09-30,1000000.0,1000000.0,0.0
2011-10-03,1000000.0,1000000.0,0.0
2011-10-04,1000000.0,1000000.0,0.0
2011-10-05,1000000.0,1000000.0,0.0
2011-10-06,1000000.0,1000000.0,0.0
2011-10-07,1000000.0,1000000.0,0.0
2011-10-10,1000000.0,1000000.0,0.0
2011-10-11,1000000.0,1000000.0,0.0
2011-10-12,1000000.0,1000000.0,0.0
2011-10-13,1000000.0,1000000.0,0.0
2011-10-14,1000000.0,1000000.0,0.0
2011-10-17,1000000.0,1000000.0,0.0
2011-10-18,1000000.0,1000000.0,0.0
2011-10-19,1000000.0,1000000.0,0.0
2011-10-20,1000000.0,1000000.0,0.0
2011-10-21,1000000.0,1000000.0,0.0
2011-10-24,1000000.0,1000000.0,0.0
2011-10-25,1000000.0,1000000.0,0.0
2011-10-26,1000000.0,1000000.0,0.0
2011-10-27,1000000.0,1000000.0,0.0
2011-10-28,1000000.0,1000000.0,0.0
2011-10-31,1000000.0,1000000.0,0.0
2011-11-01,1000000.0,1000000.0,0.0
2011-11-02,1000000.0,1000000.0,0.0
2011-11-03,1000000.0,1000000.0,0.0
2011-11-04,1000000.0,1000000.0,0.0
2011-11-07,1000000.0,1000000.0,0.0
2011-11-08,1000000.0,1000000.0,0.0
2011-11-09,1000000.0,1000000.0,0.0
2011-11-10,1000000.0,1000000.0,0.0
2011-11-11,1000000.0,1000000.0,0.0
2011-11-14,1000000.0,1000000.0,0.0
2011-11-15,1000000.0,1000000.0,0.0
2011-11-16,1000000.0,1000000.0,0.0
2011-11-17,1000000.0,1000000.0,0.0
2011-11-18,1000000.0,1000000.0,0.0
2011-11-21,1000000.0,1000000.0,0.0
2011-11-22,1000000.0,1000000.0,0.0
2011-11-23,1000000.0,1000000.0,0.0
2011-11-25,1000000.0,1000000.0,0.0
2011-11-28,1000000.0,1000000.0,0.0
2011-11-29,1000000.0,1000000.0,0.0
2011-11-30,1000000.0,1000000.0,0.0
2011-12-01,1000000.0,1000000.0,0.0
2011-12-02,1000000.0,1000000.0,0.0
2011-12-05,1000000.0,1000000.0,0.0
2011-12-06,1000000.0,1000000.0,0.0
2011-12-07,1000000.0,1000000.0,0.0
2011-12-08,1000000.0,1000000.0,0.0
2011-12-09,1000000.0,1000000.0,0.0
2011-12-12,1000000.0,1000000.0,0.0
2011-12-13,1000000.0,1000000.0,0.0
2011-12-14,1000000.0,1000000.0,0.0
2011-12-15,1000000.0,1000000.0,0.0
2011-12-16,1000000.0,1000000.0,0.0
2011-12-19,1000000.0,1000000.0,0.0
2011-12-20,1000000.0,1000000.0,0.0
2011-12-21,1000000.0,1000000.0,0.0
2011-12-22,1000000.0,1000000.0,0.0
2011-12-23,1000000.0,1000000.0,0.0
2011-12-27,1000000.0,1000000.0,0.0
2011-12-28,1000000.0,1000000.0,0.0
2011-12-29,1000000.0,1000000.0,0.0
2011-12-30,1000000.0,1000000.0,0.0
2012-01-03,1000000.0,1000000.0,0.0
2012-01-04,1000000.0,1000000.0,0.0
2012-01-05,1000000.0,1000000.0,0.0
2012-01-06,1000000.0,1000000.0,0.0
2012-01-09,1000000.0,1000000.0,0.0
2012-01-10,1000000.0,1000000.0,0.0
2012-01-11,1000000.0,1000000.0,0.0
2012-01-12,1000000.0,1000000.0,0.0
2012-01-13,1000000.0,1000000.0,0.0
2012-01-17,1000000.0,1000000.0,0.0
2012-01-18,1000000.0,1000000.0,0.0
2012-01-19,1000000.0,1000000.0,0.0
2012-01-20,1000000.0,1000000.0,0.0
2012-01-23,1000000.0,1000000.0,0.0
2012-01-24,1000000.0,1000000.0,0.0
2012-01-25,1000000.0,1000000.0,0.0
2012-01-26,1000000.0,1000000.0,0.0
2012-01-27,1000000.0,1000000.0,0.0
2012-01-30,1000000.0,1000000.0,0.0
2012-01-31,1000000.0,1000000.0,0.0
2012-02-01,1000000.0,1000000.0,0.0
2012-02-02,1000000.0,1000000.0,0.0
2012-02-03,1000000.0,1000000.0,0.0
2012-02-06,1000000.0,1000000.0,0.0
2012-02-07,1000000.0,1000000.0,0.0
2012-02-08,1000000.0,1000000.0,0.0
2012-02-09,1000000.0,1000000.0,0.0
2012-02-10,1000000.0,1000000.0,0.0
2012-02-13,1000000.0,1000000.0,0.0
2012-02-14,1000000.0,1000000.0,0.0
2012-02-15,1000000.0,1000000.0,0.0
2012-02-16,1000000.0,1000000.0,0.0
2012-02-17,1000000.0,1000000.0,0.0
2012-02-21,1000000.0,1000000.0,0.0
2012-02-22,1000000.0,1000000.0,0.0
2012-02-23,1000000.0,1000000.0,0.0
2012-02-24,1000000.0,1000000.0,0.0
2012-02-27,1000000.0,1000000.0,0.0
2012-02-28,1000000.0,1000000.0,0.0
2012-02-29,1000000.0,1000000.0,0.0
2012-03-01,1000000.0,1000000.0,0.0
2012-03-02,1000000.0,1000000.0,0.0
2012-03-05,1000000.0,1000000.0,0.0
2012-03-06,1000000.0,1000000.0,0.0
2012-03-07,1000000.0,1000000.0,0.0
2012-03-08,1000000.0,1000000.0,0.0
2012-03-09,1000000.0,1000000.0,0.0
2012-03-12,1000000.0,1000000.0,0.0
2012-03-13,1000000.0,1000000.0,0.0
2012-03-14,1000000.0,1000000.0,0.0
2012-03-15,1000000.0,1000000.0,0.0
2012-03-16,1000000.0,1000000.0,0.0
2012-03-19,1000000.0,1000000.0,0.0
2012-03-20,1000000.0,1000000.0,0.0
2012-03-21,1000000.0,1000000.0,0.0
2012-03-22,1000000.0,1000000.0,0.0
2012-03-23,1000000.0,1000000.0,0.0
2012-03-26,1000000.0,1000000.0,0.0
2012-03-27,1000000.0,1000000.0,0.0
2012-03-28,1000000.0,1000000.0,0.0
2012-03-29,1000000.0,1000000.0,0.0
2012-03-30,1000000.0,1000000.0,0.0
2012-04-02,1000000.0,1000000.0,0.0
2012-04-03,1000000.0,1000000.0,0.0
2012-04-04,1000000.0,1000000.0,0.0
2012-04-05,1000000.0,1000000.0,0.0
2012-04-09,1000000.0,1000000.0,0.0
2012-04-10,1000000.0,1000000.0,0.0
2012-04-11,1000000.0,1000000.0,0.0
2012-04-12,1000000.0,1000000.0,0.0
2012-04-13,1000000.0,1000000.0,0.0
2012-04-16,1000000.0,1000000.0,0.0
2012-04-17,1000000.0,1000000.0,0.0
2012-04-18,1000000.0,1000000.0,0.0
2012-04-19,1000000.0,1000000.0,0.0
2012-04-20,1000000.0,1000000.0,0.0
2012-04-23,1000000.0,1000000.0,0.0
2012-04-24,1000000.0,1000000.0,0.0
2012-04-25,1000000.0,1000000.0,0.0
2012-04-26,1000000.0,1000000.0,0.0
2012-04-27,1000000.0,1000000.0,0.0
2012-04-30,1000000.0,1000000.0,0.0
2012-05-01,1000000.0,1000000.0,0.0
2012-05-02,1000000.0,1000000.0,0.0
2012-05-03,1000000.0,1000000.0,0.0
2012-05-04,1000000.0,1000000.0,0.0
2012-05-07,1000000.0,1000000.0,0.0
2012-05-08,1000000.0,1000000.0,0.0
2012-05-09,1000000.0,1000000.0,0.0
2012-05-10,1000000.0,1000000.0,0.0
2012-05-11,1000000.0,1000000.0,0.0
2012-05-14,1000000.0,1000000.0,0.0
2012-05-15,1000000.0,1000000.0,0.0
2012-05-16,1000000.0,1000000.0,0.0
2012-05-17,1000000.0,1000000.0,0.0
2012-05-18,1000000.0,1000000.0,0.0
2012-05-21,1000000.0,1000000.0,0.0
2012-05-22,1000000.0,1000000.0,0.0
2012-05-23,1000000.0,1000000.0,0.0
2012-05-24,1000000.0,1000000.0,0.0
2012-05-25,1000000.0,1000000.0,0.0
2012-05-29,1000000.0,1000000.0,0.0
2012-05-30,1000000.0,1000000.0,0.0
2012-05-31,1000000.0,1000000.0,0.0
2012-06-01,1000000.0,1000000.0,0.0
2012-06-04,1000000.0,1000000.0,0.0
2012-06-05,1000000.0,1000000.0,0.0
2012-06-06,1000000.0,1000000.0,0.0
2012-06-07,1000000.0,1000000.0,0.0
2012-06-08,1000000.0,1000000.0,0.0
2012-06-11,1000000.0,1000000.0,0.0
2012-06-12,1000000.0,1000000.0,0.0
2012-06-13,1000000.0,1000000.0,0.0
2012-06-14,1000000.0,1000000.0,0.0
2012-06-15,1000000.0,1000000.0,0.0
2012-06-18,1000000.0,1000000.0,0.0
2012-06-19,1000000.0,1000000.0,0.0
2012-06-20,1000000.0,1000000.0,0.0
2012-06-21,1000000.0,1000000.0,0.0
2012-06-22,1000000.0,1000000.0,0.0
2012-06-25,1000000.0,1000000.0,0.0
2012-06-26,1000000.0,1000000.0,0.0
2012-06-27,1000000.0,1000000.0,0.0
2012-06-28,1000000.0,1000000.0,0.0
2012-06-29,1000000.0,1000000.0,0.0
2012-07-02,1000000.0,1000000.0,0.0
2012-07-03,1000000.0,1000000.0,0.0
2012-07-05,1000000.0,1000000.0,0.0
2012-07-06,1000000.0,1000000.0,0.0
2012-07-09,1000000.0,1000000.0,0.0
2012-07-10,1000000.0,1000000.0,0.0
2012-07-11,1000000.0,1000000.0,0.0
2012-07-12,1000000.0,1000000.0,0.0
2012-07-13,1000000.0,1000000.0,0.0
2012-07-16,1000000.0,1000000.0,0.0
2012-07-17,1000000.0,1000000.0,0.0
2012-07-18,1000000.0,1000000.0,0.0
2012-07-19,1000000.0,1000000.0,0.0
2012-07-20,1000000.0,1000000.0,0.0
2012-07-23,1000000.0,1000000.0,0.0
2012-07-24,1000000.0,1000000.0,0.0
2012-07-25,1000000.0,1000000.0,0.0
2012-07-26,1000000.0,1000000.0,0.0
2012-07-27,1000000.0,1000000.0,0.0
2012-07-30,1000000.0,1000000.0,0.0
2012-07-31,1000000.0,1000000.0,0.0
2012-08-01,1000000.0,1000000.0,0.0
2012-08-02,1000000.0,1000000.0,0.0
2012-08-03,1000000.0,1000000.0,0.0
2012-08-06,1000000.0,1000000.0,0.0
2012-08-07,1000000.0,1000000.0,0.0
2012-08-08,1000000.0,1000000.0,0.0
2012-08-09,1000000.0,1000000.0,0.0
2012-08-10,1000000.0,1000000.0,0.0
2012-08-13,1000000.0,1000000.0,0.0
2012-08-14,1000000.0,1000000.0,0.0
2012-08-15,1000000.0,1000000.0,0.0
2012-08-16,1000000.0,1000000.0,0.0
2012-08-17,1000000.0,1000000.0,0.0
2012-08-20,1000000.0,1000000.0,0.0
2012-08-21,1000000.0,1000000.0,0.0
2012-08-22,1000000.0,1000000.0,0.0
2012-08-23,1000000.0,1000000.0,0.0
2012-08-24,1000000.0,1000000.0,0.0
2012-08-27,1000000.0,1000000.0,0.0
2012-08-28,1000000.0,1000000.0,0.0
2012-08-29,1000000.0,1000000.0,0.0
2012-08-30,1000000.0,1000000.0,0.0
2012-08-31,1000000.0,1000000.0,0.0
2012-09-04,1000000.0,1000000.0,0.0
2012-09-05,1000000.0,1000000.0,0.0
2012-09-06,1000000.0,1000000.0,0.0
2012-09-07,1000000.0,1000000.0,0.0
2012-09-10,1000000.0,1000000.0,0.0
2012-09-11,1000000.0,1000000.0,0.0
2012-09-12,1000000.0,1000000.0,0.0
2012-09-13,1000000.0,1000000.0,0.0
2012-09-14,1000000.0,1000000.0,0.0
2012-09-17,1000000.0,1000000.0,0.0
2012-09-18,1000000.0,1000000.0,0.0
2012-09-19,1000000.0,1000000.0,0.0
2012-09-20,1000000.0,1000000.0,0.0
2012-09-21,1000000.0,1000000.0,0.0
2012-09-24,1000000.0,1000000.0,0.0
2012-09-25,1000000.0,1000000.0,0.0
2012-09-26,1000000.0,1000000.0,0.0
2012-09-27,1000000.0,1000000.0,0.0
2012-09-28,1000000.0,1000000.0,0.0
2012-10-01,1000000.0,1000000.0,0.0
2012-10-02,1000000.0,1000000.0,0.0
2012-10-03,1000000.0,1000000.0,0.0
2012-10-04,1000000.0,1000000.0,0.0
2012-10-05,1000000.0,1000000.0,0.0
2012-10-08,1000000.0,1000000.0,0.0
2012-10-09,1000000.0,1000000.0,0.0
2012-10-10,1000000.0,1000000.0,0.0
2012-10-11,1000000.0,1000000.0,0.0
2012-10-12,1000000.0,1000000.0,0.0
2012-10-15,1000000.0,1000000.0,0.0
2012-10-16,1000000.0,1000000.0,0.0
2012-10-17,1000000.0,1000000.0,0.0
2012-10-18,1000000.0,1000000.0,0.0
2012-10-19,1000000.0,1000000.0,0.0
2012-10-22,1000000.0,1000000.0,0.0
2012-10-23,1000000.0,1000000.0,0.0
2012-10-24,1000000.0,1000000.0,0.0
2012-10-25,1000000.0,1000000.0,0.0
2012-10-26,1000000.0,1000000.0,0.0
2012-10-31,1000000.0,1000000.0,0.0
2012-11-01,1000000.0,1000000.0,0.0
2012-11-02,1000000.0,1000000.0,0.0
2012-11-05,1000000.0,1000000.0,0.0
2012-11-06,1000000.0,1000000.0,0.0
2012-11-07,1000000.0,1000000.0,0.0
2012-11-08,1000000.0,1000000.0,0.0
2012-11-09,1000000.0,1000000.0,0.0
2012-11-12,1000000.0,1000000.0,0.0
2012-11-13,1000000.0,1000000.0,0.0
2012-11-14,1000000.0,1000000.0,0.0
2012-11-15,1000000.0,1000000.0,0.0
2012-11-16,1000000.0,1000000.0,0.0
2012-11-19,1000000.0,1000000.0,0.0
2012-11-20,1000000.0,1000000.0,0.0
2012-11-21,1000000.0,1000000.0,0.0
2012-11-23,1000000.0,1000000.0,0.0
2012-11-26,1000000.0,1000000.0,0.0
2012-11-27,1000000.0,1000000.0,0.0
2012-11-28,1000000.0,1000000.0,0.0
2012-11-29,1000000.0,1000000.0,0.0
2012-11-30,1000000.0,1000000.0,0.0
2012-12-03,1000000.0,1000000.0,0.0
2012-12-04,1000000.0,1000000.0,0.0
2012-12-05,1000000.0,1000000.0,0.0
2012-12-06,1000000.0,1000000.0,0.0
2012-12-07,1000000.0,1000000.0,0.0
2012-12-10,1000000.0,1000000.0,0.0
2012-12-11,1000000.0,1000000.0,0.0
2012-12-12,1000000.0,1000000.0,0.0
2012-12-13,1000000.0,1000000.0,0.0
2012-12-14,1000000.0,1000000.0,0.0
2012-12-17,1000000.0,1000000.0,0.0
2012-12-18,1000000.0,1000000.0,0.0
2012-12-19,1000000.0,1000000.0,0.0
2012-12-20,1000000.0,1000000.0,0.0
2012-12-21,1000000.0,1000000.0,0.0
2012-12-24,1000000.0,1000000.0,0.0
2012-12-26,1000000.0,1000000.0,0.0
2012-12-27,1000000.0,1000000.0,0.0
2012-12-28,1000000.0,1000000.0,0.0
2012-12-31,1000000.0,1000000.0,0.0
2013-01-02,1000000.0,1000000.0,0.0
2013-01-03,1000000.0,1000000.0,0.0
2013-01-04,1000000.0,1000000.0,0.0
2013-01-07,1000000.0,1000000.0,0.0
2013-01-08,1000000.0,1000000.0,0.0
2013-01-09,1000000.0,1000000.0,0.0
2013-01-10,1000000.0,1000000.0,0.0
2013-01-11,1000000.0,1000000.0,0.0
2013-01-14,1000000.0,1000000.0,0.0
2013-01-15,1000000.0,1000000.0,0.0
2013-01-16,1000000.0,1000000.0,0.0
2013-01-17,1000000.0,1000000.0,0.0
2013-01-18,1000000.0,1000000.0,0.0
2013-01-22,1000000.0,1000000.0,0.0
2013-01-23,1000000.0,1000000.0,0.0
2013-01-24,1000000.0,1000000.0,0.0
2013-01-25,1000000.0,1000000.0,0.0
2013-01-28,1000000.0,1000000.0,0.0
2013-01-29,1000000.0,1000000.0,0.0
2013-01-30,1000000.0,1000000.0,0.0
2013-01-31,1000000.0,1000000.0,0.0
2013-02-01,1000000.0,1000000.0,0.0
2013-02-04,1000000.0,1000000.0,0.0
2013-02-05,1000000.0,1000000.0,0.0
2013-02-06,1000000.0,1000000.0,0.0
2013-02-07,1000000.0,1000000.0,0.0
2013-02-08,1000000.0,1000000.0,0.0
2013-02-11,1000000.0,1000000.0,0.0
2013-02-12,1000000.0,1000000.0,0.0
2013-02-13,1000000.0,1000000.0,0.0
2013-02-14,1000000.0,1000000.0,0.0
2013-02-15,1000000.0,1000000.0,0.0
2013-02-19,1000000.0,1000000.0,0.0
2013-02-20,1000000.0,1000000.0,0.0
2013-02-21,1000000.0,1000000.0,0.0
2013-02-22,1000000.0,1000000.0,0.0
2013-02-25,1000000.0,1000000.0,0.0
2013-02-26,1000000.0,1000000.0,0.0
2013-02-27,1000000.0,1000000.0,0.0
2013-02-28,1000000.0,1000000.0,0.0
2013-03-01,1000000.0,1000000.0,0.0
2013-03-04,1000000.0,1000000.0,0.0
2013-03-05,1000000.0,1000000.0,0.0
2013-03-06,1000000.0,1000000.0,0.0
2013-03-07,1000000.0,1000000.0,0.0
2013-03-08,1000000.0,1000000.0,0.0
2013-03-11,1000000.0,1000000.0,0.0
2013-03-12,1000000.0,1000000.0,0.0
2013-03-13,1000000.0,1000000.0,0.0
2013-03-14,1000000.0,1000000.0,0.0
2013-03-15,1000000.0,1000000.0,0.0
2013-03-18,1000000.0,1000000.0,0.0
2013-03-19,1000000.0,1000000.0,0.0
2013-03-20,1000000.0,1000000.0,0.0
2013-03-21,1000000.0,1000000.0,0.0
2013-03-22,1000000.0,1000000.0,0.0
2013-03-25,1000000.0,1000000.0,0.0
2013-03-26,1000000.0,1000000.0,0.0
2013-03-27,1000000.0,1000000.0,0.0
2013-03-28,1000000.0,1000000.0,0.0
2013-04-01,1000000.0,1000000.0,0.0
2013-04-02,1000000.0,1000000.0,0.0
2013-04-03,1000000.0,1000000.0,0.0
2013-04-04,1000000.0,1000000.0,0.0
2013-04-05,1000000.0,1000000.0,0.0
2013-04-08,1000000.0,1000000.0,0.0
2013-04-09,1000000.0,1000000.0,0.0
2013-04-10,1000000.0,1000000.0,0.0
2013-04-11,1000000.0,1000000.0,0.0
2013-04-12,1000000.0,1000000.0,0.0
2013-04-15,1000000.0,1000000.0,0.0
2013-04-16,1000000.0,1000000.0,0.0
2013-04-17,1000000.0,1000000.0,0.0
2013-04-18,1000000.0,1000000.0,0.0
2013-04-19,1000000.0,1000000.0,0.0
2013-04-22,1000000.0,1000000.0,0.0
2013-04-23,1000000.0,1000000.0,0.0
2013-04-24,1000000.0,1000000.0,0.0
2013-04-25,1000000.0,1000000.0,0.0
2013-04-26,1000000.0,1000000.0,0.0
2013-04-29,1000000.0,1000000.0,0.0
2013-04-30,1000000.0,1000000.0,0.0
2013-05-01,1000000.0,1000000.0,0.0
2013-05-02,1000000.0,1000000.0,0.0
2013-05-03,1000000.0,1000000.0,0.0
2013-05-06,1000000.0,1000000.0,0.0
2013-05-07,1000000.0,1000000.0,0.0
2013-05-08,1000000.0,1000000.0,0.0
2013-05-09,1000000.0,1000000.0,0.0
2013-05-10,1000000.0,1000000.0,0.0
2013-05-13,1000000.0,1000000.0,0.0
2013-05-14,1000000.0,1000000.0,0.0
2013-05-15,1000000.0,1000000.0,0.0
2013-05-16,1000000.0,1000000.0,0.0
2013-05-17,1000000.0,1000000.0,0.0
2013-05-20,1000000.0,1000000.0,0.0
2013-05-21,1000000.0,1000000.0,0.0
2013-05-22,1000000.0,1000000.0,0.0
2013-05-23,1000000.0,1000000.0,0.0
2013-05-24,1000000.0,1000000.0,0.0
2013-05-28,1000000.0,1000000.0,0.0
2013-05-29,1000000.0,1000000.0,0.0
2013-05-30,1000000.0,1000000.0,0.0
2013-05-31,1000000.0,1000000.0,0.0
2013-06-03,1000000.0,1000000.0,0.0
2013-06-04,1000000.0,1000000.0,0.0
2013-06-05,1000000.0,1000000.0,0.0
2013-06-06,1000000.0,1000000.0,0.0
2013-06-07,1000000.0,1000000.0,0.0
2013-06-10,1000000.0,1000000.0,0.0
2013-06-11,1000000.0,1000000.0,0.0
2013-06-12,1000000.0,1000000.0,0.0
2013-06-13,1000000.0,1000000.0,0.0
2013-06-14,1000000.0,1000000.0,0.0
2013-06-17,1000000.0,1000000.0,0.0
2013-06-18,1000000.0,1000000.0,0.0
2013-06-19,1000000.0,1000000.0,0.0
2013-06-20,1000000.0,1000000.0,0.0
2013-06-21,1000000.0,1000000.0,0.0
2013-06-24,1000000.0,1000000.0,0.0
2013-06-25,1000000.0,1000000.0,0.0
2013-06-26,1000000.0,1000000.0,0.0
2013-06-27,1000000.0,1000000.0,0.0
2013-06-28,1000000.0,1000000.0,0.0
2013-07-01,1000000.0,1000000.0,0.0
2013-07-02,1000000.0,1000000.0,0.0
2013-07-03,1000000.0,1000000.0,0.0
2013-07-05,1000000.0,1000000.0,0.0
2013-07-08,1000000.0,1000000.0,0.0
2013-07-09,1000000.0,1000000.0,0.0
2013-07-10,1000000.0,1000000.0,0.0
2013-07-11,1000000.0,1000000.0,0.0
2013-07-12,1000000.0,1000000.0,0.0
2013-07-15,1000000.0,1000000.0,0.0
2013-07-16,1000000.0,1000000.0,0.0
2013-07-17,1000000.0,1000000.0,0.0
2013-07-18,1000000.0,1000000.0,0.0
2013-07-19,1000000.0,1000000.0,0.0
2013-07-22,1000000.0,1000000.0,0.0
2013-07-23,1000000.0,1000000.0,0.0
2013-07-24,1000000.0,1000000.0,0.0
2013-07-25,1000000.0,1000000.0,0.0
2013-07-26,1000000.0,1000000.0,0.0
2013-07-29,1000000.0,1000000.0,0.0
2013-07-30,1000000.0,1000000.0,0.0
2013-07-31,1000000.0,1000000.0,0.0
2013-08-01,1000000.0,1000000.0,0.0
2013-08-02,1000000.0,1000000.0,0.0
2013-08-05,1000000.0,1000000.0,0.0
2013-08-06,1000000.0,1000000.0,0.0
2013-08-07,1000000.0,1000000.0,0.0
2013-08-08,1000000.0,1000000.0,0.0
2013-08-09,1000000.0,1000000.0,0.0
2013-08-12,1000000.0,1000000.0,0.0
2013-08-13,1000000.0,1000000.0,0.0
2013-08-14,1000000.0,1000000.0,0.0
2013-08-15,1000000.0,1000000.0,0.0
2013-08-16,1000000.0,1000000.0,0.0
2013-08-19,1000000.0,1000000.0,0.0
2013-08-20,1000000.0,1000000.0,0.0
2013-08-21,1000000.0,1000000.0,0.0
2013-08-22,1000000.0,1000000.0,0.0
2013-08-23,1000000.0,1000000.0,0.0
2013-08-26,1000000.0,1000000.0,0.0
2013-08-27,1000000.0,1000000.0,0.0
2013-08-28,1000000.0,1000000.0,0.0
2013-08-29,1000000.0,1000000.0,0.0
2013-08-30,1000000.0,1000000.0,0.0
2013-09-03,1000000.0,1000000.0,0.0
2013-09-04,1000000.0,1000000.0,0.0
2013-09-05,1000000.0,1000000.0,0.0
2013-09-06,1000000.0,1000000.0,0.0
2013-09-09,1000000.0,1000000.0,0.0
2013-09-10,1000000.0,1000000.0,0.0
2013-09-11,1000000.0,1000000.0,0.0
2013-09-12,1000000.0,1000000.0,0.0
2013-09-13,1000000.0,1000000.0,0.0
2013-09-16,1000000.0,1000000.0,0.0
2013-09-17,1000000.0,1000000.0,0.0
2013-09-18,1000000.0,1000000.0,0.0
2013-09-19,1000000.0,1000000.0,0.0
2013-09-20,1000000.0,1000000.0,0.0
2013-09-23,1000000.0,1000000.0,0.0
2013-09-24,1000000.0,1000000.0,0.0
2013-09-25,1000000.0,1000000.0,0.0
2013-09-26,1000000.0,1000000.0,0.0
2013-09-27,1000000.0,1000000.0,0.0
2013-09-30,1000000.0,1000000.0,0.0
2013-10-01,1000000.0,1000000.0,0.0
2013-10-02,1000000.0,1000000.0,0.0
2013-10-03,1000000.0,1000000.0,0.0
2013-10-04,1000000.0,1000000.0,0.0
2013-10-07,1000000.0,1000000.0,0.0
2013-10-08,1000000.0,1000000.0,0.0
2013-10-09,1000000.0,1000000.0,0.0
2013-10-10,1000000.0,1000000.0,0.0
2013-10-11,1000000.0,1000000.0,0.0
2013-10-14,1000000.0,1000000.0,0.0
2013-10-15,1000000.0,1000000.0,0.0
2013-10-16,1000000.0,1000000.0,0.0
2013-10-17,1000000.0,1000000.0,0.0
2013-10-18,1000000.0,1000000.0,0.0
2013-10-21,1000000.0,1000000.0,0.0
2013-10-22,1000000.0,1000000.0,0.0
2013-10-23,1000000.0,1000000.0,0.0
2013-10-24,1000000.0,1000000.0,0.0
2013-10-25,1000000.0,1000000.0,0.0
2013-10-28,1000000.0,1000000.0,0.0
2013-10-29,1000000.0,1000000.0,0.0
2013-10-30,1000000.0,1000000.0,0.0
2013-10-31,1000000.0,1000000.0,0.0
2013-11-01,1000000.0,1000000.0,0.0
2013-11-04,1000000.0,1000000.0,0.0
2013-11-05,1000000.0,1000000.0,0.0
2013-11-06,1000000.0,1000000.0,0.0
2013-11-07,1000000.0,1000000.0,0.0
2013-11-08,1000000.0,1000000.0,0.0
2013-11-11,1000000.0,1000000.0,0.0
2013-11-12,1000000.0,1000000.0,0.0
2013-11-13,1000000.0,1000000.0,0.0
2013-11-14,1000000.0,1000000.0,0.0
2013-11-15,1000000.0,1000000.0,0.0
2013-11-18,1000000.0,1000000.0,0.0
2013-11-19,1000000.0,1000000.0,0.0
2013-11-20,1000000.0,1000000.0,0.0
2013-11-21,1000000.0,1000000.0,0.0
2013-11-22,1000000.0,1000000.0,0.0
2013-11-25,1000000.0,1000000.0,0.0
2013-11-26,1000000.0,1000000.0,0.0
2013-11-27,1000000.0,1000000.0,0.0
2013-11-29,1000000.0,1000000.0,0.0
2013-12-02,1000000.0,1000000.0,0.0
2013-12-03,1000000.0,1000000.0,0.0
2013-12-04,1000000.0,1000000.0,0.0
2013-12-05,1000000.0,1000000.0,0.0
2013-12-06,1000000.0,1000000.0,0.0
2013-12-09,1000000.0,1000000.0,0.0
2013-12-10,1000000.0,1000000.0,0.0
2013-12-11,1000000.0,1000000.0,0.0
2013-12-12,1000000.0,1000000.0,0.0
2013-12-13,1000000.0,1000000.0,0.0
2013-12-16,1000000.0,1000000.0,0.0
2013-12-17,1000000.0,1000000.0,0.0
2013-12-18,1000000.0,1000000.0,0.0
2013-12-19,1000000.0,1000000.0,0.0
2013-12-20,1000000.0,1000000.0,0.0
2013-12-23,1000000.0,1000000.0,0.0
2013-12-24,1000000.0,1000000.0,0.0
2013-12-26,1000000.0,1000000.0,0.0
2013-12-27,1000000.0,1000000.0,0.0
2013-12-30,1000000.0,1000000.0,0.0
2013-12-31,1000000.0,1000000.0,0.0
2014-01-02,1000000.0,1000000.0,0.0
2014-01-03,1000000.0,1000000.0,0.0
2014-01-06,1000000.0,1000000.0,0.0
2014-01-07,1000000.0,1000000.0,0.0
2014-01-08,1000000.0,1000000.0,0.0
2014-01-09,1000000.0,1000000.0,0.0
2014-01-10,1000000.0,1000000.0,0.0
2014-01-13,1000000.0,1000000.0,0.0
2014-01-14,1000000.0,1000000.0,0.0
2014-01-15,1000000.0,1000000.0,0.0
2014-01-16,1000000.0,1000000.0,0.0
2014-01-17,1000000.0,1000000.0,0.0
2014-01-21,1000000.0,1000000.0,0.0
2014-01-22,1000000.0,1000000.0,0.0
2014-01-23,1000000.0,1000000.0,0.0
2014-01-24,1000000.0,1000000.0,0.0
2014-01-27,1000000.0,1000000.0,0.0
2014-01-28,1000000.0,1000000.0,0.0
2014-01-29,1000000.0,1000000.0,0.0
2014-01-30,1000000.0,1000000.0,0.0
2014-01-31,1000000.0,1000000.0,0.0
2014-02-03,1000000.0,1000000.0,0.0
2014-02-04,1000000.0,1000000.0,0.0
2014-02-05,1000000.0,1000000.0,0.0
2014-02-06,1000000.0,1000000.0,0.0
2014-02-07,1000000.0,1000000.0,0.0
2014-02-10,1000000.0,1000000.0,0.0
2014-02-11,1000000.0,1000000.0,0.0
2014-02-12,1000000.0,1000000.0,0.0
2014-02-13,1000000.0,1000000.0,0.0
2014-02-14,1000000.0,1000000.0,0.0
2014-02-18,1000000.0,1000000.0,0.0
2014-02-19,1000000.0,1000000.0,0.0
2014-02-20,1000000.0,1000000.0,0.0
2014-02-21,1000000.0,1000000.0,0.0
2014-02-24,1000000.0,1000000.0,0.0
2014-02-25,1000000.0,1000000.0,0.0
2014-02-26,1000000.0,1000000.0,0.0
2014-02-27,1000000.0,1000000.0,0.0
2014-02-28,1000000.0,1000000.0,0.0
2014-03-03,1000000.0,1000000.0,0.0
2014-03-04,1000000.0,1000000.0,0.0
2014-03-05,1000000.0,1000000.0,0.0
2014-03-06,1000000.0,1000000.0,0.0
2014-03-07,1000000.0,1000000.0,0.0
2014-03-10,1000000.0,1000000.0,0.0
2014-03-11,1000000.0,1000000.0,0.0
2014-03-12,1000000.0,1000000.0,0.0
2014-03-13,1000000.0,1000000.0,0.0
2014-03-14,1000000.0,1000000.0,0.0
2014-03-17,1000000.0,1000000.0,0.0
2014-03-18,1000000.0,1000000.0,0.0
2014-03-19,1000000.0,1000000.0,0.0
2014-03-20,1000000.0,1000000.0,0.0
2014-03-21,1000000.0,1000000.0,0.0
2014-03-24,1000000.0,1000000.0,0.0
2014-03-25,1000000.0,1000000.0,0.0
2014-03-26,1000000.0,1000000.0,0.0
2014-03-27,1000000.0,1000000.0,0.0
2014-03-28,1000000.0,1000000.0,0.0
2014-03-31,1000000.0,1000000.0,0.0
2014-04-01,1000000.0,1000000.0,0.0
2014-04-02,1000000.0,1000000.0,0.0
2014-04-03,1000000.0,1000000.0,0.0
2014-04-04,1000000.0,1000000.0,0.0
2014-04-07,1000000.0,1000000.0,0.0
2014-04-08,1000000.0,1000000.0,0.0
2014-04-09,1000000.0,1000000.0,0.0
2014-04-10,1000000.0,1000000.0,0.0
2014-04-11,1000000.0,1000000.0,0.0
2014-04-14,1000000.0,1000000.0,0.0
2014-04-15,1000000.0,1000000.0,0.0
2014-04-16,1000000.0,1000000.0,0.0
2014-04-17,1000000.0,1000000.0,0.0
2014-04-21,1000000.0,1000000.0,0.0
2014-04-22,1000000.0,1000000.0,0.0
2014-04-23,1000000.0,1000000.0,0.0
2014-04-24,1000000.0,1000000.0,0.0
2014-04-25,1000000.0,1000000.0,0.0
2014-04-28,1000000.0,1000000.0,0.0
2014-04-29,1000000.0,1000000.0,0.0
2014-04-30,1000000.0,1000000.0,0.0
2014-05-01,1000000.0,1000000.0,0.0
2014-05-02,1000000.0,1000000.0,0.0
2014-05-05,1000000.0,1000000.0,0.0
2014-05-06,1000000.0,1000000.0,0.0
2014-05-07,1000000.0,1000000.0,0.0
2014-05-08,1000000.0,1000000.0,0.0
2014-05-09,1000000.0,1000000.0,0.0
2014-05-12,1000000.0,1000000.0,0.0
2014-05-13,1000000.0,1000000.0,0.0
2014-05-14,1000000.0,1000000.0,0.0
2014-05-15,1000000.0,1000000.0,0.0
2014-05-16,1000000.0,1000000.0,0.0
2014-05-19,1000000.0,1000000.0,0.0
2014-05-20,1000000.0,1000000.0,0.0
2014-05-21,1000000.0,1000000.0,0.0
2014-05-22,1000000.0,1000000.0,0.0
2014-05-23,1000000.0,1000000.0,0.0
2014-05-27,1000000.0,1000000.0,0.0
2014-05-28,1000000.0,1000000.0,0.0
2014-05-29,1000000.0,1000000.0,0.0
2014-05-30,1000000.0,1000000.0,0.0
2014-06-02,1000000.0,1000000.0,0.0
2014-06-03,1000000.0,1000000.0,0.0
2014-06-04,1000000.0,1000000.0,0.0
2014-06-05,1000000.0,1000000.0,0.0
2014-06-06,1000000.0,1000000.0,0.0
2014-06-09,1000000.0,1000000.0,0.0
2014-06-10,1000000.0,1000000.0,0.0
2014-06-11,1000000.0,1000000.0,0.0
2014-06-12,1000000.0,1000000.0,0.0
2014-06-13,1000000.0,1000000.0,0.0
2014-06-16,1000000.0,1000000.0,0.0
2014-06-17,1000000.0,1000000.0,0.0
2014-06-18,1000000.0,1000000.0,0.0
2014-06-19,1000000.0,1000000.0,0.0
2014-06-20,1000000.0,1000000.0,0.0
2014-06-23,1000000.0,1000000.0,0.0
2014-06-24,1000000.0,1000000.0,0.0
2014-06-25,1000000.0,1000000.0,0.0
2014-06-26,1000000.0,1000000.0,0.0
2014-06-27,1000000.0,1000000.0,0.0
2014-06-30,1000000.0,1000000.0,0.0
2014-07-01,1000000.0,1000000.0,0.0
2014-07-02,1000000.0,1000000.0,0.0
2014-07-03,1000000.0,1000000.0,0.0
2014-07-07,1000000.0,1000000.0,0.0
2014-07-08,1000000.0,1000000.0,0.0
2014-07-09,1000000.0,1000000.0,0.0
2014-07-10,1000000.0,1000000.0,0.0
2014-07-11,1000000.0,1000000.0,0.0
2014-07-14,1000000.0,1000000.0,0.0
2014-07-15,1000000.0,1000000.0,0.0
2014-07-16,1000000.0,1000000.0,0.0
2014-07-17,1000000.0,1000000.0,0.0
2014-07-18,1000000.0,1000000.0,0.0
2014-07-21,1000000.0,1000000.0,0.0
2014-07-22,1000000.0,1000000.0,0.0
2014-07-23,1000000.0,1000000.0,0.0
2014-07-24,1000000.0,1000000.0,0.0
2014-07-25,1000000.0,1000000.0,0.0
2014-07-28,1000000.0,1000000.0,0.0
2014-07-29,1000000.0,1000000.0,0.0
2014-07-30,1000000.0,1000000.0,0.0
2014-07-31,1000000.0,1000000.0,0.0
2014-08-01,1000000.0,1000000.0,0.0
2014-08-04,1000000.0,1000000.0,0.0
2014-08-05,1000000.0,1000000.0,0.0
2014-08-06,1000000.0,1000000.0,0.0
2014-08-07,1000000.0,1000000.0,0.0
2014-08-08,1000000.0,1000000.0,0.0
2014-08-11,1000000.0,1000000.0,0.0
2014-08-12,1000000.0,1000000.0,0.0
2014-08-13,1000000.0,1000000.0,0.0
2014-08-14,1000000.0,1000000.0,0.0
2014-08-15,1000000.0,1000000.0,0.0
2014-08-18,1000000.0,1000000.0,0.0
2014-08-19,1000000.0,1000000.0,0.0
2014-08-20,1000000.0,1000000.0,0.0
2014-08-21,1000000.0,1000000.0,0.0
2014-08-22,1000000.0,1000000.0,0.0
2014-08-25,1000000.0,1000000.0,0.0
2014-08-26,1000000.0,1000000.0,0.0
2014-08-27,1000000.0,1000000.0,0.0
2014-08-28,1000000.0,1000000.0,0.0
2014-08-29,1000000.0,1000000.0,0.0
2014-09-02,1000000.0,1000000.0,0.0
2014-09-03,1000000.0,1000000.0,0.0
2014-09-04,1000000.0,1000000.0,0.0
2014-09-05,1000000.0,1000000.0,0.0
2014-09-08,1000000.0,1000000.0,0.0
2014-09-09,1000000.0,1000000.0,0.0
2014-09-10,1000000.0,1000000.0,0.0
2014-09-11,1000000.0,1000000.0,0.0
2014-09-12,1000000.0,1000000.0,0.0
2014-09-15,1000000.0,1000000.0,0.0
2014-09-16,1000000.0,1000000.0,0.0
2014-09-17,1000000.0,1000000.0,0.0
2014-09-18,1000000.0,1000000.0,0.0
2014-09-19,1000000.0,1000000.0,0.0
2014-09-22,1000000.0,1000000.0,0.0
2014-09-23,1000000.0,1000000.0,0.0
2014-09-24,1000000.0,1000000.0,0.0
2014-09-25,1000000.0,1000000.0,0.0
2014-09-26,1000000.0,1000000.0,0.0
2014-09-29,1000000.0,1000000.0,0.0
2014-09-30,1000000.0,1000000.0,0.0
2014-10-01,1000000.0,1000000.0,0.0
2014-10-02,1000000.0,1000000.0,0.0
2014-10-03,1000000.0,1000000.0,0.0
2014-10-06,1000000.0,1000000.0,0.0
2014-10-07,1000000.0,1000000.0,0.0
2014-10-08,1000000.0,1000000.0,0.0
2014-10-09,1000000.0,1000000.0,0.0
2014-10-10,1000000.0,1000000.0,0.0
2014-10-13,1000000.0,1000000.0,0.0
2014-10-14,1000000.0,1000000.0,0.0
2014-10-15,1000000.0,1000000.0,0.0
2014-10-16,1000000.0,1000000.0,0.0
2014-10-17,1000000.0,1000000.0,0.0
2014-10-20,1000000.0,1000000.0,0.0
2014-10-21,1000000.0,1000000.0,0.0
2014-10-22,1000000.0,1000000.0,0.0
2014-10-23,1000000.0,1000000.0,0.0
2014-10-24,1000000.0,1000000.0,0.0
2014-10-27,1000000.0,1000000.0,0.0
2014-10-28,1000000.0,1000000.0,0.0
2014-10-29,1000000.0,1000000.0,0.0
2014-10-30,1000000.0,1000000.0,0.0
2014-10-31,1000000.0,1000000.0,0.0
2014-11-03,1000000.0,1000000.0,0.0
2014-11-04,1000000.0,1000000.0,0.0
2014-11-05,1000000.0,1000000.0,0.0
2014-11-06,1000000.0,1000000.0,0.0
2014-11-07,1000000.0,1000000.0,0.0
2014-11-10,1000000.0,1000000.0,0.0
2014-11-11,1000000.0,1000000.0,0.0
2014-11-12,1000000.0,1000000.0,0.0
2014-11-13,1000000.0,1000000.0,0.0
2014-11-14,1000000.0,1000000.0,0.0
2014-11-17,1000000.0,1000000.0,0.0
2014-11-18,1000000.0,1000000.0,0.0
2014-11-19,1000000.0,1000000.0,0.0
2014-11-20,1000000.0,1000000.0,0.0
2014-11-21,1000000.0,1000000.0,0.0
2014-11-24,1000000.0,1000000.0,0.0
2014-11-25,1000000.0,1000000.0,0.0
2014-11-26,1000000.0,1000000.0,0.0
2014-11-28,1000000.0,1000000.0,0.0
2014-12-01,1000000.0,1000000.0,0.0
2014-12-02,1000000.0,1000000.0,0.0
2014-12-03,1000000.0,1000000.0,0.0
2014-12-04,1000000.0,1000000.0,0.0
2014-12-05,1000000.0,1000000.0,0.0
2014-12-08,1000000.0,1000000.0,0.0
2014-12-09,1000000.0,1000000.0,0.0
2014-12-10,1000000.0,1000000.0,0.0
2014-12-11,1000000.0,1000000.0,0.0
2014-12-12,1000000.0,1000000.0,0.0
2014-12-15,1000000.0,1000000.0,0.0
2014-12-16,1000000.0,1000000.0,0.0
2014-12-17,1000000.0,1000000.0,0.0
2014-12-18,1000000.0,1000000.0,0.0
2014-12-19,1000000.0,1000000.0,0.0
2014-12-22,1000000.0,1000000.0,0.0
2014-12-23,1000000.0,1000000.0,0.0
2014-12-24,1000000.0,1000000.0,0.0
2014-12-26,1000000.0,1000000.0,0.0
2014-12-29,1000000.0,1000000.0,0.0
2014-12-30,1000000.0,1000000.0,0.0
2014-12-31,1000000.0,1000000.0,0.0
2015-01-02,1000000.0,1000000.0,0.0
2015-01-05,1000000.0,1000000.0,0.0
2015-01-06,1000000.0,1000000.0,0.0
2015-01-07,1000000.0,1000000.0,0.0
2015-01-08,1000000.0,1000000.0,0.0
2015-01-09,1000000.0,1000000.0,0.0
2015-01-12,1000000.0,1000000.0,0.0
2015-01-13,1000000.0,1000000.0,0.0
2015-01-14,1000000.0,1000000.0,0.0
2015-01-15,1000000.0,1000000.0,0.0
2015-01-16,1000000.0,1000000.0,0.0
2015-01-20,1000000.0,1000000.0,0.0
2015-01-21,1000000.0,1000000.0,0.0
2015-01-22,1000000.0,1000000.0,0.0
2015-01-23,1000000.0,1000000.0,0.0
2015-01-26,1000000.0,1000000.0,0.0
2015-01-27,1000000.0,1000000.0,0.0
2015-01-28,1000000.0,1000000.0,0.0
2015-01-29,1000000.0,1000000.0,0.0
2015-01-30,1000000.0,1000000.0,0.0
2015-02-02,1000000.0,1000000.0,0.0
2015-02-03,1000000.0,1000000.0,0.0
2015-02-04,1000000.0,1000000.0,0.0
2015-02-05,1000000.0,1000000.0,0.0
2015-02-06,1000000.0,1000000.0,0.0
2015-02-09,1000000.0,1000000.0,0.0
2015-02-10,1000000.0,1000000.0,0.0
2015-02-11,1000000.0,1000000.0,0.0
2015-02-12,1000000.0,1000000.0,0.0
2015-02-13,1000000.0,1000000.0,0.0
2015-02-17,1000000.0,1000000.0,0.0
2015-02-18,1000000.0,1000000.0,0.0
2015-02-19,1000000.0,1000000.0,0.0
2015-02-20,1000000.0,1000000.0,0.0
2015-02-23,1000000.0,1000000.0,0.0
2015-02-24,1000000.0,1000000.0,0.0
2015-02-25,1000000.0,1000000.0,0.0
2015-02-26,1000000.0,1000000.0,0.0
2015-02-27,1000000.0,1000000.0,0.0
2015-03-02,1000000.0,1000000.0,0.0
2015-03-03,1000000.0,1000000.0,0.0
2015-03-04,1000000.0,1000000.0,0.0
2015-03-05,1000000.0,1000000.0,0.0
2015-03-06,1000000.0,1000000.0,0.0
2015-03-09,1000000.0,1000000.0,0.0
2015-03-10,1000000.0,1000000.0,0.0
2015-03-11,1000000.0,1000000.0,0.0
2015-03-12,1000000.0,1000000.0,0.0
2015-03-13,1000000.0,1000000.0,0.0
2015-03-16,1000000.0,1000000.0,0.0
2015-03-17,1000000.0,1000000.0,0.0
2015-03-18,1000000.0,1000000.0,0.0
2015-03-19,1000000.0,1000000.0,0.0
2015-03-20,1000000.0,1000000.0,0.0
2015-03-23,1000000.0,1000000.0,0.0
2015-03-24,1000000.0,1000000.0,0.0
2015-03-25,1000000.0,1000000.0,0.0
2015-03-26,1000000.0,1000000.0,0.0
2015-03-27,1000000.0,1000000.0,0.0
2015-03-30,1000000.0,1000000.0,0.0
2015-03-31,1000000.0,1000000.0,0.0
2015-04-01,1000000.0,1000000.0,0.0
2015-04-02,1000000.0,1000000.0,0.0
2015-04-06,1000000.0,1000000.0,0.0
2015-04-07,1000000.0,1000000.0,0.0
2015-04-08,1000000.0,1000000.0,0.0
2015-04-09,1000000.0,1000000.0,0.0
2015-04-10,1000000.0,1000000.0,0.0
2015-04-13,1000000.0,1000000.0,0.0
2015-04-14,1000000.0,1000000.0,0.0
2015-04-15,1000000.0,1000000.0,0.0
2015-04-16,1000000.0,1000000.0,0.0
2015-04-17,1000000.0,1000000.0,0.0
2015-04-20,1000000.0,1000000.0,0.0
2015-04-21,1000000.0,1000000.0,0.0
2015-04-22,1000000.0,1000000.0,0.0
2015-04-23,1000000.0,1000000.0,0.0
2015-04-24,1000000.0,1000000.0,0.0
2015-04-27,1000000.0,1000000.0,0.0
2015-04-28,1000000.0,1000000.0,0.0
2015-04-29,1000000.0,1000000.0,0.0
2015-04-30,1000000.0,1000000.0,0.0
2015-05-01,1000000.0,1000000.0,0.0
2015-05-04,1000000.0,1000000.0,0.0
2015-05-05,1000000.0,1000000.0,0.0
2015-05-06,1000000.0,1000000.0,0.0
2015-05-07,1000000.0,1000000.0,0.0
2015-05-08,1000000.0,1000000.0,0.0
2015-05-11,1000000.0,1000000.0,0.0
2015-05-12,1000000.0,1000000.0,0.0
2015-05-13,1000000.0,1000000.0,0.0
2015-05-14,1000000.0,1000000.0,0.0
2015-05-15,1000000.0,1000000.0,0.0
2015-05-18,1000000.0,1000000.0,0.0
2015-05-19,1000000.0,1000000.0,0.0
2015-05-20,1000000.0,1000000.0,0.0
2015-05-21,1000000.0,1000000.0,0.0
2015-05-22,1000000.0,1000000.0,0.0
2015-05-26,1000000.0,1000000.0,0.0
2015-05-27,1000000.0,1000000.0,0.0
2015-05-28,1000000.0,1000000.0,0.0
2015-05-29,1000000.0,1000000.0,0.0
2015-06-01,1000000.0,1000000.0,0.0
2015-06-02,1000000.0,1000000.0,0.0
2015-06-03,1000000.0,1000000.0,0.0
2015-06-04,1000000.0,1000000.0,0.0
2015-06-05,1000000.0,1000000.0,0.0
2015-06-08,1000000.0,1000000.0,0.0
2015-06-09,1000000.0,1000000.0,0.0
2015-06-10,1000000.0,1000000.0,0.0
2015-06-11,1000000.0,1000000.0,0.0
2015-06-12,1000000.0,1000000.0,0.0
2015-06-15,1000000.0,1000000.0,0.0
2015-06-16,1000000.0,1000000.0,0.0
2015-06-17,1000000.0,1000000.0,0.0
2015-06-18,1000000.0,1000000.0,0.0
2015-06-19,1000000.0,1000000.0,0.0
2015-06-22,1000000.0,1000000.0,0.0
2015-06-23,1000000.0,1000000.0,0.0
2015-06-24,1000000.0,1000000.0,0.0
2015-06-25,1000000.0,1000000.0,0.0
2015-06-26,1000000.0,1000000.0,0.0
2015-06-29,1000000.0,1000000.0,0.0
2015-06-30,1000000.0,1000000.0,0.0
2015-07-01,1000000.0,1000000.0,0.0
2015-07-02,1000000.0,1000000.0,0.0
2015-07-06,1000000.0,1000000.0,0.0
2015-07-07,1000000.0,1000000.0,0.0
2015-07-08,1000000.0,1000000.0,0.0
2015-07-09,1000000.0,1000000.0,0.0
2015-07-10,1000000.0,1000000.0,0.0
2015-07-13,1000000.0,1000000.0,0.0
2015-07-14,1000000.0,1000000.0,0.0
2015-07-15,1000000.0,1000000.0,0.0
2015-07-16,1000000.0,1000000.0,0.0
2015-07-17,1000000.0,1000000.0,0.0
2015-07-20,1000000.0,1000000.0,0.0
2015-07-21,1000000.0,1000000.0,0.0
2015-07-22,1000000.0,1000000.0,0.0
2015-07-23,1000000.0,1000000.0,0.0
2015-07-24,1000000.0,1000000.0,0.0
2015-07-27,1000000.0,1000000.0,0.0
2015-07-28,1000000.0,1000000.0,0.0
2015-07-29,1000000.0,1000000.0,0.0
2015-07-30,1000000.0,1000000.0,0.0
2015-07-31,1000000.0,1000000.0,0.0
2015-08-03,1000000.0,1000000.0,0.0
2015-08-04,1000000.0,1000000.0,0.0
2015-08-05,1000000.0,1000000.0,0.0
2015-08-06,1000000.0,1000000.0,0.0
2015-08-07,1000000.0,1000000.0,0.0
2015-08-10,1000000.0,1000000.0,0.0
2015-08-11,1000000.0,1000000.0,0.0
2015-08-12,1000000.0,1000000.0,0.0
2015-08-13,1000000.0,1000000.0,0.0
2015-08-14,1000000.0,1000000.0,0.0
2015-08-17,1000000.0,1000000.0,0.0
2015-08-18,1000000.0,1000000.0,0.0
2015-08-19,1000000.0,1000000.0,0.0
2015-08-20,1000000.0,1000000.0,0.0
2015-08-21,1000000.0,1000000.0,0.0
2015-08-24,1000000.0,1000000.0,0.0
2015-08-25,1000000.0,1000000.0,0.0
2015-08-26,1000000.0,1000000.0,0.0
2015-08-27,1000000.0,1000000.0,0.0
2015-08-28,1000000.0,1000000.0,0.0
2015-08-31,1000000.0,1000000.0,0.0
2015-09-01,1000000.0,1000000.0,0.0
2015-09-02,1000000.0,1000000.0,0.0
2015-09-03,1000000.0,1000000.0,0.0
2015-09-04,1000000.0,1000000.0,0.0
2015-09-08,1000000.0,1000000.0,0.0
2015-09-09,1000000.0,1000000.0,0.0
2015-09-10,1000000.0,1000000.0,0.0
2015-09-11,1000000.0,1000000.0,0.0
2015-09-14,1000000.0,1000000.0,0.0
2015-09-15,1000000.0,1000000.0,0.0
2015-09-16,1000000.0,1000000.0,0.0
2015-09-17,1000000.0,1000000.0,0.0
2015-09-18,1000000.0,1000000.0,0.0
2015-09-21,1000000.0,1000000.0,0.0
2015-09-22,1000000.0,1000000.0,0.0
2015-09-23,1000000.0,1000000.0,0.0
2015-09-24,1000000.0,1000000.0,0.0
2015-09-25,1000000.0,1000000.0,0.0
2015-09-28,1000000.0,1000000.0,0.0
2015-09-29,1000000.0,1000000.0,0.0
2015-09-30,1000000.0,1000000.0,0.0
2015-10-01,1000000.0,1000000.0,0.0
2015-10-02,1000000.0,1000000.0,0.0
2015-10-05,1000000.0,1000000.0,0.0
2015-10-06,1000000.0,1000000.0,0.0
2015-10-07,1000000.0,1000000.0,0.0
2015-10-08,1000000.0,1000000.0,0.0
2015-10-09,1000000.0,1000000.0,0.0
2015-10-12,1000000.0,1000000.0,0.0
2015-10-13,1000000.0,1000000.0,0.0
2015-10-14,1000000.0,1000000.0,0.0
2015-10-15,1000000.0,1000000.0,0.0
2015-10-16,1000000.0,1000000.0,0.0
2015-10-19,1000000.0,1000000.0,0.0
2015-10-20,1000000.0,1000000.0,0.0
2015-10-21,1000000.0,1000000.0,0.0
2015-10-22,1000000.0,1000000.0,0.0
2015-10-23,1000000.0,1000000.0,0.0
2015-10-26,1000000.0,1000000.0,0.0
2015-10-27,1000000.0,1000000.0,0.0
2015-10-28,1000000.0,1000000.0,0.0
2015-10-29,1000000.0,1000000.0,0.0
2015-10-30,1000000.0,1000000.0,0.0
2015-11-02,1000000.0,1000000.0,0.0
2015-11-03,1000000.0,1000000.0,0.0
2015-11-04,1000000.0,1000000.0,0.0
2015-11-05,1000000.0,1000000.0,0.0
2015-11-06,1000000.0,1000000.0,0.0
2015-11-09,1000000.0,1000000.0,0.0
2015-11-10,1000000.0,1000000.0,0.0
2015-11-11,1000000.0,1000000.0,0.0
2015-11-12,1000000.0,1000000.0,0.0
2015-11-13,1000000.0,1000000.0,0.0
2015-11-16,1000000.0,1000000.0,0.0
2015-11-17,1000000.0,1000000.0,0.0
2015-11-18,1000000.0,1000000.0,0.0
2015-11-19,1000000.0,1000000.0,0.0
2015-11-20,1000000.0,1000000.0,0.0
2015-11-23,1000000.0,1000000.0,0.0
2015-11-24,1000000.0,1000000.0,0.0
2015-11-25,1000000.0,1000000.0,0.0
2015-11-27,1000000.0,1000000.0,0.0
2015-11-30,1000000.0,1000000.0,0.0
2015-12-01,1000000.0,1000000.0,0.0
2015-12-02,1000000.0,1000000.0,0.0
2015-12-03,1000000.0,1000000.0,0.0
2015-12-04,1000000.0,1000000.0,0.0
2015-12-07,1000000.0,1000000.0,0.0
2015-12-08,1000000.0,1000000.0,0.0
2015-12-09,1000000.0,1000000.0,0.0
2015-12-10,1000000.0,1000000.0,0.0
2015-12-11,1000000.0,1000000.0,0.0
2015-12-14,1000000.0,1000000.0,0.0
2015-12-15,1000000.0,1000000.0,0.0
2015-12-16,1000000.0,1000000.0,0.0
2015-12-17,1000000.0,1000000.0,0.0
2015-12-18,1000000.0,1000000.0,0.0
2015-12-21,1000000.0,1000000.0,0.0
2015-12-22,1000000.0,1000000.0,0.0
2015-12-23,1000000.0,1000000.0,0.0
2015-12-24,1000000.0,1000000.0,0.0
2015-12-28,1000000.0,1000000.0,0.0
2015-12-29,1000000.0,1000000.0,0.0
2015-12-30,1000000.0,1000000.0,0.0
2015-12-31,1000000.0,1000000.0,0.0
2016-01-04,1000000.0,1000000.0,0.0
2016-01-05,1000000.0,1000000.0,0.0
2016-01-06,1000000.0,1000000.0,0.0
2016-01-07,1000000.0,1000000.0,0.0
2016-01-08,1000000.0,1000000.0,0.0
2016-01-11,1000000.0,1000000.0,0.0
2016-01-12,1000000.0,1000000.0,0.0
2016-01-13,1000000.0,1000000.0,0.0
2016-01-14,1000000.0,1000000.0,0.0
2016-01-15,1000000.0,1000000.0,0.0
2016-01-19,1000000.0,1000000.0,0.0
2016-01-20,1000000.0,1000000.0,0.0
2016-01-21,1000000.0,1000000.0,0.0
2016-01-22,1000000.0,1000000.0,0.0
2016-01-25,1000000.0,1000000.0,0.0
2016-01-26,1000000.0,1000000.0,0.0
2016-01-27,1000000.0,1000000.0,0.0
2016-01-28,1000000.0,1000000.0,0.0
2016-01-29,1000000.0,1000000.0,0.0
2016-02-01,1000000.0,1000000.0,0.0
2016-02-02,1000000.0,1000000.0,0.0
2016-02-03,1000000.0,1000000.0,0.0
2016-02-04,1000000.0,1000000.0,0.0
2016-02-05,1000000.0,1000000.0,0.0
2016-02-08,1000000.0,1000000.0,0.0
2016-02-09,1000000.0,1000000.0,0.0
2016-02-10,1000000.0,1000000.0,0.0
2016-02-11,1000000.0,1000000.0,0.0
2016-02-12,1000000.0,1000000.0,0.0
2016-02-16,1000000.0,1000000.0,0.0
2016-02-17,1000000.0,1000000.0,0.0
2016-02-18,1000000.0,1000000.0,0.0
2016-02-19,1000000.0,1000000.0,0.0
2016-02-22,1000000.0,1000000.0,0.0
2016-02-23,1000000.0,1000000.0,0.0
2016-02-24,1000000.0,1000000.0,0.0
2016-02-25,1000000.0,1000000.0,0.0
2016-02-26,1000000.0,1000000.0,0.0
2016-02-29,1000000.0,1000000.0,0.0
2016-03-01,1000000.0,1000000.0,0.0
2016-03-02,1000000.0,1000000.0,0.0
2016-03-03,1000000.0,1000000.0,0.0
2016-03-04,1000000.0,1000000.0,0.0
2016-03-07,1000000.0,1000000.0,0.0
2016-03-08,1000000.0,1000000.0,0.0
2016-03-09,1000000.0,1000000.0,0.0
2016-03-10,1000000.0,1000000.0,0.0
2016-03-11,1000000.0,1000000.0,0.0
2016-03-14,1000000.0,1000000.0,0.0
2016-03-15,1000000.0,1000000.0,0.0
2016-03-16,1000000.0,1000000.0,0.0
2016-03-17,1000000.0,1000000.0,0.0
2016-03-18,1000000.0,1000000.0,0.0
2016-03-21,1000000.0,1000000.0,0.0
2016-03-22,1000000.0,1000000.0,0.0
2016-03-23,1000000.0,1000000.0,0.0
2016-03-24,1000000.0,1000000.0,0.0
2016-03-28,1000000.0,1000000.0,0.0
2016-03-29,1000000.0,1000000.0,0.0
2016-03-30,1000000.0,1000000.0,0.0
2016-03-31,1000000.0,1000000.0,0.0
2016-04-01,1000000.0,1000000.0,0.0
2016-04-04,1000000.0,1000000.0,0.0
2016-04-05,1000000.0,1000000.0,0.0
2016-04-06,1000000.0,1000000.0,0.0
2016-04-07,1000000.0,1000000.0,0.0
2016-04-08,1000000.0,1000000.0,0.0
2016-04-11,1000000.0,1000000.0,0.0
2016-04-12,1000000.0,1000000.0,0.0
2016-04-13,1000000.0,1000000.0,0.0
2016-04-14,1000000.0,1000000.0,0.0
2016-04-15,1000000.0,1000000.0,0.0
2016-04-18,1000000.0,1000000.0,0.0
2016-04-19,1000000.0,1000000.0,0.0
2016-04-20,1000000.0,1000000.0,0.0
2016-04-21,1000000.0,1000000.0,0.0
2016-04-22,1000000.0,1000000.0,0.0
2016-04-25,1000000.0,1000000.0,0.0
2016-04-26,1000000.0,1000000.0,0.0
2016-04-27,1000000.0,1000000.0,0.0
2016-04-28,1000000.0,1000000.0,0.0
2016-04-29,1000000.0,1000000.0,0.0
2016-05-02,1000000.0,1000000.0,0.0
2016-05-03,1000000.0,1000000.0,0.0
2016-05-04,1000000.0,1000000.0,0.0
2016-05-05,1000000.0,1000000.0,0.0
2016-05-06,1000000.0,1000000.0,0.0
2016-05-09,1000000.0,1000000.0,0.0
2016-05-10,1000000.0,1000000.0,0.0
2016-05-11,1000000.0,1000000.0,0.0
2016-05-12,1000000.0,1000000.0,0.0
2016-05-13,1000000.0,1000000.0,0.0
2016-05-16,1000000.0,1000000.0,0.0
2016-05-17,1000000.0,1000000.0,0.0
2016-05-18,1000000.0,1000000.0,0.0
2016-05-19,1000000.0,1000000.0,0.0
2016-05-20,1000000.0,1000000.0,0.0
2016-05-23,1000000.0,1000000.0,0.0
2016-05-24,1000000.0,1000000.0,0.0
2016-05-25,1000000.0,1000000.0,0.0
2016-05-26,1000000.0,1000000.0,0.0
2016-05-27,1000000.0,1000000.0,0.0
2016-05-31,1000000.0,1000000.0,0.0
2016-06-01,1000000.0,1000000.0,0.0
2016-06-02,1001197.2567029616,1954.5178902142652,0.0011972567029616688
2016-06-03,1003678.6961046637,1954.5178902142652,0.0024784720344457334
2016-06-06,1004488.6601606457,1954.5178902142652,0.0008069953652753981
2016-06-07,1004381.2181829424,1954.5178902142652,-0.00010696186225356286
2016-06-08,1011213.5970253941,1954.5178902142652,0.006802575275961953
2016-06-09,1013176.4574197305,1954.5178902142652,0.0019410937512216453
2016-06-10,1006779.4556480472,1954.5178902142652,-0.006313808147471844
2016-06-13,998912.0474446744,1954.5178902142652,-0.007814430617586021
2016-06-14,1004879.7646110776,1954.5178902142652,0.005974216830870516
2016-06-15,1004735.9665589173,1954.5178902142652,-0.00014309975902038197
2016-06-16,1008284.8739032918,1954.5178902142652,0.00353217906245451
2016-06-17,1004536.3902943699,1954.5178902142652,-0.0037176830734459987
2016-06-20,1012880.7659029679,1954.5178902142652,0.008306693206159288
2016-06-21,1014758.3876570634,1954.5178902142652,0.001853744110168476
2016-06-22,1014427.4489901407,1954.5178902142652,-0.0003261255791999762
2016-06-23,1025320.0422045757,1954.5178902142652,0.010737675942501967
2016-06-24,1003965.7499321594,1954.5178902142652,-0.0208269529448597
2016-06-27,994220.6610469662,91463.01930489646,-0.009706594956901404
2016-06-28,1002368.4535016407,91463.01930489646,0.008195155033385193
2016-06-29,1007366.9774545121,91463.01930489646,0.004986713154638611
2016-06-30,1025515.8449602316,91463.01930489646,0.018016142986520434
2016-07-01,1024157.554674513,91463.01930489646,-0.0013244946846932004
2016-07-05,1025664.3770641148,91463.01930489646,0.0014712798658020887
2016-07-06,1027117.2866741937,196757.36424625656,0.0014165546182247635
2016-07-07,1022963.0281424517,196757.36424625656,-0.004044580483299587
2016-07-08,1034834.8579538388,196757.36424625656,0.011605336150754653
2016-07-11,1036467.7888089074,196757.36424625656,0.0015779627469230117
2016-07-12,1035230.0766948985,196757.36424625656,-0.0011941636077578144
2016-07-13,1038576.8046339817,196757.36424625656,0.0032328349170147597
2016-07-14,1038011.0049968815,196757.36424625656,-0.0005447836256073924
2016-07-15,1038892.1296731243,196757.36424625656,0.0008488587038106843
2016-07-18,1039077.6210367589,196757.36424625656,0.00017854727968047435
2016-07-19,1040437.6230763871,196757.36424625656,0.001308855096187278
2016-07-20,1039696.1759876272,196757.36424625656,-0.0007126300244386652
2016-07-21,1035013.1654034965,196757.36424625656,-0.0045042106456555375
2016-07-22,1040606.4990635131,196757.36424625656,0.005404118369678912
2016-07-25,1038885.5840891191,196757.36424625656,-0.0016537615092186986
2016-07-26,1039828.561604995,196757.36424625656,0.0009076817797051273
2016-07-27,1034637.8390561757,196757.36424625656,-0.004991902262049264
2016-07-28,1037290.8635806311,196757.36424625656,0.002564205970734257
2016-07-29,1034736.3012179265,196757.36424625656,-0.0024627252127589205
2016-08-01,1038022.2800865782,196757.36424625656,0.003175667911509361
2016-08-02,1031808.6067142045,96290.63424625657,-0.005986069366310187
2016-08-03,1032732.6340139896,202212.50638297017,0.0008955413763485076
2016-08-04,1038495.1511111397,202212.50638297017,0.005579873151439596
2016-08-05,1043545.5990781075,202212.50638297017,0.00486323692658952
2016-08-08,1044894.4794045596,202212.50638297017,0.0012925935652872145
2016-08-09,1054716.1797830476,202212.50638297017,0.009399705493788213
2016-08-10,1045418.6914853774,202212.50638297017,-0.008815156604104368
2016-08-11,1046877.2300431222,202212.50638297017,0.0013951716853966012
2016-08-12,1046248.9138727523,202212.50638297017,-0.0006001813320020144
2016-08-15,1047645.636009317,202212.50638297017,0.0013349807278599801
2016-08-16,1042782.171652147,202212.50638297017,-0.004642279975217489
2016-08-17,1044919.6995121221,202212.50638297017,0.002049831612088715
2016-08-18,1044923.5225046183,202212.50638297017,3.658647165005746e-06
2016-08-19,1045273.7530721546,202212.50638297017,0.0003351733978549376
2016-08-22,1045703.2502247343,202212.50638297017,0.0004108944200669207
2016-08-23,1043295.6556716607,202212.50638297017,-0.0023023688150115573
2016-08-24,1042222.8816424833,202212.50638297017,-0.0010282550524824963
2016-08-25,1042537.1918962048,202212.50638297017,0.00030157681169518114
2016-08-26,1041249.0141302388,202212.50638297017,-0.001235618044113207
2016-08-29,1046271.9013124983,202212.50638297017,0.004823905822811447
2016-08-30,1047566.8268414016,202212.50638297017,0.0012376567957899098
2016-08-31,1048137.6219944056,202212.50638297017,0.0005448770793219371
2016-09-01,1056735.0436933073,202212.50638297017,0.00820256950851772
2016-09-02,1060913.9675260284,1474.6190381144697,0.003954561607151463
2016-09-06,1065062.3632492002,233364.54249615187,0.003910209357357752
2016-09-07,1061156.5291033415,233364.54249615187,-0.0036672351597732966
2016-09-08,1056592.7963036988,233364.54249615187,-0.004300715940087518
2016-09-09,1033373.7202900184,233364.54249615187,-0.021975425248883185
2016-09-12,1043722.0552627818,233364.54249615187,0.010014126321945982
2016-09-13,1034014.7819321094,233364.54249615187,-0.009300630643690244
2016-09-14,1032136.4537101119,233364.54249615187,-0.001816539042592491
2016-09-15,1040074.7361354947,233364.54249615187,0.007691117193708186
2016-09-16,1036954.8893974934,233364.54249615187,-0.0029996370737677136
2016-09-19,1039353.4776091273,233364.54249615187,0.0023131075769626808
2016-09-20,1041955.1251293891,233364.54249615187,0.002503140246614244
2016-09-21,1050821.355458765,233364.54249615187,0.008509224740628873
2016-09-22,1054241.9444003138,233364.54249615187,0.0032551574287862373
2016-09-23,1047959.1236899022,233364.54249615187,-0.005959562455073231
2016-09-26,1042987.4113589233,233364.54249615187,-0.004744185358559916
2016-09-27,1049270.8348768726,233364.54249615187,0.006024448089706702
2016-09-28,1050888.17235055,233364.54249615187,0.00154139181221713
2016-09-29,1041189.7222010056,233364.54249615187,-0.00922881273642251
2016-09-30,1049204.9757107487,233364.54249615187,0.007698168104079528
2016-10-03,1046400.5672867469,233364.54249615187,-0.0026728889863508742
2016-10-04,1038543.8755029456,32985.65234957049,-0.007508302297821956
2016-10-05,1038014.1903060268,32985.65234957049,-0.0005100267879026843
2016-10-06,1041284.0974231733,32985.65234957049,0.003150156469616583
2016-10-07,1039662.0646537263,32985.65234957049,-0.0015577235583074112
2016-10-10,1040146.2621420075,32985.65234957049,0.0004657258399078934
2016-10-11,1030340.1747838135,32985.65234957049,-0.009427604285189628
2016-10-12,1033324.161049695,32985.65234957049,0.0028961175531252437
2016-10-13,1028054.5914826593,32985.65234957049,-0.00509962871833225
2016-10-14,1027918.5222529097,32985.65234957049,-0.00013235603525041384
2016-10-17,1022165.8937565102,32985.65234957049,-0.0055963856783038946
2016-10-18,1021664.1310553756,32985.65234957049,-0.0004908818658492242
2016-10-19,1019365.271582384,32985.65234957049,-0.0022501127357938966
2016-10-20,1017035.7011415896,32985.65234957049,-0.0022853147009591623
2016-10-21,1025665.6620180608,32985.65234957049,0.008485406035190657
2016-10-24,1033442.4395254194,32985.65234957049,0.007582175942262959
2016-10-25,1028229.7508257224,122837.97963692762,-0.005044004871805785
2016-10-26,1028729.6998926824,122837.97963692762,0.00048622310972668004
2016-10-27,1023010.4739105067,122837.97963692762,-0.005559503125818432
2016-10-28,1025798.5838576839,122837.97963692762,0.0027253972645260305
2016-10-31,1029777.7715146184,122837.97963692762,0.0038791120591823436
2016-11-01,1018729.9947163798,122837.97963692762,-0.010728311587061445
2016-11-02,1010188.5233701878,122837.97963692762,-0.008384430997901426
2016-11-03,1011014.5158125444,1011014.5158125444,0.0008176616772490597
2016-11-04,1011014.5158125444,1011014.5158125444,0.0
2016-11-07,1011014.5158125444,1011014.5158125444,0.0
2016-11-08,1011014.5158125444,1011014.5158125444,0.0
2016-11-09,1011014.5158125444,1011014.5158125444,0.0
2016-11-10,1011014.5158125444,1011014.5158125444,0.0
2016-11-11,1011014.5158125444,1011014.5158125444,0.0
2016-11-14,1011014.5158125444,1011014.5158125444,0.0
2016-11-15,1011014.5158125444,1011014.5158125444,0.0
2016-11-16,1011014.5158125444,1011014.5158125444,0.0
2016-11-17,1011014.5158125444,1011014.5158125444,0.0
2016-11-18,1011014.5158125444,1011014.5158125444,0.0
2016-11-21,1011014.5158125444,1011014.5158125444,0.0
2016-11-22,1011014.5158125444,1011014.5158125444,0.0
2016-11-23,1011014.5158125444,1011014.5158125444,0.0
2016-11-25,1011014.5158125444,1011014.5158125444,0.0
2016-11-28,1011014.5158125444,1011014.5158125444,0.0
2016-11-29,1011014.5158125444,1011014.5158125444,0.0
2016-11-30,1011014.5158125444,1011014.5158125444,0.0
2016-12-01,1011014.5158125444,1011014.5158125444,0.0
2016-12-02,1015124.5897900261,11613.481258148022,0.004065296702667531
2016-12-05,1022964.8137882202,11613.481258148022,0.0077234105813708265
2016-12-06,1025667.3447905309,11613.481258148022,0.0026418611528804536
2016-12-07,1039207.7352859265,11613.481258148022,0.013201541965987884
2016-12-08,1036298.9244336851,11613.481258148022,-0.002799065820503155
2016-12-09,1037233.0038985561,11613.481258148022,0.0009013610289920759
2016-12-12,1029061.0659509816,11613.481258148022,-0.007878594218328372
2016-12-13,1039316.4665043133,11613.481258148022,0.009965784240271836
2016-12-14,1038894.5284094905,11613.481258148022,-0.0004059765320970632
2016-12-15,1041873.3138665789,11613.481258148022,0.002867264554418991
2016-12-16,1040912.4580529522,11613.481258148022,-0.000922238626173022
2016-12-19,1041787.9196205823,11613.481258148022,0.0008410520604851257
2016-12-20,1048191.6105452933,130940.89436150364,0.006146827779538233
2016-12-21,1046893.7393489791,130940.89436150364,-0.001238200328315009
2016-12-22,1043335.3469354869,130940.89436150364,-0.003399000566862709
2016-12-23,1042587.1082468891,130940.89436150364,-0.0007171602982641856
2016-12-27,1047517.0157477976,130940.89436150364,0.004728532956059794
2016-12-28,1037743.2755643578,130940.89436150364,-0.00933038799036845
2016-12-29,1040671.4262899886,130940.89436150364,0.0028216523244040115
2016-12-30,1032932.4733738146,130940.89436150364,-0.007436499860252188
2017-01-03,1040841.0470932086,130940.89436150364,0.00765642858875637
2017-01-04,1049265.4375697966,30150.10401597264,0.008093829985005963
2017-01-05,1056118.3512797551,233844.65475399577,0.006531153571426751
2017-01-06,1055176.5423401343,233844.65475399577,-0.0008917645815732511
2017-01-09,1050808.7553816976,233844.65475399577,-0.004139389744914124
2017-01-10,1043495.3827566984,233844.65475399577,-0.006959756080774815
2017-01-11,1044215.2046349819,233844.65475399577,0.0006898179811605232
2017-01-12,1041153.9706333263,233844.65475399577,-0.0029316121696635333
2017-01-13,1045381.2918290398,233844.65475399577,0.0040602267435450035
2017-01-17,1052154.45379553,233844.65475399577,0.0064791306477653965
2017-01-18,1054111.4441046165,233844.65475399577,0.0018599838664628
2017-01-19,1052946.576663771,233844.65475399577,-0.0011050704812668455
2017-01-20,1057504.5640074918,233844.65475399577,0.004328792594741726
2017-01-23,1053699.3532157463,233844.65475399577,-0.0035982925476230054
2017-01-24,1060055.8283627897,233844.65475399577,0.006032532076293062
2017-01-25,1064034.5344811452,233844.65475399577,0.0037532986583361794
2017-01-26,1065476.4802428582,233844.65475399577,0.0013551681970700447
2017-01-27,1063751.5988239127,233844.65475399577,-0.0016188826791863065
2017-01-30,1059554.4038318794,233844.65475399577,-0.003945653286607231
2017-01-31,1053472.8773087114,233844.65475399577,-0.005739701992813373
2017-02-01,1049224.154377615,323982.68170788686,-0.004033063425373129
2017-02-02,1050526.651258523,323982.68170788686,0.0012413904840768986
2017-02-03,1055520.8786531948,1055520.8786531948,0.004754022554961823
2017-02-06,1055520.8786531948,1055520.8786531948,0.0
2017-02-07,1055520.8786531948,1055520.8786531948,0.0
2017-02-08,1055520.8786531948,1055520.8786531948,0.0
2017-02-09,1055520.8786531948,1055520.8786531948,0.0
2017-02-10,1055520.8786531948,1055520.8786531948,0.0
2017-02-13,1055520.8786531948,1055520.8786531948,0.0
2017-02-14,1055520.8786531948,1055520.8786531948,0.0
2017-02-15,1055520.8786531948,1055520.8786531948,0.0
2017-02-16,1055520.8786531948,1055520.8786531948,0.0
2017-02-17,1055520.8786531948,1055520.8786531948,0.0
2017-02-21,1055520.8786531948,1055520.8786531948,0.0
2017-02-22,1055520.8786531948,1055520.8786531948,0.0
2017-02-23,1055520.8786531948,1055520.8786531948,0.0
2017-02-24,1055520.8786531948,1055520.8786531948,0.0
2017-02-27,1055520.8786531948,1055520.8786531948,0.0
2017-02-28,1055520.8786531948,1055520.8786531948,0.0
2017-03-01,1055520.8786531948,1055520.8786531948,0.0
2017-03-02,1055520.8786531948,1055520.8786531948,0.0
2017-03-03,1055520.8786531948,1055520.8786531948,0.0
2017-03-06,1055520.8786531948,1055520.8786531948,0.0
2017-03-07,1055520.8786531948,1055520.8786531948,0.0
2017-03-08,1055520.8786531948,1055520.8786531948,0.0
2017-03-09,1055520.8786531948,1055520.8786531948,0.0
2017-03-10,1055520.8786531948,1055520.8786531948,0.0
2017-03-13,1055520.8786531948,1055520.8786531948,0.0
2017-03-14,1055520.8786531948,1055520.8786531948,0.0
2017-03-15,1055520.8786531948,1055520.8786531948,0.0
2017-03-16,1055520.8786531948,1055520.8786531948,0.0
2017-03-17,1055520.8786531948,1055520.8786531948,0.0
2017-03-20,1055520.8786531948,1055520.8786531948,0.0
2017-03-21,1055520.8786531948,1055520.8786531948,0.0
2017-03-22,1055520.8786531948,1055520.8786531948,0.0
2017-03-23,1055520.8786531948,1055520.8786531948,0.0
2017-03-24,1055520.8786531948,1055520.8786531948,0.0
2017-03-27,1055520.8786531948,1055520.8786531948,0.0
2017-03-28,1055520.8786531948,1055520.8786531948,0.0
2017-03-29,1055520.8786531948,1055520.8786531948,0.0
2017-03-30,1055520.8786531948,1055520.8786531948,0.0
2017-03-31,1055520.8786531948,1055520.8786531948,0.0
2017-04-03,1055520.8786531948,1055520.8786531948,0.0
2017-04-04,1058932.130439905,56358.28230254847,0.0032318183900472697
2017-04-05,1054974.3734891636,56358.28230254847,-0.0037374982182259986
2017-04-06,1056881.0694107318,56358.28230254847,0.0018073386136026048
2017-04-07,1058041.6823566018,56358.28230254847,0.001098149053343489
2017-04-10,1059702.787072722,56358.28230254847,0.0015699804117550453
2017-04-11,1065052.011736086,56358.28230254847,0.005047853727119467
2017-04-12,1058467.3895447864,56358.28230254847,-0.006182441907758518
2017-04-13,1048980.1459893752,56358.28230254847,-0.008963189276422923
2017-04-17,1058868.594841911,56358.28230254847,0.00942672641645581
2017-04-18,1059709.100180232,56358.28230254847,0.0007937768127370681
2017-04-19,1057308.7785493345,56358.28230254847,-0.0022650759821626343
2017-04-20,1051377.7731209514,145781.821790782,-0.005609530109568106
2017-04-21,1054468.6652159325,145781.821790782,0.002939849190273458
2017-04-24,1060529.7360221767,145781.821790782,0.00574798569761481
2017-04-25,1070069.7023160872,145781.821790782,0.00899547270564316
2017-04-26,1061978.9147412225,145781.821790782,-0.0075609911740821545
2017-04-27,1062532.1342237077,145781.821790782,0.0005209326426409699
2017-04-28,1065156.9879554922,145781.821790782,0.002470375857104967
2017-05-01,1065920.6760081958,145781.821790782,0.0007169722973601189
2017-05-02,1060676.8358928056,46805.2783906597,-0.004919540668849809
2017-05-03,1060339.7183807804,142982.39948333672,-0.00031783244492311624
2017-05-04,1063217.2527179183,142982.39948333672,0.0027137852965952725
2017-05-05,1067536.4362204236,142982.39948333672,0.0040623715345702305
2017-05-08,1065278.0087805516,142982.39948333672,-0.002115550685902412
2017-05-09,1066127.738901618,142982.39948333672,0.000797660436113734
2017-05-10,1083778.0534696598,142982.39948333672,0.01655553450492353
2017-05-11,1086983.2837864384,261754.2515634835,0.002957460068984785
2017-05-12,1085115.3108665773,261754.2515634835,-0.0017184927751180412
2017-05-15,1089256.4011362372,261754.2515634835,0.003816267477004587
2017-05-16,1092577.292513643,261754.2515634835,0.0030487692098404295
2017-05-17,1081328.3706428371,261754.2515634835,-0.010295767583569204
2017-05-18,1080415.6794709936,261754.2515634835,-0.000844046264411813
2017-05-19,1089968.7195552087,261754.2515634835,0.008842004300504636
2017-05-22,1095607.8666186975,261754.2515634835,0.005173677888471895
2017-05-23,1095868.8535051765,261754.2515634835,0.0002382119501245228
2017-05-24,1102514.2211795803,261754.2515634835,0.006064017289248103
2017-05-25,1107521.45438395,261754.2515634835,0.004541649539007597
2017-05-26,1107680.745337363,261754.2515634835,0.00014382651711408734
2017-05-30,1107053.1152324262,261754.2515634835,-0.0005666164258779638
2017-05-31,1111498.3703434058,261754.2515634835,0.004015394609179435
2017-06-01,1113007.2867673398,261754.2515634835,0.001357551629578957
2017-06-02,1119748.7920879626,261754.2515634835,0.006057018135256831
2017-06-05,1118927.894463948,1118927.894463948,-0.0007331087381517998
2017-06-06,1118927.894463948,1118927.894463948,0.0
2017-06-07,1118927.894463948,1118927.894463948,0.0
2017-06-08,1118927.894463948,1118927.894463948,0.0
2017-06-09,1118927.894463948,1118927.894463948,0.0
2017-06-12,1118927.894463948,1118927.894463948,0.0
2017-06-13,1118927.894463948,1118927.894463948,0.0
2017-06-14,1118927.894463948,1118927.894463948,0.0
2017-06-15,1118927.894463948,1118927.894463948,0.0
2017-06-16,1118927.894463948,1118927.894463948,0.0
2017-06-19,1118927.894463948,1118927.894463948,0.0
2017-06-20,1118927.894463948,1118927.894463948,0.0
2017-06-21,1118927.894463948,1118927.894463948,0.0
2017-06-22,1118927.894463948,1118927.894463948,0.0
2017-06-23,1118927.894463948,1118927.894463948,0.0
2017-06-26,1118927.894463948,1118927.894463948,0.0
2017-06-27,1118927.894463948,1118927.894463948,0.0
2017-06-28,1118927.894463948,1118927.894463948,0.0
2017-06-29,1118927.894463948,1118927.894463948,0.0
2017-06-30,1118927.894463948,1118927.894463948,0.0
2017-07-03,1118927.894463948,1118927.894463948,0.0
2017-07-05,1128460.6544385545,114439.70275879584,0.008519548061828752
2017-07-06,1122516.2871292245,114439.70275879584,-0.0052676779522167205
2017-07-07,1131070.4772739636,114439.70275879584,0.007620548799889493
2017-07-10,1142097.270873397,114439.70275879584,0.009748988963101057
2017-07-11,1145670.7367351542,114439.70275879584,0.0031288629724370853
2017-07-12,1152617.9037634265,114439.70275879584,0.0060638426081038865
2017-07-13,1149567.7640264514,114439.70275879584,-0.002646271350649654
2017-07-14,1154178.9315739437,114439.70275879584,0.004011218556913443
2017-07-17,1153816.622226739,114439.70275879584,-0.00031391090002874655
2017-07-18,1156344.2083393096,114439.70275879584,0.0021906306980501444
2017-07-19,1162291.7321094673,114439.70275879584,0.005143385271673795
2017-07-20,1162027.7406196813,114439.70275879584,-0.00022713014512010243
2017-07-21,1168758.2545215131,114439.70275879584,0.005792042364016758
2017-07-24,1166602.2678457506,114439.70275879584,-0.0018446814535185707
2017-07-25,1159244.8126377212,114439.70275879584,-0.0063067383038913905
2017-07-26,1163268.388406441,114439.70275879584,0.0034708594119690073
2017-07-27,1160440.4541089619,234740.73979202664,-0.0024310247967395116
2017-07-28,1156997.6941573345,234740.73979202664,-0.0029667700220523674
2017-07-31,1155068.8872420047,234740.73979202664,-0.0016670793079968105
2017-08-01,1156855.1336679703,234740.73979202664,0.0015464414682926364
2017-08-02,1153478.4141581042,234740.73979202664,-0.002918878441728223
2017-08-03,1152102.2495907247,1152102.2495907247,-0.0011930561946267293
2017-08-04,1152102.2495907247,1152102.2495907247,0.0
2017-08-07,1152102.2495907247,1152102.2495907247,0.0
2017-08-08,1152102.2495907247,1152102.2495907247,0.0
2017-08-09,1152102.2495907247,1152102.2495907247,0.0
2017-08-10,1152102.2495907247,1152102.2495907247,0.0
2017-08-11,1152102.2495907247,1152102.2495907247,0.0
2017-08-14,1152102.2495907247,1152102.2495907247,0.0
2017-08-15,1152102.2495907247,1152102.2495907247,0.0
2017-08-16,1152102.2495907247,1152102.2495907247,0.0
2017-08-17,1152102.2495907247,1152102.2495907247,0.0
2017-08-18,1152102.2495907247,1152102.2495907247,0.0
2017-08-21,1152102.2495907247,1152102.2495907247,0.0
2017-08-22,1152102.2495907247,1152102.2495907247,0.0
2017-08-23,1152102.2495907247,1152102.2495907247,0.0
2017-08-24,1152102.2495907247,1152102.2495907247,0.0
2017-08-25,1152102.2495907247,1152102.2495907247,0.0
2017-08-28,1152102.2495907247,1152102.2495907247,0.0
2017-08-29,1152102.2495907247,1152102.2495907247,0.0
2017-08-30,1152102.2495907247,1152102.2495907247,0.0
2017-08-31,1152102.2495907247,1152102.2495907247,0.0
2017-09-01,1152102.2495907247,1152102.2495907247,0.0
2017-09-05,1152102.2495907247,1152102.2495907247,0.0
2017-09-06,1152102.2495907247,1152102.2495907247,0.0
2017-09-07,1152102.2495907247,1152102.2495907247,0.0
2017-09-08,1152102.2495907247,1152102.2495907247,0.0
2017-09-11,1152102.2495907247,1152102.2495907247,0.0
2017-09-12,1152102.2495907247,1152102.2495907247,0.0
2017-09-13,1152102.2495907247,1152102.2495907247,0.0
2017-09-14,1152102.2495907247,1152102.2495907247,0.0
2017-09-15,1152102.2495907247,1152102.2495907247,0.0
2017-09-18,1152102.2495907247,1152102.2495907247,0.0
2017-09-19,1152102.2495907247,1152102.2495907247,0.0
2017-09-20,1152102.2495907247,1152102.2495907247,0.0
2017-09-21,1152102.2495907247,1152102.2495907247,0.0
2017-09-22,1152102.2495907247,1152102.2495907247,0.0
2017-09-25,1152102.2495907247,1152102.2495907247,0.0
2017-09-26,1152102.2495907247,1152102.2495907247,0.0
2017-09-27,1152102.2495907247,1152102.2495907247,0.0
2017-09-28,1152102.2495907247,1152102.2495907247,0.0
2017-09-29,1152102.2495907247,1152102.2495907247,0.0
2017-10-02,1152102.2495907247,1152102.2495907247,0.0
2017-10-03,1152102.2495907247,1152102.2495907247,0.0
2017-10-04,1152102.2495907247,1152102.2495907247,0.0
2017-10-05,1152102.2495907247,1152102.2495907247,0.0
2017-10-06,1152102.2495907247,1152102.2495907247,0.0
2017-10-09,1152102.2495907247,1152102.2495907247,0.0
2017-10-10,1152102.2495907247,1152102.2495907247,0.0
2017-10-11,1152102.2495907247,1152102.2495907247,0.0
2017-10-12,1152102.2495907247,1152102.2495907247,0.0
2017-10-13,1152102.2495907247,1152102.2495907247,0.0
2017-10-16,1152102.2495907247,1152102.2495907247,0.0
2017-10-17,1152102.2495907247,1152102.2495907247,0.0
2017-10-18,1152102.2495907247,1152102.2495907247,0.0
2017-10-19,1152102.2495907247,1152102.2495907247,0.0
2017-10-20,1152102.2495907247,1152102.2495907247,0.0
2017-10-23,1152102.2495907247,1152102.2495907247,0.0
2017-10-24,1152102.2495907247,1152102.2495907247,0.0
2017-10-25,1152102.2495907247,1152102.2495907247,0.0
2017-10-26,1152102.2495907247,1152102.2495907247,0.0
2017-10-27,1152102.2495907247,1152102.2495907247,0.0
2017-10-30,1152102.2495907247,1152102.2495907247,0.0
2017-10-31,1152102.2495907247,1152102.2495907247,0.0
2017-11-01,1152102.2495907247,1152102.2495907247,0.0
2017-11-02,1149456.598498371,155151.04233636154,-0.002296368306974106
2017-11-03,1151854.7623159722,155151.04233636154,0.002086345687809521
2017-11-06,1151180.3445876103,155151.04233636154,-0.0005855058731587537
2017-11-07,1158564.327148464,155151.04233636154,0.0064142708790766445
2017-11-08,1162693.9904700061,155151.04233636154,0.003564466145532297
2017-11-09,1154203.0865403644,155151.04233636154,-0.007302784738922874
2017-11-10,1164004.0124825146,155151.04233636154,0.008491509038957457
2017-11-13,1169362.902297184,155151.04233636154,0.0046038413589661875
2017-11-14,1170968.0823641242,155151.04233636154,0.0013726962466371617
2017-11-15,1161526.8007794814,155151.04233636154,-0.008062800111153678
2017-11-16,1172614.1381093764,155151.04233636154,0.009545485581955226
2017-11-17,1168842.759927459,155151.04233636154,-0.0032162141486695717
2017-11-20,1182276.8012133264,155151.04233636154,0.011493454677086845
2017-11-21,1195827.5414341346,155151.04233636154,0.011461563152471266
2017-11-22,1191748.9704881744,155151.04233636154,-0.003410668181357379
2017-11-24,1195733.954827706,155151.04233636154,0.003343811858213197
2017-11-27,1194059.5534812023,155151.04233636154,-0.0014003126194949145
2017-11-28,1198258.47377253,155151.04233636154,0.003516508267184859
2017-11-29,1188506.3721333814,155151.04233636154,-0.008138562632856283
2017-11-30,1197943.0429611083,155151.04233636154,0.007939941298579667
2017-12-01,1193518.4520224177,155151.04233636154,-0.003693490241200248
2017-12-04,1188504.1756250896,146541.56540514206,-0.004201255865656228
2017-12-05,1180110.7943147311,234630.44809112005,-0.0070621386802818265
2017-12-06,1174062.567295929,234630.44809112005,-0.005125134900841433
2017-12-07,1176558.844299057,234630.44809112005,0.0021261873708122714
2017-12-08,1182630.7968344954,234630.44809112005,0.005160772506075384
2017-12-11,1184050.1958318166,234630.44809112005,0.0012002046632986207
2017-12-12,1179556.4945237755,234630.44809112005,-0.0037951949367182047
2017-12-13,1182438.498694793,234630.44809112005,0.002443294733569523
2017-12-14,1178045.1794483424,234630.44809112005,-0.0037154737868397847
2017-12-15,1185289.6461489205,234630.44809112005,0.0061495661006572
2017-12-18,1190961.65655581,234630.44809112005,0.004785337006290469
2017-12-19,1191974.3384888535,234630.44809112005,0.0008503060761604342
2017-12-20,1193092.905268296,234630.44809112005,0.0009384151515043904
2017-12-21,1195034.578733227,234630.44809112005,0.0016274285567849933
2017-12-22,1193547.082085611,234630.44809112005,-0.0012447310513749033
2017-12-26,1195907.9664900487,234630.44809112005,0.001978040447564222
2017-12-27,1200258.555976838,234630.44809112005,0.0036378965678758313
2017-12-28,1201353.490870948,234630.44809112005,0.0009122491888580164
2017-12-29,1198190.437949862,234630.44809112005,-0.0026329077537309287
2018-01-02,1197084.8689202478,234630.44809112005,-0.0009226989254780271
2018-01-03,1202778.64418829,134781.94741537003,0.004756367251703697
2018-01-04,1207954.4806156547,134781.94741537003,0.004303232728959605
2018-01-05,1216383.5106363515,134781.94741537003,0.006977936798082673
2018-01-08,1224318.7641870345,134781.94741537003,0.006523644460234124
2018-01-09,1228010.985538393,134781.94741537003,0.003015735329197744
2018-01-10,1217281.2415600745,134781.94741537003,-0.008737498364979501
2018-01-11,1233015.663781176,134781.94741537003,0.012925872578908981
2018-01-12,1239014.4752789312,254473.68590184354,0.004865154331745503
2018-01-16,1237399.997823526,254473.68590184354,-0.0013030335703235751
2018-01-17,1255171.619366909,254473.68590184354,0.014362066894004988
2018-01-18,1259046.7427172144,374291.88671274355,0.003087325502356464
2018-01-19,1267498.5938743204,374291.88671274355,0.006712897043731347
2018-01-22,1273810.71579413,498386.1465899515,0.004979983370644758
2018-01-23,1272652.9307496839,498386.1465899515,-0.0009089145114659081
2018-01-24,1274322.62624169,498386.1465899515,0.0013119802356660326
2018-01-25,1275547.2516385955,498386.1465899515,0.0009610010618090747
2018-01-26,1285995.1523183892,623130.7671031735,0.00819091622546475
2018-01-29,1279250.9054182488,623130.7671031735,-0.005244379722568748
2018-01-30,1273726.8732329742,711040.6871031736,-0.004318177272244039
2018-01-31,1272451.4835201018,711040.6871031736,-0.0010013054915259945
2018-02-01,1266000.768351737,711040.6871031736,-0.005069517582328209
2018-02-02,1255121.45248893,711040.6871031736,-0.008593451232238425
2018-02-05,1251753.4019455332,1251753.4019455332,-0.002683445922080141
2018-02-06,1251753.4019455332,1251753.4019455332,0.0
2018-02-07,1251753.4019455332,1251753.4019455332,0.0
2018-02-08,1251753.4019455332,1251753.4019455332,0.0
2018-02-09,1251753.4019455332,1251753.4019455332,0.0
2018-02-12,1251753.4019455332,1251753.4019455332,0.0
2018-02-13,1251753.4019455332,1251753.4019455332,0.0
2018-02-14,1251753.4019455332,1251753.4019455332,0.0
2018-02-15,1251753.4019455332,1251753.4019455332,0.0
2018-02-16,1251753.4019455332,1251753.4019455332,0.0
2018-02-20,1251753.4019455332,1251753.4019455332,0.0
2018-02-21,1251753.4019455332,1251753.4019455332,0.0
2018-02-22,1251753.4019455332,1251753.4019455332,0.0
2018-02-23,1251753.4019455332,1251753.4019455332,0.0
2018-02-26,1251753.4019455332,1251753.4019455332,0.0
2018-02-27,1251753.4019455332,1251753.4019455332,0.0
2018-02-28,1251753.4019455332,1251753.4019455332,0.0
2018-03-01,1251753.4019455332,1251753.4019455332,0.0
2018-03-02,1268093.1086440154,262243.3453723378,0.013053454996076796
2018-03-05,1280672.4698780924,262243.3453723378,0.00991990347422389
2018-03-06,1293444.4850337724,262243.3453723378,0.009972897408262238
2018-03-07,1292129.4309111843,262243.3453723378,-0.0010167070468074524
2018-03-08,1305718.6769434088,262243.3453723378,0.01051693871150472
2018-03-09,1323208.325138138,379308.0953530699,0.013394652694768139
2018-03-12,1326827.4550480198,379308.0953530699,0.002735117245807883
2018-03-13,1320716.5703941411,379308.0953530699,-0.0046056362721688116
2018-03-14,1316007.9027300982,379308.0953530699,-0.0035652370611490847
2018-03-15,1315795.2777281748,379308.0953530699,-0.00016156818016233032
2018-03-16,1317746.902677792,379308.0953530699,0.001483228419079552
2018-03-19,1300882.895292371,379308.0953530699,-0.012797607303156266
2018-03-20,1309926.1091530712,379308.0953530699,0.0069515971755995665
2018-03-21,1303818.7218295266,379308.0953530699,-0.004662390711101527
2018-03-22,1277670.2238507993,468587.28945316176,-0.02005531715485387
2018-03-23,1261829.364767544,468587.28945316176,-0.012398237657532785
2018-03-26,1276675.24902282,468587.28945316176,0.011765365959771401
2018-03-27,1263428.3214982653,468587.28945316176,-0.010376113686463406
2018-03-28,1262756.3787863748,468587.28945316176,-0.0005318407862613395
2018-03-29,1280835.641116178,468587.28945316176,0.014317300338786643
2018-04-02,1264999.7278440217,468587.28945316176,-0.012363735645547824
2018-04-03,1276610.8443256575,65709.4484549487,0.009178750181571216
2018-04-04,1287681.8779627476,260403.32920131227,0.00867220710704375
2018-04-05,1282777.0502582523,260403.32920131227,-0.0038090368346686
2018-04-06,1259816.560444816,260403.32920131227,-0.017899049416898904
2018-04-09,1263600.0689661023,260403.32920131227,0.0030032217705968645
2018-04-10,1287471.3698543767,260403.32920131227,0.018891500146724693
2018-04-11,1282773.8797925161,260403.32920131227,-0.0036486171046986593
2018-04-12,1301703.2301618368,260403.32920131227,0.014756576094597795
2018-04-13,1292853.5923732813,260403.32920131227,-0.006798506436413554
2018-04-16,1302607.993468665,260403.32920131227,0.0075448613461928105
2018-04-17,1313882.9849541937,260403.32920131227,0.008655705739609942
2018-04-18,1321178.954473455,379119.32681229827,0.005552982725867128
2018-04-19,1309113.726478763,379119.32681229827,-0.009132167867070273
2018-04-20,1305449.0280288733,379119.32681229827,-0.0027993736340592434
2018-04-23,1301253.7490088954,379119.32681229827,-0.003213667427760414
2018-04-24,1281854.4339173292,379119.32681229827,-0.014908172296403954
2018-04-25,1286046.3723511563,379119.32681229827,0.003270214092107704
2018-04-26,1309882.083246947,379119.32681229827,0.018534099087122557
2018-04-27,1307107.5876837657,379119.32681229827,-0.0021181262028593384
2018-04-30,1298527.1468364433,470424.5286889626,-0.006564448809089352
2018-05-01,1317122.0056580284,470424.5286889626,0.01431996155558779
2018-05-02,1312943.4965356844,193208.7202335134,-0.0031724541116116
2018-05-03,1316948.1680510289,614876.5160042635,0.0030501476460420562
2018-05-04,1326939.938000459,614876.5160042635,0.0075870639345032576
2018-05-07,1336117.5373042827,614876.5160042635,0.006916363763723288
2018-05-08,1338850.9117431121,614876.5160042635,0.0020457589714331093
2018-05-09,1352132.6764020831,614876.5160042635,0.00992027158698261
2018-05-10,1360282.3088095293,614876.5160042635,0.006027243146827566
2018-05-11,1357900.7145544165,614876.5160042635,-0.0017508088135007593
2018-05-14,1359668.0123788202,614876.5160042635,0.0013014926683971861
2018-05-15,1354210.992394555,614876.5160042635,-0.004013494422596575
2018-05-16,1357144.5114527335,733644.2303350396,0.0021662200902619055
2018-05-17,1358313.0813320908,733644.2303350396,0.0008610504404622521
2018-05-18,1359860.7539393613,733644.2303350396,0.001139407864461317
2018-05-21,1367996.3353524173,733644.2303350396,0.005982657701891991
2018-05-22,1360423.111380342,733644.2303350396,-0.005535997265756154
2018-05-23,1366645.9590996462,733644.2303350396,0.004574200237593917
2018-05-24,1366473.9756686466,733644.2303350396,-0.00012584344164223715
2018-05-25,1367138.3624544092,733644.2303350396,0.00048620522424336343
2018-05-29,1360043.7192338654,733644.2303350396,-0.005189411266177113
2018-05-30,1368463.9764319311,733644.2303350396,0.006191166562505179
2018-05-31,1359028.8586527375,733644.2303350396,-0.006894677493662904
2018-06-01,1365397.8999995305,733644.2303350396,0.004686465122681005
2018-06-04,1375861.0897413278,234583.84800545374,0.007663106660557251
2018-06-05,1373998.4370019468,348760.3814194441,-0.0013538087189682857
2018-06-06,1377494.6328606205,348760.3814194441,0.002544541365201436
2018-06-07,1381137.211952197,348760.3814194441,0.0026443508415070482
2018-06-08,1387289.1971579294,348760.3814194441,0.00445428966252881
2018-06-11,1388370.8205489556,348760.3814194441,0.0007796668446939936
2018-06-12,1387737.3278015666,348760.3814194441,-0.00045628497661631684
2018-06-13,1382321.116751601,348760.3814194441,-0.0039029079505599196
2018-06-14,1376699.8808130568,348760.3814194441,-0.004066519617202835
2018-06-15,1374355.1911029846,348760.3814194441,-0.0017031233479061214
2018-06-18,1374249.3647076662,348760.3814194441,-7.700076079564244e-05
2018-06-19,1369067.5482014534,348760.3814194441,-0.003770652284285414
2018-06-20,1366229.7300194874,348760.3814194441,-0.0020728109330281352
2018-06-21,1360076.1598649349,439353.57450081344,-0.004504052297606531
2018-06-22,1353036.3684359808,439353.57450081344,-0.005176027370153435
2018-06-25,1341538.3270746607,439353.57450081344,-0.008497954400598307
2018-06-26,1345805.763860404,439353.57450081344,0.0031810025100429407
2018-06-27,1333928.2721929757,439353.57450081344,-0.008825561597654352
2018-06-28,1337346.2936731013,529554.75496039,0.002562372768744492
2018-06-29,1336948.0450655827,529554.75496039,-0.0002977901904710478
2018-07-02,1336477.168711306,617220.6422268066,-0.0003522024330074869
2018-07-03,1328023.9554469832,316131.11109799845,-0.006324996387685244
2018-07-05,1338018.1188632976,316131.11109799845,0.0075255897119346216
2018-07-06,1345041.3892683142,316131.11109799845,0.00524900993940447
2018-07-09,1357285.9770058757,316131.11109799845,0.009103502565242394
2018-07-10,1365785.9657933204,316131.11109799845,0.006262489211150246
2018-07-11,1360283.9858439234,316131.11109799845,-0.004028434972386918
2018-07-12,1370946.1382434359,316131.11109799845,0.007838181225736873
2018-07-13,1376766.9392602071,316131.11109799845,0.004245827647342271
2018-07-16,1381022.8585378968,316131.11109799845,0.0030912416301749346
2018-07-17,1387516.886528031,316131.11109799845,0.004702332007023857
2018-07-18,1388164.8635580374,316131.11109799845,0.00046700478840855375
2018-07-19,1385531.9573298118,316131.11109799845,-0.001896681220901364
2018-07-20,1384528.0516566841,316131.11109799845,-0.0007245633475407853
2018-07-23,1382446.5870372676,316131.11109799845,-0.0015033748264803304
2018-07-24,1380620.7426965293,316131.11109799845,-0.0013207340940754042
2018-07-25,1390884.9901096604,316131.11109799845,0.007434516298142624
2018-07-26,1388788.069359483,316131.11109799845,-0.0015076162048539565
2018-07-27,1377856.9892679227,316131.11109799845,-0.007870949018594087
2018-07-30,1370102.4602969494,316131.11109799845,-0.005627963592283569
2018-07-31,1382296.1986670364,316131.11109799845,0.008899873347752552
2018-08-01,1382211.2225092067,316131.11109799845,-6.147463757155691e-05
2018-08-02,1391143.716201184,316131.11109799845,0.00646246647872073
2018-08-03,1391926.5948129068,1391926.5948129068,0.0005627589749392925
2018-08-06,1391926.5948129068,1391926.5948129068,0.0
2018-08-07,1391926.5948129068,1391926.5948129068,0.0
2018-08-08,1391926.5948129068,1391926.5948129068,0.0
2018-08-09,1391926.5948129068,1391926.5948129068,0.0
2018-08-10,1391926.5948129068,1391926.5948129068,0.0
2018-08-13,1391926.5948129068,1391926.5948129068,0.0
2018-08-14,1391926.5948129068,1391926.5948129068,0.0
2018-08-15,1391926.5948129068,1391926.5948129068,0.0
2018-08-16,1391926.5948129068,1391926.5948129068,0.0
2018-08-17,1391926.5948129068,1391926.5948129068,0.0
2018-08-20,1391926.5948129068,1391926.5948129068,0.0
2018-08-21,1391926.5948129068,1391926.5948129068,0.0
2018-08-22,1391926.5948129068,1391926.5948129068,0.0
2018-08-23,1391926.5948129068,1391926.5948129068,0.0
2018-08-24,1391926.5948129068,1391926.5948129068,0.0
2018-08-27,1391926.5948129068,1391926.5948129068,0.0
2018-08-28,1391926.5948129068,1391926.5948129068,0.0
2018-08-29,1391926.5948129068,1391926.5948129068,0.0
2018-08-30,1391926.5948129068,1391926.5948129068,0.0
2018-08-31,1391926.5948129068,1391926.5948129068,0.0
2018-09-04,1391926.5948129068,1391926.5948129068,0.0
2018-09-05,1391926.5948129068,1391926.5948129068,0.0
2018-09-06,1391926.5948129068,1391926.5948129068,0.0
2018-09-07,1391926.5948129068,1391926.5948129068,0.0
2018-09-10,1391926.5948129068,1391926.5948129068,0.0
2018-09-11,1391926.5948129068,1391926.5948129068,0.0
2018-09-12,1391926.5948129068,1391926.5948129068,0.0
2018-09-13,1391926.5948129068,1391926.5948129068,0.0
2018-09-14,1391926.5948129068,1391926.5948129068,0.0
2018-09-17,1391926.5948129068,1391926.5948129068,0.0
2018-09-18,1391926.5948129068,1391926.5948129068,0.0
2018-09-19,1391926.5948129068,1391926.5948129068,0.0
2018-09-20,1391926.5948129068,1391926.5948129068,0.0
2018-09-21,1391926.5948129068,1391926.5948129068,0.0
2018-09-24,1391926.5948129068,1391926.5948129068,0.0
2018-09-25,1391926.5948129068,1391926.5948129068,0.0
2018-09-26,1391926.5948129068,1391926.5948129068,0.0
2018-09-27,1391926.5948129068,1391926.5948129068,0.0
2018-09-28,1391926.5948129068,1391926.5948129068,0.0
2018-10-01,1391926.5948129068,1391926.5948129068,0.0
2018-10-02,1382640.4055719906,394932.62048606656,-0.006671464770859115
2018-10-03,1380823.4822472876,482937.1944860666,-0.0013140967943514603
2018-10-04,1369262.0648385752,482937.1944860666,-0.008372842406978998
2018-10-05,1365856.8552150256,482937.1944860666,-0.0024868940073579093
2018-10-08,1362846.2400576444,482937.1944860666,-0.0022041952243283536
2018-10-09,1356248.750084571,482937.1944860666,-0.0048409642842719425
2018-10-10,1331892.640179127,662603.2873928795,-0.017958438600533477
2018-10-11,1315253.5928845154,752375.362036617,-0.012492784172434379
2018-10-12,1321879.9895716389,842559.9924100352,0.005038113351654827
2018-10-15,1323212.4199286625,842559.9924100352,0.0010079813353218725
2018-10-16,1329160.0324622872,842559.9924100352,0.00449482822564895
2018-10-17,1320890.1130992644,932421.0921328187,-0.006221913961483416
2018-10-18,1318133.965109724,932421.0921328187,-0.0020865838590262697
2018-10-19,1319895.6103454945,932421.0921328187,0.001336469040628785
2018-10-22,1317160.818251919,932421.0921328187,-0.0020719760503329354
2018-10-23,1311133.4980224743,932421.0921328187,-0.004575994173167008
2018-10-24,1302844.1041404435,932421.0921328187,-0.006322311110602663
2018-10-25,1303289.3503557807,1022421.8734112622,0.00034174941876941034
2018-10-26,1300562.0315693638,1112429.033456243,-0.0020926425783134306
2018-10-29,1297147.9353802078,1201949.0793803525,-0.0026250929261991685
2018-10-30,1297521.0033802078,1201949.0793803525,0.0002876063630248282
2018-10-31,1294709.9793802078,1201949.0793803525,-0.002166457415854417
2018-11-01,1294669.4913803525,1201949.0793803525,-3.127186821771932e-05
2018-11-02,1296005.5953803526,1201949.0793803525,0.0010320039275626414
2018-11-05,1296069.219380497,1296069.219380497,4.909238075145872e-05
2018-11-06,1296069.219380497,1296069.219380497,0.0
2018-11-07,1296069.219380497,1296069.219380497,0.0
2018-11-08,1296069.219380497,1296069.219380497,0.0
2018-11-09,1296069.219380497,1296069.219380497,0.0
2018-11-12,1296069.219380497,1296069.219380497,0.0
2018-11-13,1296069.219380497,1296069.219380497,0.0
2018-11-14,1296069.219380497,1296069.219380497,0.0
2018-11-15,1296069.219380497,1296069.219380497,0.0
2018-11-16,1296069.219380497,1296069.219380497,0.0
2018-11-19,1296069.219380497,1296069.219380497,0.0
2018-11-20,1296069.219380497,1296069.219380497,0.0
2018-11-21,1296069.219380497,1296069.219380497,0.0
2018-11-23,1296069.219380497,1296069.219380497,0.0
2018-11-26,1296069.219380497,1296069.219380497,0.0
2018-11-27,1296069.219380497,1296069.219380497,0.0
2018-11-28,1296069.219380497,1296069.219380497,0.0
2018-11-29,1296069.219380497,1296069.219380497,0.0
2018-11-30,1296069.219380497,1296069.219380497,0.0
2018-12-03,1296069.219380497,1296069.219380497,0.0
2018-12-04,1261349.3282392605,297110.19890276936,-0.02678860868081734
2018-12-06,1257436.3441429925,297110.19890276936,-0.0031022207794966228
2018-12-07,1237019.7462310088,387087.9959027694,-0.01623668506726572
2018-12-10,1235805.6608351092,656553.2036316515,-0.0009814599965753956
2018-12-11,1237518.4572514717,656553.2036316515,0.0013859755385852157
2018-12-12,1242658.1675322778,656553.2036316515,0.004153239291655675
2018-12-13,1246018.176212282,656553.2036316515,0.0027038881389855884
2018-12-14,1236499.3496759806,656553.2036316515,-0.007639396212691829
2018-12-17,1222974.7348391926,836541.7879195667,-0.010937826081616753
2018-12-18,1224447.3060785923,836541.7879195667,0.0012040896655101108
2018-12-19,1220550.955229262,836541.7879195667,-0.003182130280321216
2018-12-20,1213336.3610250317,1015675.8498659495,-0.005910932414022074
2018-12-21,1214398.7569113318,1015675.8498659495,0.0008755988202666654
2018-12-24,1205381.01594424,1015675.8498659495,-0.007425683628026203
2018-12-26,1213774.7506443933,1015675.8498659495,0.006963553091615671
2018-12-27,1215279.0131688453,1015675.8498659495,0.0012393259323062455
2018-12-28,1215287.3421836856,1015675.8498659495,6.853582387389423e-06
2018-12-31,1216581.4264016664,1015675.8498659495,0.001064838061799911
2019-01-02,1213748.2556310855,1015675.8498659495,-0.0023287966667061566
2019-01-03,1214161.8459630841,1015675.8498659495,0.00034075462525273714
2019-01-04,1214986.0131375173,1214986.0131375173,0.0006787951517117641
2019-01-07,1214986.0131375173,1214986.0131375173,0.0
2019-01-08,1214986.0131375173,1214986.0131375173,0.0
2019-01-09,1214986.0131375173,1214986.0131375173,0.0
2019-01-10,1214986.0131375173,1214986.0131375173,0.0
2019-01-11,1214986.0131375173,1214986.0131375173,0.0
2019-01-14,1214986.0131375173,1214986.0131375173,0.0
2019-01-15,1214986.0131375173,1214986.0131375173,0.0
2019-01-16,1214986.0131375173,1214986.0131375173,0.0
2019-01-17,1214986.0131375173,1214986.0131375173,0.0
2019-01-18,1214986.0131375173,1214986.0131375173,0.0
2019-01-22,1214986.0131375173,1214986.0131375173,0.0
2019-01-23,1214986.0131375173,1214986.0131375173,0.0
2019-01-24,1214986.0131375173,1214986.0131375173,0.0
2019-01-25,1214986.0131375173,1214986.0131375173,0.0
2019-01-28,1214986.0131375173,1214986.0131375173,0.0
2019-01-29,1214986.0131375173,1214986.0131375173,0.0
2019-01-30,1214986.0131375173,1214986.0131375173,0.0
2019-01-31,1214986.0131375173,1214986.0131375173,0.0
2019-02-01,1214986.0131375173,1214986.0131375173,0.0
2019-02-04,1214986.0131375173,1214986.0131375173,0.0
2019-02-05,1214986.0131375173,1214986.0131375173,0.0
2019-02-06,1214986.0131375173,1214986.0131375173,0.0
2019-02-07,1214986.0131375173,1214986.0131375173,0.0
2019-02-08,1214986.0131375173,1214986.0131375173,0.0
2019-02-11,1214986.0131375173,1214986.0131375173,0.0
2019-02-12,1214986.0131375173,1214986.0131375173,0.0
2019-02-13,1214986.0131375173,1214986.0131375173,0.0
2019-02-14,1214986.0131375173,1214986.0131375173,0.0
2019-02-15,1214986.0131375173,1214986.0131375173,0.0
2019-02-19,1214986.0131375173,1214986.0131375173,0.0
2019-02-20,1214986.0131375173,1214986.0131375173,0.0
2019-02-21,1214986.0131375173,1214986.0131375173,0.0
2019-02-22,1214986.0131375173,1214986.0131375173,0.0
2019-02-25,1214986.0131375173,1214986.0131375173,0.0
2019-02-26,1214986.0131375173,1214986.0131375173,0.0
2019-02-27,1214986.0131375173,1214986.0131375173,0.0
2019-02-28,1214986.0131375173,1214986.0131375173,0.0
2019-03-01,1214986.0131375173,1214986.0131375173,0.0
2019-03-04,1214986.0131375173,1214986.0131375173,0.0
2019-03-05,1214986.0131375173,1214986.0131375173,0.0
2019-03-06,1214986.0131375173,1214986.0131375173,0.0
2019-03-07,1214986.0131375173,1214986.0131375173,0.0
2019-03-08,1214986.0131375173,1214986.0131375173,0.0
2019-03-11,1214986.0131375173,1214986.0131375173,0.0
2019-03-12,1214986.0131375173,1214986.0131375173,0.0
2019-03-13,1214986.0131375173,1214986.0131375173,0.0
2019-03-14,1214986.0131375173,1214986.0131375173,0.0
2019-03-15,1214986.0131375173,1214986.0131375173,0.0
2019-03-18,1214986.0131375173,1214986.0131375173,0.0
2019-03-19,1214986.0131375173,1214986.0131375173,0.0
2019-03-20,1214986.0131375173,1214986.0131375173,0.0
2019-03-21,1214986.0131375173,1214986.0131375173,0.0
2019-03-22,1214986.0131375173,1214986.0131375173,0.0
2019-03-25,1214986.0131375173,1214986.0131375173,0.0
2019-03-26,1214986.0131375173,1214986.0131375173,0.0
2019-03-27,1214986.0131375173,1214986.0131375173,0.0
2019-03-28,1214986.0131375173,1214986.0131375173,0.0
2019-03-29,1214986.0131375173,1214986.0131375173,0.0
2019-04-01,1214986.0131375173,1214986.0131375173,0.0
2019-04-02,1215087.837599827,213606.89493101626,8.380710659117163e-05
2019-04-03,1214306.7628025117,213606.89493101626,-0.0006428134437245214
2019-04-04,1217801.2954934486,213606.89493101626,0.0028778005673557594
2019-04-05,1226750.8767425488,213606.89493101626,0.007348966766761222
2019-04-08,1230801.0908858713,213606.89493101626,0.003301578356379231
2019-04-09,1231956.9016013294,213606.89493101626,0.0009390718971709067
2019-04-10,1236125.992895939,213606.89493101626,0.003384121059097467
2019-04-11,1239413.0057840166,213606.89493101626,0.002659124480002939
2019-04-12,1247622.1979877013,213606.89493101626,0.006623451718978712
2019-04-15,1251316.684126584,213606.89493101626,0.0029612218705643567
2019-04-16,1245682.6577463364,213606.89493101626,-0.004502478430694179
2019-04-17,1242961.935522133,303590.07085882575,-0.0021841214592532854
2019-04-18,1247598.8643899756,303590.07085882575,0.003730547762827996
2019-04-22,1245010.0082773922,303590.07085882575,-0.002075070911393584
2019-04-23,1257246.1938246866,303590.07085882575,0.009828182477203073
2019-04-24,1260951.3395181943,303590.07085882575,0.0029470327384617523
2019-04-25,1254523.056072835,303590.07085882575,-0.005097963136163064
2019-04-26,1250806.9771301232,303590.07085882575,-0.0029621447965609837
2019-04-29,1243860.6705503135,303590.07085882575,-0.005553460051643921
2019-04-30,1247279.0476559587,303590.07085882575,0.0027481993655549264
2019-05-01,1238934.6197876586,303590.07085882575,-0.006690105060276563
2019-05-02,1241705.1950646911,103180.75962150215,0.0022362562420827903
2019-05-03,1252687.2299877706,208037.74306822536,0.008844317448883032
2019-05-06,1254087.6951203262,208037.74306822536,0.0011179687147999662
2019-05-07,1230790.174064864,208037.74306822536,-0.01857726628378009
2019-05-08,1234418.0887932468,208037.74306822536,0.002947630558668868
2019-05-09,1228241.9860024317,208037.74306822536,-0.005003250395376746
2019-05-10,1230741.8638022384,208037.74306822536,0.0020353300312938583
2019-05-13,1203498.1429643927,298384.8070683403,-0.02213601538967669
2019-05-14,1217444.4266278218,388719.7870683403,0.011588122295791203
2019-05-15,1222656.7262989557,388719.7870683403,0.004281345051265761
2019-05-16,1234815.9301859909,388719.7870683403,0.009944904097359819
2019-05-17,1232098.7991501268,388719.7870683403,-0.0022004340642535203
2019-05-20,1229108.2174767975,388719.7870683403,-0.0024272255401855958
2019-05-21,1237090.33903641,388719.7870683403,0.006494238217688242
2019-05-22,1234096.1569170263,388719.7870683403,-0.002420342334672143
2019-05-23,1217819.950387762,388719.7870683403,-0.013188766886629733
2019-05-24,1217984.7531776964,388719.7870683403,0.00013532607170874122
2019-05-28,1222992.6739340636,388719.7870683403,0.0041116448652593895
2019-05-29,1217595.3500501385,388719.7870683403,-0.00441321031512254
2019-05-30,1219842.6851552133,388719.7870683403,0.0018457159063414164
2019-05-31,1212204.3344216566,388719.7870683403,-0.006261750655646936
2019-06-03,1209386.8992414158,479545.6343398307,-0.0023242246379072684
2019-06-04,1226209.2432608784,77993.41849531024,0.013909811682278228
2019-06-05,1247895.980785418,400488.6898898923,0.017686000691748083
2019-06-06,1255549.801679957,400488.6898898923,0.00613338051599599
2019-06-07,1261968.8119678115,520651.7879821634,0.005112509499237472
2019-06-10,1262586.032473322,520651.7879821634,0.0004890933117023266
2019-06-11,1255264.0461092526,520651.7879821634,-0.005799197976019244
2019-06-12,1259408.7978904557,520651.7879821634,0.003301896357224443
2019-06-13,1259351.3365931837,520651.7879821634,-4.562561208742988e-05
2019-06-14,1261584.592099226,520651.7879821634,0.0017733379408513272
2019-06-17,1259013.7607324186,520651.7879821634,-0.00203777961692575
2019-06-18,1264099.2770875182,520651.7879821634,0.00403928575978485
2019-06-19,1266164.1551060963,520651.7879821634,0.0016334777307487336
2019-06-20,1269676.988355502,520651.7879821634,0.0027743900624885853
2019-06-21,1264706.6173857402,520651.7879821634,-0.003914673586547068
2019-06-24,1265711.949972803,520651.7879821634,0.0007949136766129961
2019-06-25,1264611.921857063,520651.7879821634,-0.0008690983092667359
2019-06-26,1255739.1885866844,520651.7879821634,-0.007016170824444723
2019-06-27,1258166.1153160366,520651.7879821634,0.0019326678273723363
2019-06-28,1262746.14456939,640637.3292145025,0.0036402420933128177
2019-07-01,1269077.569104617,640637.3292145025,0.0050140121689985495
2019-07-02,1277636.0869654375,640637.3292145025,0.006743888686693067
2019-07-03,1279511.3538267668,1279511.3538267668,0.0014677629103161394
2019-07-05,1279511.3538267668,1279511.3538267668,0.0
2019-07-08,1279511.3538267668,1279511.3538267668,0.0
2019-07-09,1279511.3538267668,1279511.3538267668,0.0
2019-07-10,1279511.3538267668,1279511.3538267668,0.0
2019-07-11,1279511.3538267668,1279511.3538267668,0.0
2019-07-12,1279511.3538267668,1279511.3538267668,0.0
2019-07-15,1279511.3538267668,1279511.3538267668,0.0
2019-07-16,1279511.3538267668,1279511.3538267668,0.0
2019-07-17,1279511.3538267668,1279511.3538267668,0.0
2019-07-18,1279511.3538267668,1279511.3538267668,0.0
2019-07-19,1279511.3538267668,1279511.3538267668,0.0
2019-07-22,1279511.3538267668,1279511.3538267668,0.0
2019-07-23,1279511.3538267668,1279511.3538267668,0.0
2019-07-24,1279511.3538267668,1279511.3538267668,0.0
2019-07-25,1279511.3538267668,1279511.3538267668,0.0
2019-07-26,1279511.3538267668,1279511.3538267668,0.0
2019-07-29,1279511.3538267668,1279511.3538267668,0.0
2019-07-30,1279511.3538267668,1279511.3538267668,0.0
2019-07-31,1279511.3538267668,1279511.3538267668,0.0
2019-08-01,1279511.3538267668,1279511.3538267668,0.0
2019-08-02,1279511.3538267668,1279511.3538267668,0.0
2019-08-05,1279511.3538267668,1279511.3538267668,0.0
2019-08-06,1279511.3538267668,1279511.3538267668,0.0
2019-08-07,1279511.3538267668,1279511.3538267668,0.0
2019-08-08,1279511.3538267668,1279511.3538267668,0.0
2019-08-09,1279511.3538267668,1279511.3538267668,0.0
2019-08-12,1279511.3538267668,1279511.3538267668,0.0
2019-08-13,1279511.3538267668,1279511.3538267668,0.0
2019-08-14,1279511.3538267668,1279511.3538267668,0.0
2019-08-15,1279511.3538267668,1279511.3538267668,0.0
2019-08-16,1279511.3538267668,1279511.3538267668,0.0
2019-08-19,1279511.3538267668,1279511.3538267668,0.0
2019-08-20,1279511.3538267668,1279511.3538267668,0.0
2019-08-21,1279511.3538267668,1279511.3538267668,0.0
2019-08-22,1279511.3538267668,1279511.3538267668,0.0
2019-08-23,1279511.3538267668,1279511.3538267668,0.0
2019-08-26,1279511.3538267668,1279511.3538267668,0.0
2019-08-27,1279511.3538267668,1279511.3538267668,0.0
2019-08-28,1279511.3538267668,1279511.3538267668,0.0
2019-08-29,1279511.3538267668,1279511.3538267668,0.0
2019-08-30,1279511.3538267668,1279511.3538267668,0.0
2019-09-03,1279511.3538267668,1279511.3538267668,0.0
2019-09-04,1279511.3538267668,1279511.3538267668,0.0
2019-09-05,1279511.3538267668,1279511.3538267668,0.0
2019-09-06,1279511.3538267668,1279511.3538267668,0.0
2019-09-09,1279511.3538267668,1279511.3538267668,0.0
2019-09-10,1279511.3538267668,1279511.3538267668,0.0
2019-09-11,1279511.3538267668,1279511.3538267668,0.0
2019-09-12,1279511.3538267668,1279511.3538267668,0.0
2019-09-13,1279511.3538267668,1279511.3538267668,0.0
2019-09-16,1279511.3538267668,1279511.3538267668,0.0
2019-09-17,1279511.3538267668,1279511.3538267668,0.0
2019-09-18,1279511.3538267668,1279511.3538267668,0.0
2019-09-19,1279511.3538267668,1279511.3538267668,0.0
2019-09-20,1279511.3538267668,1279511.3538267668,0.0
2019-09-23,1279511.3538267668,1279511.3538267668,0.0
2019-09-24,1279511.3538267668,1279511.3538267668,0.0
2019-09-25,1279511.3538267668,1279511.3538267668,0.0
2019-09-26,1279511.3538267668,1279511.3538267668,0.0
2019-09-27,1279511.3538267668,1279511.3538267668,0.0
2019-09-30,1279511.3538267668,1279511.3538267668,0.0
2019-10-01,1279511.3538267668,1279511.3538267668,0.0
2019-10-02,1271163.9665125902,287743.29460521165,-0.006523886864474693
2019-10-03,1279967.429361859,287743.29460521165,0.006925513215593204
2019-10-04,1298324.705102195,287743.29460521165,0.014341986615618918
2019-10-07,1294718.379477056,287743.29460521165,-0.0027776761937647887
2019-10-08,1280025.6330653573,287743.29460521165,-0.011348217994428311
2019-10-09,1297258.9722813559,287743.29460521165,0.013463276649178235
2019-10-10,1301020.450592763,287743.29460521165,0.0028995585243802857
2019-10-11,1310771.8157780077,287743.29460521165,0.007495166721477542
2019-10-14,1306079.1802317796,287743.29460521165,-0.0035800552695305354
2019-10-15,1316993.0332836106,287743.29460521165,0.00835619556380518
2019-10-16,1308248.9250951293,287743.29460521165,-0.0066394490840091525
2019-10-17,1311262.1244846927,287743.29460521165,0.002303230930875255
2019-10-18,1302090.84420599,287743.29460521165,-0.006994238686110821
2019-10-21,1310628.567907074,287743.29460521165,0.006556933979741109
2019-10-22,1293738.420302645,287743.29460521165,-0.012887058941039697
2019-10-23,1295765.292241606,287743.29460521165,0.0015666783231857995
2019-10-24,1332774.9112282197,287743.29460521165,0.028561977395295868
2019-10-25,1335035.1636290522,287743.29460521165,0.0016958995714808633
2019-10-28,1338389.849779754,406049.53174502344,0.002512807334289713
2019-10-29,1341211.1113324547,406049.53174502344,0.002107951994080759
2019-10-30,1344883.6334266677,406049.53174502344,0.0027382132933304604
2019-10-31,1345856.5068603416,406049.53174502344,0.0007233885590496314
2019-11-01,1345087.2699323248,406049.53174502344,-0.0005715593929187524
2019-11-04,1343733.4643812203,104324.97908867383,-0.0010064815728816345
2019-11-05,1330993.9232677373,303559.7450327345,-0.009480705401163414
2019-11-06,1336099.04838107,303559.7450327345,0.0038355735695614346
2019-11-07,1335208.104619254,303559.7450327345,-0.0006668246361641872
2019-11-08,1337296.9568312676,303559.7450327345,0.0015644394344125345
2019-11-11,1334801.0976468362,303559.7450327345,-0.0018663462678815135
2019-11-12,1338215.756873965,303559.7450327345,0.002558178318214255
2019-11-13,1343804.8349567733,303559.7450327345,0.004176514926011787
2019-11-14,1349139.1896588,303559.7450327345,0.003969590347692176
2019-11-15,1359314.9411624349,303559.7450327345,0.0075424030238187
2019-11-18,1364219.2325945287,303559.7450327345,0.0036079140187335046
2019-11-19,1363355.8614512833,303559.7450327345,-0.000632868326891578
2019-11-20,1357623.5922309444,303559.7450327345,-0.004204528973262289
2019-11-21,1340894.1900114645,303559.7450327345,-0.012322562980795704
2019-11-22,1340212.9805354616,303559.7450327345,-0.0005080262716308237
2019-11-25,1350610.0880763775,303559.7450327345,0.007757802447758699
2019-11-26,1355268.4064042342,303559.7450327345,0.0034490474852675312
2019-11-27,1361401.4103043082,303559.7450327345,0.004525305740983088
2019-11-29,1353304.0417492846,303559.7450327345,-0.005947818544725592
2019-12-02,1345370.6443634587,303559.7450327345,-0.005862243177498505
2019-12-03,1336936.4052647871,106408.03406598295,-0.006269082155172301
2019-12-04,1349329.2709279996,309568.8112298326,0.009269599970806341
2019-12-05,1355266.0906710478,309568.8112298326,0.004399830249709913
2019-12-06,1360711.832513623,309568.8112298326,0.0040182085865356765
2019-12-09,1355509.438358679,309568.8112298326,-0.003823288686579329
2019-12-10,1356918.6054754835,309568.8112298326,0.001039584879992228
2019-12-11,1363046.310708627,309568.8112298326,0.004515897422599169
2019-12-12,1364532.2065777625,309568.8112298326,0.0010901286753512984
2019-12-13,1367202.723528291,309568.8112298326,0.001957093381640407
2019-12-16,1373060.9880947967,428433.0896301305,0.004284854371404023
2019-12-17,1380251.2627713731,428433.0896301305,0.005236675383628375
2019-12-18,1373974.4701122383,428433.0896301305,-0.00454757248077553
2019-12-19,1379576.8194643424,547730.6658917874,0.004077477037580213
2019-12-20,1385341.8115456789,547730.6658917874,0.004178811937108895
2019-12-23,1385710.5223688418,547730.6658917874,0.00026615151588593733
2019-12-24,1388156.4735607575,547730.6658917874,0.001765124210599378
2019-12-26,1389566.5400586533,547730.6658917874,0.001015783540798454
2019-12-27,1390596.7452011202,547730.6658917874,0.0007413859738039097
2019-12-30,1386403.3007565658,547730.6658917874,-0.0030155718823776656
2019-12-31,1385604.7313051322,547730.6658917874,-0.0005760008296271657
2020-01-02,1393991.7607465233,547730.6658917874,0.006052974020586133
2020-01-03,1395737.8241724023,153652.15427473083,0.0012525636628899495
2020-01-06,1392894.2535326844,358245.6100279548,-0.0020373243387624695
2020-01-07,1396434.0564701273,358245.6100279548,0.0025413292706644164
2020-01-08,1407456.283040748,358245.6100279548,0.007893123573971206
2020-01-09,1417009.4949178384,477225.4722846522,0.006787572724071378
2020-01-10,1415871.8210662664,477225.4722846522,-0.0008028696036633809
2020-01-13,1424404.1953116953,477225.4722846522,0.006026233532215874
2020-01-14,1422826.1614408912,477225.4722846522,-0.0011078553938538294
2020-01-15,1427609.485820793,477225.4722846522,0.0033618473637411217
2020-01-16,1438048.6469648767,477225.4722846522,0.007312336635310057
2020-01-17,1441405.2056316454,477225.4722846522,0.002334106480926801
2020-01-21,1441833.3285072895,477225.4722846522,0.00029701771158552326
2020-01-22,1447304.6194561692,477225.4722846522,0.0037946764308354197
2020-01-23,1452462.3732430749,477225.4722846522,0.0035636960716975974
2020-01-24,1434657.355412886,477225.4722846522,-0.012258505389322827
2020-01-27,1418698.9397825531,477225.4722846522,-0.011123503162704718
2020-01-28,1434713.8981212676,477225.4722846522,0.01128848262984472
2020-01-29,1431196.8918835856,477225.4722846522,-0.002451364165557579
2020-01-30,1424465.190665132,477225.4722846522,-0.004703546560665184
2020-01-31,1397685.6739722802,477225.4722846522,-0.01879969891040112
2020-02-03,1402936.2281263755,477225.4722846522,0.0037566058319629114
2020-02-04,1425529.8181492588,477225.4722846522,0.016104502521156805
2020-02-05,1438431.455415474,1438431.455415474,0.009050415573183201
2020-02-06,1438431.455415474,1438431.455415474,0.0
2020-02-07,1438431.455415474,1438431.455415474,0.0
2020-02-10,1438431.455415474,1438431.455415474,0.0
2020-02-11,1438431.455415474,1438431.455415474,0.0
2020-02-12,1438431.455415474,1438431.455415474,0.0
2020-02-13,1438431.455415474,1438431.455415474,0.0
2020-02-14,1438431.455415474,1438431.455415474,0.0
2020-02-18,1438431.455415474,1438431.455415474,0.0
2020-02-19,1438431.455415474,1438431.455415474,0.0
2020-02-20,1438431.455415474,1438431.455415474,0.0
2020-02-21,1438431.455415474,1438431.455415474,0.0
2020-02-24,1438431.455415474,1438431.455415474,0.0
2020-02-25,1438431.455415474,1438431.455415474,0.0
2020-02-26,1438431.455415474,1438431.455415474,0.0
2020-02-27,1438431.455415474,1438431.455415474,0.0
2020-02-28,1438431.455415474,1438431.455415474,0.0
2020-03-02,1438431.455415474,1438431.455415474,0.0
2020-03-03,1425275.8280250542,433055.94488730736,-0.00914581458914221
2020-03-04,1473869.8728118034,433055.94488730736,0.03409448461220577
2020-03-05,1440908.6732481373,522800.01483020495,-0.02236371078050714
2020-03-06,1422627.716574999,612316.9072525636,-0.012687102945899364
2020-03-09,1364811.878844497,876437.1849883876,-0.04064017385356067
2020-03-10,1382920.5286590466,876437.1849883876,0.013268238718643799
2020-03-11,1365026.2466115563,876437.1849883876,-0.012939486887826868
2020-03-12,1321047.1650471024,1226252.8818886129,-0.032218487866899626
2020-03-13,1331089.2510665,1226252.8818886129,0.007601610514064827
2020-03-16,1323574.6114160428,1226252.8818886129,-0.005645481431418964
2020-03-17,1333970.2390406074,1226252.8818886129,0.007854205977434692
2020-03-18,1333887.4952606524,1226252.8818886129,-6.202820537770659e-05
2020-03-19,1326365.3334483588,1226252.8818886129,-0.005639277554531419
2020-03-20,1318324.1424710692,1226252.8818886129,-0.006062576255957852
2020-03-23,1316482.7172594185,1316482.7172594185,-0.001396792452119766
2020-03-24,1316482.7172594185,1316482.7172594185,0.0
2020-03-25,1316482.7172594185,1316482.7172594185,0.0
2020-03-26,1316482.7172594185,1316482.7172594185,0.0
2020-03-27,1316482.7172594185,1316482.7172594185,0.0
2020-03-30,1316482.7172594185,1316482.7172594185,0.0
2020-03-31,1316482.7172594185,1316482.7172594185,0.0
2020-04-01,1316482.7172594185,1316482.7172594185,0.0
2020-04-02,1349943.4486322615,326378.82350972976,0.02541676463668252
2020-04-03,1337771.6749149142,415348.17050972977,-0.009016506380085443
2020-04-06,1382624.021441456,415348.17050972977,0.033527654507556015
2020-04-07,1374177.6804173216,535765.8438800985,-0.006108921075541951
2020-04-08,1400584.6477177888,535765.8438800985,0.019216559602720062
2020-04-09,1418408.4584175437,774036.3683450756,0.012725978918016967
2020-04-13,1418886.7292726384,774036.3683450756,0.0003371883834000222
2020-04-14,1440727.6893498746,774036.3683450756,0.015393025832606488
2020-04-15,1440007.0619961275,774036.3683450756,-0.000500182899984658
2020-04-16,1453627.632871401,774036.3683450756,0.009458683387561173
2020-04-17,1459233.3851136658,892636.4964700721,0.0038563880566797604
2020-04-20,1460574.2963019721,1010997.2964700721,0.0009189148233488265
2020-04-21,1448028.6454886147,1010997.2964700721,-0.008589532792081744
2020-04-22,1457810.1554715936,1010997.2964700721,0.006755052818501639
2020-04-23,1462578.8011946916,1129992.97477742,0.0032711020054290163
2020-04-24,1470331.530949363,1129992.97477742,0.005300726188796512
2020-04-27,1473193.617256708,1129992.97477742,0.0019465584782072387
2020-04-28,1469066.796393118,1129992.97477742,-0.0028012752806210184
2020-04-29,1473045.1630897196,1249687.7900305544,0.0027080910863748198
2020-04-30,1472553.6901498842,1249687.7900305544,-0.00033364417612591346
2020-05-01,1471310.5221401579,1249687.7900305544,-0.0008442259308044653
2020-05-04,1485122.5184717851,352114.76930817595,0.00938754676445619
2020-05-05,1509317.5536772572,462863.33224615187,0.016291608877070374
2020-05-06,1506305.5092688757,462863.33224615187,-0.001995633325169388
2020-05-07,1508531.4919815515,462863.33224615187,0.0014777763866482552
2020-05-08,1518259.4026691006,462863.33224615187,0.006448596359609926
2020-05-11,1531570.7305197036,462863.33224615187,0.008767492450368897
2020-05-12,1511798.1495974022,462863.33224615187,-0.012910001822502903
2020-05-13,1503411.2368603186,462863.33224615187,-0.005547640562542755
2020-05-14,1513899.2455060533,462863.33224615187,0.006976140917795526
2020-05-15,1513403.1682869298,462863.33224615187,-0.0003276817929568354
2020-05-18,1526758.0134693147,462863.33224615187,0.008824380351668992
2020-05-19,1521505.739946519,462863.33224615187,-0.0034401479975603166
2020-05-20,1528775.8704848238,462863.33224615187,0.004778247197779528
2020-05-21,1518360.8524112185,462863.33224615187,-0.006812652053634571
2020-05-22,1524753.7001190004,462863.33224615187,0.004210361257424244
2020-05-26,1516865.701350716,462863.33224615187,-0.005173293737650075
2020-05-27,1536435.6652269913,462863.33224615187,0.01290157978972628
2020-05-28,1554512.3085579146,462863.33224615187,0.011765310933635975
2020-05-29,1576482.5501677934,581378.1115768985,0.014133205307496066
2020-06-01,1576264.9859705288,581378.1115768985,-0.00013800609289427168
2020-06-02,1585621.9658314704,81081.4044321808,0.005936171864644013
2020-06-03,1586295.3273088946,638934.3732549937,0.0004246670971608246
2020-06-04,1591676.3579722024,770157.912672619,0.0033921997818884275
2020-06-05,1603304.4986087915,770157.912672619,0.0073055936141461775
2020-06-08,1605385.2298979629,770157.912672619,0.001297776742332335
2020-06-09,1593790.275232959,770157.912672619,-0.007222537275829333
2020-06-10,1597397.5206853056,770157.912672619,0.0022633125000208754
2020-06-11,1556632.426093318,770157.912672619,-0.025519693165980906
2020-06-12,1559664.098939858,860506.263072619,0.0019475842824041578
2020-06-15,1564425.7518376221,860506.263072619,0.003052998976510901
2020-06-16,1586754.0697192156,860506.263072619,0.01427253281618901
2020-06-17,1588500.90599001,860506.263072619,0.0011008865861004136
2020-06-18,1586527.3157521654,860506.263072619,-0.0012424231112505568
2020-06-19,1596426.7579212561,980592.1136824264,0.006239692232716143
2020-06-22,1597641.7118073218,980592.1136824264,0.000761045804348548
2020-06-23,1596757.6965391124,980592.1136824264,-0.0005533251051698107
2020-06-24,1579677.5735037061,980592.1136824264,-0.010696753222124156
2020-06-25,1590034.557726654,980592.1136824264,0.006556391251397065
2020-06-26,1579441.3539794497,1069501.0986251256,-0.006662247493758766
2020-06-29,1584535.5529042063,1069501.0986251256,0.003225316921025012
2020-06-30,1594019.6578551335,1069501.0986251256,0.005985416315553271
2020-07-01,1598788.0133229224,1069501.0986251256,0.002991403176423102
2020-07-02,1593126.9674166543,481334.4316725837,-0.003540835845086243
2020-07-06,1611815.1112543528,690680.9127971295,0.0117304798800828
2020-07-07,1604701.7573808709,690680.9127971295,-0.004413256721452541
2020-07-08,1621049.7830896527,690680.9127971295,0.010187578865411329
2020-07-09,1631812.1631771992,690680.9127971295,0.006639142239687423
2020-07-10,1632246.9758732368,690680.9127971295,0.0002664600165689368
2020-07-13,1611177.657776679,690680.9127971295,-0.012908167947614624
2020-07-14,1627654.2163821226,690680.9127971295,0.010226407079266586
2020-07-15,1630600.627205117,690680.9127971295,0.0018102191444220317
2020-07-16,1630114.8811753464,690680.9127971295,-0.0002978939304120187
2020-07-17,1637225.1736680884,690680.9127971295,0.004361835214715226
2020-07-20,1653888.445268986,690680.9127971295,0.010177751887093578
2020-07-21,1645656.4180761743,690680.9127971295,-0.00497737753495997
2020-07-22,1664218.5087671843,690680.9127971295,0.011279444777853254
2020-07-23,1646624.997156138,690680.9127971295,-0.010571635586530737
2020-07-24,1648534.8256404153,812687.0927971295,0.001159844219282169
2020-07-27,1667612.4042914324,812687.0927971295,0.011572445030759937
2020-07-28,1652291.8185197716,812687.0927971295,-0.009187138289589836
2020-07-29,1673151.0092539582,812687.0927971295,0.012624398729319974
2020-07-30,1678050.8363064942,812687.0927971295,0.002928502583111614
2020-07-31,1688875.9531024275,812687.0927971295,0.006451006466383413
2020-08-03,1699923.9109176449,934717.1404645415,0.006541604073953655
2020-08-04,1709676.391336114,36586.36275273842,0.005737009966054529
2020-08-05,1718990.1583699393,687736.2736892896,0.00544767833317672
2020-08-06,1716479.2679243572,687736.2736892896,-0.0014606776154920675
2020-08-07,1718585.8934887713,687736.2736892896,0.0012272944997240298
2020-08-10,1712659.7508884384,687736.2736892896,-0.0034482667539547096
2020-08-11,1693579.1560510914,687736.2736892896,-0.011140913907417449
2020-08-12,1711992.7819946315,809329.2652091633,0.010872610162772078
2020-08-13,1712941.059854761,809329.2652091633,0.0005539029545584828
2020-08-14,1709750.4585148878,809329.2652091633,-0.001862645139782959
2020-08-17,1723417.3067198722,809329.2652091633,0.00799347538520645
2020-08-18,1723630.8287364612,809329.2652091633,0.00012389455284944617
2020-08-19,1723444.439832414,809329.2652091633,-0.00010813736963843912
2020-08-20,1726755.518987684,809329.2652091633,0.0019211986639917633
2020-08-21,1731913.9031913336,809329.2652091633,0.0029873274745191303
2020-08-24,1735411.052562002,809329.2652091633,0.0020192397348530733
2020-08-25,1731239.605891939,809329.2652091633,-0.0024037225439498267
2020-08-26,1740807.111180985,809329.2652091633,0.005526390025092365
2020-08-27,1734953.2682680888,809329.2652091633,-0.003362717715993835
2020-08-28,1739758.9077635244,809329.2652091633,0.002769895641185016
2020-08-31,1759759.5993012344,929539.8251203793,0.011496243214193846
2020-09-01,1757112.0636157976,1048665.6491203792,-0.0015044871393161685
2020-09-02,1769921.6702225762,237492.97534561262,0.0072901477782918445
2020-09-03,1709295.9134165305,1037569.4854868948,-0.03425335585524625
2020-09-04,1696364.4386446222,1218094.150517924,-0.007565380967922031
2020-09-08,1688102.869092424,1218094.150517924,-0.004870161955764174
2020-09-09,1700284.6774284113,1218094.150517924,0.007216271329801627
2020-09-10,1690921.2420542254,1218094.150517924,-0.005506980977060594
2020-09-11,1693326.2344444874,1218094.150517924,0.0014222971067181511
2020-09-14,1698662.4782843483,1218094.150517924,0.0031513383135006734
2020-09-15,1703466.297711547,1218094.150517924,0.0028280011412571415
2020-09-16,1694659.971474389,1307601.8614415566,-0.005169650992795316
2020-09-17,1689647.0536405547,1397972.0764415567,-0.0029580670566455858
2020-09-18,1685069.6861898995,1397972.0764415567,-0.0027090672225259516
2020-09-21,1682749.1443671323,1397972.0764415567,-0.001377119202716215
2020-09-22,1686882.1443376248,1397972.0764415567,0.002456099879371454
2020-09-23,1682631.030736108,1397972.0764415567,-0.002520101132012398
2020-09-24,1680291.440685946,1397972.0764415567,-0.0013904355782257127
2020-09-25,1683854.8909258584,1397972.0764415567,0.0021207334356578844
2020-09-28,1687981.236523914,1397972.0764415567,0.0024505351502033257
2020-09-29,1687220.1744287405,1397972.0764415567,-0.0004508711819217748
2020-09-30,1688673.883541347,1397972.0764415567,0.0008616001246539717
2020-10-01,1691388.6833225219,1397972.0764415567,0.001607651902261642
2020-10-02,1694260.4506111667,611294.3408163365,0.0016978754303851318
2020-10-05,1718873.5052017323,712289.0231726255,0.01452731460602008
2020-10-06,1704172.725676505,712289.0231726255,-0.008552566248033466
2020-10-07,1715050.6990711861,712289.0231726255,0.006383140177509405
2020-10-08,1723724.7860934595,712289.0231726255,0.005057627175086399
2020-10-09,1728368.0870422223,712289.0231726255,0.002693760040015425
2020-10-12,1740918.9761352923,712289.0231726255,0.007261699164180069
2020-10-13,1743044.9818285808,712289.0231726255,0.0012211973804823195
2020-10-14,1738576.7604531173,712289.0231726255,-0.002563457295735483
2020-10-15,1748392.2543942912,712289.0231726255,0.005645706398730299
2020-10-16,1746174.1632608688,712289.0231726255,-0.00126864616784228
2020-10-19,1732924.1886260686,712289.0231726255,-0.00758800291149464
2020-10-20,1740362.9344148445,712289.0231726255,0.004292597355152417
2020-10-21,1728834.5200777976,712289.0231726255,-0.006624143797295368
2020-10-22,1755986.4380977598,845525.5031726254,0.0157053307905608
2020-10-23,1765196.76979911,845525.5031726254,0.0052451041201249105
2020-10-26,1752386.190797189,845525.5031726254,-0.0072573093385951415
2020-10-27,1748654.4136108765,845525.5031726254,-0.0021295403980642336
2020-10-28,1724292.8389641738,1023191.5732104742,-0.013931611905177665
2020-10-29,1727087.637721185,1023191.5732104742,0.0016208376523156875
2020-10-30,1716570.5767845712,1023191.5732104742,-0.006089477283556244
2020-11-02,1726067.947019312,1023191.5732104742,0.005532758374858782
2020-11-03,1755806.6105826902,315864.14606645075,0.01722913840948892
2020-11-04,1765361.6618113169,747871.5134938917,0.005441972464983236
2020-11-05,1775026.1938142618,747871.5134938917,0.00547453375249396
2020-11-06,1773847.1556197857,747871.5134938917,-0.0006642370679288412
2020-11-09,1765592.0574000338,747871.5134938917,-0.0046537821444190275
2020-11-10,1776751.0711454663,747871.5134938917,0.006320267299947613
2020-11-11,1783429.4008622458,747871.5134938917,0.003758731217465394
2020-11-12,1769401.6789321776,747871.5134938917,-0.007865588580790561
2020-11-13,1784960.5140065732,747871.5134938917,0.008793274732159961
2020-11-16,1797824.4014762403,747871.5134938917,0.0072068190689509315
2020-11-17,1786897.889226386,747871.5134938917,-0.0060776304075538246
2020-11-18,1771571.433427149,837832.6812122451,-0.008577130171591674
2020-11-19,1772431.877891044,837832.6812122451,0.00048569560767330877
2020-11-20,1765420.0347354119,837832.6812122451,-0.0039560579129140905
2020-11-23,1768414.9022222403,928344.5629924171,0.0016964050638959005
2020-11-24,1781694.2478269846,1049842.6692416563,0.007509179880839545
2020-11-25,1781076.2899356098,1049842.6692416563,-0.00034683722649297977
2020-11-27,1782513.4006341742,1049842.6692416563,0.0008068776765404184
2020-11-30,1784814.9772392984,1049842.6692416563,0.0012911973645219899
2020-12-01,1783553.9887220464,1049842.6692416563,-0.0007065093767884001
2020-12-02,1782283.6179800285,345243.25271123543,-0.0007122692949307341
2020-12-03,1777379.1853907302,771250.0500826945,-0.002751768876637528
2020-12-04,1790068.0442027224,771250.0500826945,0.007139083722983219
2020-12-07,1791967.565988692,771250.0500826945,0.0010611450174318193
2020-12-08,1790273.7275850514,771250.0500826945,-0.0009452394316668
2020-12-09,1790122.209341465,771250.0500826945,-8.463412116921365e-05
2020-12-10,1791801.7516986234,771250.0500826945,0.0009382277636655889
2020-12-11,1783404.2054287463,771250.0500826945,-0.0046866492132381365
2020-12-14,1787237.2846942195,771250.0500826945,0.0021493048260203818
2020-12-15,1801358.7911177762,771250.0500826945,0.007901304736921189
2020-12-16,1808222.7930819306,771250.0500826945,0.0038104579709492548
2020-12-17,1812179.5773664666,771250.0500826945,0.002188217237208967
2020-12-18,1818261.931703038,771250.0500826945,0.0033563750593694763
2020-12-21,1813266.5480147693,771250.0500826945,-0.002747339974054186
2020-12-22,1818254.8516877922,771250.0500826945,0.002751004080720598
2020-12-23,1812439.5072381366,771250.0500826945,-0.0031983109761855033
2020-12-24,1816050.4401918678,771250.0500826945,0.001992305364846958
2020-12-28,1814116.471005427,771250.0500826945,-0.0010649314268146304
2020-12-29,1812024.578533412,771250.0500826945,-0.001153119165968275
2020-12-30,1812849.253340026,771250.0500826945,0.0004551123734102269
2020-12-31,1819461.0799077267,771250.0500826945,0.0036472015284885195
2021-01-04,1816997.5467670911,771250.0500826945,-0.00135399056777874
2021-01-05,1838291.5200870796,173263.63357238157,0.011719318695766034
2021-01-06,1828988.9256370147,791956.8035569426,-0.005060456597016927
2021-01-07,1853069.1406686185,791956.8035569426,0.013165861582905336
2021-01-08,1868127.660609281,791956.8035569426,0.008126259085631915
2021-01-11,1869071.3872388904,791956.8035569426,0.0005051724512776801
2021-01-12,1877401.5802026738,791956.8035569426,0.004456861851643401
2021-01-13,1866868.934930123,791956.8035569426,-0.005610224995876378
2021-01-14,1856716.208010563,791956.8035569426,-0.005438371558708299
2021-01-15,1855000.4144144144,791956.8035569426,-0.000924101157056656
2021-01-19,1861708.7900386862,1031026.0235569426,0.0036163741916950265
2021-01-20,1870259.5710298065,1031026.0235569426,0.004592974495728042
2021-01-21,1868084.3596882664,1031026.0235569426,-0.0011630531800151944
2021-01-22,1862355.2172479844,1031026.0235569426,-0.0030668542405858368
2021-01-25,1858195.9981315872,1031026.0235569426,-0.0022333113886530143
2021-01-26,1851836.940024539,1031026.0235569426,-0.003422167582667446
2021-01-27,1829227.2370666533,1248748.8538949422,-0.012209337911568974
2021-01-28,1848518.8279222841,1248748.8538949422,0.010546306366270075
2021-01-29,1837678.480502624,1338753.5242948472,-0.005864342443211434
2021-02-01,1851360.9638546878,1338753.5242948472,0.007445526242610967
2021-02-02,1871424.6036489727,432911.61127221386,0.010837238218802447
2021-02-03,1871787.412712461,856519.609676082,0.00019386784954145142
2021-02-04,1877601.7394399103,948064.8531298323,0.003106296520620111
2021-02-05,1887315.9611827845,948064.8531298323,0.005173739211475237
2021-02-08,1894519.7894756158,948064.8531298323,0.003816969940908299
2021-02-09,1894225.5671706446,948064.8531298323,-0.0001553017849724725
2021-02-10,1904989.713993474,1068309.9198090415,0.0056826108829832744
2021-02-11,1917676.3160146058,1190140.7838090416,0.006659669565636017
2021-02-12,1924806.1029809113,1190140.7838090416,0.0037179303445342704
2021-02-16,1916637.3713527299,1190140.7838090416,-0.004243924422065448
2021-02-17,1916731.8741279324,1190140.7838090416,4.9306549384287024e-05
2021-02-18,1917205.3289787644,1399475.958742699,0.00024701151852424275
2021-02-19,1916707.3641205414,1399475.958742699,-0.0002597347559472052
2021-02-22,1912133.6671372054,1399475.958742699,-0.002386226019137072
2021-02-23,1906676.1256937697,1399475.958742699,-0.002854163146244204
2021-02-24,1909569.5064640425,1399475.958742699,0.0015174998686366958
2021-02-25,1899979.3081924438,1399475.958742699,-0.005022178160645652
2021-02-26,1900205.551914597,1399475.958742699,0.00011907694003698843
2021-03-01,1909392.9187826975,1399475.958742699,0.004834933178067935
2021-03-02,1892145.2329193763,500551.52396237117,-0.009033073126885394
2021-03-03,1860826.9296576306,994455.0856662574,-0.01655174387085756
2021-03-04,1836262.9505127347,1354958.2798181013,-0.013200571613296352
2021-03-05,1846991.5016598701,1444454.2798181013,0.005842600671183584
2021-03-08,1855062.9641219052,1444454.2798181013,0.004370059339624088
2021-03-09,1851135.2782200803,1444454.2798181013,-0.002117279023833074
2021-03-10,1862347.8793943503,1444454.2798181013,0.006057148446250382
2021-03-11,1876383.9186946375,1444454.2798181013,0.007536744050661293
2021-03-12,1879866.3194550553,1563284.9038181014,0.0018559105765734163
2021-03-15,1882083.40364405,1563284.9038181014,0.0011793839625986458
2021-03-16,1877595.498165395,1563284.9038181014,-0.0023845412323202364
2021-03-17,1883413.7261790845,1563284.9038181014,0.0030987654259793107
2021-03-18,1880398.8076822867,1563284.9038181014,-0.0016007733483572872
2021-03-19,1881785.893272063,1563284.9038181014,0.0007376550038797891
2021-03-22,1883905.7915499103,1563284.9038181014,0.0011265353223375296
2021-03-23,1871700.8143493738,1563284.9038181014,-0.006478549646845799
2021-03-24,1870489.5508763848,1563284.9038181014,-0.0006471458812770114
2021-03-25,1872076.3320290516,1650161.104085452,0.0008483239865859638
2021-03-26,1882915.571868266,1650161.104085452,0.005789956132539853
2021-03-29,1877469.1633715986,1650161.104085452,-0.002892539940738459
2021-03-30,1878056.5955841017,1650161.104085452,0.00031288514557981095
2021-03-31,1878845.1067350244,1650161.104085452,0.00041985483971918036
2021-04-01,1881050.4545509554,1650161.104085452,0.0011737784067593626
2021-04-05,1882222.8669813965,639748.6907799701,0.0006232753765877952
2021-04-06,1888437.3012064036,871682.8961821737,0.0033016463321229317
2021-04-07,1888096.6197669865,871682.8961821737,-0.00018040389225504327
2021-04-08,1903808.8690199389,871682.8961821737,0.008321740046805193
2021-04-09,1914146.6775581148,871682.8961821737,0.005430066382397847
2021-04-12,1920382.940178101,871682.8961821737,0.0032579857610191
2021-04-13,1920385.0120287403,871682.8961821737,1.0788736954925326e-06
2021-04-14,1923422.6720802244,992588.5361821738,0.0015817974169018978
2021-04-15,1933028.0083635321,992588.5361821738,0.004993877020758708
2021-04-16,1939289.5118778166,992588.5361821738,0.003239220273681065
2021-04-19,1921637.5933741205,992588.5361821738,-0.009102260593676803
2021-04-20,1906159.8131209048,992588.5361821738,-0.008054474114465582
2021-04-21,1917232.1208001734,1083009.506389013,0.005808698516804878
2021-04-22,1912996.1111172144,1083009.506389013,-0.0022094401804571007
2021-04-23,1923465.3001219905,1083009.506389013,0.0054726661198813975
2021-04-26,1925419.3404833805,1083009.506389013,0.0010158958216017755
2021-04-27,1928956.3391164187,1083009.506389013,0.0018370017162860908
2021-04-28,1921421.4175762124,1083009.506389013,-0.003906216738766455
2021-04-29,1937683.2717304346,1083009.506389013,0.008463450029996933
2021-04-30,1925520.1611689785,1083009.506389013,-0.006277140716910767
2021-05-03,1927316.6229973584,1083009.506389013,0.0009329748213537936
2021-05-04,1919460.6313519059,584117.7793480746,-0.004076129241927573
2021-05-05,1925079.9409004592,908030.4131418723,0.002927546132892367
2021-05-06,1931190.542703627,908030.4131418723,0.0031742067814126695
2021-05-07,1940024.8549178317,908030.4131418723,0.0045745419827072364
2021-05-10,1930929.946225402,908030.4131418723,-0.004688037201881601
2021-05-11,1912452.3615060565,998579.3331418723,-0.009569267261852588
2021-05-12,1885514.4934814912,998579.3331418723,-0.014085510607621976
2021-05-13,1899837.4541563161,998579.3331418723,0.007596314281508532
2021-05-14,1905920.6651656833,998579.3331418723,0.0032019639343665585
2021-05-17,1898472.0919797204,998579.3331418723,-0.003908123418828291
2021-05-18,1889354.6506768449,998579.3331418723,-0.004802515318182987
2021-05-19,1888349.483780684,998579.3331418723,-0.0005320159959385506
2021-05-20,1897651.1233921838,998579.3331418723,0.004925804090499586
2021-05-21,1896061.314866226,998579.3331418723,-0.0008377770320162625
2021-05-24,1897115.7875061845,998579.3331418723,0.0005561384706764816
2021-05-25,1900901.346384496,998579.3331418723,0.0019954284831964486
2021-05-26,1901563.908497641,998579.3331418723,0.0003485515512970938
2021-05-27,1900245.7054907198,998579.3331418723,-0.0006932204597650538
2021-05-28,1900645.860238756,998579.3331418723,0.00021058053012823486
2021-06-01,1892174.040820166,998579.3331418723,-0.004457337158815022
2021-06-02,1884723.3191348724,698244.8545087295,-0.003937651360053529
2021-06-03,1883356.6668892151,899249.110808437,-0.000725120887390851
2021-06-04,1888108.47948713,899249.110808437,0.0025230550757884274
2021-06-07,1882252.1600982149,899249.110808437,-0.0031016858684442816
2021-06-08,1885075.8118506153,899249.110808437,0.0015001453111644913
2021-06-09,1877473.4927790111,988825.4369519581,-0.00403289831836573
2021-06-10,1879875.3127726112,988825.4369519581,0.0012792830379964037
2021-06-11,1885173.2512305386,988825.4369519581,0.0028182392853031146
2021-06-14,1880948.3325259415,1079721.8352360253,-0.002241130199486574
2021-06-15,1877378.0151359008,1169376.8477217867,-0.001898147507989334
2021-06-16,1872626.7219039632,1169376.8477217867,-0.0025308132904675595
2021-06-17,1878819.151617899,1169376.8477217867,0.0033068147760060285
2021-06-18,1872571.4600407756,1169376.8477217867,-0.003325328875716127
2021-06-21,1881263.6528458684,1169376.8477217867,0.004641848383667879
2021-06-22,1887274.7548942985,1169376.8477217867,0.0031952470029050772
2021-06-23,1884188.276621718,1169376.8477217867,-0.0016354154394193632
2021-06-24,1888426.909604348,1169376.8477217867,0.002249580381759708
2021-06-25,1891775.3937814145,1169376.8477217867,0.0017731605920443538
2021-06-28,1895422.4336940306,1169376.8477217867,0.0019278398083644177
2021-06-29,1899020.8079127613,1169376.8477217867,0.0018984550118033017
2021-06-30,1898544.7590961347,1169376.8477217867,-0.000250681200881564
2021-07-01,1904211.4348563785,1169376.8477217867,0.0029847469927133385
2021-07-02,1905745.8710609432,669043.3310458368,0.0008058118843721207
2021-07-06,1890323.8248702982,888653.43672056,-0.008092393862597969
2021-07-07,1899912.5753164785,888653.43672056,0.005072543825573428
2021-07-08,1890129.2938809767,977937.8462749652,-0.005149332428557751
2021-07-09,1905153.3087685143,977937.8462749652,0.007948670461949803
2021-07-12,1909754.3352107273,977937.8462749652,0.002415042622048613
2021-07-13,1899488.1023517777,977937.8462749652,-0.005375682447562924
2021-07-14,1902868.6226460086,977937.8462749652,0.0017797006941213667
2021-07-15,1903020.2060962727,977937.8462749652,7.96604917754351e-05
2021-07-16,1897019.8370073512,977937.8462749652,-0.0031530769193618413
2021-07-19,1882698.3040033896,1156631.555541436,-0.00754949037673458
2021-07-20,1883249.9322004844,1246778.4183713885,0.00029299872205856836
2021-07-21,1880898.0964436773,1246778.4183713885,-0.0012488176511225024
2021-07-22,1882151.0648219534,1246778.4183713885,0.0006661543124772962
2021-07-23,1891638.6442309287,1366444.5783713884,0.005040817172596412
2021-07-26,1890662.0012512677,1366444.5783713884,-0.0005162946859007533
2021-07-27,1890161.8514324734,1366444.5783713884,-0.00026453687568872564
2021-07-28,1886296.9622087297,1366444.5783713884,-0.0020447398305148967
2021-07-29,1884218.2925206642,1366444.5783713884,-0.0011019843268111895
2021-07-30,1882283.219964143,1366444.5783713884,-0.001026989581940918
2021-08-02,1880126.268204391,1366444.5783713884,-0.0011459230666641673
2021-08-03,1889721.3024719304,764637.9592989711,0.005103398867302156
2021-08-04,1882310.8260099958,864444.5338635651,-0.0039214652722816545
2021-08-05,1889924.2606966516,864444.5338635651,0.004044727672737336
2021-08-06,1893311.2996155845,864444.5338635651,0.0017921559024192124
2021-08-09,1886288.9055022427,864444.5338635651,-0.0037090541395742305
2021-08-10,1890009.6870830713,864444.5338635651,0.0019725406696584624
2021-08-11,1902415.1686882407,864444.5338635651,0.006563713239118529
2021-08-12,1898002.3135986808,864444.5338635651,-0.002319606762073212
2021-08-13,1893953.8349614784,864444.5338635651,-0.002133020917938877
2021-08-16,1900098.5741133625,864444.5338635651,0.0032443975341189812
2021-08-17,1872368.2650505125,864444.5338635651,-0.014594142346425198
2021-08-18,1870523.916556246,864444.5338635651,-0.0009850351176597938
2021-08-19,1871199.3600341487,864444.5338635651,0.0003610985520816623
2021-08-20,1882109.502832978,864444.5338635651,0.005830561420580249
2021-08-23,1891989.4637597387,864444.5338635651,0.00524940813055208
2021-08-24,1893851.1319204285,864444.5338635651,0.000983973852047848
2021-08-25,1903376.1439414537,864444.5338635651,0.0050294407308384415
2021-08-26,1896037.8740020269,864444.5338635651,-0.003855396613425488
2021-08-27,1905882.6936715017,864444.5338635651,0.005192311717220566
2021-08-30,1904610.6600659376,864444.5338635651,-0.0006674249206354288
2021-08-31,1898395.103668618,864444.5338635651,-0.0032634262359448885
2021-09-01,1898456.330172848,864444.5338635651,3.225171836551688e-05
2021-09-02,1900682.2288282062,462307.3148062627,0.0011724781971442777
2021-09-03,1899674.8150023022,872008.0703952956,-0.0005300274873012434
2021-09-07,1889103.1568121784,872008.0703952956,-0.00556498307322717
2021-09-08,1887603.2406748836,872008.0703952956,-0.000793983182912017
2021-09-09,1889841.1500507097,872008.0703952956,0.0011855825035700374
2021-09-10,1884335.1645458853,872008.0703952956,-0.0029134647135166114
2021-09-13,1883975.708702737,872008.0703952956,-0.0001907600356410022
2021-09-14,1877961.7142033502,872008.0703952956,-0.0031921826123373354
2021-09-15,1886001.8720998014,872008.0703952956,0.004281321517708214
2021-09-16,1887363.601677432,872008.0703952956,0.0007220192078147836
2021-09-17,1880408.0132461172,872008.0703952956,-0.003685346281518287
2021-09-20,1871066.3112674945,872008.0703952956,-0.004967912236502503
2021-09-21,1871502.9822267997,872008.0703952956,0.00023338080359613933
2021-09-22,1881021.8356595295,872008.0703952956,0.005086207995994574
2021-09-23,1892251.6591140132,872008.0703952956,0.005970065440811911
2021-09-24,1891016.9005870423,872008.0703952956,-0.000652533990932791
2021-09-27,1891970.024897172,872008.0703952956,0.0005040273885621449
2021-09-28,1873356.1193915526,872008.0703952956,-0.009838372310698285
2021-09-29,1879708.1380210174,872008.0703952956,0.0033907160329600394
2021-09-30,1860996.9868061782,872008.0703952956,-0.009954285368226623
2021-10-01,1865375.9915910866,872008.0703952956,0.0023530423831710223
2021-10-04,1850810.118211334,467004.8623532249,-0.007808545540102352
2021-10-05,1863557.0725145945,946761.0199890113,0.006887229639515491
2021-10-06,1859350.690658519,946761.0199890113,-0.002257178982127739
2021-10-07,1870628.8741545163,946761.0199890113,0.006065656980503764
2021-10-08,1866612.844808375,946761.0199890113,-0.0021468872856762466
2021-10-11,1867110.6396510666,946761.0199890113,0.0002666834979070387
2021-10-12,1866208.5367747645,946761.0199890113,-0.00048315448326652355
2021-10-13,1873332.8631898002,946761.0199890113,0.003817540363065808
2021-10-14,1893747.3421538798,946761.0199890113,0.010897411434569682
2021-10-15,1901067.3892896774,946761.0199890113,0.0038653768498346786
2021-10-18,1909441.0688868035,946761.0199890113,0.004404725284491207
2021-10-19,1917882.177809373,946761.0199890113,0.004420722409354427
2021-10-20,1923550.860028224,946761.0199890113,0.0029556988872621037
2021-10-21,1935918.10669373,946761.0199890113,0.006429383762342811
2021-10-22,1946167.2800698727,1303761.2648397137,0.005294218459295674
2021-10-25,1946580.54658387,1424472.8743500586,0.00021234891688370894
2021-10-26,1944279.877639486,1424472.8743500586,-0.0011819027722338449
2021-10-27,1944561.064128842,1424472.8743500586,0.0001446224345527103
2021-10-28,1953792.5074797948,1424472.8743500586,0.004747314713456241
2021-10-29,1957242.5010874262,1424472.8743500586,0.0017657932428463141
2021-11-01,1954831.3393621615,1424472.8743500586,-0.0012319177229828115
2021-11-02,1965093.5519164456,530855.1075353001,0.005249666478967185
2021-11-03,1968930.7605958541,963747.8028123683,0.0019526849882878228
2021-11-04,1970898.955743691,963747.8028123683,0.0009996263897269486
2021-11-05,1980476.5335566115,963747.8028123683,0.004859497126937562
2021-11-08,1980612.8888175366,963747.8028123683,6.884972309184612e-05
2021-11-09,1986900.5130942073,963747.8028123683,0.003174585156024312
2021-11-10,1972094.5542504208,963747.8028123683,-0.00745178671312996
2021-11-11,1973956.9604753614,963747.8028123683,0.0009443797818551314
2021-11-12,1978042.5342350174,963747.8028123683,0.002069738014283784
2021-11-15,1974584.934687254,963747.8028123683,-0.0017479904946030578
2021-11-16,1987697.53066056,963747.8028123683,0.006640684704394717
2021-11-17,1976591.6084156407,963747.8028123683,-0.005587330101088583
2021-11-18,1988595.4165069037,963747.8028123683,0.006072983432771295
2021-11-19,1976791.3557818164,963747.8028123683,-0.005935878473370848
2021-11-22,1978540.8433051794,963747.8028123683,0.0008850137462641516
2021-11-23,1990271.5445016692,963747.8028123683,0.005928965902413985
2021-11-24,1998644.5249725652,963747.8028123683,0.004206953816943804
2021-11-26,1969587.3325937735,963747.8028123683,-0.014538449441974022
2021-11-29,1977411.0727090815,963747.8028123683,0.0039722737782867945
2021-11-30,1944220.094703415,1052919.3834884292,-0.016785067335642223
2021-12-01,1935262.8505269305,1052919.3834884292,-0.004607114287567771
2021-12-02,1969323.8116433858,352744.475577782,0.017600173075807968
2021-12-03,1970591.3812274057,935996.9967117545,0.0006436572678021335
2021-12-06,1983292.4899897843,935996.9967117545,0.006445328485333857
2021-12-07,2012384.9512428362,935996.9967117545,0.014668769936804216
2021-12-08,2004221.056166521,935996.9967117545,-0.004056825743639747
2021-12-09,1992353.788408924,935996.9967117545,-0.0059211371525532686
2021-12-10,2002166.3980680562,935996.9967117545,0.00492513413843465
2021-12-13,1982727.626400133,935996.9967117545,-0.009708869196226821
2021-12-14,1979100.7690736335,935996.9967117545,-0.0018292262024333095
2021-12-15,1984997.5484561739,935996.9967117545,0.002979524577366721
2021-12-16,1990303.8067572252,935996.9967117545,0.0026731812868878713
2021-12-17,1973267.331786497,935996.9967117545,-0.00855973591211956
2021-12-20,1959062.3868023087,935996.9967117545,-0.007198692622822578
2021-12-21,1987381.4970107328,935996.9967117545,0.014455440724707058
2021-12-22,1997701.074347314,935996.9967117545,0.0051925497706923895
2021-12-23,2000881.2144236087,935996.9967117545,0.0015918998678687846
2021-12-27,2030825.0137116117,935996.9967117545,0.014965305822329356
2021-12-28,2030236.3799818186,935996.9967117545,-0.00028984955661803813
2021-12-29,2035434.0913764115,935996.9967117545,0.002560150850335674
2021-12-30,2027004.14888672,935996.9967117545,-0.00414159442715778
2021-12-31,2029801.7029249761,935996.9967117545,0.0013801422359163151
2022-01-03,2035261.8582142114,935996.9967117545,0.00268999443707596
2022-01-04,2074520.3327379096,330271.9753989844,0.019289151597497334
2022-01-05,2062900.9354511146,1129301.839414643,-0.005601004291657219
2022-01-06,2066880.8068957212,1129301.839414643,0.0019292596053510636
2022-01-07,2055714.676461792,1129301.839414643,-0.0054024065619437955
2022-01-10,2047145.570222335,1219925.2997738062,-0.004168431707753273
2022-01-11,2054120.2882812298,1219925.2997738062,0.0034070454785184445
2022-01-12,2060048.3798486553,1219925.2997738062,0.0028859515196093533
2022-01-13,2057158.4757460407,1219925.2997738062,-0.001402833123184677
2022-01-14,2047556.3172227019,1219925.2997738062,-0.004667680510057282
2022-01-18,2028810.447209926,1219925.2997738062,-0.009155240251561225
2022-01-19,2008766.2943951907,1219925.2997738062,-0.009879756308580068
2022-01-20,1994202.2929009483,1310695.47440155,-0.007250221957068148
2022-01-21,1984270.4254035805,1400843.2306764263,-0.004980371115169024
2022-01-24,1992608.6901368438,1492384.2996020135,0.0042021816313506655
2022-01-25,1985799.8055131538,1492384.2996020135,-0.0034170706257546923
2022-01-26,1980851.0539222711,1492384.2996020135,-0.002492069732882185
2022-01-27,1983793.0086503054,1492384.2996020135,0.0014851973459635293
2022-01-28,1992059.3595830104,1582321.6402735517,0.0041669422649739385
2022-01-31,1993927.5368472033,1582321.6402735517,0.0009378120462153472
2022-02-01,1995756.5686423643,1582321.6402735517,0.0009173010359508904
2022-02-02,2005639.450223865,974778.2071022663,0.00495194741522198
2022-02-03,1982347.204217279,974778.2071022663,-0.011613376474014836
2022-02-04,1968140.1390785323,1064434.4192829903,-0.0071667895051494845
2022-02-07,1975451.0732493205,1064434.4192829903,0.003714641059152868
2022-02-08,1997467.894712414,1064434.4192829903,0.011145212230885049
2022-02-09,2018126.8449872022,1064434.4192829903,0.010342569374694577
2022-02-10,1999930.7521623513,1064434.4192829903,-0.009016327625811948
2022-02-11,1977073.6629703417,1064434.4192829903,-0.011428940310706293
2022-02-14,1975429.5204972888,1064434.4192829903,-0.0008316040539343428
2022-02-15,2003976.793527416,1064434.4192829903,0.014451172635579823
2022-02-16,2005574.6146020973,1064434.4192829903,0.0007973251386155233
2022-02-17,1979870.3042545945,1064434.4192829903,-0.012816431839711151
2022-02-18,1977650.9935103115,1158640.1413714178,-0.0011209374369188785
2022-02-22,1953528.9889615197,1248489.5413848588,-0.012197301054608922
2022-02-23,1943092.1879269637,1338600.1842900487,-0.0053425370667798955
2022-02-24,1941883.6148144444,1520085.705827986,-0.0006219844431615273
2022-02-25,1960320.3895634536,1640074.7743662808,0.009494273811446075
2022-02-28,1961882.2357372222,1640074.7743662808,0.0007967300560070001
2022-03-01,1959807.9559556004,1640074.7743662808,-0.0010572906690510253
2022-03-02,1982336.3127255882,736630.8124609579,0.011495185893866333
2022-03-03,1985372.1643652003,958759.6694817264,0.001531451358744551
2022-03-04,1984113.7278492823,958759.6694817264,-0.0006338542156001381
2022-03-07,1972582.844980386,958759.6694817264,-0.005811603794201536
2022-03-08,1951047.1332548177,1049445.4994318385,-0.0109175195254132
2022-03-09,1957468.2463766038,1049445.4994318385,0.0032911112255264996
2022-03-10,1964242.7447421213,1049445.4994318385,0.003460847131521838
2022-03-11,1957465.3831981404,1049445.4994318385,-0.003450368627870737
2022-03-14,1951060.8920792057,1140633.6168674382,-0.003271828546194233
2022-03-15,1970225.3088921355,1140633.6168674382,0.009822562120296752
2022-03-16,1968765.7357933791,1140633.6168674382,-0.0007408153230845649
2022-03-17,1978947.0888724623,1140633.6168674382,0.005171439594858773
2022-03-18,1974686.6706237744,1140633.6168674382,-0.0021528712276563944
2022-03-21,1976081.4348286027,1140633.6168674382,0.0007063217803500166
2022-03-22,1978288.1562969552,1140633.6168674382,0.0011167158546498968
2022-03-23,1969890.877311524,1140633.6168674382,-0.004244719839575639
2022-03-24,1972006.1838121908,1140633.6168674382,0.0010738191262420482
2022-03-25,1975614.3517047295,1140633.6168674382,0.001829694005098581
2022-03-28,1971408.72558669,1140633.6168674382,-0.002128768762188038
2022-03-29,1978969.6229562853,1140633.6168674382,0.0038352764048688037
2022-03-30,1970748.7415819792,1140633.6168674382,-0.004154122063796617
2022-03-31,1959687.5554974484,1140633.6168674382,-0.00561268204877885
2022-04-01,1960718.5950738955,1140633.6168674382,0.0005261244699721335
2022-04-04,1962958.400017112,333083.4522368767,0.001142338808253207
2022-04-05,1953944.8673228521,938798.6377846632,-0.004591810348187342
2022-04-06,1958250.600603581,938798.6377846632,0.002203610425624891
2022-04-07,1984967.352077389,938798.6377846632,0.01364317287357042
2022-04-08,2007466.9920975333,1059204.2857846632,0.011335017675024872
2022-04-11,1991687.8348247942,1059204.2857846632,-0.00786023248942791
2022-04-12,2010147.522822109,1059204.2857846632,0.009268364085247782
2022-04-13,2020169.1748388063,1059204.2857846632,0.004985530615498002
2022-04-14,2021687.0218103733,1059204.2857846632,0.0007513464666581982
2022-04-18,2037254.1765799292,1059204.2857846632,0.007700081467415298
2022-04-19,2032487.9504378862,1059204.2857846632,-0.002339534357978068
2022-04-20,2037148.954521126,1059204.2857846632,0.0022932505367305733
2022-04-21,2012562.9487279565,1179333.8114898063,-0.012068830675638575
2022-04-22,1981546.4976367808,1179333.8114898063,-0.015411419111526214
2022-04-25,1956998.484285197,1544219.9997460044,-0.012388310534655722
2022-04-26,1953775.3460304546,1544219.9997460044,-0.001646980455337288
2022-04-27,1959991.216310038,1544219.9997460044,0.003181466227533347
2022-04-28,1961161.8378558792,1544219.9997460044,0.0005972585673343911
2022-04-29,1944396.2560853898,1544219.9997460044,-0.008548800739881401
2022-05-02,1939966.4198081442,1544219.9997460044,-0.0022782579751331467
2022-05-03,1972658.8064849873,640909.309113303,0.016852037407985687
2022-05-04,2010289.765315665,945130.6324269602,0.019076263318810405
2022-05-05,1978351.6704485193,945130.6324269602,-0.01588730909254299
2022-05-06,1990282.3335824562,1035230.2431095784,0.006030607860144643
2022-05-09,1932777.13520586,1035230.2431095784,-0.028892985385188252
2022-05-10,1944207.939443847,1035230.2431095784,0.005914186395199472
2022-05-11,1940617.533326453,1035230.2431095784,-0.0018467191932263205
2022-05-12,1944290.1455314262,1035230.2431095784,0.0018924966624813688
2022-05-13,1980770.2605568883,1035230.2431095784,0.01876269090254068
2022-05-16,1999980.4201903646,1035230.2431095784,0.00969832797675152
2022-05-17,2016418.693875453,1035230.2431095784,0.008219217307899207
2022-05-18,1977229.974552776,1160432.6114103794,-0.01943481254250734
2022-05-19,1975372.9419999185,1160432.6114103794,-0.0009392091849494966
2022-05-20,1964049.596029065,1160432.6114103794,-0.005732257301950039
2022-05-23,1982804.6367557533,1160432.6114103794,0.009549168597680735
2022-05-24,1983198.9763050652,1160432.6114103794,0.00019887967881548896
2022-05-25,1995312.1234972894,1160432.6114103794,0.006107882939105025
2022-05-26,2012209.424889845,1279298.7613113038,0.008468500338152163
2022-05-27,2024821.0811162223,1279298.7613113038,0.006267566422450077
2022-05-31,2017362.2351674368,1400907.5326380294,-0.003683706189326008
2022-06-01,2004400.739682769,1400907.5326380294,-0.006424971806608615
2022-06-02,2021055.427538272,600222.0401276228,0.008309060920691502
2022-06-03,2011013.4818485894,1004128.1386287876,-0.004968664170637904
2022-06-06,2014166.5210311562,1004128.1386287876,0.00156788565120336
2022-06-07,2016739.352191241,1004128.1386287876,0.0012773676521877775
2022-06-08,2006557.6180790355,1004128.1386287876,-0.00504861181051619
2022-06-09,1988611.0405179437,1004128.1386287876,-0.008943963233048247
2022-06-10,1978066.1603665918,1094648.438093595,-0.005302635827972413
2022-06-13,1952292.9065822973,1274199.3881834634,-0.013029520599815547
2022-06-14,1946221.4096990288,1274199.3881834634,-0.003109931333970417
2022-06-15,1942200.9202730642,1274199.3881834634,-0.0020657924149475315
2022-06-16,1931452.3518981251,1452547.0452788603,-0.005534220616797869
2022-06-17,1932716.4388436899,1452547.0452788603,0.0006544748278789481
2022-06-21,1948013.9817108726,1452547.0452788603,0.007915047732679925
2022-06-22,1955738.0342761523,1452547.0452788603,0.003965090927374071
2022-06-23,1962964.548415223,1452547.0452788603,0.003695031753956357
2022-06-24,1972767.9092252562,1452547.0452788603,0.004994160907260348
2022-06-27,1972545.0962147573,1452547.0452788603,-0.00011294436079223313
2022-06-28,1964550.4458358178,1452547.0452788603,-0.004052962030769769
2022-06-29,1968510.1464564549,1452547.0452788603,0.0020155759446292
2022-06-30,1965862.0082098173,1452547.0452788603,-0.0013452499858355171
2022-07-01,1973828.7023423405,1452547.0452788603,0.00405251950505825
2022-07-05,1988639.8901767253,769866.016762383,0.007503785823363751
2022-07-06,1990466.1281333105,980011.9868785593,0.0009183351724997291
2022-07-07,2016430.2376125744,980011.9868785593,0.01304423577587488
2022-07-08,2017249.6799171227,980011.9868785593,0.00040638267035641995
2022-07-11,2013770.2669630232,980011.9868785593,-0.0017248300935372995
2022-07-12,2008524.4527601274,980011.9868785593,-0.0026049715247842276
2022-07-13,2005981.5472880588,980011.9868785593,-0.001266056516550762
2022-07-14,2002297.9170575547,980011.9868785593,-0.001836323088556857
2022-07-15,2019012.538403162,1095909.5268785593,0.008347719489300687
2022-07-18,2012424.0744175822,1095909.5268785593,-0.0032632110302744932
2022-07-19,2034095.5623077103,1095909.5268785593,0.01076884746392226
2022-07-20,2043294.9034116212,1213314.6960609804,0.004522570755463473
2022-07-21,2073133.8285867535,1350826.1510609805,0.014603337543352746
2022-07-22,2066044.558903411,1350826.1510609805,-0.003419590952396523
2022-07-25,2074300.8194023697,1350826.1510609805,0.0039961676834989746
2022-07-26,2072910.5718491664,1350826.1510609805,-0.0006702246560379432
2022-07-27,2087199.6706902282,1350826.1510609805,0.006893253879406425
2022-07-28,2100060.023328024,1350826.1510609805,0.006161534432181481
2022-07-29,2107942.987311586,1466616.9965681415,0.003753685083281333
2022-08-01,2116576.086582592,1466616.9965681415,0.004095508902741685
2022-08-02,2116968.1815112666,766189.8823001543,0.00018524962611077278
2022-08-03,2100859.9623242486,1114439.6449650824,-0.0076090983925505284
2022-08-04,2082898.3206923045,1294139.3911352786,-0.008549661545300014
2022-08-05,2091365.8778577722,1294139.3911352786,0.004065276293781395
2022-08-08,2093716.238987788,1294139.3911352786,0.001123840239960039
2022-08-09,2107300.83069795,1294139.3911352786,0.006488267825982552
2022-08-10,2113486.7992864293,1294139.3911352786,0.002935493830954705
2022-08-11,2125050.1131579643,1294139.3911352786,0.005471202316210011
2022-08-12,2135972.771799471,1294139.3911352786,0.005139953441039236
2022-08-15,2128917.5923456997,1294139.3911352786,-0.0033030287403091885
2022-08-16,2133142.707959729,1294139.3911352786,0.001984630889058314
2022-08-17,2139473.6755402256,1294139.3911352786,0.002967906252532071
2022-08-18,2150902.002620073,1294139.3911352786,0.005341653515302802
2022-08-19,2150952.2291477625,1294139.3911352786,2.335137892295336e-05
2022-08-22,2145880.4343796433,1294139.3911352786,-0.0023579299899787465
2022-08-23,2157909.606575497,1294139.3911352786,0.005605704774195086
2022-08-24,2161449.1716247527,1294139.3911352786,0.0016402749394461846
2022-08-25,2169007.3031047154,1294139.3911352786,0.003496788904030268
2022-08-26,2158246.710240747,1414050.6657793564,-0.004961068064900376
2022-08-29,2164192.0114647066,1414050.6657793564,0.0027546902750967828
2022-08-30,2145873.088671197,1414050.6657793564,-0.00846455522267242
2022-08-31,2140619.752880017,1414050.6657793564,-0.0024481111296443814
2022-09-01,2131068.5469161067,1414050.6657793564,-0.004461888175636863
2022-09-02,2125454.5827252176,603543.3042963066,-0.002634342381437338
2022-09-06,2118545.017114773,1126623.669081017,-0.0032508648580885646
2022-09-07,2135275.404124946,1126623.669081017,0.007897111873958584
2022-09-08,2145022.334350359,1126623.669081017,0.004564718071769169
2022-09-09,2166098.1120485235,1126623.669081017,0.009825435083195666
2022-09-12,2166494.102637922,1126623.669081017,0.00018281285930488167
2022-09-13,2122130.070377951,1126623.669081017,-0.020477338113200183
2022-09-14,2119190.033282948,1126623.669081017,-0.0013854179515392362
2022-09-15,2116447.6507679718,1126623.669081017,-0.0012940710705061642
2022-09-16,2110006.3775456217,1126623.669081017,-0.0030434361180692315
2022-09-19,2114312.323645549,1218183.081081017,0.002040726580616159
2022-09-20,2099132.2298406065,1309491.754102666,-0.00717968373696487
2022-09-21,2094063.1429630115,1309491.754102666,-0.002414848767283151
2022-09-22,2081258.391725908,1309491.754102666,-0.006114787550763778
2022-09-23,2062919.66555986,1675249.5404157618,-0.008811364431708268
2022-09-26,2058474.8227845186,1675249.5404157618,-0.0021546368719768116
2022-09-27,2055079.412707817,1675249.5404157618,-0.0016494785552482183
2022-09-28,2060782.7542616962,1675249.5404157618,0.002775241442550591
2022-09-29,2056619.5663808119,1765228.1423732606,-0.0020201973605781243
2022-09-30,2054878.5950456979,1765228.1423732606,-0.0008465208459421669
2022-10-03,2064361.725739834,1765228.1423732606,0.004614934778628621
2022-10-04,2085085.2835528846,954599.544769945,0.010038724102784613
2022-10-05,2086545.203069401,1057695.414769945,0.0007001725675357395
2022-10-06,2071166.9808972734,1057695.414769945,-0.007370184048495765
2022-10-07,2050112.3059211196,1057695.414769945,-0.0101656096154219
2022-10-10,2044663.9373753024,1057695.414769945,-0.0026575951620217975
2022-10-11,2050600.8971732114,1057695.414769945,0.002903635990924913
2022-10-12,2043082.842573393,1057695.414769945,-0.003666269048346882
2022-10-13,2064437.5470044375,1057695.414769945,0.010452197035802469
2022-10-14,2033805.5402897713,1149313.0185111412,-0.014837943031560497
2022-10-17,2054085.1003714986,1149313.0185111412,0.009971238488630574
2022-10-18,2073752.3679349136,1149313.0185111412,0.009574709226924494
2022-10-19,2067717.9951662456,1149313.0185111412,-0.0029098810745070702
2022-10-20,2054716.212107884,1149313.0185111412,-0.006287986605889251
2022-10-21,2069420.3227144456,1241717.3337419252,0.007156273221535114
2022-10-24,2080406.8617799603,1241717.3337419252,0.005308993511334403
2022-10-25,2094914.6522183965,1241717.3337419252,0.006973535179567447
2022-10-26,2097173.7135495725,1241717.3337419252,0.0010783548288153533
2022-10-27,2097985.192545326,1241717.3337419252,0.0003869393319735348
2022-10-28,2127586.6446233247,1362550.8500086134,0.014109466636456958
2022-10-31,2125120.588906535,1362550.8500086134,-0.0011590859169104961
2022-11-01,2133320.5404695715,1362550.8500086134,0.0038585817698260083
2022-11-02,2097326.18662244,764833.0566440944,-0.01687245454413
2022-11-03,2089847.2006681683,1172002.9384126873,-0.0035659622246532185
2022-11-04,2110271.0075013633,1172002.9384126873,0.009772870871451733
2022-11-07,2120819.1574806664,1172002.9384126873,0.004998481210142014
2022-11-08,2128043.514242115,1172002.9384126873,0.003406399237750435
2022-11-09,2105327.6929944716,1172002.9384126873,-0.010674509753026973
2022-11-10,2136745.0958592147,1295109.6584126872,0.014922808914396235
2022-11-11,2135913.635276941,1295109.6584126872,-0.0003891248347239751
2022-11-14,2140848.0917236186,1295109.6584126872,0.002310232195337658
2022-11-15,2140283.5181827922,1295109.6584126872,-0.00026371490018783916
2022-11-16,2128311.2575480817,1295109.6584126872,-0.005593773223500631
2022-11-17,2131125.2835046025,1295109.6584126872,0.0013221872254542966
2022-11-18,2137639.585739502,1295109.6584126872,0.0030567429729833062
2022-11-21,2139574.466667775,1295109.6584126872,0.0009051483426769646
2022-11-22,2158417.6092981147,1295109.6584126872,0.008806958076895688
2022-11-23,2156884.529235496,1295109.6584126872,-0.0007102796307879577
2022-11-25,2159910.142855745,1295109.6584126872,0.0014027703287950999
2022-11-28,2145601.1382188615,1295109.6584126872,-0.006624814779546573
2022-11-29,2146536.8112839214,1295109.6584126872,0.00043608900479830126
2022-11-30,2160450.014800991,1415557.5689534007,0.006481698074745523
2022-12-01,2156803.572473834,1536814.9289534008,-0.0016878161041337103
2022-12-02,2158252.906946441,842538.756233921,0.0006719826001331253
2022-12-05,2135685.5865512886,1148902.0192911346,-0.01045629097614953
2022-12-06,2125018.1506679985,1328950.4597125256,-0.004994853151823686
2022-12-07,2123059.8043460646,1328950.4597125256,-0.0009215668681786804
2022-12-08,2129603.5058699944,1328950.4597125256,0.0030822031063535427
2022-12-09,2119859.9955285448,1328950.4597125256,-0.00457526967559585
2022-12-12,2136343.507957331,1328950.4597125256,0.0077757552213613135
2022-12-13,2142714.0082118856,1328950.4597125256,0.0029819643848596478
2022-12-14,2135628.5886782636,1328950.4597125256,-0.003306749993917668
2022-12-15,2124082.753523969,1328950.4597125256,-0.005406293592201905
2022-12-16,2114713.7539161337,1418250.4757606713,-0.004410844912841383
2022-12-19,2109057.6113201715,1418250.4757606713,-0.002674661090886543
2022-12-20,2111859.1466080174,1418250.4757606713,0.0013283351165036539
2022-12-21,2122313.6180280764,1418250.4757606713,0.0049503639657269005
2022-12-22,2113937.604807138,1418250.4757606713,-0.003946642546034718
2022-12-23,2117558.8948472757,1418250.4757606713,0.0017130543644725549
2022-12-27,2120219.5080873137,1418250.4757606713,0.0012564530065786172
2022-12-28,2107862.181245676,1418250.4757606713,-0.005828324281755948
2022-12-29,2116465.5308425887,1508642.1618794603,0.004081552234989516
2022-12-30,2110971.452656395,1508642.1618794603,-0.0025958741619603876
2023-01-03,2110416.8999928893,1508642.1618794603,-0.00026270021927943255
2023-01-04,2123802.8141039014,1012691.0592450034,0.006342781898238892
2023-01-05,2113613.8975094953,1116220.7971651698,-0.00479748709566763
2023-01-06,2131092.335694442,1116220.7971651698,0.008269456500802574
2023-01-09,2132698.250382863,1116220.7971651698,0.0007535641049065678
2023-01-10,2139539.644041138,1116220.7971651698,0.003207858241102146
2023-01-11,2143828.0956089236,1116220.7971651698,0.002004380512288906
2023-01-12,2151968.2769080345,1116220.7971651698,0.00379703079541871
2023-01-13,2157494.4430651804,1116220.7971651698,0.002567958931572134
2023-01-17,2154243.99651186,1116220.7971651698,-0.0015065839746509768
2023-01-18,2135940.772750058,1116220.7971651698,-0.008496355933421684
2023-01-19,2134427.5092539047,1116220.7971651698,-0.0007084763376679071
2023-01-20,2146851.413682822,1116220.7971651698,0.005820719783198536
2023-01-23,2148193.0869406154,1116220.7971651698,0.0006249492858434458
2023-01-24,2142400.1330834897,1116220.7971651698,-0.0026966634853926585
2023-01-25,2138185.449607405,1116220.7971651698,-0.001967271851322505
2023-01-26,2142896.992480172,1235902.1520809855,0.0022035239616993163
2023-01-27,2130041.155014594,1235902.1520809855,-0.005999279251728495
2023-01-30,2125259.79888604,1235902.1520809855,-0.00224472476379034
2023-01-31,2138582.4997002017,1235902.1520809855,0.006268739860013639
2023-02-01,2134565.363264256,1235902.1520809855,-0.001878410786821938
2023-02-02,2131023.715449837,736108.2261482165,-0.001659189207962708
2023-02-03,2127797.5990598607,1141144.0748375128,-0.0015138810359486277
2023-02-06,2111175.0376951923,1318673.4285393674,-0.007812097058485623
2023-02-07,2127338.92518504,1318673.4285393674,0.007656346442734607
2023-02-08,2126044.385649793,1318673.4285393674,-0.0006085252894691973
2023-02-09,2121811.3414717037,1318673.4285393674,-0.001991042241009211
2023-02-10,2137855.537824103,1318673.4285393674,0.007561556505429445
2023-02-13,2144519.2268863786,1318673.4285393674,0.0031169968898168143
2023-02-14,2145796.3436908894,1318673.4285393674,0.0005955259288419334
2023-02-15,2139335.4197046873,1318673.4285393674,-0.0030109679351437713
2023-02-16,2133407.5600909656,1439463.7245393675,-0.0027708883605264134
2023-02-17,2122106.288808035,1439463.7245393675,-0.005297286601182116
2023-02-21,2116650.6918602297,1439463.7245393675,-0.00257084057315049
2023-02-22,2112260.5613454254,1439463.7245393675,-0.0020740930620658515
2023-02-23,2119372.750039167,1439463.7245393675,0.003367098180922845
2023-02-24,2112770.154346159,1439463.7245393675,-0.003115353678528443
2023-02-27,2115754.802554493,1439463.7245393675,0.001412670565321017
2023-02-28,2110056.503851237,1439463.7245393675,-0.0026932698894862606
2023-03-01,2119700.0673583755,1439463.7245393675,0.004570286857028538
2023-03-02,2130538.661204854,940016.128126429,0.005113267680359135
2023-03-03,2141243.781415769,1126210.926205287,0.0050246073473554365
2023-03-06,2141922.0569314715,1126210.926205287,0.00031676706855576775
2023-03-07,2124143.786659746,1126210.926205287,-0.008300148090913617
2023-03-08,2116662.133040073,1126210.926205287,-0.003522197351544687
2023-03-09,2106149.277956832,1126210.926205287,-0.004966713826992097
2023-03-10,2093921.3434838238,1126210.926205287,-0.0058058251620562995
2023-03-13,2081772.3300587144,1213624.6567100047,-0.005802039060787356
2023-03-14,2095411.767725099,1213624.6567100047,0.006551839252277869
2023-03-15,2082030.3689430952,1213624.6567100047,-0.00638604735742776
2023-03-16,2093187.0801324723,1213624.6567100047,0.005358572745046253
2023-03-17,2083275.5290094935,1213624.6567100047,-0.0047351482421492674
2023-03-20,2097927.3410595595,1213624.6567100047,0.007033064923981591
2023-03-21,2106775.5542450766,1213624.6567100047,0.004217597536551709
2023-03-22,2096955.1282952726,1213624.6567100047,-0.004661353664378809
2023-03-23,2092361.7345895092,1213624.6567100047,-0.002190506436586248
2023-03-24,2102576.190286007,1213624.6567100047,0.004881782880865826
2023-03-27,2112596.3155560843,1213624.6567100047,0.004765641937909848
2023-03-28,2118862.2394018155,1213624.6567100047,0.002965982568270187
2023-03-29,2126124.200952436,1213624.6567100047,0.0034272929195577895
2023-03-30,2129449.276452958,1213624.6567100047,0.0015639140455825373
2023-03-31,2138430.5212243493,1213624.6567100047,0.004217637335016233
2023-04-03,2143185.970005769,1213624.6567100047,0.002223803267967117
2023-04-04,2114698.5069999536,811466.3199178916,-0.013292109692999987
2023-04-05,2121466.72025441,1109008.950660094,0.0032005570685620377
2023-04-06,2108674.85162467,1197577.014660094,-0.006029728634256437
2023-04-10,2117054.4337767083,1197577.014660094,0.003973861662732059
2023-04-11,2123126.0487379613,1197577.014660094,0.0028679541084928317
2023-04-12,2121053.852660941,1197577.014660094,-0.0009760118002659635
2023-04-13,2131550.1480866745,1197577.014660094,0.004948622786057788
2023-04-14,2129670.4122665264,1197577.014660094,-0.0008818632870708498
2023-04-17,2131217.2704890408,1197577.014660094,0.0007263369080985349
2023-04-18,2133605.9695353555,1197577.014660094,0.0011208144187788704
2023-04-19,2124550.474068676,1197577.014660094,-0.0042442210961058935
2023-04-20,2121210.672724128,1197577.014660094,-0.0015720037651787422
2023-04-21,2122456.0268585226,1197577.014660094,0.000587095921403824
2023-04-24,2130120.650806436,1197577.014660094,0.0036112050619290237
2023-04-25,2108851.5591553776,1197577.014660094,-0.009984923456333838
2023-04-26,2099011.6205497757,1288445.7180472594,-0.004666017654435084
2023-04-27,2106265.3815030917,1288445.7180472594,0.0034557983778173984
2023-04-28,2112081.218384145,1288445.7180472594,0.002761208028260409
2023-05-01,2117021.2536940593,1288445.7180472594,0.0023389419246357956
2023-05-02,2104741.6752424957,890445.4756651924,-0.00580040395444148
2023-05-03,2101485.2384317345,1091328.2325735628,-0.001547190730846304
2023-05-04,2086930.7542269074,1179496.7072875465,-0.006925808441884951
2023-05-05,2090215.3109666079,1179496.7072875465,0.0015738695369014177
2023-05-08,2089367.052950731,1179496.7072875465,-0.0004058232716153132
2023-05-09,2091529.5738946644,1179496.7072875465,0.0010350124650808645
2023-05-10,2075982.939518813,1269550.6712875464,-0.007433141070485427
2023-05-11,2076353.984167437,1269550.6712875464,0.00017873203173346397
2023-05-12,2081372.2062274131,1269550.6712875464,0.0024168432253077743
2023-05-15,2082437.9378241426,1269550.6712875464,0.0005120331642465281
2023-05-16,2078199.4743643592,1269550.6712875464,-0.0020353372279665605
2023-05-17,2081807.0465075755,1269550.6712875464,0.0017359123547655564
2023-05-18,2084115.317881009,1269550.6712875464,0.0011087825729603207
2023-05-19,2079785.735436846,1269550.6712875464,-0.0020774198083074458
2023-05-22,2074955.266498587,1269550.6712875464,-0.002322580088878423
2023-05-23,2065953.5567406453,1269550.6712875464,-0.004338266903041177
2023-05-24,2060546.3436780102,1357774.3952875463,-0.002617296523918844
2023-05-25,2060865.2666361614,1357774.3952875463,0.00015477592102186577
2023-05-26,2065411.3786971373,1357774.3952875463,0.002205923955619138
2023-05-30,2064224.4282486688,1357774.3952875463,-0.000574679921254817
2023-05-31,2062015.4772547758,1357774.3952875463,-0.0010701118365152862
2023-06-01,2061826.5461176138,1357774.3952875463,-9.162450003219469e-05
2023-06-02,2086458.0957465484,852493.9579187533,0.011946470315514768
2023-06-05,2085962.3360201698,1053224.5156822274,-0.00023760828333396766
2023-06-06,2091595.9618869335,1053224.5156822274,0.00270073230445389
2023-06-07,2090097.6176766315,1053224.5156822274,-0.0007163640768125257
2023-06-08,2094596.6259976407,1053224.5156822274,0.0021525350217901362
2023-06-09,2092407.3845792564,1053224.5156822274,-0.0010451852118980032
2023-06-12,2099608.919229739,1053224.5156822274,0.0034417459542328555
2023-06-13,2104903.774747863,1053224.5156822274,0.0025218294081483794
2023-06-14,2099317.3065564795,1053224.5156822274,-0.002654025451615971
2023-06-15,2112347.4701395854,1053224.5156822274,0.0062068576019502775
2023-06-16,2111119.73320741,1053224.5156822274,-0.0005812192120523418
2023-06-20,2109265.796015339,1053224.5156822274,-0.0008781771885835177
2023-06-21,2117342.626560674,1053224.5156822274,0.003829214203631137
2023-06-22,2113711.2391717895,1173124.462848914,-0.0017150683802097388
2023-06-23,2101844.9333012197,1173124.462848914,-0.005613967343627957
2023-06-26,2106474.6911128536,1173124.462848914,0.002202711407621516
2023-06-27,2121135.5669759084,1173124.462848914,0.0069599107574891406
2023-06-28,2119856.1223628926,1173124.462848914,-0.0006031885151215333
2023-06-29,2127834.527119684,1173124.462848914,0.0037636538973684353
2023-06-30,2138371.9047609116,1173124.462848914,0.004952160286397556
2023-07-03,2137136.6038294774,1173124.462848914,-0.000577682922546785
2023-07-05,2134064.8227209626,891594.9952739209,-0.0014373349382583722
2023-07-06,2120417.73855128,1211959.4970721204,-0.0063948779926386035
2023-07-07,2118285.7093032785,1211959.4970721204,-0.0010054760480631142
2023-07-10,2132801.3032905473,1211959.4970721204,0.006852519432821502
2023-07-11,2142051.576188369,1211959.4970721204,0.004337147057979607
2023-07-12,2149960.7662574193,1211959.4970721204,0.0036923434323294924
2023-07-13,2158234.989658599,1211959.4970721204,0.003848546229791472
2023-07-14,2160182.3077771943,1211959.4970721204,0.0009022734447019509
2023-07-17,2157673.984663935,1211959.4970721204,-0.0011611626964209698
2023-07-18,2166085.395725535,1211959.4970721204,0.0038983697821755037
2023-07-19,2166757.441830199,1211959.4970721204,0.00031025836099995985
2023-07-20,2158747.4423198085,1211959.4970721204,-0.0036967679703109324
2023-07-21,2165477.672350467,1211959.4970721204,0.0031176551266349772
2023-07-24,2172155.2289959947,1335363.5864903054,0.0030836414204535867
2023-07-25,2179085.208200833,1335363.5864903054,0.0031903701504985005
2023-07-26,2174947.685562039,1335363.5864903054,-0.001898742932686992
2023-07-27,2169494.6609831983,1425244.5199889212,-0.00250719804206756
2023-07-28,2168770.143172426,1425244.5199889212,-0.0003339569457357916
2023-07-31,2169531.28785628,1425244.5199889212,0.0003509568251158779
2023-08-01,2167790.1754784156,1425244.5199889212,-0.0008025292779182402
2023-08-02,2156608.502249291,820875.3503909715,-0.005158097566641429
2023-08-03,2156910.309351706,1134722.0709104657,0.0001399452437009785
2023-08-04,2154989.5230092225,1134722.0709104657,-0.000890526756794463
2023-08-07,2166357.8304158617,1134722.0709104657,0.0052753423092120055
2023-08-08,2162172.0000160653,1134722.0709104657,-0.0019321971379920866
2023-08-09,2163962.630060718,1134722.0709104657,0.0008281626275057352
2023-08-10,2166529.796822975,1134722.0709104657,0.001186326753796596
2023-08-11,2170081.4828815986,1134722.0709104657,0.001639343277822336
2023-08-14,2170577.4554210627,1134722.0709104657,0.00022855019195189286
2023-08-15,2161820.2052384512,1134722.0709104657,-0.004034525540998257
2023-08-16,2156795.4422854553,1134722.0709104657,-0.002324320468843899
2023-08-17,2140366.211635059,1230855.4359104657,-0.007617426450506004
2023-08-18,2145126.468077807,1230855.4359104657,0.0022240383056277846
2023-08-21,2141205.750166362,1230855.4359104657,-0.001827732755989131
2023-08-22,2138492.944049891,1230855.4359104657,-0.0012669525645819801
2023-08-23,2143838.441727357,1230855.4359104657,0.002499656448406329
2023-08-24,2137583.5655524386,1230855.4359104657,-0.00291760612794989
2023-08-25,2141797.7270350987,1230855.4359104657,0.0019714604615099773
2023-08-28,2146833.2523246976,1230855.4359104657,0.0023510741588887996
2023-08-29,2155613.6432179688,1230855.4359104657,0.004089926818379386
2023-08-30,2158301.556170364,1230855.4359104657,0.0012469363240728004
2023-08-31,2154269.7872276083,1230855.4359104657,-0.0018680285575615185
2023-09-01,2157660.633607319,1230855.4359104657,0.001574011945864262
2023-09-05,2150158.9982907046,1031687.6325904124,-0.0034767447668879736
2023-09-06,2146922.277657193,1220317.3345457376,-0.0015053401334899075
2023-09-07,2148445.9710739776,1220317.3345457376,0.000709710562250665
2023-09-08,2152056.600949452,1220317.3345457376,0.0016805774611448054
2023-09-11,2152121.510535512,1220317.3345457376,3.0161653755689244e-05
2023-09-12,2149508.1129550803,1220317.3345457376,-0.0012143355138816148
2023-09-13,2140343.4242307264,1220317.3345457376,-0.004263621369520965
2023-09-14,2154770.119598012,1220317.3345457376,0.0067403647489283625
2023-09-15,2145208.6977023664,1220317.3345457376,-0.004437328051230538
2023-09-18,2147138.760853049,1220317.3345457376,0.0008997088035069822
2023-09-19,2140919.557988758,1220317.3345457376,-0.0028965071925858288
2023-09-20,2137415.660789452,1220317.3345457376,-0.0016366318791528611
2023-09-21,2122934.515949128,1220317.3345457376,-0.006775071927270893
2023-09-22,2121264.9441229915,1220317.3345457376,-0.0007864452782662124
2023-09-25,2123852.4951933203,1220317.3345457376,0.0012198151284674719
2023-09-26,2115416.496972108,1220317.3345457376,-0.0039720264191156485
2023-09-27,2117852.0770048406,1220317.3345457376,0.001151347754080101
2023-09-28,2122705.6592227668,1220317.3345457376,0.0022917475071206894
2023-09-29,2113315.3935751133,1220317.3345457376,-0.004423724790507122
2023-10-02,2105055.7193990983,1220317.3345457376,-0.0039083963525397
2023-10-03,2097341.5760733644,1120627.8264652058,-0.003664579162748205
2023-10-04,2102183.8413076866,1120627.8264652058,0.0023087632885188114
2023-10-05,2098907.659907869,1120627.8264652058,-0.0015584656943131714
2023-10-06,2104232.3452713965,1120627.8264652058,0.0025368840493731337
2023-10-09,2110606.4384939987,1120627.8264652058,0.003029177475066369
2023-10-10,2118128.4513636627,1120627.8264652058,0.003563910700012496
2023-10-11,2121003.2674726155,1120627.8264652058,0.0013572435170785546
2023-10-12,2117900.3680446288,1120627.8264652058,-0.0014629394850881328
2023-10-13,2118390.5871972223,1120627.8264652058,0.0002314646902139561
2023-10-16,2127209.9280167837,1120627.8264652058,0.004163226967142997
2023-10-17,2126797.685246978,1120627.8264652058,-0.00019379505726080382
2023-10-18,2121141.964282271,1120627.8264652058,-0.0026592660900184306
2023-10-19,2115607.418471963,1209838.847307222,-0.002609229322460993
2023-10-20,2109153.2904940723,1209838.847307222,-0.0030507209993395623
2023-10-23,2101782.6946752826,1209838.847307222,-0.003494575691586177
2023-10-24,2106987.389170628,1209838.847307222,0.0024763237933831395
2023-10-25,2100711.0462991213,1209838.847307222,-0.002978823178423129
2023-10-26,2092771.2026688755,1209838.847307222,-0.00377959817188267
2023-10-27,2081851.2268978977,1209838.847307222,-0.005217950130932514
2023-10-30,2093196.654400286,1209838.847307222,0.005449682165470593
2023-10-31,2096785.3003859646,1209838.847307222,0.0017144332703449283
2023-11-01,2097513.3810835304,1209838.847307222,0.00034723664718172564
2023-11-02,2102433.956400911,689589.2668893108,0.0023459089042086045
2023-11-03,2130731.985362589,1201474.96014803,0.01345965178859676
2023-11-06,2132509.949484073,1201474.96014803,0.0008344381807277035
2023-11-07,2137245.7218836322,1201474.96014803,0.0022207504357505403
2023-11-08,2144756.527547866,1201474.96014803,0.003514245267789873
2023-11-09,2141616.8570179427,1201474.96014803,-0.001463882025580343
2023-11-10,2161105.7285748282,1201474.96014803,0.009100073849821255
2023-11-13,2158534.3663770556,1201474.96014803,-0.0011898363711563276
2023-11-14,2188685.724446028,1201474.96014803,0.01396844013170817
2023-11-15,2186175.8686583517,1201474.96014803,-0.0011467410600083383
2023-11-16,2184502.952383292,1201474.96014803,-0.0007652249295416746
2023-11-17,2192470.93190482,1201474.96014803,0.0036475022900905874
2023-11-20,2204462.026204874,1201474.96014803,0.005469214722785942
2023-11-21,2193693.335149346,1201474.96014803,-0.0048849519417972775
2023-11-22,2192348.554205602,1201474.96014803,-0.0006130213928248196
2023-11-24,2196760.6170242056,1201474.96014803,0.0020124823719931406
2023-11-27,2194357.9125055987,1201474.96014803,-0.0010937489046310978
2023-11-28,2191216.7002692763,1201474.96014803,-0.0014314949345413108
2023-11-29,2196719.644546782,1201474.96014803,0.002511364702920238
2023-11-30,2195195.780688626,1201474.96014803,-0.0006936997454084493
2023-12-01,2205120.5672596027,1201474.96014803,0.004521139598702817
2023-12-04,2196762.8433351275,706888.725674087,-0.003790143744775709
2023-12-05,2193305.1793134594,1142515.95158639,-0.0015739814755872938
2023-12-06,2182736.649543537,1142515.95158639,-0.004818540470155064
2023-12-07,2193632.7002175185,1142515.95158639,0.00499192180433683
2023-12-08,2210316.5866204826,1142515.95158639,0.0076055970542878715
2023-12-11,2222169.9534359416,1385415.2272050958,0.005362746172747457
2023-12-12,2234328.757902626,1385415.2272050958,0.005471590707040397
2023-12-13,2242508.755203261,1385415.2272050958,0.00366105358117208
2023-12-14,2248015.219245553,1385415.2272050958,0.0024554927732234333
2023-12-15,2252501.934052767,1385415.2272050958,0.001995856063963908
2023-12-18,2261633.845257573,1509453.5440050957,0.004054119140477264
2023-12-19,2266320.6294447943,1509453.5440050957,0.00207230016346327
2023-12-20,2257712.7572636027,1509453.5440050957,-0.0037981705101013397
2023-12-21,2265697.410644869,1509453.5440050957,0.0035366117127069163
2023-12-22,2267401.339544862,1509453.5440050957,0.0007520549266586407
2023-12-26,2271365.0208685277,1509453.5440050957,0.0017481163367669694
2023-12-27,2271766.598207233,1509453.5440050957,0.0001768000013278037
2023-12-28,2271885.3724536737,1509453.5440050957,5.228276819213562e-05
2023-12-29,2271004.5986724324,1509453.5440050957,-0.00038768407593126053
2024-01-02,2266399.898601153,1509453.5440050957,-0.002027604908405367
2024-01-03,2261522.255343603,922175.0393738099,-0.002152154728104483
2024-01-04,2265099.208985321,1247070.1764844076,0.0015816575022715718
2024-01-05,2269142.1844091336,1247070.1764844076,0.0017848999318770264
2024-01-08,2301741.3664167533,1247070.1764844076,0.014366302046475043
2024-01-09,2301902.372730968,1363614.9864844077,6.994978522079087e-05
2024-01-10,2310740.4193159593,1363614.9864844077,0.0038394532668672987
2024-01-11,2314996.8017810704,1363614.9864844077,0.001841999399643024
2024-01-12,2309304.2304090094,1482925.1364844076,-0.0024589975103557205
2024-01-16,2307075.450332918,1568149.3664844076,-0.000965130556096705
2024-01-17,2304542.3229075815,1568149.3664844076,-0.0010979820469119161
2024-01-18,2313977.185066626,1568149.3664844076,0.0040940285909527585
2024-01-19,2330973.7975044064,1568149.3664844076,0.007345194476189754
2024-01-22,2331171.78409298,1687548.7517718105,8.493728620440066e-05
2024-01-23,2327155.44722653,1687548.7517718105,-0.0017228832700600938
2024-01-24,2325110.4968399787,1687548.7517718105,-0.0008787339019352691
2024-01-25,2331364.8557396494,1687548.7517718105,0.00268991899876192
2024-01-26,2333844.0292276246,1687548.7517718105,0.001063400043057161
2024-01-29,2339985.4784085676,1687548.7517718105,0.002631473699198139
2024-01-30,2341417.791055535,1687548.7517718105,0.0006121032203760812
2024-01-31,2331885.032983114,1687548.7517718105,-0.004071361424192288
2024-02-01,2346911.6312335394,1687548.7517718105,0.006443970452180592
2024-02-02,2362553.175563628,1174843.1057543573,0.006664735102048569
2024-02-05,2362121.1036696644,1282276.5857543573,-0.00018288345779160498
2024-02-06,2373574.7449412877,1282276.5857543573,0.004848879785981142
2024-02-07,2391137.013761136,1282276.5857543573,0.007399079745551873
2024-02-08,2399021.7182816193,1397701.6961543574,0.00329747081622922
2024-02-09,2405794.302128871,1397701.6961543574,0.002823060664954191
2024-02-12,2406512.2996327993,1397701.6961543574,0.0002984450928713578
2024-02-13,2394224.050288644,1397701.6961543574,-0.0051062483021716565
2024-02-14,2403631.976776864,1397701.6961543574,0.003929426106585865
2024-02-15,2404951.028835683,1397701.6961543574,0.000548774550997555
2024-02-16,2397790.969525863,1397701.6961543574,-0.0029772162609426056
2024-02-20,2389566.875728069,1397701.6961543574,-0.0034298626954210043
2024-02-21,2382676.188818572,1397701.6961543574,-0.0028836551843300917
2024-02-22,2419956.787183807,1519460.3110055954,0.015646523241465093
2024-02-23,2410788.883327551,1519460.3110055954,-0.0037884576719756646
2024-02-26,2410962.5169922365,1519460.3110055954,7.202358775004747e-05
2024-02-27,2418200.7135197055,1638239.7566025194,0.0030022020153590567
2024-02-28,2419625.4572481727,1638239.7566025194,0.0005891751336031259
2024-02-29,2420062.8777915207,1638239.7566025194,0.00018078026995360652
2024-03-01,2430767.6806801,1757930.4665221837,0.00442335733786714
2024-03-04,2434112.2335508885,1140436.3324822392,0.0013759245267950249
2024-03-05,2426638.445800658,1346416.937032298,-0.003070436788910058
2024-03-06,2440062.385637842,1466470.2732270071,0.00553190767269629
2024-03-07,2457249.9815175906,1466470.2732270071,0.007043916573983733
2024-03-08,2442279.5403122613,1466470.2732270071,-0.006092355811549766
2024-03-11,2428096.6080366205,1466470.2732270071,-0.005807251807803837
2024-03-12,2463784.167505921,1588185.3116984856,0.014697751049600027
2024-03-13,2464937.4717257367,1588185.3116984856,0.0004681027806845428
2024-03-14,2451333.245983988,1588185.3116984856,-0.005519095675974417
2024-03-15,2441919.307438145,1588185.3116984856,-0.003840334055463912
2024-03-18,2439125.0082475254,1588185.3116984856,-0.0011443044748071785
2024-03-19,2434075.0460244277,1686287.8556984856,-0.002070399100506104
2024-03-20,2439862.6292762877,1686287.8556984856,0.0023777341053279333
2024-03-21,2448880.0574303316,1686287.8556984856,0.0036958753520965892
2024-03-22,2450725.881181904,1686287.8556984856,0.0007537419997243333
2024-03-25,2447897.727598363,1686287.8556984856,-0.0011540064946705675
2024-03-26,2442132.876125783,1686287.8556984856,-0.0023550213751110105
2024-03-27,2444881.2865386326,1686287.8556984856,0.0011254139525813667
2024-03-28,2441479.41293395,1686287.8556984856,-0.0013914269062523799
2024-04-01,2436187.569249157,1686287.8556984856,-0.002167474219425758
2024-04-02,2436070.6768204365,1197481.9980998817,-4.798170313147221e-05
2024-04-03,2451459.151528642,1409560.8888758481,0.006316924568170013
2024-04-04,2424944.70490942,1409560.8888758481,-0.010815781532679591
2024-04-05,2448940.7100902675,1409560.8888758481,0.009895485506232982
2024-04-08,2439831.684811161,1409560.8888758481,-0.003719577710303512
2024-04-09,2421782.33252192,1496320.8888758481,-0.007397785839738269
2024-04-10,2416719.906416489,1496320.8888758481,-0.002090372052619416
2024-04-11,2425645.0007568393,1496320.8888758481,0.003693061126634589
2024-04-12,2411393.5938142203,1585938.1938556717,-0.005875306130193159
2024-04-15,2394403.1757743666,1585938.1938556717,-0.007045891671702997
2024-04-16,2397006.2220028173,1673311.2738556718,0.0010871378115377972
2024-04-17,2390284.5026956624,1673311.2738556718,-0.002804214376022185
2024-04-18,2385515.5338926637,1673311.2738556718,-0.0019951469365343533
2024-04-19,2361175.0001921384,1765327.6219815528,-0.010203468958681072
2024-04-22,2363353.0478469813,1765327.6219815528,0.0009224422817730726
2024-04-23,2377732.103899058,1765327.6219815528,0.006084176067209235
2024-04-24,2385043.6251206812,1765327.6219815528,0.003074997898053322
2024-04-25,2383866.5006039683,1765327.6219815528,-0.0004935442288412917
2024-04-26,2392435.820436236,1882736.4171684897,0.003594714649539643
2024-04-29,2396151.5545082376,1882736.4171684897,0.0015531175550298482
2024-04-30,2387076.315569863,1882736.4171684897,-0.0037874227618448497
2024-05-01,2385594.9763943665,1882736.4171684897,-0.0006205663245177906
2024-05-02,2391300.311718872,1180835.5415349726,0.0023915775229912395
2024-05-03,2397904.0185546167,1387674.0955826133,0.0027615547923371953
2024-05-06,2411918.5767087396,1387674.0955826133,0.005844503385323385
2024-05-07,2415981.2371742367,1387674.0955826133,0.001684410288443905
2024-05-08,2422481.526165763,1387674.0955826133,0.002690537861597342
2024-05-09,2432362.010003478,1387674.0955826133,0.004078662202783967
2024-05-10,2431506.1720566293,1387674.0955826133,-0.0003518546759605501
2024-05-13,2421925.5198531095,1387674.0955826133,-0.003940212989636871
2024-05-14,2426472.7197152344,1387674.0955826133,0.0018775143268652261
2024-05-15,2433291.7648410327,1387674.0955826133,0.00281027067413242
2024-05-16,2425892.186913146,1387674.0955826133,-0.0030409743849069137
2024-05-17,2430290.9005031297,1387674.0955826133,0.0018132354000368611
2024-05-20,2426715.5937978113,1387674.0955826133,-0.0014711435180776444
2024-05-21,2425951.2834172393,1387674.0955826133,-0.0003149567186716551
2024-05-22,2427688.976927087,1387674.0955826133,0.0007162936542568499
2024-05-23,2420771.8815669706,1387674.0955826133,-0.002849251047336465
2024-05-24,2428333.029768325,1387674.0955826133,0.0031234451535597785
2024-05-28,2422340.2723845607,1387674.0955826133,-0.002467848235929937
2024-05-29,2403489.8919330547,1387674.0955826133,-0.007781887898412276
2024-05-30,2395266.080825139,1387674.0955826133,-0.003421612520825512
2024-05-31,2408854.852747635,1387674.0955826133,0.005673178454485006
2024-06-03,2403238.6856209245,1387674.0955826133,-0.0023314676350484342
2024-06-04,2394920.4772647815,592392.0487408498,-0.0034612493573412673
2024-06-05,2437196.5532640917,1410520.8218777918,0.017652392386570348
2024-06-06,2402657.71302402,1499998.235631838,-0.01417154484065486
2024-06-07,2403048.359403651,1499998.235631838,0.00016258927666368272
2024-06-10,2417726.0210666363,1499998.235631838,0.006107934368257073
2024-06-11,2406379.627712825,1499998.235631838,-0.004693002124701362
2024-06-12,2442753.694115831,1499998.235631838,0.015115680827791245
2024-06-13,2464269.0273193074,1499998.235631838,0.00880781932918695
2024-06-14,2447995.8115411736,1499998.235631838,-0.006603668510915872
2024-06-17,2471613.722090387,1618128.995631838,0.00964785578384797
2024-06-18,2496878.064668243,1618128.995631838,0.010221800579941931
2024-06-20,2498423.195147303,1859762.746219568,0.0006188249642320454
2024-06-21,2497676.894004035,1859762.746219568,-0.0002987088595389764
2024-06-24,2503920.2009827644,1979555.770219568,0.0024996455681347562
2024-06-25,2505682.5866945274,1979555.770219568,0.0007038505903946835
2024-06-26,2493569.53223649,1979555.770219568,-0.004834233403049226
2024-06-27,2496437.147773167,1979555.770219568,0.0011500042407501798
2024-06-28,2490803.0180608397,1979555.770219568,-0.002256868240144927
2024-07-01,2484847.6646059873,2067526.8373069589,-0.0023909371442342175
2024-07-02,2499406.181655981,1373148.2138006487,0.0058589173321828
2024-07-03,2527067.5654378613,1487970.6994122711,0.011067182271091713
2024-07-05,2513916.7130381353,1487970.6994122711,-0.0052039971465690504
2024-07-08,2526170.8821979105,1487970.6994122711,0.004874532674937315
2024-07-09,2527896.771820959,1487970.6994122711,0.000683203830434076
2024-07-10,2545483.064644289,1487970.6994122711,0.006956887250843646
2024-07-11,2546461.215894532,1487970.6994122711,0.00038426940011060395
2024-07-12,2558657.752966699,1607869.3734815805,0.004789602526061865
2024-07-15,2552480.482434715,1725956.7414815805,-0.002414262136005374
2024-07-16,2565819.8078749515,1725956.7414815805,0.005226024462099854
2024-07-17,2509229.057904471,1815565.3466338136,-0.02205562128595051
2024-07-18,2508261.1713243863,1815565.3466338136,-0.0003857306597960797
2024-07-19,2511155.55737391,1815565.3466338136,0.0011539412572398877
2024-07-22,2528754.973217396,1815565.3466338136,0.007008492879625017
2024-07-23,2537633.500651562,1815565.3466338136,0.003511027176693826
2024-07-24,2496962.605080556,1815565.3466338136,-0.01602709593822882
2024-07-25,2488360.18946031,1992563.9890917118,-0.003445151962925941
2024-07-26,2505466.607596892,1992563.9890917118,0.006874574753702234
2024-07-29,2501922.5466710655,1992563.9890917118,-0.0014145312953205424
2024-07-30,2495789.48876174,1992563.9890917118,-0.002451338039015649
2024-07-31,2518762.7728036065,1992563.9890917118,0.009204816409922767
2024-08-01,2524700.953898074,2113163.989091712,0.0023575785534808436
2024-08-02,2508362.386535122,1406795.0833632725,-0.006471486192345166
2024-08-05,2465641.1128756176,1685037.42512169,-0.017031539736376278
2024-08-06,2474557.2860573344,1685037.42512169,0.0036161682797859473
2024-08-07,2473455.2708049826,1685037.42512169,-0.0004453383474131156
2024-08-08,2485484.4815862095,1685037.42512169,0.004863322544462978
2024-08-09,2485029.67512534,1685037.42512169,-0.00018298503339653216
2024-08-12,2481022.8797094263,1685037.42512169,-0.0016123732670160207
2024-08-13,2486346.821059003,1685037.42512169,0.0021458654787578357
2024-08-14,2489251.024109897,1685037.42512169,0.0011680603149553104
2024-08-15,2494008.834595005,1685037.42512169,0.0019113421824579202
2024-08-16,2494407.8474451667,1685037.42512169,0.0001599885472043372
2024-08-19,2499049.136172128,1685037.42512169,0.0018606775679106402
2024-08-20,2499823.3964161337,1685037.42512169,0.0003098219369914723
2024-08-21,2509134.168305844,1685037.42512169,0.0037245718649800974
2024-08-22,2499620.6140344203,1685037.42512169,-0.0037915685783543873
2024-08-23,2511982.099757812,1685037.42512169,0.004945344767116389
2024-08-26,2511683.4653571825,1685037.42512169,-0.00011888396842407722
2024-08-27,2511815.229124092,1685037.42512169,5.2460339340809625e-05
2024-08-28,2513129.9202332124,1685037.42512169,0.0005234027940737018
2024-08-29,2511583.1107452586,1685037.42512169,-0.0006154912547499114
2024-08-30,2519055.245085196,1685037.42512169,0.0029750695121215642
2024-09-03,2512475.557736198,1685037.42512169,-0.0026119662765774487
2024-09-04,2515174.9454966355,993618.5222933744,0.0010743936402191068
2024-09-05,2504314.485980886,1512420.321256328,-0.004317973799474628
2024-09-06,2486543.692713838,1512420.321256328,-0.007096070947370414
2024-09-09,2501814.862395705,1512420.321256328,0.006141524770554074
2024-09-10,2500853.3741789074,1602700.2212563278,-0.000384316294242959
2024-09-11,2519481.337967215,1602700.2212563278,0.0074486429235076645
2024-09-12,2527897.1329100267,1602700.2212563278,0.003340288660205637
2024-09-13,2545386.4637347697,1602700.2212563278,0.006918529475370638
2024-09-16,2545173.0838782755,1602700.2212563278,-8.383004291656615e-05
2024-09-17,2540610.995957176,1602700.2212563278,-0.00179244702452519
2024-09-18,2536353.173987956,1602700.2212563278,-0.001675904723704602
2024-09-19,2544725.565508435,1602700.2212563278,0.003300956509662667
2024-09-20,2552168.3439933504,1602700.2212563278,0.0029247863053665224
2024-09-23,2559035.7171146628,1602700.2212563278,0.0026907994284448566
2024-09-24,2567401.5892142863,1602700.2212563278,0.0032691501895316666
2024-09-25,2564054.84034706,1602700.2212563278,-0.0013035548787092566
2024-09-26,2555154.7939480017,1805637.0701603382,-0.003471082700342576
2024-09-27,2553569.940318435,1805637.0701603382,-0.0006202573845313086
2024-09-30,2557847.906955624,1805637.0701603382,0.001675288610522907
2024-10-01,2549503.5482740663,1805637.0701603382,-0.003262257563816262
2024-10-02,2561551.973427249,1109045.4326284926,0.004725792659256767
2024-10-03,2553830.172307618,1538263.94037464,-0.0030145010523833227
2024-10-04,2563451.6333706975,1538263.94037464,0.003767463149041639
2024-10-07,2581770.2312616943,1656661.53237464,0.007146067299467429
2024-10-08,2595301.329746712,1656661.53237464,0.0052410157655296
2024-10-09,2608040.1841566125,1776005.9753438048,0.004908429808859083
2024-10-10,2602269.514006688,1776005.9753438048,-0.002212646179679534
2024-10-11,2611012.5233046836,1776005.9753438048,0.00335976318015363
2024-10-14,2621137.682491511,1776005.9753438048,0.003877866956383702
2024-10-15,2613363.427548197,1776005.9753438048,-0.00296598495960132
2024-10-16,2624584.6765415566,1776005.9753438048,0.004293795832249314
2024-10-17,2627659.0608882825,1895426.824116632,0.0011713793706884523
2024-10-18,2628231.244227523,1895426.824116632,0.0002177540259149513
2024-10-21,2626361.5498053785,1895426.824116632,-0.0007113888575257521
2024-10-22,2618341.621531464,1895426.824116632,-0.003053626898592343
2024-10-23,2619392.8642332,1895426.824116632,0.00040149180423632025
2024-10-24,2619654.0537713026,1895426.824116632,9.971377019035721e-05
2024-10-25,2589361.8329066876,1895426.824116632,-0.011563443203886248
2024-10-28,2593848.6623056857,1895426.824116632,0.0017327935176836284
2024-10-29,2594065.3668612484,1895426.824116632,8.354556636702704e-05
2024-10-30,2591676.5596083067,1895426.824116632,-0.0009208739623366435
2024-10-31,2589627.9645916144,1895426.824116632,-0.0007904516514984916
2024-11-01,2590344.871274891,1895426.824116632,0.0002768377130146771
2024-11-04,2602295.080332784,1101557.0599112944,0.004613366038789923
2024-11-05,2627088.2617043275,1605436.0832005201,0.009527428906476176
2024-11-06,2619668.7297926843,1776466.1101204546,-0.0028242415832766543
2024-11-07,2641283.052167888,1894507.8248414241,0.008250784585619675
2024-11-08,2651055.740287709,1894507.8248414241,0.003699977596797188
2024-11-11,2641627.4384134207,2098907.940574648,-0.0035564329074669887
2024-11-12,2647668.8074249355,2098907.940574648,0.0022869875303623832
2024-11-13,2648208.18356358,2098907.940574648,0.00020371737474556006
2024-11-14,2642592.1910694083,2098907.940574648,-0.002120676361106244
2024-11-15,2641410.6285127006,2098907.940574648,-0.0004471225491019526
2024-11-18,2640159.5634808876,2098907.940574648,-0.00047363519261578446
2024-11-19,2644804.324926839,2098907.940574648,0.0017592730038740179
2024-11-20,2648176.678110671,2098907.940574648,0.0012750860818127041
2024-11-21,2655612.055551832,2098907.940574648,0.0028077346585748675
2024-11-22,2658717.0322142798,2218872.180574648,0.0011692131973706221
2024-11-25,2654805.67682602,2218872.180574648,-0.0014711439167343077
2024-11-26,2658197.0055405106,2218872.180574648,0.001277430112529121
2024-11-27,2656273.687410918,2218872.180574648,-0.0007235423580659317
2024-11-29,2659084.265873501,2218872.180574648,0.001058090691446134
2024-12-02,2656426.6931646345,2218872.180574648,-0.0009994315497908746
2024-12-03,2653492.233724128,1413590.2837522994,-0.0011046641897016762
2024-12-04,2656564.5364513826,1825608.1541772038,0.0011578336986284299
2024-12-05,2658848.275043785,1825608.1541772038,0.0008596586158802211
2024-12-06,2661474.2377403276,1825608.1541772038,0.0009876316453218958
2024-12-09,2646639.0494734854,1825608.1541772038,-0.005574049170371742
2024-12-10,2631026.201303219,1825608.1541772038,-0.005899122577131322
2024-12-11,2640179.9521242245,1825608.1541772038,0.003479156086120039
2024-12-12,2636503.9082439872,1825608.1541772038,-0.0013923459562972251
2024-12-13,2631179.826616635,1825608.1541772038,-0.0020193717941037193
2024-12-16,2628083.897674395,1825608.1541772038,-0.0011766314529026989
2024-12-17,2617288.6939504314,1825608.1541772038,-0.004107632839848052
2024-12-18,2591992.0701448177,1916123.9544267382,-0.0096652019565453
2024-12-19,2596801.3694608826,1916123.9544267382,0.0018554452274215372
2024-12-20,2610079.389354642,1916123.9544267382,0.005113221230515608
2024-12-23,2613478.415350126,1916123.9544267382,0.00130226919891685
2024-12-24,2621488.3069598246,1916123.9544267382,0.00306483939666502
2024-12-26,2621248.4931970104,1916123.9544267382,-9.148000476588702e-05
2024-12-27,2613627.275525111,1916123.9544267382,-0.0029074762242797814
2024-12-30,2607804.998502981,1916123.9544267382,-0.0022276615631661167
2024-12-31,2602077.872343764,1916123.9544267382,-0.0021961481638790303
2025-01-02,2601416.580842064,1916123.9544267382,-0.00025413978141408666
2025-01-03,2619681.7080029584,1312606.654674372,0.0070212234731670264
2025-01-06,2627769.9179407023,1599636.14297246,0.003087478113480202
2025-01-07,2616756.156115244,1599636.14297246,-0.004191296106353715
2025-01-08,2621127.854296544,1599636.14297246,0.00167065554468393
2025-01-10,2618038.926720798,1599636.14297246,-0.0011784726833079517
2025-01-13,2611904.7799689216,1599636.14297246,-0.002343031147959196
2025-01-14,2627266.3953772923,1599636.14297246,0.005881384163075598
2025-01-15,2645064.223360112,1720193.8533890897,0.006774276112287314
2025-01-16,2651802.5145189585,1720193.8533890897,0.002547496238214819
2025-01-17,2656695.504069213,1720193.8533890897,0.0018451560866483696
2025-01-21,2683623.8593187854,1843805.4548816197,0.010136033733759486
2025-01-22,2690870.48212496,1965100.4048816196,0.0027003124081681484
2025-01-23,2694118.0017705434,1965100.4048816196,0.0012068658328805437
2025-01-24,2692794.7235841705,1965100.4048816196,-0.000491173061277661
2025-01-27,2680324.35242962,2056199.7450972623,-0.004631014404971823
2025-01-28,2688270.275903222,2056199.7450972623,0.0029645380292870893
2025-01-29,2686926.5136849834,2056199.7450972623,-0.0004998612789360868
2025-01-30,2691780.2117376137,2056199.7450972623,0.001806412653234002
2025-01-31,2685997.7109572375,2056199.7450972623,-0.0021482068837422874
2025-02-03,2684174.205540454,2056199.7450972623,-0.0006788931387933239
2025-02-04,2683471.212368656,1553330.5535505358,-0.00026190296082384545
2025-02-05,2696274.5676047974,1650381.5603922477,0.00477119157348449
2025-02-06,2697608.8995717396,1650381.5603922477,0.0004948798549575528
2025-02-07,2697067.7813652405,1650381.5603922477,-0.00020059179319320553
2025-02-10,2699329.2741037025,1650381.5603922477,0.000838500520486507
2025-02-11,2693388.5991247147,1650381.5603922477,-0.0022007967075303725
2025-02-12,2690684.1879790346,1741680.3603922478,-0.0010040924456867772
2025-02-13,2704564.42195084,1741680.3603922478,0.00515862620883456
2025-02-14,2696325.0577775612,1741680.3603922478,-0.003046466228131317
2025-02-18,2703238.405190113,1982295.8776446618,0.0025639888605455408
2025-02-19,2705855.4465250173,2072068.879644662,0.0009681134042338613
2025-02-20,2696840.31537605,2072068.879644662,-0.0033317120323427263
2025-02-21,2686608.431226824,2284700.063644662,-0.0037940266951991264
2025-02-24,2684918.7469205647,2284700.063644662,-0.0006289283866677264
2025-02-25,2689909.2473067595,2284700.063644662,0.0018587156098925917
2025-02-26,2689363.8122191443,2284700.063644662,-0.00020277081398234476
2025-02-27,2684303.018110827,2284700.063644662,-0.0018817811429318043
2025-02-28,2689851.888365341,2284700.063644662,0.0020671549437882852
2025-03-03,2684510.982991201,2284700.063644662,-0.0019855760078246742
2025-03-04,2669534.081515412,1395136.7629548977,-0.005579005476483823
2025-03-05,2675326.499423275,1683350.1329980798,0.002169823546352534
2025-03-06,2641378.7169360244,1683350.1329980798,-0.012689211015765256
2025-03-07,2636385.8083879184,2036374.7104417174,-0.0018902660629815937
2025-03-10,2630007.359588355,2126543.7124417173,-0.0024193912663579287
2025-03-11,2620266.7907748157,2126543.7124417173,-0.003703627968198453
2025-03-12,2614572.6556548593,2126543.7124417173,-0.002173112730353921
2025-03-13,2612272.848745263,2126543.7124417173,-0.0008796110158277859
2025-03-14,2615085.3156797783,2126543.7124417173,0.0010766359784606383
2025-03-17,2620657.213530703,2126543.7124417173,0.002130675361723844
2025-03-18,2616230.465300752,2126543.7124417173,-0.0016891748402253493
2025-03-19,2620756.922747011,2126543.7124417173,0.001730144766026509
2025-03-20,2617580.759905706,2126543.7124417173,-0.0012119257660780924
2025-03-21,2616433.976350681,2126543.7124417173,-0.00043810818469891544
2025-03-24,2621361.445387324,2126543.7124417173,0.0018832766586815985
2025-03-25,2619731.695759748,2126543.7124417173,-0.0006217187753498887
2025-03-26,2623370.4119214946,2126543.7124417173,0.0013889652011449538
2025-03-27,2625022.281397098,2126543.7124417173,0.0006296745088292255
2025-03-28,2618949.788406045,2126543.7124417173,-0.0023133110275243007
2025-03-31,2622118.337222816,2126543.7124417173,0.0012098547405521298
2025-04-01,2625287.2213427117,2126543.7124417173,0.0012085206357437261
2025-04-02,2653968.8582541086,1441104.40384212,0.010925142467545834
2025-04-03,2585082.2969449,1633624.099828249,-0.025956054870412082
2025-04-04,2536488.6923707267,2151283.269245346,-0.018797701191796468
2025-04-07,2524320.266199783,2239929.777245346,-0.004797350844710668
2025-04-08,2521602.225807101,2239929.777245346,-0.0010767415010987103
2025-04-09,2532992.7291697958,2239929.777245346,0.0045171689833232165
2025-04-10,2533071.8957265876,2239929.777245346,3.1254158719074e-05
2025-04-11,2537600.545143907,2239929.777245346,0.0017878092702221515
2025-04-14,2540667.240369306,2239929.777245346,0.0012085019572003475
2025-04-15,2539007.944495905,2239929.777245346,-0.0006530945284907164
2025-04-16,2535001.7186593167,2239929.777245346,-0.0015778705400560922
2025-04-17,2540547.714909234,2239929.777245346,0.0021877682405875287
2025-04-21,2534553.6305606375,2239929.777245346,-0.002359366963832321
2025-04-22,2540615.539343669,2239929.777245346,0.0023917066539604903
2025-04-23,2538138.30583273,2239929.777245346,-0.0009750524912474079
2025-04-24,2537089.8386270623,2239929.777245346,-0.0004130851353759679
2025-04-25,2537151.669738084,2239929.777245346,2.4370879611934626e-05
2025-04-28,2534462.0203476795,2239929.777245346,-0.0010601058748223036
2025-04-29,2537871.0138555863,2239929.777245346,0.0013450560633925246
2025-04-30,2539467.204446368,2239929.777245346,0.0006289486668420441
2025-05-01,2536559.2208085964,2239929.777245346,-0.001145115649723638
2025-05-02,2553787.1753739784,1538646.5091512643,0.006791859785512999
2025-05-05,2556050.285620414,1538646.5091512643,0.0008861780919955375
2025-05-06,2553095.9103523125,1538646.5091512643,-0.0011558361291724717
2025-05-07,2559441.041172442,1538646.5091512643,0.0024852692742176608
2025-05-08,2565669.3663325473,1754969.0106512643,0.0024334708477020683
2025-05-09,2566188.141385776,1754969.0106512643,0.00020219871665316802
2025-05-12,2588318.0410268717,1754969.0106512643,0.008623646600262713
2025-05-13,2592658.6251119655,1754969.0106512643,0.0016769902370157297
2025-05-14,2594489.6543292087,1754969.0106512643,0.0007062361390381966
2025-05-15,2603215.0437085894,1754969.0106512643,0.0033630465108316354
2025-05-16,2612102.2721326533,1754969.0106512643,0.003413943248961493
2025-05-19,2610967.785135054,1754969.0106512643,-0.0004343195171577774
2025-05-20,2598829.481262464,1754969.0106512643,-0.00464896730694897
2025-05-21,2583881.1261736345,1754969.0106512643,-0.005751956870047481
2025-05-22,2578786.8278730856,1754969.0106512643,-0.0019715683701335696
2025-05-23,2577641.0139633007,1754969.0106512643,-0.0004443228487908124
2025-05-27,2582975.100230241,1754969.0106512643,0.002069367393692678
2025-05-28,2571382.231043917,1754969.0106512643,-0.0044881846461820585
2025-05-29,2568279.685786153,1846369.9619892237,-0.0012065671218799423
2025-05-30,2570855.202733372,1846369.9619892237,0.0010028179413139604
2025-06-02,2571688.4309686515,1846369.9619892237,0.0003241054705818147
2025-06-03,2573814.533236594,1147537.408991484,0.0008267340018097702
2025-06-04,2579248.5387307764,1565360.373155061,0.0021112653705273043
2025-06-05,2581885.856165985,1565360.373155061,0.0010225138817008261
2025-06-06,2586325.9282807014,1565360.373155061,0.0017197011649885408
2025-06-09,2570513.581116331,1565360.373155061,-0.0061138261776937375
2025-06-10,2570642.8650397304,1565360.373155061,5.029497776209979e-05
2025-06-11,2568829.7830789713,1565360.373155061,-0.0007053029362485974
2025-06-12,2569207.8052754537,1565360.373155061,0.00014715735506198868
2025-06-13,2555031.8395193145,1655066.6851550608,-0.005517640779010291
2025-06-16,2557822.8462177413,1655066.6851550608,0.0010923569151888302
2025-06-17,2556257.680747238,1655066.6851550608,-0.0006119131638915309
2025-06-18,2553184.768267855,1655066.6851550608,-0.0012021137393647408
2025-06-20,2554173.920537258,1655066.6851550608,0.00038741899203564856
2025-06-23,2560944.2053622436,1655066.6851550608,0.002650674948384557
2025-06-24,2573610.2606069706,1655066.6851550608,0.004945853649683585
2025-06-25,2564817.135748054,1655066.6851550608,-0.00341664975210465
2025-06-26,2573753.283335245,1655066.6851550608,0.003484126592356418
2025-06-27,2576208.8457939,1655066.6851550608,0.0009540784171329086
2025-06-30,2583761.446894831,1655066.6851550608,0.0029316726837818052
2025-07-01,2585004.168201712,1655066.6851550608,0.00048097370149036145
2025-07-02,2573556.9636424836,1353546.216671241,-0.004428311837961885
2025-07-03,2583815.580604369,1561206.2857076738,0.003986162772696478
2025-07-07,2587070.41924832,1561206.2857076738,0.0012597023829348242
2025-07-08,2583008.5130524705,1561206.2857076738,-0.0015700794866766454
2025-07-09,2584488.7900795913,1561206.2857076738,0.000573082519720991
2025-07-10,2575960.914454068,1561206.2857076738,-0.0032996373047764482
2025-07-11,2563531.8525299802,1561206.2857076738,-0.004825019608933778
2025-07-14,2579065.9820976323,1650723.7316973712,0.006059659275277296
2025-07-15,2566697.051670091,1650723.7316973712,-0.004795895302174835
2025-07-16,2571258.4471821855,1650723.7316973712,0.0017771460442230769
2025-07-17,2580711.4167000814,1650723.7316973712,0.003676398040910911
2025-07-18,2578448.0696891407,1650723.7316973712,-0.0008770244500390101
2025-07-21,2577192.504081077,1650723.7316973712,-0.000486946246008757
2025-07-22,2581048.2870065956,1650723.7316973712,0.0014961175462884224
2025-07-23,2592278.0113674407,1650723.7316973712,0.004350838540052582
2025-07-24,2583094.2793058567,1650723.7316973712,-0.0035427265213500148
2025-07-25,2585352.3168505765,1650723.7316973712,0.0008741599417450008
2025-07-28,2582633.4593034885,1650723.7316973712,-0.001051639085848155
2025-07-29,2578683.1679707207,1650723.7316973712,-0.001529559418715687
2025-07-30,2568180.4423485054,1650723.7316973712,-0.00407290269416094
2025-07-31,2561490.1880390365,1740627.846820905,-0.002605056170956188
2025-08-01,2552386.7579560215,1830027.3668209051,-0.003553958600163165
2025-08-04,2570498.507065717,1427680.5274028173,0.00709600496603402
2025-08-05,2560168.3994067283,1532594.2119709854,-0.00401871762640349
2025-08-06,2554146.516472115,1532594.2119709854,-0.002352143294952258
2025-08-07,2540456.0848603914,1727114.4039709854,-0.005360080764134634
2025-08-08,2547735.148888514,1727114.4039709854,0.002865258750781585
2025-08-11,2548101.3940266576,1727114.4039709854,0.0001437532226626903
2025-08-12,2554729.19909737,1847364.5799709854,0.0026010758780043997
2025-08-13,2556186.9272653493,1847364.5799709854,0.0005705998774721
2025-08-14,2557204.2569516795,1847364.5799709854,0.0003979872033139653
2025-08-15,2562459.945191422,1847364.5799709854,0.0020552477282387294
2025-08-18,2561005.8087300444,1847364.5799709854,-0.0005674767576782092
2025-08-19,2563504.9740559664,1847364.5799709854,0.0009758530485963757
2025-08-20,2565202.3049142137,1847364.5799709854,0.0006621133469313367
2025-08-21,2564336.0994942533,1847364.5799709854,-0.0003376752852205511
2025-08-22,2571702.0897776447,1847364.5799709854,0.002872474588976104
2025-08-25,2562224.5963196526,1847364.5799709854,-0.0036852999014406196
2025-08-26,2566503.68420538,1847364.5799709854,0.0016700674452481135
2025-08-27,2562985.0055331034,1847364.5799709854,-0.001371000826506097
2025-08-28,2561913.863279485,1847364.5799709854,-0.0004179276317675118
2025-08-29,2564994.520192938,1847364.5799709854,0.0012024826273859812
2025-09-02,2560090.4041948845,1847364.5799709854,-0.0019119401462442953
2025-09-03,2560835.471014513,946632.205115596,0.0002910314488924204
2025-09-04,2579000.100964662,1561753.3122561888,0.007093243652608772
2025-09-05,2573941.294631499,1561753.3122561888,-0.0019615378577422238
2025-09-08,2609939.291716922,1561753.3122561888,0.013985554822289359
2025-09-09,2617847.2550623366,1561753.3122561888,0.0030299414896399757
2025-09-10,2671871.4177943757,1824916.3971439132,0.02063686589336644
2025-09-11,2674016.5852998924,1824916.3971439132,0.0008028707860827655
2025-09-12,2673382.922056825,1946058.5931439132,-0.0002369705732383487
2025-09-15,2679368.303013151,1946058.5931439132,0.002238879027371521
2025-09-16,2668506.039767567,1946058.5931439132,-0.004054038869299337
2025-09-17,2666930.068497671,1946058.5931439132,-0.0005905818635634219
2025-09-18,2675635.119698976,1946058.5931439132,0.0032640717895573435
2025-09-19,2675021.708766738,1946058.5931439132,-0.00022925806576612473
2025-09-22,2685891.343164971,1946058.5931439132,0.004063381752234196
2025-09-23,2679146.603067379,1946058.5931439132,-0.002511173847280168
2025-09-24,2675967.9422006933,1946058.5931439132,-0.0011864452893494137
2025-09-25,2669460.7017046134,1946058.5931439132,-0.0024317333528025564
2025-09-26,2675711.720461311,1946058.5931439132,0.002341678509335532
2025-09-29,2669226.708037784,1946058.5931439132,-0.0024236588620275556
2025-09-30,2671901.4779249723,1946058.5931439132,0.0010020766985185947
2025-10-01,2669325.916321616,1946058.5931439132,-0.0009639433282384591
2025-10-02,2677463.250194288,943993.5501574342,0.0030484602209552847
2025-10-03,2678324.92873382,1671934.9210115105,0.00032182646744804977
2025-10-06,2685337.6464080513,1671934.9210115105,0.0026183222203537415
2025-10-07,2675186.319695577,1671934.9210115105,-0.003780279446814694
2025-10-08,2676223.8702600864,1671934.9210115105,0.0003878423558278943
2025-10-09,2680272.666672239,1671934.9210115105,0.0015128765785050735
2025-10-10,2655740.5225308985,1671934.9210115105,-0.009152853904151104
2025-10-13,2677229.2057191087,1671934.9210115105,0.008091409159104002
2025-10-14,2692914.6008227835,1671934.9210115105,0.005858816671418188
2025-10-15,2692476.892488048,1671934.9210115105,-0.00016254074102528548
2025-10-16,2675803.2343341955,1671934.9210115105,-0.00619268384451932
2025-10-17,2675524.0202524574,1671934.9210115105,-0.0001043477630027212
2025-10-20,2678872.13521832,1671934.9210115105,0.0012513866220296155
2025-10-21,2689757.830531162,1671934.9210115105,0.004063536728659445
2025-10-22,2682799.304610126,1671934.9210115105,-0.002587045510956565
2025-10-23,2677182.9331944888,1671934.9210115105,-0.0020934743072231754
2025-10-24,2688459.4064021176,1671934.9210115105,0.004212066746658083
2025-10-27,2691881.3108324604,1671934.9210115105,0.0012728123854852669
2025-10-28,2672915.438221116,1671934.9210115105,-0.007045582780720427
2025-10-29,2661198.6874379246,1761785.8546687653,-0.004383509712147626
2025-10-30,2654607.0374027924,1852465.8913885602,-0.0024769477251915806
2025-10-31,2662731.660315115,1852465.8913885602,0.003060574615319167
2025-11-03,2662358.921696128,1852465.8913885602,-0.00013998354567312798
2025-11-04,2640929.675851713,864635.7604044596,-0.008048969532163164
2025-11-05,2650497.3279126734,1658571.6466814764,0.003622834848063361
2025-11-06,2626479.0479459604,1658571.6466814764,-0.009061801237742806
2025-11-07,2630767.6001040284,1749510.2206814764,0.0016328141514860839
2025-11-10,2641033.5616588006,1749510.2206814764,0.003902268506867035
2025-11-11,2629857.314331189,1749510.2206814764,-0.004231770277312252
2025-11-12,2634691.33478843,1749510.2206814764,0.0018381303163859108
2025-11-13,2613890.55765763,1839121.1056814764,-0.007894957886013687
2025-11-14,2602525.924818786,2012607.34497378,-0.004347784495242424
2025-11-17,2594306.1837492753,2012607.34497378,-0.0031583704858129114
2025-11-18,2592838.1158263776,2012607.34497378,-0.0005658807476517369
2025-11-19,2589986.815892831,2012607.34497378,-0.001099682975247318
2025-11-20,2581569.267369524,2100556.2020464134,-0.0032500352788109588
2025-11-21,2592300.7011711276,2100556.2020464134,0.004156942034152067
2025-11-24,2591097.5413631424,2100556.2020464134,-0.00046412818059327066
2025-11-25,2606769.1629800433,2100556.2020464134,0.006048256141162556
2025-11-26,2608116.1276490605,2100556.2020464134,0.0005167180462872789
2025-11-28,2613246.6365082944,2100556.2020464134,0.0019671320631948763
2025-12-01,2611617.6055482845,2100556.2020464134,-0.0006233743640005063
2025-12-02,2610723.130290606,1102130.8042645436,-0.0003424985555994242
2025-12-03,2610455.4350844324,1618006.5440109745,-0.0001025368041014385
2025-12-04,2605348.261058174,1618006.5440109745,-0.0019564302679211387
2025-12-05,2604963.7072871495,1618006.5440109745,-0.00014760167643323996
2025-12-08,2595036.042764517,1618006.5440109745,-0.003811056750948505
2025-12-09,2590664.7926004045,1618006.5440109745,-0.0016844660698646097
2025-12-10,2601190.8919101804,1618006.5440109745,0.004063088107670643
2025-12-11,2607508.5135720354,1618006.5440109745,0.0024287420356203793
2025-12-12,2606818.408598612,1618006.5440109745,-0.00026466067889374667
2025-12-15,2615974.70160685,1618006.5440109745,0.003512439906836695
2025-12-16,2610035.7677752525,1618006.5440109745,-0.002270256599939513
2025-12-17,2608754.554990192,1618006.5440109745,-0.0004908793974699455
2025-12-18,2607893.9057297437,1618006.5440109745,-0.00032990810070732124
2025-12-19,2617407.7349457834,1618006.5440109745,0.0036480890557462065
2025-12-22,2621066.698897901,1618006.5440109745,0.001397934262692635
2025-12-23,2624092.448750536,1618006.5440109745,0.0011543963585158856
2025-12-24,2626126.9362461763,1618006.5440109745,0.0007753109066752639
2025-12-26,2628263.6604578444,1618006.5440109745,0.0008136408724865873
2025-12-29,2628829.221729203,1618006.5440109745,0.00021518437433343252
2025-12-30,2627908.3965182444,1618006.5440109745,-0.00035027958581235197
2025-12-31,2621361.3534387806,1618006.5440109745,-0.0024913513302586843
2026-01-02,2615127.8720007,1618006.5440109745,-0.002377955801440179
2026-01-05,2616469.352020296,602878.4535698338,0.0005129691874568021
2026-01-06,2655017.060282716,1684053.617082961,0.014732719201413946
2026-01-07,2638391.842661365,1684053.617082961,-0.0062618119747903656
2026-01-08,2610592.5059461785,1684053.617082961,-0.010536470082148641
2026-01-09,2654341.4541392038,1684053.617082961,0.01675824476373755
2026-01-12,2674837.339531037,1684053.617082961,0.0077216461204987485
2026-01-13,2681269.2138115535,1684053.617082961,0.0024045852005505353
2026-01-14,2663079.5212471364,1684053.617082961,-0.006783985908882184
2026-01-15,2681498.687215741,1807108.438659655,0.006916491160571248
2026-01-16,2682558.040174839,1929613.7558618318,0.00039506003271561063
2026-01-20,2682343.325879774,2107743.315861832,-8.00408758541149e-05
2026-01-21,2699481.150761418,2354857.0828087814,0.0063891242840894424
2026-01-22,2706466.8621682688,2354857.0828087814,0.0025877978088049147
2026-01-23,2708089.928347095,2597172.6237563924,0.0005996992616144059
2026-01-26,2708694.2448785664,2597172.6237563924,0.00022315231305491956
2026-01-27,2711941.333541097,2597172.6237563924,0.0011987652975857799
2026-01-28,2712798.8497976977,2597172.6237563924,0.00031620015005295876
2026-01-29,2713037.2136014383,2597172.6237563924,8.786637599711433e-05
2026-01-30,2710133.329253826,2597172.6237563924,-0.0010703444586216415
2026-02-02,2713511.9630860584,2597172.6237563924,0.0012466670166233484
2026-02-03,2701059.989389776,1682048.581291908,-0.004588877390509505
2026-02-04,2645481.5547834006,2131940.19669142,-0.020576527298429736
2026-02-05,2629880.0355657735,2221635.18669142,-0.0058974212802268555
2026-02-06,2653301.5830757143,2342756.8358295253,0.008905937606732639
2026-02-09,2658780.3102032132,2342756.8358295253,0.0020648716159690217
2026-02-10,2650535.0540415994,2342756.8358295253,-0.0031011423282970574
2026-02-11,2658635.957524076,2342756.8358295253,0.0030563276158617203
2026-02-12,2655136.8183973287,2342756.8358295253,-0.0013161407513671008
2026-02-13,2661586.7307014456,2342756.8358295253,0.0024292203171700777
2026-02-17,2660099.0276018893,2342756.8358295253,-0.0005589534552437048
2026-02-18,2669196.507069439,2342756.8358295253,0.0034199777426149325
2026-02-19,2664073.348975711,2342756.8358295253,-0.0019193634039904595
2026-02-20,2661346.261488015,2342756.8358295253,-0.0010236533047203178
2026-02-23,2657201.1073444383,2342756.8358295253,-0.0015575403334622262
2026-02-24,2652206.179183793,2342756.8358295253,-0.0018797704648095825
2026-02-25,2660452.5615536333,2342756.8358295253,0.0031092538862791397
2026-02-26,2661146.0157055124,2342756.8358295253,0.0002606527031905337
2026-02-27,2663835.411767345,2342756.8358295253,0.0010106157444800257
2026-03-02,2658502.2443143944,2342756.8358295253,-0.0020020634268136384
2026-03-03,2642291.4890608955,1564808.9953704025,-0.006097702301424812
2026-03-04,2658800.9168212526,1774622.5590005384,0.006248147802279336
2026-03-05,2636670.289867674,1774622.5590005384,-0.008323536679097021
2026-03-06,2604513.07473653,1861724.1699985692,-0.012196145742878528
2026-03-09,2614462.5302285403,2036267.832470031,0.0038200827588537045
2026-03-10,2622959.883496598,2036267.832470031,0.003250133887868323
2026-03-11,2629604.455134207,2036267.832470031,0.002533234183037303
2026-03-12,2616532.1240596636,2036267.832470031,-0.004971215746543245
2026-03-13,2618160.7288444424,2036267.832470031,0.0006224287368015169
2026-03-16,2629797.8884370164,2036267.832470031,0.004444784258035295
2026-03-17,2636861.68590066,2036267.832470031,0.0026860609686785164
2026-03-18,2634266.6299579022,2148687.3505815403,-0.0009841456442838403
2026-03-19,2637732.2111814283,2148687.3505815403,0.0013155772404032096
2026-03-20,2627137.1076198146,2148687.3505815403,-0.004016747233362317
2026-03-23,2632553.0081374566,2148687.3505815403,0.0020615218375674704
2026-03-24,2639352.4893521154,2148687.3505815403,0.0025828468386546177
2026-03-25,2641181.2395212892,2148687.3505815403,0.0006928783391197957
2026-03-26,2619905.7039137753,2148687.3505815403,-0.008055310740950894
2026-03-27,2619069.6403550105,2148687.3505815403,-0.0003191197139331692
2026-03-30,2606103.083440786,2148687.3505815403,-0.0049508255582186855
2026-03-31,2630181.933308821,2148687.3505815403,0.009239408072931665
2026-04-01,2638789.2536330703,2148687.3505815403,0.0032725189901297025
2026-04-02,2687347.6047378615,1192631.5503043025,0.01840175415218792
2026-04-06,2692116.528167345,1680736.1812984294,0.001774583764703852
2026-04-07,2707291.822748552,1680736.1812984294,0.005636938231472932
2026-04-08,2764346.392953962,2333601.585816409,0.021074407171771448
2026-04-09,2771969.8983617323,2446375.185816409,0.0027577967172283113
2026-04-10,2773103.3117731493,2446375.185816409,0.0004088837371887255
2026-04-13,2777780.159440217,2561468.625816409,0.0016865032208546182
2026-04-14,2780536.5339689446,2677176.6939689447,0.0009922939795505847
2026-04-15,2780606.333968945,2677176.6939689447,2.5103068831411335e-05
2026-04-16,2780550.4939689445,2677176.6939689447,-2.0081950946493343e-05
2026-04-17,2783649.6139689446,2677176.6939689447,0.0011145706602782024
2026-04-20,2783635.6539689447,2677176.6939689447,-5.01499898908353e-06
2026-04-21,2781583.5339689446,2677176.6939689447,-0.0007372085484945723
2026-04-22,2782616.5739689446,2677176.6939689447,0.0003713855749376549
2026-04-23,2783007.453968945,2677176.6939689447,0.00014047210228573803
2026-04-24,2784054.453968945,2677176.6939689447,0.0003762117124432862
2026-04-27,2782379.253968945,2677176.6939689447,-0.0006017123686686832
2026-04-28,2779601.2139689447,2677176.6939689447,-0.0009984404520114731
2026-04-29,2780438.813968945,2677176.6939689447,0.00030133819045352617
2026-04-30,2781471.853968945,2677176.6939689447,0.00037153847616067104
2026-05-01,2780550.4939689445,2677176.6939689447,-0.0003312490826342662
2026-05-04,2787155.44725502,1671451.7874622848,0.002375412099295371
2026-05-05,2813418.133073016,1772731.5874622848,0.009422756037472224
2026-05-06,2843362.1311440067,1772731.5874622848,0.010643280399377897
2026-05-07,2833109.508760443,1896512.0674622848,-0.0036058095700384207
2026-05-08,2840841.751856951,1896512.0674622848,0.0027292425769631645
2026-05-11,2865057.6282413113,2015910.4234622847,0.008524190539135557
2026-05-12,2858288.4802437997,2015910.4234622847,-0.0023626568383082747
2026-05-13,2855912.6718067536,2015910.4234622847,-0.0008311996684265965
2026-05-14,2872081.8485895204,2015910.4234622847,0.005661649581371053
2026-05-15,2853814.7942125006,2015910.4234622847,-0.006360213719532659
2026-05-18,2837297.13900546,2015910.4234622847,-0.00578792122058458
2026-05-19,2821240.7075052704,2105461.1275052703,-0.00565905885550555
2026-05-20,2833669.3475052705,2105461.1275052703,0.004405380925823321
2026-05-21,2842249.6275052703,2105461.1275052703,0.003027975020287288
2026-05-22,2839385.3875052705,2105461.1275052703,-0.00100773696028722
2026-05-26,2857714.4275052706,2105461.1275052703,0.00645528433042486
2026-05-27,2873918.85710527,2227054.64710527,0.005670415995395972
2026-05-28,2887195.23110527,2349065.75110527,0.004619606419010935
2026-05-29,2891391.45110527,2470707.23110527,0.0014533897655386596
