date,ticker,reason,is_buy,status,exectype,size,price,value,commission
2016-06-02,CL,rebalance_entry,True,Completed,0,888,56.1260901048,49839.9680130624,0.0
2016-06-02,CLX,rebalance_entry,True,Completed,0,517,96.7665044401,50028.2827955317,0.0
2016-06-02,CPRT,rebalance_entry,True,Completed,0,8103,6.16625,49965.12375,0.0
2016-06-02,EW,rebalance_entry,True,Completed,0,1502,33.3333333333,50066.6666666166,0.0
2016-06-02,GPN,rebalance_entry,True,Completed,0,679,73.5207582384,49920.5948438736,0.0
2016-06-02,HD,rebalance_entry,True,Completed,0,479,104.2830699095,49951.5904866505,0.0
2016-06-02,KLAC,rebalance_entry,True,Completed,0,805,61.963856373300004,49880.9043805065,0.0
2016-06-02,KMB,rebalance_entry,True,Completed,0,551,90.5130727182,49872.703067728195,0.0
2016-06-02,LII,rebalance_entry,True,Completed,0,407,122.3197340687,49784.1317659609,0.0
2016-06-02,LMT,rebalance_entry,True,Completed,0,273,182.6604960448,49866.3154202304,0.0
2016-06-02,MCD,rebalance_entry,True,Completed,0,525,94.8435440709,49792.8606372225,0.0
2016-06-02,MO,rebalance_entry,True,Completed,0,1530,32.6238595539,49914.50511746699,0.0
2016-06-02,MSI,rebalance_entry,True,Completed,0,843,59.2503705823,49948.0624008789,0.0
2016-06-02,NVDA,rebalance_entry,True,Completed,0,43517,1.1551084147,50266.852882499894,0.0
2016-06-02,POOL,rebalance_entry,True,Completed,0,616,80.9586607661,49870.5350319176,0.0
2016-06-02,SPGI,rebalance_entry,True,Completed,0,494,100.560051022,49676.665204868,0.0
2016-06-02,TSN,rebalance_entry,True,Completed,0,1001,50.016992331,50067.009323330996,0.0
2016-06-02,ULTA,rebalance_entry,True,Completed,0,211,236.24,49846.64,0.0
2016-06-02,UPS,rebalance_entry,True,Completed,0,710,70.2399549351,49870.368003921,0.0
2016-06-02,VZ,rebalance_entry,True,Completed,0,1690,29.6085676373,50038.479307037,0.0
2016-06-06,TSN,stop_loss,False,Completed,3,-1001,47.51614271445,50067.009323330996,0.0
2016-06-06,TSN,take_profit,False,Canceled,2,0,0.0,0.0,0.0
2016-06-13,GPN,stop_loss,False,Completed,3,-679,69.84472032648,49920.5948438736,0.0
2016-06-13,GPN,take_profit,False,Canceled,2,0,0.0,0.0,0.0
2016-06-14,HD,stop_loss,False,Completed,3,-479,99.068916414025,49951.5904866505,0.0
2016-06-14,HD,take_profit,False,Canceled,2,0,0.0,0.0,0.0
2016-06-24,MSI,stop_loss,False,Completed,3,-843,56.287852053185,49948.0624008789,0.0
2016-06-24,MSI,take_profit,False,Canceled,2,0,0.0,0.0,0.0
2016-06-24,SPGI,stop_loss,False,Completed,3,-494,95.5320484709,49676.665204868,0.0
2016-06-24,SPGI,take_profit,False,Canceled,2,0,0.0,0.0,0.0
2016-06-27,CPRT,stop_loss,False,Completed,3,-8103,5.84375,49965.12375,0.0
2016-06-27,CPRT,take_profit,False,Canceled,2,0,0.0,0.0,0.0
2016-06-27,EW,stop_loss,False,Completed,3,-1502,31.666666666634995,50066.6666666166,0.0
2016-06-27,EW,take_profit,False,Canceled,2,0,0.0,0.0,0.0
2016-06-27,NVDA,stop_loss,False,Completed,3,-43517,1.097352993965,50266.852882499894,0.0
2016-06-27,NVDA,take_profit,False,Canceled,2,0,0.0,0.0,0.0
2016-07-05,MCD,stop_loss,False,Canceled,3,0,0.0,0.0,0.0
2016-07-05,MCD,take_profit,False,Canceled,2,0,0.0,0.0,0.0
2016-07-05,POOL,stop_loss,False,Canceled,3,0,0.0,0.0,0.0
2016-07-05,POOL,take_profit,False,Canceled,2,0,0.0,0.0,0.0
2016-07-05,NVDA,rebalance_entry,True,Margin,0,0,0.0,0.0,0.0
2016-07-05,SPGI,rebalance_entry,True,Margin,0,0,0.0,0.0,0.0
2016-07-05,TSN,rebalance_entry,True,Margin,0,0,0.0,0.0,0.0
2016-07-05,ATO,rebalance_entry,True,Completed,0,792,63.7366229733,50479.4053948536,0.0
2016-07-05,AWK,rebalance_entry,True,Completed,0,729,69.1137152172,50383.89839333879,0.0
2016-07-05,CHTR,rebalance_entry,True,Completed,0,216,231.66999999999996,50040.719999999994,0.0
2016-07-05,CINF,rebalance_entry,True,Completed,0,873,57.5894444351,50275.5849918423,0.0
2016-07-05,CPB,rebalance_entry,True,Completed,0,1070,47.1026154287,50399.798508709,0.0
2016-07-05,HII,rebalance_entry,True,Completed,0,362,139.0533186915,50337.301366323,0.0
2016-07-05,MSI,rebalance_entry,True,Completed,0,884,56.5149669359,49959.2307713356,0.0
2016-07-06,MCD,rebalance_exit,False,Completed,0,-525,93.7355954616,49792.8606372225,0.0
2016-07-06,POOL,rebalance_exit,False,Completed,0,-616,83.7741522494,49870.5350319176,0.0
2016-07-27,CPB,stop_loss,False,Completed,3,-1070,44.747484657265,50399.798508709,0.0
2016-07-27,CPB,take_profit,False,Canceled,2,0,0.0,0.0,0.0
2016-08-02,ATO,stop_loss,False,Canceled,3,0,0.0,0.0,0.0
2016-08-02,ATO,take_profit,False,Canceled,2,0,0.0,0.0,0.0
2016-08-02,CINF,stop_loss,False,Canceled,3,0,0.0,0.0,0.0
2016-08-02,CINF,take_profit,False,Canceled,2,0,0.0,0.0,0.0
2016-08-02,CL,stop_loss,False,Canceled,3,0,0.0,0.0,0.0
2016-08-02,CL,take_profit,False,Canceled,2,0,0.0,0.0,0.0
2016-08-02,POOL,rebalance_entry,True,Margin,0,0,0.0,0.0,0.0
2016-08-02,SPGI,rebalance_entry,True,Margin,0,0,0.0,0.0,0.0
2016-08-02,TSN,rebalance_entry,True,Margin,0,0,0.0,0.0,0.0
2016-08-02,YUM,rebalance_entry,True,Margin,0,0,0.0,0.0,0.0
2016-08-02,AMAT,rebalance_entry,True,Completed,0,2157,23.5233865926,50739.9448802382,0.0
2016-08-02,HD,rebalance_entry,True,Completed,0,463,109.8669794549,50868.4114876187,0.0
2016-08-02,NVDA,rebalance_entry,True,Completed,0,36500,1.3990900901,51066.78828865,0.0
2016-08-03,ATO,rebalance_exit,False,Completed,0,-792,62.6702647999,50479.4053948536,0.0
2016-08-03,CINF,rebalance_exit,False,Completed,0,-873,57.991249226499995,50275.5849918423,0.0
2016-08-03,CL,rebalance_exit,False,Completed,0,-888,59.6071311968,49839.9680130624,0.0
2016-08-05,AWK,stop_loss,False,Completed,3,-729,65.65802945633999,50383.89839333879,0.0
2016-08-05,AWK,take_profit,False,Canceled,2,0,0.0,0.0,0.0
2016-08-10,KLAC,stop_loss,False,Completed,3,-805,58.865663554635,49880.9043805065,0.0
2016-08-10,KLAC,take_profit,False,Canceled,2,0,0.0,0.0,0.0
2016-09-02,CHTR,stop_loss,False,Canceled,3,0,0.0,0.0,0.0
2016-09-02,CHTR,take_profit,False,Canceled,2,0,0.0,0.0,0.0
2016-09-02,HD,stop_loss,False,Canceled,3,0,0.0,0.0,0.0
2016-09-02,HD,take_profit,False,Canceled,2,0,0.0,0.0,0.0
2016-09-02,HII,stop_loss,False,Canceled,3,0,0.0,0.0,0.0
2016-09-02,HII,take_profit,False,Canceled,2,0,0.0,0.0,0.0
2016-09-02,MSI,stop_loss,False,Canceled,3,0,0.0,0.0,0.0
2016-09-02,MSI,take_profit,False,Canceled,2,0,0.0,0.0,0.0
2016-09-02,ULTA,stop_loss,False,Canceled,3,0,0.0,0.0,0.0
2016-09-02,ULTA,take_profit,False,Canceled,2,0,0.0,0.0,0.0
2016-09-02,VZ,stop_loss,False,Canceled,3,0,0.0,0.0,0.0
2016-09-02,VZ,take_profit,False,Canceled,2,0,0.0,0.0,0.0
2016-09-02,OKE,rebalance_entry,True,Margin,0,0,0.0,0.0,0.0
2016-09-02,POOL,rebalance_entry,True,Margin,0,0,0.0,0.0,0.0
2016-09-02,SPGI,rebalance_entry,True,Margin,0,0,0.0,0.0,0.0
2016-09-02,TPL,rebalance_entry,True,Margin,0,0,0.0,0.0,0.0
2016-09-02,TSN,rebalance_entry,True,Margin,0,0,0.0,0.0,0.0
2016-09-02,XYL,rebalance_entry,True,Margin,0,0,0.0,0.0,0.0
2016-09-02,YUM,rebalance_entry,True,Margin,0,0,0.0,0.0,0.0
2016-09-02,ALB,rebalance_entry,True,Completed,0,720,72.2597344368,52027.008794496,0.0
2016-09-02,ALGN,rebalance_entry,True,Completed,0,547,94.43,51653.21000000001,0.0
2016-09-02,EW,rebalance_entry,True,Completed,0,1329,38.6233333333,51330.40999995571,0.0
2016-09-02,GEN,rebalance_entry,True,Completed,0,4329,11.8605959891,51344.5200368139,0.0
2016-09-02,KLAC,rebalance_entry,True,Completed,0,848,60.7470638079,51513.510109099196,0.0
2016-09-06,CHTR,rebalance_exit,False,Completed,0,-216,279.95,50040.719999999994,0.0
2016-09-06,HD,rebalance_exit,False,Completed,0,-463,107.292073505,50868.4114876187,0.0
2016-09-06,HII,rebalance_exit,False,Completed,0,-362,137.7716301054,50337.301366323,0.0
2016-09-06,MSI,rebalance_exit,False,Completed,0,-884,67.2620471002,49959.2307713356,0.0
2016-09-06,ULTA,rebalance_exit,False,Completed,0,-211,246.82,49846.64,0.0
2016-09-06,VZ,rebalance_exit,False,Completed,0,-1690,31.4583931254,50038.479307037,0.0
2016-09-09,ALB,stop_loss,False,Completed,3,-720,68.64674771496,52027.008794496,0.0
2016-09-09,ALB,take_profit,False,Canceled,2,0,0.0,0.0,0.0
2016-09-14,CLX,stop_loss,False,Completed,3,-517,91.92817921809498,50028.2827955317,0.0
2016-09-14,CLX,take_profit,False,Canceled,2,0,0.0,0.0,0.0
2016-10-03,ALGN,stop_loss,False,Completed,3,-547,89.7085,51653.21000000001,0.0
2016-10-03,ALGN,take_profit,False,Canceled,2,0,0.0,0.0,0.0
2016-10-04,EW,stop_loss,False,Canceled,3,0,0.0,0.0,0.0
2016-10-04,EW,take_profit,False,Canceled,2,0,0.0,0.0,0.0
2016-10-04,TSN,rebalance_entry,True,Margin,0,0,0.0,0.0,0.0
2016-10-04,YUM,rebalance_entry,True,Margin,0,0,0.0,0.0,0.0
2016-10-04,ALB,rebalance_entry,True,Completed,0,686,74.7577118236,51283.7903109896,0.0
2016-10-04,BAX,rebalance_entry,True,Completed,0,1253,40.8133190442,51139.0887623826,0.0
2016-10-04,CLX,rebalance_entry,True,Completed,0,550,92.9331611912,51113.23865516,0.0
2016-10-04,CPRT,rebalance_entry,True,Completed,0,7608,6.76125,51439.590000000004,0.0
2016-10-04,HPQ,rebalance_entry,True,Completed,0,4496,11.4139148361,51316.9611031056,0.0
2016-10-04,NDSN,rebalance_entry,True,Completed,0,571,89.7957247564,51273.3588359044,0.0
2016-10-04,OKE,rebalance_entry,True,Completed,0,1819,27.801048759999997,50570.10769444,0.0
2016-10-04,SPGI,rebalance_entry,True,Completed,0,448,115.4900820925,51739.556777440004,0.0
2016-10-04,TPL,rebalance_entry,True,Completed,0,2128,24.3925939223,51907.4398666544,0.0
2016-10-05,EW,rebalance_exit,False,Completed,0,-1329,40.3333333333,51330.40999995571,0.0
2016-10-12,ALB,stop_loss,False,Completed,3,-686,71.01982623242,51283.7903109896,0.0
2016-10-12,ALB,take_profit,False,Canceled,2,0,0.0,0.0,0.0
2016-10-14,HPQ,stop_loss,False,Completed,3,-4496,10.6495901819,51316.9611031056,0.0
2016-10-14,HPQ,take_profit,False,Canceled,2,0,0.0,0.0,0.0
2016-10-20,KMB,stop_loss,False,Completed,3,-551,85.98741908228999,49872.703067728195,0.0
2016-10-20,KMB,take_profit,False,Canceled,2,0,0.0,0.0,0.0
2016-11-02,AMAT,stop_loss,False,Canceled,3,0,0.0,0.0,0.0
2016-11-02,AMAT,take_profit,False,Canceled,2,0,0.0,0.0,0.0
2016-11-02,BAX,stop_loss,False,Canceled,3,0,0.0,0.0,0.0
2016-11-02,BAX,take_profit,False,Canceled,2,0,0.0,0.0,0.0
2016-11-02,CLX,stop_loss,False,Canceled,3,0,0.0,0.0,0.0
2016-11-02,CLX,take_profit,False,Canceled,2,0,0.0,0.0,0.0
2016-11-02,CPRT,stop_loss,False,Canceled,3,0,0.0,0.0,0.0
2016-11-02,CPRT,take_profit,False,Canceled,2,0,0.0,0.0,0.0
2016-11-02,GEN,stop_loss,False,Canceled,3,0,0.0,0.0,0.0
2016-11-02,GEN,take_profit,False,Canceled,2,0,0.0,0.0,0.0
2016-11-02,KLAC,stop_loss,False,Canceled,3,0,0.0,0.0,0.0
2016-11-02,KLAC,take_profit,False,Canceled,2,0,0.0,0.0,0.0
2016-11-02,LII,stop_loss,False,Canceled,3,0,0.0,0.0,0.0
2016-11-02,LII,take_profit,False,Canceled,2,0,0.0,0.0,0.0
2016-11-02,LMT,stop_loss,False,Canceled,3,0,0.0,0.0,0.0
2016-11-02,LMT,take_profit,False,Canceled,2,0,0.0,0.0,0.0
2016-11-02,MO,stop_loss,False,Canceled,3,0,0.0,0.0,0.0
2016-11-02,MO,take_profit,False,Canceled,2,0,0.0,0.0,0.0
2016-11-02,NDSN,stop_loss,False,Canceled,3,0,0.0,0.0,0.0
2016-11-02,NDSN,take_profit,False,Canceled,2,0,0.0,0.0,0.0
2016-11-02,NVDA,stop_loss,False,Canceled,3,0,0.0,0.0,0.0
2016-11-02,NVDA,take_profit,False,Canceled,2,0,0.0,0.0,0.0
2016-11-02,OKE,stop_loss,False,Canceled,3,0,0.0,0.0,0.0
2016-11-02,OKE,take_profit,False,Canceled,2,0,0.0,0.0,0.0
2016-11-02,SPGI,stop_loss,False,Canceled,3,0,0.0,0.0,0.0
2016-11-02,SPGI,take_profit,False,Canceled,2,0,0.0,0.0,0.0
2016-11-02,TPL,stop_loss,False,Canceled,3,0,0.0,0.0,0.0
2016-11-02,TPL,take_profit,False,Canceled,2,0,0.0,0.0,0.0
2016-11-02,UPS,stop_loss,False,Canceled,3,0,0.0,0.0,0.0
2016-11-02,UPS,take_profit,False,Canceled,2,0,0.0,0.0,0.0
2016-11-03,AMAT,rebalance_exit,False,Completed,0,-2157,25.6624860444,50739.9448802382,0.0
2016-11-03,BAX,rebalance_exit,False,Completed,0,-1253,40.2557600408,51139.0887623826,0.0
2016-11-03,CLX,rebalance_exit,False,Completed,0,-550,86.9129407544,51113.23865516,0.0
2016-11-03,CPRT,rebalance_exit,False,Completed,0,-7608,6.47,51439.590000000004,0.0
2016-11-03,GEN,rebalance_exit,False,Completed,0,-4329,12.395697381,51344.5200368139,0.0
2016-11-03,KLAC,rebalance_exit,False,Completed,0,-848,64.0496506572,51513.510109099196,0.0
2016-11-03,LII,rebalance_exit,False,Completed,0,-407,126.7101466832,49784.1317659609,0.0
2016-11-03,LMT,rebalance_exit,False,Completed,0,-273,187.3329485062,49866.3154202304,0.0
2016-11-03,MO,rebalance_exit,False,Completed,0,-1530,33.6531431857,49914.50511746699,0.0
2016-11-03,NDSN,rebalance_exit,False,Completed,0,-571,88.0130221687,51273.3588359044,0.0
2016-11-03,NVDA,rebalance_exit,False,Completed,0,-36500,1.6986985764,51066.78828865,0.0
2016-11-03,OKE,rebalance_exit,False,Completed,0,-1819,26.1457271678,50570.10769444,0.0
2016-11-03,SPGI,rebalance_exit,False,Completed,0,-448,109.2955974168,51739.556777440004,0.0
2016-11-03,TPL,rebalance_exit,False,Completed,0,-2128,26.4990077679,51907.4398666544,0.0
2016-11-03,UPS,rebalance_exit,False,Completed,0,-710,73.8229924147,49870.368003921,0.0
2016-12-02,AMAT,rebalance_entry,True,Completed,0,1849,27.2599653479,50403.6759282671,0.0
2016-12-02,BBY,rebalance_entry,True,Completed,0,1555,32.4890430312,50520.461913515996,0.0
2016-12-02,CLX,rebalance_entry,True,Completed,0,587,85.963401993,50460.516969891,0.0
2016-12-02,COHR,rebalance_entry,True,Completed,0,1715,29.4,50421.0,0.0
2016-12-02,CPRT,rebalance_entry,True,Completed,0,7351,6.82625,50179.76375,0.0
2016-12-02,GEN,rebalance_entry,True,Completed,0,4295,11.671391428,50128.62618326,0.0
2016-12-02,HPQ,rebalance_entry,True,Completed,0,4584,10.9407614787,50152.4506183608,0.0
2016-12-02,KLAC,rebalance_entry,True,Completed,0,768,65.4962851281,50301.1469783808,0.0
2016-12-02,KMB,rebalance_entry,True,Completed,0,613,81.9999133884,50265.9469070892,0.0
2016-12-02,LII,rebalance_entry,True,Completed,0,380,132.0038945192,50161.479917296005,0.0
2016-12-02,LMT,rebalance_entry,True,Completed,0,242,207.2981380296,50166.1494031632,0.0
2016-12-02,MCD,rebalance_entry,True,Completed,0,531,94.1650894091,50001.6624762321,0.0
2016-12-02,MO,rebalance_entry,True,Completed,0,1545,32.5518803959,50292.6552116655,0.0
2016-12-02,NDSN,rebalance_entry,True,Completed,0,518,97.0532246309,50273.5703588062,0.0
2016-12-02,NVDA,rebalance_entry,True,Completed,0,23285,2.1390964428,49808.860670598006,0.0
2016-12-02,OKE,rebalance_entry,True,Completed,0,1655,30.3732146236,50267.670202058,0.0
2016-12-02,SPGI,rebalance_entry,True,Completed,0,471,106.7412375559,50275.1228888289,0.0
2016-12-02,STLD,rebalance_entry,True,Completed,0,1685,29.7262919127,50088.8018728995,0.0
2016-12-02,TPL,rebalance_entry,True,Completed,0,1703,29.5249677342,50281.0200513426,0.0
2016-12-02,UPS,rebalance_entry,True,Completed,0,622,80.8993241374,50319.3796134628,0.0
2016-12-12,LMT,stop_loss,False,Completed,3,-242,195.7893510132,50166.1494031632,0.0
2016-12-12,LMT,take_profit,False,Canceled,2,0,0.0,0.0,0.0
2016-12-22,SPGI,stop_loss,False,Completed,3,-471,101.40417567810499,50275.1228888289,0.0
2016-12-22,SPGI,take_profit,False,Canceled,2,0,0.0,0.0,0.0
2016-12-27,NVDA,take_profit,False,Completed,2,-23285,2.78082537564,49808.860670598006,0.0
2016-12-27,NVDA,stop_loss,False,Canceled,3,0,0.0,0.0,0.0
2016-12-28,BBY,stop_loss,False,Completed,3,-1555,30.864590879639994,50520.461913515996,0.0
2016-12-28,BBY,take_profit,False,Canceled,2,0,0.0,0.0,0.0
2017-01-04,COHR,stop_loss,False,Canceled,3,0,0.0,0.0,0.0
2017-01-04,COHR,take_profit,False,Canceled,2,0,0.0,0.0,0.0
2017-01-04,HPQ,stop_loss,False,Canceled,3,0,0.0,0.0,0.0
2017-01-04,HPQ,take_profit,False,Canceled,2,0,0.0,0.0,0.0
2017-01-04,PWR,rebalance_entry,True,Margin,0,0,0.0,0.0,0.0
2017-01-04,SPGI,rebalance_entry,True,Margin,0,0,0.0,0.0,0.0
2017-01-04,BA,rebalance_entry,True,Completed,0,356,146.2419450428,52062.1324352368,0.0
2017-01-04,CMI,rebalance_entry,True,Completed,0,473,109.7114688772,51893.524778915606,0.0
2017-01-04,LMT,rebalance_entry,True,Completed,0,263,197.5934311401,51967.0723898463,0.0
2017-01-04,NVDA,rebalance_entry,True,Margin,0,0,0.0,0.0,0.0
2017-01-05,COHR,rebalance_exit,False,Completed,0,-1715,30.1,50421.0,0.0
2017-01-05,HPQ,rebalance_exit,False,Completed,0,-4584,11.083858008,50152.4506183608,0.0
2017-01-25,STLD,stop_loss,False,Completed,3,-1685,28.239977317064998,50088.8018728995,0.0
2017-01-25,STLD,take_profit,False,Canceled,2,0,0.0,0.0,0.0
2017-01-31,UPS,stop_loss,False,Completed,3,-622,76.85435793053,50319.3796134628,0.0
2017-01-31,UPS,take_profit,False,Canceled,2,0,0.0,0.0,0.0
2017-02-02,AMAT,stop_loss,False,Canceled,3,0,0.0,0.0,0.0
2017-02-02,AMAT,take_profit,False,Canceled,2,0,0.0,0.0,0.0
2017-02-02,BA,stop_loss,False,Canceled,3,0,0.0,0.0,0.0
2017-02-02,BA,take_profit,False,Canceled,2,0,0.0,0.0,0.0
2017-02-02,CLX,stop_loss,False,Canceled,3,0,0.0,0.0,0.0
2017-02-02,CLX,take_profit,False,Canceled,2,0,0.0,0.0,0.0
2017-02-02,CMI,stop_loss,False,Canceled,3,0,0.0,0.0,0.0
2017-02-02,CMI,take_profit,False,Canceled,2,0,0.0,0.0,0.0
2017-02-02,CPRT,stop_loss,False,Canceled,3,0,0.0,0.0,0.0
2017-02-02,CPRT,take_profit,False,Canceled,2,0,0.0,0.0,0.0
2017-02-02,GEN,stop_loss,False,Canceled,3,0,0.0,0.0,0.0
2017-02-02,GEN,take_profit,False,Canceled,2,0,0.0,0.0,0.0
2017-02-02,KLAC,stop_loss,False,Canceled,3,0,0.0,0.0,0.0
2017-02-02,KLAC,take_profit,False,Canceled,2,0,0.0,0.0,0.0
2017-02-02,KMB,stop_loss,False,Canceled,3,0,0.0,0.0,0.0
2017-02-02,KMB,take_profit,False,Canceled,2,0,0.0,0.0,0.0
2017-02-02,LII,stop_loss,False,Canceled,3,0,0.0,0.0,0.0
2017-02-02,LII,take_profit,False,Canceled,2,0,0.0,0.0,0.0
2017-02-02,LMT,stop_loss,False,Canceled,3,0,0.0,0.0,0.0
2017-02-02,LMT,take_profit,False,Canceled,2,0,0.0,0.0,0.0
2017-02-02,MCD,stop_loss,False,Canceled,3,0,0.0,0.0,0.0
2017-02-02,MCD,take_profit,False,Canceled,2,0,0.0,0.0,0.0
2017-02-02,MO,stop_loss,False,Canceled,3,0,0.0,0.0,0.0
2017-02-02,MO,take_profit,False,Canceled,2,0,0.0,0.0,0.0
2017-02-02,NDSN,stop_loss,False,Canceled,3,0,0.0,0.0,0.0
2017-02-02,NDSN,take_profit,False,Canceled,2,0,0.0,0.0,0.0
2017-02-02,OKE,stop_loss,False,Canceled,3,0,0.0,0.0,0.0
2017-02-02,OKE,take_profit,False,Canceled,2,0,0.0,0.0,0.0
2017-02-02,TPL,stop_loss,False,Canceled,3,0,0.0,0.0,0.0
2017-02-02,TPL,take_profit,False,Canceled,2,0,0.0,0.0,0.0
2017-02-03,AMAT,rebalance_exit,False,Completed,0,-1849,31.5746221149,50403.6759282671,0.0
2017-02-03,BA,rebalance_exit,False,Completed,0,-356,151.0422319405,52062.1324352368,0.0
2017-02-03,CLX,rebalance_exit,False,Completed,0,-587,92.5473316193,50460.516969891,0.0
2017-02-03,CMI,rebalance_exit,False,Completed,0,-473,115.2409645563,51893.524778915606,0.0
2017-02-03,CPRT,rebalance_exit,False,Completed,0,-7351,6.9775,50179.76375,0.0
2017-02-03,GEN,rebalance_exit,False,Completed,0,-4295,13.7249653628,50128.62618326,0.0
2017-02-03,KLAC,rebalance_exit,False,Completed,0,-768,75.7602424422,50301.1469783808,0.0
2017-02-03,KMB,rebalance_exit,False,Completed,0,-613,88.1240257937,50265.9469070892,0.0
2017-02-03,LII,rebalance_exit,False,Completed,0,-380,140.2073623711,50161.479917296005,0.0
2017-02-03,LMT,rebalance_exit,False,Completed,0,-263,196.4814334756,51967.0723898463,0.0
2017-02-03,MCD,rebalance_exit,False,Completed,0,-531,98.4025184325,50001.6624762321,0.0
2017-02-03,MO,rebalance_exit,False,Completed,0,-1545,37.2969233368,50292.6552116655,0.0
2017-02-03,NDSN,rebalance_exit,False,Completed,0,-518,103.7222394838,50273.5703588062,0.0
2017-02-03,OKE,rebalance_exit,False,Completed,0,-1655,31.5140987459,50267.670202058,0.0
2017-02-03,TPL,rebalance_exit,False,Completed,0,-1703,32.0584931659,50281.0200513426,0.0
2017-04-04,AMAT,rebalance_entry,True,Completed,0,1518,35.0394562934,53189.8946533812,0.0
2017-04-04,APO,rebalance_entry,True,Completed,0,3061,17.4578953905,53438.617790320495,0.0
2017-04-04,BA,rebalance_entry,True,Completed,0,323,165.3349456295,53403.1874383285,0.0
2017-04-04,BAC,rebalance_entry,True,Completed,0,2784,18.8740671169,52545.4028534496,0.0
2017-04-04,CLX,rebalance_entry,True,Completed,0,523,102.0372260337,53365.4692156251,0.0
2017-04-04,CSX,rebalance_entry,True,Completed,0,3899,13.7071270412,53444.0883336388,0.0
2017-04-04,EBAY,rebalance_entry,True,Completed,0,1789,29.8680186309,53433.8853306801,0.0
2017-04-04,KLAC,rebalance_entry,True,Completed,0,642,83.2183504105,53426.180963540995,0.0
2017-04-04,KMB,rebalance_entry,True,Completed,0,557,96.0240012185,53485.3686787045,0.0
2017-04-04,LII,rebalance_entry,True,Completed,0,357,149.4646761375,53358.889381087494,0.0
2017-04-04,LMT,rebalance_entry,True,Completed,0,254,210.23323600399996,53399.241945015994,0.0
2017-04-04,MCD,rebalance_entry,True,Completed,0,512,103.8177409638,53154.6833734656,0.0
2017-04-04,MO,rebalance_entry,True,Completed,0,1418,37.718625673,53485.011204313996,0.0
2017-04-04,MU,rebalance_entry,True,Completed,0,1913,27.7617484124,53108.2247129212,0.0
2017-04-04,NVDA,rebalance_entry,True,Completed,0,19998,2.5496447811,50987.7963324378,0.0
2017-04-04,OKE,rebalance_entry,True,Completed,0,1713,31.2095602111,53461.9766416143,0.0
2017-04-04,RF,rebalance_entry,True,Completed,0,5262,10.0715422666,52996.4554068492,0.0
2017-04-04,SPGI,rebalance_entry,True,Completed,0,448,118.638707191,53150.140821568,0.0
2017-04-04,TPL,rebalance_entry,True,Completed,0,1876,28.705298764699997,53851.1404825772,0.0
2017-04-04,URI,rebalance_entry,True,Completed,0,447,118.7090660935,53062.9525437945,0.0
2017-04-10,NVDA,stop_loss,False,Completed,3,-19998,2.4221625420449997,50987.7963324378,0.0
2017-04-10,NVDA,take_profit,False,Canceled,2,0,0.0,0.0,0.0
2017-04-11,MU,stop_loss,False,Completed,3,-1913,26.37366099178,53108.2247129212,0.0
2017-04-11,MU,take_profit,False,Canceled,2,0,0.0,0.0,0.0
2017-04-13,RF,stop_loss,False,Completed,3,-5262,9.567965153269999,52996.4554068492,0.0
2017-04-13,RF,take_profit,False,Canceled,2,0,0.0,0.0,0.0
2017-04-20,URI,stop_loss,False,Completed,3,-447,109.6651167761,53062.9525437945,0.0
2017-04-20,URI,take_profit,False,Canceled,2,0,0.0,0.0,0.0
2017-04-21,EBAY,stop_loss,False,Completed,3,-1789,28.374617699355,53433.8853306801,0.0
2017-04-21,EBAY,take_profit,False,Canceled,2,0,0.0,0.0,0.0
2017-05-02,BAC,stop_loss,False,Canceled,3,0,0.0,0.0,0.0
2017-05-02,BAC,take_profit,False,Canceled,2,0,0.0,0.0,0.0
2017-05-02,STX,rebalance_entry,True,Margin,0,0,0.0,0.0,0.0
2017-05-02,URI,rebalance_entry,True,Margin,0,0,0.0,0.0,0.0
2017-05-02,OKE,stop_loss,False,Completed,3,-1713,29.649082200544996,53461.9766416143,0.0
2017-05-02,OKE,take_profit,False,Canceled,2,0,0.0,0.0,0.0
2017-05-02,BBY,rebalance_entry,True,Completed,0,1459,37.0976201171,54125.4277508489,0.0
2017-05-02,LRCX,rebalance_entry,True,Completed,0,4096,13.2608732527,54316.5368430592,0.0
2017-05-02,MU,rebalance_entry,True,Completed,0,1961,27.5764750651,54077.4676026611,0.0
2017-05-02,NVDA,rebalance_entry,True,Completed,0,20580,2.6026596387,53562.735364446,0.0
2017-05-03,BAC,rebalance_exit,False,Completed,0,-2784,19.0123684708,52545.4028534496,0.0
2017-05-16,NVDA,take_profit,False,Completed,2,-20580,3.3834575303100003,53562.735364446,0.0
2017-05-16,NVDA,stop_loss,False,Canceled,3,0,0.0,0.0,0.0
2017-06-02,AMAT,stop_loss,False,Canceled,3,0,0.0,0.0,0.0
2017-06-02,AMAT,take_profit,False,Canceled,2,0,0.0,0.0,0.0
2017-06-02,APO,stop_loss,False,Canceled,3,0,0.0,0.0,0.0
2017-06-02,APO,take_profit,False,Canceled,2,0,0.0,0.0,0.0
2017-06-02,BA,stop_loss,False,Canceled,3,0,0.0,0.0,0.0
2017-06-02,BA,take_profit,False,Canceled,2,0,0.0,0.0,0.0
2017-06-02,BBY,stop_loss,False,Canceled,3,0,0.0,0.0,0.0
2017-06-02,BBY,take_profit,False,Canceled,2,0,0.0,0.0,0.0
2017-06-02,CLX,stop_loss,False,Canceled,3,0,0.0,0.0,0.0
2017-06-02,CLX,take_profit,False,Canceled,2,0,0.0,0.0,0.0
2017-06-02,CSX,stop_loss,False,Canceled,3,0,0.0,0.0,0.0
2017-06-02,CSX,take_profit,False,Canceled,2,0,0.0,0.0,0.0
2017-06-02,KLAC,stop_loss,False,Canceled,3,0,0.0,0.0,0.0
2017-06-02,KLAC,take_profit,False,Canceled,2,0,0.0,0.0,0.0
2017-06-02,KMB,stop_loss,False,Canceled,3,0,0.0,0.0,0.0
2017-06-02,KMB,take_profit,False,Canceled,2,0,0.0,0.0,0.0
2017-06-02,LII,stop_loss,False,Canceled,3,0,0.0,0.0,0.0
2017-06-02,LII,take_profit,False,Canceled,2,0,0.0,0.0,0.0
2017-06-02,LMT,stop_loss,False,Canceled,3,0,0.0,0.0,0.0
2017-06-02,LMT,take_profit,False,Canceled,2,0,0.0,0.0,0.0
2017-06-02,LRCX,stop_loss,False,Canceled,3,0,0.0,0.0,0.0
2017-06-02,LRCX,take_profit,False,Canceled,2,0,0.0,0.0,0.0
2017-06-02,MCD,stop_loss,False,Canceled,3,0,0.0,0.0,0.0
2017-06-02,MCD,take_profit,False,Canceled,2,0,0.0,0.0,0.0
2017-06-02,MO,stop_loss,False,Canceled,3,0,0.0,0.0,0.0
2017-06-02,MO,take_profit,False,Canceled,2,0,0.0,0.0,0.0
2017-06-02,MU,stop_loss,False,Canceled,3,0,0.0,0.0,0.0
2017-06-02,MU,take_profit,False,Canceled,2,0,0.0,0.0,0.0
2017-06-02,SPGI,stop_loss,False,Canceled,3,0,0.0,0.0,0.0
2017-06-02,SPGI,take_profit,False,Canceled,2,0,0.0,0.0,0.0
2017-06-02,TPL,stop_loss,False,Canceled,3,0,0.0,0.0,0.0
2017-06-02,TPL,take_profit,False,Canceled,2,0,0.0,0.0,0.0
2017-06-05,AMAT,rebalance_exit,False,Completed,0,-1518,42.3024538769,53189.8946533812,0.0
2017-06-05,APO,rebalance_exit,False,Completed,0,-3061,19.7946991704,53438.617790320495,0.0
2017-06-05,BA,rebalance_exit,False,Completed,0,-323,179.0412676335,53403.1874383285,0.0
2017-06-05,BBY,rebalance_exit,False,Completed,0,-1459,43.0908667069,54125.4277508489,0.0
2017-06-05,CLX,rebalance_exit,False,Completed,0,-523,104.0075320852,53365.4692156251,0.0
2017-06-05,CSX,rebalance_exit,False,Completed,0,-3899,16.1168561715,53444.0883336388,0.0
2017-06-05,KLAC,rebalance_exit,False,Completed,0,-642,92.3235296777,53426.180963540995,0.0
2017-06-05,KMB,rebalance_exit,False,Completed,0,-557,95.0033224416,53485.3686787045,0.0
2017-06-05,LII,rebalance_exit,False,Completed,0,-357,160.56709855,53358.889381087494,0.0
2017-06-05,LMT,rebalance_exit,False,Completed,0,-254,221.8113003394,53399.241945015994,0.0
2017-06-05,LRCX,rebalance_exit,False,Completed,0,-4096,14.1050428829,54316.5368430592,0.0
2017-06-05,MCD,rebalance_exit,False,Completed,0,-512,124.2674794911,53154.6833734656,0.0
2017-06-05,MO,rebalance_exit,False,Completed,0,-1418,39.5172550623,53485.011204313996,0.0
2017-06-05,MU,rebalance_exit,False,Completed,0,-1961,30.5213461647,54077.4676026611,0.0
2017-06-05,SPGI,rebalance_exit,False,Completed,0,-448,133.1325273463,53150.140821568,0.0
2017-06-05,TPL,rebalance_exit,False,Completed,0,-1876,28.9067292209,53851.1404825772,0.0
2017-07-05,APO,rebalance_entry,True,Completed,0,3018,19.015323483,57388.246271694,0.0
2017-07-05,BA,rebalance_entry,True,Completed,0,307,187.7357007385,57634.8601267195,0.0
2017-07-05,BBY,rebalance_entry,True,Completed,0,1341,42.8369202655,57444.3100760355,0.0
2017-07-05,CSX,rebalance_entry,True,Completed,0,3577,16.0902850585,57554.9496542545,0.0
2017-07-05,EBAY,rebalance_entry,True,Completed,0,1880,30.7261933368,57765.243473184004,0.0
2017-07-05,HD,rebalance_entry,True,Completed,0,462,124.5549056243,57544.3663984266,0.0
2017-07-05,IT,rebalance_entry,True,Completed,0,463,124.42,57606.46,0.0
2017-07-05,KMB,rebalance_entry,True,Completed,0,610,94.5579586533,57680.35477851301,0.0
2017-07-05,LII,rebalance_entry,True,Completed,0,347,166.0501406414,57619.398802565796,0.0
2017-07-05,LMT,rebalance_entry,True,Completed,0,261,220.2353763583,57481.4332295163,0.0
2017-07-05,MO,rebalance_entry,True,Completed,0,1456,39.5048534316,57519.0665964096,0.0
2017-07-05,MTD,rebalance_entry,True,Completed,0,97,587.96,57032.12,0.0
2017-07-05,MU,rebalance_entry,True,Completed,0,2025,28.8148811235,58350.134275087505,0.0
2017-07-05,NVDA,rebalance_entry,True,Completed,0,16736,3.5025824956,58619.2206463616,0.0
2017-07-05,SPGI,rebalance_entry,True,Completed,0,427,134.8683561237,57588.788064819906,0.0
2017-07-05,STX,rebalance_entry,True,Completed,0,2121,27.2731028452,57846.2511346692,0.0
2017-07-05,TPL,rebalance_entry,True,Completed,0,1928,29.8304442882,57513.0965876496,0.0
2017-07-05,UAL,rebalance_entry,True,Completed,0,766,75.35,57718.1,0.0
2017-07-05,UPS,rebalance_entry,True,Completed,0,738,77.8654549815,57464.70577634699,0.0
2017-07-05,WYNN,rebalance_entry,True,Margin,0,0,0.0,0.0,0.0
2017-07-10,BBY,stop_loss,False,Completed,3,-1341,39.9820916822,57444.3100760355,0.0
2017-07-10,BBY,take_profit,False,Canceled,2,0,0.0,0.0,0.0
2017-07-19,CSX,stop_loss,False,Completed,3,-3577,15.285770805575,57554.9496542545,0.0
2017-07-19,CSX,take_profit,False,Canceled,2,0,0.0,0.0,0.0
2017-07-20,HD,stop_loss,False,Completed,3,-462,118.327160343085,57544.3663984266,0.0
2017-07-20,HD,take_profit,False,Canceled,2,0,0.0,0.0,0.0
2017-07-21,UAL,stop_loss,False,Completed,3,-766,71.5825,57718.1,0.0
2017-07-21,UAL,take_profit,False,Canceled,2,0,0.0,0.0,0.0
2017-07-25,KMB,stop_loss,False,Completed,3,-610,89.830060720635,57680.35477851301,0.0
2017-07-25,KMB,take_profit,False,Canceled,2,0,0.0,0.0,0.0
2017-07-25,LII,stop_loss,False,Completed,3,-347,157.74763360933,57619.398802565796,0.0
2017-07-25,LII,take_profit,False,Canceled,2,0,0.0,0.0,0.0
2017-07-25,STX,stop_loss,False,Completed,3,-2121,22.7252426543,57846.2511346692,0.0
2017-07-25,STX,take_profit,False,Canceled,2,0,0.0,0.0,0.0
2017-07-28,MO,stop_loss,False,Completed,3,-1456,37.52961076002,57519.0665964096,0.0
2017-07-28,MO,take_profit,False,Canceled,2,0,0.0,0.0,0.0
2017-07-31,MU,stop_loss,False,Completed,3,-2025,27.374137067324998,58350.134275087505,0.0
2017-07-31,MU,take_profit,False,Canceled,2,0,0.0,0.0,0.0
2017-08-02,APO,stop_loss,False,Canceled,3,0,0.0,0.0,0.0
2017-08-02,APO,take_profit,False,Canceled,2,0,0.0,0.0,0.0
2017-08-02,BA,stop_loss,False,Canceled,3,0,0.0,0.0,0.0
2017-08-02,BA,take_profit,False,Canceled,2,0,0.0,0.0,0.0
2017-08-02,EBAY,stop_loss,False,Canceled,3,0,0.0,0.0,0.0
2017-08-02,EBAY,take_profit,False,Canceled,2,0,0.0,0.0,0.0
2017-08-02,IT,stop_loss,False,Canceled,3,0,0.0,0.0,0.0
2017-08-02,IT,take_profit,False,Canceled,2,0,0.0,0.0,0.0
2017-08-02,LMT,stop_loss,False,Canceled,3,0,0.0,0.0,0.0
2017-08-02,LMT,take_profit,False,Canceled,2,0,0.0,0.0,0.0
2017-08-02,MTD,stop_loss,False,Canceled,3,0,0.0,0.0,0.0
2017-08-02,MTD,take_profit,False,Canceled,2,0,0.0,0.0,0.0
2017-08-02,NVDA,stop_loss,False,Canceled,3,0,0.0,0.0,0.0
2017-08-02,NVDA,take_profit,False,Canceled,2,0,0.0,0.0,0.0
2017-08-02,SPGI,stop_loss,False,Canceled,3,0,0.0,0.0,0.0
2017-08-02,SPGI,take_profit,False,Canceled,2,0,0.0,0.0,0.0
2017-08-02,TPL,stop_loss,False,Canceled,3,0,0.0,0.0,0.0
2017-08-02,TPL,take_profit,False,Canceled,2,0,0.0,0.0,0.0
2017-08-02,UPS,stop_loss,False,Canceled,3,0,0.0,0.0,0.0
2017-08-02,UPS,take_profit,False,Canceled,2,0,0.0,0.0,0.0
2017-08-03,APO,rebalance_exit,False,Completed,0,-3018,20.2854171958,57388.246271694,0.0
2017-08-03,BA,rebalance_exit,False,Completed,0,-307,223.3046925091,57634.8601267195,0.0
2017-08-03,EBAY,rebalance_exit,False,Completed,0,-1880,31.8232414145,57765.243473184004,0.0
2017-08-03,IT,rebalance_exit,False,Completed,0,-463,126.65,57606.46,0.0
2017-08-03,LMT,rebalance_exit,False,Completed,0,-261,231.6608252212,57481.4332295163,0.0
2017-08-03,MTD,rebalance_exit,False,Completed,0,-97,577.05,57032.12,0.0
2017-08-03,NVDA,rebalance_exit,False,Completed,0,-16736,4.057219766,58619.2206463616,0.0
2017-08-03,SPGI,rebalance_exit,False,Completed,0,-427,140.0481430605,57588.788064819906,0.0
2017-08-03,TPL,rebalance_exit,False,Completed,0,-1928,37.2514600912,57513.0965876496,0.0
2017-08-03,UPS,rebalance_exit,False,Completed,0,-738,78.1471424374,57464.70577634699,0.0
2017-11-02,ABBV,rebalance_entry,True,Completed,0,900,64.3451152733,57910.603745969995,0.0
2017-11-02,ALGN,rebalance_entry,True,Completed,0,247,235.38,58138.86,0.0
2017-11-02,AMAT,rebalance_entry,True,Completed,0,1148,50.6625675705,58160.627570934004,0.0
2017-11-02,APO,rebalance_entry,True,Completed,0,2503,23.2603557904,58220.6705433712,0.0
2017-11-02,BLDR,rebalance_entry,True,Completed,0,3227,18.05,58247.350000000006,0.0
2017-11-02,CLX,rebalance_entry,True,Completed,0,587,98.6843108019,57927.6904407153,0.0
2017-11-02,HD,rebalance_entry,True,Completed,0,432,134.2437623222,57993.305323190405,0.0
2017-11-02,KMB,rebalance_entry,True,Completed,0,701,82.9741840681,58164.903031738104,0.0
2017-11-02,LII,rebalance_entry,True,Completed,0,338,171.079049642,57824.718778996,0.0
2017-11-02,LMT,rebalance_entry,True,Completed,0,239,242.6362461731,57990.0628353709,0.0
2017-11-02,LRCX,rebalance_entry,True,Completed,0,3220,18.0680304582,58179.058075404,0.0
2017-11-02,MTD,rebalance_entry,True,Completed,0,84,687.18,57723.119999999995,0.0
2017-11-02,MU,rebalance_entry,True,Completed,0,1344,42.9834165795,57769.711882848,0.0
2017-11-02,NVDA,rebalance_entry,True,Completed,0,11362,5.0891714619,57823.166150107805,0.0
2017-11-02,NVR,rebalance_entry,True,Completed,0,17,3255.58,55344.86,0.0
2017-11-02,SPGI,rebalance_entry,True,Completed,0,401,144.6119499465,57989.3919285465,0.0
2017-11-02,TPL,rebalance_entry,True,Completed,0,1409,41.079577616,57881.124860944,0.0
2017-11-02,TTWO,rebalance_entry,True,Completed,0,526,110.39,58065.14,0.0
2017-11-02,UPS,rebalance_entry,True,Completed,0,697,83.4500040269,58164.652806749305,0.0
2017-11-02,WYNN,rebalance_entry,True,Completed,0,423,137.4465094729,58139.873507036704,0.0
2017-11-03,MTD,stop_loss,False,Completed,3,-84,649.15,57723.119999999995,0.0
2017-11-03,MTD,take_profit,False,Canceled,2,0,0.0,0.0,0.0
2017-11-07,TTWO,stop_loss,False,Completed,3,-526,104.87049999999999,58065.14,0.0
2017-11-07,TTWO,take_profit,False,Canceled,2,0,0.0,0.0,0.0
2017-11-09,BLDR,stop_loss,False,Completed,3,-3227,17.08,58247.350000000006,0.0
2017-11-09,BLDR,take_profit,False,Canceled,2,0,0.0,0.0,0.0
2017-11-09,UPS,stop_loss,False,Completed,3,-697,79.277503825555,58164.652806749305,0.0
2017-11-09,UPS,take_profit,False,Canceled,2,0,0.0,0.0,0.0
2017-11-10,APO,stop_loss,False,Completed,3,-2503,22.097338000879997,58220.6705433712,0.0
2017-11-10,APO,take_profit,False,Canceled,2,0,0.0,0.0,0.0
2017-11-29,AMAT,stop_loss,False,Completed,3,-1148,48.129439191975,58160.627570934004,0.0
2017-11-29,AMAT,take_profit,False,Canceled,2,0,0.0,0.0,0.0
2017-11-29,LRCX,stop_loss,False,Completed,3,-3220,17.164628935289997,58179.058075404,0.0
2017-11-29,LRCX,take_profit,False,Canceled,2,0,0.0,0.0,0.0
2017-11-29,NVDA,stop_loss,False,Completed,3,-11362,4.834712888805,57823.166150107805,0.0
2017-11-29,NVDA,take_profit,False,Canceled,2,0,0.0,0.0,0.0
2017-11-30,MU,stop_loss,False,Completed,3,-1344,40.834245750525,57769.711882848,0.0
2017-11-30,MU,take_profit,False,Canceled,2,0,0.0,0.0,0.0
2017-12-04,UPS,rebalance_entry,True,Margin,0,0,0.0,0.0,0.0
2017-12-04,ALGN,stop_loss,False,Completed,3,-247,223.61099999999996,58138.86,0.0
2017-12-04,ALGN,take_profit,False,Canceled,2,0,0.0,0.0,0.0
2017-12-04,ALLE,rebalance_entry,True,Completed,0,777,76.5024337752,59442.391043330405,0.0
2017-12-04,APO,rebalance_entry,True,Completed,0,2556,23.3924211678,59791.02850489679,0.0
2017-12-04,LRCX,rebalance_entry,True,Completed,0,3522,16.8833728946,59463.2393347812,0.0
2017-12-04,MO,rebalance_entry,True,Completed,0,1602,36.7836284961,58927.3728507522,0.0
2017-12-04,MSCI,rebalance_entry,True,Completed,0,500,118.6170455136,59308.522756800005,0.0
2017-12-04,MTD,rebalance_entry,True,Completed,0,94,626.33,58875.020000000004,0.0
2017-12-04,MU,rebalance_entry,True,Completed,0,1437,40.9064048437,58782.5037603969,0.0
2017-12-04,NVDA,rebalance_entry,True,Completed,0,12048,4.9456275571,59584.9208079408,0.0
2017-12-05,LRCX,stop_loss,False,Completed,3,-3522,16.03920424987,59463.2393347812,0.0
2017-12-05,LRCX,take_profit,False,Canceled,2,0,0.0,0.0,0.0
2017-12-05,MU,stop_loss,False,Completed,3,-1437,38.7806369639,58782.5037603969,0.0
2017-12-05,MU,take_profit,False,Canceled,2,0,0.0,0.0,0.0
2017-12-05,NVDA,stop_loss,False,Completed,3,-12048,4.5092850108,59584.9208079408,0.0
2017-12-05,NVDA,take_profit,False,Canceled,2,0,0.0,0.0,0.0
2017-12-19,ALLE,stop_loss,False,Completed,3,-777,72.67731208644,59442.391043330405,0.0
2017-12-19,ALLE,take_profit,False,Canceled,2,0,0.0,0.0,0.0
2018-01-03,MO,stop_loss,False,Canceled,3,0,0.0,0.0,0.0
2018-01-03,MO,take_profit,False,Canceled,2,0,0.0,0.0,0.0
2018-01-03,MTD,stop_loss,False,Canceled,3,0,0.0,0.0,0.0
2018-01-03,MTD,take_profit,False,Canceled,2,0,0.0,0.0,0.0
2018-01-03,NVDA,rebalance_entry,True,Margin,0,0,0.0,0.0,0.0
2018-01-03,TTWO,rebalance_entry,True,Margin,0,0,0.0,0.0,0.0
2018-01-03,UPS,rebalance_entry,True,Margin,0,0,0.0,0.0,0.0
2018-01-03,ALGN,rebalance_entry,True,Completed,0,262,226.06,59227.72,0.0
2018-01-03,ALLE,rebalance_entry,True,Completed,0,822,72.0102959459,59192.4632675298,0.0
2018-01-03,DHI,rebalance_entry,True,Completed,0,1268,46.6810545596,59191.5771815728,0.0
2018-01-03,LRCX,rebalance_entry,True,Completed,0,3491,17.0184925395,59411.5574553945,0.0
2018-01-03,MU,rebalance_entry,True,Completed,0,1385,43.3929681894,60099.260942319,0.0
2018-01-04,MO,rebalance_exit,False,Completed,0,-1602,38.1723608651,58927.3728507522,0.0
2018-01-04,MTD,rebalance_exit,False,Completed,0,-94,628.88,58875.020000000004,0.0
2018-01-10,MU,stop_loss,False,Completed,3,-1385,40.9064048437,60099.260942319,0.0
2018-01-10,MU,take_profit,False,Canceled,2,0,0.0,0.0,0.0
2018-01-11,TPL,take_profit,False,Completed,2,-1409,53.403450900799996,57881.124860944,0.0
2018-01-11,TPL,stop_loss,False,Canceled,3,0,0.0,0.0,0.0
2018-01-23,WYNN,take_profit,False,Completed,2,-423,179.2014553984,58139.873507036704,0.0
2018-01-23,WYNN,stop_loss,False,Canceled,3,0,0.0,0.0,0.0
2018-01-26,ABBV,take_profit,False,Completed,2,-900,83.64864985529,57910.603745969995,0.0
2018-01-26,ABBV,stop_loss,False,Canceled,3,0,0.0,0.0,0.0
2018-01-29,DHI,stop_loss,False,Completed,3,-1268,44.34700183162,59191.5771815728,0.0
2018-01-29,DHI,take_profit,False,Canceled,2,0,0.0,0.0,0.0
2018-01-30,NVR,stop_loss,False,Completed,3,-17,3092.801,55344.86,0.0
2018-01-30,NVR,take_profit,False,Canceled,2,0,0.0,0.0,0.0
2018-02-02,ALGN,stop_loss,False,Canceled,3,0,0.0,0.0,0.0
2018-02-02,ALGN,take_profit,False,Canceled,2,0,0.0,0.0,0.0
2018-02-02,ALLE,stop_loss,False,Canceled,3,0,0.0,0.0,0.0
2018-02-02,ALLE,take_profit,False,Canceled,2,0,0.0,0.0,0.0
2018-02-02,APO,stop_loss,False,Canceled,3,0,0.0,0.0,0.0
2018-02-02,APO,take_profit,False,Canceled,2,0,0.0,0.0,0.0
2018-02-02,CLX,stop_loss,False,Canceled,3,0,0.0,0.0,0.0
2018-02-02,CLX,take_profit,False,Canceled,2,0,0.0,0.0,0.0
2018-02-02,HD,stop_loss,False,Canceled,3,0,0.0,0.0,0.0
2018-02-02,HD,take_profit,False,Canceled,2,0,0.0,0.0,0.0
2018-02-02,KMB,stop_loss,False,Canceled,3,0,0.0,0.0,0.0
2018-02-02,KMB,take_profit,False,Canceled,2,0,0.0,0.0,0.0
2018-02-02,LII,stop_loss,False,Canceled,3,0,0.0,0.0,0.0
2018-02-02,LII,take_profit,False,Canceled,2,0,0.0,0.0,0.0
2018-02-02,LMT,stop_loss,False,Canceled,3,0,0.0,0.0,0.0
2018-02-02,LMT,take_profit,False,Canceled,2,0,0.0,0.0,0.0
2018-02-02,LRCX,stop_loss,False,Canceled,3,0,0.0,0.0,0.0
2018-02-02,LRCX,take_profit,False,Canceled,2,0,0.0,0.0,0.0
2018-02-02,MSCI,stop_loss,False,Canceled,3,0,0.0,0.0,0.0
2018-02-02,MSCI,take_profit,False,Canceled,2,0,0.0,0.0,0.0
2018-02-02,SPGI,stop_loss,False,Canceled,3,0,0.0,0.0,0.0
2018-02-02,SPGI,take_profit,False,Canceled,2,0,0.0,0.0,0.0
2018-02-05,ALGN,rebalance_exit,False,Completed,0,-262,252.21,59227.72,0.0
2018-02-05,ALLE,rebalance_exit,False,Completed,0,-822,73.150324316,59192.4632675298,0.0
2018-02-05,APO,rebalance_exit,False,Completed,0,-2556,26.1304653757,59791.02850489679,0.0
2018-02-05,CLX,rebalance_exit,False,Completed,0,-587,101.2368688063,57927.6904407153,0.0
2018-02-05,HD,rebalance_exit,False,Completed,0,-432,155.4077346146,57993.305323190405,0.0
2018-02-05,KMB,rebalance_exit,False,Completed,0,-701,86.6096089743,58164.903031738104,0.0
2018-02-05,LII,rebalance_exit,False,Completed,0,-338,188.2138831079,57824.718778996,0.0
2018-02-05,LMT,rebalance_exit,False,Completed,0,-239,278.0713522053,57990.0628353709,0.0
2018-02-05,LRCX,rebalance_exit,False,Completed,0,-3491,15.6636534544,59411.5574553945,0.0
2018-02-05,MSCI,rebalance_exit,False,Completed,0,-500,129.2443731751,59308.522756800005,0.0
2018-02-05,SPGI,rebalance_exit,False,Completed,0,-401,164.3146551668,57989.3919285465,0.0
2018-03-02,ABBV,rebalance_entry,True,Completed,0,758,79.4864619837,60250.7381836446,0.0
2018-03-02,ALGN,rebalance_entry,True,Completed,0,247,243.65,60181.55,0.0
2018-03-02,APO,rebalance_entry,True,Completed,0,2505,24.0567503042,60262.159512021004,0.0
2018-03-02,BBY,rebalance_entry,True,Completed,0,1101,54.8602594354,60401.145638375405,0.0
2018-03-02,CLX,rebalance_entry,True,Completed,0,602,100.319361086,60392.255373772,0.0
2018-03-02,HD,rebalance_entry,True,Completed,0,413,145.3099521003,60013.0102174239,0.0
2018-03-02,HLT,rebalance_entry,True,Completed,0,787,76.6170048205,60297.5827937335,0.0
2018-03-02,KMB,rebalance_entry,True,Completed,0,730,83.0117608725,60598.585436925,0.0
2018-03-02,LII,rebalance_entry,True,Completed,0,341,176.5320795964,60197.4391423724,0.0
2018-03-02,LMT,rebalance_entry,True,Completed,0,223,270.7215359451,60370.902515757305,0.0
2018-03-02,MA,rebalance_entry,True,Completed,0,366,163.8289070616,59961.3799845456,0.0
2018-03-02,MSCI,rebalance_entry,True,Completed,0,465,129.2095654484,60082.44793350601,0.0
2018-03-02,MU,rebalance_entry,True,Completed,0,1309,45.2066967475,59175.5660424775,0.0
2018-03-02,NVDA,rebalance_entry,True,Completed,0,10583,5.6366346455,59652.5044533265,0.0
2018-03-02,ON,rebalance_entry,True,Completed,0,2547,23.59,60083.73,0.0
2018-03-02,SPGI,rebalance_entry,True,Completed,0,344,174.8117675713,60135.2480445272,0.0
2018-03-02,TPL,rebalance_entry,True,Completed,0,1164,52.0945012218,60637.9994221752,0.0
2018-03-02,TTWO,rebalance_entry,True,Completed,0,565,106.84,60364.6,0.0
2018-03-02,UPS,rebalance_entry,True,Completed,0,792,76.2319547047,60375.7081261224,0.0
2018-03-02,WYNN,rebalance_entry,True,Completed,0,407,147.6567134465,60096.282372725494,0.0
2018-03-12,BBY,stop_loss,False,Completed,3,-1101,52.11724646363,60401.145638375405,0.0
2018-03-12,BBY,take_profit,False,Canceled,2,0,0.0,0.0,0.0
2018-03-12,MU,take_profit,False,Completed,2,-1309,58.76870577174999,59175.5660424775,0.0
2018-03-12,MU,stop_loss,False,Canceled,3,0,0.0,0.0,0.0
2018-03-22,ABBV,stop_loss,False,Completed,3,-758,73.3282669921,60250.7381836446,0.0
2018-03-22,ABBV,take_profit,False,Canceled,2,0,0.0,0.0,0.0
2018-03-23,APO,stop_loss,False,Completed,3,-2505,22.85391278899,60262.159512021004,0.0
2018-03-23,APO,take_profit,False,Canceled,2,0,0.0,0.0,0.0
2018-03-23,KMB,stop_loss,False,Completed,3,-730,78.861172828875,60598.585436925,0.0
2018-03-23,KMB,take_profit,False,Canceled,2,0,0.0,0.0,0.0
2018-03-23,TTWO,stop_loss,False,Completed,3,-565,101.498,60364.6,0.0
2018-03-23,TTWO,take_profit,False,Canceled,2,0,0.0,0.0,0.0
2018-03-28,TPL,stop_loss,False,Completed,3,-1164,49.48977616071,60637.9994221752,0.0
2018-03-28,TPL,take_profit,False,Canceled,2,0,0.0,0.0,0.0
2018-04-03,CLX,stop_loss,False,Canceled,3,0,0.0,0.0,0.0
2018-04-03,CLX,take_profit,False,Canceled,2,0,0.0,0.0,0.0
2018-04-03,HLT,stop_loss,False,Canceled,3,0,0.0,0.0,0.0
2018-04-03,HLT,take_profit,False,Canceled,2,0,0.0,0.0,0.0
2018-04-03,TPL,rebalance_entry,True,Margin,0,0,0.0,0.0,0.0
2018-04-03,TROW,rebalance_entry,True,Margin,0,0,0.0,0.0,0.0
2018-04-03,ABBV,rebalance_entry,True,Completed,0,945,64.9883114891,61413.9543571995,0.0
2018-04-03,BR,rebalance_entry,True,Completed,0,648,95.2251432968,61705.8928563264,0.0
2018-04-03,EL,rebalance_entry,True,Completed,0,457,133.9228025707,61202.720774809895,0.0
2018-04-03,IBKR,rebalance_entry,True,Completed,0,3953,15.4432096405,61047.0077088965,0.0
2018-04-03,INTU,rebalance_entry,True,Completed,0,379,161.0944833259,61054.8091805161,0.0
2018-04-03,MU,rebalance_entry,True,Completed,0,1246,49.5362423376,61722.1579526496,0.0
2018-04-03,ODFL,rebalance_entry,True,Completed,0,1336,46.1493194434,61655.4907763824,0.0
2018-04-04,NVDA,stop_loss,False,Completed,3,-10583,5.3187607089,59652.5044533265,0.0
2018-04-04,NVDA,take_profit,False,Canceled,2,0,0.0,0.0,0.0
2018-04-04,CLX,rebalance_exit,False,Completed,0,-602,99.0675073319,60392.255373772,0.0
2018-04-04,HLT,rebalance_exit,False,Completed,0,-787,74.3203436827,60297.5827937335,0.0
2018-04-06,MU,stop_loss,False,Completed,3,-1246,46.5328638652,61722.1579526496,0.0
2018-04-06,MU,take_profit,False,Canceled,2,0,0.0,0.0,0.0
2018-04-25,LMT,stop_loss,False,Completed,3,-223,257.185459147845,60370.902515757305,0.0
2018-04-25,LMT,take_profit,False,Canceled,2,0,0.0,0.0,0.0
2018-04-26,ODFL,stop_loss,False,Completed,3,-1336,43.84185347123,61655.4907763824,0.0
2018-04-26,ODFL,take_profit,False,Canceled,2,0,0.0,0.0,0.0
2018-04-30,ON,stop_loss,False,Completed,3,-2547,22.4105,60083.73,0.0
2018-04-30,ON,take_profit,False,Canceled,2,0,0.0,0.0,0.0
2018-05-02,ALGN,stop_loss,False,Canceled,3,0,0.0,0.0,0.0
2018-05-02,ALGN,take_profit,False,Canceled,2,0,0.0,0.0,0.0
2018-05-02,BR,stop_loss,False,Canceled,3,0,0.0,0.0,0.0
2018-05-02,BR,take_profit,False,Canceled,2,0,0.0,0.0,0.0
2018-05-02,EL,stop_loss,False,Canceled,3,0,0.0,0.0,0.0
2018-05-02,EL,take_profit,False,Canceled,2,0,0.0,0.0,0.0
2018-05-02,LII,stop_loss,False,Canceled,3,0,0.0,0.0,0.0
2018-05-02,LII,take_profit,False,Canceled,2,0,0.0,0.0,0.0
2018-05-02,NVDA,rebalance_entry,True,Margin,0,0,0.0,0.0,0.0
2018-05-02,ON,rebalance_entry,True,Margin,0,0,0.0,0.0,0.0
2018-05-02,TPL,rebalance_entry,True,Margin,0,0,0.0,0.0,0.0
2018-05-02,TROW,rebalance_entry,True,Margin,0,0,0.0,0.0,0.0
2018-05-02,VLO,rebalance_entry,True,Margin,0,0,0.0,0.0,0.0
2018-05-02,BA,rebalance_entry,True,Completed,0,196,315.5783271837,61853.35212800521,0.0
2018-05-02,CPRT,rebalance_entry,True,Completed,0,4811,12.8975,62049.872500000005,0.0
2018-05-02,KMB,rebalance_entry,True,Completed,0,799,77.4039466208,61845.7533500192,0.0
2018-05-02,LMT,rebalance_entry,True,Completed,0,251,246.4809290821,61866.713199607104,0.0
2018-05-02,LULU,rebalance_entry,True,Completed,0,623,99.89,62231.47,0.0
2018-05-02,MU,rebalance_entry,True,Completed,0,1361,44.7678914512,60929.1002650832,0.0
2018-05-03,ALGN,rebalance_exit,False,Completed,0,-247,249.0,60181.55,0.0
2018-05-03,BR,rebalance_exit,False,Completed,0,-648,93.3836525778,61705.8928563264,0.0
2018-05-03,EL,rebalance_exit,False,Completed,0,-457,121.4103597888,61202.720774809895,0.0
2018-05-03,LII,rebalance_exit,False,Completed,0,-341,174.5195790707,60197.4391423724,0.0
2018-05-22,MU,take_profit,False,Completed,2,-1361,58.198258886560005,60929.1002650832,0.0
2018-05-22,MU,stop_loss,False,Canceled,3,0,0.0,0.0,0.0
2018-06-04,CPRT,stop_loss,False,Canceled,3,0,0.0,0.0,0.0
2018-06-04,CPRT,take_profit,False,Canceled,2,0,0.0,0.0,0.0
2018-06-04,INTU,stop_loss,False,Canceled,3,0,0.0,0.0,0.0
2018-06-04,INTU,take_profit,False,Canceled,2,0,0.0,0.0,0.0
2018-06-04,MA,stop_loss,False,Canceled,3,0,0.0,0.0,0.0
2018-06-04,MA,take_profit,False,Canceled,2,0,0.0,0.0,0.0
2018-06-04,WYNN,stop_loss,False,Canceled,3,0,0.0,0.0,0.0
2018-06-04,WYNN,take_profit,False,Canceled,2,0,0.0,0.0,0.0
2018-06-04,ON,rebalance_entry,True,Margin,0,0,0.0,0.0,0.0
2018-06-04,ORLY,rebalance_entry,True,Margin,0,0,0.0,0.0,0.0
2018-06-04,TPL,rebalance_entry,True,Margin,0,0,0.0,0.0,0.0
2018-06-04,TROW,rebalance_entry,True,Margin,0,0,0.0,0.0,0.0
2018-06-04,VLO,rebalance_entry,True,Margin,0,0,0.0,0.0,0.0
2018-06-04,ALGN,rebalance_entry,True,Completed,0,195,335.54,65430.3,0.0
2018-06-04,GWW,rebalance_entry,True,Completed,0,233,280.8955249368,65448.65731027439,0.0
2018-06-04,MU,rebalance_entry,True,Completed,0,1135,56.0013070364,63561.483486314,0.0
2018-06-04,NVDA,rebalance_entry,True,Completed,0,10200,6.4108356493,65390.52362286,0.0
2018-06-04,ODFL,rebalance_entry,True,Completed,0,1269,51.346343849,65158.510344381,0.0
2018-06-05,ODFL,stop_loss,False,Completed,3,-1269,48.779026656549995,65158.510344381,0.0
2018-06-05,ODFL,take_profit,False,Canceled,2,0,0.0,0.0,0.0
2018-06-05,CPRT,rebalance_exit,False,Completed,0,-4811,13.9875,62049.872500000005,0.0
2018-06-05,INTU,rebalance_exit,False,Completed,0,-379,195.9577256753,61054.8091805161,0.0
2018-06-05,MA,rebalance_exit,False,Completed,0,-366,189.46117265270001,59961.3799845456,0.0
2018-06-05,WYNN,rebalance_exit,False,Completed,0,-407,167.2076406644,60096.282372725494,0.0
2018-06-25,MU,stop_loss,False,Completed,3,-1135,53.20124168458,63561.483486314,0.0
2018-06-25,MU,take_profit,False,Canceled,2,0,0.0,0.0,0.0
2018-06-25,NVDA,stop_loss,False,Completed,3,-10200,6.090293866835,65390.52362286,0.0
2018-06-25,NVDA,take_profit,False,Canceled,2,0,0.0,0.0,0.0
2018-07-03,IBKR,stop_loss,False,Canceled,3,0,0.0,0.0,0.0
2018-07-03,IBKR,take_profit,False,Canceled,2,0,0.0,0.0,0.0
2018-07-03,TPL,rebalance_entry,True,Margin,0,0,0.0,0.0,0.0
2018-07-03,VLO,rebalance_entry,True,Margin,0,0,0.0,0.0,0.0
2018-07-03,CPRT,rebalance_entry,True,Completed,0,4488,14.3625,64458.9,0.0
2018-07-03,INTU,rebalance_entry,True,Completed,0,328,195.6740715489,64181.0954680392,0.0
2018-07-03,MA,rebalance_entry,True,Completed,0,337,189.6715681804,63919.3184767948,0.0
2018-07-03,MU,rebalance_entry,True,Completed,0,1200,53.1929531401,63831.543768120006,0.0
2018-07-03,ON,rebalance_entry,True,Completed,0,2823,22.59,63771.57,0.0
2018-07-03,ORLY,rebalance_entry,True,Completed,0,3485,18.416,64179.76,0.0
2018-07-03,STX,rebalance_entry,True,Completed,0,1490,42.9391443703,63979.325111747,0.0
2018-07-05,GWW,stop_loss,False,Completed,3,-233,266.85074868995997,65448.65731027439,0.0
2018-07-05,GWW,take_profit,False,Canceled,2,0,0.0,0.0,0.0
2018-07-05,IBKR,rebalance_exit,False,Completed,0,-3953,15.1194529535,61047.0077088965,0.0
2018-07-09,LULU,take_profit,False,Completed,2,-623,130.0,62231.47,0.0
2018-07-09,LULU,stop_loss,False,Canceled,3,0,0.0,0.0,0.0
2018-07-27,STX,stop_loss,False,Completed,3,-1490,40.792187151785,63979.325111747,0.0
2018-07-27,STX,take_profit,False,Canceled,2,0,0.0,0.0,0.0
2018-08-02,ABBV,stop_loss,False,Canceled,3,0,0.0,0.0,0.0
2018-08-02,ABBV,take_profit,False,Canceled,2,0,0.0,0.0,0.0
2018-08-02,ALGN,stop_loss,False,Canceled,3,0,0.0,0.0,0.0
2018-08-02,ALGN,take_profit,False,Canceled,2,0,0.0,0.0,0.0
2018-08-02,BA,stop_loss,False,Canceled,3,0,0.0,0.0,0.0
2018-08-02,BA,take_profit,False,Canceled,2,0,0.0,0.0,0.0
2018-08-02,CPRT,stop_loss,False,Canceled,3,0,0.0,0.0,0.0
2018-08-02,CPRT,take_profit,False,Canceled,2,0,0.0,0.0,0.0
2018-08-02,HD,stop_loss,False,Canceled,3,0,0.0,0.0,0.0
2018-08-02,HD,take_profit,False,Canceled,2,0,0.0,0.0,0.0
2018-08-02,INTU,stop_loss,False,Canceled,3,0,0.0,0.0,0.0
2018-08-02,INTU,take_profit,False,Canceled,2,0,0.0,0.0,0.0
2018-08-02,KMB,stop_loss,False,Canceled,3,0,0.0,0.0,0.0
2018-08-02,KMB,take_profit,False,Canceled,2,0,0.0,0.0,0.0
2018-08-02,LMT,stop_loss,False,Canceled,3,0,0.0,0.0,0.0
2018-08-02,LMT,take_profit,False,Canceled,2,0,0.0,0.0,0.0
2018-08-02,MA,stop_loss,False,Canceled,3,0,0.0,0.0,0.0
2018-08-02,MA,take_profit,False,Canceled,2,0,0.0,0.0,0.0
2018-08-02,MSCI,stop_loss,False,Canceled,3,0,0.0,0.0,0.0
2018-08-02,MSCI,take_profit,False,Canceled,2,0,0.0,0.0,0.0
2018-08-02,MU,stop_loss,False,Canceled,3,0,0.0,0.0,0.0
2018-08-02,MU,take_profit,False,Canceled,2,0,0.0,0.0,0.0
2018-08-02,ON,stop_loss,False,Canceled,3,0,0.0,0.0,0.0
2018-08-02,ON,take_profit,False,Canceled,2,0,0.0,0.0,0.0
2018-08-02,ORLY,stop_loss,False,Canceled,3,0,0.0,0.0,0.0
2018-08-02,ORLY,take_profit,False,Canceled,2,0,0.0,0.0,0.0
2018-08-02,SPGI,stop_loss,False,Canceled,3,0,0.0,0.0,0.0
2018-08-02,SPGI,take_profit,False,Canceled,2,0,0.0,0.0,0.0
2018-08-02,UPS,stop_loss,False,Canceled,3,0,0.0,0.0,0.0
2018-08-02,UPS,take_profit,False,Canceled,2,0,0.0,0.0,0.0
2018-08-03,ABBV,rebalance_exit,False,Completed,0,-945,68.1564855722,61413.9543571995,0.0
2018-08-03,ALGN,rebalance_exit,False,Completed,0,-195,368.52,65430.3,0.0
2018-08-03,BA,rebalance_exit,False,Completed,0,-196,336.3969065101,61853.35212800521,0.0
2018-08-03,CPRT,rebalance_exit,False,Completed,0,-4488,14.4275,64458.9,0.0
2018-08-03,HD,rebalance_exit,False,Completed,0,-413,162.0927850447,60013.0102174239,0.0
2018-08-03,INTU,rebalance_exit,False,Completed,0,-328,195.8898710785,64181.0954680392,0.0
2018-08-03,KMB,rebalance_exit,False,Completed,0,-799,87.837705475,61845.7533500192,0.0
2018-08-03,LMT,rebalance_exit,False,Completed,0,-251,260.4312111235,61866.713199607104,0.0
2018-08-03,MA,rebalance_exit,False,Completed,0,-337,193.4329811586,63919.3184767948,0.0
2018-08-03,MSCI,rebalance_exit,False,Completed,0,-465,157.5267143933,60082.44793350601,0.0
2018-08-03,MU,rebalance_exit,False,Completed,0,-1200,51.9740495392,63831.543768120006,0.0
2018-08-03,ON,rebalance_exit,False,Completed,0,-2823,22.15,63771.57,0.0
2018-08-03,ORLY,rebalance_exit,False,Completed,0,-3485,20.626,64179.76,0.0
2018-08-03,SPGI,rebalance_exit,False,Completed,0,-344,184.7725630122,60135.2480445272,0.0
2018-08-03,UPS,rebalance_exit,False,Completed,0,-792,86.1758090362,60375.7081261224,0.0
2018-10-02,ABBV,rebalance_entry,True,Completed,0,958,68.4797063384,65603.55867218721,0.0
2018-10-02,AMD,rebalance_entry,True,Completed,0,2080,30.73,63918.4,0.0
2018-10-02,AXON,rebalance_entry,True,Completed,0,978,66.28,64821.840000000004,0.0
2018-10-02,BA,rebalance_entry,True,Completed,0,176,368.3952507165,64837.564126104,0.0
2018-10-02,DECK,rebalance_entry,True,Completed,0,3368,19.3816666667,65277.4533334456,0.0
2018-10-02,FFIV,rebalance_entry,True,Completed,0,342,189.81,64915.020000000004,0.0
2018-10-02,FTNT,rebalance_entry,True,Completed,0,3542,18.47,65420.74,0.0
2018-10-02,GWW,rebalance_entry,True,Completed,0,203,319.2553294151,64808.8318712653,0.0
2018-10-02,HD,rebalance_entry,True,Completed,0,378,172.4450196177,65184.2174154906,0.0
2018-10-02,KDP,rebalance_entry,True,Completed,0,3419,19.0217319373,65035.3014936287,0.0
2018-10-02,KMB,rebalance_entry,True,Completed,0,750,87.1908941635,65393.170622625,0.0
2018-10-02,KR,rebalance_entry,True,Completed,0,2684,24.4845051316,65716.4117732144,0.0
2018-10-02,LULU,rebalance_entry,True,Completed,0,404,162.88000000000002,65803.52,0.0
2018-10-02,MSCI,rebalance_entry,True,Completed,0,394,165.2512935262,65109.0096493228,0.0
2018-10-02,ORLY,rebalance_entry,True,Completed,0,2836,23.1233333333,65577.7733332388,0.0
2018-10-02,POOL,rebalance_entry,True,Completed,0,430,151.8465248973,65294.005705838994,0.0
2018-10-02,SPGI,rebalance_entry,True,Completed,0,350,186.0946820973,65133.138734055,0.0
2018-10-02,STX,rebalance_entry,True,Completed,0,1848,35.3353302311,65299.6902670728,0.0
2018-10-02,TPL,rebalance_entry,True,Completed,0,742,88.2087542776,65450.8956739792,0.0
2018-10-02,UPS,rebalance_entry,True,Completed,0,760,85.9852692065,65348.804596940005,0.0
2018-10-03,AMD,stop_loss,False,Completed,3,-2080,29.04,63918.4,0.0
2018-10-03,AMD,take_profit,False,Canceled,2,0,0.0,0.0,0.0
2018-10-03,DECK,stop_loss,False,Completed,3,-3368,18.2866666667,65277.4533334456,0.0
2018-10-03,DECK,take_profit,False,Canceled,2,0,0.0,0.0,0.0
2018-10-04,AXON,stop_loss,False,Completed,3,-978,62.966,64821.840000000004,0.0
2018-10-04,AXON,take_profit,False,Canceled,2,0,0.0,0.0,0.0
2018-10-04,POOL,stop_loss,False,Completed,3,-430,144.25419865243498,65294.005705838994,0.0
2018-10-04,POOL,take_profit,False,Canceled,2,0,0.0,0.0,0.0
2018-10-05,FTNT,stop_loss,False,Completed,3,-3542,17.538,65420.74,0.0
2018-10-05,FTNT,take_profit,False,Canceled,2,0,0.0,0.0,0.0
2018-10-05,HD,stop_loss,False,Completed,3,-378,163.822768636815,65184.2174154906,0.0
2018-10-05,HD,take_profit,False,Canceled,2,0,0.0,0.0,0.0
2018-10-05,LULU,stop_loss,False,Completed,3,-404,154.73600000000002,65803.52,0.0
2018-10-05,LULU,take_profit,False,Canceled,2,0,0.0,0.0,0.0
2018-10-05,MSCI,stop_loss,False,Completed,3,-394,156.98872884988998,65109.0096493228,0.0
2018-10-05,MSCI,take_profit,False,Canceled,2,0,0.0,0.0,0.0
2018-10-08,FFIV,stop_loss,False,Completed,3,-342,180.3195,64915.020000000004,0.0
2018-10-08,FFIV,take_profit,False,Canceled,2,0,0.0,0.0,0.0
2018-10-08,SPGI,stop_loss,False,Completed,3,-350,176.78994799243497,65133.138734055,0.0
2018-10-08,SPGI,take_profit,False,Canceled,2,0,0.0,0.0,0.0
2018-10-09,GWW,stop_loss,False,Completed,3,-203,303.292562944345,64808.8318712653,0.0
2018-10-09,GWW,take_profit,False,Canceled,2,0,0.0,0.0,0.0
2018-10-09,KR,stop_loss,False,Completed,3,-2684,23.260279875019997,65716.4117732144,0.0
2018-10-09,KR,take_profit,False,Canceled,2,0,0.0,0.0,0.0
2018-10-09,STX,stop_loss,False,Completed,3,-1848,33.568563719545,65299.6902670728,0.0
2018-10-09,STX,take_profit,False,Canceled,2,0,0.0,0.0,0.0
2018-10-10,TPL,stop_loss,False,Completed,3,-742,83.79831656372,65450.8956739792,0.0
2018-10-10,TPL,take_profit,False,Canceled,2,0,0.0,0.0,0.0
2018-10-11,ABBV,stop_loss,False,Completed,3,-958,65.05572102148,65603.55867218721,0.0
2018-10-11,ABBV,take_profit,False,Canceled,2,0,0.0,0.0,0.0
2018-10-11,BA,stop_loss,False,Completed,3,-176,349.975488180675,64837.564126104,0.0
2018-10-11,BA,take_profit,False,Canceled,2,0,0.0,0.0,0.0
2018-10-11,ORLY,stop_loss,False,Completed,3,-2836,21.967166666635,65577.7733332388,0.0
2018-10-11,ORLY,take_profit,False,Canceled,2,0,0.0,0.0,0.0
2018-10-12,KMB,stop_loss,False,Completed,3,-750,82.831349455325,65393.170622625,0.0
2018-10-12,KMB,take_profit,False,Canceled,2,0,0.0,0.0,0.0
2018-10-24,UPS,stop_loss,False,Completed,3,-760,81.2936997852,65348.804596940005,0.0
2018-10-24,UPS,take_profit,False,Canceled,2,0,0.0,0.0,0.0
2018-11-02,KDP,stop_loss,False,Canceled,3,0,0.0,0.0,0.0
2018-11-02,KDP,take_profit,False,Canceled,2,0,0.0,0.0,0.0
2018-11-05,KDP,rebalance_exit,False,Completed,0,-3419,22.2823634521,65035.3014936287,0.0
2018-12-04,ABBV,rebalance_entry,True,Completed,0,923,68.1738613465,62924.4740228195,0.0
2018-12-04,AMD,rebalance_entry,True,Completed,0,2648,23.35,61830.8,0.0
2018-12-04,CLX,rebalance_entry,True,Completed,0,478,131.7874911406,62994.4207652068,0.0
2018-12-04,DECK,rebalance_entry,True,Completed,0,2751,22.815,62764.065,0.0
2018-12-04,HD,rebalance_entry,True,Completed,0,413,151.3525831414,62508.6168373982,0.0
2018-12-04,KDP,rebalance_entry,True,Completed,0,2859,22.0823721571,63133.5019971489,0.0
2018-12-04,KMB,rebalance_entry,True,Completed,0,723,87.3136226149,63127.7491505727,0.0
2018-12-04,LMT,rebalance_entry,True,Completed,0,258,241.9655642337,62427.1155722946,0.0
2018-12-04,LULU,rebalance_entry,True,Completed,0,448,139.5,62496.0,0.0
2018-12-04,MCO,rebalance_entry,True,Completed,0,424,147.5913309114,62578.7243064336,0.0
2018-12-04,MKC,rebalance_entry,True,Completed,0,961,65.3245651302,62776.9070901222,0.0
2018-12-04,ORLY,rebalance_entry,True,Completed,0,2719,23.102,62814.338,0.0
2018-12-04,POOL,rebalance_entry,True,Completed,0,417,150.3003158948,62675.231728131606,0.0
2018-12-04,SBUX,rebalance_entry,True,Completed,0,1095,57.2640731796,62704.160131662,0.0
2018-12-04,SPGI,rebalance_entry,True,Completed,0,361,173.0973194904,62488.132336034396,0.0
2018-12-04,STX,rebalance_entry,True,Completed,0,1863,33.3480001968,62127.3243666384,0.0
2018-12-04,TPL,rebalance_entry,True,Completed,0,1029,61.8118182808,63604.3610109432,0.0
2018-12-04,UAL,rebalance_entry,True,Completed,0,650,95.03,61769.5,0.0
2018-12-04,UPS,rebalance_entry,True,Completed,0,738,83.8327197259,61868.5471577142,0.0
2018-12-04,ZBRA,rebalance_entry,True,Completed,0,346,181.2,62695.2,0.0
2018-12-06,ABBV,stop_loss,False,Completed,3,-923,64.765168279175,62924.4740228195,0.0
2018-12-06,ABBV,take_profit,False,Canceled,2,0,0.0,0.0,0.0
2018-12-06,AMD,stop_loss,False,Completed,3,-2648,20.22,61830.8,0.0
2018-12-06,AMD,take_profit,False,Canceled,2,0,0.0,0.0,0.0
2018-12-06,DECK,stop_loss,False,Completed,3,-2751,21.07,62764.065,0.0
2018-12-06,DECK,take_profit,False,Canceled,2,0,0.0,0.0,0.0
2018-12-06,HD,stop_loss,False,Completed,3,-413,143.78495398433,62508.6168373982,0.0
2018-12-06,HD,take_profit,False,Canceled,2,0,0.0,0.0,0.0
2018-12-06,LMT,stop_loss,False,Completed,3,-258,229.867286022015,62427.1155722946,0.0
2018-12-06,LMT,take_profit,False,Canceled,2,0,0.0,0.0,0.0
2018-12-06,LULU,stop_loss,False,Completed,3,-448,132.525,62496.0,0.0
2018-12-06,LULU,take_profit,False,Canceled,2,0,0.0,0.0,0.0
2018-12-06,MCO,stop_loss,False,Completed,3,-424,139.6260548022,62578.7243064336,0.0
2018-12-06,MCO,take_profit,False,Canceled,2,0,0.0,0.0,0.0
2018-12-06,POOL,stop_loss,False,Completed,3,-417,142.78530010006,62675.231728131606,0.0
2018-12-06,POOL,take_profit,False,Canceled,2,0,0.0,0.0,0.0
2018-12-06,SPGI,stop_loss,False,Completed,3,-361,163.6256382311,62488.132336034396,0.0
2018-12-06,SPGI,take_profit,False,Canceled,2,0,0.0,0.0,0.0
2018-12-06,STX,stop_loss,False,Completed,3,-1863,30.4799216246,62127.3243666384,0.0
2018-12-06,STX,take_profit,False,Canceled,2,0,0.0,0.0,0.0
2018-12-06,TPL,stop_loss,False,Completed,3,-1029,57.6104828004,63604.3610109432,0.0
2018-12-06,TPL,take_profit,False,Canceled,2,0,0.0,0.0,0.0
2018-12-06,UAL,stop_loss,False,Completed,3,-650,90.2785,61769.5,0.0
2018-12-06,UAL,take_profit,False,Canceled,2,0,0.0,0.0,0.0
2018-12-06,UPS,stop_loss,False,Completed,3,-738,78.3275076734,61868.5471577142,0.0
2018-12-06,UPS,take_profit,False,Canceled,2,0,0.0,0.0,0.0
2018-12-06,ZBRA,stop_loss,False,Completed,3,-346,168.05,62695.2,0.0
2018-12-06,ZBRA,take_profit,False,Canceled,2,0,0.0,0.0,0.0
2018-12-10,ORLY,stop_loss,False,Completed,3,-2719,21.9469,62814.338,0.0
2018-12-10,ORLY,take_profit,False,Canceled,2,0,0.0,0.0,0.0
2018-12-14,SBUX,stop_loss,False,Completed,3,-1095,54.40086952061999,62704.160131662,0.0
2018-12-14,SBUX,take_profit,False,Canceled,2,0,0.0,0.0,0.0
2018-12-17,CLX,stop_loss,False,Completed,3,-478,125.19811658356998,62994.4207652068,0.0
2018-12-17,CLX,take_profit,False,Canceled,2,0,0.0,0.0,0.0
2018-12-17,KDP,stop_loss,False,Completed,3,-2859,20.978253549245,63133.5019971489,0.0
2018-12-17,KDP,take_profit,False,Canceled,2,0,0.0,0.0,0.0
2018-12-19,MKC,stop_loss,False,Completed,3,-961,62.058336873689996,62776.9070901222,0.0
2018-12-19,MKC,take_profit,False,Canceled,2,0,0.0,0.0,0.0
2018-12-24,KMB,stop_loss,False,Completed,3,-723,82.947941484155,63127.7491505727,0.0
2018-12-24,KMB,take_profit,False,Canceled,2,0,0.0,0.0,0.0
2019-04-02,AES,rebalance_entry,True,Completed,0,4296,13.7624575936,59123.517822105605,0.0
2019-04-02,CDNS,rebalance_entry,True,Completed,0,910,64.75,58922.5,0.0
2019-04-02,DECK,rebalance_entry,True,Completed,0,2410,24.54,59141.4,0.0
2019-04-02,ERIE,rebalance_entry,True,Completed,0,379,155.5098848077,58938.2463421183,0.0
2019-04-02,FICO,rebalance_entry,True,Completed,0,216,273.19,59009.04,0.0
2019-04-02,FTNT,rebalance_entry,True,Completed,0,3461,17.076,59100.036,0.0
2019-04-02,HD,rebalance_entry,True,Completed,0,358,164.6503235854,58944.815843573204,0.0
2019-04-02,LLY,rebalance_entry,True,Completed,0,501,117.6250665723,58930.1583527223,0.0
2019-04-02,LMT,rebalance_entry,True,Completed,0,235,251.2260076054,59038.111787269,0.0
2019-04-02,LULU,rebalance_entry,True,Completed,0,356,165.61,58957.16,0.0
2019-04-02,MA,rebalance_entry,True,Completed,0,256,229.7348230428,58812.1146989568,0.0
2019-04-02,MCO,rebalance_entry,True,Completed,0,341,173.3525412815,59113.2165769915,0.0
2019-04-02,MSCI,rebalance_entry,True,Completed,0,315,187.5204402189,59068.9386689535,0.0
2019-04-02,ORLY,rebalance_entry,True,Completed,0,2260,26.2,59212.0,0.0
2019-04-02,SBUX,rebalance_entry,True,Completed,0,934,63.1432359496,58975.7823769264,0.0
2019-04-02,SPGI,rebalance_entry,True,Completed,0,294,200.3225385554,58894.8263352876,0.0
2019-04-02,TPL,rebalance_entry,True,Completed,0,726,81.9801852798,59517.614513134795,0.0
2019-04-02,TSCO,rebalance_entry,True,Completed,0,3400,17.3513422673,58994.56370882,0.0
2019-04-02,ULTA,rebalance_entry,True,Completed,0,167,353.37,59012.79,0.0
2019-04-02,UPS,rebalance_entry,True,Margin,0,0,0.0,0.0,0.0
2019-04-16,LLY,stop_loss,False,Completed,3,-501,111.743813243685,58930.1583527223,0.0
2019-04-16,LLY,take_profit,False,Canceled,2,0,0.0,0.0,0.0
2019-04-25,ORLY,stop_loss,False,Completed,3,-2260,24.889999999999997,59212.0,0.0
2019-04-25,ORLY,take_profit,False,Canceled,2,0,0.0,0.0,0.0
2019-04-30,AES,stop_loss,False,Completed,3,-4296,13.07433471392,59123.517822105605,0.0
2019-04-30,AES,take_profit,False,Canceled,2,0,0.0,0.0,0.0
2019-05-01,ULTA,stop_loss,False,Completed,3,-167,335.7015,59012.79,0.0
2019-05-01,ULTA,take_profit,False,Canceled,2,0,0.0,0.0,0.0
2019-05-02,SBUX,stop_loss,False,Canceled,3,0,0.0,0.0,0.0
2019-05-02,SBUX,take_profit,False,Canceled,2,0,0.0,0.0,0.0
2019-05-02,TSCO,stop_loss,False,Canceled,3,0,0.0,0.0,0.0
2019-05-02,TSCO,take_profit,False,Canceled,2,0,0.0,0.0,0.0
2019-05-02,ORLY,rebalance_entry,True,Margin,0,0,0.0,0.0,0.0
2019-05-02,PEP,rebalance_entry,True,Margin,0,0,0.0,0.0,0.0
2019-05-02,QCOM,rebalance_entry,True,Margin,0,0,0.0,0.0,0.0
2019-05-02,CDW,rebalance_entry,True,Completed,0,617,97.912269217,60411.870106889,0.0
2019-05-02,CHD,rebalance_entry,True,Completed,0,895,67.3200319194,60251.428567863,0.0
2019-05-02,CLX,rebalance_entry,True,Completed,0,507,119.1636458086,60415.9684249602,0.0
2019-05-02,HSY,rebalance_entry,True,Completed,0,583,103.6267108886,60414.3724480538,0.0
2019-05-03,SBUX,rebalance_exit,False,Completed,0,-934,66.1975905598,58975.7823769264,0.0
2019-05-03,TSCO,rebalance_exit,False,Completed,0,-3400,18.367403844,58994.56370882,0.0
2019-05-07,FTNT,stop_loss,False,Completed,3,-3461,16.2222,59100.036,0.0
2019-05-07,FTNT,take_profit,False,Canceled,2,0,0.0,0.0,0.0
2019-05-13,DECK,stop_loss,False,Completed,3,-2410,23.313,59141.4,0.0
2019-05-13,DECK,take_profit,False,Canceled,2,0,0.0,0.0,0.0
2019-05-13,CDW,stop_loss,False,Completed,3,-617,93.01665575615,60411.870106889,0.0
2019-05-13,CDW,take_profit,False,Canceled,2,0,0.0,0.0,0.0
2019-05-31,TPL,stop_loss,False,Completed,3,-726,77.88117601581,59517.614513134795,0.0
2019-05-31,TPL,take_profit,False,Canceled,2,0,0.0,0.0,0.0
2019-06-03,CDNS,stop_loss,False,Completed,3,-910,61.51249999999999,58922.5,0.0
2019-06-03,CDNS,take_profit,False,Canceled,2,0,0.0,0.0,0.0
2019-06-04,HD,stop_loss,False,Canceled,3,0,0.0,0.0,0.0
2019-06-04,HD,take_profit,False,Canceled,2,0,0.0,0.0,0.0
2019-06-04,PEP,rebalance_entry,True,Margin,0,0,0.0,0.0,0.0
2019-06-04,VEEV,rebalance_entry,True,Margin,0,0,0.0,0.0,0.0
2019-06-04,BALL,rebalance_entry,True,Completed,0,1043,57.4534449885,59923.943123005505,0.0
2019-06-04,DG,rebalance_entry,True,Completed,0,509,117.0503646567,59578.6356102603,0.0
2019-06-04,HLT,rebalance_entry,True,Completed,0,687,87.8882601382,60379.2347149434,0.0
2019-06-04,LLY,rebalance_entry,True,Completed,0,557,108.2293355205,60283.7398849185,0.0
2019-06-04,MKC,rebalance_entry,True,Completed,0,874,68.4917436089,59861.783914178595,0.0
2019-06-04,MTD,rebalance_entry,True,Completed,0,81,736.04,59619.24,0.0
2019-06-04,ORLY,rebalance_entry,True,Completed,0,2392,25.198,60273.616,0.0
2019-06-05,HD,rebalance_exit,False,Completed,0,-358,164.5252308745,58944.815843573204,0.0
2019-06-07,ERIE,take_profit,False,Completed,2,-379,202.16285025001,58938.2463421183,0.0
2019-06-07,ERIE,stop_loss,False,Canceled,3,0,0.0,0.0,0.0
2019-06-11,LLY,stop_loss,False,Completed,3,-557,102.81786874447499,60283.7398849185,0.0
2019-06-11,LLY,take_profit,False,Canceled,2,0,0.0,0.0,0.0
2019-06-26,MKC,stop_loss,False,Completed,3,-874,65.067156428455,59861.783914178595,0.0
2019-06-26,MKC,take_profit,False,Canceled,2,0,0.0,0.0,0.0
2019-07-02,BALL,stop_loss,False,Canceled,3,0,0.0,0.0,0.0
2019-07-02,BALL,take_profit,False,Canceled,2,0,0.0,0.0,0.0
2019-07-02,CHD,stop_loss,False,Canceled,3,0,0.0,0.0,0.0
2019-07-02,CHD,take_profit,False,Canceled,2,0,0.0,0.0,0.0
2019-07-02,CLX,stop_loss,False,Canceled,3,0,0.0,0.0,0.0
2019-07-02,CLX,take_profit,False,Canceled,2,0,0.0,0.0,0.0
2019-07-02,DG,stop_loss,False,Canceled,3,0,0.0,0.0,0.0
2019-07-02,DG,take_profit,False,Canceled,2,0,0.0,0.0,0.0
2019-07-02,FICO,stop_loss,False,Canceled,3,0,0.0,0.0,0.0
2019-07-02,FICO,take_profit,False,Canceled,2,0,0.0,0.0,0.0
2019-07-02,HLT,stop_loss,False,Canceled,3,0,0.0,0.0,0.0
2019-07-02,HLT,take_profit,False,Canceled,2,0,0.0,0.0,0.0
2019-07-02,HSY,stop_loss,False,Canceled,3,0,0.0,0.0,0.0
2019-07-02,HSY,take_profit,False,Canceled,2,0,0.0,0.0,0.0
2019-07-02,LMT,stop_loss,False,Canceled,3,0,0.0,0.0,0.0
2019-07-02,LMT,take_profit,False,Canceled,2,0,0.0,0.0,0.0
2019-07-02,LULU,stop_loss,False,Canceled,3,0,0.0,0.0,0.0
2019-07-02,LULU,take_profit,False,Canceled,2,0,0.0,0.0,0.0
2019-07-02,MA,stop_loss,False,Canceled,3,0,0.0,0.0,0.0
2019-07-02,MA,take_profit,False,Canceled,2,0,0.0,0.0,0.0
2019-07-02,MCO,stop_loss,False,Canceled,3,0,0.0,0.0,0.0
2019-07-02,MCO,take_profit,False,Canceled,2,0,0.0,0.0,0.0
2019-07-02,MSCI,stop_loss,False,Canceled,3,0,0.0,0.0,0.0
2019-07-02,MSCI,take_profit,False,Canceled,2,0,0.0,0.0,0.0
2019-07-02,MTD,stop_loss,False,Canceled,3,0,0.0,0.0,0.0
2019-07-02,MTD,take_profit,False,Canceled,2,0,0.0,0.0,0.0
2019-07-02,ORLY,stop_loss,False,Canceled,3,0,0.0,0.0,0.0
2019-07-02,ORLY,take_profit,False,Canceled,2,0,0.0,0.0,0.0
2019-07-02,SPGI,stop_loss,False,Canceled,3,0,0.0,0.0,0.0
2019-07-02,SPGI,take_profit,False,Canceled,2,0,0.0,0.0,0.0
2019-07-03,BALL,rebalance_exit,False,Completed,0,-1043,66.2959829028,59923.943123005505,0.0
2019-07-03,CHD,rebalance_exit,False,Completed,0,-895,67.8901828643,60251.428567863,0.0
2019-07-03,CLX,rebalance_exit,False,Completed,0,-507,124.5304352586,60415.9684249602,0.0
2019-07-03,DG,rebalance_exit,False,Completed,0,-509,124.6178068368,59578.6356102603,0.0
2019-07-03,FICO,rebalance_exit,False,Completed,0,-216,324.82,59009.04,0.0
2019-07-03,HLT,rebalance_exit,False,Completed,0,-687,98.7416941405,60379.2347149434,0.0
2019-07-03,HSY,rebalance_exit,False,Completed,0,-583,115.6303382578,60414.3724480538,0.0
2019-07-03,LMT,rebalance_exit,False,Completed,0,-235,305.1687362426,59038.111787269,0.0
2019-07-03,LULU,rebalance_exit,False,Completed,0,-356,181.51,58957.16,0.0
2019-07-03,MA,rebalance_exit,False,Completed,0,-256,260.6073378347,58812.1146989568,0.0
2019-07-03,MCO,rebalance_exit,False,Completed,0,-341,189.3776980371,59113.2165769915,0.0
2019-07-03,MSCI,rebalance_exit,False,Completed,0,-315,227.45360168299996,59068.9386689535,0.0
2019-07-03,MTD,rebalance_exit,False,Completed,0,-81,855.15,59619.24,0.0
2019-07-03,ORLY,rebalance_exit,False,Completed,0,-2392,25.5333333333,60273.616,0.0
2019-07-03,SPGI,rebalance_exit,False,Completed,0,-294,222.7403609862,58894.8263352876,0.0
2019-10-02,BLDR,rebalance_entry,True,Completed,0,3118,20.2,62983.6,0.0
2019-10-02,CDW,rebalance_entry,True,Completed,0,573,111.2788266947,63762.7676960631,0.0
2019-10-02,CINF,rebalance_entry,True,Completed,0,659,96.1343842509,63352.5592213431,0.0
2019-10-02,CPRT,rebalance_entry,True,Completed,0,3204,19.835,63551.340000000004,0.0
2019-10-02,HLT,rebalance_entry,True,Completed,0,702,90.1311395147,63272.0599393194,0.0
2019-10-02,HSY,rebalance_entry,True,Completed,0,482,131.8372675468,63545.5629575576,0.0
2019-10-02,IDXX,rebalance_entry,True,Completed,0,236,266.84,62974.23999999999,0.0
2019-10-02,KLAC,rebalance_entry,True,Completed,0,435,144.4194769702,62822.472482037,0.0
2019-10-02,LMT,rebalance_entry,True,Completed,0,198,319.2619958647,63213.8751812106,0.0
2019-10-02,LRCX,rebalance_entry,True,Completed,0,2980,21.0839458832,62830.158731936,0.0
2019-10-02,MA,rebalance_entry,True,Completed,0,244,258.1900026313,62998.360642037194,0.0
2019-10-02,MCO,rebalance_entry,True,Completed,0,335,188.3147629916,63085.445602185995,0.0
2019-10-02,NVR,rebalance_entry,True,Completed,0,17,3734.9,63493.3,0.0
2019-10-02,ORLY,rebalance_entry,True,Completed,0,2385,26.5773333333,63386.9399999205,0.0
2019-10-02,PEP,rebalance_entry,True,Completed,0,565,112.2287392399,63409.237670543494,0.0
2019-10-02,PHM,rebalance_entry,True,Completed,0,1872,34.1085109748,63851.132544825596,0.0
2019-10-02,SO,rebalance_entry,True,Completed,0,1331,47.8424706748,63678.3284681588,0.0
2019-10-02,SPGI,rebalance_entry,True,Completed,0,277,227.9307706067,63136.8234580559,0.0
2019-10-02,STX,rebalance_entry,True,Completed,0,1514,41.7009560015,63135.247386271,0.0
2019-10-02,TER,rebalance_entry,True,Completed,0,1127,56.0157099319,63129.7050932513,0.0
2019-10-22,LMT,stop_loss,False,Completed,3,-198,302.7959045276,63213.8751812106,0.0
2019-10-22,LMT,take_profit,False,Canceled,2,0,0.0,0.0,0.0
2019-10-24,HSY,stop_loss,False,Completed,3,-482,124.0500591626,63545.5629575576,0.0
2019-10-24,HSY,take_profit,False,Canceled,2,0,0.0,0.0,0.0
2019-11-04,CDW,stop_loss,False,Canceled,3,0,0.0,0.0,0.0
2019-11-04,CDW,take_profit,False,Canceled,2,0,0.0,0.0,0.0
2019-11-04,CINF,stop_loss,False,Canceled,3,0,0.0,0.0,0.0
2019-11-04,CINF,take_profit,False,Canceled,2,0,0.0,0.0,0.0
2019-11-04,PEP,stop_loss,False,Canceled,3,0,0.0,0.0,0.0
2019-11-04,PEP,take_profit,False,Canceled,2,0,0.0,0.0,0.0
2019-11-04,SO,stop_loss,False,Canceled,3,0,0.0,0.0,0.0
2019-11-04,SO,take_profit,False,Canceled,2,0,0.0,0.0,0.0
2019-11-04,BX,rebalance_entry,True,Margin,0,0,0.0,0.0,0.0
2019-11-04,GNRC,rebalance_entry,True,Margin,0,0,0.0,0.0,0.0
2019-11-04,KEYS,rebalance_entry,True,Margin,0,0,0.0,0.0,0.0
2019-11-04,LLY,rebalance_entry,True,Margin,0,0,0.0,0.0,0.0
2019-11-04,LMT,rebalance_entry,True,Margin,0,0,0.0,0.0,0.0
2019-11-04,NVR,stop_loss,False,Completed,3,-17,3548.1549999999997,63493.3,0.0
2019-11-04,NVR,take_profit,False,Canceled,2,0,0.0,0.0,0.0
2019-11-04,AMAT,rebalance_entry,True,Completed,0,1296,52.6196098851,68195.01441108959,0.0
2019-11-05,CDW,rebalance_exit,False,Completed,0,-573,121.0956578072,63762.7676960631,0.0
2019-11-05,CINF,rebalance_exit,False,Completed,0,-659,93.1370641853,63352.5592213431,0.0
2019-11-05,PEP,rebalance_exit,False,Completed,0,-565,110.5398561744,63409.237670543494,0.0
2019-11-05,SO,rebalance_exit,False,Completed,0,-1331,47.5408937625,63678.3284681588,0.0
2019-11-11,IDXX,stop_loss,False,Completed,3,-236,253.49799999999996,62974.23999999999,0.0
2019-11-11,IDXX,take_profit,False,Canceled,2,0,0.0,0.0,0.0
2019-12-03,AMAT,stop_loss,False,Canceled,3,0,0.0,0.0,0.0
2019-12-03,AMAT,take_profit,False,Canceled,2,0,0.0,0.0,0.0
2019-12-03,PHM,stop_loss,False,Canceled,3,0,0.0,0.0,0.0
2019-12-03,PHM,take_profit,False,Canceled,2,0,0.0,0.0,0.0
2019-12-03,LMT,rebalance_entry,True,Margin,0,0,0.0,0.0,0.0
2019-12-03,QCOM,rebalance_entry,True,Margin,0,0,0.0,0.0,0.0
2019-12-03,TGT,rebalance_entry,True,Margin,0,0,0.0,0.0,0.0
2019-12-03,APO,rebalance_entry,True,Completed,0,1866,35.905259706,66999.214611396,0.0
2019-12-03,BX,rebalance_entry,True,Completed,0,1604,41.7058774517,66896.2274325268,0.0
2019-12-03,FICO,rebalance_entry,True,Completed,0,187,355.08,66399.95999999999,0.0
2019-12-03,GNRC,rebalance_entry,True,Completed,0,693,96.7,67013.1,0.0
2019-12-03,IDXX,rebalance_entry,True,Completed,0,269,250.08,67271.52,0.0
2019-12-03,LLY,rebalance_entry,True,Completed,0,624,107.93482543039998,67351.33106856959,0.0
2019-12-04,AMAT,rebalance_exit,False,Completed,0,-1296,53.1724759748,68195.01441108959,0.0
2019-12-04,PHM,rebalance_exit,False,Completed,0,-1872,36.8177599978,63851.132544825596,0.0
2019-12-20,LRCX,take_profit,False,Completed,2,-2980,27.7552196086,62830.158731936,0.0
2019-12-20,LRCX,stop_loss,False,Canceled,3,0,0.0,0.0,0.0
2020-01-03,CPRT,stop_loss,False,Canceled,3,0,0.0,0.0,0.0
2020-01-03,CPRT,take_profit,False,Canceled,2,0,0.0,0.0,0.0
2020-01-03,LLY,stop_loss,False,Canceled,3,0,0.0,0.0,0.0
2020-01-03,LLY,take_profit,False,Canceled,2,0,0.0,0.0,0.0
2020-01-03,LMT,rebalance_entry,True,Margin,0,0,0.0,0.0,0.0
2020-01-03,LRCX,rebalance_entry,True,Margin,0,0,0.0,0.0,0.0
2020-01-03,TGT,rebalance_entry,True,Margin,0,0,0.0,0.0,0.0
2020-01-03,AAPL,rebalance_entry,True,Completed,0,993,71.5688807904,71067.8986248672,0.0
2020-01-03,ARES,rebalance_entry,True,Completed,0,2492,28.4933649487,71005.4654521604,0.0
2020-01-03,CDW,rebalance_entry,True,Completed,0,542,130.6330829551,70803.13096166421,0.0
2020-01-06,CPRT,rebalance_exit,False,Completed,0,-3204,23.065,63551.340000000004,0.0
2020-01-06,LLY,rebalance_exit,False,Completed,0,-624,121.8624979215,67351.33106856959,0.0
2020-01-07,BLDR,take_profit,False,Completed,2,-3118,26.26,62983.6,0.0
2020-01-07,BLDR,stop_loss,False,Canceled,3,0,0.0,0.0,0.0
2020-01-23,TER,take_profit,False,Completed,2,-1127,77.0111336929,63129.7050932513,0.0
2020-01-23,TER,stop_loss,False,Canceled,3,0,0.0,0.0,0.0
2020-01-27,CDW,stop_loss,False,Completed,3,-542,124.101428807345,70803.13096166421,0.0
2020-01-27,CDW,take_profit,False,Canceled,2,0,0.0,0.0,0.0
2020-01-28,MCO,take_profit,False,Completed,2,-335,244.80919188907998,63085.445602185995,0.0
2020-01-28,MCO,stop_loss,False,Canceled,3,0,0.0,0.0,0.0
2020-02-04,AAPL,stop_loss,False,Canceled,3,0,0.0,0.0,0.0
2020-02-04,AAPL,take_profit,False,Canceled,2,0,0.0,0.0,0.0
2020-02-04,APO,stop_loss,False,Canceled,3,0,0.0,0.0,0.0
2020-02-04,APO,take_profit,False,Canceled,2,0,0.0,0.0,0.0
2020-02-04,ARES,stop_loss,False,Canceled,3,0,0.0,0.0,0.0
2020-02-04,ARES,take_profit,False,Canceled,2,0,0.0,0.0,0.0
2020-02-04,BX,stop_loss,False,Canceled,3,0,0.0,0.0,0.0
2020-02-04,BX,take_profit,False,Canceled,2,0,0.0,0.0,0.0
2020-02-04,FICO,stop_loss,False,Canceled,3,0,0.0,0.0,0.0
2020-02-04,FICO,take_profit,False,Canceled,2,0,0.0,0.0,0.0
2020-02-04,GNRC,stop_loss,False,Canceled,3,0,0.0,0.0,0.0
2020-02-04,GNRC,take_profit,False,Canceled,2,0,0.0,0.0,0.0
2020-02-04,HLT,stop_loss,False,Canceled,3,0,0.0,0.0,0.0
2020-02-04,HLT,take_profit,False,Canceled,2,0,0.0,0.0,0.0
2020-02-04,IDXX,stop_loss,False,Canceled,3,0,0.0,0.0,0.0
2020-02-04,IDXX,take_profit,False,Canceled,2,0,0.0,0.0,0.0
2020-02-04,KLAC,stop_loss,False,Canceled,3,0,0.0,0.0,0.0
2020-02-04,KLAC,take_profit,False,Canceled,2,0,0.0,0.0,0.0
2020-02-04,MA,stop_loss,False,Canceled,3,0,0.0,0.0,0.0
2020-02-04,MA,take_profit,False,Canceled,2,0,0.0,0.0,0.0
2020-02-04,ORLY,stop_loss,False,Canceled,3,0,0.0,0.0,0.0
2020-02-04,ORLY,take_profit,False,Canceled,2,0,0.0,0.0,0.0
2020-02-04,SPGI,stop_loss,False,Canceled,3,0,0.0,0.0,0.0
2020-02-04,SPGI,take_profit,False,Canceled,2,0,0.0,0.0,0.0
2020-02-04,STX,stop_loss,False,Canceled,3,0,0.0,0.0,0.0
2020-02-04,STX,take_profit,False,Canceled,2,0,0.0,0.0,0.0
2020-02-05,AAPL,rebalance_exit,False,Completed,0,-993,77.9201222053,71067.8986248672,0.0
2020-02-05,APO,rebalance_exit,False,Completed,0,-1866,40.2451786585,66999.214611396,0.0
2020-02-05,ARES,rebalance_exit,False,Completed,0,-2492,31.3086262349,71005.4654521604,0.0
2020-02-05,BX,rebalance_exit,False,Completed,0,-1604,50.8596602964,66896.2274325268,0.0
2020-02-05,FICO,rebalance_exit,False,Completed,0,-187,421.68,66399.95999999999,0.0
2020-02-05,GNRC,rebalance_exit,False,Completed,0,-693,105.7,67013.1,0.0
2020-02-05,HLT,rebalance_exit,False,Completed,0,-702,110.7805201977,63272.0599393194,0.0
2020-02-05,IDXX,rebalance_exit,False,Completed,0,-269,281.87,67271.52,0.0
2020-02-05,KLAC,rebalance_exit,False,Completed,0,-435,163.4758595806,62822.472482037,0.0
2020-02-05,MA,rebalance_exit,False,Completed,0,-244,323.3668793295,62998.360642037194,0.0
2020-02-05,ORLY,rebalance_exit,False,Completed,0,-2385,27.3686666667,63386.9399999205,0.0
2020-02-05,SPGI,rebalance_exit,False,Completed,0,-277,283.7083643964,63136.8234580559,0.0
2020-02-05,STX,rebalance_exit,False,Completed,0,-1514,45.8902516586,63135.247386271,0.0
2020-03-03,AAPL,rebalance_entry,True,Completed,0,1033,73.3152042183,75734.6059575039,0.0
2020-03-03,ACGL,rebalance_entry,True,Completed,0,1845,40.511355167699996,74743.4502844065,0.0
2020-03-03,APO,rebalance_entry,True,Completed,0,2005,37.3106956079,74807.9446938395,0.0
2020-03-03,CDW,rebalance_entry,True,Completed,0,673,109.0187661138,73369.6295945874,0.0
2020-03-03,DG,rebalance_entry,True,Completed,0,511,145.6686103011,74436.65986386209,0.0
2020-03-03,DHI,rebalance_entry,True,Completed,0,1451,51.6486964708,74942.2585791308,0.0
2020-03-03,GNRC,rebalance_entry,True,Completed,0,684,109.2,74692.8,0.0
2020-03-03,HSY,rebalance_entry,True,Completed,0,568,131.7697090288,74845.1947283584,0.0
2020-03-03,HWM,rebalance_entry,True,Completed,0,3295,22.5754207086,74386.011234837,0.0
2020-03-03,LDOS,rebalance_entry,True,Completed,0,735,103.7457960765,76253.1601162275,0.0
2020-03-03,LLY,rebalance_entry,True,Completed,0,602,124.2321841812,74787.7748770824,0.0
2020-03-03,LMT,rebalance_entry,True,Completed,0,231,325.079740686,75093.420098466,0.0
2020-03-03,LULU,rebalance_entry,True,Completed,0,325,228.87,74382.75,0.0
2020-03-03,MCO,rebalance_entry,True,Completed,0,303,244.3813606944,74047.5522904032,0.0
2020-03-03,NEM,rebalance_entry,True,Completed,0,1905,39.3324861495,74928.3861147975,0.0
2020-03-03,PHM,rebalance_entry,True,Completed,0,1915,39.356451171,75367.60399246501,0.0
2020-03-03,SO,rebalance_entry,True,Completed,0,1480,51.00707800250001,75490.47544370001,0.0
2020-03-03,SPGI,rebalance_entry,True,Completed,0,271,275.1347673764,74561.5219590044,0.0
2020-03-03,TGT,rebalance_entry,True,Completed,0,813,94.147617022,76542.01263888601,0.0
2020-03-03,WRB,rebalance_entry,True,Margin,0,0,0.0,0.0,0.0
2020-03-04,TGT,stop_loss,False,Completed,3,-813,89.44023617090001,76542.01263888601,0.0
2020-03-04,TGT,take_profit,False,Canceled,2,0,0.0,0.0,0.0
2020-03-05,CDW,stop_loss,False,Completed,3,-673,103.56782780810998,73369.6295945874,0.0
2020-03-05,CDW,take_profit,False,Canceled,2,0,0.0,0.0,0.0
2020-03-05,HWM,stop_loss,False,Completed,3,-3295,21.4266212618,74386.011234837,0.0
2020-03-05,HWM,take_profit,False,Canceled,2,0,0.0,0.0,0.0
2020-03-05,LDOS,stop_loss,False,Completed,3,-735,98.55850627267499,76253.1601162275,0.0
2020-03-05,LDOS,take_profit,False,Canceled,2,0,0.0,0.0,0.0
2020-03-05,LULU,stop_loss,False,Completed,3,-325,217.4265,74382.75,0.0
2020-03-05,LULU,take_profit,False,Canceled,2,0,0.0,0.0,0.0
2020-03-05,SPGI,stop_loss,False,Completed,3,-271,261.37802900758,74561.5219590044,0.0
2020-03-05,SPGI,take_profit,False,Canceled,2,0,0.0,0.0,0.0
2020-03-06,AAPL,stop_loss,False,Completed,3,-1033,68.0834049777,75734.6059575039,0.0
2020-03-06,AAPL,take_profit,False,Canceled,2,0,0.0,0.0,0.0
2020-03-06,ACGL,stop_loss,False,Completed,3,-1845,37.8201078643,74743.4502844065,0.0
2020-03-06,ACGL,take_profit,False,Canceled,2,0,0.0,0.0,0.0
2020-03-06,APO,stop_loss,False,Completed,3,-2005,35.2021656011,74807.9446938395,0.0
2020-03-06,APO,take_profit,False,Canceled,2,0,0.0,0.0,0.0
2020-03-06,MCO,stop_loss,False,Completed,3,-303,229.60851075269997,74047.5522904032,0.0
2020-03-06,MCO,take_profit,False,Canceled,2,0,0.0,0.0,0.0
2020-03-09,DG,stop_loss,False,Completed,3,-511,137.6966508733,74436.65986386209,0.0
2020-03-09,DG,take_profit,False,Canceled,2,0,0.0,0.0,0.0
2020-03-09,DHI,stop_loss,False,Completed,3,-1451,48.03984925819999,74942.2585791308,0.0
2020-03-09,DHI,take_profit,False,Canceled,2,0,0.0,0.0,0.0
2020-03-09,GNRC,stop_loss,False,Completed,3,-684,103.48,74692.8,0.0
2020-03-09,GNRC,take_profit,False,Canceled,2,0,0.0,0.0,0.0
2020-03-09,LMT,stop_loss,False,Completed,3,-231,304.0801503278,75093.420098466,0.0
2020-03-09,LMT,take_profit,False,Canceled,2,0,0.0,0.0,0.0
2020-03-09,PHM,stop_loss,False,Completed,3,-1915,36.53590550370001,75367.60399246501,0.0
2020-03-09,PHM,take_profit,False,Canceled,2,0,0.0,0.0,0.0
2020-03-10,SO,stop_loss,False,Completed,3,-1480,48.456724102375006,75490.47544370001,0.0
2020-03-10,SO,take_profit,False,Canceled,2,0,0.0,0.0,0.0
2020-03-12,HSY,stop_loss,False,Completed,3,-568,118.75711677150001,74845.1947283584,0.0
2020-03-12,HSY,take_profit,False,Canceled,2,0,0.0,0.0,0.0
2020-03-12,LLY,stop_loss,False,Completed,3,-602,118.02057497214001,74787.7748770824,0.0
2020-03-12,LLY,take_profit,False,Canceled,2,0,0.0,0.0,0.0
2020-03-12,NEM,stop_loss,False,Completed,3,-1905,34.6539536768,74928.3861147975,0.0
2020-03-12,NEM,take_profit,False,Canceled,2,0,0.0,0.0,0.0
2020-04-02,AAPL,rebalance_entry,True,Completed,0,1205,58.0254097601,69920.6187609205,0.0
2020-04-02,BIIB,rebalance_entry,True,Completed,0,239,290.1,69333.90000000001,0.0
2020-04-02,CLX,rebalance_entry,True,Completed,0,489,142.692338242,69776.553400338,0.0
2020-04-02,CPB,rebalance_entry,True,Completed,0,1910,36.2849961756,69304.342695396,0.0
2020-04-02,DVA,rebalance_entry,True,Completed,0,966,71.79,69349.14,0.0
2020-04-02,GEN,rebalance_entry,True,Completed,0,4268,16.2304545783,69271.58014018441,0.0
2020-04-02,GNRC,rebalance_entry,True,Completed,0,844,82.31,69469.64,0.0
2020-04-02,IDXX,rebalance_entry,True,Completed,0,304,226.02,68710.08,0.0
2020-04-02,LDOS,rebalance_entry,True,Completed,0,870,79.9861331174,69587.935812138,0.0
2020-04-02,LLY,rebalance_entry,True,Completed,0,551,126.1616606312,69515.0750077912,0.0
2020-04-02,LMT,rebalance_entry,True,Completed,0,245,283.1903727913,69381.6413338685,0.0
2020-04-02,LRCX,rebalance_entry,True,Completed,0,3353,20.567779373500002,68963.7642393455,0.0
2020-04-02,MCO,rebalance_entry,True,Completed,0,375,184.92087627189997,69345.3286019625,0.0
2020-04-02,MSFT,rebalance_entry,True,Completed,0,486,143.9284165692,69949.2104526312,0.0
2020-04-02,NEM,rebalance_entry,True,Completed,0,1800,39.4572230181,71023.00143258,0.0
2020-04-02,ORLY,rebalance_entry,True,Completed,0,3662,19.2626666667,70539.8853334554,0.0
2020-04-02,QCOM,rebalance_entry,True,Completed,0,1213,57.76280649379999,70066.2842769794,0.0
2020-04-02,SPGI,rebalance_entry,True,Completed,0,315,221.5089763641,69775.3275546915,0.0
2020-04-02,STX,rebalance_entry,True,Completed,0,1794,38.7280787909,69478.1733508746,0.0
2020-04-02,TER,rebalance_entry,True,Completed,0,1378,49.9626713628,68848.5611379384,0.0
2020-04-03,DVA,stop_loss,False,Completed,3,-966,68.2005,69349.14,0.0
2020-04-03,DVA,take_profit,False,Canceled,2,0,0.0,0.0,0.0
2020-04-14,NEM,take_profit,False,Completed,2,-1800,51.294389923530005,71023.00143258,0.0
2020-04-14,NEM,stop_loss,False,Canceled,3,0,0.0,0.0,0.0
2020-04-17,ORLY,take_profit,False,Completed,2,-3662,25.182,70539.8853334554,0.0
2020-04-17,ORLY,stop_loss,False,Canceled,3,0,0.0,0.0,0.0
2020-04-27,MCO,take_profit,False,Completed,2,-375,240.39713915346996,69345.3286019625,0.0
2020-04-27,MCO,stop_loss,False,Canceled,3,0,0.0,0.0,0.0
2020-04-28,SPGI,take_profit,False,Completed,2,-315,287.96166927333,69775.3275546915,0.0
2020-04-28,SPGI,stop_loss,False,Canceled,3,0,0.0,0.0,0.0
2020-04-29,TER,take_profit,False,Completed,2,-1378,64.95147277164,68848.5611379384,0.0
2020-04-29,TER,stop_loss,False,Canceled,3,0,0.0,0.0,0.0
2020-05-04,BIIB,stop_loss,False,Canceled,3,0,0.0,0.0,0.0
2020-05-04,BIIB,take_profit,False,Canceled,2,0,0.0,0.0,0.0
2020-05-04,GNRC,stop_loss,False,Canceled,3,0,0.0,0.0,0.0
2020-05-04,GNRC,take_profit,False,Canceled,2,0,0.0,0.0,0.0
2020-05-04,LDOS,stop_loss,False,Canceled,3,0,0.0,0.0,0.0
2020-05-04,LDOS,take_profit,False,Canceled,2,0,0.0,0.0,0.0
2020-05-04,LRCX,stop_loss,False,Canceled,3,0,0.0,0.0,0.0
2020-05-04,LRCX,take_profit,False,Canceled,2,0,0.0,0.0,0.0
2020-05-04,QCOM,stop_loss,False,Canceled,3,0,0.0,0.0,0.0
2020-05-04,QCOM,take_profit,False,Canceled,2,0,0.0,0.0,0.0
2020-05-04,STX,stop_loss,False,Canceled,3,0,0.0,0.0,0.0
2020-05-04,STX,take_profit,False,Canceled,2,0,0.0,0.0,0.0
2020-05-04,ORLY,rebalance_entry,True,Margin,0,0,0.0,0.0,0.0
2020-05-04,REGN,rebalance_entry,True,Margin,0,0,0.0,0.0,0.0
2020-05-04,SPGI,rebalance_entry,True,Margin,0,0,0.0,0.0,0.0
2020-05-04,VRTX,rebalance_entry,True,Margin,0,0,0.0,0.0,0.0
2020-05-04,WAT,rebalance_entry,True,Margin,0,0,0.0,0.0,0.0
2020-05-04,ZTS,rebalance_entry,True,Margin,0,0,0.0,0.0,0.0
2020-05-04,AMGN,rebalance_entry,True,Completed,0,425,191.83090977889998,81528.1366560325,0.0
2020-05-04,EA,rebalance_entry,True,Completed,0,737,110.5358712525,81464.9371130925,0.0
2020-05-04,EBAY,rebalance_entry,True,Completed,0,2290,35.4399671287,81157.524724723,0.0
2020-05-04,HUM,rebalance_entry,True,Completed,0,230,352.1939500613,81004.60851409899,0.0
2020-05-04,MCO,rebalance_entry,True,Completed,0,354,226.18264804999998,80068.6574097,0.0
2020-05-04,NEM,rebalance_entry,True,Completed,0,1586,52.0563745363,82561.4100145718,0.0
2020-05-05,BIIB,rebalance_exit,False,Completed,0,-239,297.14,69333.90000000001,0.0
2020-05-05,GNRC,rebalance_exit,False,Completed,0,-844,96.36,69469.64,0.0
2020-05-05,LDOS,rebalance_exit,False,Completed,0,-870,87.83588771410001,69587.935812138,0.0
2020-05-05,LRCX,rebalance_exit,False,Completed,0,-3353,22.537632731,68963.7642393455,0.0
2020-05-05,QCOM,rebalance_exit,False,Completed,0,-1213,67.3037103142,70066.2842769794,0.0
2020-05-05,STX,rebalance_exit,False,Completed,0,-1794,38.3850633313,69478.1733508746,0.0
2020-05-07,IDXX,take_profit,False,Completed,2,-304,293.826,68710.08,0.0
2020-05-07,IDXX,stop_loss,False,Canceled,3,0,0.0,0.0,0.0
2020-05-11,AAPL,take_profit,False,Completed,2,-1205,75.43303268813,69920.6187609205,0.0
2020-05-11,AAPL,stop_loss,False,Canceled,3,0,0.0,0.0,0.0
2020-05-27,AMGN,stop_loss,False,Completed,3,-425,182.23936428995498,81528.1366560325,0.0
2020-05-27,AMGN,take_profit,False,Canceled,2,0,0.0,0.0,0.0
2020-05-27,NEM,stop_loss,False,Completed,3,-1586,47.873422701600006,82561.4100145718,0.0
2020-05-27,NEM,take_profit,False,Canceled,2,0,0.0,0.0,0.0
2020-06-02,EA,stop_loss,False,Canceled,3,0,0.0,0.0,0.0
2020-06-02,EA,take_profit,False,Canceled,2,0,0.0,0.0,0.0
2020-06-02,HUM,stop_loss,False,Canceled,3,0,0.0,0.0,0.0
2020-06-02,HUM,take_profit,False,Canceled,2,0,0.0,0.0,0.0
2020-06-02,LMT,stop_loss,False,Canceled,3,0,0.0,0.0,0.0
2020-06-02,LMT,take_profit,False,Canceled,2,0,0.0,0.0,0.0
2020-06-02,MSFT,stop_loss,False,Canceled,3,0,0.0,0.0,0.0
2020-06-02,MSFT,take_profit,False,Canceled,2,0,0.0,0.0,0.0
2020-06-02,REGN,rebalance_entry,True,Margin,0,0,0.0,0.0,0.0
2020-06-02,SPGI,rebalance_entry,True,Margin,0,0,0.0,0.0,0.0
2020-06-02,STX,rebalance_entry,True,Margin,0,0,0.0,0.0,0.0
2020-06-02,WSM,rebalance_entry,True,Margin,0,0,0.0,0.0,0.0
2020-06-02,WST,rebalance_entry,True,Margin,0,0,0.0,0.0,0.0
2020-06-02,AAPL,rebalance_entry,True,Completed,0,1079,77.6435897504,83777.4333406816,0.0
2020-06-02,AMGN,rebalance_entry,True,Completed,0,446,187.5922752112,83666.1547441952,0.0
2020-06-02,DVA,rebalance_entry,True,Completed,0,1046,80.31,84004.26000000001,0.0
2020-06-02,FTNT,rebalance_entry,True,Completed,0,2904,29.064,84401.856,0.0
2020-06-02,LOW,rebalance_entry,True,Completed,0,724,117.6858222221,85204.5352888004,0.0
2020-06-02,NEM,rebalance_entry,True,Completed,0,1658,51.0504542554,84641.6531554532,0.0
2020-06-02,NVDA,rebalance_entry,True,Completed,0,9585,8.7623615506,83987.23546250099,0.0
2020-06-02,ODFL,rebalance_entry,True,Completed,0,1029,82.2735705763,84659.50412301271,0.0
2020-06-02,ORLY,rebalance_entry,True,Completed,0,3020,28.026,84638.52,0.0
2020-06-03,NEM,stop_loss,False,Completed,3,-1658,47.901825315,84641.6531554532,0.0
2020-06-03,NEM,take_profit,False,Canceled,2,0,0.0,0.0,0.0
2020-06-03,EA,rebalance_exit,False,Completed,0,-737,118.5317941664,81464.9371130925,0.0
2020-06-03,HUM,rebalance_exit,False,Completed,0,-230,383.0868286373,81004.60851409899,0.0
2020-06-03,LMT,rebalance_exit,False,Completed,0,-245,334.5761763667,69381.6413338685,0.0
2020-06-03,MSFT,rebalance_exit,False,Completed,0,-486,175.6481057293,69949.2104526312,0.0
2020-06-04,EBAY,take_profit,False,Completed,2,-2290,46.4837192411,81157.524724723,0.0
2020-06-04,EBAY,stop_loss,False,Canceled,3,0,0.0,0.0,0.0
2020-06-04,FTNT,stop_loss,False,Completed,3,-2904,27.610799999999994,84401.856,0.0
2020-06-04,FTNT,take_profit,False,Canceled,2,0,0.0,0.0,0.0
2020-06-11,LOW,stop_loss,False,Completed,3,-724,111.801531110995,85204.5352888004,0.0
2020-06-11,LOW,take_profit,False,Canceled,2,0,0.0,0.0,0.0
2020-06-11,ODFL,stop_loss,False,Completed,3,-1029,78.159892047485,84659.50412301271,0.0
2020-06-11,ODFL,take_profit,False,Canceled,2,0,0.0,0.0,0.0
2020-06-12,AMGN,stop_loss,False,Completed,3,-446,178.21266145063998,83666.1547441952,0.0
2020-06-12,AMGN,take_profit,False,Canceled,2,0,0.0,0.0,0.0
2020-06-15,DVA,stop_loss,False,Completed,3,-1046,76.2945,84004.26000000001,0.0
2020-06-15,DVA,take_profit,False,Canceled,2,0,0.0,0.0,0.0
2020-07-02,CLX,stop_loss,False,Canceled,3,0,0.0,0.0,0.0
2020-07-02,CLX,take_profit,False,Canceled,2,0,0.0,0.0,0.0
2020-07-02,CPB,stop_loss,False,Canceled,3,0,0.0,0.0,0.0
2020-07-02,CPB,take_profit,False,Canceled,2,0,0.0,0.0,0.0
2020-07-02,ORLY,stop_loss,False,Canceled,3,0,0.0,0.0,0.0
2020-07-02,ORLY,take_profit,False,Canceled,2,0,0.0,0.0,0.0
2020-07-02,SPGI,rebalance_entry,True,Margin,0,0,0.0,0.0,0.0
2020-07-02,STT,rebalance_entry,True,Margin,0,0,0.0,0.0,0.0
2020-07-02,TER,rebalance_entry,True,Margin,0,0,0.0,0.0,0.0
2020-07-02,WAT,rebalance_entry,True,Margin,0,0,0.0,0.0,0.0
2020-07-02,AMD,rebalance_entry,True,Completed,0,1608,53.03,85272.24,0.0
2020-07-02,BLDR,rebalance_entry,True,Completed,0,4286,20.25,86791.5,0.0
2020-07-02,CAG,rebalance_entry,True,Completed,0,3142,27.0925680618,85124.84885017561,0.0
2020-07-02,FTNT,rebalance_entry,True,Completed,0,3037,28.064,85230.368,0.0
2020-07-02,LOW,rebalance_entry,True,Completed,0,695,123.1412186777,85583.1469810015,0.0
2020-07-02,LRCX,rebalance_entry,True,Completed,0,2833,30.3557332506,85997.7922989498,0.0
2020-07-02,LULU,rebalance_entry,True,Completed,0,274,312.15,85529.09999999999,0.0
2020-07-02,META,rebalance_entry,True,Completed,0,358,237.1571201236,84902.2490042488,0.0
2020-07-02,NKE,rebalance_entry,True,Completed,0,950,90.2033280594,85693.16165642999,0.0
2020-07-02,REGN,rebalance_entry,True,Completed,0,139,607.1802723649,84398.0578587211,0.0
2020-07-02,SMCI,rebalance_entry,True,Completed,0,30272,2.835,85821.12,0.0
2020-07-06,CLX,rebalance_exit,False,Completed,0,-489,183.9407750084,69776.553400338,0.0
2020-07-06,CPB,rebalance_exit,False,Completed,0,-1910,39.8025786023,69304.342695396,0.0
2020-07-06,ORLY,rebalance_exit,False,Completed,0,-3020,28.8533333333,84638.52,0.0
2020-07-10,BLDR,stop_loss,False,Completed,3,-4286,19.2375,86791.5,0.0
2020-07-10,BLDR,take_profit,False,Canceled,2,0,0.0,0.0,0.0
2020-07-13,FTNT,stop_loss,False,Completed,3,-3037,26.660800000000002,85230.368,0.0
2020-07-13,FTNT,take_profit,False,Canceled,2,0,0.0,0.0,0.0
2020-07-14,LULU,stop_loss,False,Completed,3,-274,296.54249999999996,85529.09999999999,0.0
2020-07-14,LULU,take_profit,False,Canceled,2,0,0.0,0.0,0.0
2020-07-14,SMCI,stop_loss,False,Completed,3,-30272,2.69325,85821.12,0.0
2020-07-14,SMCI,take_profit,False,Canceled,2,0,0.0,0.0,0.0
2020-07-24,AMD,take_profit,False,Completed,2,-1608,68.93900000000001,85272.24,0.0
2020-07-24,AMD,stop_loss,False,Canceled,3,0,0.0,0.0,0.0
2020-07-24,META,stop_loss,False,Completed,3,-358,225.29926411742,84902.2490042488,0.0
2020-07-24,META,take_profit,False,Canceled,2,0,0.0,0.0,0.0
2020-07-31,AAPL,take_profit,False,Completed,2,-1079,100.93666667552,83777.4333406816,0.0
2020-07-31,AAPL,stop_loss,False,Canceled,3,0,0.0,0.0,0.0
2020-08-04,CAG,stop_loss,False,Canceled,3,0,0.0,0.0,0.0
2020-08-04,CAG,take_profit,False,Canceled,2,0,0.0,0.0,0.0
2020-08-04,LLY,stop_loss,False,Canceled,3,0,0.0,0.0,0.0
2020-08-04,LLY,take_profit,False,Canceled,2,0,0.0,0.0,0.0
2020-08-04,LRCX,stop_loss,False,Canceled,3,0,0.0,0.0,0.0
2020-08-04,LRCX,take_profit,False,Canceled,2,0,0.0,0.0,0.0
2020-08-04,MCO,stop_loss,False,Canceled,3,0,0.0,0.0,0.0
2020-08-04,MCO,take_profit,False,Canceled,2,0,0.0,0.0,0.0
2020-08-04,NKE,stop_loss,False,Canceled,3,0,0.0,0.0,0.0
2020-08-04,NKE,take_profit,False,Canceled,2,0,0.0,0.0,0.0
2020-08-04,NTAP,rebalance_entry,True,Margin,0,0,0.0,0.0,0.0
2020-08-04,ODFL,rebalance_entry,True,Margin,0,0,0.0,0.0,0.0
2020-08-04,ORLY,rebalance_entry,True,Margin,0,0,0.0,0.0,0.0
2020-08-04,ROK,rebalance_entry,True,Margin,0,0,0.0,0.0,0.0
2020-08-04,STX,rebalance_entry,True,Margin,0,0,0.0,0.0,0.0
2020-08-04,SWKS,rebalance_entry,True,Margin,0,0,0.0,0.0,0.0
2020-08-04,AAPL,rebalance_entry,True,Completed,0,835,105.67032341,88234.72004735,0.0
2020-08-04,CHD,rebalance_entry,True,Completed,0,1012,86.6222885362,87661.7559986344,0.0
2020-08-04,CLX,rebalance_entry,True,Completed,0,458,192.3920853461,88115.5750885138,0.0
2020-08-04,EA,rebalance_entry,True,Completed,0,638,138.9970871584,88680.14160705921,0.0
2020-08-04,EBAY,rebalance_entry,True,Completed,0,1720,50.9492890048,87632.777088256,0.0
2020-08-04,GNRC,rebalance_entry,True,Completed,0,541,161.68,87468.88,0.0
2020-08-04,IDXX,rebalance_entry,True,Completed,0,224,393.77,88204.48,0.0
2020-08-04,META,rebalance_entry,True,Completed,0,352,249.6202725452,87866.3359359104,0.0
2020-08-04,MTD,rebalance_entry,True,Completed,0,95,918.9599999999999,87301.2,0.0
2020-08-04,NEM,rebalance_entry,True,Completed,0,1536,57.56807517640001,88424.56347095041,0.0
2020-08-05,CAG,rebalance_exit,False,Completed,0,-3142,28.7940793625,85124.84885017561,0.0
2020-08-05,LLY,rebalance_exit,False,Completed,0,-551,147.3159936026,69515.0750077912,0.0
2020-08-05,LRCX,rebalance_exit,False,Completed,0,-2833,36.1587310088,85997.7922989498,0.0
2020-08-05,MCO,rebalance_exit,False,Completed,0,-354,261.6890624413,80068.6574097,0.0
2020-08-05,NKE,rebalance_exit,False,Completed,0,-950,88.6874592137,85693.16165642999,0.0
2020-08-07,NVDA,take_profit,False,Completed,2,-9585,11.39107001578,83987.23546250099,0.0
2020-08-07,NVDA,stop_loss,False,Canceled,3,0,0.0,0.0,0.0
2020-08-11,EA,stop_loss,False,Completed,3,-638,132.04723280048,88680.14160705921,0.0
2020-08-11,EA,take_profit,False,Canceled,2,0,0.0,0.0,0.0
2020-08-11,IDXX,stop_loss,False,Completed,3,-224,374.08149999999995,88204.48,0.0
2020-08-11,IDXX,take_profit,False,Canceled,2,0,0.0,0.0,0.0
2020-08-11,NEM,stop_loss,False,Completed,3,-1536,54.3852855879,88424.56347095041,0.0
2020-08-11,NEM,take_profit,False,Canceled,2,0,0.0,0.0,0.0
2020-08-25,CLX,stop_loss,False,Completed,3,-458,182.77248107879498,88115.5750885138,0.0
2020-08-25,CLX,take_profit,False,Canceled,2,0,0.0,0.0,0.0
2020-08-26,GEN,take_profit,False,Completed,2,-4268,21.099590951790002,69271.58014018441,0.0
2020-08-26,GEN,stop_loss,False,Canceled,3,0,0.0,0.0,0.0
2020-09-02,CHD,stop_loss,False,Canceled,3,0,0.0,0.0,0.0
2020-09-02,CHD,take_profit,False,Canceled,2,0,0.0,0.0,0.0
2020-09-02,META,stop_loss,False,Canceled,3,0,0.0,0.0,0.0
2020-09-02,META,take_profit,False,Canceled,2,0,0.0,0.0,0.0
2020-09-02,SWKS,rebalance_entry,True,Margin,0,0,0.0,0.0,0.0
2020-09-02,TER,rebalance_entry,True,Margin,0,0,0.0,0.0,0.0
2020-09-02,WST,rebalance_entry,True,Margin,0,0,0.0,0.0,0.0
2020-09-02,AMD,rebalance_entry,True,Completed,0,986,94.01,92693.86,0.0
2020-09-02,CLX,rebalance_entry,True,Completed,0,497,183.3490765912,91124.4910658264,0.0
2020-09-02,FTNT,rebalance_entry,True,Completed,0,3482,26.354,91764.628,0.0
2020-09-02,IDXX,rebalance_entry,True,Completed,0,228,399.0,90972.0,0.0
2020-09-02,LLY,rebalance_entry,True,Completed,0,655,138.1404200969,90481.9751634695,0.0
2020-09-02,MCO,rebalance_entry,True,Completed,0,323,282.8887771265,91373.07501185949,0.0
2020-09-02,NRG,rebalance_entry,True,Completed,0,3126,29.142765923799995,91100.28627779879,0.0
2020-09-02,NTAP,rebalance_entry,True,Completed,0,2242,40.6852763595,91216.389597999,0.0
2020-09-02,NVDA,rebalance_entry,True,Completed,0,6598,14.6580265409,96713.6591168582,0.0
2020-09-02,ORLY,rebalance_entry,True,Completed,0,2881,31.5573333333,90916.6773332373,0.0
2020-09-02,SPGI,rebalance_entry,True,Completed,0,258,352.7846322794,91018.4351280852,0.0
2020-09-03,REGN,stop_loss,False,Completed,3,-139,576.821258746655,84398.0578587211,0.0
2020-09-03,REGN,take_profit,False,Canceled,2,0,0.0,0.0,0.0
2020-09-03,EBAY,stop_loss,False,Completed,3,-1720,48.40182455456,87632.777088256,0.0
2020-09-03,EBAY,take_profit,False,Canceled,2,0,0.0,0.0,0.0
2020-09-03,AMD,stop_loss,False,Completed,3,-986,87.84,92693.86,0.0
2020-09-03,AMD,take_profit,False,Canceled,2,0,0.0,0.0,0.0
2020-09-03,FTNT,stop_loss,False,Completed,3,-3482,25.036299999999997,91764.628,0.0
2020-09-03,FTNT,take_profit,False,Canceled,2,0,0.0,0.0,0.0
2020-09-03,IDXX,stop_loss,False,Completed,3,-228,379.04999999999995,90972.0,0.0
2020-09-03,IDXX,take_profit,False,Canceled,2,0,0.0,0.0,0.0
2020-09-03,NVDA,stop_loss,False,Completed,3,-6598,13.7856328389,96713.6591168582,0.0
2020-09-03,NVDA,take_profit,False,Canceled,2,0,0.0,0.0,0.0
2020-09-03,CHD,rebalance_exit,False,Completed,0,-1012,91.4939351857,87661.7559986344,0.0
2020-09-03,META,rebalance_exit,False,Completed,0,-352,293.7076819472,87866.3359359104,0.0
2020-09-04,CLX,stop_loss,False,Completed,3,-497,174.18162276164,91124.4910658264,0.0
2020-09-04,CLX,take_profit,False,Canceled,2,0,0.0,0.0,0.0
2020-09-04,MCO,stop_loss,False,Completed,3,-323,268.744338270175,91373.07501185949,0.0
2020-09-04,MCO,take_profit,False,Canceled,2,0,0.0,0.0,0.0
2020-09-04,SPGI,stop_loss,False,Completed,3,-258,335.14540066543,91018.4351280852,0.0
2020-09-04,SPGI,take_profit,False,Canceled,2,0,0.0,0.0,0.0
2020-09-08,NRG,stop_loss,False,Completed,3,-3126,27.685627627609993,91100.28627779879,0.0
2020-09-08,NRG,take_profit,False,Canceled,2,0,0.0,0.0,0.0
2020-09-10,NTAP,stop_loss,False,Completed,3,-2242,38.651012541525,91216.389597999,0.0
2020-09-10,NTAP,take_profit,False,Canceled,2,0,0.0,0.0,0.0
2020-09-21,AAPL,stop_loss,False,Completed,3,-835,100.38680723949999,88234.72004735,0.0
2020-09-21,AAPL,take_profit,False,Canceled,2,0,0.0,0.0,0.0
2020-09-21,ORLY,stop_loss,False,Completed,3,-2881,29.979466666635,90916.6773332373,0.0
2020-09-21,ORLY,take_profit,False,Canceled,2,0,0.0,0.0,0.0
2020-10-02,MTD,stop_loss,False,Canceled,3,0,0.0,0.0,0.0
2020-10-02,MTD,take_profit,False,Canceled,2,0,0.0,0.0,0.0
2020-10-02,SPGI,rebalance_entry,True,Margin,0,0,0.0,0.0,0.0
2020-10-02,UNH,rebalance_entry,True,Margin,0,0,0.0,0.0,0.0
2020-10-02,AAPL,rebalance_entry,True,Completed,0,770,109.5102903922,84322.923601994,0.0
2020-10-02,ALB,rebalance_entry,True,Completed,0,1073,80.0798161027,85925.6426781971,0.0
2020-10-02,ALGN,rebalance_entry,True,Completed,0,274,312.02,85493.48,0.0
2020-10-02,AMD,rebalance_entry,True,Completed,0,1028,82.58,84892.24,0.0
2020-10-02,AMGN,rebalance_entry,True,Completed,0,408,211.0909096986,86125.0911570288,0.0
2020-10-02,BBY,rebalance_entry,True,Completed,0,966,87.8262347358,84840.1427547828,0.0
2020-10-02,CNC,rebalance_entry,True,Completed,0,1483,58.08,86132.64,0.0
2020-10-02,HUM,rebalance_entry,True,Completed,0,221,393.1687735328,86890.2989507488,0.0
2020-10-02,IDXX,rebalance_entry,True,Completed,0,220,389.7,85734.0,0.0
2020-10-02,LEN,rebalance_entry,True,Completed,0,1183,72.1062488223,85301.6923567809,0.0
2020-10-02,MCO,rebalance_entry,True,Completed,0,312,275.4856005423,85951.5073691976,0.0
2020-10-02,NRG,rebalance_entry,True,Completed,0,3347,25.739231217399997,86149.2068846378,0.0
2020-10-02,NVDA,rebalance_entry,True,Completed,0,6428,13.1838749301,84745.9480506828,0.0
2020-10-02,ORLY,rebalance_entry,True,Completed,0,2823,30.550000000000004,86242.65000000001,0.0
2020-10-02,POOL,rebalance_entry,True,Completed,0,285,297.2732132548,84722.865777618,0.0
2020-10-05,MTD,rebalance_exit,False,Completed,0,-95,979.95,87301.2,0.0
2020-10-06,GNRC,take_profit,False,Completed,2,-541,211.05,87468.88,0.0
2020-10-06,GNRC,stop_loss,False,Canceled,3,0,0.0,0.0,0.0
2020-10-08,AMGN,stop_loss,False,Completed,3,-408,200.53636421367,86125.0911570288,0.0
2020-10-08,AMGN,take_profit,False,Canceled,2,0,0.0,0.0,0.0
2020-10-16,LOW,take_profit,False,Completed,2,-695,160.08358428101,85583.1469810015,0.0
2020-10-16,LOW,stop_loss,False,Canceled,3,0,0.0,0.0,0.0
2020-10-22,ALGN,take_profit,False,Completed,2,-274,424.32,85493.48,0.0
2020-10-22,ALGN,stop_loss,False,Canceled,3,0,0.0,0.0,0.0
2020-10-22,AMD,stop_loss,False,Completed,3,-1028,78.451,84892.24,0.0
2020-10-22,AMD,take_profit,False,Canceled,2,0,0.0,0.0,0.0
2020-10-22,LEN,stop_loss,False,Completed,3,-1183,68.500936381185,85301.6923567809,0.0
2020-10-22,LEN,take_profit,False,Canceled,2,0,0.0,0.0,0.0
2020-10-22,MCO,stop_loss,False,Completed,3,-312,261.711320515185,85951.5073691976,0.0
2020-10-22,MCO,take_profit,False,Canceled,2,0,0.0,0.0,0.0
2020-10-27,LLY,stop_loss,False,Completed,3,-655,125.1818153913,90481.9751634695,0.0
2020-10-27,LLY,take_profit,False,Canceled,2,0,0.0,0.0,0.0
2020-10-30,HUM,stop_loss,False,Completed,3,-221,373.51033485616,86890.2989507488,0.0
2020-10-30,HUM,take_profit,False,Canceled,2,0,0.0,0.0,0.0
2020-10-30,NVDA,stop_loss,False,Completed,3,-6428,12.524681183595,84745.9480506828,0.0
2020-10-30,NVDA,take_profit,False,Canceled,2,0,0.0,0.0,0.0
2020-10-30,ORLY,stop_loss,False,Completed,3,-2823,28.750666666699995,86242.65000000001,0.0
2020-10-30,ORLY,take_profit,False,Canceled,2,0,0.0,0.0,0.0
2020-11-03,AAPL,stop_loss,False,Canceled,3,0,0.0,0.0,0.0
2020-11-03,AAPL,take_profit,False,Canceled,2,0,0.0,0.0,0.0
2020-11-03,ALB,stop_loss,False,Canceled,3,0,0.0,0.0,0.0
2020-11-03,ALB,take_profit,False,Canceled,2,0,0.0,0.0,0.0
2020-11-03,BBY,stop_loss,False,Canceled,3,0,0.0,0.0,0.0
2020-11-03,BBY,take_profit,False,Canceled,2,0,0.0,0.0,0.0
2020-11-03,CNC,stop_loss,False,Canceled,3,0,0.0,0.0,0.0
2020-11-03,CNC,take_profit,False,Canceled,2,0,0.0,0.0,0.0
2020-11-03,IDXX,stop_loss,False,Canceled,3,0,0.0,0.0,0.0
2020-11-03,IDXX,take_profit,False,Canceled,2,0,0.0,0.0,0.0
2020-11-03,POOL,stop_loss,False,Canceled,3,0,0.0,0.0,0.0
2020-11-03,POOL,take_profit,False,Canceled,2,0,0.0,0.0,0.0
2020-11-03,MTD,rebalance_entry,True,Margin,0,0,0.0,0.0,0.0
2020-11-03,NEM,rebalance_entry,True,Margin,0,0,0.0,0.0,0.0
2020-11-03,NTAP,rebalance_entry,True,Margin,0,0,0.0,0.0,0.0
2020-11-03,ORLY,rebalance_entry,True,Margin,0,0,0.0,0.0,0.0
2020-11-03,SPGI,rebalance_entry,True,Margin,0,0,0.0,0.0,0.0
2020-11-03,UPS,rebalance_entry,True,Margin,0,0,0.0,0.0,0.0
2020-11-03,URI,rebalance_entry,True,Margin,0,0,0.0,0.0,0.0
2020-11-03,BEN,rebalance_entry,True,Completed,0,5986,15.2861633126,91502.97358922359,0.0
2020-11-03,CHRW,rebalance_entry,True,Completed,0,1168,77.935842808,91029.064399744,0.0
2020-11-03,CL,rebalance_entry,True,Completed,0,1275,71.0558542418,90596.21415829501,0.0
2020-11-03,CLX,rebalance_entry,True,Completed,0,501,180.1297314682,90244.9954655682,0.0
2020-11-03,EBAY,rebalance_entry,True,Completed,0,2067,43.5865876244,90093.4766196348,0.0
2020-11-03,FIX,rebalance_entry,True,Completed,0,1979,46.4752796745,91974.5784758355,0.0
2020-11-03,GEN,rebalance_entry,True,Completed,0,4843,18.6670939908,90404.7361974444,0.0
2020-11-03,KMB,rebalance_entry,True,Completed,0,819,110.2748805752,90315.1271910888,0.0
2020-11-03,LLY,rebalance_entry,True,Completed,0,725,125.7652819794,91179.829435065,0.0
2020-11-03,LMT,rebalance_entry,True,Completed,0,298,305.4032916864,91010.1809225472,0.0
2020-11-03,LOW,rebalance_entry,True,Completed,0,620,146.7376925681,90977.369392222,0.0
2020-11-03,MCO,rebalance_entry,True,Completed,0,355,256.0035568997,90881.26269939351,0.0
2020-11-04,AAPL,rebalance_exit,False,Completed,0,-770,110.7228677949,84322.923601994,0.0
2020-11-04,ALB,rebalance_exit,False,Completed,0,-1073,91.4019623868,85925.6426781971,0.0
2020-11-04,BBY,rebalance_exit,False,Completed,0,-966,94.6678857667,84840.1427547828,0.0
2020-11-04,CNC,rebalance_exit,False,Completed,0,-1483,64.0,86132.64,0.0
2020-11-04,IDXX,rebalance_exit,False,Completed,0,-220,455.26,85734.0,0.0
2020-11-04,POOL,rebalance_exit,False,Completed,0,-285,342.4849858721,84722.865777618,0.0
2020-11-09,CLX,stop_loss,False,Completed,3,-501,169.6633759429,90244.9954655682,0.0
2020-11-09,CLX,take_profit,False,Canceled,2,0,0.0,0.0,0.0
2020-11-09,GEN,stop_loss,False,Completed,3,-4843,17.73373929126,90404.7361974444,0.0
2020-11-09,GEN,take_profit,False,Canceled,2,0,0.0,0.0,0.0
2020-11-09,LOW,stop_loss,False,Completed,3,-620,139.40080793969497,90977.369392222,0.0
2020-11-09,LOW,take_profit,False,Canceled,2,0,0.0,0.0,0.0
2020-11-10,EBAY,stop_loss,False,Completed,3,-2067,41.40725824318,90093.4766196348,0.0
2020-11-10,EBAY,take_profit,False,Canceled,2,0,0.0,0.0,0.0
2020-12-02,BEN,stop_loss,False,Canceled,3,0,0.0,0.0,0.0
2020-12-02,BEN,take_profit,False,Canceled,2,0,0.0,0.0,0.0
2020-12-02,CHRW,stop_loss,False,Canceled,3,0,0.0,0.0,0.0
2020-12-02,CHRW,take_profit,False,Canceled,2,0,0.0,0.0,0.0
2020-12-02,FIX,stop_loss,False,Canceled,3,0,0.0,0.0,0.0
2020-12-02,FIX,take_profit,False,Canceled,2,0,0.0,0.0,0.0
2020-12-02,LLY,stop_loss,False,Canceled,3,0,0.0,0.0,0.0
2020-12-02,LLY,take_profit,False,Canceled,2,0,0.0,0.0,0.0
2020-12-02,LMT,stop_loss,False,Canceled,3,0,0.0,0.0,0.0
2020-12-02,LMT,take_profit,False,Canceled,2,0,0.0,0.0,0.0
2020-12-02,NRG,stop_loss,False,Canceled,3,0,0.0,0.0,0.0
2020-12-02,NRG,take_profit,False,Canceled,2,0,0.0,0.0,0.0
2020-12-02,NTAP,rebalance_entry,True,Margin,0,0,0.0,0.0,0.0
2020-12-02,ORLY,rebalance_entry,True,Margin,0,0,0.0,0.0,0.0
2020-12-02,QCOM,rebalance_entry,True,Margin,0,0,0.0,0.0,0.0
2020-12-02,SPGI,rebalance_entry,True,Margin,0,0,0.0,0.0,0.0
2020-12-02,SWKS,rebalance_entry,True,Margin,0,0,0.0,0.0,0.0
2020-12-02,TER,rebalance_entry,True,Margin,0,0,0.0,0.0,0.0
2020-12-02,UPS,rebalance_entry,True,Margin,0,0,0.0,0.0,0.0
2020-12-02,AAPL,rebalance_entry,True,Completed,0,774,118.57139778309998,91774.26188411939,0.0
2020-12-02,ABBV,rebalance_entry,True,Completed,0,1097,84.1235210459,92283.50258735231,0.0
2020-12-02,ALGN,rebalance_entry,True,Completed,0,184,496.57000000000005,91368.88,0.0
2020-12-02,AMD,rebalance_entry,True,Completed,0,996,92.89,92518.44,0.0
2020-12-02,CLX,rebalance_entry,True,Completed,0,544,169.1212937842,92001.9838186048,0.0
2020-12-02,EBAY,rebalance_entry,True,Completed,0,2006,46.0204313897,92316.9853677382,0.0
2020-12-02,GEN,rebalance_entry,True,Completed,0,5677,16.2525606749,92265.7869514073,0.0
2020-12-02,IDXX,rebalance_entry,True,Completed,0,197,465.51,91705.47,0.0
2020-12-02,LOW,rebalance_entry,True,Completed,0,665,137.7275626494,91588.829161851,0.0
2020-12-02,MTD,rebalance_entry,True,Completed,0,79,1157.71,91459.09,0.0
2020-12-03,BEN,rebalance_exit,False,Completed,0,-5986,17.4009407935,91502.97358922359,0.0
2020-12-03,CHRW,rebalance_exit,False,Completed,0,-1168,81.1149206898,91029.064399744,0.0
2020-12-03,FIX,rebalance_exit,False,Completed,0,-1979,48.7707910308,91974.5784758355,0.0
2020-12-03,LLY,rebalance_exit,False,Completed,0,-725,137.8341039083,91179.829435065,0.0
2020-12-03,LMT,rebalance_exit,False,Completed,0,-298,311.8764124393,91010.1809225472,0.0
2020-12-03,NRG,rebalance_exit,False,Completed,0,-3347,28.5860748747,86149.2068846378,0.0
2021-01-05,AAPL,stop_loss,False,Canceled,3,0,0.0,0.0,0.0
2021-01-05,AAPL,take_profit,False,Canceled,2,0,0.0,0.0,0.0
2021-01-05,ABBV,stop_loss,False,Canceled,3,0,0.0,0.0,0.0
2021-01-05,ABBV,take_profit,False,Canceled,2,0,0.0,0.0,0.0
2021-01-05,AMD,stop_loss,False,Canceled,3,0,0.0,0.0,0.0
2021-01-05,AMD,take_profit,False,Canceled,2,0,0.0,0.0,0.0
2021-01-05,CLX,stop_loss,False,Canceled,3,0,0.0,0.0,0.0
2021-01-05,CLX,take_profit,False,Canceled,2,0,0.0,0.0,0.0
2021-01-05,EBAY,stop_loss,False,Canceled,3,0,0.0,0.0,0.0
2021-01-05,EBAY,take_profit,False,Canceled,2,0,0.0,0.0,0.0
2021-01-05,MCO,stop_loss,False,Canceled,3,0,0.0,0.0,0.0
2021-01-05,MCO,take_profit,False,Canceled,2,0,0.0,0.0,0.0
2021-01-05,MTD,stop_loss,False,Canceled,3,0,0.0,0.0,0.0
2021-01-05,MTD,take_profit,False,Canceled,2,0,0.0,0.0,0.0
2021-01-05,ORLY,rebalance_entry,True,Margin,0,0,0.0,0.0,0.0
2021-01-05,PYPL,rebalance_entry,True,Margin,0,0,0.0,0.0,0.0
2021-01-05,QCOM,rebalance_entry,True,Margin,0,0,0.0,0.0,0.0
2021-01-05,ROL,rebalance_entry,True,Margin,0,0,0.0,0.0,0.0
2021-01-05,SPGI,rebalance_entry,True,Margin,0,0,0.0,0.0,0.0
2021-01-05,STX,rebalance_entry,True,Margin,0,0,0.0,0.0,0.0
2021-01-05,TTD,rebalance_entry,True,Margin,0,0,0.0,0.0,0.0
2021-01-05,UPS,rebalance_entry,True,Margin,0,0,0.0,0.0,0.0
2021-01-05,COHR,rebalance_entry,True,Completed,0,1235,75.98,93835.3,0.0
2021-01-05,FSLR,rebalance_entry,True,Completed,0,927,97.09,90002.43000000001,0.0
2021-01-05,GNRC,rebalance_entry,True,Completed,0,418,223.17,93285.06,0.0
2021-01-05,MPWR,rebalance_entry,True,Completed,0,267,348.07098717,92934.95357439,0.0
2021-01-05,NRG,rebalance_entry,True,Completed,0,3012,30.836541105900004,92879.6618109708,0.0
2021-01-05,NTAP,rebalance_entry,True,Completed,0,1649,56.5007790322,93169.7846240978,0.0
2021-01-06,AAPL,rebalance_exit,False,Completed,0,-774,124.1103009741,91774.26188411939,0.0
2021-01-06,ABBV,rebalance_exit,False,Completed,0,-1097,84.7301810535,92283.50258735231,0.0
2021-01-06,AMD,rebalance_exit,False,Completed,0,-996,91.62,92518.44,0.0
2021-01-06,CLX,rebalance_exit,False,Completed,0,-544,165.1766036141,92001.9838186048,0.0
2021-01-06,EBAY,rebalance_exit,False,Completed,0,-2006,46.9131475964,92316.9853677382,0.0
2021-01-06,MCO,rebalance_exit,False,Completed,0,-355,268.95623728,90881.26269939351,0.0
2021-01-06,MTD,rebalance_exit,False,Completed,0,-79,1168.59,91459.09,0.0
2021-02-02,COHR,stop_loss,False,Canceled,3,0,0.0,0.0,0.0
2021-02-02,COHR,take_profit,False,Canceled,2,0,0.0,0.0,0.0
2021-02-02,FSLR,stop_loss,False,Canceled,3,0,0.0,0.0,0.0
2021-02-02,FSLR,take_profit,False,Canceled,2,0,0.0,0.0,0.0
2021-02-02,GEN,stop_loss,False,Canceled,3,0,0.0,0.0,0.0
2021-02-02,GEN,take_profit,False,Canceled,2,0,0.0,0.0,0.0
2021-02-02,KMB,stop_loss,False,Canceled,3,0,0.0,0.0,0.0
2021-02-02,KMB,take_profit,False,Canceled,2,0,0.0,0.0,0.0
2021-02-02,NTAP,stop_loss,False,Canceled,3,0,0.0,0.0,0.0
2021-02-02,NTAP,take_profit,False,Canceled,2,0,0.0,0.0,0.0
2021-02-02,NVDA,rebalance_entry,True,Margin,0,0,0.0,0.0,0.0
2021-02-02,ORLY,rebalance_entry,True,Margin,0,0,0.0,0.0,0.0
2021-02-02,QCOM,rebalance_entry,True,Margin,0,0,0.0,0.0,0.0
2021-02-02,SPGI,rebalance_entry,True,Margin,0,0,0.0,0.0,0.0
2021-02-02,SWKS,rebalance_entry,True,Margin,0,0,0.0,0.0,0.0
2021-02-02,TMO,rebalance_entry,True,Margin,0,0,0.0,0.0,0.0
2021-02-02,ABBV,rebalance_entry,True,Completed,0,1150,84.1866952776,96814.69956924,0.0
2021-02-02,AMD,rebalance_entry,True,Completed,0,1098,88.49,97162.01999999999,0.0
2021-02-02,DECK,rebalance_entry,True,Completed,0,1930,51.0,98430.0,0.0
2021-02-02,EBAY,rebalance_entry,True,Completed,0,1808,53.2988012789,96364.2327122512,0.0
2021-02-02,FCX,rebalance_entry,True,Completed,0,3640,26.5160683336,96518.488734304,0.0
2021-02-02,LRCX,rebalance_entry,True,Completed,0,2030,48.4943315725,98443.493092175,0.0
2021-02-02,MTD,rebalance_entry,True,Completed,0,81,1197.04,96960.23999999999,0.0
2021-02-03,COHR,rebalance_exit,False,Completed,0,-1235,88.32,93835.3,0.0
2021-02-03,FSLR,rebalance_exit,False,Completed,0,-927,98.25,90002.43000000001,0.0
2021-02-03,GEN,rebalance_exit,False,Completed,0,-5677,19.5619459715,92265.7869514073,0.0
2021-02-03,KMB,rebalance_exit,False,Completed,0,-819,108.44861083660001,90315.1271910888,0.0
2021-02-03,NTAP,rebalance_exit,False,Completed,0,-1649,57.7740293704,93169.7846240978,0.0
2021-02-11,GNRC,take_profit,False,Completed,2,-418,293.5,93285.06,0.0
2021-02-11,GNRC,stop_loss,False,Canceled,3,0,0.0,0.0,0.0
2021-02-19,FCX,take_profit,False,Completed,2,-3640,34.47088883368,96518.488734304,0.0
2021-02-19,FCX,stop_loss,False,Canceled,3,0,0.0,0.0,0.0
2021-02-22,MTD,stop_loss,False,Completed,3,-81,1137.1879999999999,96960.23999999999,0.0
2021-02-22,MTD,take_profit,False,Canceled,2,0,0.0,0.0,0.0
2021-02-23,AMD,stop_loss,False,Completed,3,-1098,83.4,97162.01999999999,0.0
2021-02-23,AMD,take_profit,False,Canceled,2,0,0.0,0.0,0.0
2021-02-25,CL,stop_loss,False,Completed,3,-1275,67.50306152971,90596.21415829501,0.0
2021-02-25,CL,take_profit,False,Canceled,2,0,0.0,0.0,0.0
2021-03-02,ABBV,stop_loss,False,Canceled,3,0,0.0,0.0,0.0
2021-03-02,ABBV,take_profit,False,Canceled,2,0,0.0,0.0,0.0
2021-03-02,DECK,stop_loss,False,Canceled,3,0,0.0,0.0,0.0
2021-03-02,DECK,take_profit,False,Canceled,2,0,0.0,0.0,0.0
2021-03-02,LRCX,stop_loss,False,Canceled,3,0,0.0,0.0,0.0
2021-03-02,LRCX,take_profit,False,Canceled,2,0,0.0,0.0,0.0
2021-03-02,MPWR,stop_loss,False,Canceled,3,0,0.0,0.0,0.0
2021-03-02,MPWR,take_profit,False,Canceled,2,0,0.0,0.0,0.0
2021-03-02,NRG,stop_loss,False,Canceled,3,0,0.0,0.0,0.0
2021-03-02,NRG,take_profit,False,Canceled,2,0,0.0,0.0,0.0
2021-03-02,PYPL,rebalance_entry,True,Margin,0,0,0.0,0.0,0.0
2021-03-02,TER,rebalance_entry,True,Margin,0,0,0.0,0.0,0.0
2021-03-02,TTD,rebalance_entry,True,Margin,0,0,0.0,0.0,0.0
2021-03-02,WBD,rebalance_entry,True,Margin,0,0,0.0,0.0,0.0
2021-03-02,WSM,rebalance_entry,True,Margin,0,0,0.0,0.0,0.0
2021-03-02,XYZ,rebalance_entry,True,Margin,0,0,0.0,0.0,0.0
2021-03-02,AAPL,rebalance_entry,True,Completed,0,804,124.9678432441,100474.1459682564,0.0
2021-03-02,BG,rebalance_entry,True,Completed,0,1472,68.1777331305,100357.623168096,0.0
2021-03-02,BLDR,rebalance_entry,True,Completed,0,2232,44.62,99591.84,0.0
2021-03-02,COHR,rebalance_entry,True,Completed,0,1153,87.84,101279.52,0.0
2021-03-02,FCX,rebalance_entry,True,Completed,0,3060,32.7865701771,100326.90474192602,0.0
2021-03-02,GNRC,rebalance_entry,True,Completed,0,289,345.9,99965.09999999999,0.0
2021-03-02,MTD,rebalance_entry,True,Completed,0,88,1138.62,100198.56,0.0
2021-03-02,NTAP,rebalance_entry,True,Completed,0,1735,57.2435868666,99317.62321355099,0.0
2021-03-02,ON,rebalance_entry,True,Completed,0,2368,42.35,100284.8,0.0
2021-03-02,ORLY,rebalance_entry,True,Completed,0,3327,30.029999999999998,99909.81,0.0
2021-03-03,EBAY,stop_loss,False,Completed,3,-1808,50.633861214955,96364.2327122512,0.0
2021-03-03,EBAY,take_profit,False,Canceled,2,0,0.0,0.0,0.0
2021-03-03,AAPL,stop_loss,False,Completed,3,-804,118.71945108189499,100474.1459682564,0.0
2021-03-03,AAPL,take_profit,False,Canceled,2,0,0.0,0.0,0.0
2021-03-03,COHR,stop_loss,False,Completed,3,-1153,83.448,101279.52,0.0
2021-03-03,COHR,take_profit,False,Canceled,2,0,0.0,0.0,0.0
2021-03-03,GNRC,stop_loss,False,Completed,3,-289,328.60499999999996,99965.09999999999,0.0
2021-03-03,GNRC,take_profit,False,Canceled,2,0,0.0,0.0,0.0
2021-03-03,ON,stop_loss,False,Completed,3,-2368,40.2325,100284.8,0.0
2021-03-03,ON,take_profit,False,Canceled,2,0,0.0,0.0,0.0
2021-03-03,ABBV,rebalance_exit,False,Completed,0,-1150,87.4435289402,96814.69956924,0.0
2021-03-03,DECK,rebalance_exit,False,Completed,0,-1930,54.4366666667,98430.0,0.0
2021-03-03,LRCX,rebalance_exit,False,Completed,0,-2030,54.0061263318,98443.493092175,0.0
2021-03-03,MPWR,rebalance_exit,False,Completed,0,-267,356.4950097892,92934.95357439,0.0
2021-03-03,NRG,rebalance_exit,False,Completed,0,-3012,33.9786451269,92879.6618109708,0.0
2021-03-04,BG,stop_loss,False,Completed,3,-1472,64.768846473975,100357.623168096,0.0
2021-03-04,BG,take_profit,False,Canceled,2,0,0.0,0.0,0.0
2021-03-04,BLDR,stop_loss,False,Completed,3,-2232,42.388999999999996,99591.84,0.0
2021-03-04,BLDR,take_profit,False,Canceled,2,0,0.0,0.0,0.0
2021-03-04,FCX,stop_loss,False,Completed,3,-3060,31.147241668245005,100326.90474192602,0.0
2021-03-04,FCX,take_profit,False,Canceled,2,0,0.0,0.0,0.0
2021-03-04,MTD,stop_loss,False,Completed,3,-88,1081.6889999999999,100198.56,0.0
2021-03-04,MTD,take_profit,False,Canceled,2,0,0.0,0.0,0.0
2021-03-04,NTAP,stop_loss,False,Completed,3,-1735,54.38140752326999,99317.62321355099,0.0
2021-03-04,NTAP,take_profit,False,Canceled,2,0,0.0,0.0,0.0
2021-04-05,IDXX,stop_loss,False,Canceled,3,0,0.0,0.0,0.0
2021-04-05,IDXX,take_profit,False,Canceled,2,0,0.0,0.0,0.0
2021-04-05,LOW,stop_loss,False,Canceled,3,0,0.0,0.0,0.0
2021-04-05,LOW,take_profit,False,Canceled,2,0,0.0,0.0,0.0
2021-04-05,TTD,rebalance_entry,True,Margin,0,0,0.0,0.0,0.0
2021-04-05,WBD,rebalance_entry,True,Margin,0,0,0.0,0.0,0.0
2021-04-05,XYZ,rebalance_entry,True,Margin,0,0,0.0,0.0,0.0
2021-04-05,ADSK,rebalance_entry,True,Completed,0,343,285.74,98008.82,0.0
2021-04-05,APTV,rebalance_entry,True,Completed,0,693,142.0,98406.0,0.0
2021-04-05,BLDR,rebalance_entry,True,Completed,0,2060,48.71,100342.6,0.0
2021-04-05,CL,rebalance_entry,True,Completed,0,1406,69.5562302353,97796.0597108318,0.0
2021-04-05,COHR,rebalance_entry,True,Completed,0,1367,72.31,98847.77,0.0
2021-04-05,FCX,rebalance_entry,True,Completed,0,3084,32.5522464909,100391.1281779356,0.0
2021-04-05,GNRC,rebalance_entry,True,Completed,0,301,327.0,98427.0,0.0
2021-04-05,HD,rebalance_entry,True,Completed,0,358,274.0953894422,98126.14942030759,0.0
2021-04-05,KMB,rebalance_entry,True,Completed,0,858,114.3236678964,98089.7070551112,0.0
2021-04-05,ON,rebalance_entry,True,Completed,0,2275,43.33,98575.75,0.0
2021-04-05,SPGI,rebalance_entry,True,Completed,0,281,347.6853621847,97699.58677390071,0.0
2021-04-05,TER,rebalance_entry,True,Completed,0,773,127.9317574726,98891.2485263198,0.0
2021-04-05,TPL,rebalance_entry,True,Completed,0,583,168.0062619971,97947.6507443093,0.0
2021-04-05,TPR,rebalance_entry,True,Completed,0,2700,36.6783377859,99031.51202193,0.0
2021-04-05,TRGP,rebalance_entry,True,Completed,0,3379,28.8486773805,97479.6808687095,0.0
2021-04-06,IDXX,rebalance_exit,False,Completed,0,-197,493.21,91705.47,0.0
2021-04-06,LOW,rebalance_exit,False,Completed,0,-665,174.9318605792,91588.829161851,0.0
2021-04-08,BLDR,stop_loss,False,Completed,3,-2060,46.274499999999996,100342.6,0.0
2021-04-08,BLDR,take_profit,False,Canceled,2,0,0.0,0.0,0.0
2021-04-19,ON,stop_loss,False,Completed,3,-2275,41.1635,98575.75,0.0
2021-04-19,ON,take_profit,False,Canceled,2,0,0.0,0.0,0.0
2021-04-20,APTV,stop_loss,False,Completed,3,-693,134.9,98406.0,0.0
2021-04-20,APTV,take_profit,False,Canceled,2,0,0.0,0.0,0.0
2021-04-20,GNRC,stop_loss,False,Completed,3,-301,310.65,98427.0,0.0
2021-04-20,GNRC,take_profit,False,Canceled,2,0,0.0,0.0,0.0
2021-04-20,TER,stop_loss,False,Completed,3,-773,121.53516959896999,98891.2485263198,0.0
2021-04-20,TER,take_profit,False,Canceled,2,0,0.0,0.0,0.0
2021-04-20,TPL,stop_loss,False,Completed,3,-583,159.605948897245,97947.6507443093,0.0
2021-04-20,TPL,take_profit,False,Canceled,2,0,0.0,0.0,0.0
2021-04-26,KMB,stop_loss,False,Completed,3,-858,108.60748450157999,98089.7070551112,0.0
2021-04-26,KMB,take_profit,False,Canceled,2,0,0.0,0.0,0.0
2021-04-29,ALGN,take_profit,False,Completed,2,-184,645.541,91368.88,0.0
2021-04-29,ALGN,stop_loss,False,Canceled,3,0,0.0,0.0,0.0
2021-04-30,COHR,stop_loss,False,Completed,3,-1367,68.6945,98847.77,0.0
2021-04-30,COHR,take_profit,False,Canceled,2,0,0.0,0.0,0.0
2021-05-04,TPR,stop_loss,False,Canceled,3,0,0.0,0.0,0.0
2021-05-04,TPR,take_profit,False,Canceled,2,0,0.0,0.0,0.0
2021-05-04,TRGP,stop_loss,False,Canceled,3,0,0.0,0.0,0.0
2021-05-04,TRGP,take_profit,False,Canceled,2,0,0.0,0.0,0.0
2021-05-04,MAS,rebalance_entry,True,Margin,0,0,0.0,0.0,0.0
2021-05-04,ON,rebalance_entry,True,Margin,0,0,0.0,0.0,0.0
2021-05-04,WSM,rebalance_entry,True,Margin,0,0,0.0,0.0,0.0
2021-05-04,ALB,rebalance_entry,True,Completed,0,640,154.040798938,98586.11132032,0.0
2021-05-04,ALGN,rebalance_entry,True,Completed,0,166,594.18,98633.87999999999,0.0
2021-05-04,AMAT,rebalance_entry,True,Completed,0,787,124.3942174478,97898.2491314186,0.0
2021-05-04,BLDR,rebalance_entry,True,Completed,0,2030,48.77,99003.1,0.0
2021-05-04,F,rebalance_entry,True,Completed,0,11029,8.9975083192,99233.5192524568,0.0
2021-05-04,FIX,rebalance_entry,True,Completed,0,1206,82.9351969823,100019.8475606538,0.0
2021-05-04,FTNT,rebalance_entry,True,Completed,0,2463,40.628,100066.764,0.0
2021-05-04,GM,rebalance_entry,True,Completed,0,1819,54.4420626544,99030.1119683536,0.0
2021-05-04,GNRC,rebalance_entry,True,Completed,0,307,319.96,98227.71999999999,0.0
2021-05-04,KMB,rebalance_entry,True,Completed,0,894,112.3147855532,100409.4182845608,0.0
2021-05-04,LOW,rebalance_entry,True,Completed,0,552,180.7341649321,99765.25904251919,0.0
2021-05-05,TPR,rebalance_exit,False,Completed,0,-2700,42.6695147483,99031.51202193,0.0
2021-05-05,TRGP,rebalance_exit,False,Completed,0,-3379,32.478085336,97479.6808687095,0.0
2021-05-06,ALB,stop_loss,False,Completed,3,-640,146.33875899109998,98586.11132032,0.0
2021-05-06,ALB,take_profit,False,Canceled,2,0,0.0,0.0,0.0
2021-05-06,ALGN,stop_loss,False,Completed,3,-166,564.4709999999999,98633.87999999999,0.0
2021-05-06,ALGN,take_profit,False,Canceled,2,0,0.0,0.0,0.0
2021-05-10,FCX,take_profit,False,Completed,2,-3084,42.317920438170006,100391.1281779356,0.0
2021-05-10,FCX,stop_loss,False,Canceled,3,0,0.0,0.0,0.0
2021-05-11,ADSK,stop_loss,False,Completed,3,-343,269.0,98008.82,0.0
2021-05-11,ADSK,take_profit,False,Canceled,2,0,0.0,0.0,0.0
2021-05-11,AMAT,stop_loss,False,Completed,3,-787,114.8342648952,97898.2491314186,0.0
2021-05-11,AMAT,take_profit,False,Canceled,2,0,0.0,0.0,0.0
2021-05-11,GNRC,stop_loss,False,Completed,3,-307,293.99,98227.71999999999,0.0
2021-05-11,GNRC,take_profit,False,Canceled,2,0,0.0,0.0,0.0
2021-05-12,FIX,stop_loss,False,Completed,3,-1206,78.788437133185,100019.8475606538,0.0
2021-05-12,FIX,take_profit,False,Canceled,2,0,0.0,0.0,0.0
2021-05-12,GM,stop_loss,False,Completed,3,-1819,51.719959521679996,99030.1119683536,0.0
2021-05-12,GM,take_profit,False,Canceled,2,0,0.0,0.0,0.0
2021-05-17,BLDR,stop_loss,False,Completed,3,-2030,46.3315,99003.1,0.0
2021-05-17,BLDR,take_profit,False,Canceled,2,0,0.0,0.0,0.0
2021-05-19,LOW,stop_loss,False,Completed,3,-552,171.69745668549498,99765.25904251919,0.0
2021-05-19,LOW,take_profit,False,Canceled,2,0,0.0,0.0,0.0
2021-05-27,F,take_profit,False,Completed,2,-11029,11.69676081496,99233.5192524568,0.0
2021-05-27,F,stop_loss,False,Canceled,3,0,0.0,0.0,0.0
2021-06-02,FTNT,stop_loss,False,Canceled,3,0,0.0,0.0,0.0
2021-06-02,FTNT,take_profit,False,Canceled,2,0,0.0,0.0,0.0
2021-06-02,UPS,rebalance_entry,True,Margin,0,0,0.0,0.0,0.0
2021-06-02,WAT,rebalance_entry,True,Margin,0,0,0.0,0.0,0.0
2021-06-02,ADSK,rebalance_entry,True,Completed,0,353,280.84,99136.51999999999,0.0
2021-06-02,CINF,rebalance_entry,True,Completed,0,923,107.9882295574,99673.13588148021,0.0
2021-06-02,CRL,rebalance_entry,True,Completed,0,298,331.58,98810.84,0.0
2021-06-02,DE,rebalance_entry,True,Completed,0,291,341.3180944448,99323.5654834368,0.0
2021-06-02,FCX,rebalance_entry,True,Completed,0,2395,41.3261539224,98976.13864414801,0.0
2021-06-02,FIX,rebalance_entry,True,Completed,0,1202,82.2977639672,98921.9122885744,0.0
2021-06-02,LOW,rebalance_entry,True,Completed,0,570,174.9128329967,99700.314808119,0.0
2021-06-02,LRCX,rebalance_entry,True,Completed,0,1616,61.4310834742,99272.6308943072,0.0
2021-06-02,MAS,rebalance_entry,True,Completed,0,1800,55.294078436700005,99529.34118606,0.0
2021-06-02,MOS,rebalance_entry,True,Completed,0,2992,33.5757972385,100458.78533759201,0.0
2021-06-02,NUE,rebalance_entry,True,Completed,0,969,102.2758527102,99105.3012761838,0.0
2021-06-02,STLD,rebalance_entry,True,Completed,0,1666,59.70227003139999,99463.98187231239,0.0
2021-06-02,TPL,rebalance_entry,True,Completed,0,635,155.634606846,98827.97534721,0.0
2021-06-03,FCX,stop_loss,False,Completed,3,-2395,39.259846226280004,98976.13864414801,0.0
2021-06-03,FCX,take_profit,False,Canceled,2,0,0.0,0.0,0.0
2021-06-03,NUE,stop_loss,False,Completed,3,-969,96.4280760647,99105.3012761838,0.0
2021-06-03,NUE,take_profit,False,Canceled,2,0,0.0,0.0,0.0
2021-06-03,FTNT,rebalance_exit,False,Completed,0,-2463,43.0,100066.764,0.0
2021-06-04,MOS,stop_loss,False,Completed,3,-2992,31.897007376575,100458.78533759201,0.0
2021-06-04,MOS,take_profit,False,Canceled,2,0,0.0,0.0,0.0
2021-06-10,DE,stop_loss,False,Completed,3,-291,324.25218972256,99323.5654834368,0.0
2021-06-10,DE,take_profit,False,Canceled,2,0,0.0,0.0,0.0
2021-06-16,STLD,stop_loss,False,Completed,3,-1666,56.717156529829985,99463.98187231239,0.0
2021-06-16,STLD,take_profit,False,Canceled,2,0,0.0,0.0,0.0
2021-06-18,CINF,stop_loss,False,Completed,3,-923,102.13853504149999,99673.13588148021,0.0
2021-06-18,CINF,take_profit,False,Canceled,2,0,0.0,0.0,0.0
2021-06-18,FIX,stop_loss,False,Completed,3,-1202,78.0404768551,98921.9122885744,0.0
2021-06-18,FIX,take_profit,False,Canceled,2,0,0.0,0.0,0.0
2021-06-18,LRCX,stop_loss,False,Completed,3,-1616,58.359529300489996,99272.6308943072,0.0
2021-06-18,LRCX,take_profit,False,Canceled,2,0,0.0,0.0,0.0
2021-06-23,MAS,stop_loss,False,Completed,3,-1800,52.52937451486501,99529.34118606,0.0
2021-06-23,MAS,take_profit,False,Canceled,2,0,0.0,0.0,0.0
2021-07-02,ADSK,stop_loss,False,Canceled,3,0,0.0,0.0,0.0
2021-07-02,ADSK,take_profit,False,Canceled,2,0,0.0,0.0,0.0
2021-07-02,CRL,stop_loss,False,Canceled,3,0,0.0,0.0,0.0
2021-07-02,CRL,take_profit,False,Canceled,2,0,0.0,0.0,0.0
2021-07-02,LOW,stop_loss,False,Canceled,3,0,0.0,0.0,0.0
2021-07-02,LOW,take_profit,False,Canceled,2,0,0.0,0.0,0.0
2021-07-02,STLD,rebalance_entry,True,Margin,0,0,0.0,0.0,0.0
2021-07-02,SYF,rebalance_entry,True,Margin,0,0,0.0,0.0,0.0
2021-07-02,TPR,rebalance_entry,True,Margin,0,0,0.0,0.0,0.0
2021-07-02,WAT,rebalance_entry,True,Margin,0,0,0.0,0.0,0.0
2021-07-02,APA,rebalance_entry,True,Completed,0,5261,18.7893272498,98850.6506611978,0.0
2021-07-02,CF,rebalance_entry,True,Completed,0,2112,47.0792404021,99431.35572923519,0.0
2021-07-02,COF,rebalance_entry,True,Completed,0,695,143.9233148021,100026.70378745951,0.0
2021-07-02,DVN,rebalance_entry,True,Completed,0,4170,23.8318424695,99378.783097815,0.0
2021-07-02,FCX,rebalance_entry,True,Completed,0,2862,35.1084462186,100480.37307763321,0.0
2021-07-02,GM,rebalance_entry,True,Completed,0,1752,56.9066370204,99700.42805974079,0.0
2021-07-02,IVZ,rebalance_entry,True,Completed,0,4651,21.4561088352,99792.3621925152,0.0
2021-07-02,MAS,rebalance_entry,True,Completed,0,1860,53.580663776,99660.03462336,0.0
2021-07-02,MOS,rebalance_entry,True,Completed,0,3536,28.2001213795,99715.629197912,0.0
2021-07-02,NUE,rebalance_entry,True,Completed,0,1108,90.3350820144,100091.2708719552,0.0
2021-07-06,APA,stop_loss,False,Completed,3,-5261,17.849860887309998,98850.6506611978,0.0
2021-07-06,APA,take_profit,False,Canceled,2,0,0.0,0.0,0.0
2021-07-06,CF,stop_loss,False,Completed,3,-2112,44.725278381995,99431.35572923519,0.0
2021-07-06,CF,take_profit,False,Canceled,2,0,0.0,0.0,0.0
2021-07-06,DVN,stop_loss,False,Completed,3,-4170,22.640250346025,99378.783097815,0.0
2021-07-06,DVN,take_profit,False,Canceled,2,0,0.0,0.0,0.0
2021-07-06,MOS,stop_loss,False,Completed,3,-3536,26.790115310525,99715.629197912,0.0
2021-07-06,MOS,take_profit,False,Canceled,2,0,0.0,0.0,0.0
2021-07-06,NUE,stop_loss,False,Completed,3,-1108,85.81832791368,100091.2708719552,0.0
2021-07-06,NUE,take_profit,False,Canceled,2,0,0.0,0.0,0.0
2021-07-06,ADSK,rebalance_exit,False,Completed,0,-353,298.19,99136.51999999999,0.0
2021-07-06,CRL,rebalance_exit,False,Completed,0,-298,374.99,98810.84,0.0
2021-07-06,LOW,rebalance_exit,False,Completed,0,-570,178.0963738989,99700.314808119,0.0
2021-07-07,ORLY,take_profit,False,Completed,2,-3327,39.039,99909.81,0.0
2021-07-07,ORLY,stop_loss,False,Canceled,3,0,0.0,0.0,0.0
2021-07-07,FCX,stop_loss,False,Completed,3,-2862,33.35302390767,100480.37307763321,0.0
2021-07-07,FCX,take_profit,False,Canceled,2,0,0.0,0.0,0.0
2021-07-07,GM,stop_loss,False,Completed,3,-1752,54.06130516938,99700.42805974079,0.0
2021-07-07,GM,take_profit,False,Canceled,2,0,0.0,0.0,0.0
2021-07-07,IVZ,stop_loss,False,Completed,3,-4651,20.38330339344,99792.3621925152,0.0
2021-07-07,IVZ,take_profit,False,Canceled,2,0,0.0,0.0,0.0
2021-07-08,COF,stop_loss,False,Completed,3,-695,136.727149061995,100026.70378745951,0.0
2021-07-08,COF,take_profit,False,Canceled,2,0,0.0,0.0,0.0
2021-07-16,TPL,stop_loss,False,Completed,3,-635,147.8528765037,98827.97534721,0.0
2021-07-16,TPL,take_profit,False,Canceled,2,0,0.0,0.0,0.0
2021-08-03,WAT,rebalance_entry,True,Margin,0,0,0.0,0.0,0.0
2021-08-03,AMAT,rebalance_entry,True,Completed,0,715,136.6430980549,97699.81510925351,0.0
2021-08-03,COF,rebalance_entry,True,Completed,0,666,146.9806585218,97889.11857551879,0.0
2021-08-03,GDDY,rebalance_entry,True,Completed,0,1145,85.02,97347.9,0.0
2021-08-03,GNRC,rebalance_entry,True,Completed,0,243,403.12,97958.16,0.0
2021-08-03,IVZ,rebalance_entry,True,Completed,0,5013,19.530866589,97908.234210657,0.0
2021-08-03,KLAC,rebalance_entry,True,Completed,0,296,330.2050071416,97740.6821139136,0.0
2021-08-03,LOW,rebalance_entry,True,Completed,0,558,174.9761153524,97636.6723666392,0.0
2021-08-03,NTAP,rebalance_entry,True,Completed,0,1357,71.9180016123,97592.7281878911,0.0
2021-08-03,ORLY,rebalance_entry,True,Completed,0,2430,40.1993333333,97684.379999919,0.0
2021-08-03,SPG,rebalance_entry,True,Completed,0,996,99.84907305400002,99449.67676178401,0.0
2021-08-03,TPL,rebalance_entry,True,Completed,0,629,153.6273378914,96631.5955336906,0.0
2021-08-03,TPR,rebalance_entry,True,Completed,0,2611,37.6739304282,98366.63234803021,0.0
2021-08-03,UPS,rebalance_entry,True,Completed,0,635,152.6590352199,96938.4873646365,0.0
2021-08-03,URI,rebalance_entry,True,Completed,0,309,315.9500801508,97628.57476659719,0.0
2021-08-05,GDDY,stop_loss,False,Completed,3,-1145,75.0,97347.9,0.0
2021-08-05,GDDY,take_profit,False,Canceled,2,0,0.0,0.0,0.0
2021-08-10,AMAT,stop_loss,False,Completed,3,-715,129.810943152155,97699.81510925351,0.0
2021-08-10,AMAT,take_profit,False,Canceled,2,0,0.0,0.0,0.0
2021-08-12,KLAC,stop_loss,False,Completed,3,-296,313.69475678452,97740.6821139136,0.0
2021-08-12,KLAC,take_profit,False,Canceled,2,0,0.0,0.0,0.0
2021-08-18,TPL,stop_loss,False,Completed,3,-629,145.94597099683,96631.5955336906,0.0
2021-08-18,TPL,take_profit,False,Canceled,2,0,0.0,0.0,0.0
2021-08-19,IVZ,stop_loss,False,Completed,3,-5013,18.55432325955,97908.234210657,0.0
2021-08-19,IVZ,take_profit,False,Canceled,2,0,0.0,0.0,0.0
2021-08-19,TPR,stop_loss,False,Completed,3,-2611,35.6386923718,98366.63234803021,0.0
2021-08-19,TPR,take_profit,False,Canceled,2,0,0.0,0.0,0.0
2021-09-02,GNRC,stop_loss,False,Canceled,3,0,0.0,0.0,0.0
2021-09-02,GNRC,take_profit,False,Canceled,2,0,0.0,0.0,0.0
2021-09-02,NTAP,stop_loss,False,Canceled,3,0,0.0,0.0,0.0
2021-09-02,NTAP,take_profit,False,Canceled,2,0,0.0,0.0,0.0
2021-09-02,SPG,stop_loss,False,Canceled,3,0,0.0,0.0,0.0
2021-09-02,SPG,take_profit,False,Canceled,2,0,0.0,0.0,0.0
2021-09-02,UPS,stop_loss,False,Canceled,3,0,0.0,0.0,0.0
2021-09-02,UPS,take_profit,False,Canceled,2,0,0.0,0.0,0.0
2021-09-02,URI,stop_loss,False,Canceled,3,0,0.0,0.0,0.0
2021-09-02,URI,take_profit,False,Canceled,2,0,0.0,0.0,0.0
2021-09-02,NRG,rebalance_entry,True,Margin,0,0,0.0,0.0,0.0
2021-09-02,STX,rebalance_entry,True,Margin,0,0,0.0,0.0,0.0
2021-09-02,SYF,rebalance_entry,True,Margin,0,0,0.0,0.0,0.0
2021-09-02,TPR,rebalance_entry,True,Margin,0,0,0.0,0.0,0.0
2021-09-02,WAT,rebalance_entry,True,Margin,0,0,0.0,0.0,0.0
2021-09-02,WDC,rebalance_entry,True,Margin,0,0,0.0,0.0,0.0
2021-09-02,ADSK,rebalance_entry,True,Completed,0,323,306.5,98999.5,0.0
2021-09-02,ALGN,rebalance_entry,True,Completed,0,136,721.59,98136.24,0.0
2021-09-02,BX,rebalance_entry,True,Completed,0,906,108.7409827079,98519.3303333574,0.0
2021-09-02,DECK,rebalance_entry,True,Completed,0,1412,69.4016666667,97995.1533333804,0.0
2021-09-02,IT,rebalance_entry,True,Completed,0,316,310.98,98269.68000000001,0.0
2021-09-02,IVZ,rebalance_entry,True,Completed,0,4863,20.255790811,98503.910713893,0.0
2021-09-03,ADSK,stop_loss,False,Completed,3,-323,286.7,98999.5,0.0
2021-09-03,ADSK,take_profit,False,Canceled,2,0,0.0,0.0,0.0
2021-09-03,GNRC,rebalance_exit,False,Completed,0,-243,451.51,97958.16,0.0
2021-09-03,NTAP,rebalance_exit,False,Completed,0,-1357,80.5216614591,97592.7281878911,0.0
2021-09-03,SPG,rebalance_exit,False,Completed,0,-996,105.4069949436,99449.67676178401,0.0
2021-09-03,UPS,rebalance_exit,False,Completed,0,-635,158.2473179912,96938.4873646365,0.0
2021-09-03,URI,rebalance_exit,False,Completed,0,-309,339.4855601975,97628.57476659719,0.0
2021-09-20,BX,stop_loss,False,Completed,3,-906,103.30393357250499,98519.3303333574,0.0
2021-09-20,BX,take_profit,False,Canceled,2,0,0.0,0.0,0.0
2021-09-20,IVZ,stop_loss,False,Completed,3,-4863,19.243001270449998,98503.910713893,0.0
2021-09-20,IVZ,take_profit,False,Canceled,2,0,0.0,0.0,0.0
2021-09-24,DECK,stop_loss,False,Completed,3,-1412,65.931583333365,97995.1533333804,0.0
2021-09-24,DECK,take_profit,False,Canceled,2,0,0.0,0.0,0.0
2021-09-28,MAS,stop_loss,False,Completed,3,-1860,50.901630587199996,99660.03462336,0.0
2021-09-28,MAS,take_profit,False,Canceled,2,0,0.0,0.0,0.0
2021-09-28,ALGN,stop_loss,False,Completed,3,-136,685.5105,98136.24,0.0
2021-09-28,ALGN,take_profit,False,Canceled,2,0,0.0,0.0,0.0
2021-10-04,COF,stop_loss,False,Canceled,3,0,0.0,0.0,0.0
2021-10-04,COF,take_profit,False,Canceled,2,0,0.0,0.0,0.0
2021-10-04,KMB,stop_loss,False,Canceled,3,0,0.0,0.0,0.0
2021-10-04,KMB,take_profit,False,Canceled,2,0,0.0,0.0,0.0
2021-10-04,NTAP,rebalance_entry,True,Margin,0,0,0.0,0.0,0.0
2021-10-04,STX,rebalance_entry,True,Margin,0,0,0.0,0.0,0.0
2021-10-04,WAT,rebalance_entry,True,Margin,0,0,0.0,0.0,0.0
2021-10-04,AMAT,rebalance_entry,True,Completed,0,775,122.5998189634,95014.859696635,0.0
2021-10-04,APA,rebalance_entry,True,Completed,0,5092,19.3300067394,98428.39431702481,0.0
2021-10-04,BX,rebalance_entry,True,Completed,0,979,95.7633147248,93752.2851155792,0.0
2021-10-04,COR,rebalance_entry,True,Completed,0,850,113.13638256240002,96165.92517804001,0.0
2021-10-04,EBAY,rebalance_entry,True,Completed,0,1496,63.7848436062,95422.1260348752,0.0
2021-10-04,FTNT,rebalance_entry,True,Completed,0,1612,58.508,94314.89600000001,0.0
2021-10-04,GNRC,rebalance_entry,True,Completed,0,237,404.26,95809.62,0.0
2021-10-04,KLAC,rebalance_entry,True,Completed,0,300,316.8472937207,95054.18811621,0.0
2021-10-04,LRCX,rebalance_entry,True,Completed,0,1770,53.920350727300004,95439.020787321,0.0
2021-10-04,MAS,rebalance_entry,True,Completed,0,1880,50.8830745538,95660.180161144,0.0
2021-10-04,MTD,rebalance_entry,True,Completed,0,69,1386.57,95673.33,0.0
2021-10-05,COF,rebalance_exit,False,Completed,0,-666,154.5057417225,97889.11857551879,0.0
2021-10-05,KMB,rebalance_exit,False,Completed,0,-894,111.11599536310001,100409.4182845608,0.0
2021-10-21,LRCX,stop_loss,False,Completed,3,-1770,51.22433319093499,95439.020787321,0.0
2021-10-21,LRCX,take_profit,False,Canceled,2,0,0.0,0.0,0.0
2021-10-26,SPGI,take_profit,False,Completed,2,-281,451.99097084011004,97699.58677390071,0.0
2021-10-26,SPGI,stop_loss,False,Canceled,3,0,0.0,0.0,0.0
2021-11-02,AMAT,stop_loss,False,Canceled,3,0,0.0,0.0,0.0
2021-11-02,AMAT,take_profit,False,Canceled,2,0,0.0,0.0,0.0
2021-11-02,FTNT,stop_loss,False,Canceled,3,0,0.0,0.0,0.0
2021-11-02,FTNT,take_profit,False,Canceled,2,0,0.0,0.0,0.0
2021-11-02,GNRC,stop_loss,False,Canceled,3,0,0.0,0.0,0.0
2021-11-02,GNRC,take_profit,False,Canceled,2,0,0.0,0.0,0.0
2021-11-02,KLAC,stop_loss,False,Canceled,3,0,0.0,0.0,0.0
2021-11-02,KLAC,take_profit,False,Canceled,2,0,0.0,0.0,0.0
2021-11-02,MAS,stop_loss,False,Canceled,3,0,0.0,0.0,0.0
2021-11-02,MAS,take_profit,False,Canceled,2,0,0.0,0.0,0.0
2021-11-02,MTD,stop_loss,False,Canceled,3,0,0.0,0.0,0.0
2021-11-02,MTD,take_profit,False,Canceled,2,0,0.0,0.0,0.0
2021-11-02,NTAP,rebalance_entry,True,Margin,0,0,0.0,0.0,0.0
2021-11-02,ORCL,rebalance_entry,True,Margin,0,0,0.0,0.0,0.0
2021-11-02,STLD,rebalance_entry,True,Margin,0,0,0.0,0.0,0.0
2021-11-02,STX,rebalance_entry,True,Margin,0,0,0.0,0.0,0.0
2021-11-02,TPL,rebalance_entry,True,Margin,0,0,0.0,0.0,0.0
2021-11-02,TRGP,rebalance_entry,True,Margin,0,0,0.0,0.0,0.0
2021-11-02,WAT,rebalance_entry,True,Margin,0,0,0.0,0.0,0.0
2021-11-02,APO,rebalance_entry,True,Completed,0,1508,69.1424696083,104266.8441693164,0.0
2021-11-02,COF,rebalance_entry,True,Completed,0,745,140.8458457087,104930.15505298151,0.0
2021-11-02,DVN,rebalance_entry,True,Completed,0,3075,33.9112732688,104277.16530156,0.0
2021-11-02,KMB,rebalance_entry,True,Completed,0,953,110.3645270054,105177.39423614621,0.0
2021-11-03,BX,take_profit,False,Completed,2,-979,124.49230914224,93752.2851155792,0.0
2021-11-03,BX,stop_loss,False,Canceled,3,0,0.0,0.0,0.0
2021-11-03,AMAT,rebalance_exit,False,Completed,0,-775,135.8336079758,95014.859696635,0.0
2021-11-03,FTNT,rebalance_exit,False,Completed,0,-1612,66.012,94314.89600000001,0.0
2021-11-03,GNRC,rebalance_exit,False,Completed,0,-237,478.01,95809.62,0.0
2021-11-03,KLAC,rebalance_exit,False,Completed,0,-300,372.0656526288,95054.18811621,0.0
2021-11-03,MAS,rebalance_exit,False,Completed,0,-1880,58.5768296239,95660.180161144,0.0
2021-11-03,MTD,rebalance_exit,False,Completed,0,-69,1470.48,95673.33,0.0
2021-11-04,APA,take_profit,False,Completed,2,-5092,25.129008761220003,98428.39431702481,0.0
2021-11-04,APA,stop_loss,False,Canceled,3,0,0.0,0.0,0.0
2021-11-17,HD,take_profit,False,Completed,2,-358,356.32400627486,98126.14942030759,0.0
2021-11-17,HD,stop_loss,False,Canceled,3,0,0.0,0.0,0.0
2021-11-17,LOW,take_profit,False,Completed,2,-558,229.1707565064,97636.6723666392,0.0
2021-11-17,LOW,stop_loss,False,Canceled,3,0,0.0,0.0,0.0
2021-11-26,APO,stop_loss,False,Completed,3,-1508,65.685346127885,104266.8441693164,0.0
2021-11-26,APO,take_profit,False,Canceled,2,0,0.0,0.0,0.0
2021-11-26,COF,stop_loss,False,Completed,3,-745,133.80355342326501,104930.15505298151,0.0
2021-11-26,COF,take_profit,False,Canceled,2,0,0.0,0.0,0.0
2021-12-02,COR,stop_loss,False,Canceled,3,0,0.0,0.0,0.0
2021-12-02,COR,take_profit,False,Canceled,2,0,0.0,0.0,0.0
2021-12-02,EBAY,stop_loss,False,Canceled,3,0,0.0,0.0,0.0
2021-12-02,EBAY,take_profit,False,Canceled,2,0,0.0,0.0,0.0
2021-12-02,IT,stop_loss,False,Canceled,3,0,0.0,0.0,0.0
2021-12-02,IT,take_profit,False,Canceled,2,0,0.0,0.0,0.0
2021-12-02,KMB,stop_loss,False,Canceled,3,0,0.0,0.0,0.0
2021-12-02,KMB,take_profit,False,Canceled,2,0,0.0,0.0,0.0
2021-12-02,SPG,rebalance_entry,True,Margin,0,0,0.0,0.0,0.0
2021-12-02,STLD,rebalance_entry,True,Margin,0,0,0.0,0.0,0.0
2021-12-02,STX,rebalance_entry,True,Margin,0,0,0.0,0.0,0.0
2021-12-02,WFC,rebalance_entry,True,Margin,0,0,0.0,0.0,0.0
2021-12-02,DVN,stop_loss,False,Completed,3,-3075,32.21570960536,104277.16530156,0.0
2021-12-02,DVN,take_profit,False,Canceled,2,0,0.0,0.0,0.0
2021-12-02,AAPL,rebalance_entry,True,Completed,0,650,155.1992775016,100879.53037604,0.0
2021-12-02,ADSK,rebalance_entry,True,Completed,0,419,252.7425,105899.1075,0.0
2021-12-02,APA,rebalance_entry,True,Completed,0,4784,21.8784807815,104666.652058696,0.0
2021-12-02,AXP,rebalance_entry,True,Completed,0,738,143.460190027,105873.62023992601,0.0
2021-12-02,BX,rebalance_entry,True,Completed,0,890,117.2998580149,104396.873633261,0.0
2021-12-02,EOG,rebalance_entry,True,Completed,0,1537,67.6908971574,104040.9089309238,0.0
2021-12-02,FANG,rebalance_entry,True,Completed,0,1246,82.8829055455,103272.10030969299,0.0
2021-12-02,HD,rebalance_entry,True,Completed,0,291,360.6294107359,104943.1585241469,0.0
2021-12-02,LOW,rebalance_entry,True,Completed,0,466,226.41176131760002,105507.8807740016,0.0
2021-12-02,MPC,rebalance_entry,True,Completed,0,1903,55.0922783545,104840.60570861351,0.0
2021-12-02,MTD,rebalance_entry,True,Completed,0,68,1513.08,102889.44,0.0
2021-12-02,NUE,rebalance_entry,True,Completed,0,1071,98.532744677,105528.56954906699,0.0
2021-12-02,ORCL,rebalance_entry,True,Completed,0,1241,84.1354926207,104412.1463422887,0.0
2021-12-03,COR,rebalance_exit,False,Completed,0,-850,111.8305040568,96165.92517804001,0.0
2021-12-03,EBAY,rebalance_exit,False,Completed,0,-1496,62.43514955330001,95422.1260348752,0.0
2021-12-03,IT,rebalance_exit,False,Completed,0,-316,321.07,98269.68000000001,0.0
2021-12-03,KMB,rebalance_exit,False,Completed,0,-953,112.9397837369,105177.39423614621,0.0
2021-12-06,BX,stop_loss,False,Completed,3,-890,111.43486511415499,104396.873633261,0.0
2021-12-06,BX,take_profit,False,Canceled,2,0,0.0,0.0,0.0
2021-12-15,APA,stop_loss,False,Completed,3,-4784,20.784556742424996,104666.652058696,0.0
2021-12-15,APA,take_profit,False,Canceled,2,0,0.0,0.0,0.0
2021-12-20,FANG,stop_loss,False,Completed,3,-1246,78.738760268225,103272.10030969299,0.0
2021-12-20,FANG,take_profit,False,Canceled,2,0,0.0,0.0,0.0
2021-12-20,HD,stop_loss,False,Completed,3,-291,342.597940199105,104943.1585241469,0.0
2021-12-20,HD,take_profit,False,Canceled,2,0,0.0,0.0,0.0
2022-01-04,AAPL,stop_loss,False,Canceled,3,0,0.0,0.0,0.0
2022-01-04,AAPL,take_profit,False,Canceled,2,0,0.0,0.0,0.0
2022-01-04,ADSK,stop_loss,False,Canceled,3,0,0.0,0.0,0.0
2022-01-04,ADSK,take_profit,False,Canceled,2,0,0.0,0.0,0.0
2022-01-04,AXP,stop_loss,False,Canceled,3,0,0.0,0.0,0.0
2022-01-04,AXP,take_profit,False,Canceled,2,0,0.0,0.0,0.0
2022-01-04,CL,stop_loss,False,Canceled,3,0,0.0,0.0,0.0
2022-01-04,CL,take_profit,False,Canceled,2,0,0.0,0.0,0.0
2022-01-04,EOG,stop_loss,False,Canceled,3,0,0.0,0.0,0.0
2022-01-04,EOG,take_profit,False,Canceled,2,0,0.0,0.0,0.0
2022-01-04,MPC,stop_loss,False,Canceled,3,0,0.0,0.0,0.0
2022-01-04,MPC,take_profit,False,Canceled,2,0,0.0,0.0,0.0
2022-01-04,MTD,stop_loss,False,Canceled,3,0,0.0,0.0,0.0
2022-01-04,MTD,take_profit,False,Canceled,2,0,0.0,0.0,0.0
2022-01-04,KKR,rebalance_entry,True,Margin,0,0,0.0,0.0,0.0
2022-01-04,MCK,rebalance_entry,True,Margin,0,0,0.0,0.0,0.0
2022-01-04,NVDA,rebalance_entry,True,Margin,0,0,0.0,0.0,0.0
2022-01-04,OKE,rebalance_entry,True,Margin,0,0,0.0,0.0,0.0
2022-01-04,PFE,rebalance_entry,True,Margin,0,0,0.0,0.0,0.0
2022-01-04,SPGI,rebalance_entry,True,Margin,0,0,0.0,0.0,0.0
2022-01-04,TPL,rebalance_entry,True,Margin,0,0,0.0,0.0,0.0
2022-01-04,XOM,rebalance_entry,True,Margin,0,0,0.0,0.0,0.0
2022-01-04,AMD,rebalance_entry,True,Completed,0,726,151.01,109633.26,0.0
2022-01-04,BX,rebalance_entry,True,Completed,0,1008,109.0928859506,109965.6290382048,0.0
2022-01-04,COP,rebalance_entry,True,Completed,0,1739,63.4262525208,110298.2531336712,0.0
2022-01-04,DVN,rebalance_entry,True,Completed,0,2892,38.3194161222,110819.75142540241,0.0
2022-01-04,F,rebalance_entry,True,Completed,0,6392,17.6634689327,112904.8934178184,0.0
2022-01-04,FANG,rebalance_entry,True,Completed,0,1195,92.4984687176,110535.670117532,0.0
2022-01-04,FIX,rebalance_entry,True,Completed,0,1133,96.5413510725,109381.3507651425,0.0
2022-01-04,HD,rebalance_entry,True,Completed,0,297,366.759419634,108927.54763129799,0.0
2022-01-05,AMD,stop_loss,False,Completed,3,-726,142.815,109633.26,0.0
2022-01-05,AMD,take_profit,False,Canceled,2,0,0.0,0.0,0.0
2022-01-05,BX,stop_loss,False,Completed,3,-1008,103.63824165307,109965.6290382048,0.0
2022-01-05,BX,take_profit,False,Canceled,2,0,0.0,0.0,0.0
2022-01-05,AAPL,rebalance_exit,False,Completed,0,-650,175.6092999783,100879.53037604,0.0
2022-01-05,ADSK,rebalance_exit,False,Completed,0,-419,276.51,105899.1075,0.0
2022-01-05,AXP,rebalance_exit,False,Completed,0,-738,165.2421532148,105873.62023992601,0.0
2022-01-05,CL,rebalance_exit,False,Completed,0,-1406,76.1164211654,97796.0597108318,0.0
2022-01-05,EOG,rebalance_exit,False,Completed,0,-1537,79.2916600053,104040.9089309238,0.0
2022-01-05,MPC,rebalance_exit,False,Completed,0,-1903,62.3914851567,104840.60570861351,0.0
2022-01-05,MTD,rebalance_exit,False,Completed,0,-68,1636.07,102889.44,0.0
2022-01-10,HD,stop_loss,False,Completed,3,-297,347.696258727,108927.54763129799,0.0
2022-01-10,HD,take_profit,False,Canceled,2,0,0.0,0.0,0.0
2022-01-18,FIX,stop_loss,False,Completed,3,-1133,91.714283518875,109381.3507651425,0.0
2022-01-18,FIX,take_profit,False,Canceled,2,0,0.0,0.0,0.0
2022-01-19,ORCL,stop_loss,False,Completed,3,-1241,79.928717989665,104412.1463422887,0.0
2022-01-19,ORCL,take_profit,False,Canceled,2,0,0.0,0.0,0.0
2022-01-20,LOW,stop_loss,False,Completed,3,-466,215.09117325172002,105507.8807740016,0.0
2022-01-20,LOW,take_profit,False,Canceled,2,0,0.0,0.0,0.0
2022-01-21,NUE,stop_loss,False,Completed,3,-1071,92.6487296945,105528.56954906699,0.0
2022-01-21,NUE,take_profit,False,Canceled,2,0,0.0,0.0,0.0
2022-01-21,F,stop_loss,False,Completed,3,-6392,16.6359758464,112904.8934178184,0.0
2022-01-21,F,take_profit,False,Canceled,2,0,0.0,0.0,0.0
2022-01-24,DVN,stop_loss,False,Completed,3,-2892,36.40344531609,110819.75142540241,0.0
2022-01-24,DVN,take_profit,False,Canceled,2,0,0.0,0.0,0.0
2022-02-02,COP,stop_loss,False,Canceled,3,0,0.0,0.0,0.0
2022-02-02,COP,take_profit,False,Canceled,2,0,0.0,0.0,0.0
2022-02-02,FANG,stop_loss,False,Canceled,3,0,0.0,0.0,0.0
2022-02-02,FANG,take_profit,False,Canceled,2,0,0.0,0.0,0.0
2022-02-02,ON,rebalance_entry,True,Margin,0,0,0.0,0.0,0.0
2022-02-02,ORCL,rebalance_entry,True,Margin,0,0,0.0,0.0,0.0
2022-02-02,TXT,rebalance_entry,True,Margin,0,0,0.0,0.0,0.0
2022-02-02,AMAT,rebalance_entry,True,Completed,0,812,135.335763599,109892.640042388,0.0
2022-02-02,AMD,rebalance_entry,True,Completed,0,928,129.89,120537.91999999998,0.0
2022-02-02,BLDR,rebalance_entry,True,Completed,0,1545,70.46,108860.7,0.0
2022-02-02,F,rebalance_entry,True,Completed,0,6653,16.405769933,109147.58736424899,0.0
2022-02-02,FCX,rebalance_entry,True,Completed,0,2939,36.8743110114,108373.60006250461,0.0
2022-02-02,FTNT,rebalance_entry,True,Completed,0,1793,61.224,109774.632,0.0
2022-02-02,HD,rebalance_entry,True,Completed,0,327,330.62557509,108114.56305443,0.0
2022-02-02,IT,rebalance_entry,True,Completed,0,366,299.14,109485.23999999999,0.0
2022-02-02,JBL,rebalance_entry,True,Completed,0,1765,61.6500364116,108812.314266474,0.0
2022-02-02,KLAC,rebalance_entry,True,Completed,0,292,374.168231737,109257.123667204,0.0
2022-02-02,LOW,rebalance_entry,True,Completed,0,494,219.446142767,108406.394526898,0.0
2022-02-02,LRCX,rebalance_entry,True,Completed,0,1925,57.0948258167,109907.5396971475,0.0
2022-02-02,MCK,rebalance_entry,True,Completed,0,431,250.4435678561,107941.1777459791,0.0
2022-02-02,MTD,rebalance_entry,True,Completed,0,72,1500.37,108026.63999999998,0.0
2022-02-02,NUE,rebalance_entry,True,Completed,0,1074,100.8989812801,108365.50589482741,0.0
2022-02-02,NVDA,rebalance_entry,True,Completed,0,4407,25.7434885742,113451.5541464994,0.0
2022-02-03,AMD,stop_loss,False,Completed,3,-928,120.32,120537.91999999998,0.0
2022-02-03,AMD,take_profit,False,Canceled,2,0,0.0,0.0,0.0
2022-02-03,NVDA,stop_loss,False,Completed,3,-4407,24.410104813,113451.5541464994,0.0
2022-02-03,NVDA,take_profit,False,Canceled,2,0,0.0,0.0,0.0
2022-02-03,COP,rebalance_exit,False,Completed,0,-1739,78.9255325761,110298.2531336712,0.0
2022-02-03,FANG,rebalance_exit,False,Completed,0,-1195,105.6601738727,110535.670117532,0.0
2022-02-04,AMAT,stop_loss,False,Completed,3,-812,128.56897541905,109892.640042388,0.0
2022-02-04,AMAT,take_profit,False,Canceled,2,0,0.0,0.0,0.0
2022-02-04,BLDR,stop_loss,False,Completed,3,-1545,66.937,108860.7,0.0
2022-02-04,BLDR,take_profit,False,Canceled,2,0,0.0,0.0,0.0
2022-02-04,F,stop_loss,False,Completed,3,-6653,14.604367516,109147.58736424899,0.0
2022-02-04,F,take_profit,False,Canceled,2,0,0.0,0.0,0.0
2022-02-04,FTNT,stop_loss,False,Completed,3,-1793,58.1628,109774.632,0.0
2022-02-04,FTNT,take_profit,False,Canceled,2,0,0.0,0.0,0.0
2022-02-04,KLAC,stop_loss,False,Completed,3,-292,355.45982015015,109257.123667204,0.0
2022-02-04,KLAC,take_profit,False,Canceled,2,0,0.0,0.0,0.0
2022-02-04,LOW,stop_loss,False,Completed,3,-494,208.47383562865,108406.394526898,0.0
2022-02-04,LOW,take_profit,False,Canceled,2,0,0.0,0.0,0.0
2022-02-08,IT,stop_loss,False,Completed,3,-366,270.43,109485.23999999999,0.0
2022-02-08,IT,take_profit,False,Canceled,2,0,0.0,0.0,0.0
2022-02-08,LRCX,stop_loss,False,Completed,3,-1925,54.0929004296,109907.5396971475,0.0
2022-02-08,LRCX,take_profit,False,Canceled,2,0,0.0,0.0,0.0
2022-02-11,HD,stop_loss,False,Completed,3,-327,314.09429633549996,108114.56305443,0.0
2022-02-11,HD,take_profit,False,Canceled,2,0,0.0,0.0,0.0
2022-02-14,MTD,stop_loss,False,Completed,3,-72,1425.3514999999998,108026.63999999998,0.0
2022-02-14,MTD,take_profit,False,Canceled,2,0,0.0,0.0,0.0
2022-02-18,JBL,stop_loss,False,Completed,3,-1765,58.56753459102,108812.314266474,0.0
2022-02-18,JBL,take_profit,False,Canceled,2,0,0.0,0.0,0.0
2022-03-02,FCX,stop_loss,False,Canceled,3,0,0.0,0.0,0.0
2022-03-02,FCX,take_profit,False,Canceled,2,0,0.0,0.0,0.0
2022-03-02,MCK,stop_loss,False,Canceled,3,0,0.0,0.0,0.0
2022-03-02,MCK,take_profit,False,Canceled,2,0,0.0,0.0,0.0
2022-03-02,NUE,stop_loss,False,Canceled,3,0,0.0,0.0,0.0
2022-03-02,NUE,take_profit,False,Canceled,2,0,0.0,0.0,0.0
2022-03-02,ORCL,rebalance_entry,True,Margin,0,0,0.0,0.0,0.0
2022-03-02,OXY,rebalance_entry,True,Margin,0,0,0.0,0.0,0.0
2022-03-02,STX,rebalance_entry,True,Margin,0,0,0.0,0.0,0.0
2022-03-02,WFC,rebalance_entry,True,Margin,0,0,0.0,0.0,0.0
2022-03-02,BX,rebalance_entry,True,Completed,0,998,108.3271055142,108110.4513031716,0.0
2022-03-02,CL,rebalance_entry,True,Completed,0,1555,68.6302056369,106719.9697653795,0.0
2022-03-02,COP,rebalance_entry,True,Completed,0,1289,84.0924037609,108395.1084478001,0.0
2022-03-02,COR,rebalance_entry,True,Completed,0,784,136.9348687366,107356.9370894944,0.0
2022-03-02,DVN,rebalance_entry,True,Completed,0,2177,49.7398775081,108283.7133351337,0.0
2022-03-02,EOG,rebalance_entry,True,Completed,0,1114,97.1671449095,108244.19942918299,0.0
2022-03-02,FANG,rebalance_entry,True,Completed,0,956,114.4414467347,109406.0230783732,0.0
2022-03-02,HD,rebalance_entry,True,Completed,0,371,288.1552938227,106905.6140082217,0.0
2022-03-02,KMB,rebalance_entry,True,Completed,0,975,109.5638697533,106824.77300946749,0.0
2022-03-02,LOW,rebalance_entry,True,Completed,0,524,202.882607998,106310.486590952,0.0
2022-03-02,MO,rebalance_entry,True,Completed,0,2901,36.7812061759,106702.2791162859,0.0
2022-03-02,MPC,rebalance_entry,True,Completed,0,1563,69.4134710286,108493.2552177018,0.0
2022-03-02,MTD,rebalance_entry,True,Completed,0,76,1376.46,104610.96,0.0
2022-03-02,NOC,rebalance_entry,True,Completed,0,250,421.9226553776,105480.6638444,0.0
2022-03-02,NTAP,rebalance_entry,True,Completed,0,1526,70.7454375171,107957.53765109461,0.0
2022-03-03,FCX,rebalance_exit,False,Completed,0,-2939,46.0574599489,108373.60006250461,0.0
2022-03-03,MCK,rebalance_exit,False,Completed,0,-431,270.0075170407,107941.1777459791,0.0
2022-03-03,NUE,rebalance_exit,False,Completed,0,-1074,130.8307814012,108365.50589482741,0.0
2022-03-04,BX,stop_loss,False,Completed,3,-998,102.91075023849,108110.4513031716,0.0
2022-03-04,BX,take_profit,False,Canceled,2,0,0.0,0.0,0.0
2022-03-04,DVN,stop_loss,False,Completed,3,-2177,47.252883632694996,108283.7133351337,0.0
2022-03-04,DVN,take_profit,False,Canceled,2,0,0.0,0.0,0.0
2022-03-07,FANG,stop_loss,False,Completed,3,-956,108.71937439796498,109406.0230783732,0.0
2022-03-07,FANG,take_profit,False,Canceled,2,0,0.0,0.0,0.0
2022-03-08,MTD,stop_loss,False,Completed,3,-76,1307.637,104610.96,0.0
2022-03-08,MTD,take_profit,False,Canceled,2,0,0.0,0.0,0.0
2022-03-09,COP,stop_loss,False,Completed,3,-1289,79.887783572855,108395.1084478001,0.0
2022-03-09,COP,take_profit,False,Canceled,2,0,0.0,0.0,0.0
2022-03-09,EOG,stop_loss,False,Completed,3,-1114,92.30878766402499,108244.19942918299,0.0
2022-03-09,EOG,take_profit,False,Canceled,2,0,0.0,0.0,0.0
2022-03-10,KMB,stop_loss,False,Completed,3,-975,104.08567626563499,106824.77300946749,0.0
2022-03-10,KMB,take_profit,False,Canceled,2,0,0.0,0.0,0.0
2022-03-16,NOC,stop_loss,False,Completed,3,-250,400.82652260872,105480.6638444,0.0
2022-03-16,NOC,take_profit,False,Canceled,2,0,0.0,0.0,0.0
2022-03-28,LOW,stop_loss,False,Completed,3,-524,192.7384775981,106310.486590952,0.0
2022-03-28,LOW,take_profit,False,Canceled,2,0,0.0,0.0,0.0
2022-03-31,HD,stop_loss,False,Completed,3,-371,273.747529131565,106905.6140082217,0.0
2022-03-31,HD,take_profit,False,Canceled,2,0,0.0,0.0,0.0
2022-04-04,MPC,stop_loss,False,Canceled,3,0,0.0,0.0,0.0
2022-04-04,MPC,take_profit,False,Canceled,2,0,0.0,0.0,0.0
2022-04-04,NTAP,stop_loss,False,Canceled,3,0,0.0,0.0,0.0
2022-04-04,NTAP,take_profit,False,Canceled,2,0,0.0,0.0,0.0
2022-04-04,OXY,rebalance_entry,True,Margin,0,0,0.0,0.0,0.0
2022-04-04,STLD,rebalance_entry,True,Margin,0,0,0.0,0.0,0.0
2022-04-04,STX,rebalance_entry,True,Margin,0,0,0.0,0.0,0.0
2022-04-04,ADM,rebalance_entry,True,Completed,0,1324,80.7276566048,106883.4173447552,0.0
2022-04-04,BG,rebalance_entry,True,Completed,0,1062,100.8670000069,107120.7540073278,0.0
2022-04-04,CF,rebalance_entry,True,Completed,0,1168,93.6353855914,109366.1303707552,0.0
2022-04-04,COP,rebalance_entry,True,Completed,0,1235,86.9484166061,107381.2945085335,0.0
2022-04-04,CVX,rebalance_entry,True,Completed,0,768,139.2594496588,106951.2573379584,0.0
2022-04-04,DVN,rebalance_entry,True,Completed,0,2096,51.6578136639,108274.7774395344,0.0
2022-04-04,EOG,rebalance_entry,True,Completed,0,1066,100.8547666945,107511.181296337,0.0
2022-04-04,FANG,rebalance_entry,True,Completed,0,938,114.7976158818,107680.1636971284,0.0
2022-04-04,HD,rebalance_entry,True,Completed,0,390,272.2117945046,106162.599856794,0.0
2022-04-04,KR,rebalance_entry,True,Completed,0,2031,52.5491107102,106727.2438524162,0.0
2022-04-04,MOS,rebalance_entry,True,Completed,0,1811,59.88559548330001,108452.81342025631,0.0
2022-04-04,MTD,rebalance_entry,True,Completed,0,77,1368.73,105392.21,0.0
2022-04-04,NUE,rebalance_entry,True,Completed,0,757,140.7987877463,106584.6823239491,0.0
2022-04-05,DVN,stop_loss,False,Completed,3,-2096,49.074922980705,108274.7774395344,0.0
2022-04-05,DVN,take_profit,False,Canceled,2,0,0.0,0.0,0.0
2022-04-05,MPC,rebalance_exit,False,Completed,0,-1563,77.9147533166,108493.2552177018,0.0
2022-04-05,NTAP,rebalance_exit,False,Completed,0,-1526,75.4243925122,107957.53765109461,0.0
2022-04-07,FANG,stop_loss,False,Completed,3,-938,109.05773508771001,107680.1636971284,0.0
2022-04-07,FANG,take_profit,False,Canceled,2,0,0.0,0.0,0.0
2022-04-18,MTD,stop_loss,False,Completed,3,-77,1300.2935,105392.21,0.0
2022-04-18,MTD,take_profit,False,Canceled,2,0,0.0,0.0,0.0
2022-04-22,CF,stop_loss,False,Completed,3,-1168,88.95361631182999,109366.1303707552,0.0
2022-04-22,CF,take_profit,False,Canceled,2,0,0.0,0.0,0.0
2022-04-22,COP,stop_loss,False,Completed,3,-1235,82.600995775795,107381.2945085335,0.0
2022-04-22,COP,take_profit,False,Canceled,2,0,0.0,0.0,0.0
2022-04-25,CVX,stop_loss,False,Completed,3,-768,131.435600578,106951.2573379584,0.0
2022-04-25,CVX,take_profit,False,Canceled,2,0,0.0,0.0,0.0
2022-04-25,EOG,stop_loss,False,Completed,3,-1066,93.7125765911,107511.181296337,0.0
2022-04-25,EOG,take_profit,False,Canceled,2,0,0.0,0.0,0.0
2022-04-25,MOS,stop_loss,False,Completed,3,-1811,56.89131570913501,108452.81342025631,0.0
2022-04-25,MOS,take_profit,False,Canceled,2,0,0.0,0.0,0.0
2022-04-29,KR,stop_loss,False,Completed,3,-2031,49.921655174689995,106727.2438524162,0.0
2022-04-29,KR,take_profit,False,Canceled,2,0,0.0,0.0,0.0
2022-05-03,ADM,stop_loss,False,Canceled,3,0,0.0,0.0,0.0
2022-05-03,ADM,take_profit,False,Canceled,2,0,0.0,0.0,0.0
2022-05-03,BG,stop_loss,False,Canceled,3,0,0.0,0.0,0.0
2022-05-03,BG,take_profit,False,Canceled,2,0,0.0,0.0,0.0
2022-05-03,MO,stop_loss,False,Canceled,3,0,0.0,0.0,0.0
2022-05-03,MO,take_profit,False,Canceled,2,0,0.0,0.0,0.0
2022-05-03,OXY,rebalance_entry,True,Margin,0,0,0.0,0.0,0.0
2022-05-03,REGN,rebalance_entry,True,Margin,0,0,0.0,0.0,0.0
2022-05-03,STX,rebalance_entry,True,Margin,0,0,0.0,0.0,0.0
2022-05-03,UHS,rebalance_entry,True,Margin,0,0,0.0,0.0,0.0
2022-05-03,AAPL,rebalance_entry,True,Completed,0,670,154.8246396862,103732.508589754,0.0
2022-05-03,CF,rebalance_entry,True,Completed,0,1176,87.6032377641,103021.4076105816,0.0
2022-05-03,COP,rebalance_entry,True,Completed,0,1260,82.8929387386,104445.10281063599,0.0
2022-05-03,DVN,rebalance_entry,True,Completed,0,2109,51.2956277863,108182.47900130671,0.0
2022-05-03,EOG,rebalance_entry,True,Completed,0,1066,97.2220979615,103638.756426959,0.0
2022-05-03,FANG,rebalance_entry,True,Completed,0,991,109.7711202721,108783.1801896511,0.0
2022-05-03,FFIV,rebalance_entry,True,Completed,0,601,171.33,102969.33,0.0
2022-05-03,HAL,rebalance_entry,True,Completed,0,3135,33.1895804944,104049.33484994399,0.0
2022-05-03,IT,rebalance_entry,True,Completed,0,357,289.93,103505.01000000001,0.0
2022-05-03,MOS,rebalance_entry,True,Completed,0,1860,53.8488131172,100158.792397992,0.0
2022-05-03,MTD,rebalance_entry,True,Completed,0,80,1292.76,103420.8,0.0
2022-05-04,IT,stop_loss,False,Completed,3,-357,275.4335,103505.01000000001,0.0
2022-05-04,IT,take_profit,False,Canceled,2,0,0.0,0.0,0.0
2022-05-04,ADM,rebalance_exit,False,Completed,0,-1324,79.6508171005,106883.4173447552,0.0
2022-05-04,BG,rebalance_exit,False,Completed,0,-1062,104.3359709066,107120.7540073278,0.0
2022-05-04,MO,rebalance_exit,False,Completed,0,-2901,40.4700601718,106702.2791162859,0.0
2022-05-05,NUE,stop_loss,False,Completed,3,-757,133.758848358985,106584.6823239491,0.0
2022-05-05,NUE,take_profit,False,Canceled,2,0,0.0,0.0,0.0
2022-05-09,CF,stop_loss,False,Completed,3,-1176,83.22307587589499,103021.4076105816,0.0
2022-05-09,CF,take_profit,False,Canceled,2,0,0.0,0.0,0.0
2022-05-09,HAL,stop_loss,False,Completed,3,-3135,31.530101469679998,104049.33484994399,0.0
2022-05-09,HAL,take_profit,False,Canceled,2,0,0.0,0.0,0.0
2022-05-09,MOS,stop_loss,False,Completed,3,-1860,51.15637246134,100158.792397992,0.0
2022-05-09,MOS,take_profit,False,Canceled,2,0,0.0,0.0,0.0
2022-05-09,MTD,stop_loss,False,Completed,3,-80,1228.1219999999998,103420.8,0.0
2022-05-09,MTD,take_profit,False,Canceled,2,0,0.0,0.0,0.0
2022-05-10,FANG,stop_loss,False,Completed,3,-991,104.282564258495,108783.1801896511,0.0
2022-05-10,FANG,take_profit,False,Canceled,2,0,0.0,0.0,0.0
2022-05-11,HD,stop_loss,False,Completed,3,-390,258.60120477937,106162.599856794,0.0
2022-05-11,HD,take_profit,False,Canceled,2,0,0.0,0.0,0.0
2022-05-11,AAPL,stop_loss,False,Completed,3,-670,147.08340770188997,103732.508589754,0.0
2022-05-11,AAPL,take_profit,False,Canceled,2,0,0.0,0.0,0.0
2022-05-12,FFIV,stop_loss,False,Completed,3,-601,162.7635,102969.33,0.0
2022-05-12,FFIV,take_profit,False,Canceled,2,0,0.0,0.0,0.0
2022-05-20,ORLY,stop_loss,False,Completed,3,-2430,38.189366666634996,97684.379999919,0.0
2022-05-20,ORLY,take_profit,False,Canceled,2,0,0.0,0.0,0.0
2022-05-31,DVN,take_profit,False,Completed,2,-2109,66.68431612219001,108182.47900130671,0.0
2022-05-31,DVN,stop_loss,False,Canceled,3,0,0.0,0.0,0.0
2022-06-02,VST,rebalance_entry,True,Margin,0,0,0.0,0.0,0.0
2022-06-02,AAPL,rebalance_entry,True,Completed,0,718,144.9332695751,104062.0875549218,0.0
2022-06-02,ABBV,rebalance_entry,True,Completed,0,830,126.7151664146,105173.588124118,0.0
2022-06-02,ADM,rebalance_entry,True,Completed,0,1364,76.8361255512,104804.4752518368,0.0
2022-06-02,BG,rebalance_entry,True,Completed,0,1028,101.4321980703,104272.2996162684,0.0
2022-06-02,CF,rebalance_entry,True,Completed,0,1196,87.6837325774,104869.7441625704,0.0
2022-06-02,DVN,rebalance_entry,True,Completed,0,1627,63.5172954247,103342.6396559869,0.0
2022-06-02,HSY,rebalance_entry,True,Completed,0,555,189.1163242617,104959.55996524349,0.0
2022-06-02,IT,rebalance_entry,True,Completed,0,401,261.97,105049.97000000002,0.0
2022-06-02,KMB,rebalance_entry,True,Completed,0,928,112.9674851946,104833.8262605888,0.0
2022-06-02,MOS,rebalance_entry,True,Completed,0,1994,53.1538133171,105988.7037542974,0.0
2022-06-02,MPC,rebalance_entry,True,Completed,0,1100,94.5925680246,104051.82482706,0.0
2022-06-02,MRK,rebalance_entry,True,Completed,0,1298,80.7301892072,104787.7855909456,0.0
2022-06-02,MTD,rebalance_entry,True,Completed,0,82,1267.33,103921.06,0.0
2022-06-02,NRG,rebalance_entry,True,Completed,0,2548,41.2007338671,104979.4698933708,0.0
2022-06-02,SMCI,rebalance_entry,True,Completed,0,20275,5.225,105936.875,0.0
2022-06-07,MOS,stop_loss,False,Completed,3,-1994,50.496122651245,105988.7037542974,0.0
2022-06-07,MOS,take_profit,False,Canceled,2,0,0.0,0.0,0.0
2022-06-08,CF,stop_loss,False,Completed,3,-1196,82.573359129,104869.7441625704,0.0
2022-06-08,CF,take_profit,False,Canceled,2,0,0.0,0.0,0.0
2022-06-10,AAPL,stop_loss,False,Completed,3,-718,137.5312119056,104062.0875549218,0.0
2022-06-10,AAPL,take_profit,False,Canceled,2,0,0.0,0.0,0.0
2022-06-10,BG,stop_loss,False,Completed,3,-1028,96.36058816678499,104272.2996162684,0.0
2022-06-10,BG,take_profit,False,Canceled,2,0,0.0,0.0,0.0
2022-06-10,IT,stop_loss,False,Completed,3,-401,248.87150000000003,105049.97000000002,0.0
2022-06-10,IT,take_profit,False,Canceled,2,0,0.0,0.0,0.0
2022-06-10,MTD,stop_loss,False,Completed,3,-82,1203.9634999999998,103921.06,0.0
2022-06-10,MTD,take_profit,False,Canceled,2,0,0.0,0.0,0.0
2022-06-10,SMCI,stop_loss,False,Completed,3,-20275,4.959,105936.875,0.0
2022-06-10,SMCI,take_profit,False,Canceled,2,0,0.0,0.0,0.0
2022-06-13,ABBV,stop_loss,False,Completed,3,-830,120.37940809387,105173.588124118,0.0
2022-06-13,ABBV,take_profit,False,Canceled,2,0,0.0,0.0,0.0
2022-06-13,ADM,stop_loss,False,Completed,3,-1364,72.99431927364,104804.4752518368,0.0
2022-06-13,ADM,take_profit,False,Canceled,2,0,0.0,0.0,0.0
2022-06-13,DVN,stop_loss,False,Completed,3,-1627,60.2028803218,103342.6396559869,0.0
2022-06-13,DVN,take_profit,False,Canceled,2,0,0.0,0.0,0.0
2022-06-13,MRK,stop_loss,False,Completed,3,-1298,75.9287228898,104787.7855909456,0.0
2022-06-13,MRK,take_profit,False,Canceled,2,0,0.0,0.0,0.0
2022-06-13,NRG,stop_loss,False,Completed,3,-2548,39.140697173745,104979.4698933708,0.0
2022-06-13,NRG,take_profit,False,Canceled,2,0,0.0,0.0,0.0
2022-06-14,KMB,stop_loss,False,Completed,3,-928,107.31911093487,104833.8262605888,0.0
2022-06-14,KMB,take_profit,False,Canceled,2,0,0.0,0.0,0.0
2022-06-15,MPC,stop_loss,False,Completed,3,-1100,89.86293962337,104051.82482706,0.0
2022-06-15,MPC,take_profit,False,Canceled,2,0,0.0,0.0,0.0
2022-06-23,COP,stop_loss,False,Completed,3,-1260,78.74829180166999,104445.10281063599,0.0
2022-06-23,COP,take_profit,False,Canceled,2,0,0.0,0.0,0.0
2022-06-23,EOG,stop_loss,False,Completed,3,-1066,92.360993063425,103638.756426959,0.0
2022-06-23,EOG,take_profit,False,Canceled,2,0,0.0,0.0,0.0
2022-07-05,HSY,stop_loss,False,Canceled,3,0,0.0,0.0,0.0
2022-07-05,HSY,take_profit,False,Canceled,2,0,0.0,0.0,0.0
2022-07-05,STX,rebalance_entry,True,Margin,0,0,0.0,0.0,0.0
2022-07-05,ULTA,rebalance_entry,True,Margin,0,0,0.0,0.0,0.0
2022-07-05,BLDR,rebalance_entry,True,Completed,0,1717,56.1,96323.7,0.0
2022-07-05,BX,rebalance_entry,True,Completed,0,1214,79.3901595733,96379.6537219862,0.0
2022-07-05,DLTR,rebalance_entry,True,Completed,0,631,157.09,99123.79000000001,0.0
2022-07-05,DVN,rebalance_entry,True,Completed,0,2090,45.7668687461,95652.75567934901,0.0
2022-07-05,IT,rebalance_entry,True,Completed,0,404,239.49,96753.96,0.0
2022-07-05,KMB,rebalance_entry,True,Completed,0,832,118.0612885891,98226.9921061312,0.0
2022-07-05,MAR,rebalance_entry,True,Completed,0,736,130.8198241777,96283.39059478721,0.0
2022-07-05,MPC,rebalance_entry,True,Completed,0,1274,75.6832203662,96420.42274653881,0.0
2022-07-05,MTD,rebalance_entry,True,Completed,0,84,1142.95,96007.8,0.0
2022-07-05,NRG,rebalance_entry,True,Completed,0,2810,34.7181957537,97558.130067897,0.0
2022-07-05,NUE,rebalance_entry,True,Completed,0,987,96.5089945036,95254.3775750532,0.0
2022-07-05,ON,rebalance_entry,True,Completed,0,2107,45.21,95257.47,0.0
2022-07-05,PFE,rebalance_entry,True,Completed,0,2360,41.3676816115,97627.72860313999,0.0
2022-07-05,PWR,rebalance_entry,True,Completed,0,786,123.4042519325,96995.742018945,0.0
2022-07-05,SMCI,rebalance_entry,True,Completed,0,25223,3.834,96704.982,0.0
2022-07-05,STLD,rebalance_entry,True,Completed,0,1574,60.4967844865,95221.938781751,0.0
2022-07-06,DVN,stop_loss,False,Completed,3,-2090,43.478525308795,95652.75567934901,0.0
2022-07-06,DVN,take_profit,False,Canceled,2,0,0.0,0.0,0.0
2022-07-06,MPC,stop_loss,False,Completed,3,-1274,71.89905934789,96420.42274653881,0.0
2022-07-06,MPC,take_profit,False,Canceled,2,0,0.0,0.0,0.0
2022-07-06,HSY,rebalance_exit,False,Completed,0,-555,197.2404812596,104959.55996524349,0.0
2022-07-14,NRG,stop_loss,False,Completed,3,-2810,32.982285966015,97558.130067897,0.0
2022-07-14,NRG,take_profit,False,Canceled,2,0,0.0,0.0,0.0
2022-07-19,ON,take_profit,False,Completed,2,-2107,58.773,95257.47,0.0
2022-07-19,ON,stop_loss,False,Canceled,3,0,0.0,0.0,0.0
2022-07-21,SMCI,take_profit,False,Completed,2,-25223,5.381000000000001,96704.982,0.0
2022-07-21,SMCI,stop_loss,False,Canceled,3,0,0.0,0.0,0.0
2022-07-29,NUE,take_profit,False,Completed,2,-987,125.46169285468,95254.3775750532,0.0
2022-07-29,NUE,stop_loss,False,Canceled,3,0,0.0,0.0,0.0
2022-08-01,BLDR,take_profit,False,Completed,2,-1717,72.93,96323.7,0.0
2022-08-01,BLDR,stop_loss,False,Canceled,3,0,0.0,0.0,0.0
2022-08-02,BX,stop_loss,False,Canceled,3,0,0.0,0.0,0.0
2022-08-02,BX,take_profit,False,Canceled,2,0,0.0,0.0,0.0
2022-08-02,DLTR,stop_loss,False,Canceled,3,0,0.0,0.0,0.0
2022-08-02,DLTR,take_profit,False,Canceled,2,0,0.0,0.0,0.0
2022-08-02,IT,stop_loss,False,Canceled,3,0,0.0,0.0,0.0
2022-08-02,IT,take_profit,False,Canceled,2,0,0.0,0.0,0.0
2022-08-02,MAR,stop_loss,False,Canceled,3,0,0.0,0.0,0.0
2022-08-02,MAR,take_profit,False,Canceled,2,0,0.0,0.0,0.0
2022-08-02,PFE,stop_loss,False,Canceled,3,0,0.0,0.0,0.0
2022-08-02,PFE,take_profit,False,Canceled,2,0,0.0,0.0,0.0
2022-08-02,PWR,stop_loss,False,Canceled,3,0,0.0,0.0,0.0
2022-08-02,PWR,take_profit,False,Canceled,2,0,0.0,0.0,0.0
2022-08-02,STLD,stop_loss,False,Canceled,3,0,0.0,0.0,0.0
2022-08-02,STLD,take_profit,False,Canceled,2,0,0.0,0.0,0.0
2022-08-02,MPC,rebalance_entry,True,Margin,0,0,0.0,0.0,0.0
2022-08-02,NOC,rebalance_entry,True,Margin,0,0,0.0,0.0,0.0
2022-08-02,OXY,rebalance_entry,True,Margin,0,0,0.0,0.0,0.0
2022-08-02,SLB,rebalance_entry,True,Margin,0,0,0.0,0.0,0.0
2022-08-02,STX,rebalance_entry,True,Margin,0,0,0.0,0.0,0.0
2022-08-02,VLO,rebalance_entry,True,Margin,0,0,0.0,0.0,0.0
2022-08-02,XOM,rebalance_entry,True,Margin,0,0,0.0,0.0,0.0
2022-08-02,BG,rebalance_entry,True,Completed,0,1300,83.594430022,108672.75902859999,0.0
2022-08-02,CF,rebalance_entry,True,Completed,0,1258,86.197412113,108436.344438154,0.0
2022-08-02,COP,rebalance_entry,True,Completed,0,1321,82.5153279962,109002.7482829802,0.0
2022-08-02,CVX,rebalance_entry,True,Completed,0,798,136.9379676799,109276.4982085602,0.0
2022-08-02,DVN,rebalance_entry,True,Completed,0,2067,52.5350878232,108590.0265305544,0.0
2022-08-02,EOG,rebalance_entry,True,Completed,0,1187,92.1354035751,109364.7240436437,0.0
2022-08-02,FANG,rebalance_entry,True,Completed,0,1031,104.6994473776,107945.13024630559,0.0
2022-08-02,HAL,rebalance_entry,True,Completed,0,4196,26.0401900437,109264.6374233652,0.0
2022-08-02,MOS,rebalance_entry,True,Completed,0,2370,44.0934024906,104501.36390272199,0.0
2022-08-03,DVN,stop_loss,False,Completed,3,-2067,49.908333432039996,108590.0265305544,0.0
2022-08-03,DVN,take_profit,False,Canceled,2,0,0.0,0.0,0.0
2022-08-03,EOG,stop_loss,False,Completed,3,-1187,87.528633396345,109364.7240436437,0.0
2022-08-03,EOG,take_profit,False,Canceled,2,0,0.0,0.0,0.0
2022-08-03,BX,rebalance_exit,False,Completed,0,-1214,90.7842013536,96379.6537219862,0.0
2022-08-03,DLTR,rebalance_exit,False,Completed,0,-631,166.21,99123.79000000001,0.0
2022-08-03,IT,rebalance_exit,False,Completed,0,-404,294.875,96753.96,0.0
2022-08-03,MAR,rebalance_exit,False,Completed,0,-736,153.3225278951,96283.39059478721,0.0
2022-08-03,PFE,rebalance_exit,False,Completed,0,-2360,40.1147929195,97627.72860313999,0.0
2022-08-03,PWR,rebalance_exit,False,Completed,0,-786,138.9379324482,96995.742018945,0.0
2022-08-03,STLD,rebalance_exit,False,Completed,0,-1574,72.2687225282,95221.938781751,0.0
2022-08-04,COP,stop_loss,False,Completed,3,-1321,78.38956159639,109002.7482829802,0.0
2022-08-04,COP,take_profit,False,Canceled,2,0,0.0,0.0,0.0
2022-08-04,CVX,stop_loss,False,Completed,3,-798,130.091069295905,109276.4982085602,0.0
2022-08-04,CVX,take_profit,False,Canceled,2,0,0.0,0.0,0.0
2022-08-04,FANG,stop_loss,False,Completed,3,-1031,99.46447500871999,107945.13024630559,0.0
2022-08-04,FANG,take_profit,False,Canceled,2,0,0.0,0.0,0.0
2022-08-05,HAL,stop_loss,False,Completed,3,-4196,24.738180541515,109264.6374233652,0.0
2022-08-05,HAL,take_profit,False,Canceled,2,0,0.0,0.0,0.0
2022-08-26,KMB,stop_loss,False,Completed,3,-832,112.158224159645,98226.9921061312,0.0
2022-08-26,KMB,take_profit,False,Canceled,2,0,0.0,0.0,0.0
2022-09-02,BG,stop_loss,False,Canceled,3,0,0.0,0.0,0.0
2022-09-02,BG,take_profit,False,Canceled,2,0,0.0,0.0,0.0
2022-09-02,MOS,stop_loss,False,Canceled,3,0,0.0,0.0,0.0
2022-09-02,MOS,take_profit,False,Canceled,2,0,0.0,0.0,0.0
2022-09-02,STX,rebalance_entry,True,Margin,0,0,0.0,0.0,0.0
2022-09-02,TER,rebalance_entry,True,Margin,0,0,0.0,0.0,0.0
2022-09-02,WAT,rebalance_entry,True,Margin,0,0,0.0,0.0,0.0
2022-09-02,AAPL,rebalance_entry,True,Completed,0,697,156.8375532944,109315.7746461968,0.0
2022-09-02,AMAT,rebalance_entry,True,Completed,0,1216,90.2124991309,109698.3989431744,0.0
2022-09-02,BLDR,rebalance_entry,True,Completed,0,1840,59.8,110032.0,0.0
2022-09-02,BMY,rebalance_entry,True,Completed,0,1842,58.9553513646,108595.7572135932,0.0
2022-09-02,DLTR,rebalance_entry,True,Completed,0,787,137.38,108118.06,0.0
2022-09-02,IT,rebalance_entry,True,Completed,0,371,294.6,109296.6,0.0
2022-09-02,JBHT,rebalance_entry,True,Completed,0,645,169.4423892277,109290.3410518665,0.0
2022-09-02,KLAC,rebalance_entry,True,Completed,0,332,329.9560452736,109545.40703083521,0.0
2022-09-02,KMB,rebalance_entry,True,Completed,0,970,111.6810030761,108330.572983817,0.0
2022-09-02,MAR,rebalance_entry,True,Completed,0,728,149.4574931092,108805.0549834976,0.0
2022-09-02,ON,rebalance_entry,True,Completed,0,1585,69.63,110363.54999999999,0.0
2022-09-02,QCOM,rebalance_entry,True,Completed,0,902,121.4514765197,109549.23182076939,0.0
2022-09-02,SMCI,rebalance_entry,True,Completed,0,17087,6.44,110040.28000000001,0.0
2022-09-06,JBHT,stop_loss,False,Completed,3,-645,160.970269766315,109290.3410518665,0.0
2022-09-06,JBHT,take_profit,False,Canceled,2,0,0.0,0.0,0.0
2022-09-06,ON,stop_loss,False,Completed,3,-1585,66.1485,110363.54999999999,0.0
2022-09-06,ON,take_profit,False,Canceled,2,0,0.0,0.0,0.0
2022-09-06,SMCI,stop_loss,False,Completed,3,-17087,6.118,110040.28000000001,0.0
2022-09-06,SMCI,take_profit,False,Canceled,2,0,0.0,0.0,0.0
2022-09-06,BG,rebalance_exit,False,Completed,0,-1300,89.5536137618,108672.75902859999,0.0
2022-09-06,MOS,rebalance_exit,False,Completed,0,-2370,49.7735026341,104501.36390272199,0.0
2022-09-13,BLDR,stop_loss,False,Completed,3,-1840,56.809999999999995,110032.0,0.0
2022-09-13,BLDR,take_profit,False,Canceled,2,0,0.0,0.0,0.0
2022-09-13,QCOM,stop_loss,False,Completed,3,-902,115.37890269371498,109549.23182076939,0.0
2022-09-13,QCOM,take_profit,False,Canceled,2,0,0.0,0.0,0.0
2022-09-14,KMB,stop_loss,False,Completed,3,-970,106.09695292229499,108330.572983817,0.0
2022-09-14,KMB,take_profit,False,Canceled,2,0,0.0,0.0,0.0
2022-09-15,AAPL,stop_loss,False,Completed,3,-697,148.99567562968,109315.7746461968,0.0
2022-09-15,AAPL,take_profit,False,Canceled,2,0,0.0,0.0,0.0
2022-09-15,AMAT,stop_loss,False,Completed,3,-1216,85.701874174355,109698.3989431744,0.0
2022-09-15,AMAT,take_profit,False,Canceled,2,0,0.0,0.0,0.0
2022-09-21,KLAC,stop_loss,False,Completed,3,-332,313.45824300992,109545.40703083521,0.0
2022-09-21,KLAC,take_profit,False,Canceled,2,0,0.0,0.0,0.0
2022-09-22,IT,stop_loss,False,Completed,3,-371,279.87,109296.6,0.0
2022-09-22,IT,take_profit,False,Canceled,2,0,0.0,0.0,0.0
2022-09-22,MAR,stop_loss,False,Completed,3,-728,141.7724852377,108805.0549834976,0.0
2022-09-22,MAR,take_profit,False,Canceled,2,0,0.0,0.0,0.0
2022-09-29,CL,stop_loss,False,Completed,3,-1555,65.198695355055,106719.9697653795,0.0
2022-09-29,CL,take_profit,False,Canceled,2,0,0.0,0.0,0.0
2022-09-29,MTD,stop_loss,False,Completed,3,-84,1085.8025,96007.8,0.0
2022-09-29,MTD,take_profit,False,Canceled,2,0,0.0,0.0,0.0
2022-10-04,BMY,stop_loss,False,Canceled,3,0,0.0,0.0,0.0
2022-10-04,BMY,take_profit,False,Canceled,2,0,0.0,0.0,0.0
2022-10-04,CF,stop_loss,False,Canceled,3,0,0.0,0.0,0.0
2022-10-04,CF,take_profit,False,Canceled,2,0,0.0,0.0,0.0
2022-10-04,PCG,rebalance_entry,True,Margin,0,0,0.0,0.0,0.0
2022-10-04,QCOM,rebalance_entry,True,Margin,0,0,0.0,0.0,0.0
2022-10-04,STX,rebalance_entry,True,Margin,0,0,0.0,0.0,0.0
2022-10-04,AAPL,rebalance_entry,True,Completed,0,745,142.3859177107,106077.5086944715,0.0
2022-10-04,ADM,rebalance_entry,True,Completed,0,1409,74.982085614,105649.758630126,0.0
2022-10-04,AMGN,rebalance_entry,True,Completed,0,508,205.4136134435,104350.115629298,0.0
2022-10-04,CL,rebalance_entry,True,Completed,0,1603,65.1671218818,104462.8963765254,0.0
2022-10-04,CNP,rebalance_entry,True,Completed,0,3977,26.319216616,104671.52448183199,0.0
2022-10-04,ED,rebalance_entry,True,Completed,0,1352,77.1259974426,104274.3485423952,0.0
2022-10-04,EQT,rebalance_entry,True,Completed,0,2637,40.5655714609,106971.4119423933,0.0
2022-10-04,EXC,rebalance_entry,True,Completed,0,3112,33.7191253415,104933.91806274801,0.0
2022-10-04,GIS,rebalance_entry,True,Completed,0,1539,67.8097282633,104359.1717972187,0.0
2022-10-04,GWW,rebalance_entry,True,Completed,0,212,497.56362112220006,105483.4876779064,0.0
2022-10-04,IT,rebalance_entry,True,Completed,0,366,292.69,107124.54,0.0
2022-10-04,KMB,rebalance_entry,True,Completed,0,1044,100.1934650653,104601.9775281732,0.0
2022-10-04,LMT,rebalance_entry,True,Completed,0,288,364.8354959743,105072.6228405984,0.0
2022-10-04,MTD,rebalance_entry,True,Completed,0,91,1154.95,105100.45,0.0
2022-10-04,NOC,rebalance_entry,True,Completed,0,228,459.4602314728,104756.9327757984,0.0
2022-10-05,BMY,rebalance_exit,False,Completed,0,-1842,60.2896443102,108595.7572135932,0.0
2022-10-05,CF,rebalance_exit,False,Completed,0,-1258,95.6359118772,108436.344438154,0.0
2022-10-06,CNP,stop_loss,False,Completed,3,-3977,25.003255785199997,104671.52448183199,0.0
2022-10-06,CNP,take_profit,False,Canceled,2,0,0.0,0.0,0.0
2022-10-07,ED,stop_loss,False,Completed,3,-1352,73.26969757046999,104274.3485423952,0.0
2022-10-07,ED,take_profit,False,Canceled,2,0,0.0,0.0,0.0
2022-10-07,EXC,stop_loss,False,Completed,3,-3112,32.033169074425004,104933.91806274801,0.0
2022-10-07,EXC,take_profit,False,Canceled,2,0,0.0,0.0,0.0
2022-10-10,KMB,stop_loss,False,Completed,3,-1044,95.183791812035,104601.9775281732,0.0
2022-10-10,KMB,take_profit,False,Canceled,2,0,0.0,0.0,0.0
2022-10-13,AAPL,stop_loss,False,Completed,3,-745,132.5289597447,106077.5086944715,0.0
2022-10-13,AAPL,take_profit,False,Canceled,2,0,0.0,0.0,0.0
2022-10-13,GWW,stop_loss,False,Completed,3,-212,472.68544006609005,105483.4876779064,0.0
2022-10-13,GWW,take_profit,False,Canceled,2,0,0.0,0.0,0.0
2022-10-13,IT,stop_loss,False,Completed,3,-366,278.0555,107124.54,0.0
2022-10-13,IT,take_profit,False,Canceled,2,0,0.0,0.0,0.0
2022-10-13,MTD,stop_loss,False,Completed,3,-91,1077.54,105100.45,0.0
2022-10-13,MTD,take_profit,False,Canceled,2,0,0.0,0.0,0.0
2022-10-14,NOC,stop_loss,False,Completed,3,-228,436.48721989916,104756.9327757984,0.0
2022-10-14,NOC,take_profit,False,Canceled,2,0,0.0,0.0,0.0
2022-10-17,EQT,stop_loss,False,Completed,3,-2637,38.537292887855,106971.4119423933,0.0
2022-10-17,EQT,take_profit,False,Canceled,2,0,0.0,0.0,0.0
2022-11-02,ADM,stop_loss,False,Canceled,3,0,0.0,0.0,0.0
2022-11-02,ADM,take_profit,False,Canceled,2,0,0.0,0.0,0.0
2022-11-02,AMGN,stop_loss,False,Canceled,3,0,0.0,0.0,0.0
2022-11-02,AMGN,take_profit,False,Canceled,2,0,0.0,0.0,0.0
2022-11-02,DLTR,stop_loss,False,Canceled,3,0,0.0,0.0,0.0
2022-11-02,DLTR,take_profit,False,Canceled,2,0,0.0,0.0,0.0
2022-11-02,GIS,stop_loss,False,Canceled,3,0,0.0,0.0,0.0
2022-11-02,GIS,take_profit,False,Canceled,2,0,0.0,0.0,0.0
2022-11-02,LMT,stop_loss,False,Canceled,3,0,0.0,0.0,0.0
2022-11-02,LMT,take_profit,False,Canceled,2,0,0.0,0.0,0.0
2022-11-02,SLB,rebalance_entry,True,Margin,0,0,0.0,0.0,0.0
2022-11-02,SMCI,rebalance_entry,True,Margin,0,0,0.0,0.0,0.0
2022-11-02,STLD,rebalance_entry,True,Margin,0,0,0.0,0.0,0.0
2022-11-02,STX,rebalance_entry,True,Margin,0,0,0.0,0.0,0.0
2022-11-02,VLO,rebalance_entry,True,Margin,0,0,0.0,0.0,0.0
2022-11-02,VRTX,rebalance_entry,True,Margin,0,0,0.0,0.0,0.0
2022-11-02,AIZ,rebalance_entry,True,Completed,0,837,125.2154462553,104805.3285156861,0.0
2022-11-02,AON,rebalance_entry,True,Completed,0,383,275.1463159177,105381.03899647911,0.0
2022-11-02,CF,rebalance_entry,True,Completed,0,1068,97.6252567314,104263.7741891352,0.0
2022-11-02,DVA,rebalance_entry,True,Completed,0,1518,71.11,107944.98,0.0
2022-11-02,DVN,rebalance_entry,True,Completed,0,1567,66.103236861,103583.772161187,0.0
2022-11-02,EQT,rebalance_entry,True,Completed,0,2752,38.7582413585,106662.68021859201,0.0
2022-11-02,FANG,rebalance_entry,True,Completed,0,777,135.6177035547,105374.9556620019,0.0
2022-11-02,IT,rebalance_entry,True,Completed,0,326,326.5,106439.0,0.0
2022-11-02,KMB,rebalance_entry,True,Completed,0,975,108.4875102,105775.322445,0.0
2022-11-02,MPC,rebalance_entry,True,Completed,0,965,109.80309256669999,105959.9843268655,0.0
2022-11-02,MTD,rebalance_entry,True,Completed,0,82,1281.47,105080.54000000001,0.0
2022-11-02,OXY,rebalance_entry,True,Completed,0,1521,69.3762012851,105521.2021546371,0.0
2022-11-03,AIZ,stop_loss,False,Completed,3,-837,118.954673942535,104805.3285156861,0.0
2022-11-03,AIZ,take_profit,False,Canceled,2,0,0.0,0.0,0.0
2022-11-03,CF,stop_loss,False,Completed,3,-1068,89.7968163331,104263.7741891352,0.0
2022-11-03,CF,take_profit,False,Canceled,2,0,0.0,0.0,0.0
2022-11-03,DVN,stop_loss,False,Completed,3,-1567,59.2081742487,103583.772161187,0.0
2022-11-03,DVN,take_profit,False,Canceled,2,0,0.0,0.0,0.0
2022-11-03,MTD,stop_loss,False,Completed,3,-82,1217.3965,105080.54000000001,0.0
2022-11-03,MTD,take_profit,False,Canceled,2,0,0.0,0.0,0.0
2022-11-03,ADM,rebalance_exit,False,Completed,0,-1409,85.0473929012,105649.758630126,0.0
2022-11-03,AMGN,rebalance_exit,False,Completed,0,-508,238.8125018638,104350.115629298,0.0
2022-11-03,DLTR,rebalance_exit,False,Completed,0,-787,152.7,108118.06,0.0
2022-11-03,GIS,rebalance_exit,False,Completed,0,-1539,68.9150962865,104359.1717972187,0.0
2022-11-03,LMT,rebalance_exit,False,Completed,0,-288,434.2167792999,105072.6228405984,0.0
2022-11-04,DVA,stop_loss,False,Completed,3,-1518,67.55449999999999,107944.98,0.0
2022-11-04,DVA,take_profit,False,Canceled,2,0,0.0,0.0,0.0
2022-11-09,OXY,stop_loss,False,Completed,3,-1521,65.90739122084499,105521.2021546371,0.0
2022-11-09,OXY,take_profit,False,Canceled,2,0,0.0,0.0,0.0
2022-11-21,FANG,stop_loss,False,Completed,3,-777,128.836818376965,105374.9556620019,0.0
2022-11-21,FANG,take_profit,False,Canceled,2,0,0.0,0.0,0.0
2022-12-02,XOM,rebalance_entry,True,Margin,0,0,0.0,0.0,0.0
2022-12-02,AAPL,rebalance_entry,True,Completed,0,725,143.53713838,104064.4253255,0.0
2022-12-02,BIIB,rebalance_entry,True,Completed,0,350,299.24,104734.0,0.0
2022-12-02,CF,rebalance_entry,True,Completed,0,1103,95.7598049206,105623.06482742181,0.0
2022-12-02,COP,rebalance_entry,True,Completed,0,968,108.3038616738,104838.1381002384,0.0
2022-12-02,DVN,rebalance_entry,True,Completed,0,1767,59.5761445533,105271.0474256811,0.0
2022-12-02,EOG,rebalance_entry,True,Completed,0,865,121.1600857555,104803.4741785075,0.0
2022-12-02,MTD,rebalance_entry,True,Completed,0,70,1463.08,102415.59999999999,0.0
2022-12-02,ON,rebalance_entry,True,Completed,0,1429,71.825,102637.925,0.0
2022-12-02,OXY,rebalance_entry,True,Completed,0,1626,64.5557840296,104967.7048321296,0.0
2022-12-02,STX,rebalance_entry,True,Completed,0,2203,46.8258176576,103157.27629969279,0.0
2022-12-02,TPL,rebalance_entry,True,Completed,0,386,275.1649501333,106213.6707514538,0.0
2022-12-02,VLO,rebalance_entry,True,Completed,0,889,118.5163129141,105361.0021806349,0.0
2022-12-05,EQT,stop_loss,False,Completed,3,-2752,36.820329290574996,106662.68021859201,0.0
2022-12-05,EQT,take_profit,False,Canceled,2,0,0.0,0.0,0.0
2022-12-05,MPC,stop_loss,False,Completed,3,-965,104.31293793836498,105959.9843268655,0.0
2022-12-05,MPC,take_profit,False,Canceled,2,0,0.0,0.0,0.0
2022-12-05,EOG,stop_loss,False,Completed,3,-865,115.102081467725,104803.4741785075,0.0
2022-12-05,EOG,take_profit,False,Canceled,2,0,0.0,0.0,0.0
2022-12-05,VLO,stop_loss,False,Completed,3,-889,112.590497268395,105361.0021806349,0.0
2022-12-05,VLO,take_profit,False,Canceled,2,0,0.0,0.0,0.0
2022-12-06,COP,stop_loss,False,Completed,3,-968,102.88866859011,104838.1381002384,0.0
2022-12-06,COP,take_profit,False,Canceled,2,0,0.0,0.0,0.0
2022-12-06,DVN,stop_loss,False,Completed,3,-1767,56.597337325634996,105271.0474256811,0.0
2022-12-06,DVN,take_profit,False,Canceled,2,0,0.0,0.0,0.0
2022-12-06,OXY,stop_loss,False,Completed,3,-1626,61.327994828120005,104967.7048321296,0.0
2022-12-06,OXY,take_profit,False,Canceled,2,0,0.0,0.0,0.0
2022-12-06,TPL,stop_loss,False,Completed,3,-386,261.406702626635,106213.6707514538,0.0
2022-12-06,TPL,take_profit,False,Canceled,2,0,0.0,0.0,0.0
2022-12-12,BIIB,stop_loss,False,Completed,3,-350,284.278,104734.0,0.0
2022-12-12,BIIB,take_profit,False,Canceled,2,0,0.0,0.0,0.0
2022-12-12,CF,stop_loss,False,Completed,3,-1103,90.97181467457,105623.06482742181,0.0
2022-12-12,CF,take_profit,False,Canceled,2,0,0.0,0.0,0.0
2022-12-14,ON,stop_loss,False,Completed,3,-1429,68.23375,102637.925,0.0
2022-12-14,ON,take_profit,False,Canceled,2,0,0.0,0.0,0.0
2022-12-15,AAPL,stop_loss,False,Completed,3,-725,136.36028146099997,104064.4253255,0.0
2022-12-15,AAPL,take_profit,False,Canceled,2,0,0.0,0.0,0.0
2023-01-04,STX,stop_loss,False,Canceled,3,0,0.0,0.0,0.0
2023-01-04,STX,take_profit,False,Canceled,2,0,0.0,0.0,0.0
2023-01-04,STLD,rebalance_entry,True,Margin,0,0,0.0,0.0,0.0
2023-01-04,TPL,rebalance_entry,True,Margin,0,0,0.0,0.0,0.0
2023-01-04,ADM,rebalance_entry,True,Completed,0,1271,79.9776267061,101651.5635434531,0.0
2023-01-04,AMGN,rebalance_entry,True,Completed,0,435,235.502471292,102443.57501202,0.0
2023-01-04,CASY,rebalance_entry,True,Completed,0,470,217.8180005713,102374.460268511,0.0
2023-01-04,CF,rebalance_entry,True,Completed,0,1346,75.4504805254,101556.34678718839,0.0
2023-01-04,DVN,rebalance_entry,True,Completed,0,1958,50.9620973274,99783.7865670492,0.0
2023-01-04,EQT,rebalance_entry,True,Completed,0,3375,30.0604219015,101453.9239175625,0.0
2023-01-04,ERIE,rebalance_entry,True,Completed,0,442,231.2512462691,102213.05085094219,0.0
2023-01-04,MPC,rebalance_entry,True,Completed,0,991,101.2107792705,100299.8822570655,0.0
2023-01-04,NUE,rebalance_entry,True,Completed,0,815,125.6799746728,102429.179358332,0.0
2023-01-04,OXY,rebalance_entry,True,Completed,0,1763,56.77173269370001,100088.56473899311,0.0
2023-01-04,PFG,rebalance_entry,True,Completed,0,1380,74.3400530604,102589.273223352,0.0
2023-01-04,SMCI,rebalance_entry,True,Completed,0,12162,8.461,102902.682,0.0
2023-01-05,ADM,stop_loss,False,Completed,3,-1271,75.978745370795,101651.5635434531,0.0
2023-01-05,ADM,take_profit,False,Canceled,2,0,0.0,0.0,0.0
2023-01-05,SMCI,stop_loss,False,Completed,3,-12162,8.03795,102902.682,0.0
2023-01-05,SMCI,take_profit,False,Canceled,2,0,0.0,0.0,0.0
2023-01-05,STX,rebalance_exit,False,Completed,0,-2203,47.5780045589,103157.27629969279,0.0
2023-01-27,NUE,take_profit,False,Completed,2,-815,163.38396707464,102429.179358332,0.0
2023-01-27,NUE,stop_loss,False,Canceled,3,0,0.0,0.0,0.0
2023-02-01,AMGN,stop_loss,False,Completed,3,-435,223.10100660470002,102443.57501202,0.0
2023-02-01,AMGN,take_profit,False,Canceled,2,0,0.0,0.0,0.0
2023-02-02,CASY,stop_loss,False,Canceled,3,0,0.0,0.0,0.0
2023-02-02,CASY,take_profit,False,Canceled,2,0,0.0,0.0,0.0
2023-02-02,CF,stop_loss,False,Canceled,3,0,0.0,0.0,0.0
2023-02-02,CF,take_profit,False,Canceled,2,0,0.0,0.0,0.0
2023-02-02,ERIE,stop_loss,False,Canceled,3,0,0.0,0.0,0.0
2023-02-02,ERIE,take_profit,False,Canceled,2,0,0.0,0.0,0.0
2023-02-02,PFG,stop_loss,False,Canceled,3,0,0.0,0.0,0.0
2023-02-02,PFG,take_profit,False,Canceled,2,0,0.0,0.0,0.0
2023-02-02,PSX,rebalance_entry,True,Margin,0,0,0.0,0.0,0.0
2023-02-02,SMCI,rebalance_entry,True,Margin,0,0,0.0,0.0,0.0
2023-02-02,TPL,rebalance_entry,True,Margin,0,0,0.0,0.0,0.0
2023-02-02,VLO,rebalance_entry,True,Margin,0,0,0.0,0.0,0.0
2023-02-02,WAT,rebalance_entry,True,Margin,0,0,0.0,0.0,0.0
2023-02-02,AMGN,rebalance_entry,True,Completed,0,477,218.2792096848,104119.1830196496,0.0
2023-02-02,CAT,rebalance_entry,True,Completed,0,443,237.00385139,104992.70616577,0.0
2023-02-02,CVX,rebalance_entry,True,Completed,0,710,148.0877070555,105142.272009405,0.0
2023-02-02,KLAC,rebalance_entry,True,Completed,0,265,401.0641928357,106282.0111014605,0.0
2023-02-02,MRNA,rebalance_entry,True,Completed,0,604,173.4,104733.6,0.0
2023-02-03,CASY,rebalance_exit,False,Completed,0,-470,220.3622515094,102374.460268511,0.0
2023-02-03,CF,rebalance_exit,False,Completed,0,-1346,78.4917949205,101556.34678718839,0.0
2023-02-03,ERIE,rebalance_exit,False,Completed,0,-442,230.6165912288,102213.05085094219,0.0
2023-02-03,PFG,rebalance_exit,False,Completed,0,-1380,81.4238388213,102589.273223352,0.0
2023-02-06,EQT,stop_loss,False,Completed,3,-3375,28.557400806424997,101453.9239175625,0.0
2023-02-06,EQT,take_profit,False,Canceled,2,0,0.0,0.0,0.0
2023-02-08,MRNA,stop_loss,False,Completed,3,-604,164.73,104733.6,0.0
2023-02-08,MRNA,take_profit,False,Canceled,2,0,0.0,0.0,0.0
2023-02-10,KLAC,stop_loss,False,Completed,3,-265,381.01098319391497,106282.0111014605,0.0
2023-02-10,KLAC,take_profit,False,Canceled,2,0,0.0,0.0,0.0
2023-02-17,DVN,stop_loss,False,Completed,3,-1958,48.41399246103,99783.7865670492,0.0
2023-02-17,DVN,take_profit,False,Canceled,2,0,0.0,0.0,0.0
2023-02-21,CVX,stop_loss,False,Completed,3,-710,140.683321702725,105142.272009405,0.0
2023-02-21,CVX,take_profit,False,Canceled,2,0,0.0,0.0,0.0
2023-02-22,CAT,stop_loss,False,Completed,3,-443,225.15365882049997,104992.70616577,0.0
2023-02-22,CAT,take_profit,False,Canceled,2,0,0.0,0.0,0.0
2023-03-02,XOM,rebalance_entry,True,Margin,0,0,0.0,0.0,0.0
2023-03-02,APA,rebalance_entry,True,Completed,0,2878,35.1882371594,101271.74654475322,0.0
2023-03-02,GILD,rebalance_entry,True,Completed,0,1420,71.1684911592,101059.257446064,0.0
2023-03-02,GPC,rebalance_entry,True,Completed,0,653,153.9768774816,100546.90099548482,0.0
2023-03-02,LLY,rebalance_entry,True,Completed,0,329,304.4632768964,100168.41809891559,0.0
2023-03-02,MRK,rebalance_entry,True,Completed,0,1047,96.6120206305,101152.7856001335,0.0
2023-03-02,MRNA,rebalance_entry,True,Completed,0,746,135.36,100978.56000000001,0.0
2023-03-02,TPL,rebalance_entry,True,Completed,0,526,191.9401969466,100960.5435939116,0.0
2023-03-02,ULTA,rebalance_entry,True,Completed,0,196,514.79,100898.84,0.0
2023-03-02,VLO,rebalance_entry,True,Completed,0,800,125.6690115763,100535.20926104,0.0
2023-03-02,WAT,rebalance_entry,True,Completed,0,327,307.73,100627.71,0.0
2023-03-07,AMGN,stop_loss,False,Completed,3,-477,207.36524920056,104119.1830196496,0.0
2023-03-07,AMGN,take_profit,False,Canceled,2,0,0.0,0.0,0.0
2023-03-08,VLO,stop_loss,False,Completed,3,-800,119.38556099748499,100535.20926104,0.0
2023-03-08,VLO,take_profit,False,Canceled,2,0,0.0,0.0,0.0
2023-03-09,APA,stop_loss,False,Completed,3,-2878,33.42882530143,101271.74654475322,0.0
2023-03-09,APA,take_profit,False,Canceled,2,0,0.0,0.0,0.0
2023-03-10,TPL,stop_loss,False,Completed,3,-526,182.34318709926998,100960.5435939116,0.0
2023-03-10,TPL,take_profit,False,Canceled,2,0,0.0,0.0,0.0
2023-03-13,IT,stop_loss,False,Completed,3,-326,310.175,106439.0,0.0
2023-03-13,IT,take_profit,False,Canceled,2,0,0.0,0.0,0.0
2023-03-15,OXY,stop_loss,False,Completed,3,-1763,53.93314605901501,100088.56473899311,0.0
2023-03-15,OXY,take_profit,False,Canceled,2,0,0.0,0.0,0.0
2023-03-15,GPC,stop_loss,False,Completed,3,-653,146.27803360752,100546.90099548482,0.0
2023-03-15,GPC,take_profit,False,Canceled,2,0,0.0,0.0,0.0
2023-03-24,WAT,stop_loss,False,Completed,3,-327,292.3435,100627.71,0.0
2023-03-24,WAT,take_profit,False,Canceled,2,0,0.0,0.0,0.0
2023-04-04,GILD,stop_loss,False,Canceled,3,0,0.0,0.0,0.0
2023-04-04,GILD,take_profit,False,Canceled,2,0,0.0,0.0,0.0
2023-04-04,LLY,stop_loss,False,Canceled,3,0,0.0,0.0,0.0
2023-04-04,LLY,take_profit,False,Canceled,2,0,0.0,0.0,0.0
2023-04-04,MRNA,stop_loss,False,Canceled,3,0,0.0,0.0,0.0
2023-04-04,MRNA,take_profit,False,Canceled,2,0,0.0,0.0,0.0
2023-04-04,ULTA,stop_loss,False,Canceled,3,0,0.0,0.0,0.0
2023-04-04,ULTA,take_profit,False,Canceled,2,0,0.0,0.0,0.0
2023-04-04,HD,rebalance_entry,True,Margin,0,0,0.0,0.0,0.0
2023-04-04,HUM,rebalance_entry,True,Margin,0,0,0.0,0.0,0.0
2023-04-04,IT,rebalance_entry,True,Margin,0,0,0.0,0.0,0.0
2023-04-04,SMCI,rebalance_entry,True,Margin,0,0,0.0,0.0,0.0
2023-04-04,TPL,rebalance_entry,True,Margin,0,0,0.0,0.0,0.0
2023-04-04,XOM,rebalance_entry,True,Margin,0,0,0.0,0.0,0.0
2023-04-04,ACGL,rebalance_entry,True,Completed,0,1587,65.2841439498,103605.93644833259,0.0
2023-04-04,AMGN,rebalance_entry,True,Completed,0,468,220.8811367153,103372.37198276039,0.0
2023-04-04,APA,rebalance_entry,True,Completed,0,2976,35.1305587981,104548.5429831456,0.0
2023-04-04,DECK,rebalance_entry,True,Completed,0,1369,75.9566666667,103984.6766667123,0.0
2023-04-04,EME,rebalance_entry,True,Completed,0,634,163.5410661799,103685.03595805661,0.0
2023-04-04,FIX,rebalance_entry,True,Completed,0,714,145.5888592239,103950.44548586459,0.0
2023-04-04,GIS,rebalance_entry,True,Completed,0,1378,75.3272244285,103800.915262473,0.0
2023-04-05,APA,stop_loss,False,Completed,3,-2976,33.374030858195,104548.5429831456,0.0
2023-04-05,APA,take_profit,False,Canceled,2,0,0.0,0.0,0.0
2023-04-05,EME,stop_loss,False,Completed,3,-634,155.36401287090501,103685.03595805661,0.0
2023-04-05,EME,take_profit,False,Canceled,2,0,0.0,0.0,0.0
2023-04-05,FIX,stop_loss,False,Completed,3,-714,136.9416794912,103950.44548586459,0.0
2023-04-05,FIX,take_profit,False,Canceled,2,0,0.0,0.0,0.0
2023-04-05,GILD,rebalance_exit,False,Completed,0,-1420,74.3583962456,101059.257446064,0.0
2023-04-05,LLY,rebalance_exit,False,Completed,0,-329,349.6655126561,100168.41809891559,0.0
2023-04-05,MRNA,rebalance_exit,False,Completed,0,-746,155.79,100978.56000000001,0.0
2023-04-05,ULTA,rebalance_exit,False,Completed,0,-196,544.9,100898.84,0.0
2023-05-02,ACGL,stop_loss,False,Canceled,3,0,0.0,0.0,0.0
2023-05-02,ACGL,take_profit,False,Canceled,2,0,0.0,0.0,0.0
2023-05-02,AON,stop_loss,False,Canceled,3,0,0.0,0.0,0.0
2023-05-02,AON,take_profit,False,Canceled,2,0,0.0,0.0,0.0
2023-05-02,GIS,stop_loss,False,Canceled,3,0,0.0,0.0,0.0
2023-05-02,GIS,take_profit,False,Canceled,2,0,0.0,0.0,0.0
2023-05-02,MRK,stop_loss,False,Canceled,3,0,0.0,0.0,0.0
2023-05-02,MRK,take_profit,False,Canceled,2,0,0.0,0.0,0.0
2023-05-02,HD,rebalance_entry,True,Margin,0,0,0.0,0.0,0.0
2023-05-02,IT,rebalance_entry,True,Margin,0,0,0.0,0.0,0.0
2023-05-02,NFLX,rebalance_entry,True,Margin,0,0,0.0,0.0,0.0
2023-05-02,OMC,rebalance_entry,True,Margin,0,0,0.0,0.0,0.0
2023-05-02,TSCO,rebalance_entry,True,Margin,0,0,0.0,0.0,0.0
2023-05-02,URI,rebalance_entry,True,Margin,0,0,0.0,0.0,0.0
2023-05-02,ABBV,rebalance_entry,True,Completed,0,757,137.799142887,104313.95116545899,0.0
2023-05-02,APA,rebalance_entry,True,Completed,0,3170,32.2996940008,102390.02998253601,0.0
2023-05-02,AXON,rebalance_entry,True,Completed,0,483,216.58,104608.14,0.0
2023-05-02,DGX,rebalance_entry,True,Completed,0,795,127.6636521541,101492.6034625095,0.0
2023-05-02,ERIE,rebalance_entry,True,Completed,0,481,216.7909455516,104276.4448103196,0.0
2023-05-02,GE,rebalance_entry,True,Completed,0,1314,79.0272330539,103841.7842328246,0.0
2023-05-02,GILD,rebalance_entry,True,Completed,0,1420,73.6626980061,104601.031168662,0.0
2023-05-03,AMGN,stop_loss,False,Completed,3,-468,209.83707987953497,103372.37198276039,0.0
2023-05-03,AMGN,take_profit,False,Canceled,2,0,0.0,0.0,0.0
2023-05-03,APA,stop_loss,False,Completed,3,-3170,30.0353210945,102390.02998253601,0.0
2023-05-03,APA,take_profit,False,Canceled,2,0,0.0,0.0,0.0
2023-05-03,ACGL,rebalance_exit,False,Completed,0,-1587,72.511521867,103605.93644833259,0.0
2023-05-03,AON,rebalance_exit,False,Completed,0,-383,314.3253060404,105381.03899647911,0.0
2023-05-03,GIS,rebalance_exit,False,Completed,0,-1378,78.5846204194,103800.915262473,0.0
2023-05-03,MRK,rebalance_exit,False,Completed,0,-1047,107.9677599566,101152.7856001335,0.0
2023-05-08,MTD,stop_loss,False,Completed,3,-70,1389.926,102415.59999999999,0.0
2023-05-08,MTD,take_profit,False,Canceled,2,0,0.0,0.0,0.0
2023-05-10,ABBV,stop_loss,False,Completed,3,-757,130.90918574264998,104313.95116545899,0.0
2023-05-10,ABBV,take_profit,False,Canceled,2,0,0.0,0.0,0.0
2023-05-10,AXON,stop_loss,False,Completed,3,-483,205.751,104608.14,0.0
2023-05-10,AXON,take_profit,False,Canceled,2,0,0.0,0.0,0.0
2023-05-10,GILD,stop_loss,False,Completed,3,-1420,69.979563105795,104601.031168662,0.0
2023-05-10,GILD,take_profit,False,Canceled,2,0,0.0,0.0,0.0
2023-05-24,ERIE,stop_loss,False,Completed,3,-481,205.95139827402,104276.4448103196,0.0
2023-05-24,ERIE,take_profit,False,Canceled,2,0,0.0,0.0,0.0
2023-05-26,DECK,stop_loss,False,Completed,3,-1369,72.158833333365,103984.6766667123,0.0
2023-05-26,DECK,take_profit,False,Canceled,2,0,0.0,0.0,0.0
2023-06-02,DGX,stop_loss,False,Canceled,3,0,0.0,0.0,0.0
2023-06-02,DGX,take_profit,False,Canceled,2,0,0.0,0.0,0.0
2023-06-02,ULTA,rebalance_entry,True,Margin,0,0,0.0,0.0,0.0
2023-06-02,VLO,rebalance_entry,True,Margin,0,0,0.0,0.0,0.0
2023-06-02,ACGL,rebalance_entry,True,Completed,0,1519,66.7296195332,101362.2920709308,0.0
2023-06-02,APA,rebalance_entry,True,Completed,0,3518,29.4323815632,103543.1183393376,0.0
2023-06-02,BKNG,rebalance_entry,True,Completed,0,1005,101.2078335508,101713.872718554,0.0
2023-06-02,BLDR,rebalance_entry,True,Completed,0,869,116.67,101386.23,0.0
2023-06-02,EME,rebalance_entry,True,Completed,0,613,165.3077325932,101333.6400796316,0.0
2023-06-02,FIX,rebalance_entry,True,Completed,0,685,148.5719729231,101771.80145232349,0.0
2023-06-02,GPC,rebalance_entry,True,Completed,0,733,137.9135305558,101090.6178974014,0.0
2023-06-02,GWW,rebalance_entry,True,Completed,0,157,640.9848183108,100634.6164747956,0.0
2023-06-02,HD,rebalance_entry,True,Completed,0,374,271.3041054703,101467.73544589219,0.0
2023-06-02,IT,rebalance_entry,True,Completed,0,295,341.7,100801.5,0.0
2023-06-02,KLAC,rebalance_entry,True,Completed,0,228,443.2390936328,101058.5133482784,0.0
2023-06-02,MAR,rebalance_entry,True,Completed,0,605,166.9734077515,101018.9116896575,0.0
2023-06-02,NTAP,rebalance_entry,True,Completed,0,1489,67.7262744019,100844.42258442909,0.0
2023-06-05,DGX,rebalance_exit,False,Completed,0,-795,126.79698627459999,101492.6034625095,0.0
2023-06-16,COR,take_profit,False,Completed,2,-784,178.01532935758001,107356.9370894944,0.0
2023-06-16,COR,stop_loss,False,Canceled,3,0,0.0,0.0,0.0
2023-07-05,ACGL,stop_loss,False,Canceled,3,0,0.0,0.0,0.0
2023-07-05,ACGL,take_profit,False,Canceled,2,0,0.0,0.0,0.0
2023-07-05,EME,stop_loss,False,Canceled,3,0,0.0,0.0,0.0
2023-07-05,EME,take_profit,False,Canceled,2,0,0.0,0.0,0.0
2023-07-05,GE,stop_loss,False,Canceled,3,0,0.0,0.0,0.0
2023-07-05,GE,take_profit,False,Canceled,2,0,0.0,0.0,0.0
2023-07-05,GPC,stop_loss,False,Canceled,3,0,0.0,0.0,0.0
2023-07-05,GPC,take_profit,False,Canceled,2,0,0.0,0.0,0.0
2023-07-05,GWW,stop_loss,False,Canceled,3,0,0.0,0.0,0.0
2023-07-05,GWW,take_profit,False,Canceled,2,0,0.0,0.0,0.0
2023-07-05,KLAC,stop_loss,False,Canceled,3,0,0.0,0.0,0.0
2023-07-05,KLAC,take_profit,False,Canceled,2,0,0.0,0.0,0.0
2023-07-05,MPC,stop_loss,False,Canceled,3,0,0.0,0.0,0.0
2023-07-05,MPC,take_profit,False,Canceled,2,0,0.0,0.0,0.0
2023-07-05,NTAP,stop_loss,False,Canceled,3,0,0.0,0.0,0.0
2023-07-05,NTAP,take_profit,False,Canceled,2,0,0.0,0.0,0.0
2023-07-05,BBY,rebalance_entry,True,Margin,0,0,0.0,0.0,0.0
2023-07-05,COR,rebalance_entry,True,Margin,0,0,0.0,0.0,0.0
2023-07-05,DHI,rebalance_entry,True,Margin,0,0,0.0,0.0,0.0
2023-07-05,HSY,rebalance_entry,True,Margin,0,0,0.0,0.0,0.0
2023-07-05,LEN,rebalance_entry,True,Margin,0,0,0.0,0.0,0.0
2023-07-05,OMC,rebalance_entry,True,Margin,0,0,0.0,0.0,0.0
2023-07-05,PHM,rebalance_entry,True,Margin,0,0,0.0,0.0,0.0
2023-07-05,TPR,rebalance_entry,True,Margin,0,0,0.0,0.0,0.0
2023-07-05,UAL,rebalance_entry,True,Margin,0,0,0.0,0.0,0.0
2023-07-05,AMAT,rebalance_entry,True,Completed,0,759,140.7371663439,106819.5092550201,0.0
2023-07-05,AMGN,rebalance_entry,True,Completed,0,525,204.8620983955,107552.6016576375,0.0
2023-07-06,ACGL,rebalance_exit,False,Completed,0,-1519,70.0199784271,101362.2920709308,0.0
2023-07-06,EME,rebalance_exit,False,Completed,0,-613,180.2924051959,101333.6400796316,0.0
2023-07-06,GE,rebalance_exit,False,Completed,0,-1314,84.8397916922,103841.7842328246,0.0
2023-07-06,GPC,rebalance_exit,False,Completed,0,-733,152.8773234748,101090.6178974014,0.0
2023-07-06,GWW,rebalance_exit,False,Completed,0,-157,758.5987682311,100634.6164747956,0.0
2023-07-06,KLAC,rebalance_exit,False,Completed,0,-228,451.518559222,101058.5133482784,0.0
2023-07-06,MPC,rebalance_exit,False,Completed,0,-991,108.4821468747,100299.8822570655,0.0
2023-07-06,NTAP,rebalance_exit,False,Completed,0,-1489,70.7743869331,100844.42258442909,0.0
2023-07-11,AMAT,stop_loss,False,Completed,3,-759,133.700308026705,106819.5092550201,0.0
2023-07-11,AMAT,take_profit,False,Canceled,2,0,0.0,0.0,0.0
2023-08-02,FIX,stop_loss,False,Canceled,3,0,0.0,0.0,0.0
2023-08-02,FIX,take_profit,False,Canceled,2,0,0.0,0.0,0.0
2023-08-02,PHM,rebalance_entry,True,Margin,0,0,0.0,0.0,0.0
2023-08-02,SMCI,rebalance_entry,True,Margin,0,0,0.0,0.0,0.0
2023-08-02,BLDR,take_profit,False,Completed,2,-869,156.85,101386.23,0.0
2023-08-02,BLDR,stop_loss,False,Canceled,3,0,0.0,0.0,0.0
2023-08-02,ACGL,rebalance_entry,True,Completed,0,1497,73.2342596588,109631.68670922359,0.0
2023-08-02,ANET,rebalance_entry,True,Completed,0,2366,45.7775,108309.565,0.0
2023-08-02,AVGO,rebalance_entry,True,Completed,0,1235,88.1522560642,108868.036239287,0.0
2023-08-02,COR,rebalance_entry,True,Completed,0,595,183.1020522761,108945.72110427951,0.0
2023-08-02,DECK,rebalance_entry,True,Completed,0,1214,90.075,109351.05,0.0
2023-08-02,DHI,rebalance_entry,True,Completed,0,885,123.23199621920001,109060.316653992,0.0
2023-08-02,GE,rebalance_entry,True,Completed,0,1234,88.8000026013,109579.2032100042,0.0
2023-08-02,JBL,rebalance_entry,True,Completed,0,1014,107.2985724271,108800.7524410794,0.0
2023-08-02,PFG,rebalance_entry,True,Completed,0,1545,70.1775577642,108424.326745689,0.0
2023-08-03,FIX,rebalance_exit,False,Completed,0,-685,173.1723408922,101771.80145232349,0.0
2023-08-04,APA,take_profit,False,Completed,2,-3518,38.26209603216,103543.1183393376,0.0
2023-08-04,APA,stop_loss,False,Canceled,3,0,0.0,0.0,0.0
2023-08-09,AVGO,stop_loss,False,Completed,3,-1235,83.74464326099,108868.036239287,0.0
2023-08-09,AVGO,take_profit,False,Canceled,2,0,0.0,0.0,0.0
2023-08-17,DHI,stop_loss,False,Completed,3,-885,117.07039640824,109060.316653992,0.0
2023-08-17,DHI,take_profit,False,Canceled,2,0,0.0,0.0,0.0
2023-08-17,JBL,stop_loss,False,Completed,3,-1014,101.93364380574499,108800.7524410794,0.0
2023-08-17,JBL,take_profit,False,Canceled,2,0,0.0,0.0,0.0
2023-08-18,IT,stop_loss,False,Completed,3,-295,324.61499999999995,100801.5,0.0
2023-08-18,IT,take_profit,False,Canceled,2,0,0.0,0.0,0.0
2023-08-22,COR,stop_loss,False,Completed,3,-595,173.946949662295,108945.72110427951,0.0
2023-08-22,COR,take_profit,False,Canceled,2,0,0.0,0.0,0.0
2023-08-28,DECK,stop_loss,False,Completed,3,-1214,85.57124999999999,109351.05,0.0
2023-08-28,DECK,take_profit,False,Canceled,2,0,0.0,0.0,0.0
2023-09-05,ACGL,stop_loss,False,Canceled,3,0,0.0,0.0,0.0
2023-09-05,ACGL,take_profit,False,Canceled,2,0,0.0,0.0,0.0
2023-09-05,ANET,stop_loss,False,Canceled,3,0,0.0,0.0,0.0
2023-09-05,ANET,take_profit,False,Canceled,2,0,0.0,0.0,0.0
2023-09-05,PFG,stop_loss,False,Canceled,3,0,0.0,0.0,0.0
2023-09-05,PFG,take_profit,False,Canceled,2,0,0.0,0.0,0.0
2023-09-05,MSI,rebalance_entry,True,Margin,0,0,0.0,0.0,0.0
2023-09-05,PCAR,rebalance_entry,True,Margin,0,0,0.0,0.0,0.0
2023-09-05,PCG,rebalance_entry,True,Margin,0,0,0.0,0.0,0.0
2023-09-05,VLO,rebalance_entry,True,Margin,0,0,0.0,0.0,0.0
2023-09-05,APA,rebalance_entry,True,Completed,0,2722,40.8202748516,111112.78814605519,0.0
2023-09-05,COR,rebalance_entry,True,Completed,0,645,170.9918651753,110289.7530380685,0.0
2023-09-05,EME,rebalance_entry,True,Completed,0,491,223.37251913859998,109675.9068970526,0.0
2023-09-05,EMR,rebalance_entry,True,Completed,0,1172,93.9828702086,110147.92388447921,0.0
2023-09-05,FIX,rebalance_entry,True,Completed,0,598,182.5548012756,109167.7711628088,0.0
2023-09-05,IBKR,rebalance_entry,True,Completed,0,4841,22.7770989463,110263.93599903831,0.0
2023-09-05,IT,rebalance_entry,True,Completed,0,315,348.75,109856.25,0.0
2023-09-05,MA,rebalance_entry,True,Completed,0,269,406.7517869048,109416.2306773912,0.0
2023-09-05,MPC,rebalance_entry,True,Completed,0,800,138.5408631453,110832.69051623999,0.0
2023-09-06,ACGL,rebalance_exit,False,Completed,0,-1497,72.2547597568,109631.68670922359,0.0
2023-09-06,ANET,rebalance_exit,False,Completed,0,-2366,49.1325,108309.565,0.0
2023-09-06,PFG,rebalance_exit,False,Completed,0,-1545,68.8731888409,108424.326745689,0.0
2023-09-11,APA,stop_loss,False,Completed,3,-2722,38.77926110902,111112.78814605519,0.0
2023-09-11,APA,take_profit,False,Canceled,2,0,0.0,0.0,0.0
2023-09-15,EME,stop_loss,False,Completed,3,-491,212.20389318166997,109675.9068970526,0.0
2023-09-15,EME,take_profit,False,Canceled,2,0,0.0,0.0,0.0
2023-09-21,FIX,stop_loss,False,Completed,3,-598,173.42706121182,109167.7711628088,0.0
2023-09-21,FIX,take_profit,False,Canceled,2,0,0.0,0.0,0.0
2023-09-22,IBKR,stop_loss,False,Completed,3,-4841,21.638243998985,110263.93599903831,0.0
2023-09-22,IBKR,take_profit,False,Canceled,2,0,0.0,0.0,0.0
2023-09-27,MA,stop_loss,False,Completed,3,-269,386.41419755955997,109416.2306773912,0.0
2023-09-27,MA,take_profit,False,Canceled,2,0,0.0,0.0,0.0
2023-10-03,AMGN,stop_loss,False,Canceled,3,0,0.0,0.0,0.0
2023-10-03,AMGN,take_profit,False,Canceled,2,0,0.0,0.0,0.0
2023-10-03,EMR,stop_loss,False,Canceled,3,0,0.0,0.0,0.0
2023-10-03,EMR,take_profit,False,Canceled,2,0,0.0,0.0,0.0
2023-10-03,MPC,stop_loss,False,Canceled,3,0,0.0,0.0,0.0
2023-10-03,MPC,take_profit,False,Canceled,2,0,0.0,0.0,0.0
2023-10-03,META,rebalance_entry,True,Margin,0,0,0.0,0.0,0.0
2023-10-03,MSI,rebalance_entry,True,Margin,0,0,0.0,0.0,0.0
2023-10-03,PHM,rebalance_entry,True,Margin,0,0,0.0,0.0,0.0
2023-10-03,SLB,rebalance_entry,True,Margin,0,0,0.0,0.0,0.0
2023-10-03,GE,stop_loss,False,Completed,3,-1234,84.36000247123499,109579.2032100042,0.0
2023-10-03,GE,take_profit,False,Canceled,2,0,0.0,0.0,0.0
2023-10-03,ACGL,rebalance_entry,True,Completed,0,1421,75.3739439106,107106.3742969626,0.0
2023-10-03,APA,rebalance_entry,True,Completed,0,3018,35.4524986211,106995.6408384798,0.0
2023-10-03,APO,rebalance_entry,True,Completed,0,1249,85.4553838781,106733.77446374689,0.0
2023-10-03,BKR,rebalance_entry,True,Completed,0,3294,32.3361644518,106515.32570422921,0.0
2023-10-03,BLDR,rebalance_entry,True,Completed,0,872,121.35,105817.2,0.0
2023-10-03,CPAY,rebalance_entry,True,Completed,0,419,253.73999999999998,106317.06,0.0
2023-10-03,EG,rebalance_entry,True,Completed,0,301,355.8172536836,107100.99335876359,0.0
2023-10-03,HAL,rebalance_entry,True,Completed,0,2864,37.0892999415,106223.755032456,0.0
2023-10-04,APA,stop_loss,False,Completed,3,-3018,33.679873690045,106995.6408384798,0.0
2023-10-04,APA,take_profit,False,Canceled,2,0,0.0,0.0,0.0
2023-10-04,AMGN,rebalance_exit,False,Completed,0,-525,240.9321557085,107552.6016576375,0.0
2023-10-04,EMR,rebalance_exit,False,Completed,0,-1172,90.1577093476,110147.92388447921,0.0
2023-10-04,MPC,rebalance_exit,False,Completed,0,-800,136.859060401,110832.69051623999,0.0
2023-10-12,BLDR,stop_loss,False,Completed,3,-872,115.28249999999998,105817.2,0.0
2023-10-12,BLDR,take_profit,False,Canceled,2,0,0.0,0.0,0.0
2023-10-19,APO,stop_loss,False,Completed,3,-1249,81.18261468419499,106733.77446374689,0.0
2023-10-19,APO,take_profit,False,Canceled,2,0,0.0,0.0,0.0
2023-10-20,CPAY,stop_loss,False,Completed,3,-419,241.05299999999994,106317.06,0.0
2023-10-20,CPAY,take_profit,False,Canceled,2,0,0.0,0.0,0.0
2023-10-25,IT,stop_loss,False,Completed,3,-315,331.3125,109856.25,0.0
2023-10-25,IT,take_profit,False,Canceled,2,0,0.0,0.0,0.0
2023-10-27,HD,stop_loss,False,Completed,3,-374,257.738900196785,101467.73544589219,0.0
2023-10-27,HD,take_profit,False,Canceled,2,0,0.0,0.0,0.0
2023-11-02,ACGL,stop_loss,False,Canceled,3,0,0.0,0.0,0.0
2023-11-02,ACGL,take_profit,False,Canceled,2,0,0.0,0.0,0.0
2023-11-02,BKR,stop_loss,False,Canceled,3,0,0.0,0.0,0.0
2023-11-02,BKR,take_profit,False,Canceled,2,0,0.0,0.0,0.0
2023-11-02,CL,stop_loss,False,Canceled,3,0,0.0,0.0,0.0
2023-11-02,CL,take_profit,False,Canceled,2,0,0.0,0.0,0.0
2023-11-02,EG,stop_loss,False,Canceled,3,0,0.0,0.0,0.0
2023-11-02,EG,take_profit,False,Canceled,2,0,0.0,0.0,0.0
2023-11-02,HAL,stop_loss,False,Canceled,3,0,0.0,0.0,0.0
2023-11-02,HAL,take_profit,False,Canceled,2,0,0.0,0.0,0.0
2023-11-02,KMB,stop_loss,False,Canceled,3,0,0.0,0.0,0.0
2023-11-02,KMB,take_profit,False,Canceled,2,0,0.0,0.0,0.0
2023-11-02,META,rebalance_entry,True,Margin,0,0,0.0,0.0,0.0
2023-11-02,MSI,rebalance_entry,True,Margin,0,0,0.0,0.0,0.0
2023-11-02,NVDA,rebalance_entry,True,Margin,0,0,0.0,0.0,0.0
2023-11-02,ON,rebalance_entry,True,Margin,0,0,0.0,0.0,0.0
2023-11-02,PHM,rebalance_entry,True,Margin,0,0,0.0,0.0,0.0
2023-11-02,SMCI,rebalance_entry,True,Margin,0,0,0.0,0.0,0.0
2023-11-02,WST,rebalance_entry,True,Margin,0,0,0.0,0.0,0.0
2023-11-02,ALGN,rebalance_entry,True,Completed,0,579,188.95,109402.04999999999,0.0
2023-11-02,AMGN,rebalance_entry,True,Completed,0,442,242.03524074040004,106979.57640725681,0.0
2023-11-02,APA,rebalance_entry,True,Completed,0,2962,35.3009418898,104561.3898775876,0.0
2023-11-02,APO,rebalance_entry,True,Completed,0,1323,80.8745076312,106996.9735960776,0.0
2023-11-02,AVGO,rebalance_entry,True,Completed,0,1280,83.7532498527,107204.15981145599,0.0
2023-11-02,CAT,rebalance_entry,True,Completed,0,474,227.660329677,107910.996266898,0.0
2023-11-02,F,rebalance_entry,True,Completed,0,12576,8.5328241801,107308.7968889376,0.0
2023-11-02,GE,rebalance_entry,True,Completed,0,1258,85.6463458866,107743.10312534281,0.0
2023-11-02,HUBB,rebalance_entry,True,Completed,0,394,270.5149477538,106582.8894149972,0.0
2023-11-02,JBL,rebalance_entry,True,Completed,0,854,125.3996560158,107091.3062374932,0.0
2023-11-03,ACGL,rebalance_exit,False,Completed,0,-1421,82.2019141008,107106.3742969626,0.0
2023-11-03,BKR,rebalance_exit,False,Completed,0,-3294,33.6664813871,106515.32570422921,0.0
2023-11-03,CL,rebalance_exit,False,Completed,0,-1603,70.6766696568,104462.8963765254,0.0
2023-11-03,EG,rebalance_exit,False,Completed,0,-301,361.8618646073,107100.99335876359,0.0
2023-11-03,HAL,rebalance_exit,False,Completed,0,-2864,38.0591394678,106223.755032456,0.0
2023-11-03,KMB,rebalance_exit,False,Completed,0,-975,110.004568171,105775.322445,0.0
2023-11-08,APA,stop_loss,False,Completed,3,-2962,33.53589479531,104561.3898775876,0.0
2023-11-08,APA,take_profit,False,Canceled,2,0,0.0,0.0,0.0
2023-11-29,JBL,stop_loss,False,Completed,3,-854,116.9972320061,107091.3062374932,0.0
2023-11-29,JBL,take_profit,False,Canceled,2,0,0.0,0.0,0.0
2023-12-04,ALGN,stop_loss,False,Canceled,3,0,0.0,0.0,0.0
2023-12-04,ALGN,take_profit,False,Canceled,2,0,0.0,0.0,0.0
2023-12-04,AMGN,stop_loss,False,Canceled,3,0,0.0,0.0,0.0
2023-12-04,AMGN,take_profit,False,Canceled,2,0,0.0,0.0,0.0
2023-12-04,APO,stop_loss,False,Canceled,3,0,0.0,0.0,0.0
2023-12-04,APO,take_profit,False,Canceled,2,0,0.0,0.0,0.0
2023-12-04,CAT,stop_loss,False,Canceled,3,0,0.0,0.0,0.0
2023-12-04,CAT,take_profit,False,Canceled,2,0,0.0,0.0,0.0
2023-12-04,F,stop_loss,False,Canceled,3,0,0.0,0.0,0.0
2023-12-04,F,take_profit,False,Canceled,2,0,0.0,0.0,0.0
2023-12-04,GE,stop_loss,False,Canceled,3,0,0.0,0.0,0.0
2023-12-04,GE,take_profit,False,Canceled,2,0,0.0,0.0,0.0
2023-12-04,HUBB,stop_loss,False,Canceled,3,0,0.0,0.0,0.0
2023-12-04,HUBB,take_profit,False,Canceled,2,0,0.0,0.0,0.0
2023-12-04,MAR,stop_loss,False,Canceled,3,0,0.0,0.0,0.0
2023-12-04,MAR,take_profit,False,Canceled,2,0,0.0,0.0,0.0
2023-12-04,HD,rebalance_entry,True,Margin,0,0,0.0,0.0,0.0
2023-12-04,JBL,rebalance_entry,True,Margin,0,0,0.0,0.0,0.0
2023-12-04,KLAC,rebalance_entry,True,Margin,0,0,0.0,0.0,0.0
2023-12-04,META,rebalance_entry,True,Margin,0,0,0.0,0.0,0.0
2023-12-04,MSI,rebalance_entry,True,Margin,0,0,0.0,0.0,0.0
2023-12-04,NVDA,rebalance_entry,True,Margin,0,0,0.0,0.0,0.0
2023-12-04,PHM,rebalance_entry,True,Margin,0,0,0.0,0.0,0.0
2023-12-04,SMCI,rebalance_entry,True,Margin,0,0,0.0,0.0,0.0
2023-12-04,VRT,rebalance_entry,True,Margin,0,0,0.0,0.0,0.0
2023-12-04,AAPL,rebalance_entry,True,Completed,0,588,187.8657126232,110465.0390224416,0.0
2023-12-04,ACGL,rebalance_entry,True,Completed,0,1416,78.5216571877,111186.6665777832,0.0
2023-12-04,ADBE,rebalance_entry,True,Completed,0,181,604.91,109488.70999999999,0.0
2023-12-04,APA,rebalance_entry,True,Completed,0,3399,32.3252796091,109873.6253913309,0.0
2023-12-04,BLDR,rebalance_entry,True,Completed,0,799,141.95,113418.04999999999,0.0
2023-12-04,CL,rebalance_entry,True,Completed,0,1498,74.0934637828,110992.0087466344,0.0
2023-12-04,FTNT,rebalance_entry,True,Completed,0,2120,51.98,110197.59999999999,0.0
2023-12-04,GOOGL,rebalance_entry,True,Completed,0,851,128.8097926957,109617.1335840407,0.0
2023-12-05,ALGN,rebalance_exit,False,Completed,0,-579,217.17,109402.04999999999,0.0
2023-12-05,AMGN,rebalance_exit,False,Completed,0,-442,251.89197220360003,106979.57640725681,0.0
2023-12-05,APO,rebalance_exit,False,Completed,0,-1323,86.1599850969,106996.9735960776,0.0
2023-12-05,CAT,rebalance_exit,False,Completed,0,-474,245.0196711851,107910.996266898,0.0
2023-12-05,F,rebalance_exit,False,Completed,0,-12576,9.060803321,107308.7968889376,0.0
2023-12-05,GE,rebalance_exit,False,Completed,0,-1258,95.1879529367,107743.10312534281,0.0
2023-12-05,HUBB,rebalance_exit,False,Completed,0,-394,292.8102764279,106582.8894149972,0.0
2023-12-05,MAR,rebalance_exit,False,Completed,0,-605,202.3886878133,101018.9116896575,0.0
2023-12-06,APA,stop_loss,False,Completed,3,-3399,30.709015628645,109873.6253913309,0.0
2023-12-06,APA,take_profit,False,Canceled,2,0,0.0,0.0,0.0
2023-12-07,ACGL,stop_loss,False,Completed,3,-1416,74.595574328315,111186.6665777832,0.0
2023-12-07,ACGL,take_profit,False,Canceled,2,0,0.0,0.0,0.0
2023-12-11,BKNG,take_profit,False,Completed,2,-1005,131.57018361604,101713.872718554,0.0
2023-12-11,BKNG,stop_loss,False,Canceled,3,0,0.0,0.0,0.0
2023-12-14,AVGO,take_profit,False,Completed,2,-1280,108.87922480851,107204.15981145599,0.0
2023-12-14,AVGO,stop_loss,False,Canceled,3,0,0.0,0.0,0.0
2024-01-03,AAPL,stop_loss,False,Canceled,3,0,0.0,0.0,0.0
2024-01-03,AAPL,take_profit,False,Canceled,2,0,0.0,0.0,0.0
2024-01-03,ADBE,stop_loss,False,Canceled,3,0,0.0,0.0,0.0
2024-01-03,ADBE,take_profit,False,Canceled,2,0,0.0,0.0,0.0
2024-01-03,GOOGL,stop_loss,False,Canceled,3,0,0.0,0.0,0.0
2024-01-03,GOOGL,take_profit,False,Canceled,2,0,0.0,0.0,0.0
2024-01-03,SMCI,rebalance_entry,True,Margin,0,0,0.0,0.0,0.0
2024-01-03,TSLA,rebalance_entry,True,Margin,0,0,0.0,0.0,0.0
2024-01-03,UBER,rebalance_entry,True,Margin,0,0,0.0,0.0,0.0
2024-01-03,VRT,rebalance_entry,True,Margin,0,0,0.0,0.0,0.0
2024-01-03,APA,rebalance_entry,True,Completed,0,3480,32.5513937642,113278.850299416,0.0
2024-01-03,AVGO,rebalance_entry,True,Completed,0,1072,104.4613253202,111982.5407432544,0.0
2024-01-03,BKNG,rebalance_entry,True,Completed,0,831,135.9689551612,112990.2017389572,0.0
2024-01-03,CVNA,rebalance_entry,True,Completed,0,11628,9.3,108140.40000000001,0.0
2024-01-03,DECK,rebalance_entry,True,Completed,0,1011,112.4383333333,113675.1549999663,0.0
2024-01-03,HD,rebalance_entry,True,Completed,0,348,323.8668704226,112705.6709070648,0.0
2024-01-03,META,rebalance_entry,True,Completed,0,330,342.3199301266,112965.57694177801,0.0
2024-01-03,MSI,rebalance_entry,True,Completed,0,373,305.6889643912,114021.9837179176,0.0
2024-01-03,NVDA,rebalance_entry,True,Completed,0,2361,47.456364206,112044.47589036601,0.0
2024-01-03,ORCL,rebalance_entry,True,Completed,0,1123,100.4045496012,112754.3092021476,0.0
2024-01-03,PHM,rebalance_entry,True,Completed,0,1138,98.2998444829,111865.2230215402,0.0
2024-01-03,RCL,rebalance_entry,True,Completed,0,967,114.93470333109998,111141.85812117369,0.0
2024-01-04,APA,stop_loss,False,Completed,3,-3480,30.923824075989998,113278.850299416,0.0
2024-01-04,APA,take_profit,False,Canceled,2,0,0.0,0.0,0.0
2024-01-04,AAPL,rebalance_exit,False,Completed,0,-588,180.1228526915,110465.0390224416,0.0
2024-01-04,ADBE,rebalance_exit,False,Completed,0,-181,570.99,109488.70999999999,0.0
2024-01-04,GOOGL,rebalance_exit,False,Completed,0,-851,137.2794233518,109617.1335840407,0.0
2024-01-11,CVNA,stop_loss,False,Completed,3,-11628,8.835,108140.40000000001,0.0
2024-01-11,CVNA,take_profit,False,Canceled,2,0,0.0,0.0,0.0
2024-01-24,NVDA,take_profit,False,Completed,2,-2361,61.693273467800005,112044.47589036601,0.0
2024-01-24,NVDA,stop_loss,False,Canceled,3,0,0.0,0.0,0.0
2024-01-31,COR,take_profit,False,Completed,2,-645,223.353043857,110289.7530380685,0.0
2024-01-31,COR,stop_loss,False,Canceled,3,0,0.0,0.0,0.0
2024-02-02,DECK,stop_loss,False,Canceled,3,0,0.0,0.0,0.0
2024-02-02,DECK,take_profit,False,Canceled,2,0,0.0,0.0,0.0
2024-02-02,PHM,stop_loss,False,Canceled,3,0,0.0,0.0,0.0
2024-02-02,PHM,take_profit,False,Canceled,2,0,0.0,0.0,0.0
2024-02-02,RCL,stop_loss,False,Canceled,3,0,0.0,0.0,0.0
2024-02-02,RCL,take_profit,False,Canceled,2,0,0.0,0.0,0.0
2024-02-02,PANW,rebalance_entry,True,Margin,0,0,0.0,0.0,0.0
2024-02-02,ROK,rebalance_entry,True,Margin,0,0,0.0,0.0,0.0
2024-02-02,UPS,rebalance_entry,True,Margin,0,0,0.0,0.0,0.0
2024-02-02,WSM,rebalance_entry,True,Margin,0,0,0.0,0.0,0.0
2024-02-02,META,take_profit,False,Completed,2,-330,456.05611886530005,112965.57694177801,0.0
2024-02-02,META,stop_loss,False,Canceled,3,0,0.0,0.0,0.0
2024-02-02,AAPL,rebalance_entry,True,Completed,0,658,177.8583381009,117030.7864703922,0.0
2024-02-02,ANET,rebalance_entry,True,Completed,0,1849,68.66,126952.34,0.0
2024-02-02,CVNA,rebalance_entry,True,Completed,0,14296,8.182,116969.872,0.0
2024-02-02,GOOGL,rebalance_entry,True,Completed,0,868,138.112501777,119881.65154243601,0.0
2024-02-02,KLAC,rebalance_entry,True,Completed,0,207,583.5735751644,120799.73005903082,0.0
2024-02-02,LULU,rebalance_entry,True,Completed,0,263,458.5,120585.5,0.0
2024-02-02,NVDA,rebalance_entry,True,Completed,0,1930,63.9354205268,123395.361616724,0.0
2024-02-05,DECK,rebalance_exit,False,Completed,0,-1011,145.2483333333,113675.1549999663,0.0
2024-02-05,PHM,rebalance_exit,False,Completed,0,-1138,103.1165368626,111865.2230215402,0.0
2024-02-05,RCL,rebalance_exit,False,Completed,0,-967,119.1372477557,111141.85812117369,0.0
2024-02-07,FTNT,take_profit,False,Completed,2,-2120,73.83,110197.59999999999,0.0
2024-02-07,FTNT,stop_loss,False,Canceled,3,0,0.0,0.0,0.0
2024-02-08,BLDR,take_profit,False,Completed,2,-799,184.535,113418.04999999999,0.0
2024-02-08,BLDR,stop_loss,False,Canceled,3,0,0.0,0.0,0.0
2024-02-09,CVNA,take_profit,False,Completed,2,-14296,10.636600000000001,116969.872,0.0
2024-02-09,CVNA,stop_loss,False,Canceled,3,0,0.0,0.0,0.0
2024-02-13,ANET,stop_loss,False,Completed,3,-1849,64.4725,126952.34,0.0
2024-02-13,ANET,take_profit,False,Canceled,2,0,0.0,0.0,0.0
2024-03-01,AVGO,take_profit,False,Completed,2,-1072,135.79972291626,111982.5407432544,0.0
2024-03-01,AVGO,stop_loss,False,Canceled,3,0,0.0,0.0,0.0
2024-03-04,BKNG,stop_loss,False,Canceled,3,0,0.0,0.0,0.0
2024-03-04,BKNG,take_profit,False,Canceled,2,0,0.0,0.0,0.0
2024-03-04,GOOGL,stop_loss,False,Canceled,3,0,0.0,0.0,0.0
2024-03-04,GOOGL,take_profit,False,Canceled,2,0,0.0,0.0,0.0
2024-03-04,KLAC,stop_loss,False,Canceled,3,0,0.0,0.0,0.0
2024-03-04,KLAC,take_profit,False,Canceled,2,0,0.0,0.0,0.0
2024-03-04,LULU,stop_loss,False,Canceled,3,0,0.0,0.0,0.0
2024-03-04,LULU,take_profit,False,Canceled,2,0,0.0,0.0,0.0
2024-03-04,PSX,rebalance_entry,True,Margin,0,0,0.0,0.0,0.0
2024-03-04,SMCI,rebalance_entry,True,Margin,0,0,0.0,0.0,0.0
2024-03-04,VRSK,rebalance_entry,True,Margin,0,0,0.0,0.0,0.0
2024-03-04,VRT,rebalance_entry,True,Margin,0,0,0.0,0.0,0.0
2024-03-04,NVDA,take_profit,False,Completed,2,-1930,84.0792654659,123395.361616724,0.0
2024-03-04,NVDA,stop_loss,False,Canceled,3,0,0.0,0.0,0.0
2024-03-04,AMGN,rebalance_entry,True,Completed,0,496,264.4877543359,131185.9261506064,0.0
2024-03-04,APA,rebalance_entry,True,Completed,0,4683,27.9680322932,130974.2952290556,0.0
2024-03-04,AVGO,rebalance_entry,True,Completed,0,951,136.9602958541,130249.24135724909,0.0
2024-03-04,BLDR,rebalance_entry,True,Completed,0,649,201.82,130981.18,0.0
2024-03-04,COR,rebalance_entry,True,Completed,0,558,233.1549651323,130100.4705438234,0.0
2024-03-04,KMB,rebalance_entry,True,Completed,0,1154,112.7030731177,130059.3463778258,0.0
2024-03-04,LII,rebalance_entry,True,Completed,0,280,464.7235429043,130122.592013204,0.0
2024-03-04,LLY,rebalance_entry,True,Completed,0,168,784.1745895668,131741.3310472224,0.0
2024-03-04,MA,rebalance_entry,True,Completed,0,276,469.4869672284,129578.4029550384,0.0
2024-03-04,META,rebalance_entry,True,Completed,0,260,499.6546856394,129910.218266244,0.0
2024-03-05,AAPL,stop_loss,False,Completed,3,-658,168.965421195855,117030.7864703922,0.0
2024-03-05,AAPL,take_profit,False,Canceled,2,0,0.0,0.0,0.0
2024-03-05,AVGO,stop_loss,False,Completed,3,-951,130.11228106139498,130249.24135724909,0.0
2024-03-05,AVGO,take_profit,False,Canceled,2,0,0.0,0.0,0.0
2024-03-05,BKNG,rebalance_exit,False,Completed,0,-831,135.5558475377,112990.2017389572,0.0
2024-03-05,GOOGL,rebalance_exit,False,Completed,0,-868,130.7933127557,119881.65154243601,0.0
2024-03-05,KLAC,rebalance_exit,False,Completed,0,-207,699.9091234774,120799.73005903082,0.0
2024-03-05,LULU,rebalance_exit,False,Completed,0,-263,448.81,120585.5,0.0
2024-03-08,LLY,stop_loss,False,Completed,3,-168,744.96586008846,131741.3310472224,0.0
2024-03-08,LLY,take_profit,False,Canceled,2,0,0.0,0.0,0.0
2024-03-11,BLDR,stop_loss,False,Completed,3,-649,191.72899999999998,130981.18,0.0
2024-03-11,BLDR,take_profit,False,Canceled,2,0,0.0,0.0,0.0
2024-03-11,META,stop_loss,False,Completed,3,-260,474.67195135743,129910.218266244,0.0
2024-03-11,META,take_profit,False,Canceled,2,0,0.0,0.0,0.0
2024-03-15,AMGN,stop_loss,False,Completed,3,-496,251.26336661910497,131185.9261506064,0.0
2024-03-15,AMGN,take_profit,False,Canceled,2,0,0.0,0.0,0.0
2024-04-02,APA,stop_loss,False,Canceled,3,0,0.0,0.0,0.0
2024-04-02,APA,take_profit,False,Canceled,2,0,0.0,0.0,0.0
2024-04-02,KMB,stop_loss,False,Canceled,3,0,0.0,0.0,0.0
2024-04-02,KMB,take_profit,False,Canceled,2,0,0.0,0.0,0.0
2024-04-02,MA,stop_loss,False,Canceled,3,0,0.0,0.0,0.0
2024-04-02,MA,take_profit,False,Canceled,2,0,0.0,0.0,0.0
2024-04-02,MSI,stop_loss,False,Canceled,3,0,0.0,0.0,0.0
2024-04-02,MSI,take_profit,False,Canceled,2,0,0.0,0.0,0.0
2024-04-02,NVDA,rebalance_entry,True,Margin,0,0,0.0,0.0,0.0
2024-04-02,SMCI,rebalance_entry,True,Margin,0,0,0.0,0.0,0.0
2024-04-02,VRT,rebalance_entry,True,Margin,0,0,0.0,0.0,0.0
2024-04-02,VST,rebalance_entry,True,Margin,0,0,0.0,0.0,0.0
2024-04-02,WSM,rebalance_entry,True,Margin,0,0,0.0,0.0,0.0
2024-04-02,AMAT,rebalance_entry,True,Completed,0,636,202.7577864947,128953.95221062921,0.0
2024-04-02,ANET,rebalance_entry,True,Completed,0,1738,72.925,126743.65,0.0
2024-04-02,APO,rebalance_entry,True,Completed,0,1198,108.2220480594,129650.0135751612,0.0
2024-04-02,BLDR,rebalance_entry,True,Completed,0,634,201.54,127776.36,0.0
2024-04-02,CVNA,rebalance_entry,True,Completed,0,7507,16.864,126598.04800000001,0.0
2024-04-02,EME,rebalance_entry,True,Completed,0,369,350.2395593251,129238.3973909619,0.0
2024-04-02,FIX,rebalance_entry,True,Completed,0,410,312.8609647975,128272.995566975,0.0
2024-04-02,META,rebalance_entry,True,Completed,0,266,481.8737336057,128178.41313911621,0.0
2024-04-02,NFLX,rebalance_entry,True,Completed,0,2121,61.1,129593.1,0.0
2024-04-02,NTAP,rebalance_entry,True,Completed,0,1295,99.7910418321,129229.39917256951,0.0
2024-04-03,APA,rebalance_exit,False,Completed,0,-4683,32.4363517662,130974.2952290556,0.0
2024-04-03,KMB,rebalance_exit,False,Completed,0,-1154,117.9375698487,130059.3463778258,0.0
2024-04-03,MA,rebalance_exit,False,Completed,0,-276,474.1949640196,129578.4029550384,0.0
2024-04-03,MSI,rebalance_exit,False,Completed,0,-373,344.5896774016,114021.9837179176,0.0
2024-04-10,BLDR,stop_loss,False,Completed,3,-634,189.83,127776.36,0.0
2024-04-10,BLDR,take_profit,False,Canceled,2,0,0.0,0.0,0.0
2024-04-10,CVNA,stop_loss,False,Completed,3,-7507,16.01,126598.04800000001,0.0
2024-04-10,CVNA,take_profit,False,Canceled,2,0,0.0,0.0,0.0
2024-04-10,FIX,stop_loss,False,Completed,3,-410,296.7572428851,128272.995566975,0.0
2024-04-10,FIX,take_profit,False,Canceled,2,0,0.0,0.0,0.0
2024-04-12,ANET,stop_loss,False,Completed,3,-1738,69.27874999999999,126743.65,0.0
2024-04-12,ANET,take_profit,False,Canceled,2,0,0.0,0.0,0.0
2024-04-16,APO,stop_loss,False,Completed,3,-1198,102.81094565643,129650.0135751612,0.0
2024-04-16,APO,take_profit,False,Canceled,2,0,0.0,0.0,0.0
2024-04-18,AMAT,stop_loss,False,Completed,3,-636,192.61989716996501,128953.95221062921,0.0
2024-04-18,AMAT,take_profit,False,Canceled,2,0,0.0,0.0,0.0
2024-04-19,EME,stop_loss,False,Completed,3,-369,332.727581358845,129238.3973909619,0.0
2024-04-19,EME,take_profit,False,Canceled,2,0,0.0,0.0,0.0
2024-04-19,NFLX,stop_loss,False,Completed,3,-2121,56.788,129593.1,0.0
2024-04-19,NFLX,take_profit,False,Canceled,2,0,0.0,0.0,0.0
2024-04-19,NTAP,stop_loss,False,Completed,3,-1295,94.801489740495,129229.39917256951,0.0
2024-04-19,NTAP,take_profit,False,Canceled,2,0,0.0,0.0,0.0
2024-04-25,META,stop_loss,False,Completed,3,-266,418.5973847484,128178.41313911621,0.0
2024-04-25,META,take_profit,False,Canceled,2,0,0.0,0.0,0.0
2024-05-01,COR,stop_loss,False,Completed,3,-558,221.49721687568498,130100.4705438234,0.0
2024-05-01,COR,take_profit,False,Canceled,2,0,0.0,0.0,0.0
2024-05-02,CL,stop_loss,False,Canceled,3,0,0.0,0.0,0.0
2024-05-02,CL,take_profit,False,Canceled,2,0,0.0,0.0,0.0
2024-05-02,HD,stop_loss,False,Canceled,3,0,0.0,0.0,0.0
2024-05-02,HD,take_profit,False,Canceled,2,0,0.0,0.0,0.0
2024-05-02,VLO,rebalance_entry,True,Margin,0,0,0.0,0.0,0.0
2024-05-02,WSM,rebalance_entry,True,Margin,0,0,0.0,0.0,0.0
2024-05-02,LII,stop_loss,False,Completed,3,-280,441.487365759085,130122.592013204,0.0
2024-05-02,LII,take_profit,False,Canceled,2,0,0.0,0.0,0.0
2024-05-02,APA,rebalance_entry,True,Completed,0,4443,27.6786809628,122976.3795177204,0.0
2024-05-02,APO,rebalance_entry,True,Completed,0,1195,104.1712138502,124484.60055098901,0.0
2024-05-02,BLDR,rebalance_entry,True,Completed,0,675,186.9,126157.5,0.0
2024-05-02,CAT,rebalance_entry,True,Completed,0,386,324.6601482696,125318.81723206559,0.0
2024-05-02,COR,rebalance_entry,True,Completed,0,553,224.3286928713,124053.7671578289,0.0
2024-05-02,FFIV,rebalance_entry,True,Completed,0,747,167.53,125144.91,0.0
2024-05-02,HUBB,rebalance_entry,True,Completed,0,343,363.672961459,124739.82578043701,0.0
2024-05-02,IT,rebalance_entry,True,Completed,0,294,424.24,124726.56,0.0
2024-05-02,META,rebalance_entry,True,Completed,0,285,435.9213961153,124237.5978928605,0.0
2024-05-02,MPC,rebalance_entry,True,Completed,0,728,171.4705197936,124830.53840974081,0.0
2024-05-02,MSI,rebalance_entry,True,Completed,0,378,329.9256616227,124711.9000933806,0.0
2024-05-02,NVDA,rebalance_entry,True,Completed,0,1500,84.4020002289,126603.00034335,0.0
2024-05-02,PCAR,rebalance_entry,True,Completed,0,1253,99.4010227203,124549.4814685359,0.0
2024-05-02,PSX,rebalance_entry,True,Completed,0,959,130.9728206658,125602.93501850219,0.0
2024-05-02,TAP,rebalance_entry,True,Completed,0,2368,52.6264018842,124619.3196617856,0.0
2024-05-02,URI,rebalance_entry,True,Completed,0,194,650.1384832552,126126.8657515088,0.0
2024-05-03,CL,rebalance_exit,False,Completed,0,-1498,88.7435936167,110992.0087466344,0.0
2024-05-03,HD,rebalance_exit,False,Completed,0,-348,324.655962634,112705.6709070648,0.0
2024-05-07,BLDR,stop_loss,False,Completed,3,-675,175.16,126157.5,0.0
2024-05-07,BLDR,take_profit,False,Canceled,2,0,0.0,0.0,0.0
2024-05-14,MPC,stop_loss,False,Completed,3,-728,162.89699380392,124830.53840974081,0.0
2024-05-14,MPC,take_profit,False,Canceled,2,0,0.0,0.0,0.0
2024-05-21,COR,stop_loss,False,Completed,3,-553,213.112258227735,124053.7671578289,0.0
2024-05-21,COR,take_profit,False,Canceled,2,0,0.0,0.0,0.0
2024-05-23,TAP,stop_loss,False,Completed,3,-2368,49.995081789989996,124619.3196617856,0.0
2024-05-23,TAP,take_profit,False,Canceled,2,0,0.0,0.0,0.0
2024-05-28,NVDA,take_profit,False,Completed,2,-1500,110.18264411939998,126603.00034335,0.0
2024-05-28,NVDA,stop_loss,False,Canceled,3,0,0.0,0.0,0.0
2024-06-03,URI,stop_loss,False,Completed,3,-194,617.6315590924399,126126.8657515088,0.0
2024-06-03,URI,take_profit,False,Canceled,2,0,0.0,0.0,0.0
2024-06-04,APA,stop_loss,False,Canceled,3,0,0.0,0.0,0.0
2024-06-04,APA,take_profit,False,Canceled,2,0,0.0,0.0,0.0
2024-06-04,APO,stop_loss,False,Canceled,3,0,0.0,0.0,0.0
2024-06-04,APO,take_profit,False,Canceled,2,0,0.0,0.0,0.0
2024-06-04,FFIV,stop_loss,False,Canceled,3,0,0.0,0.0,0.0
2024-06-04,FFIV,take_profit,False,Canceled,2,0,0.0,0.0,0.0
2024-06-04,HUBB,stop_loss,False,Canceled,3,0,0.0,0.0,0.0
2024-06-04,HUBB,take_profit,False,Canceled,2,0,0.0,0.0,0.0
2024-06-04,IT,stop_loss,False,Canceled,3,0,0.0,0.0,0.0
2024-06-04,IT,take_profit,False,Canceled,2,0,0.0,0.0,0.0
2024-06-04,META,stop_loss,False,Canceled,3,0,0.0,0.0,0.0
2024-06-04,META,take_profit,False,Canceled,2,0,0.0,0.0,0.0
2024-06-04,MSI,stop_loss,False,Canceled,3,0,0.0,0.0,0.0
2024-06-04,MSI,take_profit,False,Canceled,2,0,0.0,0.0,0.0
2024-06-04,PCAR,stop_loss,False,Canceled,3,0,0.0,0.0,0.0
2024-06-04,PCAR,take_profit,False,Canceled,2,0,0.0,0.0,0.0
2024-06-04,PSX,stop_loss,False,Canceled,3,0,0.0,0.0,0.0
2024-06-04,PSX,take_profit,False,Canceled,2,0,0.0,0.0,0.0
2024-06-04,HRL,rebalance_entry,True,Margin,0,0,0.0,0.0,0.0
2024-06-04,KKR,rebalance_entry,True,Margin,0,0,0.0,0.0,0.0
2024-06-04,LII,rebalance_entry,True,Margin,0,0,0.0,0.0,0.0
2024-06-04,NRG,rebalance_entry,True,Margin,0,0,0.0,0.0,0.0
2024-06-04,NVDA,rebalance_entry,True,Margin,0,0,0.0,0.0,0.0
2024-06-04,QCOM,rebalance_entry,True,Margin,0,0,0.0,0.0,0.0
2024-06-04,SMCI,rebalance_entry,True,Margin,0,0,0.0,0.0,0.0
2024-06-04,VRT,rebalance_entry,True,Margin,0,0,0.0,0.0,0.0
2024-06-04,VST,rebalance_entry,True,Margin,0,0,0.0,0.0,0.0
2024-06-04,WSM,rebalance_entry,True,Margin,0,0,0.0,0.0,0.0
2024-06-04,A,rebalance_entry,True,Completed,0,979,129.2281768063,126514.38509336772,0.0
2024-06-04,CL,rebalance_entry,True,Completed,0,1435,88.5239548936,127031.87527231601,0.0
2024-06-04,CRM,rebalance_entry,True,Completed,0,543,232.5630408114,126281.73116059019,0.0
2024-06-04,CVNA,rebalance_entry,True,Completed,0,6404,19.76,126543.04000000001,0.0
2024-06-04,DELL,rebalance_entry,True,Completed,0,992,127.9469175812,126923.3422405504,0.0
2024-06-04,EME,rebalance_entry,True,Completed,0,341,369.5795545957,126026.6281171337,0.0
2024-06-04,ERIE,rebalance_entry,True,Completed,0,361,351.0530325485,126730.1447500085,0.0
2024-06-04,FIX,rebalance_entry,True,Completed,0,402,314.27592489,126338.92180578,0.0
2024-06-05,APA,rebalance_exit,False,Completed,0,-4443,26.7229761753,122976.3795177204,0.0
2024-06-05,APO,rebalance_exit,False,Completed,0,-1195,111.3841606383,124484.60055098901,0.0
2024-06-05,FFIV,rebalance_exit,False,Completed,0,-747,168.46,125144.91,0.0
2024-06-05,HUBB,rebalance_exit,False,Completed,0,-343,368.3934229561,124739.82578043701,0.0
2024-06-05,IT,rebalance_exit,False,Completed,0,-294,429.77,124726.56,0.0
2024-06-05,META,rebalance_exit,False,Completed,0,-285,481.2280565766,124237.5978928605,0.0
2024-06-05,MSI,rebalance_exit,False,Completed,0,-378,363.4168239126,124711.9000933806,0.0
2024-06-05,PCAR,rebalance_exit,False,Completed,0,-1253,100.5293294253,124549.4814685359,0.0
2024-06-05,PSX,rebalance_exit,False,Completed,0,-959,128.266838111,125602.93501850219,0.0
2024-06-12,ORCL,take_profit,False,Completed,2,-1123,131.8451882952,112754.3092021476,0.0
2024-06-12,ORCL,stop_loss,False,Canceled,3,0,0.0,0.0,0.0
2024-06-14,CAT,stop_loss,False,Completed,3,-386,308.42714085611993,125318.81723206559,0.0
2024-06-14,CAT,take_profit,False,Canceled,2,0,0.0,0.0,0.0
2024-06-21,FIX,stop_loss,False,Completed,3,-402,298.56212864549997,126338.92180578,0.0
2024-06-21,FIX,take_profit,False,Canceled,2,0,0.0,0.0,0.0
2024-06-25,CVNA,take_profit,False,Completed,2,-6404,25.688000000000002,126543.04000000001,0.0
2024-06-25,CVNA,stop_loss,False,Canceled,3,0,0.0,0.0,0.0
2024-07-02,A,stop_loss,False,Canceled,3,0,0.0,0.0,0.0
2024-07-02,A,take_profit,False,Canceled,2,0,0.0,0.0,0.0
2024-07-02,CRM,stop_loss,False,Canceled,3,0,0.0,0.0,0.0
2024-07-02,CRM,take_profit,False,Canceled,2,0,0.0,0.0,0.0
2024-07-02,DELL,stop_loss,False,Canceled,3,0,0.0,0.0,0.0
2024-07-02,DELL,take_profit,False,Canceled,2,0,0.0,0.0,0.0
2024-07-02,ERIE,stop_loss,False,Canceled,3,0,0.0,0.0,0.0
2024-07-02,ERIE,take_profit,False,Canceled,2,0,0.0,0.0,0.0
2024-07-02,SMCI,rebalance_entry,True,Margin,0,0,0.0,0.0,0.0
2024-07-02,VRT,rebalance_entry,True,Margin,0,0,0.0,0.0,0.0
2024-07-02,VST,rebalance_entry,True,Margin,0,0,0.0,0.0,0.0
2024-07-02,WSM,rebalance_entry,True,Margin,0,0,0.0,0.0,0.0
2024-07-02,AES,rebalance_entry,True,Completed,0,8269,15.7793019938,130479.04818673221,0.0
2024-07-02,COR,rebalance_entry,True,Completed,0,590,220.1257696915,129874.204117985,0.0
2024-07-02,CVNA,rebalance_entry,True,Completed,0,5222,25.0,130550.0,0.0
2024-07-02,DVA,rebalance_entry,True,Completed,0,937,138.34,129624.58,0.0
2024-07-02,FIX,rebalance_entry,True,Completed,0,443,292.7226798435,129676.14717067049,0.0
2024-07-02,FSLR,rebalance_entry,True,Completed,0,583,222.65,129804.95,0.0
2024-07-02,HD,rebalance_entry,True,Completed,0,403,320.8601102587,129306.6244342561,0.0
2024-07-02,IP,rebalance_entry,True,Completed,0,3256,39.519179206,128674.44749473598,0.0
2024-07-02,LII,rebalance_entry,True,Completed,0,252,515.426673383,129887.52169251599,0.0
2024-07-02,MRK,rebalance_entry,True,Completed,0,1076,120.8934459327,130081.34782358521,0.0
2024-07-02,MSI,rebalance_entry,True,Completed,0,342,380.1481408861,130010.6641830462,0.0
2024-07-02,NRG,rebalance_entry,True,Completed,0,1718,75.208676505,129208.50623559,0.0
2024-07-02,NVDA,rebalance_entry,True,Completed,0,1045,121.0725981771,126520.8650950695,0.0
2024-07-02,PWR,rebalance_entry,True,Completed,0,525,247.1226495907,129739.3910351175,0.0
2024-07-03,A,rebalance_exit,False,Completed,0,-979,124.41967348570002,126514.38509336772,0.0
2024-07-03,CRM,rebalance_exit,False,Completed,0,-543,253.5383091282,126281.73116059019,0.0
2024-07-03,DELL,rebalance_exit,False,Completed,0,-992,142.9379023807,126923.3422405504,0.0
2024-07-03,ERIE,rebalance_exit,False,Completed,0,-361,356.5140296347,126730.1447500085,0.0
2024-07-15,FSLR,stop_loss,False,Completed,3,-583,211.51749999999998,129804.95,0.0
2024-07-15,FSLR,take_profit,False,Canceled,2,0,0.0,0.0,0.0
2024-07-17,NRG,stop_loss,False,Completed,3,-1718,71.44824267975,129208.50623559,0.0
2024-07-17,NRG,take_profit,False,Canceled,2,0,0.0,0.0,0.0
2024-07-24,NVDA,stop_loss,False,Completed,3,-1045,115.018968268245,126520.8650950695,0.0
2024-07-24,NVDA,take_profit,False,Canceled,2,0,0.0,0.0,0.0
2024-07-25,EME,stop_loss,False,Completed,3,-341,351.100576865915,126026.6281171337,0.0
2024-07-25,EME,take_profit,False,Canceled,2,0,0.0,0.0,0.0
2024-07-30,MRK,stop_loss,False,Completed,3,-1076,114.848773636065,130081.34782358521,0.0
2024-07-30,MRK,take_profit,False,Canceled,2,0,0.0,0.0,0.0
2024-08-02,AES,stop_loss,False,Canceled,3,0,0.0,0.0,0.0
2024-08-02,AES,take_profit,False,Canceled,2,0,0.0,0.0,0.0
2024-08-02,COR,stop_loss,False,Canceled,3,0,0.0,0.0,0.0
2024-08-02,COR,take_profit,False,Canceled,2,0,0.0,0.0,0.0
2024-08-02,FIX,stop_loss,False,Canceled,3,0,0.0,0.0,0.0
2024-08-02,FIX,take_profit,False,Canceled,2,0,0.0,0.0,0.0
2024-08-02,IP,stop_loss,False,Canceled,3,0,0.0,0.0,0.0
2024-08-02,IP,take_profit,False,Canceled,2,0,0.0,0.0,0.0
2024-08-02,PWR,stop_loss,False,Canceled,3,0,0.0,0.0,0.0
2024-08-02,PWR,take_profit,False,Canceled,2,0,0.0,0.0,0.0
2024-08-02,NTAP,rebalance_entry,True,Margin,0,0,0.0,0.0,0.0
2024-08-02,ORCL,rebalance_entry,True,Margin,0,0,0.0,0.0,0.0
2024-08-02,PGR,rebalance_entry,True,Margin,0,0,0.0,0.0,0.0
2024-08-02,SMCI,rebalance_entry,True,Margin,0,0,0.0,0.0,0.0
2024-08-02,VRSK,rebalance_entry,True,Margin,0,0,0.0,0.0,0.0
2024-08-02,WSM,rebalance_entry,True,Margin,0,0,0.0,0.0,0.0
2024-08-02,AMP,rebalance_entry,True,Completed,0,327,398.9518723612,130457.2622621124,0.0
2024-08-02,BG,rebalance_entry,True,Completed,0,1377,95.9980752738,132189.3496520226,0.0
2024-08-02,CDW,rebalance_entry,True,Completed,0,646,207.6664399172,134152.5201865112,0.0
2024-08-02,CLX,rebalance_entry,True,Completed,0,1076,131.4745045886,141466.5669373336,0.0
2024-08-02,GRMN,rebalance_entry,True,Completed,0,803,164.71321379560004,132264.71067786682,0.0
2024-08-02,KMB,rebalance_entry,True,Completed,0,1034,130.7356371062,135180.64876781078,0.0
2024-08-02,MRK,rebalance_entry,True,Completed,0,1245,108.58816967170002,135192.2712412665,0.0
2024-08-02,NRG,rebalance_entry,True,Completed,0,1863,70.8917261678,132071.2858506114,0.0
2024-08-05,CVNA,stop_loss,False,Completed,3,-5222,23.75,130550.0,0.0
2024-08-05,CVNA,take_profit,False,Canceled,2,0,0.0,0.0,0.0
2024-08-05,AMP,stop_loss,False,Completed,3,-327,379.00427874314,130457.2622621124,0.0
2024-08-05,AMP,take_profit,False,Canceled,2,0,0.0,0.0,0.0
2024-08-05,BG,stop_loss,False,Completed,3,-1377,91.19817151011,132189.3496520226,0.0
2024-08-05,BG,take_profit,False,Canceled,2,0,0.0,0.0,0.0
2024-08-05,GRMN,stop_loss,False,Completed,3,-803,156.47755310582002,132264.71067786682,0.0
2024-08-05,GRMN,take_profit,False,Canceled,2,0,0.0,0.0,0.0
2024-08-05,NRG,stop_loss,False,Completed,3,-1863,64.849873146,132071.2858506114,0.0
2024-08-05,NRG,take_profit,False,Canceled,2,0,0.0,0.0,0.0
2024-08-05,AES,rebalance_exit,False,Completed,0,-8269,15.2311040683,130479.04818673221,0.0
2024-08-05,COR,rebalance_exit,False,Completed,0,-590,242.5713164357,129874.204117985,0.0
2024-08-05,FIX,rebalance_exit,False,Completed,0,-443,273.6238615035,129676.14717067049,0.0
2024-08-05,IP,rebalance_exit,False,Completed,0,-3256,40.4947341654,128674.44749473598,0.0
2024-08-05,PWR,rebalance_exit,False,Completed,0,-525,229.5473099061,129739.3910351175,0.0
2024-09-04,CDW,stop_loss,False,Canceled,3,0,0.0,0.0,0.0
2024-09-04,CDW,take_profit,False,Canceled,2,0,0.0,0.0,0.0
2024-09-04,CLX,stop_loss,False,Canceled,3,0,0.0,0.0,0.0
2024-09-04,CLX,take_profit,False,Canceled,2,0,0.0,0.0,0.0
2024-09-04,LII,stop_loss,False,Canceled,3,0,0.0,0.0,0.0
2024-09-04,LII,take_profit,False,Canceled,2,0,0.0,0.0,0.0
2024-09-04,MRK,stop_loss,False,Canceled,3,0,0.0,0.0,0.0
2024-09-04,MRK,take_profit,False,Canceled,2,0,0.0,0.0,0.0
2024-09-04,TGT,rebalance_entry,True,Margin,0,0,0.0,0.0,0.0
2024-09-04,TSCO,rebalance_entry,True,Margin,0,0,0.0,0.0,0.0
2024-09-04,ULTA,rebalance_entry,True,Margin,0,0,0.0,0.0,0.0
2024-09-04,VRSK,rebalance_entry,True,Margin,0,0,0.0,0.0,0.0
2024-09-04,WSM,rebalance_entry,True,Margin,0,0,0.0,0.0,0.0
2024-09-04,AON,rebalance_entry,True,Completed,0,385,342.2010266222,131747.395249547,0.0
2024-09-04,CASY,rebalance_entry,True,Completed,0,373,350.3350903805,130674.9887119265,0.0
2024-09-04,COR,rebalance_entry,True,Completed,0,547,240.9911519003,131822.1600894641,0.0
2024-09-04,CVNA,rebalance_entry,True,Completed,0,4554,29.0,132066.0,0.0
2024-09-04,NRG,rebalance_entry,True,Completed,0,1691,77.7534752379,131481.1266272889,0.0
2024-09-04,NTAP,rebalance_entry,True,Completed,0,1145,114.3308471495,130908.8199861775,0.0
2024-09-04,NVDA,rebalance_entry,True,Completed,0,1219,105.3600476665,128433.8981054635,0.0
2024-09-04,RCL,rebalance_entry,True,Completed,0,843,155.3964101161,130999.17372787229,0.0
2024-09-04,SMCI,rebalance_entry,True,Completed,0,2980,42.012,125195.76,0.0
2024-09-04,SPG,rebalance_entry,True,Completed,0,874,150.6333398058,131653.5389902692,0.0
2024-09-05,COR,stop_loss,False,Completed,3,-547,228.94159430528498,131822.1600894641,0.0
2024-09-05,COR,take_profit,False,Canceled,2,0,0.0,0.0,0.0
2024-09-05,CDW,rebalance_exit,False,Completed,0,-646,208.31532588199997,134152.5201865112,0.0
2024-09-05,CLX,rebalance_exit,False,Completed,0,-1076,153.5924659846,141466.5669373336,0.0
2024-09-05,LII,rebalance_exit,False,Completed,0,-252,545.1056769136,129887.52169251599,0.0
2024-09-05,MRK,rebalance_exit,False,Completed,0,-1245,109.9554225896,135192.2712412665,0.0
2024-09-06,CVNA,stop_loss,False,Completed,3,-4554,27.549999999999997,132066.0,0.0
2024-09-06,CVNA,take_profit,False,Canceled,2,0,0.0,0.0,0.0
2024-09-06,SMCI,stop_loss,False,Completed,3,-2980,39.9114,125195.76,0.0
2024-09-06,SMCI,take_profit,False,Canceled,2,0,0.0,0.0,0.0
2024-10-02,CASY,stop_loss,False,Canceled,3,0,0.0,0.0,0.0
2024-10-02,CASY,take_profit,False,Canceled,2,0,0.0,0.0,0.0
2024-10-02,DVA,stop_loss,False,Canceled,3,0,0.0,0.0,0.0
2024-10-02,DVA,take_profit,False,Canceled,2,0,0.0,0.0,0.0
2024-10-02,NTAP,stop_loss,False,Canceled,3,0,0.0,0.0,0.0
2024-10-02,NTAP,take_profit,False,Canceled,2,0,0.0,0.0,0.0
2024-10-02,SPG,stop_loss,False,Canceled,3,0,0.0,0.0,0.0
2024-10-02,SPG,take_profit,False,Canceled,2,0,0.0,0.0,0.0
2024-10-02,LII,rebalance_entry,True,Margin,0,0,0.0,0.0,0.0
2024-10-02,SMCI,rebalance_entry,True,Margin,0,0,0.0,0.0,0.0
2024-10-02,TRGP,rebalance_entry,True,Margin,0,0,0.0,0.0,0.0
2024-10-02,UHS,rebalance_entry,True,Margin,0,0,0.0,0.0,0.0
2024-10-02,VRT,rebalance_entry,True,Margin,0,0,0.0,0.0,0.0
2024-10-02,CLX,rebalance_entry,True,Completed,0,874,154.10599702590002,134688.6414006366,0.0
2024-10-02,COR,rebalance_entry,True,Completed,0,610,220.4204201356,134456.456282716,0.0
2024-10-02,FIX,rebalance_entry,True,Completed,0,348,387.09702343749996,134709.76415625,0.0
2024-10-02,GM,rebalance_entry,True,Completed,0,3052,44.1196091835,134653.047228042,0.0
2024-10-02,IT,rebalance_entry,True,Completed,0,269,499.04,134241.76,0.0
2024-10-02,KKR,rebalance_entry,True,Completed,0,1050,128.6116184463,135042.19936861502,0.0
2024-10-02,KLAC,rebalance_entry,True,Completed,0,181,750.179713459,135782.528136079,0.0
2024-10-03,CASY,rebalance_exit,False,Completed,0,-373,365.046126675,130674.9887119265,0.0
2024-10-03,DVA,rebalance_exit,False,Completed,0,-937,159.03000000000003,129624.58,0.0
2024-10-03,NTAP,rebalance_exit,False,Completed,0,-1145,118.25297000059999,130908.8199861775,0.0
2024-10-03,SPG,rebalance_exit,False,Completed,0,-874,156.4468470011,131653.5389902692,0.0
2024-10-14,NVDA,take_profit,False,Completed,2,-1219,136.96806196645,128433.8981054635,0.0
2024-10-14,NVDA,stop_loss,False,Canceled,3,0,0.0,0.0,0.0
2024-10-15,KLAC,stop_loss,False,Completed,3,-181,712.67072778605,135782.528136079,0.0
2024-10-15,KLAC,take_profit,False,Canceled,2,0,0.0,0.0,0.0
2024-10-25,FIX,stop_loss,False,Completed,3,-348,367.74217226562496,134709.76415625,0.0
2024-10-25,FIX,take_profit,False,Canceled,2,0,0.0,0.0,0.0
2024-10-28,RCL,take_profit,False,Completed,2,-843,202.01533315093,130999.17372787229,0.0
2024-10-28,RCL,stop_loss,False,Canceled,3,0,0.0,0.0,0.0
2024-10-30,CLX,stop_loss,False,Completed,3,-874,146.40069717460503,134688.6414006366,0.0
2024-10-30,CLX,take_profit,False,Canceled,2,0,0.0,0.0,0.0
2024-11-04,AON,stop_loss,False,Canceled,3,0,0.0,0.0,0.0
2024-11-04,AON,take_profit,False,Canceled,2,0,0.0,0.0,0.0
2024-11-04,GM,stop_loss,False,Canceled,3,0,0.0,0.0,0.0
2024-11-04,GM,take_profit,False,Canceled,2,0,0.0,0.0,0.0
2024-11-04,IT,stop_loss,False,Canceled,3,0,0.0,0.0,0.0
2024-11-04,IT,take_profit,False,Canceled,2,0,0.0,0.0,0.0
2024-11-04,KKR,stop_loss,False,Canceled,3,0,0.0,0.0,0.0
2024-11-04,KKR,take_profit,False,Canceled,2,0,0.0,0.0,0.0
2024-11-04,NRG,stop_loss,False,Canceled,3,0,0.0,0.0,0.0
2024-11-04,NRG,take_profit,False,Canceled,2,0,0.0,0.0,0.0
2024-11-04,NVDA,rebalance_entry,True,Margin,0,0,0.0,0.0,0.0
2024-11-04,ORCL,rebalance_entry,True,Margin,0,0,0.0,0.0,0.0
2024-11-04,SMCI,rebalance_entry,True,Margin,0,0,0.0,0.0,0.0
2024-11-04,UBER,rebalance_entry,True,Margin,0,0,0.0,0.0,0.0
2024-11-04,VRT,rebalance_entry,True,Margin,0,0,0.0,0.0,0.0
2024-11-04,VST,rebalance_entry,True,Margin,0,0,0.0,0.0,0.0
2024-11-04,BALL,rebalance_entry,True,Completed,0,2373,57.6390210896,136777.3970456208,0.0
2024-11-04,CDW,rebalance_entry,True,Completed,0,746,183.3174867762,136754.8451350452,0.0
2024-11-04,DVA,rebalance_entry,True,Completed,0,964,141.5,136406.0,0.0
2024-11-04,EBAY,rebalance_entry,True,Completed,0,2410,56.5879627673,136376.990269193,0.0
2024-11-04,GDDY,rebalance_entry,True,Completed,0,835,163.35,136397.25,0.0
2024-11-04,HII,rebalance_entry,True,Completed,0,749,182.25051939660003,136505.6390280534,0.0
2024-11-04,MGM,rebalance_entry,True,Completed,0,3750,36.45,136687.5,0.0
2024-11-04,MPWR,rebalance_entry,True,Completed,0,182,749.6331613154,136433.2353594028,0.0
2024-11-04,NTAP,rebalance_entry,True,Completed,0,1212,112.5232067355,136378.126563426,0.0
2024-11-05,AON,rebalance_exit,False,Completed,0,-385,359.4776283344,131747.395249547,0.0
2024-11-05,GM,rebalance_exit,False,Completed,0,-3052,50.8981467267,134653.047228042,0.0
2024-11-05,IT,rebalance_exit,False,Completed,0,-269,510.19999999999993,134241.76,0.0
2024-11-05,KKR,rebalance_exit,False,Completed,0,-1050,135.8786304632,135042.19936861502,0.0
2024-11-05,NRG,rebalance_exit,False,Completed,0,-1691,86.4249746418,131481.1266272889,0.0
2024-11-06,KMB,stop_loss,False,Completed,3,-1034,124.19885525088998,135180.64876781078,0.0
2024-11-06,KMB,take_profit,False,Canceled,2,0,0.0,0.0,0.0
2024-11-08,MSI,take_profit,False,Completed,2,-342,494.19258315193,130010.6641830462,0.0
2024-11-08,MSI,stop_loss,False,Canceled,3,0,0.0,0.0,0.0
2024-11-11,MPWR,stop_loss,False,Completed,3,-182,621.6894195065,136433.2353594028,0.0
2024-11-11,MPWR,take_profit,False,Canceled,2,0,0.0,0.0,0.0
2024-11-15,CDW,stop_loss,False,Completed,3,-746,174.15161243739,136754.8451350452,0.0
2024-11-15,CDW,take_profit,False,Canceled,2,0,0.0,0.0,0.0
2024-11-26,HD,take_profit,False,Completed,2,-403,417.11814333631,129306.6244342561,0.0
2024-11-26,HD,stop_loss,False,Canceled,3,0,0.0,0.0,0.0
2024-12-03,BALL,stop_loss,False,Canceled,3,0,0.0,0.0,0.0
2024-12-03,BALL,take_profit,False,Canceled,2,0,0.0,0.0,0.0
2024-12-03,COR,stop_loss,False,Canceled,3,0,0.0,0.0,0.0
2024-12-03,COR,take_profit,False,Canceled,2,0,0.0,0.0,0.0
2024-12-03,DVA,stop_loss,False,Canceled,3,0,0.0,0.0,0.0
2024-12-03,DVA,take_profit,False,Canceled,2,0,0.0,0.0,0.0
2024-12-03,EBAY,stop_loss,False,Canceled,3,0,0.0,0.0,0.0
2024-12-03,EBAY,take_profit,False,Canceled,2,0,0.0,0.0,0.0
2024-12-03,HII,stop_loss,False,Canceled,3,0,0.0,0.0,0.0
2024-12-03,HII,take_profit,False,Canceled,2,0,0.0,0.0,0.0
2024-12-03,MGM,stop_loss,False,Canceled,3,0,0.0,0.0,0.0
2024-12-03,MGM,take_profit,False,Canceled,2,0,0.0,0.0,0.0
2024-12-03,NVDA,rebalance_entry,True,Margin,0,0,0.0,0.0,0.0
2024-12-03,ORCL,rebalance_entry,True,Margin,0,0,0.0,0.0,0.0
2024-12-03,SMCI,rebalance_entry,True,Margin,0,0,0.0,0.0,0.0
2024-12-03,TPL,rebalance_entry,True,Margin,0,0,0.0,0.0,0.0
2024-12-03,VRSK,rebalance_entry,True,Margin,0,0,0.0,0.0,0.0
2024-12-03,VRT,rebalance_entry,True,Margin,0,0,0.0,0.0,0.0
2024-12-03,VST,rebalance_entry,True,Margin,0,0,0.0,0.0,0.0
2024-12-03,ADSK,rebalance_entry,True,Completed,0,479,294.14,140893.06,0.0
2024-12-03,CLX,rebalance_entry,True,Completed,0,907,156.3138299723,141776.6437848761,0.0
2024-12-03,EME,rebalance_entry,True,Completed,0,282,505.68243032350006,142602.445351227,0.0
2024-12-03,FIX,rebalance_entry,True,Completed,0,291,489.1094639086,142330.8539974026,0.0
2024-12-03,FTNT,rebalance_entry,True,Completed,0,1491,95.0,141645.0,0.0
2024-12-03,GM,rebalance_entry,True,Completed,0,2621,54.2874154982,142287.3160207822,0.0
2024-12-03,HD,rebalance_entry,True,Completed,0,343,416.295789378,142789.455756654,0.0
2024-12-03,IBKR,rebalance_entry,True,Completed,0,3085,46.5021399266,143459.101673561,0.0
2024-12-03,KMB,rebalance_entry,True,Completed,0,1082,131.0404758517,141785.7948715394,0.0
2024-12-03,LYV,rebalance_entry,True,Completed,0,1031,136.36,140587.16,0.0
2024-12-04,BALL,rebalance_exit,False,Completed,0,-2373,60.6485925342,136777.3970456208,0.0
2024-12-04,COR,rebalance_exit,False,Completed,0,-610,248.6691671102,134456.456282716,0.0
2024-12-04,DVA,rebalance_exit,False,Completed,0,-964,164.01,136406.0,0.0
2024-12-04,EBAY,rebalance_exit,False,Completed,0,-2410,61.6459175651,136376.990269193,0.0
2024-12-04,HII,rebalance_exit,False,Completed,0,-749,185.73396815629997,136505.6390280534,0.0
2024-12-04,MGM,rebalance_exit,False,Completed,0,-3750,37.57,136687.5,0.0
2024-12-09,EME,stop_loss,False,Completed,3,-282,480.398308807325,142602.445351227,0.0
2024-12-09,EME,take_profit,False,Canceled,2,0,0.0,0.0,0.0
2024-12-09,FIX,stop_loss,False,Completed,3,-291,464.65399071316995,142330.8539974026,0.0
2024-12-09,FIX,take_profit,False,Canceled,2,0,0.0,0.0,0.0
2024-12-10,IBKR,stop_loss,False,Completed,3,-3085,44.17703293027,143459.101673561,0.0
2024-12-10,IBKR,take_profit,False,Canceled,2,0,0.0,0.0,0.0
2024-12-11,GM,stop_loss,False,Completed,3,-2621,51.57304472328999,142287.3160207822,0.0
2024-12-11,GM,take_profit,False,Canceled,2,0,0.0,0.0,0.0
2024-12-11,KMB,stop_loss,False,Completed,3,-1082,124.48845205911499,141785.7948715394,0.0
2024-12-11,KMB,take_profit,False,Canceled,2,0,0.0,0.0,0.0
2024-12-17,HD,stop_loss,False,Completed,3,-343,395.48099990910003,142789.455756654,0.0
2024-12-17,HD,take_profit,False,Canceled,2,0,0.0,0.0,0.0
2024-12-30,LYV,stop_loss,False,Completed,3,-1031,129.542,140587.16,0.0
2024-12-30,LYV,take_profit,False,Canceled,2,0,0.0,0.0,0.0
2025-01-03,ADSK,stop_loss,False,Canceled,3,0,0.0,0.0,0.0
2025-01-03,ADSK,take_profit,False,Canceled,2,0,0.0,0.0,0.0
2025-01-03,CLX,stop_loss,False,Canceled,3,0,0.0,0.0,0.0
2025-01-03,CLX,take_profit,False,Canceled,2,0,0.0,0.0,0.0
2025-01-03,NTAP,stop_loss,False,Canceled,3,0,0.0,0.0,0.0
2025-01-03,NTAP,take_profit,False,Canceled,2,0,0.0,0.0,0.0
2025-01-03,UAL,rebalance_entry,True,Margin,0,0,0.0,0.0,0.0
2025-01-03,VRSK,rebalance_entry,True,Margin,0,0,0.0,0.0,0.0
2025-01-03,VRT,rebalance_entry,True,Margin,0,0,0.0,0.0,0.0
2025-01-03,VST,rebalance_entry,True,Margin,0,0,0.0,0.0,0.0
2025-01-03,APO,rebalance_entry,True,Completed,0,852,162.3989407673,138363.8975337396,0.0
2025-01-03,AXON,rebalance_entry,True,Completed,0,231,595.36,137528.16,0.0
2025-01-03,CVNA,rebalance_entry,True,Completed,0,3465,37.64,130422.6,0.0
2025-01-03,DVA,rebalance_entry,True,Completed,0,923,150.24,138671.52000000002,0.0
2025-01-03,EME,rebalance_entry,True,Completed,0,303,458.10896298050005,138807.0157830915,0.0
2025-01-03,FIX,rebalance_entry,True,Completed,0,324,428.03921742280005,138684.7064449872,0.0
2025-01-03,HD,rebalance_entry,True,Completed,0,367,377.6334549957999,138591.47798345858,0.0
2025-01-03,LII,rebalance_entry,True,Completed,0,231,602.2330004182,139115.8230966042,0.0
2025-01-03,LYV,rebalance_entry,True,Completed,0,1070,129.61,138682.7,0.0
2025-01-03,MSI,rebalance_entry,True,Completed,0,305,454.6258244389,138660.8764538645,0.0
2025-01-03,NVDA,rebalance_entry,True,Completed,0,1000,139.9650454633,139965.0454633,0.0
2025-01-03,SMCI,rebalance_entry,True,Completed,0,4602,30.41,139946.82,0.0
2025-01-03,TPL,rebalance_entry,True,Completed,0,354,392.4404635958,138923.9241129132,0.0
2025-01-06,AXON,stop_loss,False,Completed,3,-231,565.592,137528.16,0.0
2025-01-06,AXON,take_profit,False,Canceled,2,0,0.0,0.0,0.0
2025-01-06,ADSK,rebalance_exit,False,Completed,0,-479,293.11,140893.06,0.0
2025-01-06,CLX,rebalance_exit,False,Completed,0,-907,151.7224522772,141776.6437848761,0.0
2025-01-06,NTAP,rebalance_exit,False,Completed,0,-1212,115.5180947079,136378.126563426,0.0
2025-01-07,CL,stop_loss,False,Completed,3,-1435,84.09775714892,127031.87527231601,0.0
2025-01-07,CL,take_profit,False,Canceled,2,0,0.0,0.0,0.0
2025-01-10,APO,stop_loss,False,Completed,3,-852,154.27899372893498,138363.8975337396,0.0
2025-01-10,APO,take_profit,False,Canceled,2,0,0.0,0.0,0.0
2025-01-13,NVDA,stop_loss,False,Completed,3,-1000,129.9482626939,139965.0454633,0.0
2025-01-13,NVDA,take_profit,False,Canceled,2,0,0.0,0.0,0.0
2025-01-27,CVNA,take_profit,False,Completed,2,-3465,48.932,130422.6,0.0
2025-01-27,CVNA,stop_loss,False,Canceled,3,0,0.0,0.0,0.0
2025-01-27,EME,stop_loss,False,Completed,3,-303,435.2035148314751,138807.0157830915,0.0
2025-01-27,EME,take_profit,False,Canceled,2,0,0.0,0.0,0.0
2025-01-27,FIX,stop_loss,False,Completed,3,-324,406.6372565516601,138684.7064449872,0.0
2025-01-27,FIX,take_profit,False,Canceled,2,0,0.0,0.0,0.0
2025-01-27,SMCI,stop_loss,False,Completed,3,-4602,28.889499999999998,139946.82,0.0
2025-01-27,SMCI,take_profit,False,Canceled,2,0,0.0,0.0,0.0
2025-01-28,GDDY,take_profit,False,Completed,2,-835,212.355,136397.25,0.0
2025-01-28,GDDY,stop_loss,False,Canceled,3,0,0.0,0.0,0.0
2025-02-03,LII,stop_loss,False,Completed,3,-231,567.9766028743999,139115.8230966042,0.0
2025-02-03,LII,take_profit,False,Canceled,2,0,0.0,0.0,0.0
2025-02-04,DVA,stop_loss,False,Canceled,3,0,0.0,0.0,0.0
2025-02-04,DVA,take_profit,False,Canceled,2,0,0.0,0.0,0.0
2025-02-04,MSI,stop_loss,False,Canceled,3,0,0.0,0.0,0.0
2025-02-04,MSI,take_profit,False,Canceled,2,0,0.0,0.0,0.0
2025-02-04,TPL,stop_loss,False,Canceled,3,0,0.0,0.0,0.0
2025-02-04,TPL,take_profit,False,Canceled,2,0,0.0,0.0,0.0
2025-02-04,TRGP,rebalance_entry,True,Margin,0,0,0.0,0.0,0.0
2025-02-04,UAL,rebalance_entry,True,Margin,0,0,0.0,0.0,0.0
2025-02-04,VRSK,rebalance_entry,True,Margin,0,0,0.0,0.0,0.0
2025-02-04,WSM,rebalance_entry,True,Margin,0,0,0.0,0.0,0.0
2025-02-04,AMP,rebalance_entry,True,Completed,0,269,526.7572833143,141697.7092115467,0.0
2025-02-04,CHRW,rebalance_entry,True,Completed,0,1484,96.74207398239999,143565.2377898816,0.0
2025-02-04,CL,rebalance_entry,True,Completed,0,1682,84.3372502231,141855.2548752542,0.0
2025-02-04,CLX,rebalance_entry,True,Completed,0,937,146.0119691652,136813.21510779238,0.0
2025-02-04,DECK,rebalance_entry,True,Completed,0,832,173.21,144110.72,0.0
2025-02-04,GDDY,rebalance_entry,True,Completed,0,667,214.37,142984.79,0.0
2025-02-04,GWW,rebalance_entry,True,Completed,0,137,1043.3288759194,142936.0560009578,0.0
2025-02-04,KMB,rebalance_entry,True,Completed,0,1147,123.5315398476,141690.6762051972,0.0
2025-02-04,LII,rebalance_entry,True,Completed,0,246,580.9462251278,142912.7713814388,0.0
2025-02-04,MMM,rebalance_entry,True,Completed,0,974,145.2626115447,141485.78364453782,0.0
2025-02-04,NVDA,rebalance_entry,True,Completed,0,1218,116.922446378,142411.539688404,0.0
2025-02-04,PKG,rebalance_entry,True,Completed,0,693,206.18595639400002,142886.867781042,0.0
2025-02-04,RMD,rebalance_entry,True,Completed,0,598,236.6984184631,141545.6542409338,0.0
2025-02-05,CLX,stop_loss,False,Completed,3,-937,138.71137070694,136813.21510779238,0.0
2025-02-05,CLX,take_profit,False,Canceled,2,0,0.0,0.0,0.0
2025-02-05,DVA,rebalance_exit,False,Completed,0,-923,178.47,138671.52000000002,0.0
2025-02-05,MSI,rebalance_exit,False,Completed,0,-305,469.089083887,138660.8764538645,0.0
2025-02-05,TPL,rebalance_exit,False,Completed,0,-354,453.3828765258,138923.9241129132,0.0
2025-02-10,DECK,stop_loss,False,Completed,3,-832,164.54950000000002,144110.72,0.0
2025-02-10,DECK,take_profit,False,Canceled,2,0,0.0,0.0,0.0
2025-02-12,GDDY,stop_loss,False,Completed,3,-667,203.65150000000003,142984.79,0.0
2025-02-12,GDDY,take_profit,False,Canceled,2,0,0.0,0.0,0.0
2025-02-12,PKG,stop_loss,False,Completed,3,-693,195.8766585743,142886.867781042,0.0
2025-02-12,PKG,take_profit,False,Canceled,2,0,0.0,0.0,0.0
2025-02-21,GWW,stop_loss,False,Completed,3,-137,991.1624321234298,142936.0560009578,0.0
2025-02-21,GWW,take_profit,False,Canceled,2,0,0.0,0.0,0.0
2025-03-04,AMP,stop_loss,False,Canceled,3,0,0.0,0.0,0.0
2025-03-04,AMP,take_profit,False,Canceled,2,0,0.0,0.0,0.0
2025-03-04,CHRW,stop_loss,False,Canceled,3,0,0.0,0.0,0.0
2025-03-04,CHRW,take_profit,False,Canceled,2,0,0.0,0.0,0.0
2025-03-04,MMM,stop_loss,False,Canceled,3,0,0.0,0.0,0.0
2025-03-04,MMM,take_profit,False,Canceled,2,0,0.0,0.0,0.0
2025-03-04,RMD,stop_loss,False,Canceled,3,0,0.0,0.0,0.0
2025-03-04,RMD,take_profit,False,Canceled,2,0,0.0,0.0,0.0
2025-03-04,NTAP,rebalance_entry,True,Margin,0,0,0.0,0.0,0.0
2025-03-04,ORCL,rebalance_entry,True,Margin,0,0,0.0,0.0,0.0
2025-03-04,UAL,rebalance_entry,True,Margin,0,0,0.0,0.0,0.0
2025-03-04,VRSK,rebalance_entry,True,Margin,0,0,0.0,0.0,0.0
2025-03-04,VST,rebalance_entry,True,Margin,0,0,0.0,0.0,0.0
2025-03-04,NVDA,stop_loss,False,Completed,3,-1218,110.6094740039,142411.539688404,0.0
2025-03-04,NVDA,take_profit,False,Canceled,2,0,0.0,0.0,0.0
2025-03-04,AAPL,rebalance_entry,True,Completed,0,597,236.4699096131,141172.5360390207,0.0
2025-03-04,CLX,rebalance_entry,True,Completed,0,957,149.074427999,142664.227595043,0.0
2025-03-04,EBAY,rebalance_entry,True,Completed,0,2217,63.731129640899994,141291.9144138753,0.0
2025-03-04,FE,rebalance_entry,True,Completed,0,3756,37.8536750797,142178.4035993532,0.0
2025-03-04,FSLR,rebalance_entry,True,Completed,0,1109,125.49000000000001,139168.41,0.0
2025-03-04,GDDY,rebalance_entry,True,Completed,0,796,175.26,139506.96,0.0
2025-03-04,NCLH,rebalance_entry,True,Completed,0,6449,21.399999999999995,138008.59999999998,0.0
2025-03-04,NRG,rebalance_entry,True,Completed,0,1433,96.62417764540001,138462.4465658582,0.0
2025-03-05,AMP,rebalance_exit,False,Completed,0,-269,491.0210629628,141697.7092115467,0.0
2025-03-05,CHRW,rebalance_exit,False,Completed,0,-1484,95.67886707939999,143565.2377898816,0.0
2025-03-05,MMM,rebalance_exit,False,Completed,0,-974,143.3390569384,141485.78364453782,0.0
2025-03-05,RMD,rebalance_exit,False,Completed,0,-598,224.9807637905,141545.6542409338,0.0
2025-03-06,CLX,stop_loss,False,Completed,3,-957,141.62070659904998,142664.227595043,0.0
2025-03-06,CLX,take_profit,False,Canceled,2,0,0.0,0.0,0.0
2025-03-06,NCLH,stop_loss,False,Completed,3,-6449,20.32999999999999,138008.59999999998,0.0
2025-03-06,NCLH,take_profit,False,Canceled,2,0,0.0,0.0,0.0
2025-03-06,NRG,stop_loss,False,Completed,3,-1433,91.79296876313,138462.4465658582,0.0
2025-03-06,NRG,take_profit,False,Canceled,2,0,0.0,0.0,0.0
2025-03-07,HD,stop_loss,False,Completed,3,-367,358.7517822460099,138591.47798345858,0.0
2025-03-07,HD,take_profit,False,Canceled,2,0,0.0,0.0,0.0
2025-03-07,LYV,stop_loss,False,Completed,3,-1070,123.12950000000001,138682.7,0.0
2025-03-07,LYV,take_profit,False,Canceled,2,0,0.0,0.0,0.0
2025-03-10,AAPL,stop_loss,False,Completed,3,-597,224.646414132445,141172.5360390207,0.0
2025-03-10,AAPL,take_profit,False,Canceled,2,0,0.0,0.0,0.0
2025-03-13,LII,stop_loss,False,Completed,3,-246,551.89891387141,142912.7713814388,0.0
2025-03-13,LII,take_profit,False,Canceled,2,0,0.0,0.0,0.0
2025-03-25,FE,stop_loss,False,Completed,3,-3756,35.96099132571499,142178.4035993532,0.0
2025-03-25,FE,take_profit,False,Canceled,2,0,0.0,0.0,0.0
2025-04-02,EBAY,stop_loss,False,Canceled,3,0,0.0,0.0,0.0
2025-04-02,EBAY,take_profit,False,Canceled,2,0,0.0,0.0,0.0
2025-04-02,FSLR,stop_loss,False,Canceled,3,0,0.0,0.0,0.0
2025-04-02,FSLR,take_profit,False,Canceled,2,0,0.0,0.0,0.0
2025-04-02,UAL,rebalance_entry,True,Margin,0,0,0.0,0.0,0.0
2025-04-02,VRSK,rebalance_entry,True,Margin,0,0,0.0,0.0,0.0
2025-04-02,VST,rebalance_entry,True,Margin,0,0,0.0,0.0,0.0
2025-04-02,CCL,rebalance_entry,True,Completed,0,7135,18.8272019597,134332.0859824595,0.0
2025-04-02,CLX,rebalance_entry,True,Completed,0,976,140.3705976293,137001.7032861968,0.0
2025-04-02,EXPE,rebalance_entry,True,Completed,0,824,163.92047714020003,135070.47316352482,0.0
2025-04-02,HD,rebalance_entry,True,Completed,0,384,353.5519892103,135763.9638567552,0.0
2025-04-02,HWM,rebalance_entry,True,Completed,0,1041,128.8010668109,134081.91055014692,0.0
2025-04-02,LII,rebalance_entry,True,Completed,0,245,548.2208949483,134314.11926233352,0.0
2025-04-02,LYV,rebalance_entry,True,Completed,0,1036,129.99,134669.64,0.0
2025-04-02,MMM,rebalance_entry,True,Completed,0,949,142.3135322056,135055.5420631144,0.0
2025-04-02,NCLH,rebalance_entry,True,Completed,0,7181,18.68,134141.08,0.0
2025-04-02,NVDA,rebalance_entry,True,Completed,0,1242,107.26481816919998,133222.90416614639,0.0
2025-04-02,ORCL,rebalance_entry,True,Completed,0,977,137.9589135569,134785.8585450913,0.0
2025-04-02,RCL,rebalance_entry,True,Completed,0,667,201.11742994300002,134145.325771981,0.0
2025-04-02,TPR,rebalance_entry,True,Completed,0,1905,71.26205947650001,135754.2233027325,0.0
2025-04-03,FTNT,stop_loss,False,Completed,3,-1491,90.25,141645.0,0.0
2025-04-03,FTNT,take_profit,False,Canceled,2,0,0.0,0.0,0.0
2025-04-03,CCL,stop_loss,False,Completed,3,-7135,17.885841861715,134332.0859824595,0.0
2025-04-03,CCL,take_profit,False,Canceled,2,0,0.0,0.0,0.0
2025-04-03,EXPE,stop_loss,False,Completed,3,-824,155.72445328319003,135070.47316352482,0.0
2025-04-03,EXPE,take_profit,False,Canceled,2,0,0.0,0.0,0.0
2025-04-03,NCLH,stop_loss,False,Completed,3,-7181,17.746,134141.08,0.0
2025-04-03,NCLH,take_profit,False,Canceled,2,0,0.0,0.0,0.0
2025-04-03,NVDA,stop_loss,False,Completed,3,-1242,101.90157726073998,133222.90416614639,0.0
2025-04-03,NVDA,take_profit,False,Canceled,2,0,0.0,0.0,0.0
2025-04-03,RCL,stop_loss,False,Completed,3,-667,191.06155844585,134145.325771981,0.0
2025-04-03,RCL,take_profit,False,Canceled,2,0,0.0,0.0,0.0
2025-04-03,TPR,stop_loss,False,Completed,3,-1905,66.7527382855,135754.2233027325,0.0
2025-04-03,TPR,take_profit,False,Canceled,2,0,0.0,0.0,0.0
2025-04-03,EBAY,rebalance_exit,False,Completed,0,-2217,65.115569348,141291.9144138753,0.0
2025-04-03,FSLR,rebalance_exit,False,Completed,0,-1109,128.85,139168.41,0.0
2025-04-04,GDDY,stop_loss,False,Completed,3,-796,166.49699999999999,139506.96,0.0
2025-04-04,GDDY,take_profit,False,Canceled,2,0,0.0,0.0,0.0
2025-04-04,HWM,stop_loss,False,Completed,3,-1041,115.6188255534,134081.91055014692,0.0
2025-04-04,HWM,take_profit,False,Canceled,2,0,0.0,0.0,0.0
2025-04-04,LII,stop_loss,False,Completed,3,-245,520.809850200885,134314.11926233352,0.0
2025-04-04,LII,take_profit,False,Canceled,2,0,0.0,0.0,0.0
2025-04-04,LYV,stop_loss,False,Completed,3,-1036,121.8,134669.64,0.0
2025-04-04,LYV,take_profit,False,Canceled,2,0,0.0,0.0,0.0
2025-04-04,MMM,stop_loss,False,Completed,3,-949,131.0620608515,135055.5420631144,0.0
2025-04-04,MMM,take_profit,False,Canceled,2,0,0.0,0.0,0.0
2025-04-04,ORCL,stop_loss,False,Completed,3,-977,131.060967879055,134785.8585450913,0.0
2025-04-04,ORCL,take_profit,False,Canceled,2,0,0.0,0.0,0.0
2025-04-07,CLX,stop_loss,False,Completed,3,-976,133.35206774783498,137001.7032861968,0.0
2025-04-07,CLX,take_profit,False,Canceled,2,0,0.0,0.0,0.0
2025-04-07,HD,stop_loss,False,Completed,3,-384,335.7456693654,135763.9638567552,0.0
2025-04-07,HD,take_profit,False,Canceled,2,0,0.0,0.0,0.0
2025-05-02,VRSK,rebalance_entry,True,Margin,0,0,0.0,0.0,0.0
2025-05-02,APP,rebalance_entry,True,Completed,0,464,291.99,135483.36000000002,0.0
2025-05-02,CLX,rebalance_entry,True,Completed,0,978,133.6153390115,130675.801553247,0.0
2025-05-02,DVA,rebalance_entry,True,Completed,0,923,142.5,131527.5,0.0
2025-05-02,EIX,rebalance_entry,True,Completed,0,2519,51.678982541,130179.357020779,0.0
2025-05-02,EXPE,rebalance_entry,True,Completed,0,829,158.6234576144,131498.8463623376,0.0
2025-05-02,FSLR,rebalance_entry,True,Completed,0,1024,127.68,130744.32,0.0
2025-05-02,FTNT,rebalance_entry,True,Completed,0,1244,105.705,131497.02,0.0
2025-05-02,GDDY,rebalance_entry,True,Completed,0,674,172.7,116399.79999999999,0.0
2025-05-02,GRMN,rebalance_entry,True,Completed,0,705,186.59715164769997,131550.9919116285,0.0
2025-05-02,HD,rebalance_entry,True,Completed,0,371,353.0839150851,130994.1324965721,0.0
2025-05-02,LYV,rebalance_entry,True,Completed,0,987,131.68,129968.16,0.0
2025-05-02,MMM,rebalance_entry,True,Completed,0,962,136.7366310396,131540.6390600952,0.0
2025-05-02,NCLH,rebalance_entry,True,Completed,0,7975,16.71,133262.25,0.0
2025-05-02,NEM,rebalance_entry,True,Completed,0,2557,51.370890977900004,131355.3682304903,0.0
2025-05-02,OKE,rebalance_entry,True,Completed,0,1713,76.857399269,131656.724947797,0.0
2025-05-02,TPL,rebalance_entry,True,Completed,0,300,439.6390155746,131891.70467238,0.0
2025-05-02,TRGP,rebalance_entry,True,Completed,0,816,160.2591692135,130771.482078216,0.0
2025-05-05,TRGP,stop_loss,False,Completed,3,-816,152.246210752825,130771.482078216,0.0
2025-05-05,TRGP,take_profit,False,Canceled,2,0,0.0,0.0,0.0
2025-05-06,CLX,stop_loss,False,Completed,3,-978,126.93457206092499,130675.801553247,0.0
2025-05-06,CLX,take_profit,False,Canceled,2,0,0.0,0.0,0.0
2025-05-08,FTNT,stop_loss,False,Completed,3,-1244,97.6,131497.02,0.0
2025-05-08,FTNT,take_profit,False,Canceled,2,0,0.0,0.0,0.0
2025-05-09,EXPE,stop_loss,False,Completed,3,-829,150.69228473368,131498.8463623376,0.0
2025-05-09,EXPE,take_profit,False,Canceled,2,0,0.0,0.0,0.0
2025-05-13,APP,take_profit,False,Completed,2,-464,379.58700000000005,135483.36000000002,0.0
2025-05-13,APP,stop_loss,False,Canceled,3,0,0.0,0.0,0.0
2025-05-13,FSLR,take_profit,False,Completed,2,-1024,176.12,130744.32,0.0
2025-05-13,FSLR,stop_loss,False,Canceled,3,0,0.0,0.0,0.0
2025-05-14,NEM,stop_loss,False,Completed,3,-2557,48.4463836709,131355.3682304903,0.0
2025-05-14,NEM,take_profit,False,Canceled,2,0,0.0,0.0,0.0
2025-05-23,TPL,stop_loss,False,Completed,3,-300,415.4939297057,131891.70467238,0.0
2025-05-23,TPL,take_profit,False,Canceled,2,0,0.0,0.0,0.0
2025-05-29,DVA,stop_loss,False,Completed,3,-923,135.375,131527.5,0.0
2025-05-29,DVA,take_profit,False,Canceled,2,0,0.0,0.0,0.0
2025-06-03,EIX,stop_loss,False,Canceled,3,0,0.0,0.0,0.0
2025-06-03,EIX,take_profit,False,Canceled,2,0,0.0,0.0,0.0
2025-06-03,GRMN,stop_loss,False,Canceled,3,0,0.0,0.0,0.0
2025-06-03,GRMN,take_profit,False,Canceled,2,0,0.0,0.0,0.0
2025-06-03,NCLH,stop_loss,False,Canceled,3,0,0.0,0.0,0.0
2025-06-03,NCLH,take_profit,False,Canceled,2,0,0.0,0.0,0.0
2025-06-03,OKE,stop_loss,False,Canceled,3,0,0.0,0.0,0.0
2025-06-03,OKE,take_profit,False,Canceled,2,0,0.0,0.0,0.0
2025-06-03,NRG,rebalance_entry,True,Margin,0,0,0.0,0.0,0.0
2025-06-03,TPL,rebalance_entry,True,Margin,0,0,0.0,0.0,0.0
2025-06-03,TPR,rebalance_entry,True,Margin,0,0,0.0,0.0,0.0
2025-06-03,UBER,rebalance_entry,True,Margin,0,0,0.0,0.0,0.0
2025-06-03,VRSK,rebalance_entry,True,Margin,0,0,0.0,0.0,0.0
2025-06-03,ANET,rebalance_entry,True,Completed,0,1498,90.46,135509.08,0.0
2025-06-03,APP,rebalance_entry,True,Completed,0,334,401.91,134237.94,0.0
2025-06-03,BBY,rebalance_entry,True,Completed,0,2082,64.6630424062,134628.4542897084,0.0
2025-06-03,CHTR,rebalance_entry,True,Completed,0,340,391.8,133212.0,0.0
2025-06-03,CLX,rebalance_entry,True,Completed,0,1079,124.36651776429999,134191.47266767969,0.0
2025-06-03,COR,rebalance_entry,True,Completed,0,464,293.3060743624,136094.01850415362,0.0
2025-06-03,DVA,rebalance_entry,True,Completed,0,1000,134.0,134000.0,0.0
2025-06-03,FTNT,rebalance_entry,True,Completed,0,1312,102.25999999999999,134165.12,0.0
2025-06-03,MSI,rebalance_entry,True,Completed,0,324,412.40742592899994,133620.00600099599,0.0
2025-06-04,EIX,rebalance_exit,False,Completed,0,-2519,52.81084563740001,130179.357020779,0.0
2025-06-04,GRMN,rebalance_exit,False,Completed,0,-705,202.603560976,131550.9919116285,0.0
2025-06-04,NCLH,rebalance_exit,False,Completed,0,-7975,18.26,133262.25,0.0
2025-06-04,OKE,rebalance_exit,False,Completed,0,-1713,78.498530527,131656.724947797,0.0
2025-06-10,APP,stop_loss,False,Completed,3,-334,381.8145,134237.94,0.0
2025-06-10,APP,take_profit,False,Canceled,2,0,0.0,0.0,0.0
2025-06-13,CLX,stop_loss,False,Completed,3,-1079,118.14819187608498,134191.47266767969,0.0
2025-06-13,CLX,take_profit,False,Canceled,2,0,0.0,0.0,0.0
2025-06-17,CHTR,stop_loss,False,Completed,3,-340,372.21,133212.0,0.0
2025-06-17,CHTR,take_profit,False,Canceled,2,0,0.0,0.0,0.0
2025-06-20,ANET,stop_loss,False,Completed,3,-1498,85.93699999999998,135509.08,0.0
2025-06-20,ANET,take_profit,False,Canceled,2,0,0.0,0.0,0.0
2025-07-02,BBY,stop_loss,False,Canceled,3,0,0.0,0.0,0.0
2025-07-02,BBY,take_profit,False,Canceled,2,0,0.0,0.0,0.0
2025-07-02,VRSK,rebalance_entry,True,Margin,0,0,0.0,0.0,0.0
2025-07-02,VST,rebalance_entry,True,Margin,0,0,0.0,0.0,0.0
2025-07-02,APP,rebalance_entry,True,Completed,0,401,342.53,137354.53,0.0
2025-07-02,CLX,rebalance_entry,True,Completed,0,1144,118.7426223213,135841.5599355672,0.0
2025-07-02,COIN,rebalance_entry,True,Completed,0,403,340.58,137253.74,0.0
2025-07-02,EXPE,rebalance_entry,True,Completed,0,782,172.811997445,135138.98200199,0.0
2025-07-02,FFIV,rebalance_entry,True,Completed,0,456,294.98,134510.88,0.0
2025-07-02,FOXA,rebalance_entry,True,Completed,0,2438,55.4743434904,135246.4494295952,0.0
2025-07-02,JBL,rebalance_entry,True,Completed,0,626,216.6845254087,135644.5129058462,0.0
2025-07-02,MA,rebalance_entry,True,Completed,0,240,559.613925505,134307.3421212,0.0
2025-07-03,BBY,rebalance_exit,False,Completed,0,-2082,69.2832836111,134628.4542897084,0.0
2025-07-18,COIN,take_profit,False,Completed,2,-403,442.75399999999996,137253.74,0.0
2025-07-18,COIN,stop_loss,False,Canceled,3,0,0.0,0.0,0.0
2025-07-30,GDDY,stop_loss,False,Completed,3,-674,164.06499999999997,116399.79999999999,0.0
2025-07-30,GDDY,take_profit,False,Canceled,2,0,0.0,0.0,0.0
2025-08-01,FTNT,stop_loss,False,Completed,3,-1312,97.14699999999999,134165.12,0.0
2025-08-01,FTNT,take_profit,False,Canceled,2,0,0.0,0.0,0.0
2025-08-04,FFIV,stop_loss,False,Canceled,3,0,0.0,0.0,0.0
2025-08-04,FFIV,take_profit,False,Canceled,2,0,0.0,0.0,0.0
2025-08-04,FOXA,stop_loss,False,Canceled,3,0,0.0,0.0,0.0
2025-08-04,FOXA,take_profit,False,Canceled,2,0,0.0,0.0,0.0
2025-08-04,JBL,stop_loss,False,Canceled,3,0,0.0,0.0,0.0
2025-08-04,JBL,take_profit,False,Canceled,2,0,0.0,0.0,0.0
2025-08-04,MMM,stop_loss,False,Canceled,3,0,0.0,0.0,0.0
2025-08-04,MMM,take_profit,False,Canceled,2,0,0.0,0.0,0.0
2025-08-04,MSI,stop_loss,False,Canceled,3,0,0.0,0.0,0.0
2025-08-04,MSI,take_profit,False,Canceled,2,0,0.0,0.0,0.0
2025-08-04,LII,rebalance_entry,True,Margin,0,0,0.0,0.0,0.0
2025-08-04,RCL,rebalance_entry,True,Margin,0,0,0.0,0.0,0.0
2025-08-04,TPR,rebalance_entry,True,Margin,0,0,0.0,0.0,0.0
2025-08-04,UAL,rebalance_entry,True,Margin,0,0,0.0,0.0,0.0
2025-08-04,VRSK,rebalance_entry,True,Margin,0,0,0.0,0.0,0.0
2025-08-04,VST,rebalance_entry,True,Margin,0,0,0.0,0.0,0.0
2025-08-04,FTNT,rebalance_entry,True,Completed,0,1396,97.815,136549.74,0.0
2025-08-04,GDDY,rebalance_entry,True,Completed,0,868,156.93000000000004,136215.24000000002,0.0
2025-08-04,HOOD,rebalance_entry,True,Completed,0,1360,101.229,137671.44,0.0
2025-08-04,HWM,rebalance_entry,True,Completed,0,739,185.0876865397,136779.8003528383,0.0
2025-08-05,FFIV,rebalance_exit,False,Completed,0,-456,320.59,134510.88,0.0
2025-08-05,FOXA,rebalance_exit,False,Completed,0,-2438,57.3812740479,135246.4494295952,0.0
2025-08-05,JBL,rebalance_exit,False,Completed,0,-626,223.8051442323,135644.5129058462,0.0
2025-08-05,MMM,rebalance_exit,False,Completed,0,-962,145.7164712591,131540.6390600952,0.0
2025-08-05,MSI,rebalance_exit,False,Completed,0,-324,435.9334070392,133620.00600099599,0.0
2025-08-06,COR,stop_loss,False,Completed,3,-464,278.64077064428,136094.01850415362,0.0
2025-08-06,COR,take_profit,False,Canceled,2,0,0.0,0.0,0.0
2025-08-06,DVA,stop_loss,False,Completed,3,-1000,127.3,134000.0,0.0
2025-08-06,DVA,take_profit,False,Canceled,2,0,0.0,0.0,0.0
2025-08-07,APP,take_profit,False,Completed,2,-401,445.289,137354.53,0.0
2025-08-07,APP,stop_loss,False,Canceled,3,0,0.0,0.0,0.0
2025-08-07,FTNT,stop_loss,False,Completed,3,-1396,74.3,136549.74,0.0
2025-08-07,FTNT,take_profit,False,Canceled,2,0,0.0,0.0,0.0
2025-08-07,GDDY,stop_loss,False,Completed,3,-868,149.08350000000002,136215.24000000002,0.0
2025-08-07,GDDY,take_profit,False,Canceled,2,0,0.0,0.0,0.0
2025-08-13,HWM,stop_loss,False,Completed,3,-739,175.83330221271498,136779.8003528383,0.0
2025-08-13,HWM,take_profit,False,Canceled,2,0,0.0,0.0,0.0
2025-08-28,CLX,stop_loss,False,Completed,3,-1144,112.805491205235,135841.5599355672,0.0
2025-08-28,CLX,take_profit,False,Canceled,2,0,0.0,0.0,0.0
2025-09-03,CL,stop_loss,False,Canceled,3,0,0.0,0.0,0.0
2025-09-03,CL,take_profit,False,Canceled,2,0,0.0,0.0,0.0
2025-09-03,EXPE,stop_loss,False,Canceled,3,0,0.0,0.0,0.0
2025-09-03,EXPE,take_profit,False,Canceled,2,0,0.0,0.0,0.0
2025-09-03,MA,stop_loss,False,Canceled,3,0,0.0,0.0,0.0
2025-09-03,MA,take_profit,False,Canceled,2,0,0.0,0.0,0.0
2025-09-03,ULTA,rebalance_entry,True,Margin,0,0,0.0,0.0,0.0
2025-09-03,VEEV,rebalance_entry,True,Margin,0,0,0.0,0.0,0.0
2025-09-03,VST,rebalance_entry,True,Margin,0,0,0.0,0.0,0.0
2025-09-03,WSM,rebalance_entry,True,Margin,0,0,0.0,0.0,0.0
2025-09-03,APP,rebalance_entry,True,Completed,0,286,487.69,139479.34,0.0
2025-09-03,CAT,rebalance_entry,True,Completed,0,334,415.16101752009996,138663.7798517134,0.0
2025-09-03,CLX,rebalance_entry,True,Completed,0,1191,115.58851306740002,137665.9190632734,0.0
2025-09-03,COR,rebalance_entry,True,Completed,0,471,293.3598010554,138172.4662970934,0.0
2025-09-03,EBAY,rebalance_entry,True,Completed,0,1551,88.0842808014,136618.7195229714,0.0
2025-09-03,FIX,rebalance_entry,True,Completed,0,198,700.0572394330999,138611.3334077538,0.0
2025-09-03,JBL,rebalance_entry,True,Completed,0,684,203.4576120371,139165.0066333764,0.0
2025-09-03,LRCX,rebalance_entry,True,Completed,0,1430,96.56386105570002,138086.32130965102,0.0
2025-09-03,NVDA,rebalance_entry,True,Completed,0,808,171.031824499,138193.714195192,0.0
2025-09-03,ORCL,rebalance_entry,True,Completed,0,617,224.1407791578,138294.8607403626,0.0
2025-09-03,SMCI,rebalance_entry,True,Completed,0,3386,40.9,138487.4,0.0
2025-09-03,UAL,rebalance_entry,True,Completed,0,1319,105.1,138626.9,0.0
2025-09-04,CL,rebalance_exit,False,Completed,0,-1682,82.5176663783,141855.2548752542,0.0
2025-09-04,EXPE,rebalance_exit,False,Completed,0,-782,212.2511563428,135138.98200199,0.0
2025-09-04,MA,rebalance_exit,False,Completed,0,-240,590.3189783185,134307.3421212,0.0
2025-09-05,HOOD,stop_loss,False,Completed,3,-1360,96.16754999999999,137671.44,0.0
2025-09-05,HOOD,take_profit,False,Canceled,2,0,0.0,0.0,0.0
2025-09-10,LYV,take_profit,False,Completed,2,-987,171.18400000000003,129968.16,0.0
2025-09-10,LYV,stop_loss,False,Canceled,3,0,0.0,0.0,0.0
2025-09-10,ORCL,take_profit,False,Completed,2,-617,316.7042731269,138294.8607403626,0.0
2025-09-10,ORCL,stop_loss,False,Canceled,3,0,0.0,0.0,0.0
2025-09-18,LRCX,take_profit,False,Completed,2,-1430,125.9420448994,138086.32130965102,0.0
2025-09-18,LRCX,stop_loss,False,Canceled,3,0,0.0,0.0,0.0
2025-09-19,APP,take_profit,False,Completed,2,-286,633.9970000000001,139479.34,0.0
2025-09-19,APP,stop_loss,False,Canceled,3,0,0.0,0.0,0.0
2025-09-25,UAL,stop_loss,False,Completed,3,-1319,99.845,138626.9,0.0
2025-09-25,UAL,take_profit,False,Canceled,2,0,0.0,0.0,0.0
2025-10-02,CAT,stop_loss,False,Canceled,3,0,0.0,0.0,0.0
2025-10-02,CAT,take_profit,False,Canceled,2,0,0.0,0.0,0.0
2025-10-02,EBAY,stop_loss,False,Canceled,3,0,0.0,0.0,0.0
2025-10-02,EBAY,take_profit,False,Canceled,2,0,0.0,0.0,0.0
2025-10-02,FIX,stop_loss,False,Canceled,3,0,0.0,0.0,0.0
2025-10-02,FIX,take_profit,False,Canceled,2,0,0.0,0.0,0.0
2025-10-02,JBL,stop_loss,False,Canceled,3,0,0.0,0.0,0.0
2025-10-02,JBL,take_profit,False,Canceled,2,0,0.0,0.0,0.0
2025-10-02,NVDA,stop_loss,False,Canceled,3,0,0.0,0.0,0.0
2025-10-02,NVDA,take_profit,False,Canceled,2,0,0.0,0.0,0.0
2025-10-02,SMCI,stop_loss,False,Canceled,3,0,0.0,0.0,0.0
2025-10-02,SMCI,take_profit,False,Canceled,2,0,0.0,0.0,0.0
2025-10-02,NTAP,rebalance_entry,True,Margin,0,0,0.0,0.0,0.0
2025-10-02,ORCL,rebalance_entry,True,Margin,0,0,0.0,0.0,0.0
2025-10-02,RCL,rebalance_entry,True,Margin,0,0,0.0,0.0,0.0
2025-10-02,SYF,rebalance_entry,True,Margin,0,0,0.0,0.0,0.0
2025-10-02,TRGP,rebalance_entry,True,Margin,0,0,0.0,0.0,0.0
2025-10-02,UAL,rebalance_entry,True,Margin,0,0,0.0,0.0,0.0
2025-10-02,VST,rebalance_entry,True,Margin,0,0,0.0,0.0,0.0
2025-10-02,AAPL,rebalance_entry,True,Completed,0,589,255.84916862480003,150695.1603200072,0.0
2025-10-02,APP,rebalance_entry,True,Completed,0,213,710.19,151270.47,0.0
2025-10-02,BKR,rebalance_entry,True,Completed,0,3145,47.5062339789,149407.1058636405,0.0
2025-10-02,CCL,rebalance_entry,True,Completed,0,5355,28.1962824934,150991.09275215698,0.0
2025-10-02,CL,rebalance_entry,True,Completed,0,1938,77.1211483631,149460.7855276878,0.0
2025-10-02,EXPE,rebalance_entry,True,Completed,0,693,217.1631806674,150494.0842025082,0.0
2025-10-02,GDDY,rebalance_entry,True,Completed,0,1136,133.17,151281.12,0.0
2025-10-02,MA,rebalance_entry,True,Completed,0,263,570.1117792563,149939.3979444069,0.0
2025-10-02,NRG,rebalance_entry,True,Completed,0,936,161.5435436129,151204.7568216744,0.0
2025-10-03,APP,stop_loss,False,Completed,3,-213,674.6805,151270.47,0.0
2025-10-03,APP,take_profit,False,Canceled,2,0,0.0,0.0,0.0
2025-10-03,CAT,rebalance_exit,False,Completed,0,-334,489.7476189027001,138663.7798517134,0.0
2025-10-03,EBAY,rebalance_exit,False,Completed,0,-1551,87.9951467192,136618.7195229714,0.0
2025-10-03,FIX,rebalance_exit,False,Completed,0,-198,836.7460636473,138611.3334077538,0.0
2025-10-03,JBL,rebalance_exit,False,Completed,0,-684,215.7959450038,139165.0066333764,0.0
2025-10-03,NVDA,rebalance_exit,False,Completed,0,-808,189.1695149702,138193.714195192,0.0
2025-10-03,SMCI,rebalance_exit,False,Completed,0,-3386,52.74,138487.4,0.0
2025-10-07,KMB,stop_loss,False,Completed,3,-1147,117.35496285522,141690.6762051972,0.0
2025-10-07,KMB,take_profit,False,Canceled,2,0,0.0,0.0,0.0
2025-10-10,BKR,stop_loss,False,Completed,3,-3145,45.130922279954994,149407.1058636405,0.0
2025-10-10,BKR,take_profit,False,Canceled,2,0,0.0,0.0,0.0
2025-10-29,CLX,stop_loss,False,Completed,3,-1191,109.80908741403,137665.9190632734,0.0
2025-10-29,CLX,take_profit,False,Canceled,2,0,0.0,0.0,0.0
2025-10-29,GDDY,stop_loss,False,Completed,3,-1136,126.51149999999998,151281.12,0.0
2025-10-29,GDDY,take_profit,False,Canceled,2,0,0.0,0.0,0.0
2025-11-03,MA,stop_loss,False,Completed,3,-263,541.6061902934849,149939.3979444069,0.0
2025-11-03,MA,take_profit,False,Canceled,2,0,0.0,0.0,0.0
2025-11-04,AAPL,stop_loss,False,Canceled,3,0,0.0,0.0,0.0
2025-11-04,AAPL,take_profit,False,Canceled,2,0,0.0,0.0,0.0
2025-11-04,CCL,stop_loss,False,Canceled,3,0,0.0,0.0,0.0
2025-11-04,CCL,take_profit,False,Canceled,2,0,0.0,0.0,0.0
2025-11-04,EXPE,stop_loss,False,Canceled,3,0,0.0,0.0,0.0
2025-11-04,EXPE,take_profit,False,Canceled,2,0,0.0,0.0,0.0
2025-11-04,HD,stop_loss,False,Canceled,3,0,0.0,0.0,0.0
2025-11-04,HD,take_profit,False,Canceled,2,0,0.0,0.0,0.0
2025-11-04,NRG,stop_loss,False,Canceled,3,0,0.0,0.0,0.0
2025-11-04,NRG,take_profit,False,Canceled,2,0,0.0,0.0,0.0
2025-11-04,MA,rebalance_entry,True,Margin,0,0,0.0,0.0,0.0
2025-11-04,META,rebalance_entry,True,Margin,0,0,0.0,0.0,0.0
2025-11-04,MPWR,rebalance_entry,True,Margin,0,0,0.0,0.0,0.0
2025-11-04,MSI,rebalance_entry,True,Margin,0,0,0.0,0.0,0.0
2025-11-04,VRSK,rebalance_entry,True,Margin,0,0,0.0,0.0,0.0
2025-11-04,WDC,rebalance_entry,True,Margin,0,0,0.0,0.0,0.0
2025-11-04,APP,rebalance_entry,True,Completed,0,236,630.175,148721.3,0.0
2025-11-04,CI,rebalance_entry,True,Completed,0,584,254.844975525,148829.4657066,0.0
2025-11-04,CLX,rebalance_entry,True,Completed,0,1403,108.849909313,152716.422766139,0.0
2025-11-04,CMG,rebalance_entry,True,Completed,0,4744,31.440000000000005,149151.36000000002,0.0
2025-11-04,DXCM,rebalance_entry,True,Completed,0,2474,61.09,151136.66,0.0
2025-11-04,EBAY,rebalance_entry,True,Completed,0,1823,81.9736442763,149437.9535156949,0.0
2025-11-04,EME,rebalance_entry,True,Completed,0,222,660.2767047495,146581.428454389,0.0
2025-11-04,FISV,rebalance_entry,True,Completed,0,2295,64.64,148348.8,0.0
2025-11-04,FIX,rebalance_entry,True,Completed,0,153,955.4439988663,146182.9318265439,0.0
2025-11-04,HOOD,rebalance_entry,True,Completed,0,1016,139.87,142107.92,0.0
2025-11-04,KLAC,rebalance_entry,True,Completed,0,123,1193.0890530752,146749.95352824958,0.0
2025-11-04,LRCX,rebalance_entry,True,Completed,0,929,155.1961627419,144177.2351872251,0.0
2025-11-05,APP,stop_loss,False,Completed,3,-236,598.6662499999998,148721.3,0.0
2025-11-05,APP,take_profit,False,Canceled,2,0,0.0,0.0,0.0
2025-11-05,AAPL,rebalance_exit,False,Completed,0,-589,267.850122515,150695.1603200072,0.0
2025-11-05,CCL,rebalance_exit,False,Completed,0,-5355,26.2472763,150991.09275215698,0.0
2025-11-05,EXPE,rebalance_exit,False,Completed,0,-693,209.2880323575,150494.0842025082,0.0
2025-11-05,HD,rebalance_exit,False,Completed,0,-371,377.7026715175,130994.1324965721,0.0
2025-11-05,NRG,rebalance_exit,False,Completed,0,-936,166.6513432302,151204.7568216744,0.0
2025-11-06,DXCM,stop_loss,False,Completed,3,-2474,58.0355,151136.66,0.0
2025-11-06,DXCM,take_profit,False,Canceled,2,0,0.0,0.0,0.0
2025-11-06,FISV,stop_loss,False,Completed,3,-2295,61.407999999999994,148348.8,0.0
2025-11-06,FISV,take_profit,False,Canceled,2,0,0.0,0.0,0.0
2025-11-06,HOOD,stop_loss,False,Completed,3,-1016,132.8765,142107.92,0.0
2025-11-06,HOOD,take_profit,False,Canceled,2,0,0.0,0.0,0.0
2025-11-10,CLX,stop_loss,False,Completed,3,-1403,103.40741384735,152716.422766139,0.0
2025-11-10,CLX,take_profit,False,Canceled,2,0,0.0,0.0,0.0
2025-11-11,CMG,stop_loss,False,Completed,3,-4744,29.868000000000002,149151.36000000002,0.0
2025-11-11,CMG,take_profit,False,Canceled,2,0,0.0,0.0,0.0
2025-11-13,EME,stop_loss,False,Completed,3,-222,627.2628695120251,146581.428454389,0.0
2025-11-13,EME,take_profit,False,Canceled,2,0,0.0,0.0,0.0
2025-11-13,FIX,stop_loss,False,Completed,3,-153,907.671798922985,146182.9318265439,0.0
2025-11-13,FIX,take_profit,False,Canceled,2,0,0.0,0.0,0.0
2025-11-14,KLAC,stop_loss,False,Completed,3,-123,1130.6963306034,146749.95352824958,0.0
2025-11-14,KLAC,take_profit,False,Canceled,2,0,0.0,0.0,0.0
2025-11-14,LRCX,stop_loss,False,Completed,3,-929,147.0938121522,144177.2351872251,0.0
2025-11-14,LRCX,take_profit,False,Canceled,2,0,0.0,0.0,0.0
2025-12-02,CI,stop_loss,False,Canceled,3,0,0.0,0.0,0.0
2025-12-02,CI,take_profit,False,Canceled,2,0,0.0,0.0,0.0
2025-12-02,EBAY,stop_loss,False,Canceled,3,0,0.0,0.0,0.0
2025-12-02,EBAY,take_profit,False,Canceled,2,0,0.0,0.0,0.0
2025-12-02,NVDA,rebalance_entry,True,Margin,0,0,0.0,0.0,0.0
2025-12-02,SYY,rebalance_entry,True,Margin,0,0,0.0,0.0,0.0
2025-12-02,VRSK,rebalance_entry,True,Margin,0,0,0.0,0.0,0.0
2025-12-02,AAPL,rebalance_entry,True,Completed,0,517,282.4717367746,146037.8879124682,0.0
2025-12-02,ABBV,rebalance_entry,True,Completed,0,660,221.1840761769,145981.490276754,0.0
2025-12-02,CLX,rebalance_entry,True,Completed,0,1407,103.4806312751,145597.2482040657,0.0
2025-12-02,DGX,rebalance_entry,True,Completed,0,802,182.1989947536,146123.5937923872,0.0
2025-12-02,EXPE,rebalance_entry,True,Completed,0,566,258.9585471845,146570.53770642699,0.0
2025-12-02,GDDY,rebalance_entry,True,Completed,0,1142,127.87,146027.54,0.0
2025-12-02,GILD,rebalance_entry,True,Completed,0,1190,122.8898935666,146238.973344254,0.0
2025-12-02,GOOGL,rebalance_entry,True,Completed,0,464,316.3112989838,146768.4427284832,0.0
2025-12-02,IDXX,rebalance_entry,True,Completed,0,200,732.4,146480.0,0.0
2025-12-02,INCY,rebalance_entry,True,Completed,0,1432,102.41,146651.12,0.0
2025-12-02,KLAC,rebalance_entry,True,Completed,0,126,1167.4605146015,147100.02483978902,0.0
2025-12-02,LLY,rebalance_entry,True,Completed,0,138,1049.0160852856,144764.2197694128,0.0
2025-12-02,LRCX,rebalance_entry,True,Completed,0,947,155.4155494656,147178.52534392322,0.0
2025-12-02,MA,rebalance_entry,True,Completed,0,269,545.511506291,146742.59519227903,0.0
2025-12-02,MMM,rebalance_entry,True,Completed,0,865,169.2418019752,146394.158708548,0.0
2025-12-03,CI,rebalance_exit,False,Completed,0,-584,272.942232227,148829.4657066,0.0
2025-12-03,EBAY,rebalance_exit,False,Completed,0,-1823,82.6483853669,149437.9535156949,0.0
2025-12-08,INCY,stop_loss,False,Completed,3,-1432,97.28949999999999,146651.12,0.0
2025-12-08,INCY,take_profit,False,Canceled,2,0,0.0,0.0,0.0
2025-12-08,LLY,stop_loss,False,Completed,3,-138,996.56528102132,144764.2197694128,0.0
2025-12-08,LLY,take_profit,False,Canceled,2,0,0.0,0.0,0.0
2025-12-08,MMM,stop_loss,False,Completed,3,-865,160.77971187644,146394.158708548,0.0
2025-12-08,MMM,take_profit,False,Canceled,2,0,0.0,0.0,0.0
2025-12-10,IDXX,stop_loss,False,Completed,3,-200,695.78,146480.0,0.0
2025-12-10,IDXX,take_profit,False,Canceled,2,0,0.0,0.0,0.0
2025-12-16,CLX,stop_loss,False,Completed,3,-1407,98.30659971134499,145597.2482040657,0.0
2025-12-16,CLX,take_profit,False,Canceled,2,0,0.0,0.0,0.0
2025-12-17,GOOGL,stop_loss,False,Completed,3,-464,300.49573403461,146768.4427284832,0.0
2025-12-17,GOOGL,take_profit,False,Canceled,2,0,0.0,0.0,0.0
2025-12-18,AAPL,stop_loss,False,Completed,3,-517,268.34814993586997,146037.8879124682,0.0
2025-12-18,AAPL,take_profit,False,Canceled,2,0,0.0,0.0,0.0
2025-12-19,DGX,stop_loss,False,Completed,3,-802,173.08904501592,146123.5937923872,0.0
2025-12-19,DGX,take_profit,False,Canceled,2,0,0.0,0.0,0.0
2026-01-02,GDDY,stop_loss,False,Completed,3,-1142,121.4765,146027.54,0.0
2026-01-02,GDDY,take_profit,False,Canceled,2,0,0.0,0.0,0.0
2026-01-05,ABBV,stop_loss,False,Canceled,3,0,0.0,0.0,0.0
2026-01-05,ABBV,take_profit,False,Canceled,2,0,0.0,0.0,0.0
2026-01-05,COR,stop_loss,False,Canceled,3,0,0.0,0.0,0.0
2026-01-05,COR,take_profit,False,Canceled,2,0,0.0,0.0,0.0
2026-01-05,EXPE,stop_loss,False,Canceled,3,0,0.0,0.0,0.0
2026-01-05,EXPE,take_profit,False,Canceled,2,0,0.0,0.0,0.0
2026-01-05,GILD,stop_loss,False,Canceled,3,0,0.0,0.0,0.0
2026-01-05,GILD,take_profit,False,Canceled,2,0,0.0,0.0,0.0
2026-01-05,MU,rebalance_entry,True,Margin,0,0,0.0,0.0,0.0
2026-01-05,NEM,rebalance_entry,True,Margin,0,0,0.0,0.0,0.0
2026-01-05,UHS,rebalance_entry,True,Margin,0,0,0.0,0.0,0.0
2026-01-05,WDC,rebalance_entry,True,Margin,0,0,0.0,0.0,0.0
2026-01-05,WSM,rebalance_entry,True,Margin,0,0,0.0,0.0,0.0
2026-01-05,APP,rebalance_entry,True,Completed,0,234,617.7,144541.80000000002,0.0
2026-01-05,CVNA,rebalance_entry,True,Completed,0,1814,80.52,146063.28,0.0
2026-01-05,DG,rebalance_entry,True,Completed,0,1071,134.3554873395,143894.7269406045,0.0
2026-01-05,FIX,rebalance_entry,True,Completed,0,144,1019.5425011624999,146814.1201674,0.0
2026-01-05,FSLR,rebalance_entry,True,Completed,0,529,278.39,147268.31,0.0
2026-01-05,GDDY,rebalance_entry,True,Completed,0,1225,117.7,144182.5,0.0
2026-01-05,HII,rebalance_entry,True,Completed,0,418,355.4399282928,148573.8900263904,0.0
2026-01-05,HOOD,rebalance_entry,True,Completed,0,1260,117.92000000000002,148579.2,0.0
2026-01-05,HWM,rebalance_entry,True,Completed,0,686,211.9020194786,145364.7853623196,0.0
2026-01-05,JBL,rebalance_entry,True,Completed,0,604,243.76683207370002,147235.1665725148,0.0
2026-01-05,LITE,rebalance_entry,True,Completed,0,376,388.34,146015.84,0.0
2026-01-06,LRCX,take_profit,False,Completed,2,-947,202.04021430528002,147178.52534392322,0.0
2026-01-06,LRCX,stop_loss,False,Canceled,3,0,0.0,0.0,0.0
2026-01-06,FIX,stop_loss,False,Completed,3,-144,968.5653761043749,146814.1201674,0.0
2026-01-06,FIX,take_profit,False,Canceled,2,0,0.0,0.0,0.0
2026-01-06,JBL,stop_loss,False,Completed,3,-604,220.8793353353,147235.1665725148,0.0
2026-01-06,JBL,take_profit,False,Canceled,2,0,0.0,0.0,0.0
2026-01-06,LITE,stop_loss,False,Completed,3,-376,355.67500000000007,146015.84,0.0
2026-01-06,LITE,take_profit,False,Canceled,2,0,0.0,0.0,0.0
2026-01-06,ABBV,rebalance_exit,False,Completed,0,-660,216.19607125640002,145981.490276754,0.0
2026-01-06,COR,rebalance_exit,False,Completed,0,-471,338.667058062,138172.4662970934,0.0
2026-01-06,EXPE,rebalance_exit,False,Completed,0,-566,285.7856566784,146570.53770642699,0.0
2026-01-06,GILD,rebalance_exit,False,Completed,0,-1190,117.5551594541,146238.973344254,0.0
2026-01-07,FSLR,stop_loss,False,Completed,3,-529,254.02000000000004,147268.31,0.0
2026-01-07,FSLR,take_profit,False,Canceled,2,0,0.0,0.0,0.0
2026-01-12,GDDY,stop_loss,False,Completed,3,-1225,111.815,144182.5,0.0
2026-01-12,GDDY,take_profit,False,Canceled,2,0,0.0,0.0,0.0
2026-01-15,KLAC,take_profit,False,Completed,2,-126,1534.0062122658,147100.02483978902,0.0
2026-01-15,KLAC,stop_loss,False,Canceled,3,0,0.0,0.0,0.0
2026-01-15,HOOD,stop_loss,False,Completed,3,-1260,112.02400000000002,148579.2,0.0
2026-01-15,HOOD,take_profit,False,Canceled,2,0,0.0,0.0,0.0
2026-01-16,APP,stop_loss,False,Completed,3,-234,586.815,144541.80000000002,0.0
2026-01-16,APP,take_profit,False,Canceled,2,0,0.0,0.0,0.0
2026-01-28,MA,stop_loss,False,Completed,3,-269,518.23593097645,146742.59519227903,0.0
2026-01-28,MA,take_profit,False,Canceled,2,0,0.0,0.0,0.0
2026-01-28,CVNA,stop_loss,False,Completed,3,-1814,76.49399999999999,146063.28,0.0
2026-01-28,CVNA,take_profit,False,Canceled,2,0,0.0,0.0,0.0
2026-02-03,CL,stop_loss,False,Canceled,3,0,0.0,0.0,0.0
2026-02-03,CL,take_profit,False,Canceled,2,0,0.0,0.0,0.0
2026-02-03,HWM,stop_loss,False,Canceled,3,0,0.0,0.0,0.0
2026-02-03,HWM,take_profit,False,Canceled,2,0,0.0,0.0,0.0
2026-02-03,URI,rebalance_entry,True,Margin,0,0,0.0,0.0,0.0
2026-02-03,VRSK,rebalance_entry,True,Margin,0,0,0.0,0.0,0.0
2026-02-03,WDC,rebalance_entry,True,Margin,0,0,0.0,0.0,0.0
2026-02-03,AMAT,rebalance_entry,True,Completed,0,445,336.1046020997,149566.5479343665,0.0
2026-02-03,APH,rebalance_entry,True,Completed,0,1009,146.5695806599,147888.70688583908,0.0
2026-02-03,APP,rebalance_entry,True,Completed,0,302,483.0,145866.0,0.0
2026-02-03,CLX,rebalance_entry,True,Completed,0,1305,110.5051687226,144209.245182993,0.0
2026-02-03,CVNA,rebalance_entry,True,Completed,0,1789,81.356,145545.884,0.0
2026-02-03,EXPE,rebalance_entry,True,Completed,0,529,274.4263404067,145171.5340751443,0.0
2026-02-03,FIX,rebalance_entry,True,Completed,0,124,1193.8670751773,148039.5173219852,0.0
2026-02-03,GDDY,rebalance_entry,True,Completed,0,1457,97.7,142348.9,0.0
2026-02-03,HOOD,rebalance_entry,True,Completed,0,1623,90.1,146232.3,0.0
2026-02-03,KLAC,rebalance_entry,True,Completed,0,103,1442.1952422794,148546.1099547782,0.0
2026-02-03,LRCX,rebalance_entry,True,Completed,0,615,244.60479776039998,150431.950622646,0.0
2026-02-03,LVS,rebalance_entry,True,Completed,0,2652,54.7369501006,145162.3916667912,0.0
2026-02-03,MSFT,rebalance_entry,True,Completed,0,346,420.1361411891,145367.1048514286,0.0
2026-02-03,MU,rebalance_entry,True,Completed,0,333,441.953992856,147170.679621048,0.0
2026-02-03,NEM,rebalance_entry,True,Completed,0,1299,118.24327428429999,153598.0132953057,0.0
2026-02-04,AMAT,stop_loss,False,Completed,3,-445,319.299371994715,149566.5479343665,0.0
2026-02-04,AMAT,take_profit,False,Canceled,2,0,0.0,0.0,0.0
2026-02-04,APH,stop_loss,False,Completed,3,-1009,139.241101626905,147888.70688583908,0.0
2026-02-04,APH,take_profit,False,Canceled,2,0,0.0,0.0,0.0
2026-02-04,APP,stop_loss,False,Completed,3,-302,402.0,145866.0,0.0
2026-02-04,APP,take_profit,False,Canceled,2,0,0.0,0.0,0.0
2026-02-04,CVNA,stop_loss,False,Completed,3,-1789,77.28819999999999,145545.884,0.0
2026-02-04,CVNA,take_profit,False,Canceled,2,0,0.0,0.0,0.0
2026-02-04,EXPE,stop_loss,False,Completed,3,-529,232.0766579979,145171.5340751443,0.0
2026-02-04,EXPE,take_profit,False,Canceled,2,0,0.0,0.0,0.0
2026-02-04,FIX,stop_loss,False,Completed,3,-124,1134.173721418435,148039.5173219852,0.0
2026-02-04,FIX,take_profit,False,Canceled,2,0,0.0,0.0,0.0
2026-02-04,GDDY,stop_loss,False,Completed,3,-1457,92.815,142348.9,0.0
2026-02-04,GDDY,take_profit,False,Canceled,2,0,0.0,0.0,0.0
2026-02-04,HOOD,stop_loss,False,Completed,3,-1623,84.77,146232.3,0.0
2026-02-04,HOOD,take_profit,False,Canceled,2,0,0.0,0.0,0.0
2026-02-04,KLAC,stop_loss,False,Completed,3,-103,1361.6848512169,148546.1099547782,0.0
2026-02-04,KLAC,take_profit,False,Canceled,2,0,0.0,0.0,0.0
2026-02-04,LRCX,stop_loss,False,Completed,3,-615,229.6022902576,150431.950622646,0.0
2026-02-04,LRCX,take_profit,False,Canceled,2,0,0.0,0.0,0.0
2026-02-04,MU,stop_loss,False,Completed,3,-333,410.3987016617,147170.679621048,0.0
2026-02-04,MU,take_profit,False,Canceled,2,0,0.0,0.0,0.0
2026-02-04,CL,rebalance_exit,False,Completed,0,-1938,92.8111111111,149460.7855276878,0.0
2026-02-04,HWM,rebalance_exit,False,Completed,0,-686,212.83110758429999,145364.7853623196,0.0
2026-02-05,MSFT,stop_loss,False,Completed,3,-346,399.1293341296449,145367.1048514286,0.0
2026-02-05,MSFT,take_profit,False,Canceled,2,0,0.0,0.0,0.0
2026-02-05,NEM,stop_loss,False,Completed,3,-1299,112.33111057008497,153598.0132953057,0.0
2026-02-05,NEM,take_profit,False,Canceled,2,0,0.0,0.0,0.0
2026-03-03,DG,stop_loss,False,Canceled,3,0,0.0,0.0,0.0
2026-03-03,DG,take_profit,False,Canceled,2,0,0.0,0.0,0.0
2026-03-03,HII,stop_loss,False,Canceled,3,0,0.0,0.0,0.0
2026-03-03,HII,take_profit,False,Canceled,2,0,0.0,0.0,0.0
2026-03-03,LVS,stop_loss,False,Canceled,3,0,0.0,0.0,0.0
2026-03-03,LVS,take_profit,False,Canceled,2,0,0.0,0.0,0.0
2026-03-03,TER,rebalance_entry,True,Margin,0,0,0.0,0.0,0.0
2026-03-03,UAL,rebalance_entry,True,Margin,0,0,0.0,0.0,0.0
2026-03-03,UHS,rebalance_entry,True,Margin,0,0,0.0,0.0,0.0
2026-03-03,WDC,rebalance_entry,True,Margin,0,0,0.0,0.0,0.0
2026-03-03,AAPL,rebalance_entry,True,Completed,0,536,263.2371612903,141095.11845160078,0.0
2026-03-03,AMAT,rebalance_entry,True,Completed,0,381,350.4653625932,133527.3031480092,0.0
2026-03-03,APH,rebalance_entry,True,Completed,0,1051,129.751756798,136369.096394698,0.0
2026-03-03,CAT,rebalance_entry,True,Completed,0,188,726.895235714,136656.304314232,0.0
2026-03-03,DAL,rebalance_entry,True,Completed,0,2214,62.32667015159999,137991.24771564238,0.0
2026-03-03,EME,rebalance_entry,True,Completed,0,192,720.2563489560001,138289.21899955202,0.0
2026-03-03,FIX,rebalance_entry,True,Completed,0,98,1410.6613474060998,138244.8120457978,0.0
2026-03-03,FSLR,rebalance_entry,True,Completed,0,710,192.3,136533.0,0.0
2026-03-03,GLW,rebalance_entry,True,Completed,0,900,151.5158179012,136364.23611107998,0.0
2026-03-03,GS,rebalance_entry,True,Completed,0,165,832.4276218331,137350.55760246151,0.0
2026-03-03,KLAC,rebalance_entry,True,Completed,0,92,1473.7002493248,135580.4229378816,0.0
2026-03-03,LRCX,rebalance_entry,True,Completed,0,615,223.50939440089996,137458.27755655348,0.0
2026-03-03,MU,rebalance_entry,True,Completed,0,344,386.3699021587,132911.24634259279,0.0
2026-03-03,NEM,rebalance_entry,True,Completed,0,1107,120.078845474,132927.281939718,0.0
2026-03-03,NVDA,rebalance_entry,True,Completed,0,777,178.4804058267,138679.2753273459,0.0
2026-03-04,GLW,stop_loss,False,Completed,3,-900,143.94002700613999,136364.23611107998,0.0
2026-03-04,GLW,take_profit,False,Canceled,2,0,0.0,0.0,0.0
2026-03-04,DG,rebalance_exit,False,Completed,0,-1071,154.1397118227,143894.7269406045,0.0
2026-03-04,HII,rebalance_exit,False,Completed,0,-418,439.3426028105,148573.8900263904,0.0
2026-03-04,LVS,rebalance_exit,False,Completed,0,-2652,56.13773972599999,145162.3916667912,0.0
2026-03-05,DAL,stop_loss,False,Completed,3,-2214,59.21033664401999,137991.24771564238,0.0
2026-03-05,DAL,take_profit,False,Canceled,2,0,0.0,0.0,0.0
2026-03-05,FIX,stop_loss,False,Completed,3,-98,1340.1282800357947,138244.8120457978,0.0
2026-03-05,FIX,take_profit,False,Canceled,2,0,0.0,0.0,0.0
2026-03-05,KLAC,stop_loss,False,Completed,3,-92,1400.01523685856,135580.4229378816,0.0
2026-03-05,KLAC,take_profit,False,Canceled,2,0,0.0,0.0,0.0
2026-03-05,LRCX,stop_loss,False,Completed,3,-615,212.33392468085495,137458.27755655348,0.0
2026-03-05,LRCX,take_profit,False,Canceled,2,0,0.0,0.0,0.0
2026-03-05,NEM,stop_loss,False,Completed,3,-1107,114.0749032003,132927.281939718,0.0
2026-03-05,NEM,take_profit,False,Canceled,2,0,0.0,0.0,0.0
2026-03-06,AMAT,stop_loss,False,Completed,3,-381,329.111844633,133527.3031480092,0.0
2026-03-06,AMAT,take_profit,False,Canceled,2,0,0.0,0.0,0.0
2026-03-06,CAT,stop_loss,False,Completed,3,-188,681.1816929405,136656.304314232,0.0
2026-03-06,CAT,take_profit,False,Canceled,2,0,0.0,0.0,0.0
2026-03-09,MU,stop_loss,False,Completed,3,-344,363.790427085,132911.24634259279,0.0
2026-03-09,MU,take_profit,False,Canceled,2,0,0.0,0.0,0.0
2026-03-12,GS,stop_loss,False,Completed,3,-165,790.806240741445,137350.55760246151,0.0
2026-03-12,GS,take_profit,False,Canceled,2,0,0.0,0.0,0.0
2026-03-13,AAPL,stop_loss,False,Completed,3,-536,250.075303225785,141095.11845160078,0.0
2026-03-13,AAPL,take_profit,False,Canceled,2,0,0.0,0.0,0.0
2026-03-19,CLX,stop_loss,False,Completed,3,-1305,104.97991028647002,144209.245182993,0.0
2026-03-19,CLX,take_profit,False,Canceled,2,0,0.0,0.0,0.0
2026-03-26,APH,stop_loss,False,Completed,3,-1051,123.2641689581,136369.096394698,0.0
2026-03-26,APH,take_profit,False,Canceled,2,0,0.0,0.0,0.0
2026-03-27,NVDA,stop_loss,False,Completed,3,-777,169.55638553536497,138679.2753273459,0.0
2026-03-27,NVDA,take_profit,False,Canceled,2,0,0.0,0.0,0.0
2026-04-02,EME,stop_loss,False,Canceled,3,0,0.0,0.0,0.0
2026-04-02,EME,take_profit,False,Canceled,2,0,0.0,0.0,0.0
2026-04-02,FSLR,stop_loss,False,Canceled,3,0,0.0,0.0,0.0
2026-04-02,FSLR,take_profit,False,Canceled,2,0,0.0,0.0,0.0
2026-04-02,TER,rebalance_entry,True,Margin,0,0,0.0,0.0,0.0
2026-04-02,VRT,rebalance_entry,True,Margin,0,0,0.0,0.0,0.0
2026-04-02,WDC,rebalance_entry,True,Margin,0,0,0.0,0.0,0.0
2026-04-02,APA,rebalance_entry,True,Completed,0,3321,43.2956095014,143784.7191541494,0.0
2026-04-02,APP,rebalance_entry,True,Completed,0,351,376.73999999999995,132235.74,0.0
2026-04-02,CEG,rebalance_entry,True,Completed,0,488,270.8277095131,132163.9222423928,0.0
2026-04-02,CF,rebalance_entry,True,Completed,0,1070,134.2141721012,143609.164148284,0.0
2026-04-02,CL,rebalance_entry,True,Completed,0,1607,84.6826861765,136085.0766856355,0.0
2026-04-02,COHR,rebalance_entry,True,Completed,0,550,235.0,129250.0,0.0
2026-04-02,EQT,rebalance_entry,True,Completed,0,2239,61.906920469400006,138609.5949309866,0.0
2026-04-02,FIX,rebalance_entry,True,Completed,0,95,1377.4770018159,130860.3151725105,0.0
2026-04-02,GLW,rebalance_entry,True,Completed,0,959,136.1795216049,130596.1612190991,0.0
2026-04-02,KMB,rebalance_entry,True,Completed,0,1398,97.17,135843.66,0.0
2026-04-02,LITE,rebalance_entry,True,Completed,0,178,708.585,126128.13,0.0
2026-04-02,LMT,rebalance_entry,True,Completed,0,222,612.6080392344999,135998.98471005898,0.0
2026-04-02,LRCX,rebalance_entry,True,Completed,0,614,208.84,128227.76000000001,0.0
2026-04-02,MKC,rebalance_entry,True,Completed,0,2845,47.5679729983,135330.8831801635,0.0
2026-04-02,MU,rebalance_entry,True,Completed,0,370,341.34,126295.79999999999,0.0
2026-04-02,NTAP,rebalance_entry,True,Completed,0,1343,100.66,135186.38,0.0
2026-04-02,SYY,rebalance_entry,True,Completed,0,1904,71.09,135355.36000000002,0.0
2026-04-06,EME,rebalance_exit,False,Completed,0,-192,756.2581719548001,138289.21899955202,0.0
2026-04-06,FSLR,rebalance_exit,False,Completed,0,-710,195.5,136533.0,0.0
2026-04-08,APA,stop_loss,False,Completed,3,-3321,36.738679196,143784.7191541494,0.0
2026-04-08,APA,take_profit,False,Canceled,2,0,0.0,0.0,0.0
2026-04-08,CF,stop_loss,False,Completed,3,-1070,113.6612263401,143609.164148284,0.0
2026-04-08,CF,take_profit,False,Canceled,2,0,0.0,0.0,0.0
2026-04-08,EQT,stop_loss,False,Completed,3,-2239,58.7509986962,138609.5949309866,0.0
2026-04-08,EQT,take_profit,False,Canceled,2,0,0.0,0.0,0.0
2026-04-09,LITE,take_profit,False,Completed,2,-178,921.1605000000001,126128.13,0.0
2026-04-09,LITE,stop_loss,False,Canceled,3,0,0.0,0.0,0.0
2026-04-09,NTAP,stop_loss,False,Completed,3,-1343,95.627,135186.38,0.0
2026-04-09,NTAP,take_profit,False,Canceled,2,0,0.0,0.0,0.0
2026-04-10,COHR,take_profit,False,Completed,2,-550,305.5,129250.0,0.0
2026-04-10,COHR,stop_loss,False,Canceled,3,0,0.0,0.0,0.0
2026-04-14,LRCX,take_profit,False,Completed,2,-614,271.855,128227.76000000001,0.0
2026-04-14,LRCX,stop_loss,False,Canceled,3,0,0.0,0.0,0.0
2026-04-14,MU,take_profit,False,Completed,2,-370,443.74199999999996,126295.79999999999,0.0
2026-04-14,MU,stop_loss,False,Canceled,3,0,0.0,0.0,0.0
2026-04-20,APP,take_profit,False,Completed,2,-351,489.76199999999994,132235.74,0.0
2026-04-20,APP,stop_loss,False,Canceled,3,0,0.0,0.0,0.0
2026-04-20,LMT,stop_loss,False,Completed,3,-222,581.9776372727748,135998.98471005898,0.0
2026-04-20,LMT,take_profit,False,Canceled,2,0,0.0,0.0,0.0
2026-04-23,FIX,take_profit,False,Completed,2,-95,1790.72010236067,130860.3151725105,0.0
2026-04-23,FIX,stop_loss,False,Canceled,3,0,0.0,0.0,0.0
2026-04-24,GLW,take_profit,False,Completed,2,-959,177.03337808637002,130596.1612190991,0.0
2026-04-24,GLW,stop_loss,False,Canceled,3,0,0.0,0.0,0.0
2026-05-04,CEG,stop_loss,False,Canceled,3,0,0.0,0.0,0.0
2026-05-04,CEG,take_profit,False,Canceled,2,0,0.0,0.0,0.0
2026-05-04,KMB,stop_loss,False,Canceled,3,0,0.0,0.0,0.0
2026-05-04,KMB,take_profit,False,Canceled,2,0,0.0,0.0,0.0
2026-05-04,MKC,stop_loss,False,Canceled,3,0,0.0,0.0,0.0
2026-05-04,MKC,take_profit,False,Canceled,2,0,0.0,0.0,0.0
2026-05-04,SYY,stop_loss,False,Canceled,3,0,0.0,0.0,0.0
2026-05-04,SYY,take_profit,False,Canceled,2,0,0.0,0.0,0.0
2026-05-04,STX,rebalance_entry,True,Margin,0,0,0.0,0.0,0.0
2026-05-04,TER,rebalance_entry,True,Margin,0,0,0.0,0.0,0.0
2026-05-04,WDC,rebalance_entry,True,Margin,0,0,0.0,0.0,0.0
2026-05-04,WTW,rebalance_entry,True,Margin,0,0,0.0,0.0,0.0
2026-05-04,APP,rebalance_entry,True,Completed,0,322,466.949,150357.578,0.0
2026-05-04,CLX,rebalance_entry,True,Completed,0,1703,87.51,149029.53,0.0
2026-05-04,FIX,rebalance_entry,True,Completed,0,79,1866.7505793714,147473.2957703406,0.0
2026-05-04,HOOD,rebalance_entry,True,Completed,0,2014,74.7,150445.80000000002,0.0
2026-05-04,HUBB,rebalance_entry,True,Completed,0,292,507.8772582784,148300.1594172928,0.0
2026-05-04,ITW,rebalance_entry,True,Completed,0,580,253.90999999999997,147267.8,0.0
2026-05-04,KLAC,rebalance_entry,True,Completed,0,86,1718.2500213220003,147769.50183369202,0.0
2026-05-04,LRCX,rebalance_entry,True,Completed,0,578,256.685,148363.93,0.0
2026-05-04,MA,rebalance_entry,True,Completed,0,299,495.0,148005.0,0.0
2026-05-04,META,rebalance_entry,True,Completed,0,243,607.935,147728.205,0.0
2026-05-04,MU,rebalance_entry,True,Completed,0,273,560.6,153043.80000000002,0.0
2026-05-04,NVDA,rebalance_entry,True,Completed,0,747,199.5,149026.5,0.0
2026-05-04,PH,rebalance_entry,True,Completed,0,168,878.3311352928,147559.6307291904,0.0
2026-05-04,PNR,rebalance_entry,True,Completed,0,1876,78.65,147547.40000000002,0.0
2026-05-04,SPG,rebalance_entry,True,Completed,0,733,201.41,147633.53,0.0
2026-05-05,CEG,rebalance_exit,False,Completed,0,-488,323.3339000435,132163.9222423928,0.0
2026-05-05,KMB,rebalance_exit,False,Completed,0,-1398,95.65,135843.66,0.0
2026-05-05,MKC,rebalance_exit,False,Completed,0,-2845,47.88,135330.8831801635,0.0
2026-05-05,SYY,rebalance_exit,False,Completed,0,-1904,72.55,135355.36000000002,0.0
2026-05-07,APP,stop_loss,False,Completed,3,-322,443.60155,150357.578,0.0
2026-05-07,APP,take_profit,False,Canceled,2,0,0.0,0.0,0.0
2026-05-08,MU,take_profit,False,Completed,2,-273,728.7800000000001,153043.80000000002,0.0
2026-05-08,MU,stop_loss,False,Canceled,3,0,0.0,0.0,0.0
2026-05-12,HUBB,stop_loss,False,Completed,3,-292,482.48339536448,148300.1594172928,0.0
2026-05-12,HUBB,take_profit,False,Canceled,2,0,0.0,0.0,0.0
2026-05-12,PNR,stop_loss,False,Completed,3,-1876,74.7175,147547.40000000002,0.0
2026-05-12,PNR,take_profit,False,Canceled,2,0,0.0,0.0,0.0
2026-05-19,FIX,stop_loss,False,Completed,3,-79,1773.4130504028296,147473.2957703406,0.0
2026-05-19,FIX,take_profit,False,Canceled,2,0,0.0,0.0,0.0
