strategy,strategy_notes,signal_month,ticker,GICS Sector,score,allocated_cash,gross_stock_return,cost_drag_per_holding,realized_stock_return
improved_8_equal_weight_top20,Improved 8: improved 4 design with equal-weight 1/N sizing at top 20. Each position targets 5 pct of current portfolio equity. Top-N expansion from 10 to 20 and switch from fixed-dollar to percent-of-equity sizing are mechanically coupled and treated as a single improvement. Stop-loss / take-profit inherited from improved 4.,2016-05-31,LII,Industrials,2.0821024244431237,50000.0,0.0453327786490509,0.0,0.0453327786490509
improved_8_equal_weight_top20,Improved 8: improved 4 design with equal-weight 1/N sizing at top 20. Each position targets 5 pct of current portfolio equity. Top-N expansion from 10 to 20 and switch from fixed-dollar to percent-of-equity sizing are mechanically coupled and treated as a single improvement. Stop-loss / take-profit inherited from improved 4.,2016-05-31,CLX,Consumer Staples,2.057346366040046,50000.0,0.075792910447614,0.0,0.075792910447614
improved_8_equal_weight_top20,Improved 8: improved 4 design with equal-weight 1/N sizing at top 20. Each position targets 5 pct of current portfolio equity. Top-N expansion from 10 to 20 and switch from fixed-dollar to percent-of-equity sizing are mechanically coupled and treated as a single improvement. Stop-loss / take-profit inherited from improved 4.,2016-05-31,KMB,Consumer Staples,1.9826065217297961,50000.0,0.0912246585897804,0.0,0.0912246585897804
improved_8_equal_weight_top20,Improved 8: improved 4 design with equal-weight 1/N sizing at top 20. Each position targets 5 pct of current portfolio equity. Top-N expansion from 10 to 20 and switch from fixed-dollar to percent-of-equity sizing are mechanically coupled and treated as a single improvement. Stop-loss / take-profit inherited from improved 4.,2016-05-31,CL,Consumer Staples,1.8066126892451186,50000.0,0.0397727272725536,0.0,0.0397727272725536
improved_8_equal_weight_top20,Improved 8: improved 4 design with equal-weight 1/N sizing at top 20. Each position targets 5 pct of current portfolio equity. Top-N expansion from 10 to 20 and switch from fixed-dollar to percent-of-equity sizing are mechanically coupled and treated as a single improvement. Stop-loss / take-profit inherited from improved 4.,2016-05-31,MO,Consumer Staples,1.3328920923822505,50000.0,0.0923508272389472,0.0,0.0923508272389472
improved_8_equal_weight_top20,Improved 8: improved 4 design with equal-weight 1/N sizing at top 20. Each position targets 5 pct of current portfolio equity. Top-N expansion from 10 to 20 and switch from fixed-dollar to percent-of-equity sizing are mechanically coupled and treated as a single improvement. Stop-loss / take-profit inherited from improved 4.,2016-05-31,SPGI,Financials,1.3043089449689804,50000.0,-0.05,0.0,-0.05
improved_8_equal_weight_top20,Improved 8: improved 4 design with equal-weight 1/N sizing at top 20. Each position targets 5 pct of current portfolio equity. Top-N expansion from 10 to 20 and switch from fixed-dollar to percent-of-equity sizing are mechanically coupled and treated as a single improvement. Stop-loss / take-profit inherited from improved 4.,2016-05-31,UPS,Industrials,1.2134034328595737,50000.0,0.0450135816830259,0.0,0.0450135816830259
improved_8_equal_weight_top20,Improved 8: improved 4 design with equal-weight 1/N sizing at top 20. Each position targets 5 pct of current portfolio equity. Top-N expansion from 10 to 20 and switch from fixed-dollar to percent-of-equity sizing are mechanically coupled and treated as a single improvement. Stop-loss / take-profit inherited from improved 4.,2016-05-31,MSI,Information Technology,1.1536305852727442,50000.0,-0.05,0.0,-0.05
improved_8_equal_weight_top20,Improved 8: improved 4 design with equal-weight 1/N sizing at top 20. Each position targets 5 pct of current portfolio equity. Top-N expansion from 10 to 20 and switch from fixed-dollar to percent-of-equity sizing are mechanically coupled and treated as a single improvement. Stop-loss / take-profit inherited from improved 4.,2016-05-31,KLAC,Information Technology,1.1241473434023006,50000.0,0.0057668543177302,0.0,0.0057668543177302
improved_8_equal_weight_top20,Improved 8: improved 4 design with equal-weight 1/N sizing at top 20. Each position targets 5 pct of current portfolio equity. Top-N expansion from 10 to 20 and switch from fixed-dollar to percent-of-equity sizing are mechanically coupled and treated as a single improvement. Stop-loss / take-profit inherited from improved 4.,2016-05-31,LMT,Industrials,1.0285110875107657,50000.0,0.0519243811464309,0.0,0.0519243811464309
improved_8_equal_weight_top20,Improved 8: improved 4 design with equal-weight 1/N sizing at top 20. Each position targets 5 pct of current portfolio equity. Top-N expansion from 10 to 20 and switch from fixed-dollar to percent-of-equity sizing are mechanically coupled and treated as a single improvement. Stop-loss / take-profit inherited from improved 4.,2016-05-31,TSN,Consumer Staples,0.9089652930226946,50000.0,-0.05,0.0,-0.05
improved_8_equal_weight_top20,Improved 8: improved 4 design with equal-weight 1/N sizing at top 20. Each position targets 5 pct of current portfolio equity. Top-N expansion from 10 to 20 and switch from fixed-dollar to percent-of-equity sizing are mechanically coupled and treated as a single improvement. Stop-loss / take-profit inherited from improved 4.,2016-05-31,POOL,Consumer Discretionary,0.8607915215342341,50000.0,0.0312568545729046,0.0,0.0312568545729046
improved_8_equal_weight_top20,Improved 8: improved 4 design with equal-weight 1/N sizing at top 20. Each position targets 5 pct of current portfolio equity. Top-N expansion from 10 to 20 and switch from fixed-dollar to percent-of-equity sizing are mechanically coupled and treated as a single improvement. Stop-loss / take-profit inherited from improved 4.,2016-05-31,HD,Consumer Discretionary,0.8479353421759377,50000.0,-0.05,0.0,-0.05
improved_8_equal_weight_top20,Improved 8: improved 4 design with equal-weight 1/N sizing at top 20. Each position targets 5 pct of current portfolio equity. Top-N expansion from 10 to 20 and switch from fixed-dollar to percent-of-equity sizing are mechanically coupled and treated as a single improvement. Stop-loss / take-profit inherited from improved 4.,2016-05-31,GPN,Financials,0.8418042119667136,50000.0,-0.05,0.0,-0.05
improved_8_equal_weight_top20,Improved 8: improved 4 design with equal-weight 1/N sizing at top 20. Each position targets 5 pct of current portfolio equity. Top-N expansion from 10 to 20 and switch from fixed-dollar to percent-of-equity sizing are mechanically coupled and treated as a single improvement. Stop-loss / take-profit inherited from improved 4.,2016-05-31,VZ,Communication Services,0.8256247068167727,50000.0,0.0977000196598176,0.0,0.0977000196598176
improved_8_equal_weight_top20,Improved 8: improved 4 design with equal-weight 1/N sizing at top 20. Each position targets 5 pct of current portfolio equity. Top-N expansion from 10 to 20 and switch from fixed-dollar to percent-of-equity sizing are mechanically coupled and treated as a single improvement. Stop-loss / take-profit inherited from improved 4.,2016-05-31,CPRT,Industrials,0.8153581072989835,50000.0,-0.05,0.0,-0.05
improved_8_equal_weight_top20,Improved 8: improved 4 design with equal-weight 1/N sizing at top 20. Each position targets 5 pct of current portfolio equity. Top-N expansion from 10 to 20 and switch from fixed-dollar to percent-of-equity sizing are mechanically coupled and treated as a single improvement. Stop-loss / take-profit inherited from improved 4.,2016-05-31,MCD,Consumer Discretionary,0.8086481011309389,50000.0,-0.0030928979728567,0.0,-0.0030928979728567
improved_8_equal_weight_top20,Improved 8: improved 4 design with equal-weight 1/N sizing at top 20. Each position targets 5 pct of current portfolio equity. Top-N expansion from 10 to 20 and switch from fixed-dollar to percent-of-equity sizing are mechanically coupled and treated as a single improvement. Stop-loss / take-profit inherited from improved 4.,2016-05-31,ULTA,Consumer Discretionary,0.795161144033902,50000.0,0.0443653821423979,0.0,0.0443653821423979
improved_8_equal_weight_top20,Improved 8: improved 4 design with equal-weight 1/N sizing at top 20. Each position targets 5 pct of current portfolio equity. Top-N expansion from 10 to 20 and switch from fixed-dollar to percent-of-equity sizing are mechanically coupled and treated as a single improvement. Stop-loss / take-profit inherited from improved 4.,2016-05-31,NVDA,Information Technology,0.7926749965350555,50000.0,0.0109677419443019,0.0,0.0109677419443019
improved_8_equal_weight_top20,Improved 8: improved 4 design with equal-weight 1/N sizing at top 20. Each position targets 5 pct of current portfolio equity. Top-N expansion from 10 to 20 and switch from fixed-dollar to percent-of-equity sizing are mechanically coupled and treated as a single improvement. Stop-loss / take-profit inherited from improved 4.,2016-05-31,EW,Health Care,0.7810876468325124,50000.0,0.0120763141850901,0.0,0.0120763141850901
improved_8_equal_weight_top20,Improved 8: improved 4 design with equal-weight 1/N sizing at top 20. Each position targets 5 pct of current portfolio equity. Top-N expansion from 10 to 20 and switch from fixed-dollar to percent-of-equity sizing are mechanically coupled and treated as a single improvement. Stop-loss / take-profit inherited from improved 4.,2016-06-30,CHTR,Communication Services,1.715673314595112,50851.130334691974,0.0270683925135559,0.0,0.0270683925135559
improved_8_equal_weight_top20,Improved 8: improved 4 design with equal-weight 1/N sizing at top 20. Each position targets 5 pct of current portfolio equity. Top-N expansion from 10 to 20 and switch from fixed-dollar to percent-of-equity sizing are mechanically coupled and treated as a single improvement. Stop-loss / take-profit inherited from improved 4.,2016-06-30,KMB,Consumer Staples,1.65131525207673,50851.130334691974,-0.05,0.0,-0.05
improved_8_equal_weight_top20,Improved 8: improved 4 design with equal-weight 1/N sizing at top 20. Each position targets 5 pct of current portfolio equity. Top-N expansion from 10 to 20 and switch from fixed-dollar to percent-of-equity sizing are mechanically coupled and treated as a single improvement. Stop-loss / take-profit inherited from improved 4.,2016-06-30,LII,Industrials,1.6461817516577175,50851.130334691974,0.1001192731359164,0.0,0.1001192731359164
improved_8_equal_weight_top20,Improved 8: improved 4 design with equal-weight 1/N sizing at top 20. Each position targets 5 pct of current portfolio equity. Top-N expansion from 10 to 20 and switch from fixed-dollar to percent-of-equity sizing are mechanically coupled and treated as a single improvement. Stop-loss / take-profit inherited from improved 4.,2016-06-30,CLX,Consumer Staples,1.6234068786440137,50851.130334691974,-0.05,0.0,-0.05
improved_8_equal_weight_top20,Improved 8: improved 4 design with equal-weight 1/N sizing at top 20. Each position targets 5 pct of current portfolio equity. Top-N expansion from 10 to 20 and switch from fixed-dollar to percent-of-equity sizing are mechanically coupled and treated as a single improvement. Stop-loss / take-profit inherited from improved 4.,2016-06-30,CL,Consumer Staples,1.3641665852237823,50851.130334691974,0.0228521003238026,0.0,0.0228521003238026
improved_8_equal_weight_top20,Improved 8: improved 4 design with equal-weight 1/N sizing at top 20. Each position targets 5 pct of current portfolio equity. Top-N expansion from 10 to 20 and switch from fixed-dollar to percent-of-equity sizing are mechanically coupled and treated as a single improvement. Stop-loss / take-profit inherited from improved 4.,2016-06-30,MO,Consumer Staples,0.923162900747079,50851.130334691974,-0.022806004618098,0.0,-0.022806004618098
improved_8_equal_weight_top20,Improved 8: improved 4 design with equal-weight 1/N sizing at top 20. Each position targets 5 pct of current portfolio equity. Top-N expansion from 10 to 20 and switch from fixed-dollar to percent-of-equity sizing are mechanically coupled and treated as a single improvement. Stop-loss / take-profit inherited from improved 4.,2016-06-30,SPGI,Financials,0.7623908251912159,50851.130334691974,0.1408832041828434,0.0,0.1408832041828434
improved_8_equal_weight_top20,Improved 8: improved 4 design with equal-weight 1/N sizing at top 20. Each position targets 5 pct of current portfolio equity. Top-N expansion from 10 to 20 and switch from fixed-dollar to percent-of-equity sizing are mechanically coupled and treated as a single improvement. Stop-loss / take-profit inherited from improved 4.,2016-06-30,UPS,Industrials,0.7441542018035625,50851.130334691974,0.0046468401487722,0.0,0.0046468401487722
improved_8_equal_weight_top20,Improved 8: improved 4 design with equal-weight 1/N sizing at top 20. Each position targets 5 pct of current portfolio equity. Top-N expansion from 10 to 20 and switch from fixed-dollar to percent-of-equity sizing are mechanically coupled and treated as a single improvement. Stop-loss / take-profit inherited from improved 4.,2016-06-30,KLAC,Information Technology,0.6436873129832706,50851.130334691974,0.0371232876708931,0.0,0.0371232876708931
improved_8_equal_weight_top20,Improved 8: improved 4 design with equal-weight 1/N sizing at top 20. Each position targets 5 pct of current portfolio equity. Top-N expansion from 10 to 20 and switch from fixed-dollar to percent-of-equity sizing are mechanically coupled and treated as a single improvement. Stop-loss / take-profit inherited from improved 4.,2016-06-30,MSI,Information Technology,0.5670222313629297,50851.130334691974,0.0534467051329268,0.0,0.0534467051329268
improved_8_equal_weight_top20,Improved 8: improved 4 design with equal-weight 1/N sizing at top 20. Each position targets 5 pct of current portfolio equity. Top-N expansion from 10 to 20 and switch from fixed-dollar to percent-of-equity sizing are mechanically coupled and treated as a single improvement. Stop-loss / take-profit inherited from improved 4.,2016-06-30,LMT,Industrials,0.5250278485124678,50851.130334691974,0.018087334837636,0.0,0.018087334837636
improved_8_equal_weight_top20,Improved 8: improved 4 design with equal-weight 1/N sizing at top 20. Each position targets 5 pct of current portfolio equity. Top-N expansion from 10 to 20 and switch from fixed-dollar to percent-of-equity sizing are mechanically coupled and treated as a single improvement. Stop-loss / take-profit inherited from improved 4.,2016-06-30,VZ,Communication Services,0.43672542461110675,50851.130334691974,0.0020852952496077,0.0,0.0020852952496077
improved_8_equal_weight_top20,Improved 8: improved 4 design with equal-weight 1/N sizing at top 20. Each position targets 5 pct of current portfolio equity. Top-N expansion from 10 to 20 and switch from fixed-dollar to percent-of-equity sizing are mechanically coupled and treated as a single improvement. Stop-loss / take-profit inherited from improved 4.,2016-06-30,AWK,Utilities,0.33641288099882793,50851.130334691974,-0.05,0.0,-0.05
improved_8_equal_weight_top20,Improved 8: improved 4 design with equal-weight 1/N sizing at top 20. Each position targets 5 pct of current portfolio equity. Top-N expansion from 10 to 20 and switch from fixed-dollar to percent-of-equity sizing are mechanically coupled and treated as a single improvement. Stop-loss / take-profit inherited from improved 4.,2016-06-30,NVDA,Information Technology,0.3358813656532106,50851.130334691974,0.2213903742988361,0.0,0.2213903742988361
improved_8_equal_weight_top20,Improved 8: improved 4 design with equal-weight 1/N sizing at top 20. Each position targets 5 pct of current portfolio equity. Top-N expansion from 10 to 20 and switch from fixed-dollar to percent-of-equity sizing are mechanically coupled and treated as a single improvement. Stop-loss / take-profit inherited from improved 4.,2016-06-30,TSN,Consumer Staples,0.33424629783208915,50851.130334691974,0.104773341339742,0.0,0.104773341339742
improved_8_equal_weight_top20,Improved 8: improved 4 design with equal-weight 1/N sizing at top 20. Each position targets 5 pct of current portfolio equity. Top-N expansion from 10 to 20 and switch from fixed-dollar to percent-of-equity sizing are mechanically coupled and treated as a single improvement. Stop-loss / take-profit inherited from improved 4.,2016-06-30,ATO,Utilities,0.3238814648488276,50851.130334691974,-0.026595095767494,0.0,-0.026595095767494
improved_8_equal_weight_top20,Improved 8: improved 4 design with equal-weight 1/N sizing at top 20. Each position targets 5 pct of current portfolio equity. Top-N expansion from 10 to 20 and switch from fixed-dollar to percent-of-equity sizing are mechanically coupled and treated as a single improvement. Stop-loss / take-profit inherited from improved 4.,2016-06-30,HII,Industrials,0.31686527534559383,50851.130334691974,0.0191331049960143,0.0,0.0191331049960143
improved_8_equal_weight_top20,Improved 8: improved 4 design with equal-weight 1/N sizing at top 20. Each position targets 5 pct of current portfolio equity. Top-N expansion from 10 to 20 and switch from fixed-dollar to percent-of-equity sizing are mechanically coupled and treated as a single improvement. Stop-loss / take-profit inherited from improved 4.,2016-06-30,CINF,Financials,0.26909083051509686,50851.130334691974,-0.0030695315634594,0.0,-0.0030695315634594
improved_8_equal_weight_top20,Improved 8: improved 4 design with equal-weight 1/N sizing at top 20. Each position targets 5 pct of current portfolio equity. Top-N expansion from 10 to 20 and switch from fixed-dollar to percent-of-equity sizing are mechanically coupled and treated as a single improvement. Stop-loss / take-profit inherited from improved 4.,2016-06-30,ULTA,Consumer Discretionary,0.2559989543912401,50851.130334691974,0.0755136492773911,0.0,0.0755136492773911
improved_8_equal_weight_top20,Improved 8: improved 4 design with equal-weight 1/N sizing at top 20. Each position targets 5 pct of current portfolio equity. Top-N expansion from 10 to 20 and switch from fixed-dollar to percent-of-equity sizing are mechanically coupled and treated as a single improvement. Stop-loss / take-profit inherited from improved 4.,2016-06-30,CPB,Consumer Staples,0.24888522910519484,50851.130334691974,-0.05,0.0,-0.05
improved_8_equal_weight_top20,Improved 8: improved 4 design with equal-weight 1/N sizing at top 20. Each position targets 5 pct of current portfolio equity. Top-N expansion from 10 to 20 and switch from fixed-dollar to percent-of-equity sizing are mechanically coupled and treated as a single improvement. Stop-loss / take-profit inherited from improved 4.,2016-07-31,LII,Industrials,1.9706709500244022,52312.21621158334,0.0276253668494035,0.0,0.0276253668494035
improved_8_equal_weight_top20,Improved 8: improved 4 design with equal-weight 1/N sizing at top 20. Each position targets 5 pct of current portfolio equity. Top-N expansion from 10 to 20 and switch from fixed-dollar to percent-of-equity sizing are mechanically coupled and treated as a single improvement. Stop-loss / take-profit inherited from improved 4.,2016-07-31,CHTR,Communication Services,1.9553162794259806,52312.21621158334,0.0920013585802834,0.0,0.0920013585802834
improved_8_equal_weight_top20,Improved 8: improved 4 design with equal-weight 1/N sizing at top 20. Each position targets 5 pct of current portfolio equity. Top-N expansion from 10 to 20 and switch from fixed-dollar to percent-of-equity sizing are mechanically coupled and treated as a single improvement. Stop-loss / take-profit inherited from improved 4.,2016-07-31,SPGI,Financials,1.8303899747053158,52312.21621158334,0.0138919840840827,0.0,0.0138919840840827
improved_8_equal_weight_top20,Improved 8: improved 4 design with equal-weight 1/N sizing at top 20. Each position targets 5 pct of current portfolio equity. Top-N expansion from 10 to 20 and switch from fixed-dollar to percent-of-equity sizing are mechanically coupled and treated as a single improvement. Stop-loss / take-profit inherited from improved 4.,2016-07-31,CLX,Consumer Staples,1.8134495821393644,52312.21621158334,0.0027548209375289,0.0,0.0027548209375289
improved_8_equal_weight_top20,Improved 8: improved 4 design with equal-weight 1/N sizing at top 20. Each position targets 5 pct of current portfolio equity. Top-N expansion from 10 to 20 and switch from fixed-dollar to percent-of-equity sizing are mechanically coupled and treated as a single improvement. Stop-loss / take-profit inherited from improved 4.,2016-07-31,KMB,Consumer Staples,1.7758690229690444,52312.21621158334,-0.0089769385536429,0.0,-0.0089769385536429
improved_8_equal_weight_top20,Improved 8: improved 4 design with equal-weight 1/N sizing at top 20. Each position targets 5 pct of current portfolio equity. Top-N expansion from 10 to 20 and switch from fixed-dollar to percent-of-equity sizing are mechanically coupled and treated as a single improvement. Stop-loss / take-profit inherited from improved 4.,2016-07-31,KLAC,Information Technology,1.3895424054094914,52312.21621158334,-0.05,0.0,-0.05
improved_8_equal_weight_top20,Improved 8: improved 4 design with equal-weight 1/N sizing at top 20. Each position targets 5 pct of current portfolio equity. Top-N expansion from 10 to 20 and switch from fixed-dollar to percent-of-equity sizing are mechanically coupled and treated as a single improvement. Stop-loss / take-profit inherited from improved 4.,2016-07-31,MO,Consumer Staples,1.359229693074636,52312.21621158334,-0.0232042565763106,0.0,-0.0232042565763106
improved_8_equal_weight_top20,Improved 8: improved 4 design with equal-weight 1/N sizing at top 20. Each position targets 5 pct of current portfolio equity. Top-N expansion from 10 to 20 and switch from fixed-dollar to percent-of-equity sizing are mechanically coupled and treated as a single improvement. Stop-loss / take-profit inherited from improved 4.,2016-07-31,UPS,Industrials,1.2742300646473737,52312.21621158334,0.0171546445935577,0.0,0.0171546445935577
improved_8_equal_weight_top20,Improved 8: improved 4 design with equal-weight 1/N sizing at top 20. Each position targets 5 pct of current portfolio equity. Top-N expansion from 10 to 20 and switch from fixed-dollar to percent-of-equity sizing are mechanically coupled and treated as a single improvement. Stop-loss / take-profit inherited from improved 4.,2016-07-31,YUM,Consumer Discretionary,1.2077898443543988,52312.21621158334,0.0168142584923123,0.0,0.0168142584923123
improved_8_equal_weight_top20,Improved 8: improved 4 design with equal-weight 1/N sizing at top 20. Each position targets 5 pct of current portfolio equity. Top-N expansion from 10 to 20 and switch from fixed-dollar to percent-of-equity sizing are mechanically coupled and treated as a single improvement. Stop-loss / take-profit inherited from improved 4.,2016-07-31,MSI,Information Technology,1.1419811220830773,52312.21621158334,0.1093659942367317,0.0,0.1093659942367317
improved_8_equal_weight_top20,Improved 8: improved 4 design with equal-weight 1/N sizing at top 20. Each position targets 5 pct of current portfolio equity. Top-N expansion from 10 to 20 and switch from fixed-dollar to percent-of-equity sizing are mechanically coupled and treated as a single improvement. Stop-loss / take-profit inherited from improved 4.,2016-07-31,TSN,Consumer Staples,0.9824708469216011,52312.21621158334,0.0272728042845415,0.0,0.0272728042845415
improved_8_equal_weight_top20,Improved 8: improved 4 design with equal-weight 1/N sizing at top 20. Each position targets 5 pct of current portfolio equity. Top-N expansion from 10 to 20 and switch from fixed-dollar to percent-of-equity sizing are mechanically coupled and treated as a single improvement. Stop-loss / take-profit inherited from improved 4.,2016-07-31,LMT,Industrials,0.9803996872536987,52312.21621158334,-0.0316104358713916,0.0,-0.0316104358713916
improved_8_equal_weight_top20,Improved 8: improved 4 design with equal-weight 1/N sizing at top 20. Each position targets 5 pct of current portfolio equity. Top-N expansion from 10 to 20 and switch from fixed-dollar to percent-of-equity sizing are mechanically coupled and treated as a single improvement. Stop-loss / take-profit inherited from improved 4.,2016-07-31,NVDA,Information Technology,0.9180162322758716,52312.21621158334,0.0717148592265295,0.0,0.0717148592265295
improved_8_equal_weight_top20,Improved 8: improved 4 design with equal-weight 1/N sizing at top 20. Each position targets 5 pct of current portfolio equity. Top-N expansion from 10 to 20 and switch from fixed-dollar to percent-of-equity sizing are mechanically coupled and treated as a single improvement. Stop-loss / take-profit inherited from improved 4.,2016-07-31,POOL,Consumer Discretionary,0.9173504487587889,52312.21621158334,-0.0075062008009657,0.0,-0.0075062008009657
improved_8_equal_weight_top20,Improved 8: improved 4 design with equal-weight 1/N sizing at top 20. Each position targets 5 pct of current portfolio equity. Top-N expansion from 10 to 20 and switch from fixed-dollar to percent-of-equity sizing are mechanically coupled and treated as a single improvement. Stop-loss / take-profit inherited from improved 4.,2016-07-31,AWK,Utilities,0.8773017111024176,52312.21621158334,-0.05,0.0,-0.05
improved_8_equal_weight_top20,Improved 8: improved 4 design with equal-weight 1/N sizing at top 20. Each position targets 5 pct of current portfolio equity. Top-N expansion from 10 to 20 and switch from fixed-dollar to percent-of-equity sizing are mechanically coupled and treated as a single improvement. Stop-loss / take-profit inherited from improved 4.,2016-07-31,AMAT,Information Technology,0.8538605778595396,52312.21621158334,0.1336475850532381,0.0,0.1336475850532381
improved_8_equal_weight_top20,Improved 8: improved 4 design with equal-weight 1/N sizing at top 20. Each position targets 5 pct of current portfolio equity. Top-N expansion from 10 to 20 and switch from fixed-dollar to percent-of-equity sizing are mechanically coupled and treated as a single improvement. Stop-loss / take-profit inherited from improved 4.,2016-07-31,HII,Industrials,0.8538161833617754,52312.21621158334,-0.05,0.0,-0.05
improved_8_equal_weight_top20,Improved 8: improved 4 design with equal-weight 1/N sizing at top 20. Each position targets 5 pct of current portfolio equity. Top-N expansion from 10 to 20 and switch from fixed-dollar to percent-of-equity sizing are mechanically coupled and treated as a single improvement. Stop-loss / take-profit inherited from improved 4.,2016-07-31,ULTA,Consumer Discretionary,0.8253461336999707,52312.21621158334,-0.05,0.0,-0.05
improved_8_equal_weight_top20,Improved 8: improved 4 design with equal-weight 1/N sizing at top 20. Each position targets 5 pct of current portfolio equity. Top-N expansion from 10 to 20 and switch from fixed-dollar to percent-of-equity sizing are mechanically coupled and treated as a single improvement. Stop-loss / take-profit inherited from improved 4.,2016-07-31,VZ,Communication Services,0.8220826989363008,52312.21621158334,-0.05,0.0,-0.05
improved_8_equal_weight_top20,Improved 8: improved 4 design with equal-weight 1/N sizing at top 20. Each position targets 5 pct of current portfolio equity. Top-N expansion from 10 to 20 and switch from fixed-dollar to percent-of-equity sizing are mechanically coupled and treated as a single improvement. Stop-loss / take-profit inherited from improved 4.,2016-07-31,HD,Consumer Discretionary,0.8185737026259957,52312.21621158334,-0.0235397442537855,0.0,-0.0235397442537855
improved_8_equal_weight_top20,Improved 8: improved 4 design with equal-weight 1/N sizing at top 20. Each position targets 5 pct of current portfolio equity. Top-N expansion from 10 to 20 and switch from fixed-dollar to percent-of-equity sizing are mechanically coupled and treated as a single improvement. Stop-loss / take-profit inherited from improved 4.,2016-08-31,LII,Industrials,1.225655715061277,52750.08541723814,-0.0264106351782814,0.0,-0.0264106351782814
improved_8_equal_weight_top20,Improved 8: improved 4 design with equal-weight 1/N sizing at top 20. Each position targets 5 pct of current portfolio equity. Top-N expansion from 10 to 20 and switch from fixed-dollar to percent-of-equity sizing are mechanically coupled and treated as a single improvement. Stop-loss / take-profit inherited from improved 4.,2016-08-31,SPGI,Financials,1.1292788755436927,52750.08541723814,0.024611398963876,0.0,0.024611398963876
improved_8_equal_weight_top20,Improved 8: improved 4 design with equal-weight 1/N sizing at top 20. Each position targets 5 pct of current portfolio equity. Top-N expansion from 10 to 20 and switch from fixed-dollar to percent-of-equity sizing are mechanically coupled and treated as a single improvement. Stop-loss / take-profit inherited from improved 4.,2016-08-31,KMB,Consumer Staples,1.0821506242986831,52750.08541723814,-0.0074744563875861,0.0,-0.0074744563875861
improved_8_equal_weight_top20,Improved 8: improved 4 design with equal-weight 1/N sizing at top 20. Each position targets 5 pct of current portfolio equity. Top-N expansion from 10 to 20 and switch from fixed-dollar to percent-of-equity sizing are mechanically coupled and treated as a single improvement. Stop-loss / take-profit inherited from improved 4.,2016-08-31,CLX,Consumer Staples,1.0339690046998733,52750.08541723814,-0.05,0.0,-0.05
improved_8_equal_weight_top20,Improved 8: improved 4 design with equal-weight 1/N sizing at top 20. Each position targets 5 pct of current portfolio equity. Top-N expansion from 10 to 20 and switch from fixed-dollar to percent-of-equity sizing are mechanically coupled and treated as a single improvement. Stop-loss / take-profit inherited from improved 4.,2016-08-31,KLAC,Information Technology,0.8353616298791824,52750.08541723814,0.0021564117308827,0.0,0.0021564117308827
improved_8_equal_weight_top20,Improved 8: improved 4 design with equal-weight 1/N sizing at top 20. Each position targets 5 pct of current portfolio equity. Top-N expansion from 10 to 20 and switch from fixed-dollar to percent-of-equity sizing are mechanically coupled and treated as a single improvement. Stop-loss / take-profit inherited from improved 4.,2016-08-31,YUM,Consumer Discretionary,0.8256259031324034,52750.08541723814,0.002539191873889,0.0,0.002539191873889
improved_8_equal_weight_top20,Improved 8: improved 4 design with equal-weight 1/N sizing at top 20. Each position targets 5 pct of current portfolio equity. Top-N expansion from 10 to 20 and switch from fixed-dollar to percent-of-equity sizing are mechanically coupled and treated as a single improvement. Stop-loss / take-profit inherited from improved 4.,2016-08-31,MO,Consumer Staples,0.8182730601632056,52750.08541723814,-0.0314530662576947,0.0,-0.0314530662576947
improved_8_equal_weight_top20,Improved 8: improved 4 design with equal-weight 1/N sizing at top 20. Each position targets 5 pct of current portfolio equity. Top-N expansion from 10 to 20 and switch from fixed-dollar to percent-of-equity sizing are mechanically coupled and treated as a single improvement. Stop-loss / take-profit inherited from improved 4.,2016-08-31,UPS,Industrials,0.7556829774505271,52750.08541723814,-0.0013697379229017,0.0,-0.0013697379229017
improved_8_equal_weight_top20,Improved 8: improved 4 design with equal-weight 1/N sizing at top 20. Each position targets 5 pct of current portfolio equity. Top-N expansion from 10 to 20 and switch from fixed-dollar to percent-of-equity sizing are mechanically coupled and treated as a single improvement. Stop-loss / take-profit inherited from improved 4.,2016-08-31,TSN,Consumer Staples,0.6239026571112178,52750.08541723814,-0.0120402222802217,0.0,-0.0120402222802217
improved_8_equal_weight_top20,Improved 8: improved 4 design with equal-weight 1/N sizing at top 20. Each position targets 5 pct of current portfolio equity. Top-N expansion from 10 to 20 and switch from fixed-dollar to percent-of-equity sizing are mechanically coupled and treated as a single improvement. Stop-loss / take-profit inherited from improved 4.,2016-08-31,AMAT,Information Technology,0.6221174488970502,52750.08541723814,0.0070140280544199,0.0,0.0070140280544199
improved_8_equal_weight_top20,Improved 8: improved 4 design with equal-weight 1/N sizing at top 20. Each position targets 5 pct of current portfolio equity. Top-N expansion from 10 to 20 and switch from fixed-dollar to percent-of-equity sizing are mechanically coupled and treated as a single improvement. Stop-loss / take-profit inherited from improved 4.,2016-08-31,NVDA,Information Technology,0.5680429934275608,52750.08541723814,-0.05,0.0,-0.05
improved_8_equal_weight_top20,Improved 8: improved 4 design with equal-weight 1/N sizing at top 20. Each position targets 5 pct of current portfolio equity. Top-N expansion from 10 to 20 and switch from fixed-dollar to percent-of-equity sizing are mechanically coupled and treated as a single improvement. Stop-loss / take-profit inherited from improved 4.,2016-08-31,TPL,Energy,0.48365328058583423,52750.08541723814,0.3,0.0,0.3
improved_8_equal_weight_top20,Improved 8: improved 4 design with equal-weight 1/N sizing at top 20. Each position targets 5 pct of current portfolio equity. Top-N expansion from 10 to 20 and switch from fixed-dollar to percent-of-equity sizing are mechanically coupled and treated as a single improvement. Stop-loss / take-profit inherited from improved 4.,2016-08-31,GEN,Information Technology,0.46938980536733155,52750.08541723814,0.0397680198898895,0.0,0.0397680198898895
improved_8_equal_weight_top20,Improved 8: improved 4 design with equal-weight 1/N sizing at top 20. Each position targets 5 pct of current portfolio equity. Top-N expansion from 10 to 20 and switch from fixed-dollar to percent-of-equity sizing are mechanically coupled and treated as a single improvement. Stop-loss / take-profit inherited from improved 4.,2016-08-31,LMT,Industrials,0.42374673023005793,52750.08541723814,-0.0140254185003106,0.0,-0.0140254185003106
improved_8_equal_weight_top20,Improved 8: improved 4 design with equal-weight 1/N sizing at top 20. Each position targets 5 pct of current portfolio equity. Top-N expansion from 10 to 20 and switch from fixed-dollar to percent-of-equity sizing are mechanically coupled and treated as a single improvement. Stop-loss / take-profit inherited from improved 4.,2016-08-31,OKE,Energy,0.3964967003557185,52750.08541723814,0.0997218061176703,0.0,0.0997218061176703
improved_8_equal_weight_top20,Improved 8: improved 4 design with equal-weight 1/N sizing at top 20. Each position targets 5 pct of current portfolio equity. Top-N expansion from 10 to 20 and switch from fixed-dollar to percent-of-equity sizing are mechanically coupled and treated as a single improvement. Stop-loss / take-profit inherited from improved 4.,2016-08-31,ALB,Materials,0.3953148430256741,52750.08541723814,-0.05,0.0,-0.05
improved_8_equal_weight_top20,Improved 8: improved 4 design with equal-weight 1/N sizing at top 20. Each position targets 5 pct of current portfolio equity. Top-N expansion from 10 to 20 and switch from fixed-dollar to percent-of-equity sizing are mechanically coupled and treated as a single improvement. Stop-loss / take-profit inherited from improved 4.,2016-08-31,POOL,Consumer Discretionary,0.3597179323194577,52750.08541723814,-0.05,0.0,-0.05
improved_8_equal_weight_top20,Improved 8: improved 4 design with equal-weight 1/N sizing at top 20. Each position targets 5 pct of current portfolio equity. Top-N expansion from 10 to 20 and switch from fixed-dollar to percent-of-equity sizing are mechanically coupled and treated as a single improvement. Stop-loss / take-profit inherited from improved 4.,2016-08-31,ALGN,Health Care,0.32368282801834125,52750.08541723814,0.0059012875536479,0.0,0.0059012875536479
improved_8_equal_weight_top20,Improved 8: improved 4 design with equal-weight 1/N sizing at top 20. Each position targets 5 pct of current portfolio equity. Top-N expansion from 10 to 20 and switch from fixed-dollar to percent-of-equity sizing are mechanically coupled and treated as a single improvement. Stop-loss / take-profit inherited from improved 4.,2016-08-31,EW,Health Care,0.3208214094644011,52750.08541723814,0.0438095238103894,0.0,0.0438095238103894
improved_8_equal_weight_top20,Improved 8: improved 4 design with equal-weight 1/N sizing at top 20. Each position targets 5 pct of current portfolio equity. Top-N expansion from 10 to 20 and switch from fixed-dollar to percent-of-equity sizing are mechanically coupled and treated as a single improvement. Stop-loss / take-profit inherited from improved 4.,2016-08-31,XYL,Industrials,0.3183214216272596,52750.08541723814,-0.05,0.0,-0.05
improved_8_equal_weight_top20,Improved 8: improved 4 design with equal-weight 1/N sizing at top 20. Each position targets 5 pct of current portfolio equity. Top-N expansion from 10 to 20 and switch from fixed-dollar to percent-of-equity sizing are mechanically coupled and treated as a single improvement. Stop-loss / take-profit inherited from improved 4.,2016-09-30,SPGI,Financials,1.8474661834177606,53232.084394476144,-0.0333967951772987,0.0,-0.0333967951772987
improved_8_equal_weight_top20,Improved 8: improved 4 design with equal-weight 1/N sizing at top 20. Each position targets 5 pct of current portfolio equity. Top-N expansion from 10 to 20 and switch from fixed-dollar to percent-of-equity sizing are mechanically coupled and treated as a single improvement. Stop-loss / take-profit inherited from improved 4.,2016-09-30,LII,Industrials,1.6933638453043764,53232.084394476144,-0.05,0.0,-0.05
improved_8_equal_weight_top20,Improved 8: improved 4 design with equal-weight 1/N sizing at top 20. Each position targets 5 pct of current portfolio equity. Top-N expansion from 10 to 20 and switch from fixed-dollar to percent-of-equity sizing are mechanically coupled and treated as a single improvement. Stop-loss / take-profit inherited from improved 4.,2016-09-30,KMB,Consumer Staples,1.4816653624993184,53232.084394476144,-0.05,0.0,-0.05
improved_8_equal_weight_top20,Improved 8: improved 4 design with equal-weight 1/N sizing at top 20. Each position targets 5 pct of current portfolio equity. Top-N expansion from 10 to 20 and switch from fixed-dollar to percent-of-equity sizing are mechanically coupled and treated as a single improvement. Stop-loss / take-profit inherited from improved 4.,2016-09-30,CLX,Consumer Staples,1.3764625292990538,53232.084394476144,-0.0309634368878,0.0,-0.0309634368878
improved_8_equal_weight_top20,Improved 8: improved 4 design with equal-weight 1/N sizing at top 20. Each position targets 5 pct of current portfolio equity. Top-N expansion from 10 to 20 and switch from fixed-dollar to percent-of-equity sizing are mechanically coupled and treated as a single improvement. Stop-loss / take-profit inherited from improved 4.,2016-09-30,KLAC,Information Technology,1.319001357836438,53232.084394476144,0.0737669764121802,0.0,0.0737669764121802
improved_8_equal_weight_top20,Improved 8: improved 4 design with equal-weight 1/N sizing at top 20. Each position targets 5 pct of current portfolio equity. Top-N expansion from 10 to 20 and switch from fixed-dollar to percent-of-equity sizing are mechanically coupled and treated as a single improvement. Stop-loss / take-profit inherited from improved 4.,2016-09-30,YUM,Consumer Discretionary,1.3052785933623101,53232.084394476144,-0.05,0.0,-0.05
improved_8_equal_weight_top20,Improved 8: improved 4 design with equal-weight 1/N sizing at top 20. Each position targets 5 pct of current portfolio equity. Top-N expansion from 10 to 20 and switch from fixed-dollar to percent-of-equity sizing are mechanically coupled and treated as a single improvement. Stop-loss / take-profit inherited from improved 4.,2016-09-30,AMAT,Information Technology,1.290790959042799,53232.084394476144,-0.05,0.0,-0.05
improved_8_equal_weight_top20,Improved 8: improved 4 design with equal-weight 1/N sizing at top 20. Each position targets 5 pct of current portfolio equity. Top-N expansion from 10 to 20 and switch from fixed-dollar to percent-of-equity sizing are mechanically coupled and treated as a single improvement. Stop-loss / take-profit inherited from improved 4.,2016-09-30,UPS,Industrials,1.2141287392874307,53232.084394476144,-0.0146305779083121,0.0,-0.0146305779083121
improved_8_equal_weight_top20,Improved 8: improved 4 design with equal-weight 1/N sizing at top 20. Each position targets 5 pct of current portfolio equity. Top-N expansion from 10 to 20 and switch from fixed-dollar to percent-of-equity sizing are mechanically coupled and treated as a single improvement. Stop-loss / take-profit inherited from improved 4.,2016-09-30,NVDA,Information Technology,1.178845120067419,53232.084394476144,-0.05,0.0,-0.05
improved_8_equal_weight_top20,Improved 8: improved 4 design with equal-weight 1/N sizing at top 20. Each position targets 5 pct of current portfolio equity. Top-N expansion from 10 to 20 and switch from fixed-dollar to percent-of-equity sizing are mechanically coupled and treated as a single improvement. Stop-loss / take-profit inherited from improved 4.,2016-09-30,MO,Consumer Staples,1.178162433614642,53232.084394476144,0.0488578680206901,0.0,0.0488578680206901
improved_8_equal_weight_top20,Improved 8: improved 4 design with equal-weight 1/N sizing at top 20. Each position targets 5 pct of current portfolio equity. Top-N expansion from 10 to 20 and switch from fixed-dollar to percent-of-equity sizing are mechanically coupled and treated as a single improvement. Stop-loss / take-profit inherited from improved 4.,2016-09-30,OKE,Energy,1.159348473352726,53232.084394476144,-0.05,0.0,-0.05
improved_8_equal_weight_top20,Improved 8: improved 4 design with equal-weight 1/N sizing at top 20. Each position targets 5 pct of current portfolio equity. Top-N expansion from 10 to 20 and switch from fixed-dollar to percent-of-equity sizing are mechanically coupled and treated as a single improvement. Stop-loss / take-profit inherited from improved 4.,2016-09-30,GEN,Information Technology,1.1049692234510187,53232.084394476144,-0.0019936204140319,0.0,-0.0019936204140319
improved_8_equal_weight_top20,Improved 8: improved 4 design with equal-weight 1/N sizing at top 20. Each position targets 5 pct of current portfolio equity. Top-N expansion from 10 to 20 and switch from fixed-dollar to percent-of-equity sizing are mechanically coupled and treated as a single improvement. Stop-loss / take-profit inherited from improved 4.,2016-09-30,TPL,Energy,1.0271384375994375,53232.084394476144,0.1089837381404048,0.0,0.1089837381404048
improved_8_equal_weight_top20,Improved 8: improved 4 design with equal-weight 1/N sizing at top 20. Each position targets 5 pct of current portfolio equity. Top-N expansion from 10 to 20 and switch from fixed-dollar to percent-of-equity sizing are mechanically coupled and treated as a single improvement. Stop-loss / take-profit inherited from improved 4.,2016-09-30,ALB,Materials,1.0110084162813067,53232.084394476144,-0.05,0.0,-0.05
improved_8_equal_weight_top20,Improved 8: improved 4 design with equal-weight 1/N sizing at top 20. Each position targets 5 pct of current portfolio equity. Top-N expansion from 10 to 20 and switch from fixed-dollar to percent-of-equity sizing are mechanically coupled and treated as a single improvement. Stop-loss / take-profit inherited from improved 4.,2016-09-30,TSN,Consumer Staples,0.9907526976121699,53232.084394476144,-0.05,0.0,-0.05
improved_8_equal_weight_top20,Improved 8: improved 4 design with equal-weight 1/N sizing at top 20. Each position targets 5 pct of current portfolio equity. Top-N expansion from 10 to 20 and switch from fixed-dollar to percent-of-equity sizing are mechanically coupled and treated as a single improvement. Stop-loss / take-profit inherited from improved 4.,2016-09-30,BAX,Health Care,0.9255186471125194,53232.084394476144,0.0061310782242016,0.0,0.0061310782242016
improved_8_equal_weight_top20,Improved 8: improved 4 design with equal-weight 1/N sizing at top 20. Each position targets 5 pct of current portfolio equity. Top-N expansion from 10 to 20 and switch from fixed-dollar to percent-of-equity sizing are mechanically coupled and treated as a single improvement. Stop-loss / take-profit inherited from improved 4.,2016-09-30,HPQ,Information Technology,0.9091429092051204,53232.084394476144,-0.05,0.0,-0.05
improved_8_equal_weight_top20,Improved 8: improved 4 design with equal-weight 1/N sizing at top 20. Each position targets 5 pct of current portfolio equity. Top-N expansion from 10 to 20 and switch from fixed-dollar to percent-of-equity sizing are mechanically coupled and treated as a single improvement. Stop-loss / take-profit inherited from improved 4.,2016-09-30,CPRT,Industrials,0.9005925796393726,53232.084394476144,-0.0238139534883721,0.0,-0.0238139534883721
improved_8_equal_weight_top20,Improved 8: improved 4 design with equal-weight 1/N sizing at top 20. Each position targets 5 pct of current portfolio equity. Top-N expansion from 10 to 20 and switch from fixed-dollar to percent-of-equity sizing are mechanically coupled and treated as a single improvement. Stop-loss / take-profit inherited from improved 4.,2016-09-30,NDSN,Industrials,0.8679405073815248,53232.084394476144,0.002603384399058,0.0,0.002603384399058
improved_8_equal_weight_top20,Improved 8: improved 4 design with equal-weight 1/N sizing at top 20. Each position targets 5 pct of current portfolio equity. Top-N expansion from 10 to 20 and switch from fixed-dollar to percent-of-equity sizing are mechanically coupled and treated as a single improvement. Stop-loss / take-profit inherited from improved 4.,2016-09-30,LMT,Industrials,0.8654145983821689,53232.084394476144,0.032131037661085,0.0,0.032131037661085
improved_8_equal_weight_top20,Improved 8: improved 4 design with equal-weight 1/N sizing at top 20. Each position targets 5 pct of current portfolio equity. Top-N expansion from 10 to 20 and switch from fixed-dollar to percent-of-equity sizing are mechanically coupled and treated as a single improvement. Stop-loss / take-profit inherited from improved 4.,2016-11-30,OKE,Energy,1.6557496593692818,52480.64884355554,0.0271962784050301,0.0,0.0271962784050301
improved_8_equal_weight_top20,Improved 8: improved 4 design with equal-weight 1/N sizing at top 20. Each position targets 5 pct of current portfolio equity. Top-N expansion from 10 to 20 and switch from fixed-dollar to percent-of-equity sizing are mechanically coupled and treated as a single improvement. Stop-loss / take-profit inherited from improved 4.,2016-11-30,SPGI,Financials,1.5004632888900828,52480.64884355554,-0.05,0.0,-0.05
improved_8_equal_weight_top20,Improved 8: improved 4 design with equal-weight 1/N sizing at top 20. Each position targets 5 pct of current portfolio equity. Top-N expansion from 10 to 20 and switch from fixed-dollar to percent-of-equity sizing are mechanically coupled and treated as a single improvement. Stop-loss / take-profit inherited from improved 4.,2016-11-30,TPL,Energy,1.3649890287292075,52480.64884355554,-0.0200759451879469,0.0,-0.0200759451879469
improved_8_equal_weight_top20,Improved 8: improved 4 design with equal-weight 1/N sizing at top 20. Each position targets 5 pct of current portfolio equity. Top-N expansion from 10 to 20 and switch from fixed-dollar to percent-of-equity sizing are mechanically coupled and treated as a single improvement. Stop-loss / take-profit inherited from improved 4.,2016-11-30,LII,Industrials,1.279727951451535,52480.64884355554,0.0345193492012469,0.0,0.0345193492012469
improved_8_equal_weight_top20,Improved 8: improved 4 design with equal-weight 1/N sizing at top 20. Each position targets 5 pct of current portfolio equity. Top-N expansion from 10 to 20 and switch from fixed-dollar to percent-of-equity sizing are mechanically coupled and treated as a single improvement. Stop-loss / take-profit inherited from improved 4.,2016-11-30,NVDA,Information Technology,1.2737427147675984,52480.64884355554,-0.05,0.0,-0.05
improved_8_equal_weight_top20,Improved 8: improved 4 design with equal-weight 1/N sizing at top 20. Each position targets 5 pct of current portfolio equity. Top-N expansion from 10 to 20 and switch from fixed-dollar to percent-of-equity sizing are mechanically coupled and treated as a single improvement. Stop-loss / take-profit inherited from improved 4.,2016-11-30,LMT,Industrials,1.2483752535972519,52480.64884355554,-0.05,0.0,-0.05
improved_8_equal_weight_top20,Improved 8: improved 4 design with equal-weight 1/N sizing at top 20. Each position targets 5 pct of current portfolio equity. Top-N expansion from 10 to 20 and switch from fixed-dollar to percent-of-equity sizing are mechanically coupled and treated as a single improvement. Stop-loss / take-profit inherited from improved 4.,2016-11-30,UPS,Industrials,1.1969683524701635,52480.64884355554,-0.0120648052396415,0.0,-0.0120648052396415
improved_8_equal_weight_top20,Improved 8: improved 4 design with equal-weight 1/N sizing at top 20. Each position targets 5 pct of current portfolio equity. Top-N expansion from 10 to 20 and switch from fixed-dollar to percent-of-equity sizing are mechanically coupled and treated as a single improvement. Stop-loss / take-profit inherited from improved 4.,2016-11-30,KMB,Consumer Staples,1.1813210594457275,52480.64884355554,-0.0002760941966831,0.0,-0.0002760941966831
improved_8_equal_weight_top20,Improved 8: improved 4 design with equal-weight 1/N sizing at top 20. Each position targets 5 pct of current portfolio equity. Top-N expansion from 10 to 20 and switch from fixed-dollar to percent-of-equity sizing are mechanically coupled and treated as a single improvement. Stop-loss / take-profit inherited from improved 4.,2016-11-30,CLX,Consumer Staples,1.1160472074387975,52480.64884355554,0.0424737253538931,0.0,0.0424737253538931
improved_8_equal_weight_top20,Improved 8: improved 4 design with equal-weight 1/N sizing at top 20. Each position targets 5 pct of current portfolio equity. Top-N expansion from 10 to 20 and switch from fixed-dollar to percent-of-equity sizing are mechanically coupled and treated as a single improvement. Stop-loss / take-profit inherited from improved 4.,2016-11-30,GEN,Information Technology,1.1016590051664117,52480.64884355554,-0.0192939244691168,0.0,-0.0192939244691168
improved_8_equal_weight_top20,Improved 8: improved 4 design with equal-weight 1/N sizing at top 20. Each position targets 5 pct of current portfolio equity. Top-N expansion from 10 to 20 and switch from fixed-dollar to percent-of-equity sizing are mechanically coupled and treated as a single improvement. Stop-loss / take-profit inherited from improved 4.,2016-11-30,MO,Consumer Staples,1.0906330810019875,52480.64884355554,0.0743589416220951,0.0,0.0743589416220951
improved_8_equal_weight_top20,Improved 8: improved 4 design with equal-weight 1/N sizing at top 20. Each position targets 5 pct of current portfolio equity. Top-N expansion from 10 to 20 and switch from fixed-dollar to percent-of-equity sizing are mechanically coupled and treated as a single improvement. Stop-loss / take-profit inherited from improved 4.,2016-11-30,AMAT,Information Technology,1.0735246543680117,52480.64884355554,-0.05,0.0,-0.05
improved_8_equal_weight_top20,Improved 8: improved 4 design with equal-weight 1/N sizing at top 20. Each position targets 5 pct of current portfolio equity. Top-N expansion from 10 to 20 and switch from fixed-dollar to percent-of-equity sizing are mechanically coupled and treated as a single improvement. Stop-loss / take-profit inherited from improved 4.,2016-11-30,MCD,Consumer Discretionary,1.0601501531618398,52480.64884355554,0.0232010759909351,0.0,0.0232010759909351
improved_8_equal_weight_top20,Improved 8: improved 4 design with equal-weight 1/N sizing at top 20. Each position targets 5 pct of current portfolio equity. Top-N expansion from 10 to 20 and switch from fixed-dollar to percent-of-equity sizing are mechanically coupled and treated as a single improvement. Stop-loss / take-profit inherited from improved 4.,2016-11-30,KLAC,Information Technology,1.0347239983176892,52480.64884355554,-0.05,0.0,-0.05
improved_8_equal_weight_top20,Improved 8: improved 4 design with equal-weight 1/N sizing at top 20. Each position targets 5 pct of current portfolio equity. Top-N expansion from 10 to 20 and switch from fixed-dollar to percent-of-equity sizing are mechanically coupled and treated as a single improvement. Stop-loss / take-profit inherited from improved 4.,2016-11-30,STLD,Materials,0.9453627900168551,52480.64884355554,-0.0017661104224296,0.0,-0.0017661104224296
improved_8_equal_weight_top20,Improved 8: improved 4 design with equal-weight 1/N sizing at top 20. Each position targets 5 pct of current portfolio equity. Top-N expansion from 10 to 20 and switch from fixed-dollar to percent-of-equity sizing are mechanically coupled and treated as a single improvement. Stop-loss / take-profit inherited from improved 4.,2016-11-30,HPQ,Information Technology,0.9215084599213997,52480.64884355554,-0.0122507583681407,0.0,-0.0122507583681407
improved_8_equal_weight_top20,Improved 8: improved 4 design with equal-weight 1/N sizing at top 20. Each position targets 5 pct of current portfolio equity. Top-N expansion from 10 to 20 and switch from fixed-dollar to percent-of-equity sizing are mechanically coupled and treated as a single improvement. Stop-loss / take-profit inherited from improved 4.,2016-11-30,BBY,Consumer Discretionary,0.846424622201333,52480.64884355554,-0.05,0.0,-0.05
improved_8_equal_weight_top20,Improved 8: improved 4 design with equal-weight 1/N sizing at top 20. Each position targets 5 pct of current portfolio equity. Top-N expansion from 10 to 20 and switch from fixed-dollar to percent-of-equity sizing are mechanically coupled and treated as a single improvement. Stop-loss / take-profit inherited from improved 4.,2016-11-30,NDSN,Industrials,0.8260881315360762,52480.64884355554,0.0466277020049994,0.0,0.0466277020049994
improved_8_equal_weight_top20,Improved 8: improved 4 design with equal-weight 1/N sizing at top 20. Each position targets 5 pct of current portfolio equity. Top-N expansion from 10 to 20 and switch from fixed-dollar to percent-of-equity sizing are mechanically coupled and treated as a single improvement. Stop-loss / take-profit inherited from improved 4.,2016-11-30,COHR,Information Technology,0.8193515646976198,52480.64884355554,-0.05,0.0,-0.05
improved_8_equal_weight_top20,Improved 8: improved 4 design with equal-weight 1/N sizing at top 20. Each position targets 5 pct of current portfolio equity. Top-N expansion from 10 to 20 and switch from fixed-dollar to percent-of-equity sizing are mechanically coupled and treated as a single improvement. Stop-loss / take-profit inherited from improved 4.,2016-11-30,CPRT,Industrials,0.8153282257087475,52480.64884355554,0.0087383943200436,0.0,0.0087383943200436
improved_8_equal_weight_top20,Improved 8: improved 4 design with equal-weight 1/N sizing at top 20. Each position targets 5 pct of current portfolio equity. Top-N expansion from 10 to 20 and switch from fixed-dollar to percent-of-equity sizing are mechanically coupled and treated as a single improvement. Stop-loss / take-profit inherited from improved 4.,2016-12-31,OKE,Energy,1.2167563791121832,52064.44536116478,-0.05,0.0,-0.05
improved_8_equal_weight_top20,Improved 8: improved 4 design with equal-weight 1/N sizing at top 20. Each position targets 5 pct of current portfolio equity. Top-N expansion from 10 to 20 and switch from fixed-dollar to percent-of-equity sizing are mechanically coupled and treated as a single improvement. Stop-loss / take-profit inherited from improved 4.,2016-12-31,TPL,Energy,0.9030450767687095,52064.44536116478,0.0661473373188896,0.0,0.0661473373188896
improved_8_equal_weight_top20,Improved 8: improved 4 design with equal-weight 1/N sizing at top 20. Each position targets 5 pct of current portfolio equity. Top-N expansion from 10 to 20 and switch from fixed-dollar to percent-of-equity sizing are mechanically coupled and treated as a single improvement. Stop-loss / take-profit inherited from improved 4.,2016-12-31,LII,Industrials,0.8963422052497261,52064.44536116478,0.0152800258982896,0.0,0.0152800258982896
improved_8_equal_weight_top20,Improved 8: improved 4 design with equal-weight 1/N sizing at top 20. Each position targets 5 pct of current portfolio equity. Top-N expansion from 10 to 20 and switch from fixed-dollar to percent-of-equity sizing are mechanically coupled and treated as a single improvement. Stop-loss / take-profit inherited from improved 4.,2016-12-31,SPGI,Financials,0.8340955250914057,52064.44536116478,0.1085693201734367,0.0,0.1085693201734367
improved_8_equal_weight_top20,Improved 8: improved 4 design with equal-weight 1/N sizing at top 20. Each position targets 5 pct of current portfolio equity. Top-N expansion from 10 to 20 and switch from fixed-dollar to percent-of-equity sizing are mechanically coupled and treated as a single improvement. Stop-loss / take-profit inherited from improved 4.,2016-12-31,NVDA,Information Technology,0.7295936498702426,52064.44536116478,-0.05,0.0,-0.05
improved_8_equal_weight_top20,Improved 8: improved 4 design with equal-weight 1/N sizing at top 20. Each position targets 5 pct of current portfolio equity. Top-N expansion from 10 to 20 and switch from fixed-dollar to percent-of-equity sizing are mechanically coupled and treated as a single improvement. Stop-loss / take-profit inherited from improved 4.,2016-12-31,MO,Consumer Staples,0.7255711995491013,52064.44536116478,0.0507824033070871,0.0,0.0507824033070871
improved_8_equal_weight_top20,Improved 8: improved 4 design with equal-weight 1/N sizing at top 20. Each position targets 5 pct of current portfolio equity. Top-N expansion from 10 to 20 and switch from fixed-dollar to percent-of-equity sizing are mechanically coupled and treated as a single improvement. Stop-loss / take-profit inherited from improved 4.,2016-12-31,STLD,Materials,0.7206647219921483,52064.44536116478,-0.05,0.0,-0.05
improved_8_equal_weight_top20,Improved 8: improved 4 design with equal-weight 1/N sizing at top 20. Each position targets 5 pct of current portfolio equity. Top-N expansion from 10 to 20 and switch from fixed-dollar to percent-of-equity sizing are mechanically coupled and treated as a single improvement. Stop-loss / take-profit inherited from improved 4.,2016-12-31,UPS,Industrials,0.6573840404216079,52064.44536116478,-0.05,0.0,-0.05
improved_8_equal_weight_top20,Improved 8: improved 4 design with equal-weight 1/N sizing at top 20. Each position targets 5 pct of current portfolio equity. Top-N expansion from 10 to 20 and switch from fixed-dollar to percent-of-equity sizing are mechanically coupled and treated as a single improvement. Stop-loss / take-profit inherited from improved 4.,2016-12-31,LMT,Industrials,0.6544010319090713,52064.44536116478,0.0005175159237418,0.0,0.0005175159237418
improved_8_equal_weight_top20,Improved 8: improved 4 design with equal-weight 1/N sizing at top 20. Each position targets 5 pct of current portfolio equity. Top-N expansion from 10 to 20 and switch from fixed-dollar to percent-of-equity sizing are mechanically coupled and treated as a single improvement. Stop-loss / take-profit inherited from improved 4.,2016-12-31,CLX,Consumer Staples,0.5959354782268637,52064.44536116478,0.0018527695931003,0.0,0.0018527695931003
improved_8_equal_weight_top20,Improved 8: improved 4 design with equal-weight 1/N sizing at top 20. Each position targets 5 pct of current portfolio equity. Top-N expansion from 10 to 20 and switch from fixed-dollar to percent-of-equity sizing are mechanically coupled and treated as a single improvement. Stop-loss / take-profit inherited from improved 4.,2016-12-31,KMB,Consumer Staples,0.583612113375355,52064.44536116478,0.0610546601263353,0.0,0.0610546601263353
improved_8_equal_weight_top20,Improved 8: improved 4 design with equal-weight 1/N sizing at top 20. Each position targets 5 pct of current portfolio equity. Top-N expansion from 10 to 20 and switch from fixed-dollar to percent-of-equity sizing are mechanically coupled and treated as a single improvement. Stop-loss / take-profit inherited from improved 4.,2016-12-31,NDSN,Industrials,0.5643153946876742,52064.44536116478,8.809020489386477e-05,0.0,8.809020489386477e-05
improved_8_equal_weight_top20,Improved 8: improved 4 design with equal-weight 1/N sizing at top 20. Each position targets 5 pct of current portfolio equity. Top-N expansion from 10 to 20 and switch from fixed-dollar to percent-of-equity sizing are mechanically coupled and treated as a single improvement. Stop-loss / take-profit inherited from improved 4.,2016-12-31,AMAT,Information Technology,0.528795348180312,52064.44536116478,0.0584054388135846,0.0,0.0584054388135846
improved_8_equal_weight_top20,Improved 8: improved 4 design with equal-weight 1/N sizing at top 20. Each position targets 5 pct of current portfolio equity. Top-N expansion from 10 to 20 and switch from fixed-dollar to percent-of-equity sizing are mechanically coupled and treated as a single improvement. Stop-loss / take-profit inherited from improved 4.,2016-12-31,MCD,Consumer Discretionary,0.5020818184142506,52064.44536116478,0.0058263581156738,0.0,0.0058263581156738
improved_8_equal_weight_top20,Improved 8: improved 4 design with equal-weight 1/N sizing at top 20. Each position targets 5 pct of current portfolio equity. Top-N expansion from 10 to 20 and switch from fixed-dollar to percent-of-equity sizing are mechanically coupled and treated as a single improvement. Stop-loss / take-profit inherited from improved 4.,2016-12-31,KLAC,Information Technology,0.4399808899117277,52064.44536116478,0.0777510447010123,0.0,0.0777510447010123
improved_8_equal_weight_top20,Improved 8: improved 4 design with equal-weight 1/N sizing at top 20. Each position targets 5 pct of current portfolio equity. Top-N expansion from 10 to 20 and switch from fixed-dollar to percent-of-equity sizing are mechanically coupled and treated as a single improvement. Stop-loss / take-profit inherited from improved 4.,2016-12-31,GEN,Information Technology,0.41451594951537873,52064.44536116478,0.1507936507908234,0.0,0.1507936507908234
improved_8_equal_weight_top20,Improved 8: improved 4 design with equal-weight 1/N sizing at top 20. Each position targets 5 pct of current portfolio equity. Top-N expansion from 10 to 20 and switch from fixed-dollar to percent-of-equity sizing are mechanically coupled and treated as a single improvement. Stop-loss / take-profit inherited from improved 4.,2016-12-31,CMI,Industrials,0.35513555285884346,52064.44536116478,0.0633634719708797,0.0,0.0633634719708797
improved_8_equal_weight_top20,Improved 8: improved 4 design with equal-weight 1/N sizing at top 20. Each position targets 5 pct of current portfolio equity. Top-N expansion from 10 to 20 and switch from fixed-dollar to percent-of-equity sizing are mechanically coupled and treated as a single improvement. Stop-loss / take-profit inherited from improved 4.,2016-12-31,CPRT,Industrials,0.3495233057577596,52064.44536116478,0.0208708168405902,0.0,0.0208708168405902
improved_8_equal_weight_top20,Improved 8: improved 4 design with equal-weight 1/N sizing at top 20. Each position targets 5 pct of current portfolio equity. Top-N expansion from 10 to 20 and switch from fixed-dollar to percent-of-equity sizing are mechanically coupled and treated as a single improvement. Stop-loss / take-profit inherited from improved 4.,2016-12-31,PWR,Industrials,0.34502507622426704,52064.44536116478,0.020762229805709,0.0,0.020762229805709
improved_8_equal_weight_top20,Improved 8: improved 4 design with equal-weight 1/N sizing at top 20. Each position targets 5 pct of current portfolio equity. Top-N expansion from 10 to 20 and switch from fixed-dollar to percent-of-equity sizing are mechanically coupled and treated as a single improvement. Stop-loss / take-profit inherited from improved 4.,2016-12-31,BA,Industrials,0.3193695616530172,52064.44536116478,0.04555342290452,0.0,0.04555342290452
improved_8_equal_weight_top20,Improved 8: improved 4 design with equal-weight 1/N sizing at top 20. Each position targets 5 pct of current portfolio equity. Top-N expansion from 10 to 20 and switch from fixed-dollar to percent-of-equity sizing are mechanically coupled and treated as a single improvement. Stop-loss / take-profit inherited from improved 4.,2017-03-31,SPGI,Financials,1.5239886336062325,53490.01818181772,0.0284334763942673,0.0,0.0284334763942673
improved_8_equal_weight_top20,Improved 8: improved 4 design with equal-weight 1/N sizing at top 20. Each position targets 5 pct of current portfolio equity. Top-N expansion from 10 to 20 and switch from fixed-dollar to percent-of-equity sizing are mechanically coupled and treated as a single improvement. Stop-loss / take-profit inherited from improved 4.,2017-03-31,LII,Industrials,1.3760840424165208,53490.01818181772,-0.0155357142860024,0.0,-0.0155357142860024
improved_8_equal_weight_top20,Improved 8: improved 4 design with equal-weight 1/N sizing at top 20. Each position targets 5 pct of current portfolio equity. Top-N expansion from 10 to 20 and switch from fixed-dollar to percent-of-equity sizing are mechanically coupled and treated as a single improvement. Stop-loss / take-profit inherited from improved 4.,2017-03-31,MCD,Consumer Discretionary,1.1916435519608934,53490.01818181772,0.0805405405407164,0.0,0.0805405405407164
improved_8_equal_weight_top20,Improved 8: improved 4 design with equal-weight 1/N sizing at top 20. Each position targets 5 pct of current portfolio equity. Top-N expansion from 10 to 20 and switch from fixed-dollar to percent-of-equity sizing are mechanically coupled and treated as a single improvement. Stop-loss / take-profit inherited from improved 4.,2017-03-31,KMB,Consumer Staples,1.13902180171844,53490.01818181772,-0.0173432293243954,0.0,-0.0173432293243954
improved_8_equal_weight_top20,Improved 8: improved 4 design with equal-weight 1/N sizing at top 20. Each position targets 5 pct of current portfolio equity. Top-N expansion from 10 to 20 and switch from fixed-dollar to percent-of-equity sizing are mechanically coupled and treated as a single improvement. Stop-loss / take-profit inherited from improved 4.,2017-03-31,BA,Industrials,1.13727983344072,53490.01818181772,0.0437655297040893,0.0,0.0437655297040893
improved_8_equal_weight_top20,Improved 8: improved 4 design with equal-weight 1/N sizing at top 20. Each position targets 5 pct of current portfolio equity. Top-N expansion from 10 to 20 and switch from fixed-dollar to percent-of-equity sizing are mechanically coupled and treated as a single improvement. Stop-loss / take-profit inherited from improved 4.,2017-03-31,OKE,Energy,1.1178257664032625,53490.01818181772,-0.0419377251795933,0.0,-0.0419377251795933
improved_8_equal_weight_top20,Improved 8: improved 4 design with equal-weight 1/N sizing at top 20. Each position targets 5 pct of current portfolio equity. Top-N expansion from 10 to 20 and switch from fixed-dollar to percent-of-equity sizing are mechanically coupled and treated as a single improvement. Stop-loss / take-profit inherited from improved 4.,2017-03-31,MO,Consumer Staples,0.9537318407715625,53490.01818181772,0.0025139664804305,0.0,0.0025139664804305
improved_8_equal_weight_top20,Improved 8: improved 4 design with equal-weight 1/N sizing at top 20. Each position targets 5 pct of current portfolio equity. Top-N expansion from 10 to 20 and switch from fixed-dollar to percent-of-equity sizing are mechanically coupled and treated as a single improvement. Stop-loss / take-profit inherited from improved 4.,2017-03-31,URI,Industrials,0.7469502274222666,53490.01818181772,-0.05,0.0,-0.05
improved_8_equal_weight_top20,Improved 8: improved 4 design with equal-weight 1/N sizing at top 20. Each position targets 5 pct of current portfolio equity. Top-N expansion from 10 to 20 and switch from fixed-dollar to percent-of-equity sizing are mechanically coupled and treated as a single improvement. Stop-loss / take-profit inherited from improved 4.,2017-03-31,LMT,Industrials,0.7287048063509998,53490.01818181772,0.006913303438172,0.0,0.006913303438172
improved_8_equal_weight_top20,Improved 8: improved 4 design with equal-weight 1/N sizing at top 20. Each position targets 5 pct of current portfolio equity. Top-N expansion from 10 to 20 and switch from fixed-dollar to percent-of-equity sizing are mechanically coupled and treated as a single improvement. Stop-loss / take-profit inherited from improved 4.,2017-03-31,TPL,Energy,0.7257148751292528,53490.01818181772,0.0968214285700448,0.0,0.0968214285700448
improved_8_equal_weight_top20,Improved 8: improved 4 design with equal-weight 1/N sizing at top 20. Each position targets 5 pct of current portfolio equity. Top-N expansion from 10 to 20 and switch from fixed-dollar to percent-of-equity sizing are mechanically coupled and treated as a single improvement. Stop-loss / take-profit inherited from improved 4.,2017-03-31,NVDA,Information Technology,0.6805118696071739,53490.01818181772,-0.05,0.0,-0.05
improved_8_equal_weight_top20,Improved 8: improved 4 design with equal-weight 1/N sizing at top 20. Each position targets 5 pct of current portfolio equity. Top-N expansion from 10 to 20 and switch from fixed-dollar to percent-of-equity sizing are mechanically coupled and treated as a single improvement. Stop-loss / take-profit inherited from improved 4.,2017-03-31,CLX,Consumer Staples,0.6309351951513329,53490.01818181772,-0.0047962326044199,0.0,-0.0047962326044199
improved_8_equal_weight_top20,Improved 8: improved 4 design with equal-weight 1/N sizing at top 20. Each position targets 5 pct of current portfolio equity. Top-N expansion from 10 to 20 and switch from fixed-dollar to percent-of-equity sizing are mechanically coupled and treated as a single improvement. Stop-loss / take-profit inherited from improved 4.,2017-03-31,AMAT,Information Technology,0.5524664361123257,53490.01818181772,0.0415491151585829,0.0,0.0415491151585829
improved_8_equal_weight_top20,Improved 8: improved 4 design with equal-weight 1/N sizing at top 20. Each position targets 5 pct of current portfolio equity. Top-N expansion from 10 to 20 and switch from fixed-dollar to percent-of-equity sizing are mechanically coupled and treated as a single improvement. Stop-loss / take-profit inherited from improved 4.,2017-03-31,RF,Financials,0.503025537082042,53490.01818181772,-0.05,0.0,-0.05
improved_8_equal_weight_top20,Improved 8: improved 4 design with equal-weight 1/N sizing at top 20. Each position targets 5 pct of current portfolio equity. Top-N expansion from 10 to 20 and switch from fixed-dollar to percent-of-equity sizing are mechanically coupled and treated as a single improvement. Stop-loss / take-profit inherited from improved 4.,2017-03-31,MU,Information Technology,0.48416321440094023,53490.01818181772,-0.05,0.0,-0.05
improved_8_equal_weight_top20,Improved 8: improved 4 design with equal-weight 1/N sizing at top 20. Each position targets 5 pct of current portfolio equity. Top-N expansion from 10 to 20 and switch from fixed-dollar to percent-of-equity sizing are mechanically coupled and treated as a single improvement. Stop-loss / take-profit inherited from improved 4.,2017-03-31,EBAY,Consumer Discretionary,0.4540160494379488,53490.01818181772,0.0011986814515261,0.0,0.0011986814515261
improved_8_equal_weight_top20,Improved 8: improved 4 design with equal-weight 1/N sizing at top 20. Each position targets 5 pct of current portfolio equity. Top-N expansion from 10 to 20 and switch from fixed-dollar to percent-of-equity sizing are mechanically coupled and treated as a single improvement. Stop-loss / take-profit inherited from improved 4.,2017-03-31,CSX,Industrials,0.43323584018127315,53490.01818181772,0.0895842263175987,0.0,0.0895842263175987
improved_8_equal_weight_top20,Improved 8: improved 4 design with equal-weight 1/N sizing at top 20. Each position targets 5 pct of current portfolio equity. Top-N expansion from 10 to 20 and switch from fixed-dollar to percent-of-equity sizing are mechanically coupled and treated as a single improvement. Stop-loss / take-profit inherited from improved 4.,2017-03-31,KLAC,Information Technology,0.4315608311174407,53490.01818181772,0.0302076777843882,0.0,0.0302076777843882
improved_8_equal_weight_top20,Improved 8: improved 4 design with equal-weight 1/N sizing at top 20. Each position targets 5 pct of current portfolio equity. Top-N expansion from 10 to 20 and switch from fixed-dollar to percent-of-equity sizing are mechanically coupled and treated as a single improvement. Stop-loss / take-profit inherited from improved 4.,2017-03-31,APO,Financials,0.4022186282077874,53490.01818181772,0.0926530612254068,0.0,0.0926530612254068
improved_8_equal_weight_top20,Improved 8: improved 4 design with equal-weight 1/N sizing at top 20. Each position targets 5 pct of current portfolio equity. Top-N expansion from 10 to 20 and switch from fixed-dollar to percent-of-equity sizing are mechanically coupled and treated as a single improvement. Stop-loss / take-profit inherited from improved 4.,2017-03-31,BAC,Financials,0.38721142664872654,53490.01818181772,-0.05,0.0,-0.05
improved_8_equal_weight_top20,Improved 8: improved 4 design with equal-weight 1/N sizing at top 20. Each position targets 5 pct of current portfolio equity. Top-N expansion from 10 to 20 and switch from fixed-dollar to percent-of-equity sizing are mechanically coupled and treated as a single improvement. Stop-loss / take-profit inherited from improved 4.,2017-04-30,BA,Industrials,2.2582871317493654,53983.6457482235,0.0263501933675343,0.0,0.0263501933675343
improved_8_equal_weight_top20,Improved 8: improved 4 design with equal-weight 1/N sizing at top 20. Each position targets 5 pct of current portfolio equity. Top-N expansion from 10 to 20 and switch from fixed-dollar to percent-of-equity sizing are mechanically coupled and treated as a single improvement. Stop-loss / take-profit inherited from improved 4.,2017-04-30,LII,Industrials,2.057136738502149,53983.6457482235,0.0648788407193159,0.0,0.0648788407193159
improved_8_equal_weight_top20,Improved 8: improved 4 design with equal-weight 1/N sizing at top 20. Each position targets 5 pct of current portfolio equity. Top-N expansion from 10 to 20 and switch from fixed-dollar to percent-of-equity sizing are mechanically coupled and treated as a single improvement. Stop-loss / take-profit inherited from improved 4.,2017-04-30,MCD,Consumer Discretionary,1.9539672779576147,53983.6457482235,0.0788645788642667,0.0,0.0788645788642667
improved_8_equal_weight_top20,Improved 8: improved 4 design with equal-weight 1/N sizing at top 20. Each position targets 5 pct of current portfolio equity. Top-N expansion from 10 to 20 and switch from fixed-dollar to percent-of-equity sizing are mechanically coupled and treated as a single improvement. Stop-loss / take-profit inherited from improved 4.,2017-04-30,KMB,Consumer Staples,1.8973136949631202,53983.6457482235,0.0029377657518137,0.0,0.0029377657518137
improved_8_equal_weight_top20,Improved 8: improved 4 design with equal-weight 1/N sizing at top 20. Each position targets 5 pct of current portfolio equity. Top-N expansion from 10 to 20 and switch from fixed-dollar to percent-of-equity sizing are mechanically coupled and treated as a single improvement. Stop-loss / take-profit inherited from improved 4.,2017-04-30,SPGI,Financials,1.8430909605315093,53983.6457482235,0.0640346053746028,0.0,0.0640346053746028
improved_8_equal_weight_top20,Improved 8: improved 4 design with equal-weight 1/N sizing at top 20. Each position targets 5 pct of current portfolio equity. Top-N expansion from 10 to 20 and switch from fixed-dollar to percent-of-equity sizing are mechanically coupled and treated as a single improvement. Stop-loss / take-profit inherited from improved 4.,2017-04-30,STX,Information Technology,1.3487343630628144,53983.6457482235,0.0354087452475688,0.0,0.0354087452475688
improved_8_equal_weight_top20,Improved 8: improved 4 design with equal-weight 1/N sizing at top 20. Each position targets 5 pct of current portfolio equity. Top-N expansion from 10 to 20 and switch from fixed-dollar to percent-of-equity sizing are mechanically coupled and treated as a single improvement. Stop-loss / take-profit inherited from improved 4.,2017-04-30,MO,Consumer Staples,1.3044977002325417,53983.6457482235,0.0514285714267996,0.0,0.0514285714267996
improved_8_equal_weight_top20,Improved 8: improved 4 design with equal-weight 1/N sizing at top 20. Each position targets 5 pct of current portfolio equity. Top-N expansion from 10 to 20 and switch from fixed-dollar to percent-of-equity sizing are mechanically coupled and treated as a single improvement. Stop-loss / take-profit inherited from improved 4.,2017-04-30,TPL,Energy,1.245884240705569,53983.6457482235,-0.05,0.0,-0.05
improved_8_equal_weight_top20,Improved 8: improved 4 design with equal-weight 1/N sizing at top 20. Each position targets 5 pct of current portfolio equity. Top-N expansion from 10 to 20 and switch from fixed-dollar to percent-of-equity sizing are mechanically coupled and treated as a single improvement. Stop-loss / take-profit inherited from improved 4.,2017-04-30,NVDA,Information Technology,1.2201314079752443,53983.6457482235,0.3,0.0,0.3
improved_8_equal_weight_top20,Improved 8: improved 4 design with equal-weight 1/N sizing at top 20. Each position targets 5 pct of current portfolio equity. Top-N expansion from 10 to 20 and switch from fixed-dollar to percent-of-equity sizing are mechanically coupled and treated as a single improvement. Stop-loss / take-profit inherited from improved 4.,2017-04-30,LMT,Industrials,1.2128185582635214,53983.6457482235,0.0497375545462952,0.0,0.0497375545462952
improved_8_equal_weight_top20,Improved 8: improved 4 design with equal-weight 1/N sizing at top 20. Each position targets 5 pct of current portfolio equity. Top-N expansion from 10 to 20 and switch from fixed-dollar to percent-of-equity sizing are mechanically coupled and treated as a single improvement. Stop-loss / take-profit inherited from improved 4.,2017-04-30,AMAT,Information Technology,1.2000063051539427,53983.6457482235,0.1220634425413877,0.0,0.1220634425413877
improved_8_equal_weight_top20,Improved 8: improved 4 design with equal-weight 1/N sizing at top 20. Each position targets 5 pct of current portfolio equity. Top-N expansion from 10 to 20 and switch from fixed-dollar to percent-of-equity sizing are mechanically coupled and treated as a single improvement. Stop-loss / take-profit inherited from improved 4.,2017-04-30,LRCX,Information Technology,1.0809864780290783,53983.6457482235,0.0633180291888626,0.0,0.0633180291888626
improved_8_equal_weight_top20,Improved 8: improved 4 design with equal-weight 1/N sizing at top 20. Each position targets 5 pct of current portfolio equity. Top-N expansion from 10 to 20 and switch from fixed-dollar to percent-of-equity sizing are mechanically coupled and treated as a single improvement. Stop-loss / take-profit inherited from improved 4.,2017-04-30,OKE,Energy,1.0787643371414304,53983.6457482235,-0.05,0.0,-0.05
improved_8_equal_weight_top20,Improved 8: improved 4 design with equal-weight 1/N sizing at top 20. Each position targets 5 pct of current portfolio equity. Top-N expansion from 10 to 20 and switch from fixed-dollar to percent-of-equity sizing are mechanically coupled and treated as a single improvement. Stop-loss / take-profit inherited from improved 4.,2017-04-30,APO,Financials,1.0401243178585509,53983.6457482235,0.0311140375101071,0.0,0.0311140375101071
improved_8_equal_weight_top20,Improved 8: improved 4 design with equal-weight 1/N sizing at top 20. Each position targets 5 pct of current portfolio equity. Top-N expansion from 10 to 20 and switch from fixed-dollar to percent-of-equity sizing are mechanically coupled and treated as a single improvement. Stop-loss / take-profit inherited from improved 4.,2017-04-30,MU,Information Technology,1.0068058915188103,53983.6457482235,0.1048473967673273,0.0,0.1048473967673273
improved_8_equal_weight_top20,Improved 8: improved 4 design with equal-weight 1/N sizing at top 20. Each position targets 5 pct of current portfolio equity. Top-N expansion from 10 to 20 and switch from fixed-dollar to percent-of-equity sizing are mechanically coupled and treated as a single improvement. Stop-loss / take-profit inherited from improved 4.,2017-04-30,CLX,Consumer Staples,0.9901603811925107,53983.6457482235,0.0120796361201498,0.0,0.0120796361201498
improved_8_equal_weight_top20,Improved 8: improved 4 design with equal-weight 1/N sizing at top 20. Each position targets 5 pct of current portfolio equity. Top-N expansion from 10 to 20 and switch from fixed-dollar to percent-of-equity sizing are mechanically coupled and treated as a single improvement. Stop-loss / take-profit inherited from improved 4.,2017-04-30,CSX,Industrials,0.9584012930308136,53983.6457482235,0.0688181315963996,0.0,0.0688181315963996
improved_8_equal_weight_top20,Improved 8: improved 4 design with equal-weight 1/N sizing at top 20. Each position targets 5 pct of current portfolio equity. Top-N expansion from 10 to 20 and switch from fixed-dollar to percent-of-equity sizing are mechanically coupled and treated as a single improvement. Stop-loss / take-profit inherited from improved 4.,2017-04-30,KLAC,Information Technology,0.9070793701794431,53983.6457482235,0.0592659672431126,0.0,0.0592659672431126
improved_8_equal_weight_top20,Improved 8: improved 4 design with equal-weight 1/N sizing at top 20. Each position targets 5 pct of current portfolio equity. Top-N expansion from 10 to 20 and switch from fixed-dollar to percent-of-equity sizing are mechanically coupled and treated as a single improvement. Stop-loss / take-profit inherited from improved 4.,2017-04-30,BBY,Consumer Discretionary,0.849442975617937,53983.6457482235,0.1423350644337806,0.0,0.1423350644337806
improved_8_equal_weight_top20,Improved 8: improved 4 design with equal-weight 1/N sizing at top 20. Each position targets 5 pct of current portfolio equity. Top-N expansion from 10 to 20 and switch from fixed-dollar to percent-of-equity sizing are mechanically coupled and treated as a single improvement. Stop-loss / take-profit inherited from improved 4.,2017-04-30,URI,Industrials,0.8408483283368405,53983.6457482235,-0.05,0.0,-0.05
improved_8_equal_weight_top20,Improved 8: improved 4 design with equal-weight 1/N sizing at top 20. Each position targets 5 pct of current portfolio equity. Top-N expansion from 10 to 20 and switch from fixed-dollar to percent-of-equity sizing are mechanically coupled and treated as a single improvement. Stop-loss / take-profit inherited from improved 4.,2017-06-30,BA,Industrials,2.4597074936223833,57026.92670542811,0.2241126874333214,0.0,0.2241126874333214
improved_8_equal_weight_top20,Improved 8: improved 4 design with equal-weight 1/N sizing at top 20. Each position targets 5 pct of current portfolio equity. Top-N expansion from 10 to 20 and switch from fixed-dollar to percent-of-equity sizing are mechanically coupled and treated as a single improvement. Stop-loss / take-profit inherited from improved 4.,2017-06-30,WYNN,Consumer Discretionary,2.2596295459524036,57026.92670542811,-0.026054216867657,0.0,-0.026054216867657
improved_8_equal_weight_top20,Improved 8: improved 4 design with equal-weight 1/N sizing at top 20. Each position targets 5 pct of current portfolio equity. Top-N expansion from 10 to 20 and switch from fixed-dollar to percent-of-equity sizing are mechanically coupled and treated as a single improvement. Stop-loss / take-profit inherited from improved 4.,2017-06-30,LII,Industrials,2.172798547985963,57026.92670542811,-0.05,0.0,-0.05
improved_8_equal_weight_top20,Improved 8: improved 4 design with equal-weight 1/N sizing at top 20. Each position targets 5 pct of current portfolio equity. Top-N expansion from 10 to 20 and switch from fixed-dollar to percent-of-equity sizing are mechanically coupled and treated as a single improvement. Stop-loss / take-profit inherited from improved 4.,2017-06-30,SPGI,Financials,1.9698720409618349,57026.92670542811,0.0489687201207451,0.0,0.0489687201207451
improved_8_equal_weight_top20,Improved 8: improved 4 design with equal-weight 1/N sizing at top 20. Each position targets 5 pct of current portfolio equity. Top-N expansion from 10 to 20 and switch from fixed-dollar to percent-of-equity sizing are mechanically coupled and treated as a single improvement. Stop-loss / take-profit inherited from improved 4.,2017-06-30,KMB,Consumer Staples,1.8887623239550222,57026.92670542811,-0.05,0.0,-0.05
improved_8_equal_weight_top20,Improved 8: improved 4 design with equal-weight 1/N sizing at top 20. Each position targets 5 pct of current portfolio equity. Top-N expansion from 10 to 20 and switch from fixed-dollar to percent-of-equity sizing are mechanically coupled and treated as a single improvement. Stop-loss / take-profit inherited from improved 4.,2017-06-30,LMT,Industrials,1.1881605924481127,57026.92670542811,0.0531381809006181,0.0,0.0531381809006181
improved_8_equal_weight_top20,Improved 8: improved 4 design with equal-weight 1/N sizing at top 20. Each position targets 5 pct of current portfolio equity. Top-N expansion from 10 to 20 and switch from fixed-dollar to percent-of-equity sizing are mechanically coupled and treated as a single improvement. Stop-loss / take-profit inherited from improved 4.,2017-06-30,NVDA,Information Technology,1.1822418493878741,57026.92670542811,0.1203722854082207,0.0,0.1203722854082207
improved_8_equal_weight_top20,Improved 8: improved 4 design with equal-weight 1/N sizing at top 20. Each position targets 5 pct of current portfolio equity. Top-N expansion from 10 to 20 and switch from fixed-dollar to percent-of-equity sizing are mechanically coupled and treated as a single improvement. Stop-loss / take-profit inherited from improved 4.,2017-06-30,MU,Information Technology,1.1798271196091248,57026.92670542811,-0.05,0.0,-0.05
improved_8_equal_weight_top20,Improved 8: improved 4 design with equal-weight 1/N sizing at top 20. Each position targets 5 pct of current portfolio equity. Top-N expansion from 10 to 20 and switch from fixed-dollar to percent-of-equity sizing are mechanically coupled and treated as a single improvement. Stop-loss / take-profit inherited from improved 4.,2017-06-30,APO,Financials,1.135053217795062,57026.92670542811,0.0532233883039703,0.0,0.0532233883039703
improved_8_equal_weight_top20,Improved 8: improved 4 design with equal-weight 1/N sizing at top 20. Each position targets 5 pct of current portfolio equity. Top-N expansion from 10 to 20 and switch from fixed-dollar to percent-of-equity sizing are mechanically coupled and treated as a single improvement. Stop-loss / take-profit inherited from improved 4.,2017-06-30,IT,Information Technology,1.119925063810706,57026.92670542811,0.0328396651641982,0.0,0.0328396651641982
improved_8_equal_weight_top20,Improved 8: improved 4 design with equal-weight 1/N sizing at top 20. Each position targets 5 pct of current portfolio equity. Top-N expansion from 10 to 20 and switch from fixed-dollar to percent-of-equity sizing are mechanically coupled and treated as a single improvement. Stop-loss / take-profit inherited from improved 4.,2017-06-30,CSX,Industrials,1.0658199908570891,57026.92670542811,-0.05,0.0,-0.05
improved_8_equal_weight_top20,Improved 8: improved 4 design with equal-weight 1/N sizing at top 20. Each position targets 5 pct of current portfolio equity. Top-N expansion from 10 to 20 and switch from fixed-dollar to percent-of-equity sizing are mechanically coupled and treated as a single improvement. Stop-loss / take-profit inherited from improved 4.,2017-06-30,TPL,Energy,1.039006981159653,57026.92670542811,0.1357370095465921,0.0,0.1357370095465921
improved_8_equal_weight_top20,Improved 8: improved 4 design with equal-weight 1/N sizing at top 20. Each position targets 5 pct of current portfolio equity. Top-N expansion from 10 to 20 and switch from fixed-dollar to percent-of-equity sizing are mechanically coupled and treated as a single improvement. Stop-loss / take-profit inherited from improved 4.,2017-06-30,BBY,Consumer Discretionary,0.9818070677852229,57026.92670542811,-0.05,0.0,-0.05
improved_8_equal_weight_top20,Improved 8: improved 4 design with equal-weight 1/N sizing at top 20. Each position targets 5 pct of current portfolio equity. Top-N expansion from 10 to 20 and switch from fixed-dollar to percent-of-equity sizing are mechanically coupled and treated as a single improvement. Stop-loss / take-profit inherited from improved 4.,2017-06-30,UPS,Industrials,0.9389269674252316,57026.92670542811,-0.0055004508571232,0.0,-0.0055004508571232
improved_8_equal_weight_top20,Improved 8: improved 4 design with equal-weight 1/N sizing at top 20. Each position targets 5 pct of current portfolio equity. Top-N expansion from 10 to 20 and switch from fixed-dollar to percent-of-equity sizing are mechanically coupled and treated as a single improvement. Stop-loss / take-profit inherited from improved 4.,2017-06-30,MO,Consumer Staples,0.9256259841800036,57026.92670542811,-0.05,0.0,-0.05
improved_8_equal_weight_top20,Improved 8: improved 4 design with equal-weight 1/N sizing at top 20. Each position targets 5 pct of current portfolio equity. Top-N expansion from 10 to 20 and switch from fixed-dollar to percent-of-equity sizing are mechanically coupled and treated as a single improvement. Stop-loss / take-profit inherited from improved 4.,2017-06-30,UAL,Industrials,0.909516587192685,57026.92670542811,-0.05,0.0,-0.05
improved_8_equal_weight_top20,Improved 8: improved 4 design with equal-weight 1/N sizing at top 20. Each position targets 5 pct of current portfolio equity. Top-N expansion from 10 to 20 and switch from fixed-dollar to percent-of-equity sizing are mechanically coupled and treated as a single improvement. Stop-loss / take-profit inherited from improved 4.,2017-06-30,EBAY,Consumer Discretionary,0.8746317989605114,57026.92670542811,0.0165007112385102,0.0,0.0165007112385102
improved_8_equal_weight_top20,Improved 8: improved 4 design with equal-weight 1/N sizing at top 20. Each position targets 5 pct of current portfolio equity. Top-N expansion from 10 to 20 and switch from fixed-dollar to percent-of-equity sizing are mechanically coupled and treated as a single improvement. Stop-loss / take-profit inherited from improved 4.,2017-06-30,MTD,Health Care,0.8680484459626976,57026.92670542811,-0.0336082022225594,0.0,-0.0336082022225594
improved_8_equal_weight_top20,Improved 8: improved 4 design with equal-weight 1/N sizing at top 20. Each position targets 5 pct of current portfolio equity. Top-N expansion from 10 to 20 and switch from fixed-dollar to percent-of-equity sizing are mechanically coupled and treated as a single improvement. Stop-loss / take-profit inherited from improved 4.,2017-06-30,HD,Consumer Discretionary,0.8626256248900953,57026.92670542811,-0.05,0.0,-0.05
improved_8_equal_weight_top20,Improved 8: improved 4 design with equal-weight 1/N sizing at top 20. Each position targets 5 pct of current portfolio equity. Top-N expansion from 10 to 20 and switch from fixed-dollar to percent-of-equity sizing are mechanically coupled and treated as a single improvement. Stop-loss / take-profit inherited from improved 4.,2017-06-30,STX,Information Technology,0.853448202308106,57026.92670542811,-0.05,0.0,-0.05
improved_8_equal_weight_top20,Improved 8: improved 4 design with equal-weight 1/N sizing at top 20. Each position targets 5 pct of current portfolio equity. Top-N expansion from 10 to 20 and switch from fixed-dollar to percent-of-equity sizing are mechanically coupled and treated as a single improvement. Stop-loss / take-profit inherited from improved 4.,2017-10-31,WYNN,Consumer Discretionary,1.6553808129540286,57510.88508639624,0.0408275578040355,0.0,0.0408275578040355
improved_8_equal_weight_top20,Improved 8: improved 4 design with equal-weight 1/N sizing at top 20. Each position targets 5 pct of current portfolio equity. Top-N expansion from 10 to 20 and switch from fixed-dollar to percent-of-equity sizing are mechanically coupled and treated as a single improvement. Stop-loss / take-profit inherited from improved 4.,2017-10-31,MU,Information Technology,1.5672648343268047,57510.88508639624,-0.05,0.0,-0.05
improved_8_equal_weight_top20,Improved 8: improved 4 design with equal-weight 1/N sizing at top 20. Each position targets 5 pct of current portfolio equity. Top-N expansion from 10 to 20 and switch from fixed-dollar to percent-of-equity sizing are mechanically coupled and treated as a single improvement. Stop-loss / take-profit inherited from improved 4.,2017-10-31,SPGI,Financials,1.5274480858547175,57510.88508639624,0.0561032176641316,0.0,0.0561032176641316
improved_8_equal_weight_top20,Improved 8: improved 4 design with equal-weight 1/N sizing at top 20. Each position targets 5 pct of current portfolio equity. Top-N expansion from 10 to 20 and switch from fixed-dollar to percent-of-equity sizing are mechanically coupled and treated as a single improvement. Stop-loss / take-profit inherited from improved 4.,2017-10-31,LII,Industrials,1.5254315816121011,57510.88508639624,0.0903514244130756,0.0,0.0903514244130756
improved_8_equal_weight_top20,Improved 8: improved 4 design with equal-weight 1/N sizing at top 20. Each position targets 5 pct of current portfolio equity. Top-N expansion from 10 to 20 and switch from fixed-dollar to percent-of-equity sizing are mechanically coupled and treated as a single improvement. Stop-loss / take-profit inherited from improved 4.,2017-10-31,LMT,Industrials,1.5005470157558642,57510.88508639624,0.0390551690666436,0.0,0.0390551690666436
improved_8_equal_weight_top20,Improved 8: improved 4 design with equal-weight 1/N sizing at top 20. Each position targets 5 pct of current portfolio equity. Top-N expansion from 10 to 20 and switch from fixed-dollar to percent-of-equity sizing are mechanically coupled and treated as a single improvement. Stop-loss / take-profit inherited from improved 4.,2017-10-31,HD,Consumer Discretionary,1.4836586252872852,57510.88508639624,0.0859446242781032,0.0,0.0859446242781032
improved_8_equal_weight_top20,Improved 8: improved 4 design with equal-weight 1/N sizing at top 20. Each position targets 5 pct of current portfolio equity. Top-N expansion from 10 to 20 and switch from fixed-dollar to percent-of-equity sizing are mechanically coupled and treated as a single improvement. Stop-loss / take-profit inherited from improved 4.,2017-10-31,NVDA,Information Technology,1.3713593189828208,57510.88508639624,-0.05,0.0,-0.05
improved_8_equal_weight_top20,Improved 8: improved 4 design with equal-weight 1/N sizing at top 20. Each position targets 5 pct of current portfolio equity. Top-N expansion from 10 to 20 and switch from fixed-dollar to percent-of-equity sizing are mechanically coupled and treated as a single improvement. Stop-loss / take-profit inherited from improved 4.,2017-10-31,UPS,Industrials,1.3398037236899036,57510.88508639624,-0.05,0.0,-0.05
improved_8_equal_weight_top20,Improved 8: improved 4 design with equal-weight 1/N sizing at top 20. Each position targets 5 pct of current portfolio equity. Top-N expansion from 10 to 20 and switch from fixed-dollar to percent-of-equity sizing are mechanically coupled and treated as a single improvement. Stop-loss / take-profit inherited from improved 4.,2017-10-31,KMB,Consumer Staples,1.3074386067388528,57510.88508639624,0.0702412868630597,0.0,0.0702412868630597
improved_8_equal_weight_top20,Improved 8: improved 4 design with equal-weight 1/N sizing at top 20. Each position targets 5 pct of current portfolio equity. Top-N expansion from 10 to 20 and switch from fixed-dollar to percent-of-equity sizing are mechanically coupled and treated as a single improvement. Stop-loss / take-profit inherited from improved 4.,2017-10-31,ABBV,Health Care,1.2922997852844078,57510.88508639624,0.067636043180411,0.0,0.067636043180411
improved_8_equal_weight_top20,Improved 8: improved 4 design with equal-weight 1/N sizing at top 20. Each position targets 5 pct of current portfolio equity. Top-N expansion from 10 to 20 and switch from fixed-dollar to percent-of-equity sizing are mechanically coupled and treated as a single improvement. Stop-loss / take-profit inherited from improved 4.,2017-10-31,LRCX,Information Technology,1.206520647757685,57510.88508639624,-0.05,0.0,-0.05
improved_8_equal_weight_top20,Improved 8: improved 4 design with equal-weight 1/N sizing at top 20. Each position targets 5 pct of current portfolio equity. Top-N expansion from 10 to 20 and switch from fixed-dollar to percent-of-equity sizing are mechanically coupled and treated as a single improvement. Stop-loss / take-profit inherited from improved 4.,2017-10-31,NVR,Consumer Discretionary,1.2034581912431483,57510.88508639624,0.0530303030303029,0.0,0.0530303030303029
improved_8_equal_weight_top20,Improved 8: improved 4 design with equal-weight 1/N sizing at top 20. Each position targets 5 pct of current portfolio equity. Top-N expansion from 10 to 20 and switch from fixed-dollar to percent-of-equity sizing are mechanically coupled and treated as a single improvement. Stop-loss / take-profit inherited from improved 4.,2017-10-31,CLX,Consumer Staples,1.1787500583348305,57510.88508639624,0.081024447032171,0.0,0.081024447032171
improved_8_equal_weight_top20,Improved 8: improved 4 design with equal-weight 1/N sizing at top 20. Each position targets 5 pct of current portfolio equity. Top-N expansion from 10 to 20 and switch from fixed-dollar to percent-of-equity sizing are mechanically coupled and treated as a single improvement. Stop-loss / take-profit inherited from improved 4.,2017-10-31,ALGN,Health Care,1.1299452423723841,57510.88508639624,0.0735802469135802,0.0,0.0735802469135802
improved_8_equal_weight_top20,Improved 8: improved 4 design with equal-weight 1/N sizing at top 20. Each position targets 5 pct of current portfolio equity. Top-N expansion from 10 to 20 and switch from fixed-dollar to percent-of-equity sizing are mechanically coupled and treated as a single improvement. Stop-loss / take-profit inherited from improved 4.,2017-10-31,APO,Financials,1.0916467899597346,57510.88508639624,-0.05,0.0,-0.05
improved_8_equal_weight_top20,Improved 8: improved 4 design with equal-weight 1/N sizing at top 20. Each position targets 5 pct of current portfolio equity. Top-N expansion from 10 to 20 and switch from fixed-dollar to percent-of-equity sizing are mechanically coupled and treated as a single improvement. Stop-loss / take-profit inherited from improved 4.,2017-10-31,AMAT,Information Technology,1.0660928718856373,57510.88508639624,-0.05,0.0,-0.05
improved_8_equal_weight_top20,Improved 8: improved 4 design with equal-weight 1/N sizing at top 20. Each position targets 5 pct of current portfolio equity. Top-N expansion from 10 to 20 and switch from fixed-dollar to percent-of-equity sizing are mechanically coupled and treated as a single improvement. Stop-loss / take-profit inherited from improved 4.,2017-10-31,TPL,Energy,1.045182408313133,57510.88508639624,-0.0022755633872497,0.0,-0.0022755633872497
improved_8_equal_weight_top20,Improved 8: improved 4 design with equal-weight 1/N sizing at top 20. Each position targets 5 pct of current portfolio equity. Top-N expansion from 10 to 20 and switch from fixed-dollar to percent-of-equity sizing are mechanically coupled and treated as a single improvement. Stop-loss / take-profit inherited from improved 4.,2017-10-31,BLDR,Industrials,1.0367233238276998,57510.88508639624,-0.05,0.0,-0.05
improved_8_equal_weight_top20,Improved 8: improved 4 design with equal-weight 1/N sizing at top 20. Each position targets 5 pct of current portfolio equity. Top-N expansion from 10 to 20 and switch from fixed-dollar to percent-of-equity sizing are mechanically coupled and treated as a single improvement. Stop-loss / take-profit inherited from improved 4.,2017-10-31,MTD,Health Care,1.0337002408692524,57510.88508639624,-0.05,0.0,-0.05
improved_8_equal_weight_top20,Improved 8: improved 4 design with equal-weight 1/N sizing at top 20. Each position targets 5 pct of current portfolio equity. Top-N expansion from 10 to 20 and switch from fixed-dollar to percent-of-equity sizing are mechanically coupled and treated as a single improvement. Stop-loss / take-profit inherited from improved 4.,2017-10-31,TTWO,Communication Services,0.9431757835929863,57510.88508639624,-0.05,0.0,-0.05
improved_8_equal_weight_top20,Improved 8: improved 4 design with equal-weight 1/N sizing at top 20. Each position targets 5 pct of current portfolio equity. Top-N expansion from 10 to 20 and switch from fixed-dollar to percent-of-equity sizing are mechanically coupled and treated as a single improvement. Stop-loss / take-profit inherited from improved 4.,2017-11-30,HD,Consumer Discretionary,1.754701445269037,58101.86336683499,0.0510758651286498,0.0,0.0510758651286498
improved_8_equal_weight_top20,Improved 8: improved 4 design with equal-weight 1/N sizing at top 20. Each position targets 5 pct of current portfolio equity. Top-N expansion from 10 to 20 and switch from fixed-dollar to percent-of-equity sizing are mechanically coupled and treated as a single improvement. Stop-loss / take-profit inherited from improved 4.,2017-11-30,LII,Industrials,1.7323146041758308,58101.86336683499,-0.0033695054682968,0.0,-0.0033695054682968
improved_8_equal_weight_top20,Improved 8: improved 4 design with equal-weight 1/N sizing at top 20. Each position targets 5 pct of current portfolio equity. Top-N expansion from 10 to 20 and switch from fixed-dollar to percent-of-equity sizing are mechanically coupled and treated as a single improvement. Stop-loss / take-profit inherited from improved 4.,2017-11-30,SPGI,Financials,1.7080673223374239,58101.86336683499,0.0250514341038623,0.0,0.0250514341038623
improved_8_equal_weight_top20,Improved 8: improved 4 design with equal-weight 1/N sizing at top 20. Each position targets 5 pct of current portfolio equity. Top-N expansion from 10 to 20 and switch from fixed-dollar to percent-of-equity sizing are mechanically coupled and treated as a single improvement. Stop-loss / take-profit inherited from improved 4.,2017-11-30,LMT,Industrials,1.5663045149690542,58101.86336683499,0.0062370713971642,0.0,0.0062370713971642
improved_8_equal_weight_top20,Improved 8: improved 4 design with equal-weight 1/N sizing at top 20. Each position targets 5 pct of current portfolio equity. Top-N expansion from 10 to 20 and switch from fixed-dollar to percent-of-equity sizing are mechanically coupled and treated as a single improvement. Stop-loss / take-profit inherited from improved 4.,2017-11-30,KMB,Consumer Staples,1.4427717286092903,58101.86336683499,0.0170341938060818,0.0,0.0170341938060818
improved_8_equal_weight_top20,Improved 8: improved 4 design with equal-weight 1/N sizing at top 20. Each position targets 5 pct of current portfolio equity. Top-N expansion from 10 to 20 and switch from fixed-dollar to percent-of-equity sizing are mechanically coupled and treated as a single improvement. Stop-loss / take-profit inherited from improved 4.,2017-11-30,UPS,Industrials,1.3947847063262997,58101.86336683499,-0.0224792846001611,0.0,-0.0224792846001611
improved_8_equal_weight_top20,Improved 8: improved 4 design with equal-weight 1/N sizing at top 20. Each position targets 5 pct of current portfolio equity. Top-N expansion from 10 to 20 and switch from fixed-dollar to percent-of-equity sizing are mechanically coupled and treated as a single improvement. Stop-loss / take-profit inherited from improved 4.,2017-11-30,MU,Information Technology,1.3928613419664242,58101.86336683499,-0.05,0.0,-0.05
improved_8_equal_weight_top20,Improved 8: improved 4 design with equal-weight 1/N sizing at top 20. Each position targets 5 pct of current portfolio equity. Top-N expansion from 10 to 20 and switch from fixed-dollar to percent-of-equity sizing are mechanically coupled and treated as a single improvement. Stop-loss / take-profit inherited from improved 4.,2017-11-30,WYNN,Consumer Discretionary,1.3442154615300717,58101.86336683499,0.0579855663635524,0.0,0.0579855663635524
improved_8_equal_weight_top20,Improved 8: improved 4 design with equal-weight 1/N sizing at top 20. Each position targets 5 pct of current portfolio equity. Top-N expansion from 10 to 20 and switch from fixed-dollar to percent-of-equity sizing are mechanically coupled and treated as a single improvement. Stop-loss / take-profit inherited from improved 4.,2017-11-30,ABBV,Health Care,1.3405500677460815,58101.86336683499,-0.0049387797095132,0.0,-0.0049387797095132
improved_8_equal_weight_top20,Improved 8: improved 4 design with equal-weight 1/N sizing at top 20. Each position targets 5 pct of current portfolio equity. Top-N expansion from 10 to 20 and switch from fixed-dollar to percent-of-equity sizing are mechanically coupled and treated as a single improvement. Stop-loss / take-profit inherited from improved 4.,2017-11-30,NVR,Consumer Discretionary,1.3354135136785108,58101.86336683499,-0.05,0.0,-0.05
improved_8_equal_weight_top20,Improved 8: improved 4 design with equal-weight 1/N sizing at top 20. Each position targets 5 pct of current portfolio equity. Top-N expansion from 10 to 20 and switch from fixed-dollar to percent-of-equity sizing are mechanically coupled and treated as a single improvement. Stop-loss / take-profit inherited from improved 4.,2017-11-30,NVDA,Information Technology,1.2300915457695143,58101.86336683499,-0.05,0.0,-0.05
improved_8_equal_weight_top20,Improved 8: improved 4 design with equal-weight 1/N sizing at top 20. Each position targets 5 pct of current portfolio equity. Top-N expansion from 10 to 20 and switch from fixed-dollar to percent-of-equity sizing are mechanically coupled and treated as a single improvement. Stop-loss / take-profit inherited from improved 4.,2017-11-30,CLX,Consumer Staples,1.1735235541627858,58101.86336683499,0.0677674084709714,0.0,0.0677674084709714
improved_8_equal_weight_top20,Improved 8: improved 4 design with equal-weight 1/N sizing at top 20. Each position targets 5 pct of current portfolio equity. Top-N expansion from 10 to 20 and switch from fixed-dollar to percent-of-equity sizing are mechanically coupled and treated as a single improvement. Stop-loss / take-profit inherited from improved 4.,2017-11-30,ALLE,Industrials,1.1657732684771704,58101.86336683499,-0.05,0.0,-0.05
improved_8_equal_weight_top20,Improved 8: improved 4 design with equal-weight 1/N sizing at top 20. Each position targets 5 pct of current portfolio equity. Top-N expansion from 10 to 20 and switch from fixed-dollar to percent-of-equity sizing are mechanically coupled and treated as a single improvement. Stop-loss / take-profit inherited from improved 4.,2017-11-30,MSCI,Financials,1.1167787165425624,58101.86336683499,-0.0164010882238084,0.0,-0.0164010882238084
improved_8_equal_weight_top20,Improved 8: improved 4 design with equal-weight 1/N sizing at top 20. Each position targets 5 pct of current portfolio equity. Top-N expansion from 10 to 20 and switch from fixed-dollar to percent-of-equity sizing are mechanically coupled and treated as a single improvement. Stop-loss / take-profit inherited from improved 4.,2017-11-30,TPL,Energy,1.0860715877684926,58101.86336683499,0.1039076596069132,0.0,0.1039076596069132
improved_8_equal_weight_top20,Improved 8: improved 4 design with equal-weight 1/N sizing at top 20. Each position targets 5 pct of current portfolio equity. Top-N expansion from 10 to 20 and switch from fixed-dollar to percent-of-equity sizing are mechanically coupled and treated as a single improvement. Stop-loss / take-profit inherited from improved 4.,2017-11-30,APO,Financials,1.0789287323586314,58101.86336683499,0.0655842088489708,0.0,0.0655842088489708
improved_8_equal_weight_top20,Improved 8: improved 4 design with equal-weight 1/N sizing at top 20. Each position targets 5 pct of current portfolio equity. Top-N expansion from 10 to 20 and switch from fixed-dollar to percent-of-equity sizing are mechanically coupled and treated as a single improvement. Stop-loss / take-profit inherited from improved 4.,2017-11-30,LRCX,Information Technology,0.997346319125983,58101.86336683499,-0.05,0.0,-0.05
improved_8_equal_weight_top20,Improved 8: improved 4 design with equal-weight 1/N sizing at top 20. Each position targets 5 pct of current portfolio equity. Top-N expansion from 10 to 20 and switch from fixed-dollar to percent-of-equity sizing are mechanically coupled and treated as a single improvement. Stop-loss / take-profit inherited from improved 4.,2017-11-30,MTD,Health Care,0.980137219775331,58101.86336683499,-0.018053288107654,0.0,-0.018053288107654
improved_8_equal_weight_top20,Improved 8: improved 4 design with equal-weight 1/N sizing at top 20. Each position targets 5 pct of current portfolio equity. Top-N expansion from 10 to 20 and switch from fixed-dollar to percent-of-equity sizing are mechanically coupled and treated as a single improvement. Stop-loss / take-profit inherited from improved 4.,2017-11-30,ALGN,Health Care,0.9615153298578634,58101.86336683499,-0.05,0.0,-0.05
improved_8_equal_weight_top20,Improved 8: improved 4 design with equal-weight 1/N sizing at top 20. Each position targets 5 pct of current portfolio equity. Top-N expansion from 10 to 20 and switch from fixed-dollar to percent-of-equity sizing are mechanically coupled and treated as a single improvement. Stop-loss / take-profit inherited from improved 4.,2017-11-30,MO,Consumer Staples,0.9318372749541803,58101.86336683499,0.0603175664844222,0.0,0.0603175664844222
improved_8_equal_weight_top20,Improved 8: improved 4 design with equal-weight 1/N sizing at top 20. Each position targets 5 pct of current portfolio equity. Top-N expansion from 10 to 20 and switch from fixed-dollar to percent-of-equity sizing are mechanically coupled and treated as a single improvement. Stop-loss / take-profit inherited from improved 4.,2017-12-31,WYNN,Consumer Discretionary,1.3576145137735995,58362.50550244191,0.0029071528075244,0.0,0.0029071528075244
improved_8_equal_weight_top20,Improved 8: improved 4 design with equal-weight 1/N sizing at top 20. Each position targets 5 pct of current portfolio equity. Top-N expansion from 10 to 20 and switch from fixed-dollar to percent-of-equity sizing are mechanically coupled and treated as a single improvement. Stop-loss / take-profit inherited from improved 4.,2017-12-31,SPGI,Financials,1.3363459134052942,58362.50550244191,0.0669258866504336,0.0,0.0669258866504336
improved_8_equal_weight_top20,Improved 8: improved 4 design with equal-weight 1/N sizing at top 20. Each position targets 5 pct of current portfolio equity. Top-N expansion from 10 to 20 and switch from fixed-dollar to percent-of-equity sizing are mechanically coupled and treated as a single improvement. Stop-loss / take-profit inherited from improved 4.,2017-12-31,HD,Consumer Discretionary,1.239153047958461,58362.50550244191,0.0562010409547988,0.0,0.0562010409547988
improved_8_equal_weight_top20,Improved 8: improved 4 design with equal-weight 1/N sizing at top 20. Each position targets 5 pct of current portfolio equity. Top-N expansion from 10 to 20 and switch from fixed-dollar to percent-of-equity sizing are mechanically coupled and treated as a single improvement. Stop-loss / take-profit inherited from improved 4.,2017-12-31,LII,Industrials,1.153974765957754,58362.50550244191,0.0400935516201947,0.0,0.0400935516201947
improved_8_equal_weight_top20,Improved 8: improved 4 design with equal-weight 1/N sizing at top 20. Each position targets 5 pct of current portfolio equity. Top-N expansion from 10 to 20 and switch from fixed-dollar to percent-of-equity sizing are mechanically coupled and treated as a single improvement. Stop-loss / take-profit inherited from improved 4.,2017-12-31,LMT,Industrials,1.0081676678847555,58362.50550244191,0.1020186335404103,0.0,0.1020186335404103
improved_8_equal_weight_top20,Improved 8: improved 4 design with equal-weight 1/N sizing at top 20. Each position targets 5 pct of current portfolio equity. Top-N expansion from 10 to 20 and switch from fixed-dollar to percent-of-equity sizing are mechanically coupled and treated as a single improvement. Stop-loss / take-profit inherited from improved 4.,2017-12-31,KMB,Consumer Staples,0.9192779807483928,58362.50550244191,-0.05,0.0,-0.05
improved_8_equal_weight_top20,Improved 8: improved 4 design with equal-weight 1/N sizing at top 20. Each position targets 5 pct of current portfolio equity. Top-N expansion from 10 to 20 and switch from fixed-dollar to percent-of-equity sizing are mechanically coupled and treated as a single improvement. Stop-loss / take-profit inherited from improved 4.,2017-12-31,UPS,Industrials,0.8889933885618417,58362.50550244191,0.0606464511829445,0.0,0.0606464511829445
improved_8_equal_weight_top20,Improved 8: improved 4 design with equal-weight 1/N sizing at top 20. Each position targets 5 pct of current portfolio equity. Top-N expansion from 10 to 20 and switch from fixed-dollar to percent-of-equity sizing are mechanically coupled and treated as a single improvement. Stop-loss / take-profit inherited from improved 4.,2017-12-31,NVR,Consumer Discretionary,0.7809615173286335,58362.50550244191,-0.05,0.0,-0.05
improved_8_equal_weight_top20,Improved 8: improved 4 design with equal-weight 1/N sizing at top 20. Each position targets 5 pct of current portfolio equity. Top-N expansion from 10 to 20 and switch from fixed-dollar to percent-of-equity sizing are mechanically coupled and treated as a single improvement. Stop-loss / take-profit inherited from improved 4.,2017-12-31,ABBV,Health Care,0.7557960415274563,58362.50550244191,0.3,0.0,0.3
improved_8_equal_weight_top20,Improved 8: improved 4 design with equal-weight 1/N sizing at top 20. Each position targets 5 pct of current portfolio equity. Top-N expansion from 10 to 20 and switch from fixed-dollar to percent-of-equity sizing are mechanically coupled and treated as a single improvement. Stop-loss / take-profit inherited from improved 4.,2017-12-31,TPL,Energy,0.7178584016368446,58362.50550244191,0.2041209838350868,0.0,0.2041209838350868
improved_8_equal_weight_top20,Improved 8: improved 4 design with equal-weight 1/N sizing at top 20. Each position targets 5 pct of current portfolio equity. Top-N expansion from 10 to 20 and switch from fixed-dollar to percent-of-equity sizing are mechanically coupled and treated as a single improvement. Stop-loss / take-profit inherited from improved 4.,2017-12-31,CLX,Consumer Staples,0.68945177552379,58362.50550244191,-0.05,0.0,-0.05
improved_8_equal_weight_top20,Improved 8: improved 4 design with equal-weight 1/N sizing at top 20. Each position targets 5 pct of current portfolio equity. Top-N expansion from 10 to 20 and switch from fixed-dollar to percent-of-equity sizing are mechanically coupled and treated as a single improvement. Stop-loss / take-profit inherited from improved 4.,2017-12-31,APO,Financials,0.6860442276921594,58362.50550244191,0.0624071322466999,0.0,0.0624071322466999
improved_8_equal_weight_top20,Improved 8: improved 4 design with equal-weight 1/N sizing at top 20. Each position targets 5 pct of current portfolio equity. Top-N expansion from 10 to 20 and switch from fixed-dollar to percent-of-equity sizing are mechanically coupled and treated as a single improvement. Stop-loss / take-profit inherited from improved 4.,2017-12-31,MU,Information Technology,0.6688298769597829,58362.50550244191,0.0524795377938303,0.0,0.0524795377938303
improved_8_equal_weight_top20,Improved 8: improved 4 design with equal-weight 1/N sizing at top 20. Each position targets 5 pct of current portfolio equity. Top-N expansion from 10 to 20 and switch from fixed-dollar to percent-of-equity sizing are mechanically coupled and treated as a single improvement. Stop-loss / take-profit inherited from improved 4.,2017-12-31,ALLE,Industrials,0.6084326843375626,58362.50550244191,0.0754339952542924,0.0,0.0754339952542924
improved_8_equal_weight_top20,Improved 8: improved 4 design with equal-weight 1/N sizing at top 20. Each position targets 5 pct of current portfolio equity. Top-N expansion from 10 to 20 and switch from fixed-dollar to percent-of-equity sizing are mechanically coupled and treated as a single improvement. Stop-loss / take-profit inherited from improved 4.,2017-12-31,MSCI,Financials,0.6057676488318573,58362.50550244191,0.0919143596587186,0.0,0.0919143596587186
improved_8_equal_weight_top20,Improved 8: improved 4 design with equal-weight 1/N sizing at top 20. Each position targets 5 pct of current portfolio equity. Top-N expansion from 10 to 20 and switch from fixed-dollar to percent-of-equity sizing are mechanically coupled and treated as a single improvement. Stop-loss / take-profit inherited from improved 4.,2017-12-31,ALGN,Health Care,0.49202506017769143,58362.50550244191,0.1769462288306904,0.0,0.1769462288306904
improved_8_equal_weight_top20,Improved 8: improved 4 design with equal-weight 1/N sizing at top 20. Each position targets 5 pct of current portfolio equity. Top-N expansion from 10 to 20 and switch from fixed-dollar to percent-of-equity sizing are mechanically coupled and treated as a single improvement. Stop-loss / take-profit inherited from improved 4.,2017-12-31,TTWO,Communication Services,0.47094007878796795,58362.50550244191,0.1512314823230027,0.0,0.1512314823230027
improved_8_equal_weight_top20,Improved 8: improved 4 design with equal-weight 1/N sizing at top 20. Each position targets 5 pct of current portfolio equity. Top-N expansion from 10 to 20 and switch from fixed-dollar to percent-of-equity sizing are mechanically coupled and treated as a single improvement. Stop-loss / take-profit inherited from improved 4.,2017-12-31,DHI,Consumer Discretionary,0.4492848713734212,58362.50550244191,-0.05,0.0,-0.05
improved_8_equal_weight_top20,Improved 8: improved 4 design with equal-weight 1/N sizing at top 20. Each position targets 5 pct of current portfolio equity. Top-N expansion from 10 to 20 and switch from fixed-dollar to percent-of-equity sizing are mechanically coupled and treated as a single improvement. Stop-loss / take-profit inherited from improved 4.,2017-12-31,NVDA,Information Technology,0.4265207506485804,58362.50550244191,0.2554908570702905,0.0,0.2554908570702905
improved_8_equal_weight_top20,Improved 8: improved 4 design with equal-weight 1/N sizing at top 20. Each position targets 5 pct of current portfolio equity. Top-N expansion from 10 to 20 and switch from fixed-dollar to percent-of-equity sizing are mechanically coupled and treated as a single improvement. Stop-loss / take-profit inherited from improved 4.,2017-12-31,LRCX,Information Technology,0.42169133010790705,58362.50550244191,0.0344045368642711,0.0,0.0344045368642711
improved_8_equal_weight_top20,Improved 8: improved 4 design with equal-weight 1/N sizing at top 20. Each position targets 5 pct of current portfolio equity. Top-N expansion from 10 to 20 and switch from fixed-dollar to percent-of-equity sizing are mechanically coupled and treated as a single improvement. Stop-loss / take-profit inherited from improved 4.,2018-02-28,WYNN,Consumer Discretionary,1.8831897411124086,62836.638878781596,-0.05,0.0,-0.05
improved_8_equal_weight_top20,Improved 8: improved 4 design with equal-weight 1/N sizing at top 20. Each position targets 5 pct of current portfolio equity. Top-N expansion from 10 to 20 and switch from fixed-dollar to percent-of-equity sizing are mechanically coupled and treated as a single improvement. Stop-loss / take-profit inherited from improved 4.,2018-02-28,SPGI,Financials,1.605656904652547,62836.638878781596,-0.0004185413833242,0.0,-0.0004185413833242
improved_8_equal_weight_top20,Improved 8: improved 4 design with equal-weight 1/N sizing at top 20. Each position targets 5 pct of current portfolio equity. Top-N expansion from 10 to 20 and switch from fixed-dollar to percent-of-equity sizing are mechanically coupled and treated as a single improvement. Stop-loss / take-profit inherited from improved 4.,2018-02-28,TPL,Energy,1.567737079210549,62836.638878781596,-0.05,0.0,-0.05
improved_8_equal_weight_top20,Improved 8: improved 4 design with equal-weight 1/N sizing at top 20. Each position targets 5 pct of current portfolio equity. Top-N expansion from 10 to 20 and switch from fixed-dollar to percent-of-equity sizing are mechanically coupled and treated as a single improvement. Stop-loss / take-profit inherited from improved 4.,2018-02-28,ABBV,Health Care,1.4921698226731293,62836.638878781596,-0.05,0.0,-0.05
improved_8_equal_weight_top20,Improved 8: improved 4 design with equal-weight 1/N sizing at top 20. Each position targets 5 pct of current portfolio equity. Top-N expansion from 10 to 20 and switch from fixed-dollar to percent-of-equity sizing are mechanically coupled and treated as a single improvement. Stop-loss / take-profit inherited from improved 4.,2018-02-28,HD,Consumer Discretionary,1.4381492069497501,62836.638878781596,-0.05,0.0,-0.05
improved_8_equal_weight_top20,Improved 8: improved 4 design with equal-weight 1/N sizing at top 20. Each position targets 5 pct of current portfolio equity. Top-N expansion from 10 to 20 and switch from fixed-dollar to percent-of-equity sizing are mechanically coupled and treated as a single improvement. Stop-loss / take-profit inherited from improved 4.,2018-02-28,MU,Information Technology,1.4023768576906983,62836.638878781596,-0.05,0.0,-0.05
improved_8_equal_weight_top20,Improved 8: improved 4 design with equal-weight 1/N sizing at top 20. Each position targets 5 pct of current portfolio equity. Top-N expansion from 10 to 20 and switch from fixed-dollar to percent-of-equity sizing are mechanically coupled and treated as a single improvement. Stop-loss / take-profit inherited from improved 4.,2018-02-28,LII,Industrials,1.3943544602527291,62836.638878781596,-0.05,0.0,-0.05
improved_8_equal_weight_top20,Improved 8: improved 4 design with equal-weight 1/N sizing at top 20. Each position targets 5 pct of current portfolio equity. Top-N expansion from 10 to 20 and switch from fixed-dollar to percent-of-equity sizing are mechanically coupled and treated as a single improvement. Stop-loss / take-profit inherited from improved 4.,2018-02-28,NVDA,Information Technology,1.2545615080504133,62836.638878781596,-0.05,0.0,-0.05
improved_8_equal_weight_top20,Improved 8: improved 4 design with equal-weight 1/N sizing at top 20. Each position targets 5 pct of current portfolio equity. Top-N expansion from 10 to 20 and switch from fixed-dollar to percent-of-equity sizing are mechanically coupled and treated as a single improvement. Stop-loss / take-profit inherited from improved 4.,2018-02-28,UPS,Industrials,1.2076785690184908,62836.638878781596,-0.0028582317067321,0.0,-0.0028582317067321
improved_8_equal_weight_top20,Improved 8: improved 4 design with equal-weight 1/N sizing at top 20. Each position targets 5 pct of current portfolio equity. Top-N expansion from 10 to 20 and switch from fixed-dollar to percent-of-equity sizing are mechanically coupled and treated as a single improvement. Stop-loss / take-profit inherited from improved 4.,2018-02-28,KMB,Consumer Staples,1.0633622036753037,62836.638878781596,0.0010167999325159,0.0,0.0010167999325159
improved_8_equal_weight_top20,Improved 8: improved 4 design with equal-weight 1/N sizing at top 20. Each position targets 5 pct of current portfolio equity. Top-N expansion from 10 to 20 and switch from fixed-dollar to percent-of-equity sizing are mechanically coupled and treated as a single improvement. Stop-loss / take-profit inherited from improved 4.,2018-02-28,MSCI,Financials,1.0356884536103728,62836.638878781596,0.0534216646702221,0.0,0.0534216646702221
improved_8_equal_weight_top20,Improved 8: improved 4 design with equal-weight 1/N sizing at top 20. Each position targets 5 pct of current portfolio equity. Top-N expansion from 10 to 20 and switch from fixed-dollar to percent-of-equity sizing are mechanically coupled and treated as a single improvement. Stop-loss / take-profit inherited from improved 4.,2018-02-28,LMT,Industrials,1.035010226468696,62836.638878781596,-0.05,0.0,-0.05
improved_8_equal_weight_top20,Improved 8: improved 4 design with equal-weight 1/N sizing at top 20. Each position targets 5 pct of current portfolio equity. Top-N expansion from 10 to 20 and switch from fixed-dollar to percent-of-equity sizing are mechanically coupled and treated as a single improvement. Stop-loss / take-profit inherited from improved 4.,2018-02-28,MA,Financials,0.9418598659770911,62836.638878781596,-0.0067479444282196,0.0,-0.0067479444282196
improved_8_equal_weight_top20,Improved 8: improved 4 design with equal-weight 1/N sizing at top 20. Each position targets 5 pct of current portfolio equity. Top-N expansion from 10 to 20 and switch from fixed-dollar to percent-of-equity sizing are mechanically coupled and treated as a single improvement. Stop-loss / take-profit inherited from improved 4.,2018-02-28,HLT,Consumer Discretionary,0.9353281704891026,62836.638878781596,-0.0217364302565532,0.0,-0.0217364302565532
improved_8_equal_weight_top20,Improved 8: improved 4 design with equal-weight 1/N sizing at top 20. Each position targets 5 pct of current portfolio equity. Top-N expansion from 10 to 20 and switch from fixed-dollar to percent-of-equity sizing are mechanically coupled and treated as a single improvement. Stop-loss / take-profit inherited from improved 4.,2018-02-28,CLX,Consumer Staples,0.9244567709693822,62836.638878781596,0.0312209482489509,0.0,0.0312209482489509
improved_8_equal_weight_top20,Improved 8: improved 4 design with equal-weight 1/N sizing at top 20. Each position targets 5 pct of current portfolio equity. Top-N expansion from 10 to 20 and switch from fixed-dollar to percent-of-equity sizing are mechanically coupled and treated as a single improvement. Stop-loss / take-profit inherited from improved 4.,2018-02-28,APO,Financials,0.9196988260369932,62836.638878781596,-0.05,0.0,-0.05
improved_8_equal_weight_top20,Improved 8: improved 4 design with equal-weight 1/N sizing at top 20. Each position targets 5 pct of current portfolio equity. Top-N expansion from 10 to 20 and switch from fixed-dollar to percent-of-equity sizing are mechanically coupled and treated as a single improvement. Stop-loss / take-profit inherited from improved 4.,2018-02-28,ALGN,Health Care,0.8928537501802165,62836.638878781596,-0.05,0.0,-0.05
improved_8_equal_weight_top20,Improved 8: improved 4 design with equal-weight 1/N sizing at top 20. Each position targets 5 pct of current portfolio equity. Top-N expansion from 10 to 20 and switch from fixed-dollar to percent-of-equity sizing are mechanically coupled and treated as a single improvement. Stop-loss / take-profit inherited from improved 4.,2018-02-28,BBY,Consumer Discretionary,0.8768087730289379,62836.638878781596,-0.05,0.0,-0.05
improved_8_equal_weight_top20,Improved 8: improved 4 design with equal-weight 1/N sizing at top 20. Each position targets 5 pct of current portfolio equity. Top-N expansion from 10 to 20 and switch from fixed-dollar to percent-of-equity sizing are mechanically coupled and treated as a single improvement. Stop-loss / take-profit inherited from improved 4.,2018-02-28,ON,Information Technology,0.8679419384168716,62836.638878781596,0.0178942987931751,0.0,0.0178942987931751
improved_8_equal_weight_top20,Improved 8: improved 4 design with equal-weight 1/N sizing at top 20. Each position targets 5 pct of current portfolio equity. Top-N expansion from 10 to 20 and switch from fixed-dollar to percent-of-equity sizing are mechanically coupled and treated as a single improvement. Stop-loss / take-profit inherited from improved 4.,2018-02-28,TTWO,Communication Services,0.8430991775935492,62836.638878781596,-0.05,0.0,-0.05
improved_8_equal_weight_top20,Improved 8: improved 4 design with equal-weight 1/N sizing at top 20. Each position targets 5 pct of current portfolio equity. Top-N expansion from 10 to 20 and switch from fixed-dollar to percent-of-equity sizing are mechanically coupled and treated as a single improvement. Stop-loss / take-profit inherited from improved 4.,2018-03-31,TPL,Energy,0.9464435514087226,61177.09988292231,0.072387325329682,0.0,0.072387325329682
improved_8_equal_weight_top20,Improved 8: improved 4 design with equal-weight 1/N sizing at top 20. Each position targets 5 pct of current portfolio equity. Top-N expansion from 10 to 20 and switch from fixed-dollar to percent-of-equity sizing are mechanically coupled and treated as a single improvement. Stop-loss / take-profit inherited from improved 4.,2018-03-31,WYNN,Consumer Discretionary,0.8830272319302452,61177.09988292231,0.0076306959630376,0.0,0.0076306959630376
improved_8_equal_weight_top20,Improved 8: improved 4 design with equal-weight 1/N sizing at top 20. Each position targets 5 pct of current portfolio equity. Top-N expansion from 10 to 20 and switch from fixed-dollar to percent-of-equity sizing are mechanically coupled and treated as a single improvement. Stop-loss / take-profit inherited from improved 4.,2018-03-31,SPGI,Financials,0.8249779906090915,61177.09988292231,-0.0084121976869836,0.0,-0.0084121976869836
improved_8_equal_weight_top20,Improved 8: improved 4 design with equal-weight 1/N sizing at top 20. Each position targets 5 pct of current portfolio equity. Top-N expansion from 10 to 20 and switch from fixed-dollar to percent-of-equity sizing are mechanically coupled and treated as a single improvement. Stop-loss / take-profit inherited from improved 4.,2018-03-31,MU,Information Technology,0.6985036278103302,61177.09988292231,-0.05,0.0,-0.05
improved_8_equal_weight_top20,Improved 8: improved 4 design with equal-weight 1/N sizing at top 20. Each position targets 5 pct of current portfolio equity. Top-N expansion from 10 to 20 and switch from fixed-dollar to percent-of-equity sizing are mechanically coupled and treated as a single improvement. Stop-loss / take-profit inherited from improved 4.,2018-03-31,NVDA,Information Technology,0.6782278279567578,61177.09988292231,-0.05,0.0,-0.05
improved_8_equal_weight_top20,Improved 8: improved 4 design with equal-weight 1/N sizing at top 20. Each position targets 5 pct of current portfolio equity. Top-N expansion from 10 to 20 and switch from fixed-dollar to percent-of-equity sizing are mechanically coupled and treated as a single improvement. Stop-loss / take-profit inherited from improved 4.,2018-03-31,HD,Consumer Discretionary,0.6236383879251172,61177.09988292231,0.0431837425916046,0.0,0.0431837425916046
improved_8_equal_weight_top20,Improved 8: improved 4 design with equal-weight 1/N sizing at top 20. Each position targets 5 pct of current portfolio equity. Top-N expansion from 10 to 20 and switch from fixed-dollar to percent-of-equity sizing are mechanically coupled and treated as a single improvement. Stop-loss / take-profit inherited from improved 4.,2018-03-31,LII,Industrials,0.5934807101964176,61177.09988292231,-0.05,0.0,-0.05
improved_8_equal_weight_top20,Improved 8: improved 4 design with equal-weight 1/N sizing at top 20. Each position targets 5 pct of current portfolio equity. Top-N expansion from 10 to 20 and switch from fixed-dollar to percent-of-equity sizing are mechanically coupled and treated as a single improvement. Stop-loss / take-profit inherited from improved 4.,2018-03-31,ABBV,Health Care,0.5126961486033773,61177.09988292231,-0.05,0.0,-0.05
improved_8_equal_weight_top20,Improved 8: improved 4 design with equal-weight 1/N sizing at top 20. Each position targets 5 pct of current portfolio equity. Top-N expansion from 10 to 20 and switch from fixed-dollar to percent-of-equity sizing are mechanically coupled and treated as a single improvement. Stop-loss / take-profit inherited from improved 4.,2018-03-31,MSCI,Financials,0.4725743124520049,61177.09988292231,0.0022073578597336,0.0,0.0022073578597336
improved_8_equal_weight_top20,Improved 8: improved 4 design with equal-weight 1/N sizing at top 20. Each position targets 5 pct of current portfolio equity. Top-N expansion from 10 to 20 and switch from fixed-dollar to percent-of-equity sizing are mechanically coupled and treated as a single improvement. Stop-loss / take-profit inherited from improved 4.,2018-03-31,IBKR,Financials,0.4239055756020458,61177.09988292231,0.1089523240146124,0.0,0.1089523240146124
improved_8_equal_weight_top20,Improved 8: improved 4 design with equal-weight 1/N sizing at top 20. Each position targets 5 pct of current portfolio equity. Top-N expansion from 10 to 20 and switch from fixed-dollar to percent-of-equity sizing are mechanically coupled and treated as a single improvement. Stop-loss / take-profit inherited from improved 4.,2018-03-31,UPS,Industrials,0.4218208073038614,61177.09988292231,0.0878941819221774,0.0,0.0878941819221774
improved_8_equal_weight_top20,Improved 8: improved 4 design with equal-weight 1/N sizing at top 20. Each position targets 5 pct of current portfolio equity. Top-N expansion from 10 to 20 and switch from fixed-dollar to percent-of-equity sizing are mechanically coupled and treated as a single improvement. Stop-loss / take-profit inherited from improved 4.,2018-03-31,ODFL,Industrials,0.401212083844264,61177.09988292231,-0.05,0.0,-0.05
improved_8_equal_weight_top20,Improved 8: improved 4 design with equal-weight 1/N sizing at top 20. Each position targets 5 pct of current portfolio equity. Top-N expansion from 10 to 20 and switch from fixed-dollar to percent-of-equity sizing are mechanically coupled and treated as a single improvement. Stop-loss / take-profit inherited from improved 4.,2018-03-31,ON,Information Technology,0.3828061825580509,61177.09988292231,-0.05,0.0,-0.05
improved_8_equal_weight_top20,Improved 8: improved 4 design with equal-weight 1/N sizing at top 20. Each position targets 5 pct of current portfolio equity. Top-N expansion from 10 to 20 and switch from fixed-dollar to percent-of-equity sizing are mechanically coupled and treated as a single improvement. Stop-loss / take-profit inherited from improved 4.,2018-03-31,ALGN,Health Care,0.3826422737282813,61177.09988292231,-0.05,0.0,-0.05
improved_8_equal_weight_top20,Improved 8: improved 4 design with equal-weight 1/N sizing at top 20. Each position targets 5 pct of current portfolio equity. Top-N expansion from 10 to 20 and switch from fixed-dollar to percent-of-equity sizing are mechanically coupled and treated as a single improvement. Stop-loss / take-profit inherited from improved 4.,2018-03-31,TROW,Financials,0.3667692453562026,61177.09988292231,0.0583968755811332,0.0,0.0583968755811332
improved_8_equal_weight_top20,Improved 8: improved 4 design with equal-weight 1/N sizing at top 20. Each position targets 5 pct of current portfolio equity. Top-N expansion from 10 to 20 and switch from fixed-dollar to percent-of-equity sizing are mechanically coupled and treated as a single improvement. Stop-loss / take-profit inherited from improved 4.,2018-03-31,MA,Financials,0.35338038468886035,61177.09988292231,0.0222894252232954,0.0,0.0222894252232954
improved_8_equal_weight_top20,Improved 8: improved 4 design with equal-weight 1/N sizing at top 20. Each position targets 5 pct of current portfolio equity. Top-N expansion from 10 to 20 and switch from fixed-dollar to percent-of-equity sizing are mechanically coupled and treated as a single improvement. Stop-loss / take-profit inherited from improved 4.,2018-03-31,BR,Industrials,0.346510641154707,61177.09988292231,-0.0174136192825841,0.0,-0.0174136192825841
improved_8_equal_weight_top20,Improved 8: improved 4 design with equal-weight 1/N sizing at top 20. Each position targets 5 pct of current portfolio equity. Top-N expansion from 10 to 20 and switch from fixed-dollar to percent-of-equity sizing are mechanically coupled and treated as a single improvement. Stop-loss / take-profit inherited from improved 4.,2018-03-31,EL,Consumer Staples,0.34500843689126504,61177.09988292231,-0.0089674094894467,0.0,-0.0089674094894467
improved_8_equal_weight_top20,Improved 8: improved 4 design with equal-weight 1/N sizing at top 20. Each position targets 5 pct of current portfolio equity. Top-N expansion from 10 to 20 and switch from fixed-dollar to percent-of-equity sizing are mechanically coupled and treated as a single improvement. Stop-loss / take-profit inherited from improved 4.,2018-03-31,INTU,Information Technology,0.3396244912381525,61177.09988292231,0.0705476945756071,0.0,0.0705476945756071
improved_8_equal_weight_top20,Improved 8: improved 4 design with equal-weight 1/N sizing at top 20. Each position targets 5 pct of current portfolio equity. Top-N expansion from 10 to 20 and switch from fixed-dollar to percent-of-equity sizing are mechanically coupled and treated as a single improvement. Stop-loss / take-profit inherited from improved 4.,2018-03-31,LMT,Industrials,0.33450323860848097,61177.09988292231,-0.05,0.0,-0.05
improved_8_equal_weight_top20,Improved 8: improved 4 design with equal-weight 1/N sizing at top 20. Each position targets 5 pct of current portfolio equity. Top-N expansion from 10 to 20 and switch from fixed-dollar to percent-of-equity sizing are mechanically coupled and treated as a single improvement. Stop-loss / take-profit inherited from improved 4.,2018-04-30,BA,Industrials,1.728630502071221,61295.466548923396,0.0643915989292636,0.0,0.0643915989292636
improved_8_equal_weight_top20,Improved 8: improved 4 design with equal-weight 1/N sizing at top 20. Each position targets 5 pct of current portfolio equity. Top-N expansion from 10 to 20 and switch from fixed-dollar to percent-of-equity sizing are mechanically coupled and treated as a single improvement. Stop-loss / take-profit inherited from improved 4.,2018-04-30,SPGI,Financials,1.1548331355480705,61295.466548923396,0.0475812849043575,0.0,0.0475812849043575
improved_8_equal_weight_top20,Improved 8: improved 4 design with equal-weight 1/N sizing at top 20. Each position targets 5 pct of current portfolio equity. Top-N expansion from 10 to 20 and switch from fixed-dollar to percent-of-equity sizing are mechanically coupled and treated as a single improvement. Stop-loss / take-profit inherited from improved 4.,2018-04-30,HD,Consumer Discretionary,1.0759401172644445,61295.466548923396,0.0154118286105806,0.0,0.0154118286105806
improved_8_equal_weight_top20,Improved 8: improved 4 design with equal-weight 1/N sizing at top 20. Each position targets 5 pct of current portfolio equity. Top-N expansion from 10 to 20 and switch from fixed-dollar to percent-of-equity sizing are mechanically coupled and treated as a single improvement. Stop-loss / take-profit inherited from improved 4.,2018-04-30,LMT,Industrials,1.0002498238771753,61295.466548923396,-0.05,0.0,-0.05
improved_8_equal_weight_top20,Improved 8: improved 4 design with equal-weight 1/N sizing at top 20. Each position targets 5 pct of current portfolio equity. Top-N expansion from 10 to 20 and switch from fixed-dollar to percent-of-equity sizing are mechanically coupled and treated as a single improvement. Stop-loss / take-profit inherited from improved 4.,2018-04-30,UPS,Industrials,0.9792168191130179,61295.466548923396,0.0306986910335298,0.0,0.0306986910335298
improved_8_equal_weight_top20,Improved 8: improved 4 design with equal-weight 1/N sizing at top 20. Each position targets 5 pct of current portfolio equity. Top-N expansion from 10 to 20 and switch from fixed-dollar to percent-of-equity sizing are mechanically coupled and treated as a single improvement. Stop-loss / take-profit inherited from improved 4.,2018-04-30,TPL,Energy,0.9141727013365641,61295.466548923396,0.2410656270315609,0.0,0.2410656270315609
improved_8_equal_weight_top20,Improved 8: improved 4 design with equal-weight 1/N sizing at top 20. Each position targets 5 pct of current portfolio equity. Top-N expansion from 10 to 20 and switch from fixed-dollar to percent-of-equity sizing are mechanically coupled and treated as a single improvement. Stop-loss / take-profit inherited from improved 4.,2018-04-30,WYNN,Consumer Discretionary,0.8185257773026522,61295.466548923396,0.0442797625391933,0.0,0.0442797625391933
improved_8_equal_weight_top20,Improved 8: improved 4 design with equal-weight 1/N sizing at top 20. Each position targets 5 pct of current portfolio equity. Top-N expansion from 10 to 20 and switch from fixed-dollar to percent-of-equity sizing are mechanically coupled and treated as a single improvement. Stop-loss / take-profit inherited from improved 4.,2018-04-30,NVDA,Information Technology,0.816809537138893,61295.466548923396,0.1236710946472303,0.0,0.1236710946472303
improved_8_equal_weight_top20,Improved 8: improved 4 design with equal-weight 1/N sizing at top 20. Each position targets 5 pct of current portfolio equity. Top-N expansion from 10 to 20 and switch from fixed-dollar to percent-of-equity sizing are mechanically coupled and treated as a single improvement. Stop-loss / take-profit inherited from improved 4.,2018-04-30,KMB,Consumer Staples,0.7090752598451655,61295.466548923396,-0.0205885209294091,0.0,-0.0205885209294091
improved_8_equal_weight_top20,Improved 8: improved 4 design with equal-weight 1/N sizing at top 20. Each position targets 5 pct of current portfolio equity. Top-N expansion from 10 to 20 and switch from fixed-dollar to percent-of-equity sizing are mechanically coupled and treated as a single improvement. Stop-loss / take-profit inherited from improved 4.,2018-04-30,MU,Information Technology,0.5623273588163279,61295.466548923396,0.3,0.0,0.3
improved_8_equal_weight_top20,Improved 8: improved 4 design with equal-weight 1/N sizing at top 20. Each position targets 5 pct of current portfolio equity. Top-N expansion from 10 to 20 and switch from fixed-dollar to percent-of-equity sizing are mechanically coupled and treated as a single improvement. Stop-loss / take-profit inherited from improved 4.,2018-04-30,ABBV,Health Care,0.5339708135717955,61295.466548923396,-0.0309500489718299,0.0,-0.0309500489718299
improved_8_equal_weight_top20,Improved 8: improved 4 design with equal-weight 1/N sizing at top 20. Each position targets 5 pct of current portfolio equity. Top-N expansion from 10 to 20 and switch from fixed-dollar to percent-of-equity sizing are mechanically coupled and treated as a single improvement. Stop-loss / take-profit inherited from improved 4.,2018-04-30,IBKR,Financials,0.5238120068151566,61295.466548923396,-0.0121984277604176,0.0,-0.0121984277604176
improved_8_equal_weight_top20,Improved 8: improved 4 design with equal-weight 1/N sizing at top 20. Each position targets 5 pct of current portfolio equity. Top-N expansion from 10 to 20 and switch from fixed-dollar to percent-of-equity sizing are mechanically coupled and treated as a single improvement. Stop-loss / take-profit inherited from improved 4.,2018-04-30,VLO,Energy,0.4988499300695177,61295.466548923396,0.1068674383904748,0.0,0.1068674383904748
improved_8_equal_weight_top20,Improved 8: improved 4 design with equal-weight 1/N sizing at top 20. Each position targets 5 pct of current portfolio equity. Top-N expansion from 10 to 20 and switch from fixed-dollar to percent-of-equity sizing are mechanically coupled and treated as a single improvement. Stop-loss / take-profit inherited from improved 4.,2018-04-30,LULU,Consumer Discretionary,0.4780642147949601,61295.466548923396,0.0563097033685269,0.0,0.0563097033685269
improved_8_equal_weight_top20,Improved 8: improved 4 design with equal-weight 1/N sizing at top 20. Each position targets 5 pct of current portfolio equity. Top-N expansion from 10 to 20 and switch from fixed-dollar to percent-of-equity sizing are mechanically coupled and treated as a single improvement. Stop-loss / take-profit inherited from improved 4.,2018-04-30,MSCI,Financials,0.435913068086601,61295.466548923396,0.0891137068104268,0.0,0.0891137068104268
improved_8_equal_weight_top20,Improved 8: improved 4 design with equal-weight 1/N sizing at top 20. Each position targets 5 pct of current portfolio equity. Top-N expansion from 10 to 20 and switch from fixed-dollar to percent-of-equity sizing are mechanically coupled and treated as a single improvement. Stop-loss / take-profit inherited from improved 4.,2018-04-30,TROW,Financials,0.38440027503033614,61295.466548923396,0.0842039467802451,0.0,0.0842039467802451
improved_8_equal_weight_top20,Improved 8: improved 4 design with equal-weight 1/N sizing at top 20. Each position targets 5 pct of current portfolio equity. Top-N expansion from 10 to 20 and switch from fixed-dollar to percent-of-equity sizing are mechanically coupled and treated as a single improvement. Stop-loss / take-profit inherited from improved 4.,2018-04-30,ON,Information Technology,0.3651884397035382,61295.466548923396,0.1422727272727273,0.0,0.1422727272727273
improved_8_equal_weight_top20,Improved 8: improved 4 design with equal-weight 1/N sizing at top 20. Each position targets 5 pct of current portfolio equity. Top-N expansion from 10 to 20 and switch from fixed-dollar to percent-of-equity sizing are mechanically coupled and treated as a single improvement. Stop-loss / take-profit inherited from improved 4.,2018-04-30,INTU,Information Technology,0.34627388651923385,61295.466548923396,0.0907910399308704,0.0,0.0907910399308704
improved_8_equal_weight_top20,Improved 8: improved 4 design with equal-weight 1/N sizing at top 20. Each position targets 5 pct of current portfolio equity. Top-N expansion from 10 to 20 and switch from fixed-dollar to percent-of-equity sizing are mechanically coupled and treated as a single improvement. Stop-loss / take-profit inherited from improved 4.,2018-04-30,MA,Financials,0.3298138791231222,61295.466548923396,0.0664722050821045,0.0,0.0664722050821045
improved_8_equal_weight_top20,Improved 8: improved 4 design with equal-weight 1/N sizing at top 20. Each position targets 5 pct of current portfolio equity. Top-N expansion from 10 to 20 and switch from fixed-dollar to percent-of-equity sizing are mechanically coupled and treated as a single improvement. Stop-loss / take-profit inherited from improved 4.,2018-04-30,CPRT,Industrials,0.32357425253944894,61295.466548923396,0.0734142521534846,0.0,0.0734142521534846
improved_8_equal_weight_top20,Improved 8: improved 4 design with equal-weight 1/N sizing at top 20. Each position targets 5 pct of current portfolio equity. Top-N expansion from 10 to 20 and switch from fixed-dollar to percent-of-equity sizing are mechanically coupled and treated as a single improvement. Stop-loss / take-profit inherited from improved 4.,2018-05-31,BA,Industrials,1.6350857939816763,65778.64121412595,-0.05,0.0,-0.05
improved_8_equal_weight_top20,Improved 8: improved 4 design with equal-weight 1/N sizing at top 20. Each position targets 5 pct of current portfolio equity. Top-N expansion from 10 to 20 and switch from fixed-dollar to percent-of-equity sizing are mechanically coupled and treated as a single improvement. Stop-loss / take-profit inherited from improved 4.,2018-05-31,TPL,Energy,1.1477102958060499,65778.64121412595,-0.05,0.0,-0.05
improved_8_equal_weight_top20,Improved 8: improved 4 design with equal-weight 1/N sizing at top 20. Each position targets 5 pct of current portfolio equity. Top-N expansion from 10 to 20 and switch from fixed-dollar to percent-of-equity sizing are mechanically coupled and treated as a single improvement. Stop-loss / take-profit inherited from improved 4.,2018-05-31,HD,Consumer Discretionary,1.0327450124138584,65778.64121412595,0.0421451845522469,0.0,0.0421451845522469
improved_8_equal_weight_top20,Improved 8: improved 4 design with equal-weight 1/N sizing at top 20. Each position targets 5 pct of current portfolio equity. Top-N expansion from 10 to 20 and switch from fixed-dollar to percent-of-equity sizing are mechanically coupled and treated as a single improvement. Stop-loss / take-profit inherited from improved 4.,2018-05-31,UPS,Industrials,0.956250371802472,65778.64121412595,-0.05,0.0,-0.05
improved_8_equal_weight_top20,Improved 8: improved 4 design with equal-weight 1/N sizing at top 20. Each position targets 5 pct of current portfolio equity. Top-N expansion from 10 to 20 and switch from fixed-dollar to percent-of-equity sizing are mechanically coupled and treated as a single improvement. Stop-loss / take-profit inherited from improved 4.,2018-05-31,SPGI,Financials,0.9120295052148937,65778.64121412595,0.0201130734976988,0.0,0.0201130734976988
improved_8_equal_weight_top20,Improved 8: improved 4 design with equal-weight 1/N sizing at top 20. Each position targets 5 pct of current portfolio equity. Top-N expansion from 10 to 20 and switch from fixed-dollar to percent-of-equity sizing are mechanically coupled and treated as a single improvement. Stop-loss / take-profit inherited from improved 4.,2018-05-31,LMT,Industrials,0.8723802363493744,65778.64121412595,-0.05,0.0,-0.05
improved_8_equal_weight_top20,Improved 8: improved 4 design with equal-weight 1/N sizing at top 20. Each position targets 5 pct of current portfolio equity. Top-N expansion from 10 to 20 and switch from fixed-dollar to percent-of-equity sizing are mechanically coupled and treated as a single improvement. Stop-loss / take-profit inherited from improved 4.,2018-05-31,KMB,Consumer Staples,0.6688723312584772,65778.64121412595,0.0478188614192327,0.0,0.0478188614192327
improved_8_equal_weight_top20,Improved 8: improved 4 design with equal-weight 1/N sizing at top 20. Each position targets 5 pct of current portfolio equity. Top-N expansion from 10 to 20 and switch from fixed-dollar to percent-of-equity sizing are mechanically coupled and treated as a single improvement. Stop-loss / take-profit inherited from improved 4.,2018-05-31,MU,Information Technology,0.653838384365595,65778.64121412595,-0.05,0.0,-0.05
improved_8_equal_weight_top20,Improved 8: improved 4 design with equal-weight 1/N sizing at top 20. Each position targets 5 pct of current portfolio equity. Top-N expansion from 10 to 20 and switch from fixed-dollar to percent-of-equity sizing are mechanically coupled and treated as a single improvement. Stop-loss / take-profit inherited from improved 4.,2018-05-31,VLO,Energy,0.6371691049154397,65778.64121412595,-0.05,0.0,-0.05
improved_8_equal_weight_top20,Improved 8: improved 4 design with equal-weight 1/N sizing at top 20. Each position targets 5 pct of current portfolio equity. Top-N expansion from 10 to 20 and switch from fixed-dollar to percent-of-equity sizing are mechanically coupled and treated as a single improvement. Stop-loss / take-profit inherited from improved 4.,2018-05-31,LULU,Consumer Discretionary,0.6107362593660202,65778.64121412595,0.0956559894690654,0.0,0.0956559894690654
improved_8_equal_weight_top20,Improved 8: improved 4 design with equal-weight 1/N sizing at top 20. Each position targets 5 pct of current portfolio equity. Top-N expansion from 10 to 20 and switch from fixed-dollar to percent-of-equity sizing are mechanically coupled and treated as a single improvement. Stop-loss / take-profit inherited from improved 4.,2018-05-31,ABBV,Health Care,0.563989076111117,65778.64121412595,-0.05,0.0,-0.05
improved_8_equal_weight_top20,Improved 8: improved 4 design with equal-weight 1/N sizing at top 20. Each position targets 5 pct of current portfolio equity. Top-N expansion from 10 to 20 and switch from fixed-dollar to percent-of-equity sizing are mechanically coupled and treated as a single improvement. Stop-loss / take-profit inherited from improved 4.,2018-05-31,ORLY,Consumer Discretionary,0.46828936416897193,65778.64121412595,0.0135600755807492,0.0,0.0135600755807492
improved_8_equal_weight_top20,Improved 8: improved 4 design with equal-weight 1/N sizing at top 20. Each position targets 5 pct of current portfolio equity. Top-N expansion from 10 to 20 and switch from fixed-dollar to percent-of-equity sizing are mechanically coupled and treated as a single improvement. Stop-loss / take-profit inherited from improved 4.,2018-05-31,GWW,Industrials,0.4671746094148984,65778.64121412595,-0.0045511765274288,0.0,-0.0045511765274288
improved_8_equal_weight_top20,Improved 8: improved 4 design with equal-weight 1/N sizing at top 20. Each position targets 5 pct of current portfolio equity. Top-N expansion from 10 to 20 and switch from fixed-dollar to percent-of-equity sizing are mechanically coupled and treated as a single improvement. Stop-loss / take-profit inherited from improved 4.,2018-05-31,IBKR,Financials,0.450721995460452,65778.64121412595,-0.05,0.0,-0.05
improved_8_equal_weight_top20,Improved 8: improved 4 design with equal-weight 1/N sizing at top 20. Each position targets 5 pct of current portfolio equity. Top-N expansion from 10 to 20 and switch from fixed-dollar to percent-of-equity sizing are mechanically coupled and treated as a single improvement. Stop-loss / take-profit inherited from improved 4.,2018-05-31,MSCI,Financials,0.42279929508188874,65778.64121412595,0.0175298314671965,0.0,0.0175298314671965
improved_8_equal_weight_top20,Improved 8: improved 4 design with equal-weight 1/N sizing at top 20. Each position targets 5 pct of current portfolio equity. Top-N expansion from 10 to 20 and switch from fixed-dollar to percent-of-equity sizing are mechanically coupled and treated as a single improvement. Stop-loss / take-profit inherited from improved 4.,2018-05-31,TROW,Financials,0.41304168685516396,65778.64121412595,-0.05,0.0,-0.05
improved_8_equal_weight_top20,Improved 8: improved 4 design with equal-weight 1/N sizing at top 20. Each position targets 5 pct of current portfolio equity. Top-N expansion from 10 to 20 and switch from fixed-dollar to percent-of-equity sizing are mechanically coupled and treated as a single improvement. Stop-loss / take-profit inherited from improved 4.,2018-05-31,NVDA,Information Technology,0.3974537259027874,65778.64121412595,-0.05,0.0,-0.05
improved_8_equal_weight_top20,Improved 8: improved 4 design with equal-weight 1/N sizing at top 20. Each position targets 5 pct of current portfolio equity. Top-N expansion from 10 to 20 and switch from fixed-dollar to percent-of-equity sizing are mechanically coupled and treated as a single improvement. Stop-loss / take-profit inherited from improved 4.,2018-05-31,ALGN,Health Care,0.38003273965501627,65778.64121412595,0.0269231923642583,0.0,0.0269231923642583
improved_8_equal_weight_top20,Improved 8: improved 4 design with equal-weight 1/N sizing at top 20. Each position targets 5 pct of current portfolio equity. Top-N expansion from 10 to 20 and switch from fixed-dollar to percent-of-equity sizing are mechanically coupled and treated as a single improvement. Stop-loss / take-profit inherited from improved 4.,2018-05-31,ON,Information Technology,0.3475408245125452,65778.64121412595,-0.05,0.0,-0.05
improved_8_equal_weight_top20,Improved 8: improved 4 design with equal-weight 1/N sizing at top 20. Each position targets 5 pct of current portfolio equity. Top-N expansion from 10 to 20 and switch from fixed-dollar to percent-of-equity sizing are mechanically coupled and treated as a single improvement. Stop-loss / take-profit inherited from improved 4.,2018-05-31,ODFL,Industrials,0.34654478426370217,65778.64121412595,-0.05,0.0,-0.05
improved_8_equal_weight_top20,Improved 8: improved 4 design with equal-weight 1/N sizing at top 20. Each position targets 5 pct of current portfolio equity. Top-N expansion from 10 to 20 and switch from fixed-dollar to percent-of-equity sizing are mechanically coupled and treated as a single improvement. Stop-loss / take-profit inherited from improved 4.,2018-06-30,BA,Industrials,1.4601886675957987,64657.75682784069,0.0774441319665508,0.0,0.0774441319665508
improved_8_equal_weight_top20,Improved 8: improved 4 design with equal-weight 1/N sizing at top 20. Each position targets 5 pct of current portfolio equity. Top-N expansion from 10 to 20 and switch from fixed-dollar to percent-of-equity sizing are mechanically coupled and treated as a single improvement. Stop-loss / take-profit inherited from improved 4.,2018-06-30,TPL,Energy,1.1621437835797228,64657.75682784069,0.0643426237526507,0.0,0.0643426237526507
improved_8_equal_weight_top20,Improved 8: improved 4 design with equal-weight 1/N sizing at top 20. Each position targets 5 pct of current portfolio equity. Top-N expansion from 10 to 20 and switch from fixed-dollar to percent-of-equity sizing are mechanically coupled and treated as a single improvement. Stop-loss / take-profit inherited from improved 4.,2018-06-30,HD,Consumer Discretionary,1.0046534994166567,64657.75682784069,0.0190898772057253,0.0,0.0190898772057253
improved_8_equal_weight_top20,Improved 8: improved 4 design with equal-weight 1/N sizing at top 20. Each position targets 5 pct of current portfolio equity. Top-N expansion from 10 to 20 and switch from fixed-dollar to percent-of-equity sizing are mechanically coupled and treated as a single improvement. Stop-loss / take-profit inherited from improved 4.,2018-06-30,SPGI,Financials,0.8673388137845826,64657.75682784069,-0.0105148837436808,0.0,-0.0105148837436808
improved_8_equal_weight_top20,Improved 8: improved 4 design with equal-weight 1/N sizing at top 20. Each position targets 5 pct of current portfolio equity. Top-N expansion from 10 to 20 and switch from fixed-dollar to percent-of-equity sizing are mechanically coupled and treated as a single improvement. Stop-loss / take-profit inherited from improved 4.,2018-06-30,UPS,Industrials,0.7510266554844429,64657.75682784069,0.1324265608757142,0.0,0.1324265608757142
improved_8_equal_weight_top20,Improved 8: improved 4 design with equal-weight 1/N sizing at top 20. Each position targets 5 pct of current portfolio equity. Top-N expansion from 10 to 20 and switch from fixed-dollar to percent-of-equity sizing are mechanically coupled and treated as a single improvement. Stop-loss / take-profit inherited from improved 4.,2018-06-30,LMT,Industrials,0.7444189406404503,64657.75682784069,0.1085426794033066,0.0,0.1085426794033066
improved_8_equal_weight_top20,Improved 8: improved 4 design with equal-weight 1/N sizing at top 20. Each position targets 5 pct of current portfolio equity. Top-N expansion from 10 to 20 and switch from fixed-dollar to percent-of-equity sizing are mechanically coupled and treated as a single improvement. Stop-loss / take-profit inherited from improved 4.,2018-06-30,MU,Information Technology,0.6409109098131618,64657.75682784069,0.0246506211172043,0.0,0.0246506211172043
improved_8_equal_weight_top20,Improved 8: improved 4 design with equal-weight 1/N sizing at top 20. Each position targets 5 pct of current portfolio equity. Top-N expansion from 10 to 20 and switch from fixed-dollar to percent-of-equity sizing are mechanically coupled and treated as a single improvement. Stop-loss / take-profit inherited from improved 4.,2018-06-30,KMB,Consumer Staples,0.5834806260251701,64657.75682784069,0.0869689737480892,0.0,0.0869689737480892
improved_8_equal_weight_top20,Improved 8: improved 4 design with equal-weight 1/N sizing at top 20. Each position targets 5 pct of current portfolio equity. Top-N expansion from 10 to 20 and switch from fixed-dollar to percent-of-equity sizing are mechanically coupled and treated as a single improvement. Stop-loss / take-profit inherited from improved 4.,2018-06-30,ORLY,Consumer Discretionary,0.5617032752317982,64657.75682784069,0.123141860893968,0.0,0.123141860893968
improved_8_equal_weight_top20,Improved 8: improved 4 design with equal-weight 1/N sizing at top 20. Each position targets 5 pct of current portfolio equity. Top-N expansion from 10 to 20 and switch from fixed-dollar to percent-of-equity sizing are mechanically coupled and treated as a single improvement. Stop-loss / take-profit inherited from improved 4.,2018-06-30,LULU,Consumer Discretionary,0.5473517714067135,64657.75682784069,-0.05,0.0,-0.05
improved_8_equal_weight_top20,Improved 8: improved 4 design with equal-weight 1/N sizing at top 20. Each position targets 5 pct of current portfolio equity. Top-N expansion from 10 to 20 and switch from fixed-dollar to percent-of-equity sizing are mechanically coupled and treated as a single improvement. Stop-loss / take-profit inherited from improved 4.,2018-06-30,GWW,Industrials,0.473253776206929,64657.75682784069,0.128382118321028,0.0,0.128382118321028
improved_8_equal_weight_top20,Improved 8: improved 4 design with equal-weight 1/N sizing at top 20. Each position targets 5 pct of current portfolio equity. Top-N expansion from 10 to 20 and switch from fixed-dollar to percent-of-equity sizing are mechanically coupled and treated as a single improvement. Stop-loss / take-profit inherited from improved 4.,2018-06-30,MSCI,Financials,0.45001135752289456,64657.75682784069,0.0078229229833621,0.0,0.0078229229833621
improved_8_equal_weight_top20,Improved 8: improved 4 design with equal-weight 1/N sizing at top 20. Each position targets 5 pct of current portfolio equity. Top-N expansion from 10 to 20 and switch from fixed-dollar to percent-of-equity sizing are mechanically coupled and treated as a single improvement. Stop-loss / take-profit inherited from improved 4.,2018-06-30,STX,Information Technology,0.43608468089031116,64657.75682784069,-0.05,0.0,-0.05
improved_8_equal_weight_top20,Improved 8: improved 4 design with equal-weight 1/N sizing at top 20. Each position targets 5 pct of current portfolio equity. Top-N expansion from 10 to 20 and switch from fixed-dollar to percent-of-equity sizing are mechanically coupled and treated as a single improvement. Stop-loss / take-profit inherited from improved 4.,2018-06-30,VLO,Energy,0.4237058678874126,64657.75682784069,-0.05,0.0,-0.05
improved_8_equal_weight_top20,Improved 8: improved 4 design with equal-weight 1/N sizing at top 20. Each position targets 5 pct of current portfolio equity. Top-N expansion from 10 to 20 and switch from fixed-dollar to percent-of-equity sizing are mechanically coupled and treated as a single improvement. Stop-loss / take-profit inherited from improved 4.,2018-06-30,CPRT,Industrials,0.39236886027693907,64657.75682784069,0.0144953155382712,0.0,0.0144953155382712
improved_8_equal_weight_top20,Improved 8: improved 4 design with equal-weight 1/N sizing at top 20. Each position targets 5 pct of current portfolio equity. Top-N expansion from 10 to 20 and switch from fixed-dollar to percent-of-equity sizing are mechanically coupled and treated as a single improvement. Stop-loss / take-profit inherited from improved 4.,2018-06-30,ON,Information Technology,0.38312255156921116,64657.75682784069,0.0013623978201635,0.0,0.0013623978201635
improved_8_equal_weight_top20,Improved 8: improved 4 design with equal-weight 1/N sizing at top 20. Each position targets 5 pct of current portfolio equity. Top-N expansion from 10 to 20 and switch from fixed-dollar to percent-of-equity sizing are mechanically coupled and treated as a single improvement. Stop-loss / take-profit inherited from improved 4.,2018-06-30,ABBV,Health Care,0.36098358811442677,64657.75682784069,0.0119059540235211,0.0,0.0119059540235211
improved_8_equal_weight_top20,Improved 8: improved 4 design with equal-weight 1/N sizing at top 20. Each position targets 5 pct of current portfolio equity. Top-N expansion from 10 to 20 and switch from fixed-dollar to percent-of-equity sizing are mechanically coupled and treated as a single improvement. Stop-loss / take-profit inherited from improved 4.,2018-06-30,MA,Financials,0.349466523760516,64657.75682784069,0.0128134026211184,0.0,0.0128134026211184
improved_8_equal_weight_top20,Improved 8: improved 4 design with equal-weight 1/N sizing at top 20. Each position targets 5 pct of current portfolio equity. Top-N expansion from 10 to 20 and switch from fixed-dollar to percent-of-equity sizing are mechanically coupled and treated as a single improvement. Stop-loss / take-profit inherited from improved 4.,2018-06-30,ALGN,Health Care,0.3455726578798509,64657.75682784069,0.0649447596297403,0.0,0.0649447596297403
improved_8_equal_weight_top20,Improved 8: improved 4 design with equal-weight 1/N sizing at top 20. Each position targets 5 pct of current portfolio equity. Top-N expansion from 10 to 20 and switch from fixed-dollar to percent-of-equity sizing are mechanically coupled and treated as a single improvement. Stop-loss / take-profit inherited from improved 4.,2018-06-30,INTU,Information Technology,0.33623081638430397,64657.75682784069,0.0079476269380271,0.0,0.0079476269380271
improved_8_equal_weight_top20,Improved 8: improved 4 design with equal-weight 1/N sizing at top 20. Each position targets 5 pct of current portfolio equity. Top-N expansion from 10 to 20 and switch from fixed-dollar to percent-of-equity sizing are mechanically coupled and treated as a single improvement. Stop-loss / take-profit inherited from improved 4.,2018-09-30,BA,Industrials,1.4115894856651456,67004.079953856,-0.05,0.0,-0.05
improved_8_equal_weight_top20,Improved 8: improved 4 design with equal-weight 1/N sizing at top 20. Each position targets 5 pct of current portfolio equity. Top-N expansion from 10 to 20 and switch from fixed-dollar to percent-of-equity sizing are mechanically coupled and treated as a single improvement. Stop-loss / take-profit inherited from improved 4.,2018-09-30,TPL,Energy,1.3567874637150046,67004.079953856,-0.05,0.0,-0.05
improved_8_equal_weight_top20,Improved 8: improved 4 design with equal-weight 1/N sizing at top 20. Each position targets 5 pct of current portfolio equity. Top-N expansion from 10 to 20 and switch from fixed-dollar to percent-of-equity sizing are mechanically coupled and treated as a single improvement. Stop-loss / take-profit inherited from improved 4.,2018-09-30,ORLY,Consumer Discretionary,1.3056273519387944,67004.079953856,-0.05,0.0,-0.05
improved_8_equal_weight_top20,Improved 8: improved 4 design with equal-weight 1/N sizing at top 20. Each position targets 5 pct of current portfolio equity. Top-N expansion from 10 to 20 and switch from fixed-dollar to percent-of-equity sizing are mechanically coupled and treated as a single improvement. Stop-loss / take-profit inherited from improved 4.,2018-09-30,LULU,Consumer Discretionary,1.2891426259330874,67004.079953856,-0.05,0.0,-0.05
improved_8_equal_weight_top20,Improved 8: improved 4 design with equal-weight 1/N sizing at top 20. Each position targets 5 pct of current portfolio equity. Top-N expansion from 10 to 20 and switch from fixed-dollar to percent-of-equity sizing are mechanically coupled and treated as a single improvement. Stop-loss / take-profit inherited from improved 4.,2018-09-30,HD,Consumer Discretionary,1.232226315225341,67004.079953856,-0.05,0.0,-0.05
improved_8_equal_weight_top20,Improved 8: improved 4 design with equal-weight 1/N sizing at top 20. Each position targets 5 pct of current portfolio equity. Top-N expansion from 10 to 20 and switch from fixed-dollar to percent-of-equity sizing are mechanically coupled and treated as a single improvement. Stop-loss / take-profit inherited from improved 4.,2018-09-30,SPGI,Financials,1.1675953733550672,67004.079953856,-0.05,0.0,-0.05
improved_8_equal_weight_top20,Improved 8: improved 4 design with equal-weight 1/N sizing at top 20. Each position targets 5 pct of current portfolio equity. Top-N expansion from 10 to 20 and switch from fixed-dollar to percent-of-equity sizing are mechanically coupled and treated as a single improvement. Stop-loss / take-profit inherited from improved 4.,2018-09-30,GWW,Industrials,1.0526017216709003,67004.079953856,-0.05,0.0,-0.05
improved_8_equal_weight_top20,Improved 8: improved 4 design with equal-weight 1/N sizing at top 20. Each position targets 5 pct of current portfolio equity. Top-N expansion from 10 to 20 and switch from fixed-dollar to percent-of-equity sizing are mechanically coupled and treated as a single improvement. Stop-loss / take-profit inherited from improved 4.,2018-09-30,UPS,Industrials,1.0252619812708854,67004.079953856,-0.05,0.0,-0.05
improved_8_equal_weight_top20,Improved 8: improved 4 design with equal-weight 1/N sizing at top 20. Each position targets 5 pct of current portfolio equity. Top-N expansion from 10 to 20 and switch from fixed-dollar to percent-of-equity sizing are mechanically coupled and treated as a single improvement. Stop-loss / take-profit inherited from improved 4.,2018-09-30,KMB,Consumer Staples,0.9919358148958562,67004.079953856,-0.05,0.0,-0.05
improved_8_equal_weight_top20,Improved 8: improved 4 design with equal-weight 1/N sizing at top 20. Each position targets 5 pct of current portfolio equity. Top-N expansion from 10 to 20 and switch from fixed-dollar to percent-of-equity sizing are mechanically coupled and treated as a single improvement. Stop-loss / take-profit inherited from improved 4.,2018-09-30,AMD,Information Technology,0.9770265673181281,67004.079953856,-0.05,0.0,-0.05
improved_8_equal_weight_top20,Improved 8: improved 4 design with equal-weight 1/N sizing at top 20. Each position targets 5 pct of current portfolio equity. Top-N expansion from 10 to 20 and switch from fixed-dollar to percent-of-equity sizing are mechanically coupled and treated as a single improvement. Stop-loss / take-profit inherited from improved 4.,2018-09-30,FTNT,Information Technology,0.8848542965480175,67004.079953856,-0.05,0.0,-0.05
improved_8_equal_weight_top20,Improved 8: improved 4 design with equal-weight 1/N sizing at top 20. Each position targets 5 pct of current portfolio equity. Top-N expansion from 10 to 20 and switch from fixed-dollar to percent-of-equity sizing are mechanically coupled and treated as a single improvement. Stop-loss / take-profit inherited from improved 4.,2018-09-30,STX,Information Technology,0.8451662053844118,67004.079953856,-0.05,0.0,-0.05
improved_8_equal_weight_top20,Improved 8: improved 4 design with equal-weight 1/N sizing at top 20. Each position targets 5 pct of current portfolio equity. Top-N expansion from 10 to 20 and switch from fixed-dollar to percent-of-equity sizing are mechanically coupled and treated as a single improvement. Stop-loss / take-profit inherited from improved 4.,2018-09-30,ABBV,Health Care,0.8298035876698674,67004.079953856,-0.05,0.0,-0.05
improved_8_equal_weight_top20,Improved 8: improved 4 design with equal-weight 1/N sizing at top 20. Each position targets 5 pct of current portfolio equity. Top-N expansion from 10 to 20 and switch from fixed-dollar to percent-of-equity sizing are mechanically coupled and treated as a single improvement. Stop-loss / take-profit inherited from improved 4.,2018-09-30,POOL,Consumer Discretionary,0.8017469352154902,67004.079953856,-0.05,0.0,-0.05
improved_8_equal_weight_top20,Improved 8: improved 4 design with equal-weight 1/N sizing at top 20. Each position targets 5 pct of current portfolio equity. Top-N expansion from 10 to 20 and switch from fixed-dollar to percent-of-equity sizing are mechanically coupled and treated as a single improvement. Stop-loss / take-profit inherited from improved 4.,2018-09-30,AXON,Industrials,0.7953101414085642,67004.079953856,-0.05,0.0,-0.05
improved_8_equal_weight_top20,Improved 8: improved 4 design with equal-weight 1/N sizing at top 20. Each position targets 5 pct of current portfolio equity. Top-N expansion from 10 to 20 and switch from fixed-dollar to percent-of-equity sizing are mechanically coupled and treated as a single improvement. Stop-loss / take-profit inherited from improved 4.,2018-09-30,MSCI,Financials,0.7602663533993452,67004.079953856,-0.05,0.0,-0.05
improved_8_equal_weight_top20,Improved 8: improved 4 design with equal-weight 1/N sizing at top 20. Each position targets 5 pct of current portfolio equity. Top-N expansion from 10 to 20 and switch from fixed-dollar to percent-of-equity sizing are mechanically coupled and treated as a single improvement. Stop-loss / take-profit inherited from improved 4.,2018-09-30,KR,Consumer Staples,0.7502010151045267,67004.079953856,-0.05,0.0,-0.05
improved_8_equal_weight_top20,Improved 8: improved 4 design with equal-weight 1/N sizing at top 20. Each position targets 5 pct of current portfolio equity. Top-N expansion from 10 to 20 and switch from fixed-dollar to percent-of-equity sizing are mechanically coupled and treated as a single improvement. Stop-loss / take-profit inherited from improved 4.,2018-09-30,DECK,Consumer Discretionary,0.7448173539895858,67004.079953856,-0.05,0.0,-0.05
improved_8_equal_weight_top20,Improved 8: improved 4 design with equal-weight 1/N sizing at top 20. Each position targets 5 pct of current portfolio equity. Top-N expansion from 10 to 20 and switch from fixed-dollar to percent-of-equity sizing are mechanically coupled and treated as a single improvement. Stop-loss / take-profit inherited from improved 4.,2018-09-30,KDP,Consumer Staples,0.7414202377900426,67004.079953856,0.1238379091438737,0.0,0.1238379091438737
improved_8_equal_weight_top20,Improved 8: improved 4 design with equal-weight 1/N sizing at top 20. Each position targets 5 pct of current portfolio equity. Top-N expansion from 10 to 20 and switch from fixed-dollar to percent-of-equity sizing are mechanically coupled and treated as a single improvement. Stop-loss / take-profit inherited from improved 4.,2018-09-30,FFIV,Information Technology,0.732994066653126,67004.079953856,-0.05,0.0,-0.05
improved_8_equal_weight_top20,Improved 8: improved 4 design with equal-weight 1/N sizing at top 20. Each position targets 5 pct of current portfolio equity. Top-N expansion from 10 to 20 and switch from fixed-dollar to percent-of-equity sizing are mechanically coupled and treated as a single improvement. Stop-loss / take-profit inherited from improved 4.,2018-11-30,HD,Consumer Discretionary,1.393534684356677,64236.26841432756,-0.05,0.0,-0.05
improved_8_equal_weight_top20,Improved 8: improved 4 design with equal-weight 1/N sizing at top 20. Each position targets 5 pct of current portfolio equity. Top-N expansion from 10 to 20 and switch from fixed-dollar to percent-of-equity sizing are mechanically coupled and treated as a single improvement. Stop-loss / take-profit inherited from improved 4.,2018-11-30,ABBV,Health Care,1.380972084935617,64236.26841432756,-0.05,0.0,-0.05
improved_8_equal_weight_top20,Improved 8: improved 4 design with equal-weight 1/N sizing at top 20. Each position targets 5 pct of current portfolio equity. Top-N expansion from 10 to 20 and switch from fixed-dollar to percent-of-equity sizing are mechanically coupled and treated as a single improvement. Stop-loss / take-profit inherited from improved 4.,2018-11-30,MCO,Financials,1.3798854692410831,64236.26841432756,-0.05,0.0,-0.05
improved_8_equal_weight_top20,Improved 8: improved 4 design with equal-weight 1/N sizing at top 20. Each position targets 5 pct of current portfolio equity. Top-N expansion from 10 to 20 and switch from fixed-dollar to percent-of-equity sizing are mechanically coupled and treated as a single improvement. Stop-loss / take-profit inherited from improved 4.,2018-11-30,KMB,Consumer Staples,1.3314756772486713,64236.26841432756,-0.05,0.0,-0.05
improved_8_equal_weight_top20,Improved 8: improved 4 design with equal-weight 1/N sizing at top 20. Each position targets 5 pct of current portfolio equity. Top-N expansion from 10 to 20 and switch from fixed-dollar to percent-of-equity sizing are mechanically coupled and treated as a single improvement. Stop-loss / take-profit inherited from improved 4.,2018-11-30,LMT,Industrials,1.2760947045648199,64236.26841432756,-0.05,0.0,-0.05
improved_8_equal_weight_top20,Improved 8: improved 4 design with equal-weight 1/N sizing at top 20. Each position targets 5 pct of current portfolio equity. Top-N expansion from 10 to 20 and switch from fixed-dollar to percent-of-equity sizing are mechanically coupled and treated as a single improvement. Stop-loss / take-profit inherited from improved 4.,2018-11-30,ORLY,Consumer Discretionary,1.2242878945473938,64236.26841432756,-0.05,0.0,-0.05
improved_8_equal_weight_top20,Improved 8: improved 4 design with equal-weight 1/N sizing at top 20. Each position targets 5 pct of current portfolio equity. Top-N expansion from 10 to 20 and switch from fixed-dollar to percent-of-equity sizing are mechanically coupled and treated as a single improvement. Stop-loss / take-profit inherited from improved 4.,2018-11-30,SPGI,Financials,0.9484688307701343,64236.26841432756,-0.05,0.0,-0.05
improved_8_equal_weight_top20,Improved 8: improved 4 design with equal-weight 1/N sizing at top 20. Each position targets 5 pct of current portfolio equity. Top-N expansion from 10 to 20 and switch from fixed-dollar to percent-of-equity sizing are mechanically coupled and treated as a single improvement. Stop-loss / take-profit inherited from improved 4.,2018-11-30,UPS,Industrials,0.7329376549486846,64236.26841432756,-0.05,0.0,-0.05
improved_8_equal_weight_top20,Improved 8: improved 4 design with equal-weight 1/N sizing at top 20. Each position targets 5 pct of current portfolio equity. Top-N expansion from 10 to 20 and switch from fixed-dollar to percent-of-equity sizing are mechanically coupled and treated as a single improvement. Stop-loss / take-profit inherited from improved 4.,2018-11-30,TPL,Energy,0.5773080893455667,64236.26841432756,-0.05,0.0,-0.05
improved_8_equal_weight_top20,Improved 8: improved 4 design with equal-weight 1/N sizing at top 20. Each position targets 5 pct of current portfolio equity. Top-N expansion from 10 to 20 and switch from fixed-dollar to percent-of-equity sizing are mechanically coupled and treated as a single improvement. Stop-loss / take-profit inherited from improved 4.,2018-11-30,DECK,Consumer Discretionary,0.5575107175592037,64236.26841432756,-0.05,0.0,-0.05
improved_8_equal_weight_top20,Improved 8: improved 4 design with equal-weight 1/N sizing at top 20. Each position targets 5 pct of current portfolio equity. Top-N expansion from 10 to 20 and switch from fixed-dollar to percent-of-equity sizing are mechanically coupled and treated as a single improvement. Stop-loss / take-profit inherited from improved 4.,2018-11-30,LULU,Consumer Discretionary,0.5534013643263613,64236.26841432756,-0.05,0.0,-0.05
improved_8_equal_weight_top20,Improved 8: improved 4 design with equal-weight 1/N sizing at top 20. Each position targets 5 pct of current portfolio equity. Top-N expansion from 10 to 20 and switch from fixed-dollar to percent-of-equity sizing are mechanically coupled and treated as a single improvement. Stop-loss / take-profit inherited from improved 4.,2018-11-30,AMD,Information Technology,0.43865306743033894,64236.26841432756,-0.05,0.0,-0.05
improved_8_equal_weight_top20,Improved 8: improved 4 design with equal-weight 1/N sizing at top 20. Each position targets 5 pct of current portfolio equity. Top-N expansion from 10 to 20 and switch from fixed-dollar to percent-of-equity sizing are mechanically coupled and treated as a single improvement. Stop-loss / take-profit inherited from improved 4.,2018-11-30,ZBRA,Information Technology,0.4132509226307739,64236.26841432756,-0.05,0.0,-0.05
improved_8_equal_weight_top20,Improved 8: improved 4 design with equal-weight 1/N sizing at top 20. Each position targets 5 pct of current portfolio equity. Top-N expansion from 10 to 20 and switch from fixed-dollar to percent-of-equity sizing are mechanically coupled and treated as a single improvement. Stop-loss / take-profit inherited from improved 4.,2018-11-30,KDP,Consumer Staples,0.40727813025570125,64236.26841432756,-0.05,0.0,-0.05
improved_8_equal_weight_top20,Improved 8: improved 4 design with equal-weight 1/N sizing at top 20. Each position targets 5 pct of current portfolio equity. Top-N expansion from 10 to 20 and switch from fixed-dollar to percent-of-equity sizing are mechanically coupled and treated as a single improvement. Stop-loss / take-profit inherited from improved 4.,2018-11-30,UAL,Industrials,0.3963485985331794,64236.26841432756,-0.05,0.0,-0.05
improved_8_equal_weight_top20,Improved 8: improved 4 design with equal-weight 1/N sizing at top 20. Each position targets 5 pct of current portfolio equity. Top-N expansion from 10 to 20 and switch from fixed-dollar to percent-of-equity sizing are mechanically coupled and treated as a single improvement. Stop-loss / take-profit inherited from improved 4.,2018-11-30,MKC,Consumer Staples,0.3135669300898155,64236.26841432756,-0.05,0.0,-0.05
improved_8_equal_weight_top20,Improved 8: improved 4 design with equal-weight 1/N sizing at top 20. Each position targets 5 pct of current portfolio equity. Top-N expansion from 10 to 20 and switch from fixed-dollar to percent-of-equity sizing are mechanically coupled and treated as a single improvement. Stop-loss / take-profit inherited from improved 4.,2018-11-30,CLX,Consumer Staples,0.3106458422300802,64236.26841432756,-0.05,0.0,-0.05
improved_8_equal_weight_top20,Improved 8: improved 4 design with equal-weight 1/N sizing at top 20. Each position targets 5 pct of current portfolio equity. Top-N expansion from 10 to 20 and switch from fixed-dollar to percent-of-equity sizing are mechanically coupled and treated as a single improvement. Stop-loss / take-profit inherited from improved 4.,2018-11-30,SBUX,Consumer Discretionary,0.3099989689487176,64236.26841432756,-0.05,0.0,-0.05
improved_8_equal_weight_top20,Improved 8: improved 4 design with equal-weight 1/N sizing at top 20. Each position targets 5 pct of current portfolio equity. Top-N expansion from 10 to 20 and switch from fixed-dollar to percent-of-equity sizing are mechanically coupled and treated as a single improvement. Stop-loss / take-profit inherited from improved 4.,2018-11-30,STX,Information Technology,0.30104931028197146,64236.26841432756,-0.05,0.0,-0.05
improved_8_equal_weight_top20,Improved 8: improved 4 design with equal-weight 1/N sizing at top 20. Each position targets 5 pct of current portfolio equity. Top-N expansion from 10 to 20 and switch from fixed-dollar to percent-of-equity sizing are mechanically coupled and treated as a single improvement. Stop-loss / take-profit inherited from improved 4.,2018-11-30,POOL,Consumer Discretionary,0.28720744536082377,64236.26841432756,-0.05,0.0,-0.05
improved_8_equal_weight_top20,Improved 8: improved 4 design with equal-weight 1/N sizing at top 20. Each position targets 5 pct of current portfolio equity. Top-N expansion from 10 to 20 and switch from fixed-dollar to percent-of-equity sizing are mechanically coupled and treated as a single improvement. Stop-loss / take-profit inherited from improved 4.,2019-03-31,ORLY,Consumer Discretionary,1.2095695864880904,61024.45499361118,-0.05,0.0,-0.05
improved_8_equal_weight_top20,Improved 8: improved 4 design with equal-weight 1/N sizing at top 20. Each position targets 5 pct of current portfolio equity. Top-N expansion from 10 to 20 and switch from fixed-dollar to percent-of-equity sizing are mechanically coupled and treated as a single improvement. Stop-loss / take-profit inherited from improved 4.,2019-03-31,MSCI,Financials,0.7811139384337151,61024.45499361118,0.1214051149369994,0.0,0.1214051149369994
improved_8_equal_weight_top20,Improved 8: improved 4 design with equal-weight 1/N sizing at top 20. Each position targets 5 pct of current portfolio equity. Top-N expansion from 10 to 20 and switch from fixed-dollar to percent-of-equity sizing are mechanically coupled and treated as a single improvement. Stop-loss / take-profit inherited from improved 4.,2019-03-31,MCO,Financials,0.7160856458742585,61024.45499361118,0.0756605941240522,0.0,0.0756605941240522
improved_8_equal_weight_top20,Improved 8: improved 4 design with equal-weight 1/N sizing at top 20. Each position targets 5 pct of current portfolio equity. Top-N expansion from 10 to 20 and switch from fixed-dollar to percent-of-equity sizing are mechanically coupled and treated as a single improvement. Stop-loss / take-profit inherited from improved 4.,2019-03-31,HD,Consumer Discretionary,0.7112308470430728,61024.45499361118,0.0554951033732895,0.0,0.0554951033732895
improved_8_equal_weight_top20,Improved 8: improved 4 design with equal-weight 1/N sizing at top 20. Each position targets 5 pct of current portfolio equity. Top-N expansion from 10 to 20 and switch from fixed-dollar to percent-of-equity sizing are mechanically coupled and treated as a single improvement. Stop-loss / take-profit inherited from improved 4.,2019-03-31,TPL,Energy,0.6866115068968144,61024.45499361118,0.0261414503141887,0.0,0.0261414503141887
improved_8_equal_weight_top20,Improved 8: improved 4 design with equal-weight 1/N sizing at top 20. Each position targets 5 pct of current portfolio equity. Top-N expansion from 10 to 20 and switch from fixed-dollar to percent-of-equity sizing are mechanically coupled and treated as a single improvement. Stop-loss / take-profit inherited from improved 4.,2019-03-31,SPGI,Financials,0.6851406573668822,61024.45499361118,0.0407508725593037,0.0,0.0407508725593037
improved_8_equal_weight_top20,Improved 8: improved 4 design with equal-weight 1/N sizing at top 20. Each position targets 5 pct of current portfolio equity. Top-N expansion from 10 to 20 and switch from fixed-dollar to percent-of-equity sizing are mechanically coupled and treated as a single improvement. Stop-loss / take-profit inherited from improved 4.,2019-03-31,SBUX,Consumer Discretionary,0.6101758192465837,61024.45499361118,0.0390583199578398,0.0,0.0390583199578398
improved_8_equal_weight_top20,Improved 8: improved 4 design with equal-weight 1/N sizing at top 20. Each position targets 5 pct of current portfolio equity. Top-N expansion from 10 to 20 and switch from fixed-dollar to percent-of-equity sizing are mechanically coupled and treated as a single improvement. Stop-loss / take-profit inherited from improved 4.,2019-03-31,LMT,Industrials,0.5204720460668859,61024.45499361118,0.1016988365946882,0.0,0.1016988365946882
improved_8_equal_weight_top20,Improved 8: improved 4 design with equal-weight 1/N sizing at top 20. Each position targets 5 pct of current portfolio equity. Top-N expansion from 10 to 20 and switch from fixed-dollar to percent-of-equity sizing are mechanically coupled and treated as a single improvement. Stop-loss / take-profit inherited from improved 4.,2019-03-31,LULU,Consumer Discretionary,0.5076352727269768,61024.45499361118,0.0703447438698714,0.0,0.0703447438698714
improved_8_equal_weight_top20,Improved 8: improved 4 design with equal-weight 1/N sizing at top 20. Each position targets 5 pct of current portfolio equity. Top-N expansion from 10 to 20 and switch from fixed-dollar to percent-of-equity sizing are mechanically coupled and treated as a single improvement. Stop-loss / take-profit inherited from improved 4.,2019-03-31,LLY,Health Care,0.5074893518526924,61024.45499361118,-0.05,0.0,-0.05
improved_8_equal_weight_top20,Improved 8: improved 4 design with equal-weight 1/N sizing at top 20. Each position targets 5 pct of current portfolio equity. Top-N expansion from 10 to 20 and switch from fixed-dollar to percent-of-equity sizing are mechanically coupled and treated as a single improvement. Stop-loss / take-profit inherited from improved 4.,2019-03-31,UPS,Industrials,0.5074624422419274,61024.45499361118,-0.05,0.0,-0.05
improved_8_equal_weight_top20,Improved 8: improved 4 design with equal-weight 1/N sizing at top 20. Each position targets 5 pct of current portfolio equity. Top-N expansion from 10 to 20 and switch from fixed-dollar to percent-of-equity sizing are mechanically coupled and treated as a single improvement. Stop-loss / take-profit inherited from improved 4.,2019-03-31,AES,Utilities,0.49605611135382854,61024.45499361118,-0.05,0.0,-0.05
improved_8_equal_weight_top20,Improved 8: improved 4 design with equal-weight 1/N sizing at top 20. Each position targets 5 pct of current portfolio equity. Top-N expansion from 10 to 20 and switch from fixed-dollar to percent-of-equity sizing are mechanically coupled and treated as a single improvement. Stop-loss / take-profit inherited from improved 4.,2019-03-31,ULTA,Consumer Discretionary,0.4950161290776086,61024.45499361118,-0.0071692745376955,0.0,-0.0071692745376955
improved_8_equal_weight_top20,Improved 8: improved 4 design with equal-weight 1/N sizing at top 20. Each position targets 5 pct of current portfolio equity. Top-N expansion from 10 to 20 and switch from fixed-dollar to percent-of-equity sizing are mechanically coupled and treated as a single improvement. Stop-loss / take-profit inherited from improved 4.,2019-03-31,DECK,Consumer Discretionary,0.44844006728947505,61024.45499361118,0.0707227937167425,0.0,0.0707227937167425
improved_8_equal_weight_top20,Improved 8: improved 4 design with equal-weight 1/N sizing at top 20. Each position targets 5 pct of current portfolio equity. Top-N expansion from 10 to 20 and switch from fixed-dollar to percent-of-equity sizing are mechanically coupled and treated as a single improvement. Stop-loss / take-profit inherited from improved 4.,2019-03-31,CDNS,Information Technology,0.42331426151139917,61024.45499361118,0.0660725261216963,0.0,0.0660725261216963
improved_8_equal_weight_top20,Improved 8: improved 4 design with equal-weight 1/N sizing at top 20. Each position targets 5 pct of current portfolio equity. Top-N expansion from 10 to 20 and switch from fixed-dollar to percent-of-equity sizing are mechanically coupled and treated as a single improvement. Stop-loss / take-profit inherited from improved 4.,2019-03-31,TSCO,Consumer Discretionary,0.39146741413711483,61024.45499361118,0.0544009779946934,0.0,0.0544009779946934
improved_8_equal_weight_top20,Improved 8: improved 4 design with equal-weight 1/N sizing at top 20. Each position targets 5 pct of current portfolio equity. Top-N expansion from 10 to 20 and switch from fixed-dollar to percent-of-equity sizing are mechanically coupled and treated as a single improvement. Stop-loss / take-profit inherited from improved 4.,2019-03-31,MA,Financials,0.3460091652484769,61024.45499361118,0.0683806077533579,0.0,0.0683806077533579
improved_8_equal_weight_top20,Improved 8: improved 4 design with equal-weight 1/N sizing at top 20. Each position targets 5 pct of current portfolio equity. Top-N expansion from 10 to 20 and switch from fixed-dollar to percent-of-equity sizing are mechanically coupled and treated as a single improvement. Stop-loss / take-profit inherited from improved 4.,2019-03-31,FICO,Information Technology,0.3326582538024392,61024.45499361118,0.0218058294981373,0.0,0.0218058294981373
improved_8_equal_weight_top20,Improved 8: improved 4 design with equal-weight 1/N sizing at top 20. Each position targets 5 pct of current portfolio equity. Top-N expansion from 10 to 20 and switch from fixed-dollar to percent-of-equity sizing are mechanically coupled and treated as a single improvement. Stop-loss / take-profit inherited from improved 4.,2019-03-31,ERIE,Financials,0.3325368611544254,61024.45499361118,0.063099527893401,0.0,0.063099527893401
improved_8_equal_weight_top20,Improved 8: improved 4 design with equal-weight 1/N sizing at top 20. Each position targets 5 pct of current portfolio equity. Top-N expansion from 10 to 20 and switch from fixed-dollar to percent-of-equity sizing are mechanically coupled and treated as a single improvement. Stop-loss / take-profit inherited from improved 4.,2019-03-31,FTNT,Information Technology,0.3123735094215556,61024.45499361118,0.1043858612129093,0.0,0.1043858612129093
improved_8_equal_weight_top20,Improved 8: improved 4 design with equal-weight 1/N sizing at top 20. Each position targets 5 pct of current portfolio equity. Top-N expansion from 10 to 20 and switch from fixed-dollar to percent-of-equity sizing are mechanically coupled and treated as a single improvement. Stop-loss / take-profit inherited from improved 4.,2019-04-30,ORLY,Consumer Discretionary,1.4969075987359408,63380.77361722244,-0.05,0.0,-0.05
improved_8_equal_weight_top20,Improved 8: improved 4 design with equal-weight 1/N sizing at top 20. Each position targets 5 pct of current portfolio equity. Top-N expansion from 10 to 20 and switch from fixed-dollar to percent-of-equity sizing are mechanically coupled and treated as a single improvement. Stop-loss / take-profit inherited from improved 4.,2019-04-30,MSCI,Financials,1.3626307663687507,63380.77361722244,-0.05,0.0,-0.05
improved_8_equal_weight_top20,Improved 8: improved 4 design with equal-weight 1/N sizing at top 20. Each position targets 5 pct of current portfolio equity. Top-N expansion from 10 to 20 and switch from fixed-dollar to percent-of-equity sizing are mechanically coupled and treated as a single improvement. Stop-loss / take-profit inherited from improved 4.,2019-04-30,MCO,Financials,1.1857638375889348,63380.77361722244,-0.05,0.0,-0.05
improved_8_equal_weight_top20,Improved 8: improved 4 design with equal-weight 1/N sizing at top 20. Each position targets 5 pct of current portfolio equity. Top-N expansion from 10 to 20 and switch from fixed-dollar to percent-of-equity sizing are mechanically coupled and treated as a single improvement. Stop-loss / take-profit inherited from improved 4.,2019-04-30,SPGI,Financials,1.1350063267011197,63380.77361722244,-0.05,0.0,-0.05
improved_8_equal_weight_top20,Improved 8: improved 4 design with equal-weight 1/N sizing at top 20. Each position targets 5 pct of current portfolio equity. Top-N expansion from 10 to 20 and switch from fixed-dollar to percent-of-equity sizing are mechanically coupled and treated as a single improvement. Stop-loss / take-profit inherited from improved 4.,2019-04-30,HD,Consumer Discretionary,1.1122553107878002,63380.77361722244,-0.05,0.0,-0.05
improved_8_equal_weight_top20,Improved 8: improved 4 design with equal-weight 1/N sizing at top 20. Each position targets 5 pct of current portfolio equity. Top-N expansion from 10 to 20 and switch from fixed-dollar to percent-of-equity sizing are mechanically coupled and treated as a single improvement. Stop-loss / take-profit inherited from improved 4.,2019-04-30,LMT,Industrials,1.0601262705617773,63380.77361722244,0.0194166043379253,0.0,0.0194166043379253
improved_8_equal_weight_top20,Improved 8: improved 4 design with equal-weight 1/N sizing at top 20. Each position targets 5 pct of current portfolio equity. Top-N expansion from 10 to 20 and switch from fixed-dollar to percent-of-equity sizing are mechanically coupled and treated as a single improvement. Stop-loss / take-profit inherited from improved 4.,2019-04-30,TPL,Energy,1.0490834913313012,63380.77361722244,-0.05,0.0,-0.05
improved_8_equal_weight_top20,Improved 8: improved 4 design with equal-weight 1/N sizing at top 20. Each position targets 5 pct of current portfolio equity. Top-N expansion from 10 to 20 and switch from fixed-dollar to percent-of-equity sizing are mechanically coupled and treated as a single improvement. Stop-loss / take-profit inherited from improved 4.,2019-04-30,DECK,Consumer Discretionary,0.9803216566000938,63380.77361722244,-0.05,0.0,-0.05
improved_8_equal_weight_top20,Improved 8: improved 4 design with equal-weight 1/N sizing at top 20. Each position targets 5 pct of current portfolio equity. Top-N expansion from 10 to 20 and switch from fixed-dollar to percent-of-equity sizing are mechanically coupled and treated as a single improvement. Stop-loss / take-profit inherited from improved 4.,2019-04-30,LULU,Consumer Discretionary,0.9538365232945799,63380.77361722244,-0.05,0.0,-0.05
improved_8_equal_weight_top20,Improved 8: improved 4 design with equal-weight 1/N sizing at top 20. Each position targets 5 pct of current portfolio equity. Top-N expansion from 10 to 20 and switch from fixed-dollar to percent-of-equity sizing are mechanically coupled and treated as a single improvement. Stop-loss / take-profit inherited from improved 4.,2019-04-30,ERIE,Financials,0.9051343342720727,63380.77361722244,0.1214997626953238,0.0,0.1214997626953238
improved_8_equal_weight_top20,Improved 8: improved 4 design with equal-weight 1/N sizing at top 20. Each position targets 5 pct of current portfolio equity. Top-N expansion from 10 to 20 and switch from fixed-dollar to percent-of-equity sizing are mechanically coupled and treated as a single improvement. Stop-loss / take-profit inherited from improved 4.,2019-04-30,QCOM,Information Technology,0.898901134214533,63380.77361722244,-0.05,0.0,-0.05
improved_8_equal_weight_top20,Improved 8: improved 4 design with equal-weight 1/N sizing at top 20. Each position targets 5 pct of current portfolio equity. Top-N expansion from 10 to 20 and switch from fixed-dollar to percent-of-equity sizing are mechanically coupled and treated as a single improvement. Stop-loss / take-profit inherited from improved 4.,2019-04-30,MA,Financials,0.894191376872177,63380.77361722244,-0.05,0.0,-0.05
improved_8_equal_weight_top20,Improved 8: improved 4 design with equal-weight 1/N sizing at top 20. Each position targets 5 pct of current portfolio equity. Top-N expansion from 10 to 20 and switch from fixed-dollar to percent-of-equity sizing are mechanically coupled and treated as a single improvement. Stop-loss / take-profit inherited from improved 4.,2019-04-30,CLX,Consumer Staples,0.8910341230563417,63380.77361722244,-0.05,0.0,-0.05
improved_8_equal_weight_top20,Improved 8: improved 4 design with equal-weight 1/N sizing at top 20. Each position targets 5 pct of current portfolio equity. Top-N expansion from 10 to 20 and switch from fixed-dollar to percent-of-equity sizing are mechanically coupled and treated as a single improvement. Stop-loss / take-profit inherited from improved 4.,2019-04-30,CDNS,Information Technology,0.8904550186714175,63380.77361722244,-0.05,0.0,-0.05
improved_8_equal_weight_top20,Improved 8: improved 4 design with equal-weight 1/N sizing at top 20. Each position targets 5 pct of current portfolio equity. Top-N expansion from 10 to 20 and switch from fixed-dollar to percent-of-equity sizing are mechanically coupled and treated as a single improvement. Stop-loss / take-profit inherited from improved 4.,2019-04-30,FTNT,Information Technology,0.8895206629726284,63380.77361722244,-0.05,0.0,-0.05
improved_8_equal_weight_top20,Improved 8: improved 4 design with equal-weight 1/N sizing at top 20. Each position targets 5 pct of current portfolio equity. Top-N expansion from 10 to 20 and switch from fixed-dollar to percent-of-equity sizing are mechanically coupled and treated as a single improvement. Stop-loss / take-profit inherited from improved 4.,2019-04-30,CHD,Consumer Staples,0.8525729129410159,63380.77361722244,0.0042188901687212,0.0,0.0042188901687212
improved_8_equal_weight_top20,Improved 8: improved 4 design with equal-weight 1/N sizing at top 20. Each position targets 5 pct of current portfolio equity. Top-N expansion from 10 to 20 and switch from fixed-dollar to percent-of-equity sizing are mechanically coupled and treated as a single improvement. Stop-loss / take-profit inherited from improved 4.,2019-04-30,CDW,Information Technology,0.8525055481927155,63380.77361722244,-0.05,0.0,-0.05
improved_8_equal_weight_top20,Improved 8: improved 4 design with equal-weight 1/N sizing at top 20. Each position targets 5 pct of current portfolio equity. Top-N expansion from 10 to 20 and switch from fixed-dollar to percent-of-equity sizing are mechanically coupled and treated as a single improvement. Stop-loss / take-profit inherited from improved 4.,2019-04-30,HSY,Consumer Staples,0.8381028858300761,63380.77361722244,0.0615331789269992,0.0,0.0615331789269992
improved_8_equal_weight_top20,Improved 8: improved 4 design with equal-weight 1/N sizing at top 20. Each position targets 5 pct of current portfolio equity. Top-N expansion from 10 to 20 and switch from fixed-dollar to percent-of-equity sizing are mechanically coupled and treated as a single improvement. Stop-loss / take-profit inherited from improved 4.,2019-04-30,PEP,Consumer Staples,0.8307160150616545,63380.77361722244,0.0011732499017302,0.0,0.0011732499017302
improved_8_equal_weight_top20,Improved 8: improved 4 design with equal-weight 1/N sizing at top 20. Each position targets 5 pct of current portfolio equity. Top-N expansion from 10 to 20 and switch from fixed-dollar to percent-of-equity sizing are mechanically coupled and treated as a single improvement. Stop-loss / take-profit inherited from improved 4.,2019-04-30,FICO,Information Technology,0.8211180745318949,63380.77361722244,0.0567857142857142,0.0,0.0567857142857142
improved_8_equal_weight_top20,Improved 8: improved 4 design with equal-weight 1/N sizing at top 20. Each position targets 5 pct of current portfolio equity. Top-N expansion from 10 to 20 and switch from fixed-dollar to percent-of-equity sizing are mechanically coupled and treated as a single improvement. Stop-loss / take-profit inherited from improved 4.,2019-05-31,ORLY,Consumer Discretionary,0.7044956122060759,62001.061008238095,-0.0058413416256156,0.0,-0.0058413416256156
improved_8_equal_weight_top20,Improved 8: improved 4 design with equal-weight 1/N sizing at top 20. Each position targets 5 pct of current portfolio equity. Top-N expansion from 10 to 20 and switch from fixed-dollar to percent-of-equity sizing are mechanically coupled and treated as a single improvement. Stop-loss / take-profit inherited from improved 4.,2019-05-31,MSCI,Financials,0.6484214640411341,62001.061008238095,0.0853597563746659,0.0,0.0853597563746659
improved_8_equal_weight_top20,Improved 8: improved 4 design with equal-weight 1/N sizing at top 20. Each position targets 5 pct of current portfolio equity. Top-N expansion from 10 to 20 and switch from fixed-dollar to percent-of-equity sizing are mechanically coupled and treated as a single improvement. Stop-loss / take-profit inherited from improved 4.,2019-05-31,ERIE,Financials,0.5328448931131419,62001.061008238095,0.1947002443148771,0.0,0.1947002443148771
improved_8_equal_weight_top20,Improved 8: improved 4 design with equal-weight 1/N sizing at top 20. Each position targets 5 pct of current portfolio equity. Top-N expansion from 10 to 20 and switch from fixed-dollar to percent-of-equity sizing are mechanically coupled and treated as a single improvement. Stop-loss / take-profit inherited from improved 4.,2019-05-31,HSY,Consumer Staples,0.4672111958994487,62001.061008238095,0.0159175320250524,0.0,0.0159175320250524
improved_8_equal_weight_top20,Improved 8: improved 4 design with equal-weight 1/N sizing at top 20. Each position targets 5 pct of current portfolio equity. Top-N expansion from 10 to 20 and switch from fixed-dollar to percent-of-equity sizing are mechanically coupled and treated as a single improvement. Stop-loss / take-profit inherited from improved 4.,2019-05-31,LMT,Industrials,0.43919225757697344,62001.061008238095,0.0753076194981912,0.0,0.0753076194981912
improved_8_equal_weight_top20,Improved 8: improved 4 design with equal-weight 1/N sizing at top 20. Each position targets 5 pct of current portfolio equity. Top-N expansion from 10 to 20 and switch from fixed-dollar to percent-of-equity sizing are mechanically coupled and treated as a single improvement. Stop-loss / take-profit inherited from improved 4.,2019-05-31,SPGI,Financials,0.37710734301264426,62001.061008238095,0.0625029152480958,0.0,0.0625029152480958
improved_8_equal_weight_top20,Improved 8: improved 4 design with equal-weight 1/N sizing at top 20. Each position targets 5 pct of current portfolio equity. Top-N expansion from 10 to 20 and switch from fixed-dollar to percent-of-equity sizing are mechanically coupled and treated as a single improvement. Stop-loss / take-profit inherited from improved 4.,2019-05-31,MCO,Financials,0.3736263673372312,62001.061008238095,0.0673844135970176,0.0,0.0673844135970176
improved_8_equal_weight_top20,Improved 8: improved 4 design with equal-weight 1/N sizing at top 20. Each position targets 5 pct of current portfolio equity. Top-N expansion from 10 to 20 and switch from fixed-dollar to percent-of-equity sizing are mechanically coupled and treated as a single improvement. Stop-loss / take-profit inherited from improved 4.,2019-05-31,CHD,Consumer Staples,0.36386892779640545,62001.061008238095,-0.0230008023534268,0.0,-0.0230008023534268
improved_8_equal_weight_top20,Improved 8: improved 4 design with equal-weight 1/N sizing at top 20. Each position targets 5 pct of current portfolio equity. Top-N expansion from 10 to 20 and switch from fixed-dollar to percent-of-equity sizing are mechanically coupled and treated as a single improvement. Stop-loss / take-profit inherited from improved 4.,2019-05-31,PEP,Consumer Staples,0.34470317813527707,62001.061008238095,0.0329958505147518,0.0,0.0329958505147518
improved_8_equal_weight_top20,Improved 8: improved 4 design with equal-weight 1/N sizing at top 20. Each position targets 5 pct of current portfolio equity. Top-N expansion from 10 to 20 and switch from fixed-dollar to percent-of-equity sizing are mechanically coupled and treated as a single improvement. Stop-loss / take-profit inherited from improved 4.,2019-05-31,BALL,Materials,0.33496056711764643,62001.061008238095,0.1380487804868311,0.0,0.1380487804868311
improved_8_equal_weight_top20,Improved 8: improved 4 design with equal-weight 1/N sizing at top 20. Each position targets 5 pct of current portfolio equity. Top-N expansion from 10 to 20 and switch from fixed-dollar to percent-of-equity sizing are mechanically coupled and treated as a single improvement. Stop-loss / take-profit inherited from improved 4.,2019-05-31,FICO,Information Technology,0.32138488860764347,62001.061008238095,0.061236904359581,0.0,0.061236904359581
improved_8_equal_weight_top20,Improved 8: improved 4 design with equal-weight 1/N sizing at top 20. Each position targets 5 pct of current portfolio equity. Top-N expansion from 10 to 20 and switch from fixed-dollar to percent-of-equity sizing are mechanically coupled and treated as a single improvement. Stop-loss / take-profit inherited from improved 4.,2019-05-31,LULU,Consumer Discretionary,0.3147638426055164,62001.061008238095,0.0867153108605198,0.0,0.0867153108605198
improved_8_equal_weight_top20,Improved 8: improved 4 design with equal-weight 1/N sizing at top 20. Each position targets 5 pct of current portfolio equity. Top-N expansion from 10 to 20 and switch from fixed-dollar to percent-of-equity sizing are mechanically coupled and treated as a single improvement. Stop-loss / take-profit inherited from improved 4.,2019-05-31,LLY,Health Care,0.31424499170097353,62001.061008238095,-0.05,0.0,-0.05
improved_8_equal_weight_top20,Improved 8: improved 4 design with equal-weight 1/N sizing at top 20. Each position targets 5 pct of current portfolio equity. Top-N expansion from 10 to 20 and switch from fixed-dollar to percent-of-equity sizing are mechanically coupled and treated as a single improvement. Stop-loss / take-profit inherited from improved 4.,2019-05-31,MKC,Consumer Staples,0.3077458098597534,62001.061008238095,-0.05,0.0,-0.05
improved_8_equal_weight_top20,Improved 8: improved 4 design with equal-weight 1/N sizing at top 20. Each position targets 5 pct of current portfolio equity. Top-N expansion from 10 to 20 and switch from fixed-dollar to percent-of-equity sizing are mechanically coupled and treated as a single improvement. Stop-loss / take-profit inherited from improved 4.,2019-05-31,MA,Financials,0.2826548925004496,62001.061008238095,0.050555996822539,0.0,0.050555996822539
improved_8_equal_weight_top20,Improved 8: improved 4 design with equal-weight 1/N sizing at top 20. Each position targets 5 pct of current portfolio equity. Top-N expansion from 10 to 20 and switch from fixed-dollar to percent-of-equity sizing are mechanically coupled and treated as a single improvement. Stop-loss / take-profit inherited from improved 4.,2019-05-31,CLX,Consumer Staples,0.27298774020964534,62001.061008238095,0.02820495601316,0.0,0.02820495601316
improved_8_equal_weight_top20,Improved 8: improved 4 design with equal-weight 1/N sizing at top 20. Each position targets 5 pct of current portfolio equity. Top-N expansion from 10 to 20 and switch from fixed-dollar to percent-of-equity sizing are mechanically coupled and treated as a single improvement. Stop-loss / take-profit inherited from improved 4.,2019-05-31,DG,Consumer Staples,0.2700787391185645,62001.061008238095,0.0570110268245491,0.0,0.0570110268245491
improved_8_equal_weight_top20,Improved 8: improved 4 design with equal-weight 1/N sizing at top 20. Each position targets 5 pct of current portfolio equity. Top-N expansion from 10 to 20 and switch from fixed-dollar to percent-of-equity sizing are mechanically coupled and treated as a single improvement. Stop-loss / take-profit inherited from improved 4.,2019-05-31,VEEV,Health Care,0.2600123732062203,62001.061008238095,0.046816479400749,0.0,0.046816479400749
improved_8_equal_weight_top20,Improved 8: improved 4 design with equal-weight 1/N sizing at top 20. Each position targets 5 pct of current portfolio equity. Top-N expansion from 10 to 20 and switch from fixed-dollar to percent-of-equity sizing are mechanically coupled and treated as a single improvement. Stop-loss / take-profit inherited from improved 4.,2019-05-31,HLT,Consumer Discretionary,0.24625624978306027,62001.061008238095,0.0963544587777602,0.0,0.0963544587777602
improved_8_equal_weight_top20,Improved 8: improved 4 design with equal-weight 1/N sizing at top 20. Each position targets 5 pct of current portfolio equity. Top-N expansion from 10 to 20 and switch from fixed-dollar to percent-of-equity sizing are mechanically coupled and treated as a single improvement. Stop-loss / take-profit inherited from improved 4.,2019-05-31,MTD,Health Care,0.24414904648353064,62001.061008238095,0.157120423175469,0.0,0.157120423175469
improved_8_equal_weight_top20,Improved 8: improved 4 design with equal-weight 1/N sizing at top 20. Each position targets 5 pct of current portfolio equity. Top-N expansion from 10 to 20 and switch from fixed-dollar to percent-of-equity sizing are mechanically coupled and treated as a single improvement. Stop-loss / take-profit inherited from improved 4.,2019-09-30,SPGI,Financials,1.4769018918743297,65496.03144214556,0.0543114017161936,0.0,0.0543114017161936
improved_8_equal_weight_top20,Improved 8: improved 4 design with equal-weight 1/N sizing at top 20. Each position targets 5 pct of current portfolio equity. Top-N expansion from 10 to 20 and switch from fixed-dollar to percent-of-equity sizing are mechanically coupled and treated as a single improvement. Stop-loss / take-profit inherited from improved 4.,2019-09-30,MCO,Financials,1.4418796381873635,65496.03144214556,0.0740218026085173,0.0,0.0740218026085173
improved_8_equal_weight_top20,Improved 8: improved 4 design with equal-weight 1/N sizing at top 20. Each position targets 5 pct of current portfolio equity. Top-N expansion from 10 to 20 and switch from fixed-dollar to percent-of-equity sizing are mechanically coupled and treated as a single improvement. Stop-loss / take-profit inherited from improved 4.,2019-09-30,LMT,Industrials,1.4094164051403797,65496.03144214556,-0.05,0.0,-0.05
improved_8_equal_weight_top20,Improved 8: improved 4 design with equal-weight 1/N sizing at top 20. Each position targets 5 pct of current portfolio equity. Top-N expansion from 10 to 20 and switch from fixed-dollar to percent-of-equity sizing are mechanically coupled and treated as a single improvement. Stop-loss / take-profit inherited from improved 4.,2019-09-30,ORLY,Consumer Discretionary,1.3778958791939657,65496.03144214556,0.0886661333880221,0.0,0.0886661333880221
improved_8_equal_weight_top20,Improved 8: improved 4 design with equal-weight 1/N sizing at top 20. Each position targets 5 pct of current portfolio equity. Top-N expansion from 10 to 20 and switch from fixed-dollar to percent-of-equity sizing are mechanically coupled and treated as a single improvement. Stop-loss / take-profit inherited from improved 4.,2019-09-30,HLT,Consumer Discretionary,1.318318451517082,65496.03144214556,0.0375601926158679,0.0,0.0375601926158679
improved_8_equal_weight_top20,Improved 8: improved 4 design with equal-weight 1/N sizing at top 20. Each position targets 5 pct of current portfolio equity. Top-N expansion from 10 to 20 and switch from fixed-dollar to percent-of-equity sizing are mechanically coupled and treated as a single improvement. Stop-loss / take-profit inherited from improved 4.,2019-09-30,IDXX,Health Care,1.1446988169941403,65496.03144214556,0.0424652523774689,0.0,0.0424652523774689
improved_8_equal_weight_top20,Improved 8: improved 4 design with equal-weight 1/N sizing at top 20. Each position targets 5 pct of current portfolio equity. Top-N expansion from 10 to 20 and switch from fixed-dollar to percent-of-equity sizing are mechanically coupled and treated as a single improvement. Stop-loss / take-profit inherited from improved 4.,2019-09-30,HSY,Consumer Staples,1.075481704367204,65496.03144214556,-0.05,0.0,-0.05
improved_8_equal_weight_top20,Improved 8: improved 4 design with equal-weight 1/N sizing at top 20. Each position targets 5 pct of current portfolio equity. Top-N expansion from 10 to 20 and switch from fixed-dollar to percent-of-equity sizing are mechanically coupled and treated as a single improvement. Stop-loss / take-profit inherited from improved 4.,2019-09-30,KLAC,Information Technology,1.0011383831204528,65496.03144214556,0.0513091610168923,0.0,0.0513091610168923
improved_8_equal_weight_top20,Improved 8: improved 4 design with equal-weight 1/N sizing at top 20. Each position targets 5 pct of current portfolio equity. Top-N expansion from 10 to 20 and switch from fixed-dollar to percent-of-equity sizing are mechanically coupled and treated as a single improvement. Stop-loss / take-profit inherited from improved 4.,2019-09-30,LRCX,Information Technology,0.9655937378805612,65496.03144214556,0.1632618025792498,0.0,0.1632618025792498
improved_8_equal_weight_top20,Improved 8: improved 4 design with equal-weight 1/N sizing at top 20. Each position targets 5 pct of current portfolio equity. Top-N expansion from 10 to 20 and switch from fixed-dollar to percent-of-equity sizing are mechanically coupled and treated as a single improvement. Stop-loss / take-profit inherited from improved 4.,2019-09-30,TER,Information Technology,0.9216946022736681,65496.03144214556,0.0422199523314135,0.0,0.0422199523314135
improved_8_equal_weight_top20,Improved 8: improved 4 design with equal-weight 1/N sizing at top 20. Each position targets 5 pct of current portfolio equity. Top-N expansion from 10 to 20 and switch from fixed-dollar to percent-of-equity sizing are mechanically coupled and treated as a single improvement. Stop-loss / take-profit inherited from improved 4.,2019-09-30,NVR,Consumer Discretionary,0.9117467430238032,65496.03144214556,-0.0211326747597641,0.0,-0.0211326747597641
improved_8_equal_weight_top20,Improved 8: improved 4 design with equal-weight 1/N sizing at top 20. Each position targets 5 pct of current portfolio equity. Top-N expansion from 10 to 20 and switch from fixed-dollar to percent-of-equity sizing are mechanically coupled and treated as a single improvement. Stop-loss / take-profit inherited from improved 4.,2019-09-30,CPRT,Industrials,0.8647305945242355,65496.03144214556,0.0287563799327772,0.0,0.0287563799327772
improved_8_equal_weight_top20,Improved 8: improved 4 design with equal-weight 1/N sizing at top 20. Each position targets 5 pct of current portfolio equity. Top-N expansion from 10 to 20 and switch from fixed-dollar to percent-of-equity sizing are mechanically coupled and treated as a single improvement. Stop-loss / take-profit inherited from improved 4.,2019-09-30,STX,Information Technology,0.8523793404487001,65496.03144214556,-0.05,0.0,-0.05
improved_8_equal_weight_top20,Improved 8: improved 4 design with equal-weight 1/N sizing at top 20. Each position targets 5 pct of current portfolio equity. Top-N expansion from 10 to 20 and switch from fixed-dollar to percent-of-equity sizing are mechanically coupled and treated as a single improvement. Stop-loss / take-profit inherited from improved 4.,2019-09-30,CDW,Information Technology,0.8475711188930741,65496.03144214556,0.0362958762049521,0.0,0.0362958762049521
improved_8_equal_weight_top20,Improved 8: improved 4 design with equal-weight 1/N sizing at top 20. Each position targets 5 pct of current portfolio equity. Top-N expansion from 10 to 20 and switch from fixed-dollar to percent-of-equity sizing are mechanically coupled and treated as a single improvement. Stop-loss / take-profit inherited from improved 4.,2019-09-30,PEP,Consumer Staples,0.8471584896576029,65496.03144214556,0.0017527203681568,0.0,0.0017527203681568
improved_8_equal_weight_top20,Improved 8: improved 4 design with equal-weight 1/N sizing at top 20. Each position targets 5 pct of current portfolio equity. Top-N expansion from 10 to 20 and switch from fixed-dollar to percent-of-equity sizing are mechanically coupled and treated as a single improvement. Stop-loss / take-profit inherited from improved 4.,2019-09-30,PHM,Consumer Discretionary,0.8353255495991805,65496.03144214556,0.0733041575490898,0.0,0.0733041575490898
improved_8_equal_weight_top20,Improved 8: improved 4 design with equal-weight 1/N sizing at top 20. Each position targets 5 pct of current portfolio equity. Top-N expansion from 10 to 20 and switch from fixed-dollar to percent-of-equity sizing are mechanically coupled and treated as a single improvement. Stop-loss / take-profit inherited from improved 4.,2019-09-30,CINF,Financials,0.8313345912219614,65496.03144214556,-0.05,0.0,-0.05
improved_8_equal_weight_top20,Improved 8: improved 4 design with equal-weight 1/N sizing at top 20. Each position targets 5 pct of current portfolio equity. Top-N expansion from 10 to 20 and switch from fixed-dollar to percent-of-equity sizing are mechanically coupled and treated as a single improvement. Stop-loss / take-profit inherited from improved 4.,2019-09-30,BLDR,Industrials,0.7997362342274545,65496.03144214556,-0.05,0.0,-0.05
improved_8_equal_weight_top20,Improved 8: improved 4 design with equal-weight 1/N sizing at top 20. Each position targets 5 pct of current portfolio equity. Top-N expansion from 10 to 20 and switch from fixed-dollar to percent-of-equity sizing are mechanically coupled and treated as a single improvement. Stop-loss / take-profit inherited from improved 4.,2019-09-30,MA,Financials,0.7914287822963456,65496.03144214556,0.0208554092120945,0.0,0.0208554092120945
improved_8_equal_weight_top20,Improved 8: improved 4 design with equal-weight 1/N sizing at top 20. Each position targets 5 pct of current portfolio equity. Top-N expansion from 10 to 20 and switch from fixed-dollar to percent-of-equity sizing are mechanically coupled and treated as a single improvement. Stop-loss / take-profit inherited from improved 4.,2019-09-30,SO,Utilities,0.7907529601311719,65496.03144214556,0.0172077922075346,0.0,0.0172077922075346
improved_8_equal_weight_top20,Improved 8: improved 4 design with equal-weight 1/N sizing at top 20. Each position targets 5 pct of current portfolio equity. Top-N expansion from 10 to 20 and switch from fixed-dollar to percent-of-equity sizing are mechanically coupled and treated as a single improvement. Stop-loss / take-profit inherited from improved 4.,2019-10-31,MCO,Financials,1.2775818475430643,67005.24129745398,0.0212459572513419,0.0,0.0212459572513419
improved_8_equal_weight_top20,Improved 8: improved 4 design with equal-weight 1/N sizing at top 20. Each position targets 5 pct of current portfolio equity. Top-N expansion from 10 to 20 and switch from fixed-dollar to percent-of-equity sizing are mechanically coupled and treated as a single improvement. Stop-loss / take-profit inherited from improved 4.,2019-10-31,SPGI,Financials,1.1782584402188157,67005.24129745398,0.0200277955484375,0.0,0.0200277955484375
improved_8_equal_weight_top20,Improved 8: improved 4 design with equal-weight 1/N sizing at top 20. Each position targets 5 pct of current portfolio equity. Top-N expansion from 10 to 20 and switch from fixed-dollar to percent-of-equity sizing are mechanically coupled and treated as a single improvement. Stop-loss / take-profit inherited from improved 4.,2019-10-31,ORLY,Consumer Discretionary,1.1475664948150626,67005.24129745398,0.0099330943301554,0.0,0.0099330943301554
improved_8_equal_weight_top20,Improved 8: improved 4 design with equal-weight 1/N sizing at top 20. Each position targets 5 pct of current portfolio equity. Top-N expansion from 10 to 20 and switch from fixed-dollar to percent-of-equity sizing are mechanically coupled and treated as a single improvement. Stop-loss / take-profit inherited from improved 4.,2019-10-31,HLT,Consumer Discretionary,1.120002971618695,67005.24129745398,0.0746980426901,0.0,0.0746980426901
improved_8_equal_weight_top20,Improved 8: improved 4 design with equal-weight 1/N sizing at top 20. Each position targets 5 pct of current portfolio equity. Top-N expansion from 10 to 20 and switch from fixed-dollar to percent-of-equity sizing are mechanically coupled and treated as a single improvement. Stop-loss / take-profit inherited from improved 4.,2019-10-31,LMT,Industrials,0.9530676923110568,67005.24129745398,0.0405173097777047,0.0,0.0405173097777047
improved_8_equal_weight_top20,Improved 8: improved 4 design with equal-weight 1/N sizing at top 20. Each position targets 5 pct of current portfolio equity. Top-N expansion from 10 to 20 and switch from fixed-dollar to percent-of-equity sizing are mechanically coupled and treated as a single improvement. Stop-loss / take-profit inherited from improved 4.,2019-10-31,IDXX,Health Care,0.8723256028366841,67005.24129745398,-0.05,0.0,-0.05
improved_8_equal_weight_top20,Improved 8: improved 4 design with equal-weight 1/N sizing at top 20. Each position targets 5 pct of current portfolio equity. Top-N expansion from 10 to 20 and switch from fixed-dollar to percent-of-equity sizing are mechanically coupled and treated as a single improvement. Stop-loss / take-profit inherited from improved 4.,2019-10-31,STX,Information Technology,0.6927699989122407,67005.24129745398,0.0753153153161032,0.0,0.0753153153161032
improved_8_equal_weight_top20,Improved 8: improved 4 design with equal-weight 1/N sizing at top 20. Each position targets 5 pct of current portfolio equity. Top-N expansion from 10 to 20 and switch from fixed-dollar to percent-of-equity sizing are mechanically coupled and treated as a single improvement. Stop-loss / take-profit inherited from improved 4.,2019-10-31,LRCX,Information Technology,0.6918893686911196,67005.24129745398,-0.05,0.0,-0.05
improved_8_equal_weight_top20,Improved 8: improved 4 design with equal-weight 1/N sizing at top 20. Each position targets 5 pct of current portfolio equity. Top-N expansion from 10 to 20 and switch from fixed-dollar to percent-of-equity sizing are mechanically coupled and treated as a single improvement. Stop-loss / take-profit inherited from improved 4.,2019-10-31,BLDR,Industrials,0.6805644146822811,67005.24129745398,0.0812765957446808,0.0,0.0812765957446808
improved_8_equal_weight_top20,Improved 8: improved 4 design with equal-weight 1/N sizing at top 20. Each position targets 5 pct of current portfolio equity. Top-N expansion from 10 to 20 and switch from fixed-dollar to percent-of-equity sizing are mechanically coupled and treated as a single improvement. Stop-loss / take-profit inherited from improved 4.,2019-10-31,KLAC,Information Technology,0.6728362395965982,67005.24129745398,-0.05,0.0,-0.05
improved_8_equal_weight_top20,Improved 8: improved 4 design with equal-weight 1/N sizing at top 20. Each position targets 5 pct of current portfolio equity. Top-N expansion from 10 to 20 and switch from fixed-dollar to percent-of-equity sizing are mechanically coupled and treated as a single improvement. Stop-loss / take-profit inherited from improved 4.,2019-10-31,GNRC,Industrials,0.6169661327013547,67005.24129745398,0.033252910940942,0.0,0.033252910940942
improved_8_equal_weight_top20,Improved 8: improved 4 design with equal-weight 1/N sizing at top 20. Each position targets 5 pct of current portfolio equity. Top-N expansion from 10 to 20 and switch from fixed-dollar to percent-of-equity sizing are mechanically coupled and treated as a single improvement. Stop-loss / take-profit inherited from improved 4.,2019-10-31,TER,Information Technology,0.5372848758401916,67005.24129745398,0.0189964782684577,0.0,0.0189964782684577
improved_8_equal_weight_top20,Improved 8: improved 4 design with equal-weight 1/N sizing at top 20. Each position targets 5 pct of current portfolio equity. Top-N expansion from 10 to 20 and switch from fixed-dollar to percent-of-equity sizing are mechanically coupled and treated as a single improvement. Stop-loss / take-profit inherited from improved 4.,2019-10-31,LLY,Health Care,0.479068885290842,67005.24129745398,0.034711240264265,0.0,0.034711240264265
improved_8_equal_weight_top20,Improved 8: improved 4 design with equal-weight 1/N sizing at top 20. Each position targets 5 pct of current portfolio equity. Top-N expansion from 10 to 20 and switch from fixed-dollar to percent-of-equity sizing are mechanically coupled and treated as a single improvement. Stop-loss / take-profit inherited from improved 4.,2019-10-31,AMAT,Information Technology,0.4726241497933805,67005.24129745398,0.0577797025522786,0.0,0.0577797025522786
improved_8_equal_weight_top20,Improved 8: improved 4 design with equal-weight 1/N sizing at top 20. Each position targets 5 pct of current portfolio equity. Top-N expansion from 10 to 20 and switch from fixed-dollar to percent-of-equity sizing are mechanically coupled and treated as a single improvement. Stop-loss / take-profit inherited from improved 4.,2019-10-31,NVR,Consumer Discretionary,0.46478164596677796,67005.24129745398,-0.05,0.0,-0.05
improved_8_equal_weight_top20,Improved 8: improved 4 design with equal-weight 1/N sizing at top 20. Each position targets 5 pct of current portfolio equity. Top-N expansion from 10 to 20 and switch from fixed-dollar to percent-of-equity sizing are mechanically coupled and treated as a single improvement. Stop-loss / take-profit inherited from improved 4.,2019-10-31,MA,Financials,0.45725681747416147,67005.24129745398,0.0474193548386849,0.0,0.0474193548386849
improved_8_equal_weight_top20,Improved 8: improved 4 design with equal-weight 1/N sizing at top 20. Each position targets 5 pct of current portfolio equity. Top-N expansion from 10 to 20 and switch from fixed-dollar to percent-of-equity sizing are mechanically coupled and treated as a single improvement. Stop-loss / take-profit inherited from improved 4.,2019-10-31,CPRT,Industrials,0.40579251764436575,67005.24129745398,0.0689406677876531,0.0,0.0689406677876531
improved_8_equal_weight_top20,Improved 8: improved 4 design with equal-weight 1/N sizing at top 20. Each position targets 5 pct of current portfolio equity. Top-N expansion from 10 to 20 and switch from fixed-dollar to percent-of-equity sizing are mechanically coupled and treated as a single improvement. Stop-loss / take-profit inherited from improved 4.,2019-10-31,BX,Financials,0.37768165187456304,67005.24129745398,0.0241783150752519,0.0,0.0241783150752519
improved_8_equal_weight_top20,Improved 8: improved 4 design with equal-weight 1/N sizing at top 20. Each position targets 5 pct of current portfolio equity. Top-N expansion from 10 to 20 and switch from fixed-dollar to percent-of-equity sizing are mechanically coupled and treated as a single improvement. Stop-loss / take-profit inherited from improved 4.,2019-10-31,PHM,Consumer Discretionary,0.3733552501426084,67005.24129745398,0.0050697084917137,0.0,0.0050697084917137
improved_8_equal_weight_top20,Improved 8: improved 4 design with equal-weight 1/N sizing at top 20. Each position targets 5 pct of current portfolio equity. Top-N expansion from 10 to 20 and switch from fixed-dollar to percent-of-equity sizing are mechanically coupled and treated as a single improvement. Stop-loss / take-profit inherited from improved 4.,2019-10-31,KEYS,Information Technology,0.3533892830902109,67005.24129745398,0.0539635647464302,0.0,0.0539635647464302
improved_8_equal_weight_top20,Improved 8: improved 4 design with equal-weight 1/N sizing at top 20. Each position targets 5 pct of current portfolio equity. Top-N expansion from 10 to 20 and switch from fixed-dollar to percent-of-equity sizing are mechanically coupled and treated as a single improvement. Stop-loss / take-profit inherited from improved 4.,2019-11-30,SPGI,Financials,1.7115237254635687,68570.9060468378,0.0295614795825711,0.0,0.0295614795825711
improved_8_equal_weight_top20,Improved 8: improved 4 design with equal-weight 1/N sizing at top 20. Each position targets 5 pct of current portfolio equity. Top-N expansion from 10 to 20 and switch from fixed-dollar to percent-of-equity sizing are mechanically coupled and treated as a single improvement. Stop-loss / take-profit inherited from improved 4.,2019-11-30,MCO,Financials,1.6795160385561352,68570.9060468378,0.0481677704196508,0.0,0.0481677704196508
improved_8_equal_weight_top20,Improved 8: improved 4 design with equal-weight 1/N sizing at top 20. Each position targets 5 pct of current portfolio equity. Top-N expansion from 10 to 20 and switch from fixed-dollar to percent-of-equity sizing are mechanically coupled and treated as a single improvement. Stop-loss / take-profit inherited from improved 4.,2019-11-30,HLT,Consumer Discretionary,1.636818772486792,68570.9060468378,0.0556824671614635,0.0,0.0556824671614635
improved_8_equal_weight_top20,Improved 8: improved 4 design with equal-weight 1/N sizing at top 20. Each position targets 5 pct of current portfolio equity. Top-N expansion from 10 to 20 and switch from fixed-dollar to percent-of-equity sizing are mechanically coupled and treated as a single improvement. Stop-loss / take-profit inherited from improved 4.,2019-11-30,ORLY,Consumer Discretionary,1.5420506919501564,68570.9060468378,-0.0115476566398894,0.0,-0.0115476566398894
improved_8_equal_weight_top20,Improved 8: improved 4 design with equal-weight 1/N sizing at top 20. Each position targets 5 pct of current portfolio equity. Top-N expansion from 10 to 20 and switch from fixed-dollar to percent-of-equity sizing are mechanically coupled and treated as a single improvement. Stop-loss / take-profit inherited from improved 4.,2019-11-30,LMT,Industrials,1.4513255398836529,68570.9060468378,-0.0034040592767432,0.0,-0.0034040592767432
improved_8_equal_weight_top20,Improved 8: improved 4 design with equal-weight 1/N sizing at top 20. Each position targets 5 pct of current portfolio equity. Top-N expansion from 10 to 20 and switch from fixed-dollar to percent-of-equity sizing are mechanically coupled and treated as a single improvement. Stop-loss / take-profit inherited from improved 4.,2019-11-30,IDXX,Health Care,1.3588806961456976,68570.9060468378,0.0389925595830182,0.0,0.0389925595830182
improved_8_equal_weight_top20,Improved 8: improved 4 design with equal-weight 1/N sizing at top 20. Each position targets 5 pct of current portfolio equity. Top-N expansion from 10 to 20 and switch from fixed-dollar to percent-of-equity sizing are mechanically coupled and treated as a single improvement. Stop-loss / take-profit inherited from improved 4.,2019-11-30,BLDR,Industrials,1.1640207929499442,68570.9060468378,-0.0019638648860959,0.0,-0.0019638648860959
improved_8_equal_weight_top20,Improved 8: improved 4 design with equal-weight 1/N sizing at top 20. Each position targets 5 pct of current portfolio equity. Top-N expansion from 10 to 20 and switch from fixed-dollar to percent-of-equity sizing are mechanically coupled and treated as a single improvement. Stop-loss / take-profit inherited from improved 4.,2019-11-30,FICO,Information Technology,1.1239024692165105,68570.9060468378,-0.05,0.0,-0.05
improved_8_equal_weight_top20,Improved 8: improved 4 design with equal-weight 1/N sizing at top 20. Each position targets 5 pct of current portfolio equity. Top-N expansion from 10 to 20 and switch from fixed-dollar to percent-of-equity sizing are mechanically coupled and treated as a single improvement. Stop-loss / take-profit inherited from improved 4.,2019-11-30,TGT,Consumer Staples,1.0650525265989168,68570.9060468378,0.0199681782025162,0.0,0.0199681782025162
improved_8_equal_weight_top20,Improved 8: improved 4 design with equal-weight 1/N sizing at top 20. Each position targets 5 pct of current portfolio equity. Top-N expansion from 10 to 20 and switch from fixed-dollar to percent-of-equity sizing are mechanically coupled and treated as a single improvement. Stop-loss / take-profit inherited from improved 4.,2019-11-30,LRCX,Information Technology,1.0485343792953445,68570.9060468378,0.1019591851008572,0.0,0.1019591851008572
improved_8_equal_weight_top20,Improved 8: improved 4 design with equal-weight 1/N sizing at top 20. Each position targets 5 pct of current portfolio equity. Top-N expansion from 10 to 20 and switch from fixed-dollar to percent-of-equity sizing are mechanically coupled and treated as a single improvement. Stop-loss / take-profit inherited from improved 4.,2019-11-30,MA,Financials,1.0437308013062012,68570.9060468378,0.0275301971848187,0.0,0.0275301971848187
improved_8_equal_weight_top20,Improved 8: improved 4 design with equal-weight 1/N sizing at top 20. Each position targets 5 pct of current portfolio equity. Top-N expansion from 10 to 20 and switch from fixed-dollar to percent-of-equity sizing are mechanically coupled and treated as a single improvement. Stop-loss / take-profit inherited from improved 4.,2019-11-30,STX,Information Technology,1.033505159191646,68570.9060468378,-0.05,0.0,-0.05
improved_8_equal_weight_top20,Improved 8: improved 4 design with equal-weight 1/N sizing at top 20. Each position targets 5 pct of current portfolio equity. Top-N expansion from 10 to 20 and switch from fixed-dollar to percent-of-equity sizing are mechanically coupled and treated as a single improvement. Stop-loss / take-profit inherited from improved 4.,2019-11-30,TER,Information Technology,1.0180164868491999,68570.9060468378,0.0898194022698903,0.0,0.0898194022698903
improved_8_equal_weight_top20,Improved 8: improved 4 design with equal-weight 1/N sizing at top 20. Each position targets 5 pct of current portfolio equity. Top-N expansion from 10 to 20 and switch from fixed-dollar to percent-of-equity sizing are mechanically coupled and treated as a single improvement. Stop-loss / take-profit inherited from improved 4.,2019-11-30,QCOM,Information Technology,1.01162534561741,68570.9060468378,0.0585431612091835,0.0,0.0585431612091835
improved_8_equal_weight_top20,Improved 8: improved 4 design with equal-weight 1/N sizing at top 20. Each position targets 5 pct of current portfolio equity. Top-N expansion from 10 to 20 and switch from fixed-dollar to percent-of-equity sizing are mechanically coupled and treated as a single improvement. Stop-loss / take-profit inherited from improved 4.,2019-11-30,KLAC,Information Technology,1.0037732731087046,68570.9060468378,-0.05,0.0,-0.05
improved_8_equal_weight_top20,Improved 8: improved 4 design with equal-weight 1/N sizing at top 20. Each position targets 5 pct of current portfolio equity. Top-N expansion from 10 to 20 and switch from fixed-dollar to percent-of-equity sizing are mechanically coupled and treated as a single improvement. Stop-loss / take-profit inherited from improved 4.,2019-11-30,CPRT,Industrials,0.9848821064289786,68570.9060468378,0.0254848894903021,0.0,0.0254848894903021
improved_8_equal_weight_top20,Improved 8: improved 4 design with equal-weight 1/N sizing at top 20. Each position targets 5 pct of current portfolio equity. Top-N expansion from 10 to 20 and switch from fixed-dollar to percent-of-equity sizing are mechanically coupled and treated as a single improvement. Stop-loss / take-profit inherited from improved 4.,2019-11-30,GNRC,Industrials,0.9590312268314953,68570.9060468378,0.0234001424356495,0.0,0.0234001424356495
improved_8_equal_weight_top20,Improved 8: improved 4 design with equal-weight 1/N sizing at top 20. Each position targets 5 pct of current portfolio equity. Top-N expansion from 10 to 20 and switch from fixed-dollar to percent-of-equity sizing are mechanically coupled and treated as a single improvement. Stop-loss / take-profit inherited from improved 4.,2019-11-30,APO,Financials,0.8970545415044044,68570.9060468378,0.0850579940865576,0.0,0.0850579940865576
improved_8_equal_weight_top20,Improved 8: improved 4 design with equal-weight 1/N sizing at top 20. Each position targets 5 pct of current portfolio equity. Top-N expansion from 10 to 20 and switch from fixed-dollar to percent-of-equity sizing are mechanically coupled and treated as a single improvement. Stop-loss / take-profit inherited from improved 4.,2019-11-30,BX,Financials,0.8792337074578509,68570.9060468378,0.0281198309124917,0.0,0.0281198309124917
improved_8_equal_weight_top20,Improved 8: improved 4 design with equal-weight 1/N sizing at top 20. Each position targets 5 pct of current portfolio equity. Top-N expansion from 10 to 20 and switch from fixed-dollar to percent-of-equity sizing are mechanically coupled and treated as a single improvement. Stop-loss / take-profit inherited from improved 4.,2019-11-30,LLY,Health Care,0.8743997217013902,68570.9060468378,0.1183628318587493,0.0,0.1183628318587493
improved_8_equal_weight_top20,Improved 8: improved 4 design with equal-weight 1/N sizing at top 20. Each position targets 5 pct of current portfolio equity. Top-N expansion from 10 to 20 and switch from fixed-dollar to percent-of-equity sizing are mechanically coupled and treated as a single improvement. Stop-loss / take-profit inherited from improved 4.,2019-12-31,MCO,Financials,1.3530237035104995,70572.26625443887,0.0758756494048289,0.0,0.0758756494048289
improved_8_equal_weight_top20,Improved 8: improved 4 design with equal-weight 1/N sizing at top 20. Each position targets 5 pct of current portfolio equity. Top-N expansion from 10 to 20 and switch from fixed-dollar to percent-of-equity sizing are mechanically coupled and treated as a single improvement. Stop-loss / take-profit inherited from improved 4.,2019-12-31,SPGI,Financials,1.2654132672811345,70572.26625443887,0.0697818406961865,0.0,0.0697818406961865
improved_8_equal_weight_top20,Improved 8: improved 4 design with equal-weight 1/N sizing at top 20. Each position targets 5 pct of current portfolio equity. Top-N expansion from 10 to 20 and switch from fixed-dollar to percent-of-equity sizing are mechanically coupled and treated as a single improvement. Stop-loss / take-profit inherited from improved 4.,2019-12-31,HLT,Consumer Discretionary,1.1766604952178057,70572.26625443887,-0.05,0.0,-0.05
improved_8_equal_weight_top20,Improved 8: improved 4 design with equal-weight 1/N sizing at top 20. Each position targets 5 pct of current portfolio equity. Top-N expansion from 10 to 20 and switch from fixed-dollar to percent-of-equity sizing are mechanically coupled and treated as a single improvement. Stop-loss / take-profit inherited from improved 4.,2019-12-31,LMT,Industrials,1.0434960069584562,70572.26625443887,0.0897520745303719,0.0,0.0897520745303719
improved_8_equal_weight_top20,Improved 8: improved 4 design with equal-weight 1/N sizing at top 20. Each position targets 5 pct of current portfolio equity. Top-N expansion from 10 to 20 and switch from fixed-dollar to percent-of-equity sizing are mechanically coupled and treated as a single improvement. Stop-loss / take-profit inherited from improved 4.,2019-12-31,ORLY,Consumer Discretionary,0.9646492480318061,70572.26625443887,-0.05,0.0,-0.05
improved_8_equal_weight_top20,Improved 8: improved 4 design with equal-weight 1/N sizing at top 20. Each position targets 5 pct of current portfolio equity. Top-N expansion from 10 to 20 and switch from fixed-dollar to percent-of-equity sizing are mechanically coupled and treated as a single improvement. Stop-loss / take-profit inherited from improved 4.,2019-12-31,IDXX,Health Care,0.9368339398804006,70572.26625443887,0.0362482315604328,0.0,0.0362482315604328
improved_8_equal_weight_top20,Improved 8: improved 4 design with equal-weight 1/N sizing at top 20. Each position targets 5 pct of current portfolio equity. Top-N expansion from 10 to 20 and switch from fixed-dollar to percent-of-equity sizing are mechanically coupled and treated as a single improvement. Stop-loss / take-profit inherited from improved 4.,2019-12-31,BLDR,Industrials,0.7922027392808972,70572.26625443887,-0.0310668229777255,0.0,-0.0310668229777255
improved_8_equal_weight_top20,Improved 8: improved 4 design with equal-weight 1/N sizing at top 20. Each position targets 5 pct of current portfolio equity. Top-N expansion from 10 to 20 and switch from fixed-dollar to percent-of-equity sizing are mechanically coupled and treated as a single improvement. Stop-loss / take-profit inherited from improved 4.,2019-12-31,LRCX,Information Technology,0.774029257362006,70572.26625443887,0.0082155656245181,0.0,0.0082155656245181
improved_8_equal_weight_top20,Improved 8: improved 4 design with equal-weight 1/N sizing at top 20. Each position targets 5 pct of current portfolio equity. Top-N expansion from 10 to 20 and switch from fixed-dollar to percent-of-equity sizing are mechanically coupled and treated as a single improvement. Stop-loss / take-profit inherited from improved 4.,2019-12-31,TER,Information Technology,0.7074550895596456,70572.26625443887,-0.0414003486347854,0.0,-0.0414003486347854
improved_8_equal_weight_top20,Improved 8: improved 4 design with equal-weight 1/N sizing at top 20. Each position targets 5 pct of current portfolio equity. Top-N expansion from 10 to 20 and switch from fixed-dollar to percent-of-equity sizing are mechanically coupled and treated as a single improvement. Stop-loss / take-profit inherited from improved 4.,2019-12-31,APO,Financials,0.6401280483530654,70572.26625443887,-0.05,0.0,-0.05
improved_8_equal_weight_top20,Improved 8: improved 4 design with equal-weight 1/N sizing at top 20. Each position targets 5 pct of current portfolio equity. Top-N expansion from 10 to 20 and switch from fixed-dollar to percent-of-equity sizing are mechanically coupled and treated as a single improvement. Stop-loss / take-profit inherited from improved 4.,2019-12-31,KLAC,Information Technology,0.6258211943121419,70572.26625443887,-0.05,0.0,-0.05
improved_8_equal_weight_top20,Improved 8: improved 4 design with equal-weight 1/N sizing at top 20. Each position targets 5 pct of current portfolio equity. Top-N expansion from 10 to 20 and switch from fixed-dollar to percent-of-equity sizing are mechanically coupled and treated as a single improvement. Stop-loss / take-profit inherited from improved 4.,2019-12-31,FICO,Information Technology,0.5776424426412957,70572.26625443887,0.0673209549071618,0.0,0.0673209549071618
improved_8_equal_weight_top20,Improved 8: improved 4 design with equal-weight 1/N sizing at top 20. Each position targets 5 pct of current portfolio equity. Top-N expansion from 10 to 20 and switch from fixed-dollar to percent-of-equity sizing are mechanically coupled and treated as a single improvement. Stop-loss / take-profit inherited from improved 4.,2019-12-31,MA,Financials,0.5551114647362019,70572.26625443887,0.0528995930700657,0.0,0.0528995930700657
improved_8_equal_weight_top20,Improved 8: improved 4 design with equal-weight 1/N sizing at top 20. Each position targets 5 pct of current portfolio equity. Top-N expansion from 10 to 20 and switch from fixed-dollar to percent-of-equity sizing are mechanically coupled and treated as a single improvement. Stop-loss / take-profit inherited from improved 4.,2019-12-31,GNRC,Industrials,0.532955826619244,70572.26625443887,0.021799171434208,0.0,0.021799171434208
improved_8_equal_weight_top20,Improved 8: improved 4 design with equal-weight 1/N sizing at top 20. Each position targets 5 pct of current portfolio equity. Top-N expansion from 10 to 20 and switch from fixed-dollar to percent-of-equity sizing are mechanically coupled and treated as a single improvement. Stop-loss / take-profit inherited from improved 4.,2019-12-31,STX,Information Technology,0.5328223712375397,70572.26625443887,-0.05,0.0,-0.05
improved_8_equal_weight_top20,Improved 8: improved 4 design with equal-weight 1/N sizing at top 20. Each position targets 5 pct of current portfolio equity. Top-N expansion from 10 to 20 and switch from fixed-dollar to percent-of-equity sizing are mechanically coupled and treated as a single improvement. Stop-loss / take-profit inherited from improved 4.,2019-12-31,AAPL,Information Technology,0.5277532448935257,70572.26625443887,0.0447947610043719,0.0,0.0447947610043719
improved_8_equal_weight_top20,Improved 8: improved 4 design with equal-weight 1/N sizing at top 20. Each position targets 5 pct of current portfolio equity. Top-N expansion from 10 to 20 and switch from fixed-dollar to percent-of-equity sizing are mechanically coupled and treated as a single improvement. Stop-loss / take-profit inherited from improved 4.,2019-12-31,TGT,Consumer Staples,0.5257429277029352,70572.26625443887,-0.05,0.0,-0.05
improved_8_equal_weight_top20,Improved 8: improved 4 design with equal-weight 1/N sizing at top 20. Each position targets 5 pct of current portfolio equity. Top-N expansion from 10 to 20 and switch from fixed-dollar to percent-of-equity sizing are mechanically coupled and treated as a single improvement. Stop-loss / take-profit inherited from improved 4.,2019-12-31,CDW,Information Technology,0.5001736849641137,70572.26625443887,-0.05,0.0,-0.05
improved_8_equal_weight_top20,Improved 8: improved 4 design with equal-weight 1/N sizing at top 20. Each position targets 5 pct of current portfolio equity. Top-N expansion from 10 to 20 and switch from fixed-dollar to percent-of-equity sizing are mechanically coupled and treated as a single improvement. Stop-loss / take-profit inherited from improved 4.,2019-12-31,ARES,Financials,0.49423509907539076,70572.26625443887,0.0064192017864803,0.0,0.0064192017864803
improved_8_equal_weight_top20,Improved 8: improved 4 design with equal-weight 1/N sizing at top 20. Each position targets 5 pct of current portfolio equity. Top-N expansion from 10 to 20 and switch from fixed-dollar to percent-of-equity sizing are mechanically coupled and treated as a single improvement. Stop-loss / take-profit inherited from improved 4.,2019-12-31,BX,Financials,0.4788552866275111,70572.26625443887,0.0866548042697452,0.0,0.0866548042697452
improved_8_equal_weight_top20,Improved 8: improved 4 design with equal-weight 1/N sizing at top 20. Each position targets 5 pct of current portfolio equity. Top-N expansion from 10 to 20 and switch from fixed-dollar to percent-of-equity sizing are mechanically coupled and treated as a single improvement. Stop-loss / take-profit inherited from improved 4.,2020-02-29,MCO,Financials,1.2030624794987013,71056.72607832316,-0.05,0.0,-0.05
improved_8_equal_weight_top20,Improved 8: improved 4 design with equal-weight 1/N sizing at top 20. Each position targets 5 pct of current portfolio equity. Top-N expansion from 10 to 20 and switch from fixed-dollar to percent-of-equity sizing are mechanically coupled and treated as a single improvement. Stop-loss / take-profit inherited from improved 4.,2020-02-29,GNRC,Industrials,1.1134749917658104,71056.72607832316,-0.05,0.0,-0.05
improved_8_equal_weight_top20,Improved 8: improved 4 design with equal-weight 1/N sizing at top 20. Each position targets 5 pct of current portfolio equity. Top-N expansion from 10 to 20 and switch from fixed-dollar to percent-of-equity sizing are mechanically coupled and treated as a single improvement. Stop-loss / take-profit inherited from improved 4.,2020-02-29,LMT,Industrials,1.0573529466593539,71056.72607832316,-0.05,0.0,-0.05
improved_8_equal_weight_top20,Improved 8: improved 4 design with equal-weight 1/N sizing at top 20. Each position targets 5 pct of current portfolio equity. Top-N expansion from 10 to 20 and switch from fixed-dollar to percent-of-equity sizing are mechanically coupled and treated as a single improvement. Stop-loss / take-profit inherited from improved 4.,2020-02-29,SPGI,Financials,0.9702037720686428,71056.72607832316,-0.05,0.0,-0.05
improved_8_equal_weight_top20,Improved 8: improved 4 design with equal-weight 1/N sizing at top 20. Each position targets 5 pct of current portfolio equity. Top-N expansion from 10 to 20 and switch from fixed-dollar to percent-of-equity sizing are mechanically coupled and treated as a single improvement. Stop-loss / take-profit inherited from improved 4.,2020-02-29,HSY,Consumer Staples,0.9133371965591581,71056.72607832316,-0.05,0.0,-0.05
improved_8_equal_weight_top20,Improved 8: improved 4 design with equal-weight 1/N sizing at top 20. Each position targets 5 pct of current portfolio equity. Top-N expansion from 10 to 20 and switch from fixed-dollar to percent-of-equity sizing are mechanically coupled and treated as a single improvement. Stop-loss / take-profit inherited from improved 4.,2020-02-29,HWM,Industrials,0.870607850703675,71056.72607832316,-0.05,0.0,-0.05
improved_8_equal_weight_top20,Improved 8: improved 4 design with equal-weight 1/N sizing at top 20. Each position targets 5 pct of current portfolio equity. Top-N expansion from 10 to 20 and switch from fixed-dollar to percent-of-equity sizing are mechanically coupled and treated as a single improvement. Stop-loss / take-profit inherited from improved 4.,2020-02-29,LDOS,Industrials,0.8422557720426744,71056.72607832316,-0.05,0.0,-0.05
improved_8_equal_weight_top20,Improved 8: improved 4 design with equal-weight 1/N sizing at top 20. Each position targets 5 pct of current portfolio equity. Top-N expansion from 10 to 20 and switch from fixed-dollar to percent-of-equity sizing are mechanically coupled and treated as a single improvement. Stop-loss / take-profit inherited from improved 4.,2020-02-29,NEM,Materials,0.8252660084425438,71056.72607832316,-0.05,0.0,-0.05
improved_8_equal_weight_top20,Improved 8: improved 4 design with equal-weight 1/N sizing at top 20. Each position targets 5 pct of current portfolio equity. Top-N expansion from 10 to 20 and switch from fixed-dollar to percent-of-equity sizing are mechanically coupled and treated as a single improvement. Stop-loss / take-profit inherited from improved 4.,2020-02-29,AAPL,Information Technology,0.7986347384374995,71056.72607832316,-0.05,0.0,-0.05
improved_8_equal_weight_top20,Improved 8: improved 4 design with equal-weight 1/N sizing at top 20. Each position targets 5 pct of current portfolio equity. Top-N expansion from 10 to 20 and switch from fixed-dollar to percent-of-equity sizing are mechanically coupled and treated as a single improvement. Stop-loss / take-profit inherited from improved 4.,2020-02-29,LLY,Health Care,0.7904867167203511,71056.72607832316,-0.05,0.0,-0.05
improved_8_equal_weight_top20,Improved 8: improved 4 design with equal-weight 1/N sizing at top 20. Each position targets 5 pct of current portfolio equity. Top-N expansion from 10 to 20 and switch from fixed-dollar to percent-of-equity sizing are mechanically coupled and treated as a single improvement. Stop-loss / take-profit inherited from improved 4.,2020-02-29,TGT,Consumer Staples,0.713665016500765,71056.72607832316,-0.05,0.0,-0.05
improved_8_equal_weight_top20,Improved 8: improved 4 design with equal-weight 1/N sizing at top 20. Each position targets 5 pct of current portfolio equity. Top-N expansion from 10 to 20 and switch from fixed-dollar to percent-of-equity sizing are mechanically coupled and treated as a single improvement. Stop-loss / take-profit inherited from improved 4.,2020-02-29,PHM,Consumer Discretionary,0.6987791766218138,71056.72607832316,-0.05,0.0,-0.05
improved_8_equal_weight_top20,Improved 8: improved 4 design with equal-weight 1/N sizing at top 20. Each position targets 5 pct of current portfolio equity. Top-N expansion from 10 to 20 and switch from fixed-dollar to percent-of-equity sizing are mechanically coupled and treated as a single improvement. Stop-loss / take-profit inherited from improved 4.,2020-02-29,DHI,Consumer Discretionary,0.6833381312335578,71056.72607832316,-0.05,0.0,-0.05
improved_8_equal_weight_top20,Improved 8: improved 4 design with equal-weight 1/N sizing at top 20. Each position targets 5 pct of current portfolio equity. Top-N expansion from 10 to 20 and switch from fixed-dollar to percent-of-equity sizing are mechanically coupled and treated as a single improvement. Stop-loss / take-profit inherited from improved 4.,2020-02-29,SO,Utilities,0.6642818962478674,71056.72607832316,-0.05,0.0,-0.05
improved_8_equal_weight_top20,Improved 8: improved 4 design with equal-weight 1/N sizing at top 20. Each position targets 5 pct of current portfolio equity. Top-N expansion from 10 to 20 and switch from fixed-dollar to percent-of-equity sizing are mechanically coupled and treated as a single improvement. Stop-loss / take-profit inherited from improved 4.,2020-02-29,LULU,Consumer Discretionary,0.6424476231481819,71056.72607832316,-0.05,0.0,-0.05
improved_8_equal_weight_top20,Improved 8: improved 4 design with equal-weight 1/N sizing at top 20. Each position targets 5 pct of current portfolio equity. Top-N expansion from 10 to 20 and switch from fixed-dollar to percent-of-equity sizing are mechanically coupled and treated as a single improvement. Stop-loss / take-profit inherited from improved 4.,2020-02-29,APO,Financials,0.6393392752266386,71056.72607832316,-0.05,0.0,-0.05
improved_8_equal_weight_top20,Improved 8: improved 4 design with equal-weight 1/N sizing at top 20. Each position targets 5 pct of current portfolio equity. Top-N expansion from 10 to 20 and switch from fixed-dollar to percent-of-equity sizing are mechanically coupled and treated as a single improvement. Stop-loss / take-profit inherited from improved 4.,2020-02-29,CDW,Information Technology,0.6343787284042635,71056.72607832316,-0.05,0.0,-0.05
improved_8_equal_weight_top20,Improved 8: improved 4 design with equal-weight 1/N sizing at top 20. Each position targets 5 pct of current portfolio equity. Top-N expansion from 10 to 20 and switch from fixed-dollar to percent-of-equity sizing are mechanically coupled and treated as a single improvement. Stop-loss / take-profit inherited from improved 4.,2020-02-29,ACGL,Financials,0.6258988191001541,71056.72607832316,-0.05,0.0,-0.05
improved_8_equal_weight_top20,Improved 8: improved 4 design with equal-weight 1/N sizing at top 20. Each position targets 5 pct of current portfolio equity. Top-N expansion from 10 to 20 and switch from fixed-dollar to percent-of-equity sizing are mechanically coupled and treated as a single improvement. Stop-loss / take-profit inherited from improved 4.,2020-02-29,DG,Consumer Staples,0.6256604020106152,71056.72607832316,-0.05,0.0,-0.05
improved_8_equal_weight_top20,Improved 8: improved 4 design with equal-weight 1/N sizing at top 20. Each position targets 5 pct of current portfolio equity. Top-N expansion from 10 to 20 and switch from fixed-dollar to percent-of-equity sizing are mechanically coupled and treated as a single improvement. Stop-loss / take-profit inherited from improved 4.,2020-02-29,WRB,Financials,0.6248954974454544,71056.72607832316,-0.05,0.0,-0.05
improved_8_equal_weight_top20,Improved 8: improved 4 design with equal-weight 1/N sizing at top 20. Each position targets 5 pct of current portfolio equity. Top-N expansion from 10 to 20 and switch from fixed-dollar to percent-of-equity sizing are mechanically coupled and treated as a single improvement. Stop-loss / take-profit inherited from improved 4.,2020-03-31,LMT,Industrials,0.7186373460285361,67503.88977440701,0.1977341994275421,0.0,0.1977341994275421
improved_8_equal_weight_top20,Improved 8: improved 4 design with equal-weight 1/N sizing at top 20. Each position targets 5 pct of current portfolio equity. Top-N expansion from 10 to 20 and switch from fixed-dollar to percent-of-equity sizing are mechanically coupled and treated as a single improvement. Stop-loss / take-profit inherited from improved 4.,2020-03-31,MCO,Financials,0.7059752739775815,67503.88977440701,0.3,0.0,0.3
improved_8_equal_weight_top20,Improved 8: improved 4 design with equal-weight 1/N sizing at top 20. Each position targets 5 pct of current portfolio equity. Top-N expansion from 10 to 20 and switch from fixed-dollar to percent-of-equity sizing are mechanically coupled and treated as a single improvement. Stop-loss / take-profit inherited from improved 4.,2020-03-31,SPGI,Financials,0.705643118750025,67503.88977440701,0.3,0.0,0.3
improved_8_equal_weight_top20,Improved 8: improved 4 design with equal-weight 1/N sizing at top 20. Each position targets 5 pct of current portfolio equity. Top-N expansion from 10 to 20 and switch from fixed-dollar to percent-of-equity sizing are mechanically coupled and treated as a single improvement. Stop-loss / take-profit inherited from improved 4.,2020-03-31,LLY,Health Care,0.6407241793197727,67503.88977440701,0.1540298507461723,0.0,0.1540298507461723
improved_8_equal_weight_top20,Improved 8: improved 4 design with equal-weight 1/N sizing at top 20. Each position targets 5 pct of current portfolio equity. Top-N expansion from 10 to 20 and switch from fixed-dollar to percent-of-equity sizing are mechanically coupled and treated as a single improvement. Stop-loss / take-profit inherited from improved 4.,2020-03-31,GNRC,Industrials,0.6404942602043389,67503.88977440701,-0.05,0.0,-0.05
improved_8_equal_weight_top20,Improved 8: improved 4 design with equal-weight 1/N sizing at top 20. Each position targets 5 pct of current portfolio equity. Top-N expansion from 10 to 20 and switch from fixed-dollar to percent-of-equity sizing are mechanically coupled and treated as a single improvement. Stop-loss / take-profit inherited from improved 4.,2020-03-31,GEN,Information Technology,0.6177958000197475,67503.88977440701,0.1719008264448567,0.0,0.1719008264448567
improved_8_equal_weight_top20,Improved 8: improved 4 design with equal-weight 1/N sizing at top 20. Each position targets 5 pct of current portfolio equity. Top-N expansion from 10 to 20 and switch from fixed-dollar to percent-of-equity sizing are mechanically coupled and treated as a single improvement. Stop-loss / take-profit inherited from improved 4.,2020-03-31,CPB,Consumer Staples,0.5255600381795211,67503.88977440701,0.1163592212684687,0.0,0.1163592212684687
improved_8_equal_weight_top20,Improved 8: improved 4 design with equal-weight 1/N sizing at top 20. Each position targets 5 pct of current portfolio equity. Top-N expansion from 10 to 20 and switch from fixed-dollar to percent-of-equity sizing are mechanically coupled and treated as a single improvement. Stop-loss / take-profit inherited from improved 4.,2020-03-31,BIIB,Health Care,0.4477386750708183,67503.88977440701,-0.05,0.0,-0.05
improved_8_equal_weight_top20,Improved 8: improved 4 design with equal-weight 1/N sizing at top 20. Each position targets 5 pct of current portfolio equity. Top-N expansion from 10 to 20 and switch from fixed-dollar to percent-of-equity sizing are mechanically coupled and treated as a single improvement. Stop-loss / take-profit inherited from improved 4.,2020-03-31,DVA,Health Care,0.44129238817836103,67503.88977440701,-0.05,0.0,-0.05
improved_8_equal_weight_top20,Improved 8: improved 4 design with equal-weight 1/N sizing at top 20. Each position targets 5 pct of current portfolio equity. Top-N expansion from 10 to 20 and switch from fixed-dollar to percent-of-equity sizing are mechanically coupled and treated as a single improvement. Stop-loss / take-profit inherited from improved 4.,2020-03-31,AAPL,Information Technology,0.4208983669363451,67503.88977440701,0.1918864097368147,0.0,0.1918864097368147
improved_8_equal_weight_top20,Improved 8: improved 4 design with equal-weight 1/N sizing at top 20. Each position targets 5 pct of current portfolio equity. Top-N expansion from 10 to 20 and switch from fixed-dollar to percent-of-equity sizing are mechanically coupled and treated as a single improvement. Stop-loss / take-profit inherited from improved 4.,2020-03-31,ORLY,Consumer Discretionary,0.40694858074276585,67503.88977440701,0.3,0.0,0.3
improved_8_equal_weight_top20,Improved 8: improved 4 design with equal-weight 1/N sizing at top 20. Each position targets 5 pct of current portfolio equity. Top-N expansion from 10 to 20 and switch from fixed-dollar to percent-of-equity sizing are mechanically coupled and treated as a single improvement. Stop-loss / take-profit inherited from improved 4.,2020-03-31,IDXX,Health Care,0.4069191215828549,67503.88977440701,0.1673184475001052,0.0,0.1673184475001052
improved_8_equal_weight_top20,Improved 8: improved 4 design with equal-weight 1/N sizing at top 20. Each position targets 5 pct of current portfolio equity. Top-N expansion from 10 to 20 and switch from fixed-dollar to percent-of-equity sizing are mechanically coupled and treated as a single improvement. Stop-loss / take-profit inherited from improved 4.,2020-03-31,LRCX,Information Technology,0.4040287644893389,67503.88977440701,-0.05,0.0,-0.05
improved_8_equal_weight_top20,Improved 8: improved 4 design with equal-weight 1/N sizing at top 20. Each position targets 5 pct of current portfolio equity. Top-N expansion from 10 to 20 and switch from fixed-dollar to percent-of-equity sizing are mechanically coupled and treated as a single improvement. Stop-loss / take-profit inherited from improved 4.,2020-03-31,QCOM,Information Technology,0.3936188603823847,67503.88977440701,0.2103076923068585,0.0,0.2103076923068585
improved_8_equal_weight_top20,Improved 8: improved 4 design with equal-weight 1/N sizing at top 20. Each position targets 5 pct of current portfolio equity. Top-N expansion from 10 to 20 and switch from fixed-dollar to percent-of-equity sizing are mechanically coupled and treated as a single improvement. Stop-loss / take-profit inherited from improved 4.,2020-03-31,LDOS,Industrials,0.38608349871638725,67503.88977440701,0.1215664018160884,0.0,0.1215664018160884
improved_8_equal_weight_top20,Improved 8: improved 4 design with equal-weight 1/N sizing at top 20. Each position targets 5 pct of current portfolio equity. Top-N expansion from 10 to 20 and switch from fixed-dollar to percent-of-equity sizing are mechanically coupled and treated as a single improvement. Stop-loss / take-profit inherited from improved 4.,2020-03-31,TER,Information Technology,0.36697873356191024,67503.88977440701,0.1937392632173256,0.0,0.1937392632173256
improved_8_equal_weight_top20,Improved 8: improved 4 design with equal-weight 1/N sizing at top 20. Each position targets 5 pct of current portfolio equity. Top-N expansion from 10 to 20 and switch from fixed-dollar to percent-of-equity sizing are mechanically coupled and treated as a single improvement. Stop-loss / take-profit inherited from improved 4.,2020-03-31,CLX,Consumer Staples,0.36211656922879154,67503.88977440701,0.0907373787610319,0.0,0.0907373787610319
improved_8_equal_weight_top20,Improved 8: improved 4 design with equal-weight 1/N sizing at top 20. Each position targets 5 pct of current portfolio equity. Top-N expansion from 10 to 20 and switch from fixed-dollar to percent-of-equity sizing are mechanically coupled and treated as a single improvement. Stop-loss / take-profit inherited from improved 4.,2020-03-31,STX,Information Technology,0.3599962867085308,67503.88977440701,0.0540198354072023,0.0,0.0540198354072023
improved_8_equal_weight_top20,Improved 8: improved 4 design with equal-weight 1/N sizing at top 20. Each position targets 5 pct of current portfolio equity. Top-N expansion from 10 to 20 and switch from fixed-dollar to percent-of-equity sizing are mechanically coupled and treated as a single improvement. Stop-loss / take-profit inherited from improved 4.,2020-03-31,NEM,Materials,0.32804071685579406,67503.88977440701,0.3,0.0,0.3
improved_8_equal_weight_top20,Improved 8: improved 4 design with equal-weight 1/N sizing at top 20. Each position targets 5 pct of current portfolio equity. Top-N expansion from 10 to 20 and switch from fixed-dollar to percent-of-equity sizing are mechanically coupled and treated as a single improvement. Stop-loss / take-profit inherited from improved 4.,2020-03-31,MSFT,Information Technology,0.3024673977093666,67503.88977440701,0.1713071895417972,0.0,0.1713071895417972
improved_8_equal_weight_top20,Improved 8: improved 4 design with equal-weight 1/N sizing at top 20. Each position targets 5 pct of current portfolio equity. Top-N expansion from 10 to 20 and switch from fixed-dollar to percent-of-equity sizing are mechanically coupled and treated as a single improvement. Stop-loss / take-profit inherited from improved 4.,2020-04-30,LLY,Health Care,1.5483662581650413,77092.502465807,-0.05,0.0,-0.05
improved_8_equal_weight_top20,Improved 8: improved 4 design with equal-weight 1/N sizing at top 20. Each position targets 5 pct of current portfolio equity. Top-N expansion from 10 to 20 and switch from fixed-dollar to percent-of-equity sizing are mechanically coupled and treated as a single improvement. Stop-loss / take-profit inherited from improved 4.,2020-04-30,IDXX,Health Care,1.2555119316331338,77092.502465807,0.1130409714965225,0.0,0.1130409714965225
improved_8_equal_weight_top20,Improved 8: improved 4 design with equal-weight 1/N sizing at top 20. Each position targets 5 pct of current portfolio equity. Top-N expansion from 10 to 20 and switch from fixed-dollar to percent-of-equity sizing are mechanically coupled and treated as a single improvement. Stop-loss / take-profit inherited from improved 4.,2020-04-30,SPGI,Financials,1.2081806763419631,77092.502465807,0.1322598805794936,0.0,0.1322598805794936
improved_8_equal_weight_top20,Improved 8: improved 4 design with equal-weight 1/N sizing at top 20. Each position targets 5 pct of current portfolio equity. Top-N expansion from 10 to 20 and switch from fixed-dollar to percent-of-equity sizing are mechanically coupled and treated as a single improvement. Stop-loss / take-profit inherited from improved 4.,2020-04-30,REGN,Health Care,1.1572246565509916,77092.502465807,0.168971634587834,0.0,0.168971634587834
improved_8_equal_weight_top20,Improved 8: improved 4 design with equal-weight 1/N sizing at top 20. Each position targets 5 pct of current portfolio equity. Top-N expansion from 10 to 20 and switch from fixed-dollar to percent-of-equity sizing are mechanically coupled and treated as a single improvement. Stop-loss / take-profit inherited from improved 4.,2020-04-30,GEN,Information Technology,1.1506411407670483,77092.502465807,-0.05,0.0,-0.05
improved_8_equal_weight_top20,Improved 8: improved 4 design with equal-weight 1/N sizing at top 20. Each position targets 5 pct of current portfolio equity. Top-N expansion from 10 to 20 and switch from fixed-dollar to percent-of-equity sizing are mechanically coupled and treated as a single improvement. Stop-loss / take-profit inherited from improved 4.,2020-04-30,ORLY,Consumer Discretionary,1.1293079511598054,77092.502465807,0.0997654128982052,0.0,0.0997654128982052
improved_8_equal_weight_top20,Improved 8: improved 4 design with equal-weight 1/N sizing at top 20. Each position targets 5 pct of current portfolio equity. Top-N expansion from 10 to 20 and switch from fixed-dollar to percent-of-equity sizing are mechanically coupled and treated as a single improvement. Stop-loss / take-profit inherited from improved 4.,2020-04-30,AAPL,Information Technology,1.1040581076315998,77092.502465807,0.1136441923151871,0.0,0.1136441923151871
improved_8_equal_weight_top20,Improved 8: improved 4 design with equal-weight 1/N sizing at top 20. Each position targets 5 pct of current portfolio equity. Top-N expansion from 10 to 20 and switch from fixed-dollar to percent-of-equity sizing are mechanically coupled and treated as a single improvement. Stop-loss / take-profit inherited from improved 4.,2020-04-30,WAT,Health Care,1.1006896022539505,77092.502465807,0.0838440262487121,0.0,0.0838440262487121
improved_8_equal_weight_top20,Improved 8: improved 4 design with equal-weight 1/N sizing at top 20. Each position targets 5 pct of current portfolio equity. Top-N expansion from 10 to 20 and switch from fixed-dollar to percent-of-equity sizing are mechanically coupled and treated as a single improvement. Stop-loss / take-profit inherited from improved 4.,2020-04-30,EBAY,Consumer Discretionary,1.08416976993177,77092.502465807,0.1784424961314785,0.0,0.1784424961314785
improved_8_equal_weight_top20,Improved 8: improved 4 design with equal-weight 1/N sizing at top 20. Each position targets 5 pct of current portfolio equity. Top-N expansion from 10 to 20 and switch from fixed-dollar to percent-of-equity sizing are mechanically coupled and treated as a single improvement. Stop-loss / take-profit inherited from improved 4.,2020-04-30,LMT,Industrials,1.048063597315296,77092.502465807,-0.05,0.0,-0.05
improved_8_equal_weight_top20,Improved 8: improved 4 design with equal-weight 1/N sizing at top 20. Each position targets 5 pct of current portfolio equity. Top-N expansion from 10 to 20 and switch from fixed-dollar to percent-of-equity sizing are mechanically coupled and treated as a single improvement. Stop-loss / take-profit inherited from improved 4.,2020-04-30,HUM,Health Care,1.0240806875313382,77092.502465807,0.099317360460478,0.0,0.099317360460478
improved_8_equal_weight_top20,Improved 8: improved 4 design with equal-weight 1/N sizing at top 20. Each position targets 5 pct of current portfolio equity. Top-N expansion from 10 to 20 and switch from fixed-dollar to percent-of-equity sizing are mechanically coupled and treated as a single improvement. Stop-loss / take-profit inherited from improved 4.,2020-04-30,MCO,Financials,1.0230234285885487,77092.502465807,0.1101895240373909,0.0,0.1101895240373909
improved_8_equal_weight_top20,Improved 8: improved 4 design with equal-weight 1/N sizing at top 20. Each position targets 5 pct of current portfolio equity. Top-N expansion from 10 to 20 and switch from fixed-dollar to percent-of-equity sizing are mechanically coupled and treated as a single improvement. Stop-loss / take-profit inherited from improved 4.,2020-04-30,AMGN,Health Care,1.007050084810733,77092.502465807,-0.05,0.0,-0.05
improved_8_equal_weight_top20,Improved 8: improved 4 design with equal-weight 1/N sizing at top 20. Each position targets 5 pct of current portfolio equity. Top-N expansion from 10 to 20 and switch from fixed-dollar to percent-of-equity sizing are mechanically coupled and treated as a single improvement. Stop-loss / take-profit inherited from improved 4.,2020-04-30,EA,Communication Services,0.9853945871975147,77092.502465807,0.0861840360643682,0.0,0.0861840360643682
improved_8_equal_weight_top20,Improved 8: improved 4 design with equal-weight 1/N sizing at top 20. Each position targets 5 pct of current portfolio equity. Top-N expansion from 10 to 20 and switch from fixed-dollar to percent-of-equity sizing are mechanically coupled and treated as a single improvement. Stop-loss / take-profit inherited from improved 4.,2020-04-30,CPB,Consumer Staples,0.9824576262661251,77092.502465807,-0.05,0.0,-0.05
improved_8_equal_weight_top20,Improved 8: improved 4 design with equal-weight 1/N sizing at top 20. Each position targets 5 pct of current portfolio equity. Top-N expansion from 10 to 20 and switch from fixed-dollar to percent-of-equity sizing are mechanically coupled and treated as a single improvement. Stop-loss / take-profit inherited from improved 4.,2020-04-30,CLX,Consumer Staples,0.9811647482639696,77092.502465807,0.0686528497411489,0.0,0.0686528497411489
improved_8_equal_weight_top20,Improved 8: improved 4 design with equal-weight 1/N sizing at top 20. Each position targets 5 pct of current portfolio equity. Top-N expansion from 10 to 20 and switch from fixed-dollar to percent-of-equity sizing are mechanically coupled and treated as a single improvement. Stop-loss / take-profit inherited from improved 4.,2020-04-30,NEM,Materials,0.9333439980757067,77092.502465807,-0.0030690537077459,0.0,-0.0030690537077459
improved_8_equal_weight_top20,Improved 8: improved 4 design with equal-weight 1/N sizing at top 20. Each position targets 5 pct of current portfolio equity. Top-N expansion from 10 to 20 and switch from fixed-dollar to percent-of-equity sizing are mechanically coupled and treated as a single improvement. Stop-loss / take-profit inherited from improved 4.,2020-04-30,MSFT,Information Technology,0.892902480413227,77092.502465807,0.0452410684534756,0.0,0.0452410684534756
improved_8_equal_weight_top20,Improved 8: improved 4 design with equal-weight 1/N sizing at top 20. Each position targets 5 pct of current portfolio equity. Top-N expansion from 10 to 20 and switch from fixed-dollar to percent-of-equity sizing are mechanically coupled and treated as a single improvement. Stop-loss / take-profit inherited from improved 4.,2020-04-30,ZTS,Health Care,0.8690372449522772,77092.502465807,0.0937696170743536,0.0,0.0937696170743536
improved_8_equal_weight_top20,Improved 8: improved 4 design with equal-weight 1/N sizing at top 20. Each position targets 5 pct of current portfolio equity. Top-N expansion from 10 to 20 and switch from fixed-dollar to percent-of-equity sizing are mechanically coupled and treated as a single improvement. Stop-loss / take-profit inherited from improved 4.,2020-04-30,VRTX,Health Care,0.8552736365703034,77092.502465807,0.1552595683222337,0.0,0.1552595683222337
improved_8_equal_weight_top20,Improved 8: improved 4 design with equal-weight 1/N sizing at top 20. Each position targets 5 pct of current portfolio equity. Top-N expansion from 10 to 20 and switch from fixed-dollar to percent-of-equity sizing are mechanically coupled and treated as a single improvement. Stop-loss / take-profit inherited from improved 4.,2020-05-31,GEN,Information Technology,1.828054795381279,82086.22167696766,-0.05,0.0,-0.05
improved_8_equal_weight_top20,Improved 8: improved 4 design with equal-weight 1/N sizing at top 20. Each position targets 5 pct of current portfolio equity. Top-N expansion from 10 to 20 and switch from fixed-dollar to percent-of-equity sizing are mechanically coupled and treated as a single improvement. Stop-loss / take-profit inherited from improved 4.,2020-05-31,SPGI,Financials,1.4019074290152056,82086.22167696766,-0.05,0.0,-0.05
improved_8_equal_weight_top20,Improved 8: improved 4 design with equal-weight 1/N sizing at top 20. Each position targets 5 pct of current portfolio equity. Top-N expansion from 10 to 20 and switch from fixed-dollar to percent-of-equity sizing are mechanically coupled and treated as a single improvement. Stop-loss / take-profit inherited from improved 4.,2020-05-31,REGN,Health Care,1.3957638856337213,82086.22167696766,0.0308264462810048,0.0,0.0308264462810048
improved_8_equal_weight_top20,Improved 8: improved 4 design with equal-weight 1/N sizing at top 20. Each position targets 5 pct of current portfolio equity. Top-N expansion from 10 to 20 and switch from fixed-dollar to percent-of-equity sizing are mechanically coupled and treated as a single improvement. Stop-loss / take-profit inherited from improved 4.,2020-05-31,MCO,Financials,1.3611567720587694,82086.22167696766,0.0188770212133901,0.0,0.0188770212133901
improved_8_equal_weight_top20,Improved 8: improved 4 design with equal-weight 1/N sizing at top 20. Each position targets 5 pct of current portfolio equity. Top-N expansion from 10 to 20 and switch from fixed-dollar to percent-of-equity sizing are mechanically coupled and treated as a single improvement. Stop-loss / take-profit inherited from improved 4.,2020-05-31,LLY,Health Care,1.3238128973776198,82086.22167696766,-0.05,0.0,-0.05
improved_8_equal_weight_top20,Improved 8: improved 4 design with equal-weight 1/N sizing at top 20. Each position targets 5 pct of current portfolio equity. Top-N expansion from 10 to 20 and switch from fixed-dollar to percent-of-equity sizing are mechanically coupled and treated as a single improvement. Stop-loss / take-profit inherited from improved 4.,2020-05-31,LOW,Consumer Discretionary,1.2066722275324069,82086.22167696766,-0.05,0.0,-0.05
improved_8_equal_weight_top20,Improved 8: improved 4 design with equal-weight 1/N sizing at top 20. Each position targets 5 pct of current portfolio equity. Top-N expansion from 10 to 20 and switch from fixed-dollar to percent-of-equity sizing are mechanically coupled and treated as a single improvement. Stop-loss / take-profit inherited from improved 4.,2020-05-31,EBAY,Consumer Discretionary,1.1624859793047064,82086.22167696766,0.1552863436129348,0.0,0.1552863436129348
improved_8_equal_weight_top20,Improved 8: improved 4 design with equal-weight 1/N sizing at top 20. Each position targets 5 pct of current portfolio equity. Top-N expansion from 10 to 20 and switch from fixed-dollar to percent-of-equity sizing are mechanically coupled and treated as a single improvement. Stop-loss / take-profit inherited from improved 4.,2020-05-31,NVDA,Information Technology,1.1593681576753716,82086.22167696766,0.0757177320358595,0.0,0.0757177320358595
improved_8_equal_weight_top20,Improved 8: improved 4 design with equal-weight 1/N sizing at top 20. Each position targets 5 pct of current portfolio equity. Top-N expansion from 10 to 20 and switch from fixed-dollar to percent-of-equity sizing are mechanically coupled and treated as a single improvement. Stop-loss / take-profit inherited from improved 4.,2020-05-31,FTNT,Information Technology,1.1055384116789098,82086.22167696766,-0.05,0.0,-0.05
improved_8_equal_weight_top20,Improved 8: improved 4 design with equal-weight 1/N sizing at top 20. Each position targets 5 pct of current portfolio equity. Top-N expansion from 10 to 20 and switch from fixed-dollar to percent-of-equity sizing are mechanically coupled and treated as a single improvement. Stop-loss / take-profit inherited from improved 4.,2020-05-31,DVA,Health Care,1.056943803987115,82086.22167696766,-0.05,0.0,-0.05
improved_8_equal_weight_top20,Improved 8: improved 4 design with equal-weight 1/N sizing at top 20. Each position targets 5 pct of current portfolio equity. Top-N expansion from 10 to 20 and switch from fixed-dollar to percent-of-equity sizing are mechanically coupled and treated as a single improvement. Stop-loss / take-profit inherited from improved 4.,2020-05-31,NEM,Materials,1.0519884272950797,82086.22167696766,-0.05,0.0,-0.05
improved_8_equal_weight_top20,Improved 8: improved 4 design with equal-weight 1/N sizing at top 20. Each position targets 5 pct of current portfolio equity. Top-N expansion from 10 to 20 and switch from fixed-dollar to percent-of-equity sizing are mechanically coupled and treated as a single improvement. Stop-loss / take-profit inherited from improved 4.,2020-05-31,CPB,Consumer Staples,1.0388844027788573,82086.22167696766,-0.05,0.0,-0.05
improved_8_equal_weight_top20,Improved 8: improved 4 design with equal-weight 1/N sizing at top 20. Each position targets 5 pct of current portfolio equity. Top-N expansion from 10 to 20 and switch from fixed-dollar to percent-of-equity sizing are mechanically coupled and treated as a single improvement. Stop-loss / take-profit inherited from improved 4.,2020-05-31,WST,Health Care,1.0267814447334833,82086.22167696766,-0.05,0.0,-0.05
improved_8_equal_weight_top20,Improved 8: improved 4 design with equal-weight 1/N sizing at top 20. Each position targets 5 pct of current portfolio equity. Top-N expansion from 10 to 20 and switch from fixed-dollar to percent-of-equity sizing are mechanically coupled and treated as a single improvement. Stop-loss / take-profit inherited from improved 4.,2020-05-31,AAPL,Information Technology,1.0174841337981757,82086.22167696766,0.1480723839498809,0.0,0.1480723839498809
improved_8_equal_weight_top20,Improved 8: improved 4 design with equal-weight 1/N sizing at top 20. Each position targets 5 pct of current portfolio equity. Top-N expansion from 10 to 20 and switch from fixed-dollar to percent-of-equity sizing are mechanically coupled and treated as a single improvement. Stop-loss / take-profit inherited from improved 4.,2020-05-31,WSM,Consumer Discretionary,1.0072656897546688,82086.22167696766,-0.05,0.0,-0.05
improved_8_equal_weight_top20,Improved 8: improved 4 design with equal-weight 1/N sizing at top 20. Each position targets 5 pct of current portfolio equity. Top-N expansion from 10 to 20 and switch from fixed-dollar to percent-of-equity sizing are mechanically coupled and treated as a single improvement. Stop-loss / take-profit inherited from improved 4.,2020-05-31,ORLY,Consumer Discretionary,1.00446747075776,82086.22167696766,0.006492421528822,0.0,0.006492421528822
improved_8_equal_weight_top20,Improved 8: improved 4 design with equal-weight 1/N sizing at top 20. Each position targets 5 pct of current portfolio equity. Top-N expansion from 10 to 20 and switch from fixed-dollar to percent-of-equity sizing are mechanically coupled and treated as a single improvement. Stop-loss / take-profit inherited from improved 4.,2020-05-31,CLX,Consumer Staples,0.982738212638035,82086.22167696766,-0.05,0.0,-0.05
improved_8_equal_weight_top20,Improved 8: improved 4 design with equal-weight 1/N sizing at top 20. Each position targets 5 pct of current portfolio equity. Top-N expansion from 10 to 20 and switch from fixed-dollar to percent-of-equity sizing are mechanically coupled and treated as a single improvement. Stop-loss / take-profit inherited from improved 4.,2020-05-31,STX,Information Technology,0.9667165428320211,82086.22167696766,-0.05,0.0,-0.05
improved_8_equal_weight_top20,Improved 8: improved 4 design with equal-weight 1/N sizing at top 20. Each position targets 5 pct of current portfolio equity. Top-N expansion from 10 to 20 and switch from fixed-dollar to percent-of-equity sizing are mechanically coupled and treated as a single improvement. Stop-loss / take-profit inherited from improved 4.,2020-05-31,AMGN,Health Care,0.9077885794294032,82086.22167696766,-0.05,0.0,-0.05
improved_8_equal_weight_top20,Improved 8: improved 4 design with equal-weight 1/N sizing at top 20. Each position targets 5 pct of current portfolio equity. Top-N expansion from 10 to 20 and switch from fixed-dollar to percent-of-equity sizing are mechanically coupled and treated as a single improvement. Stop-loss / take-profit inherited from improved 4.,2020-05-31,ODFL,Industrials,0.8940926364363064,82086.22167696766,-0.05,0.0,-0.05
improved_8_equal_weight_top20,Improved 8: improved 4 design with equal-weight 1/N sizing at top 20. Each position targets 5 pct of current portfolio equity. Top-N expansion from 10 to 20 and switch from fixed-dollar to percent-of-equity sizing are mechanically coupled and treated as a single improvement. Stop-loss / take-profit inherited from improved 4.,2020-06-30,LRCX,Information Technology,1.2277207903346494,80999.69704321533,0.1707589632156423,0.0,0.1707589632156423
improved_8_equal_weight_top20,Improved 8: improved 4 design with equal-weight 1/N sizing at top 20. Each position targets 5 pct of current portfolio equity. Top-N expansion from 10 to 20 and switch from fixed-dollar to percent-of-equity sizing are mechanically coupled and treated as a single improvement. Stop-loss / take-profit inherited from improved 4.,2020-06-30,SPGI,Financials,1.2196306986387258,80999.69704321533,0.0600145269655074,0.0,0.0600145269655074
improved_8_equal_weight_top20,Improved 8: improved 4 design with equal-weight 1/N sizing at top 20. Each position targets 5 pct of current portfolio equity. Top-N expansion from 10 to 20 and switch from fixed-dollar to percent-of-equity sizing are mechanically coupled and treated as a single improvement. Stop-loss / take-profit inherited from improved 4.,2020-06-30,MCO,Financials,1.1672966925575599,80999.69704321533,0.0242872228088459,0.0,0.0242872228088459
improved_8_equal_weight_top20,Improved 8: improved 4 design with equal-weight 1/N sizing at top 20. Each position targets 5 pct of current portfolio equity. Top-N expansion from 10 to 20 and switch from fixed-dollar to percent-of-equity sizing are mechanically coupled and treated as a single improvement. Stop-loss / take-profit inherited from improved 4.,2020-06-30,LOW,Consumer Discretionary,1.1322022947848016,80999.69704321533,0.1039500076399,0.0,0.1039500076399
improved_8_equal_weight_top20,Improved 8: improved 4 design with equal-weight 1/N sizing at top 20. Each position targets 5 pct of current portfolio equity. Top-N expansion from 10 to 20 and switch from fixed-dollar to percent-of-equity sizing are mechanically coupled and treated as a single improvement. Stop-loss / take-profit inherited from improved 4.,2020-06-30,LULU,Consumer Discretionary,1.1025786073120183,80999.69704321533,-0.05,0.0,-0.05
improved_8_equal_weight_top20,Improved 8: improved 4 design with equal-weight 1/N sizing at top 20. Each position targets 5 pct of current portfolio equity. Top-N expansion from 10 to 20 and switch from fixed-dollar to percent-of-equity sizing are mechanically coupled and treated as a single improvement. Stop-loss / take-profit inherited from improved 4.,2020-06-30,SMCI,Information Technology,1.0692686208400435,80999.69704321533,-0.05,0.0,-0.05
improved_8_equal_weight_top20,Improved 8: improved 4 design with equal-weight 1/N sizing at top 20. Each position targets 5 pct of current portfolio equity. Top-N expansion from 10 to 20 and switch from fixed-dollar to percent-of-equity sizing are mechanically coupled and treated as a single improvement. Stop-loss / take-profit inherited from improved 4.,2020-06-30,META,Communication Services,1.0122561347323182,80999.69704321533,0.1101531728665259,0.0,0.1101531728665259
improved_8_equal_weight_top20,Improved 8: improved 4 design with equal-weight 1/N sizing at top 20. Each position targets 5 pct of current portfolio equity. Top-N expansion from 10 to 20 and switch from fixed-dollar to percent-of-equity sizing are mechanically coupled and treated as a single improvement. Stop-loss / take-profit inherited from improved 4.,2020-06-30,GEN,Information Technology,1.008411435602498,80999.69704321533,0.0849772382386333,0.0,0.0849772382386333
improved_8_equal_weight_top20,Improved 8: improved 4 design with equal-weight 1/N sizing at top 20. Each position targets 5 pct of current portfolio equity. Top-N expansion from 10 to 20 and switch from fixed-dollar to percent-of-equity sizing are mechanically coupled and treated as a single improvement. Stop-loss / take-profit inherited from improved 4.,2020-06-30,AMD,Information Technology,0.9816035524276303,80999.69704321533,0.3,0.0,0.3
improved_8_equal_weight_top20,Improved 8: improved 4 design with equal-weight 1/N sizing at top 20. Each position targets 5 pct of current portfolio equity. Top-N expansion from 10 to 20 and switch from fixed-dollar to percent-of-equity sizing are mechanically coupled and treated as a single improvement. Stop-loss / take-profit inherited from improved 4.,2020-06-30,NVDA,Information Technology,0.9746871539457005,80999.69704321533,0.1149069138454903,0.0,0.1149069138454903
improved_8_equal_weight_top20,Improved 8: improved 4 design with equal-weight 1/N sizing at top 20. Each position targets 5 pct of current portfolio equity. Top-N expansion from 10 to 20 and switch from fixed-dollar to percent-of-equity sizing are mechanically coupled and treated as a single improvement. Stop-loss / take-profit inherited from improved 4.,2020-06-30,AAPL,Information Technology,0.9730120228197098,80999.69704321533,0.164110429448278,0.0,0.164110429448278
improved_8_equal_weight_top20,Improved 8: improved 4 design with equal-weight 1/N sizing at top 20. Each position targets 5 pct of current portfolio equity. Top-N expansion from 10 to 20 and switch from fixed-dollar to percent-of-equity sizing are mechanically coupled and treated as a single improvement. Stop-loss / take-profit inherited from improved 4.,2020-06-30,NKE,Consumer Discretionary,0.8419855625487798,80999.69704321533,-0.0090355329942831,0.0,-0.0090355329942831
improved_8_equal_weight_top20,Improved 8: improved 4 design with equal-weight 1/N sizing at top 20. Each position targets 5 pct of current portfolio equity. Top-N expansion from 10 to 20 and switch from fixed-dollar to percent-of-equity sizing are mechanically coupled and treated as a single improvement. Stop-loss / take-profit inherited from improved 4.,2020-06-30,TER,Information Technology,0.8339316663716644,80999.69704321533,0.0502951593866516,0.0,0.0502951593866516
improved_8_equal_weight_top20,Improved 8: improved 4 design with equal-weight 1/N sizing at top 20. Each position targets 5 pct of current portfolio equity. Top-N expansion from 10 to 20 and switch from fixed-dollar to percent-of-equity sizing are mechanically coupled and treated as a single improvement. Stop-loss / take-profit inherited from improved 4.,2020-06-30,CAG,Consumer Staples,0.8278034846502433,80999.69704321533,0.0579096045209159,0.0,0.0579096045209159
improved_8_equal_weight_top20,Improved 8: improved 4 design with equal-weight 1/N sizing at top 20. Each position targets 5 pct of current portfolio equity. Top-N expansion from 10 to 20 and switch from fixed-dollar to percent-of-equity sizing are mechanically coupled and treated as a single improvement. Stop-loss / take-profit inherited from improved 4.,2020-06-30,REGN,Health Care,0.7775437534351953,80999.69704321533,0.0113119999999389,0.0,0.0113119999999389
improved_8_equal_weight_top20,Improved 8: improved 4 design with equal-weight 1/N sizing at top 20. Each position targets 5 pct of current portfolio equity. Top-N expansion from 10 to 20 and switch from fixed-dollar to percent-of-equity sizing are mechanically coupled and treated as a single improvement. Stop-loss / take-profit inherited from improved 4.,2020-06-30,WAT,Health Care,0.7675244206767766,80999.69704321533,0.3,0.0,0.3
improved_8_equal_weight_top20,Improved 8: improved 4 design with equal-weight 1/N sizing at top 20. Each position targets 5 pct of current portfolio equity. Top-N expansion from 10 to 20 and switch from fixed-dollar to percent-of-equity sizing are mechanically coupled and treated as a single improvement. Stop-loss / take-profit inherited from improved 4.,2020-06-30,LLY,Health Care,0.7469920678402037,80999.69704321533,-0.05,0.0,-0.05
improved_8_equal_weight_top20,Improved 8: improved 4 design with equal-weight 1/N sizing at top 20. Each position targets 5 pct of current portfolio equity. Top-N expansion from 10 to 20 and switch from fixed-dollar to percent-of-equity sizing are mechanically coupled and treated as a single improvement. Stop-loss / take-profit inherited from improved 4.,2020-06-30,FTNT,Information Technology,0.7092428549708415,80999.69704321533,-0.05,0.0,-0.05
improved_8_equal_weight_top20,Improved 8: improved 4 design with equal-weight 1/N sizing at top 20. Each position targets 5 pct of current portfolio equity. Top-N expansion from 10 to 20 and switch from fixed-dollar to percent-of-equity sizing are mechanically coupled and treated as a single improvement. Stop-loss / take-profit inherited from improved 4.,2020-06-30,STT,Financials,0.7052049607215396,80999.69704321533,-0.05,0.0,-0.05
improved_8_equal_weight_top20,Improved 8: improved 4 design with equal-weight 1/N sizing at top 20. Each position targets 5 pct of current portfolio equity. Top-N expansion from 10 to 20 and switch from fixed-dollar to percent-of-equity sizing are mechanically coupled and treated as a single improvement. Stop-loss / take-profit inherited from improved 4.,2020-06-30,BLDR,Industrials,0.6994059953545239,80999.69704321533,-0.05,0.0,-0.05
improved_8_equal_weight_top20,Improved 8: improved 4 design with equal-weight 1/N sizing at top 20. Each position targets 5 pct of current portfolio equity. Top-N expansion from 10 to 20 and switch from fixed-dollar to percent-of-equity sizing are mechanically coupled and treated as a single improvement. Stop-loss / take-profit inherited from improved 4.,2020-07-31,AAPL,Information Technology,1.6688601368954394,86036.4190138263,0.1948066157490258,0.0,0.1948066157490258
improved_8_equal_weight_top20,Improved 8: improved 4 design with equal-weight 1/N sizing at top 20. Each position targets 5 pct of current portfolio equity. Top-N expansion from 10 to 20 and switch from fixed-dollar to percent-of-equity sizing are mechanically coupled and treated as a single improvement. Stop-loss / take-profit inherited from improved 4.,2020-07-31,GNRC,Industrials,1.5788960281465596,86036.4190138263,0.1940917661847894,0.0,0.1940917661847894
improved_8_equal_weight_top20,Improved 8: improved 4 design with equal-weight 1/N sizing at top 20. Each position targets 5 pct of current portfolio equity. Top-N expansion from 10 to 20 and switch from fixed-dollar to percent-of-equity sizing are mechanically coupled and treated as a single improvement. Stop-loss / take-profit inherited from improved 4.,2020-07-31,IDXX,Health Care,1.5048426697999422,86036.4190138263,-0.05,0.0,-0.05
improved_8_equal_weight_top20,Improved 8: improved 4 design with equal-weight 1/N sizing at top 20. Each position targets 5 pct of current portfolio equity. Top-N expansion from 10 to 20 and switch from fixed-dollar to percent-of-equity sizing are mechanically coupled and treated as a single improvement. Stop-loss / take-profit inherited from improved 4.,2020-07-31,EBAY,Consumer Discretionary,1.4735472901285753,86036.4190138263,-0.0134674088700742,0.0,-0.0134674088700742
improved_8_equal_weight_top20,Improved 8: improved 4 design with equal-weight 1/N sizing at top 20. Each position targets 5 pct of current portfolio equity. Top-N expansion from 10 to 20 and switch from fixed-dollar to percent-of-equity sizing are mechanically coupled and treated as a single improvement. Stop-loss / take-profit inherited from improved 4.,2020-07-31,NEM,Materials,1.469437135522793,86036.4190138263,-0.05,0.0,-0.05
improved_8_equal_weight_top20,Improved 8: improved 4 design with equal-weight 1/N sizing at top 20. Each position targets 5 pct of current portfolio equity. Top-N expansion from 10 to 20 and switch from fixed-dollar to percent-of-equity sizing are mechanically coupled and treated as a single improvement. Stop-loss / take-profit inherited from improved 4.,2020-07-31,NTAP,Information Technology,1.1263534684572756,86036.4190138263,-0.05,0.0,-0.05
improved_8_equal_weight_top20,Improved 8: improved 4 design with equal-weight 1/N sizing at top 20. Each position targets 5 pct of current portfolio equity. Top-N expansion from 10 to 20 and switch from fixed-dollar to percent-of-equity sizing are mechanically coupled and treated as a single improvement. Stop-loss / take-profit inherited from improved 4.,2020-07-31,STX,Information Technology,1.092883564441799,86036.4190138263,0.0565830030821417,0.0,0.0565830030821417
improved_8_equal_weight_top20,Improved 8: improved 4 design with equal-weight 1/N sizing at top 20. Each position targets 5 pct of current portfolio equity. Top-N expansion from 10 to 20 and switch from fixed-dollar to percent-of-equity sizing are mechanically coupled and treated as a single improvement. Stop-loss / take-profit inherited from improved 4.,2020-07-31,CLX,Consumer Staples,1.0852459665145167,86036.4190138263,-0.05,0.0,-0.05
improved_8_equal_weight_top20,Improved 8: improved 4 design with equal-weight 1/N sizing at top 20. Each position targets 5 pct of current portfolio equity. Top-N expansion from 10 to 20 and switch from fixed-dollar to percent-of-equity sizing are mechanically coupled and treated as a single improvement. Stop-loss / take-profit inherited from improved 4.,2020-07-31,LOW,Consumer Discretionary,1.0806295354436917,86036.4190138263,0.0986657771845611,0.0,0.0986657771845611
improved_8_equal_weight_top20,Improved 8: improved 4 design with equal-weight 1/N sizing at top 20. Each position targets 5 pct of current portfolio equity. Top-N expansion from 10 to 20 and switch from fixed-dollar to percent-of-equity sizing are mechanically coupled and treated as a single improvement. Stop-loss / take-profit inherited from improved 4.,2020-07-31,MTD,Health Care,1.0599212495630828,86036.4190138263,0.0402031588196214,0.0,0.0402031588196214
improved_8_equal_weight_top20,Improved 8: improved 4 design with equal-weight 1/N sizing at top 20. Each position targets 5 pct of current portfolio equity. Top-N expansion from 10 to 20 and switch from fixed-dollar to percent-of-equity sizing are mechanically coupled and treated as a single improvement. Stop-loss / take-profit inherited from improved 4.,2020-07-31,NVDA,Information Technology,1.0223741553130443,86036.4190138263,0.2461681807589057,0.0,0.2461681807589057
improved_8_equal_weight_top20,Improved 8: improved 4 design with equal-weight 1/N sizing at top 20. Each position targets 5 pct of current portfolio equity. Top-N expansion from 10 to 20 and switch from fixed-dollar to percent-of-equity sizing are mechanically coupled and treated as a single improvement. Stop-loss / take-profit inherited from improved 4.,2020-07-31,META,Communication Services,0.9979349054900097,86036.4190138263,0.1604987136355846,0.0,0.1604987136355846
improved_8_equal_weight_top20,Improved 8: improved 4 design with equal-weight 1/N sizing at top 20. Each position targets 5 pct of current portfolio equity. Top-N expansion from 10 to 20 and switch from fixed-dollar to percent-of-equity sizing are mechanically coupled and treated as a single improvement. Stop-loss / take-profit inherited from improved 4.,2020-07-31,REGN,Health Care,0.9971457031639083,86036.4190138263,-0.05,0.0,-0.05
improved_8_equal_weight_top20,Improved 8: improved 4 design with equal-weight 1/N sizing at top 20. Each position targets 5 pct of current portfolio equity. Top-N expansion from 10 to 20 and switch from fixed-dollar to percent-of-equity sizing are mechanically coupled and treated as a single improvement. Stop-loss / take-profit inherited from improved 4.,2020-07-31,CHD,Consumer Staples,0.9528733287587206,86036.4190138263,0.0092734070819699,0.0,0.0092734070819699
improved_8_equal_weight_top20,Improved 8: improved 4 design with equal-weight 1/N sizing at top 20. Each position targets 5 pct of current portfolio equity. Top-N expansion from 10 to 20 and switch from fixed-dollar to percent-of-equity sizing are mechanically coupled and treated as a single improvement. Stop-loss / take-profit inherited from improved 4.,2020-07-31,SWKS,Information Technology,0.9408301271729882,86036.4190138263,-0.05,0.0,-0.05
improved_8_equal_weight_top20,Improved 8: improved 4 design with equal-weight 1/N sizing at top 20. Each position targets 5 pct of current portfolio equity. Top-N expansion from 10 to 20 and switch from fixed-dollar to percent-of-equity sizing are mechanically coupled and treated as a single improvement. Stop-loss / take-profit inherited from improved 4.,2020-07-31,GEN,Information Technology,0.9164750127553385,86036.4190138263,0.1030851717481042,0.0,0.1030851717481042
improved_8_equal_weight_top20,Improved 8: improved 4 design with equal-weight 1/N sizing at top 20. Each position targets 5 pct of current portfolio equity. Top-N expansion from 10 to 20 and switch from fixed-dollar to percent-of-equity sizing are mechanically coupled and treated as a single improvement. Stop-loss / take-profit inherited from improved 4.,2020-07-31,EA,Communication Services,0.873735412885164,86036.4190138263,-0.0146944542560164,0.0,-0.0146944542560164
improved_8_equal_weight_top20,Improved 8: improved 4 design with equal-weight 1/N sizing at top 20. Each position targets 5 pct of current portfolio equity. Top-N expansion from 10 to 20 and switch from fixed-dollar to percent-of-equity sizing are mechanically coupled and treated as a single improvement. Stop-loss / take-profit inherited from improved 4.,2020-07-31,ROK,Industrials,0.8700817337626215,86036.4190138263,0.0561662121124577,0.0,0.0561662121124577
improved_8_equal_weight_top20,Improved 8: improved 4 design with equal-weight 1/N sizing at top 20. Each position targets 5 pct of current portfolio equity. Top-N expansion from 10 to 20 and switch from fixed-dollar to percent-of-equity sizing are mechanically coupled and treated as a single improvement. Stop-loss / take-profit inherited from improved 4.,2020-07-31,ODFL,Industrials,0.8287967554669741,86036.4190138263,0.1039039039037941,0.0,0.1039039039037941
improved_8_equal_weight_top20,Improved 8: improved 4 design with equal-weight 1/N sizing at top 20. Each position targets 5 pct of current portfolio equity. Top-N expansion from 10 to 20 and switch from fixed-dollar to percent-of-equity sizing are mechanically coupled and treated as a single improvement. Stop-loss / take-profit inherited from improved 4.,2020-07-31,ORLY,Consumer Discretionary,0.8241812952614318,86036.4190138263,-0.05,0.0,-0.05
improved_8_equal_weight_top20,Improved 8: improved 4 design with equal-weight 1/N sizing at top 20. Each position targets 5 pct of current portfolio equity. Top-N expansion from 10 to 20 and switch from fixed-dollar to percent-of-equity sizing are mechanically coupled and treated as a single improvement. Stop-loss / take-profit inherited from improved 4.,2020-08-31,AAPL,Information Technology,1.750904096639438,89844.75247510386,-0.05,0.0,-0.05
improved_8_equal_weight_top20,Improved 8: improved 4 design with equal-weight 1/N sizing at top 20. Each position targets 5 pct of current portfolio equity. Top-N expansion from 10 to 20 and switch from fixed-dollar to percent-of-equity sizing are mechanically coupled and treated as a single improvement. Stop-loss / take-profit inherited from improved 4.,2020-08-31,EBAY,Consumer Discretionary,1.428413675618344,89844.75247510386,-0.05,0.0,-0.05
improved_8_equal_weight_top20,Improved 8: improved 4 design with equal-weight 1/N sizing at top 20. Each position targets 5 pct of current portfolio equity. Top-N expansion from 10 to 20 and switch from fixed-dollar to percent-of-equity sizing are mechanically coupled and treated as a single improvement. Stop-loss / take-profit inherited from improved 4.,2020-08-31,NVDA,Information Technology,1.4228602945910704,89844.75247510386,-0.05,0.0,-0.05
improved_8_equal_weight_top20,Improved 8: improved 4 design with equal-weight 1/N sizing at top 20. Each position targets 5 pct of current portfolio equity. Top-N expansion from 10 to 20 and switch from fixed-dollar to percent-of-equity sizing are mechanically coupled and treated as a single improvement. Stop-loss / take-profit inherited from improved 4.,2020-08-31,AMD,Information Technology,1.3785424238524286,89844.75247510386,-0.05,0.0,-0.05
improved_8_equal_weight_top20,Improved 8: improved 4 design with equal-weight 1/N sizing at top 20. Each position targets 5 pct of current portfolio equity. Top-N expansion from 10 to 20 and switch from fixed-dollar to percent-of-equity sizing are mechanically coupled and treated as a single improvement. Stop-loss / take-profit inherited from improved 4.,2020-08-31,GNRC,Industrials,1.2434183803161738,89844.75247510386,-0.05,0.0,-0.05
improved_8_equal_weight_top20,Improved 8: improved 4 design with equal-weight 1/N sizing at top 20. Each position targets 5 pct of current portfolio equity. Top-N expansion from 10 to 20 and switch from fixed-dollar to percent-of-equity sizing are mechanically coupled and treated as a single improvement. Stop-loss / take-profit inherited from improved 4.,2020-08-31,LOW,Consumer Discretionary,1.2367871117216085,89844.75247510386,-0.05,0.0,-0.05
improved_8_equal_weight_top20,Improved 8: improved 4 design with equal-weight 1/N sizing at top 20. Each position targets 5 pct of current portfolio equity. Top-N expansion from 10 to 20 and switch from fixed-dollar to percent-of-equity sizing are mechanically coupled and treated as a single improvement. Stop-loss / take-profit inherited from improved 4.,2020-08-31,IDXX,Health Care,1.2345713455786758,89844.75247510386,-0.05,0.0,-0.05
improved_8_equal_weight_top20,Improved 8: improved 4 design with equal-weight 1/N sizing at top 20. Each position targets 5 pct of current portfolio equity. Top-N expansion from 10 to 20 and switch from fixed-dollar to percent-of-equity sizing are mechanically coupled and treated as a single improvement. Stop-loss / take-profit inherited from improved 4.,2020-08-31,REGN,Health Care,1.1899877977639597,89844.75247510386,-0.05,0.0,-0.05
improved_8_equal_weight_top20,Improved 8: improved 4 design with equal-weight 1/N sizing at top 20. Each position targets 5 pct of current portfolio equity. Top-N expansion from 10 to 20 and switch from fixed-dollar to percent-of-equity sizing are mechanically coupled and treated as a single improvement. Stop-loss / take-profit inherited from improved 4.,2020-08-31,ORLY,Consumer Discretionary,1.1899215497782818,89844.75247510386,-0.05,0.0,-0.05
improved_8_equal_weight_top20,Improved 8: improved 4 design with equal-weight 1/N sizing at top 20. Each position targets 5 pct of current portfolio equity. Top-N expansion from 10 to 20 and switch from fixed-dollar to percent-of-equity sizing are mechanically coupled and treated as a single improvement. Stop-loss / take-profit inherited from improved 4.,2020-08-31,WST,Health Care,1.1851217302529866,89844.75247510386,-0.05,0.0,-0.05
improved_8_equal_weight_top20,Improved 8: improved 4 design with equal-weight 1/N sizing at top 20. Each position targets 5 pct of current portfolio equity. Top-N expansion from 10 to 20 and switch from fixed-dollar to percent-of-equity sizing are mechanically coupled and treated as a single improvement. Stop-loss / take-profit inherited from improved 4.,2020-08-31,NRG,Utilities,1.164561387074249,89844.75247510386,-0.05,0.0,-0.05
improved_8_equal_weight_top20,Improved 8: improved 4 design with equal-weight 1/N sizing at top 20. Each position targets 5 pct of current portfolio equity. Top-N expansion from 10 to 20 and switch from fixed-dollar to percent-of-equity sizing are mechanically coupled and treated as a single improvement. Stop-loss / take-profit inherited from improved 4.,2020-08-31,CLX,Consumer Staples,1.1424781673599593,89844.75247510386,-0.05,0.0,-0.05
improved_8_equal_weight_top20,Improved 8: improved 4 design with equal-weight 1/N sizing at top 20. Each position targets 5 pct of current portfolio equity. Top-N expansion from 10 to 20 and switch from fixed-dollar to percent-of-equity sizing are mechanically coupled and treated as a single improvement. Stop-loss / take-profit inherited from improved 4.,2020-08-31,SPGI,Financials,1.1362786351297602,89844.75247510386,-0.05,0.0,-0.05
improved_8_equal_weight_top20,Improved 8: improved 4 design with equal-weight 1/N sizing at top 20. Each position targets 5 pct of current portfolio equity. Top-N expansion from 10 to 20 and switch from fixed-dollar to percent-of-equity sizing are mechanically coupled and treated as a single improvement. Stop-loss / take-profit inherited from improved 4.,2020-08-31,NTAP,Information Technology,1.115883276478745,89844.75247510386,-0.05,0.0,-0.05
improved_8_equal_weight_top20,Improved 8: improved 4 design with equal-weight 1/N sizing at top 20. Each position targets 5 pct of current portfolio equity. Top-N expansion from 10 to 20 and switch from fixed-dollar to percent-of-equity sizing are mechanically coupled and treated as a single improvement. Stop-loss / take-profit inherited from improved 4.,2020-08-31,MCO,Financials,1.0934412717632556,89844.75247510386,-0.05,0.0,-0.05
improved_8_equal_weight_top20,Improved 8: improved 4 design with equal-weight 1/N sizing at top 20. Each position targets 5 pct of current portfolio equity. Top-N expansion from 10 to 20 and switch from fixed-dollar to percent-of-equity sizing are mechanically coupled and treated as a single improvement. Stop-loss / take-profit inherited from improved 4.,2020-08-31,TER,Information Technology,1.0797132142365795,89844.75247510386,-0.05,0.0,-0.05
improved_8_equal_weight_top20,Improved 8: improved 4 design with equal-weight 1/N sizing at top 20. Each position targets 5 pct of current portfolio equity. Top-N expansion from 10 to 20 and switch from fixed-dollar to percent-of-equity sizing are mechanically coupled and treated as a single improvement. Stop-loss / take-profit inherited from improved 4.,2020-08-31,SWKS,Information Technology,1.0538568492681957,89844.75247510386,-0.05,0.0,-0.05
improved_8_equal_weight_top20,Improved 8: improved 4 design with equal-weight 1/N sizing at top 20. Each position targets 5 pct of current portfolio equity. Top-N expansion from 10 to 20 and switch from fixed-dollar to percent-of-equity sizing are mechanically coupled and treated as a single improvement. Stop-loss / take-profit inherited from improved 4.,2020-08-31,LLY,Health Care,1.0125517895244756,89844.75247510386,-0.0039701231411717,0.0,-0.0039701231411717
improved_8_equal_weight_top20,Improved 8: improved 4 design with equal-weight 1/N sizing at top 20. Each position targets 5 pct of current portfolio equity. Top-N expansion from 10 to 20 and switch from fixed-dollar to percent-of-equity sizing are mechanically coupled and treated as a single improvement. Stop-loss / take-profit inherited from improved 4.,2020-08-31,FTNT,Information Technology,0.9169850351963678,89844.75247510386,-0.05,0.0,-0.05
improved_8_equal_weight_top20,Improved 8: improved 4 design with equal-weight 1/N sizing at top 20. Each position targets 5 pct of current portfolio equity. Top-N expansion from 10 to 20 and switch from fixed-dollar to percent-of-equity sizing are mechanically coupled and treated as a single improvement. Stop-loss / take-profit inherited from improved 4.,2020-08-31,MTD,Health Care,0.8938536019198732,89844.75247510386,-0.0078794353927389,0.0,-0.0078794353927389
improved_8_equal_weight_top20,Improved 8: improved 4 design with equal-weight 1/N sizing at top 20. Each position targets 5 pct of current portfolio equity. Top-N expansion from 10 to 20 and switch from fixed-dollar to percent-of-equity sizing are mechanically coupled and treated as a single improvement. Stop-loss / take-profit inherited from improved 4.,2020-09-30,LOW,Consumer Discretionary,1.44021093628229,85748.50758105326,-0.05,0.0,-0.05
improved_8_equal_weight_top20,Improved 8: improved 4 design with equal-weight 1/N sizing at top 20. Each position targets 5 pct of current portfolio equity. Top-N expansion from 10 to 20 and switch from fixed-dollar to percent-of-equity sizing are mechanically coupled and treated as a single improvement. Stop-loss / take-profit inherited from improved 4.,2020-09-30,NRG,Utilities,1.4396703826594066,85748.50758105326,0.0367002273478838,0.0,0.0367002273478838
improved_8_equal_weight_top20,Improved 8: improved 4 design with equal-weight 1/N sizing at top 20. Each position targets 5 pct of current portfolio equity. Top-N expansion from 10 to 20 and switch from fixed-dollar to percent-of-equity sizing are mechanically coupled and treated as a single improvement. Stop-loss / take-profit inherited from improved 4.,2020-09-30,MCO,Financials,1.2891505049287664,85748.50758105326,-0.05,0.0,-0.05
improved_8_equal_weight_top20,Improved 8: improved 4 design with equal-weight 1/N sizing at top 20. Each position targets 5 pct of current portfolio equity. Top-N expansion from 10 to 20 and switch from fixed-dollar to percent-of-equity sizing are mechanically coupled and treated as a single improvement. Stop-loss / take-profit inherited from improved 4.,2020-09-30,GNRC,Industrials,1.2397425523518915,85748.50758105326,0.0749360613810741,0.0,0.0749360613810741
improved_8_equal_weight_top20,Improved 8: improved 4 design with equal-weight 1/N sizing at top 20. Each position targets 5 pct of current portfolio equity. Top-N expansion from 10 to 20 and switch from fixed-dollar to percent-of-equity sizing are mechanically coupled and treated as a single improvement. Stop-loss / take-profit inherited from improved 4.,2020-09-30,SPGI,Financials,1.2277669353746987,85748.50758105326,-0.05,0.0,-0.05
improved_8_equal_weight_top20,Improved 8: improved 4 design with equal-weight 1/N sizing at top 20. Each position targets 5 pct of current portfolio equity. Top-N expansion from 10 to 20 and switch from fixed-dollar to percent-of-equity sizing are mechanically coupled and treated as a single improvement. Stop-loss / take-profit inherited from improved 4.,2020-09-30,NVDA,Information Technology,1.2080279622068393,85748.50758105326,-0.05,0.0,-0.05
improved_8_equal_weight_top20,Improved 8: improved 4 design with equal-weight 1/N sizing at top 20. Each position targets 5 pct of current portfolio equity. Top-N expansion from 10 to 20 and switch from fixed-dollar to percent-of-equity sizing are mechanically coupled and treated as a single improvement. Stop-loss / take-profit inherited from improved 4.,2020-09-30,ORLY,Consumer Discretionary,1.1392311101308832,85748.50758105326,-0.05,0.0,-0.05
improved_8_equal_weight_top20,Improved 8: improved 4 design with equal-weight 1/N sizing at top 20. Each position targets 5 pct of current portfolio equity. Top-N expansion from 10 to 20 and switch from fixed-dollar to percent-of-equity sizing are mechanically coupled and treated as a single improvement. Stop-loss / take-profit inherited from improved 4.,2020-09-30,ALGN,Health Care,1.1193868037293728,85748.50758105326,-0.05,0.0,-0.05
improved_8_equal_weight_top20,Improved 8: improved 4 design with equal-weight 1/N sizing at top 20. Each position targets 5 pct of current portfolio equity. Top-N expansion from 10 to 20 and switch from fixed-dollar to percent-of-equity sizing are mechanically coupled and treated as a single improvement. Stop-loss / take-profit inherited from improved 4.,2020-09-30,IDXX,Health Care,1.1050518386802444,85748.50758105326,0.0719927325948168,0.0,0.0719927325948168
improved_8_equal_weight_top20,Improved 8: improved 4 design with equal-weight 1/N sizing at top 20. Each position targets 5 pct of current portfolio equity. Top-N expansion from 10 to 20 and switch from fixed-dollar to percent-of-equity sizing are mechanically coupled and treated as a single improvement. Stop-loss / take-profit inherited from improved 4.,2020-09-30,HUM,Health Care,1.0833374129470976,85748.50758105326,-0.05,0.0,-0.05
improved_8_equal_weight_top20,Improved 8: improved 4 design with equal-weight 1/N sizing at top 20. Each position targets 5 pct of current portfolio equity. Top-N expansion from 10 to 20 and switch from fixed-dollar to percent-of-equity sizing are mechanically coupled and treated as a single improvement. Stop-loss / take-profit inherited from improved 4.,2020-09-30,AAPL,Information Technology,0.99984884891413,85748.50758105326,-0.05,0.0,-0.05
improved_8_equal_weight_top20,Improved 8: improved 4 design with equal-weight 1/N sizing at top 20. Each position targets 5 pct of current portfolio equity. Top-N expansion from 10 to 20 and switch from fixed-dollar to percent-of-equity sizing are mechanically coupled and treated as a single improvement. Stop-loss / take-profit inherited from improved 4.,2020-09-30,POOL,Consumer Discretionary,0.8983198615002403,85748.50758105326,-0.05,0.0,-0.05
improved_8_equal_weight_top20,Improved 8: improved 4 design with equal-weight 1/N sizing at top 20. Each position targets 5 pct of current portfolio equity. Top-N expansion from 10 to 20 and switch from fixed-dollar to percent-of-equity sizing are mechanically coupled and treated as a single improvement. Stop-loss / take-profit inherited from improved 4.,2020-09-30,CNC,Health Care,0.8980749649975968,85748.50758105326,0.0126799177518848,0.0,0.0126799177518848
improved_8_equal_weight_top20,Improved 8: improved 4 design with equal-weight 1/N sizing at top 20. Each position targets 5 pct of current portfolio equity. Top-N expansion from 10 to 20 and switch from fixed-dollar to percent-of-equity sizing are mechanically coupled and treated as a single improvement. Stop-loss / take-profit inherited from improved 4.,2020-09-30,AMGN,Health Care,0.8951835116214122,85748.50758105326,-0.05,0.0,-0.05
improved_8_equal_weight_top20,Improved 8: improved 4 design with equal-weight 1/N sizing at top 20. Each position targets 5 pct of current portfolio equity. Top-N expansion from 10 to 20 and switch from fixed-dollar to percent-of-equity sizing are mechanically coupled and treated as a single improvement. Stop-loss / take-profit inherited from improved 4.,2020-09-30,BBY,Consumer Discretionary,0.8900259964851183,85748.50758105326,-0.0101162481142653,0.0,-0.0101162481142653
improved_8_equal_weight_top20,Improved 8: improved 4 design with equal-weight 1/N sizing at top 20. Each position targets 5 pct of current portfolio equity. Top-N expansion from 10 to 20 and switch from fixed-dollar to percent-of-equity sizing are mechanically coupled and treated as a single improvement. Stop-loss / take-profit inherited from improved 4.,2020-09-30,LEN,Consumer Discretionary,0.8893059949563884,85748.50758105326,-0.05,0.0,-0.05
improved_8_equal_weight_top20,Improved 8: improved 4 design with equal-weight 1/N sizing at top 20. Each position targets 5 pct of current portfolio equity. Top-N expansion from 10 to 20 and switch from fixed-dollar to percent-of-equity sizing are mechanically coupled and treated as a single improvement. Stop-loss / take-profit inherited from improved 4.,2020-09-30,LLY,Health Care,0.8667683859480358,85748.50758105326,-0.05,0.0,-0.05
improved_8_equal_weight_top20,Improved 8: improved 4 design with equal-weight 1/N sizing at top 20. Each position targets 5 pct of current portfolio equity. Top-N expansion from 10 to 20 and switch from fixed-dollar to percent-of-equity sizing are mechanically coupled and treated as a single improvement. Stop-loss / take-profit inherited from improved 4.,2020-09-30,AMD,Information Technology,0.8619671249191869,85748.50758105326,-0.05,0.0,-0.05
improved_8_equal_weight_top20,Improved 8: improved 4 design with equal-weight 1/N sizing at top 20. Each position targets 5 pct of current portfolio equity. Top-N expansion from 10 to 20 and switch from fixed-dollar to percent-of-equity sizing are mechanically coupled and treated as a single improvement. Stop-loss / take-profit inherited from improved 4.,2020-09-30,UNH,Health Care,0.8351917697175657,85748.50758105326,-0.0248314211753629,0.0,-0.0248314211753629
improved_8_equal_weight_top20,Improved 8: improved 4 design with equal-weight 1/N sizing at top 20. Each position targets 5 pct of current portfolio equity. Top-N expansion from 10 to 20 and switch from fixed-dollar to percent-of-equity sizing are mechanically coupled and treated as a single improvement. Stop-loss / take-profit inherited from improved 4.,2020-09-30,ALB,Materials,0.827244591256731,85748.50758105326,-0.05,0.0,-0.05
improved_8_equal_weight_top20,Improved 8: improved 4 design with equal-weight 1/N sizing at top 20. Each position targets 5 pct of current portfolio equity. Top-N expansion from 10 to 20 and switch from fixed-dollar to percent-of-equity sizing are mechanically coupled and treated as a single improvement. Stop-loss / take-profit inherited from improved 4.,2020-10-31,NRG,Utilities,1.5537671351446334,83439.13421899319,0.0221598002495337,0.0,0.0221598002495337
improved_8_equal_weight_top20,Improved 8: improved 4 design with equal-weight 1/N sizing at top 20. Each position targets 5 pct of current portfolio equity. Top-N expansion from 10 to 20 and switch from fixed-dollar to percent-of-equity sizing are mechanically coupled and treated as a single improvement. Stop-loss / take-profit inherited from improved 4.,2020-10-31,CL,Consumer Staples,1.4276827120726268,83439.13421899319,0.0680967822399325,0.0,0.0680967822399325
improved_8_equal_weight_top20,Improved 8: improved 4 design with equal-weight 1/N sizing at top 20. Each position targets 5 pct of current portfolio equity. Top-N expansion from 10 to 20 and switch from fixed-dollar to percent-of-equity sizing are mechanically coupled and treated as a single improvement. Stop-loss / take-profit inherited from improved 4.,2020-10-31,ORLY,Consumer Discretionary,1.1270277041853909,83439.13421899319,-0.0006098800569221,0.0,-0.0006098800569221
improved_8_equal_weight_top20,Improved 8: improved 4 design with equal-weight 1/N sizing at top 20. Each position targets 5 pct of current portfolio equity. Top-N expansion from 10 to 20 and switch from fixed-dollar to percent-of-equity sizing are mechanically coupled and treated as a single improvement. Stop-loss / take-profit inherited from improved 4.,2020-10-31,SPGI,Financials,1.0805580229257508,83439.13421899319,0.0727857779569511,0.0,0.0727857779569511
improved_8_equal_weight_top20,Improved 8: improved 4 design with equal-weight 1/N sizing at top 20. Each position targets 5 pct of current portfolio equity. Top-N expansion from 10 to 20 and switch from fixed-dollar to percent-of-equity sizing are mechanically coupled and treated as a single improvement. Stop-loss / take-profit inherited from improved 4.,2020-10-31,KMB,Consumer Staples,1.080229093007854,83439.13421899319,0.0375363074402077,0.0,0.0375363074402077
improved_8_equal_weight_top20,Improved 8: improved 4 design with equal-weight 1/N sizing at top 20. Each position targets 5 pct of current portfolio equity. Top-N expansion from 10 to 20 and switch from fixed-dollar to percent-of-equity sizing are mechanically coupled and treated as a single improvement. Stop-loss / take-profit inherited from improved 4.,2020-10-31,LOW,Consumer Discretionary,1.0258581869813712,83439.13421899319,-0.05,0.0,-0.05
improved_8_equal_weight_top20,Improved 8: improved 4 design with equal-weight 1/N sizing at top 20. Each position targets 5 pct of current portfolio equity. Top-N expansion from 10 to 20 and switch from fixed-dollar to percent-of-equity sizing are mechanically coupled and treated as a single improvement. Stop-loss / take-profit inherited from improved 4.,2020-10-31,NTAP,Information Technology,0.9693862877289448,83439.13421899319,0.1990553306319331,0.0,0.1990553306319331
improved_8_equal_weight_top20,Improved 8: improved 4 design with equal-weight 1/N sizing at top 20. Each position targets 5 pct of current portfolio equity. Top-N expansion from 10 to 20 and switch from fixed-dollar to percent-of-equity sizing are mechanically coupled and treated as a single improvement. Stop-loss / take-profit inherited from improved 4.,2020-10-31,FIX,Industrials,0.8719211550257099,83439.13421899319,0.0841156117620807,0.0,0.0841156117620807
improved_8_equal_weight_top20,Improved 8: improved 4 design with equal-weight 1/N sizing at top 20. Each position targets 5 pct of current portfolio equity. Top-N expansion from 10 to 20 and switch from fixed-dollar to percent-of-equity sizing are mechanically coupled and treated as a single improvement. Stop-loss / take-profit inherited from improved 4.,2020-10-31,NEM,Materials,0.8409733075463408,83439.13421899319,-0.05,0.0,-0.05
improved_8_equal_weight_top20,Improved 8: improved 4 design with equal-weight 1/N sizing at top 20. Each position targets 5 pct of current portfolio equity. Top-N expansion from 10 to 20 and switch from fixed-dollar to percent-of-equity sizing are mechanically coupled and treated as a single improvement. Stop-loss / take-profit inherited from improved 4.,2020-10-31,UPS,Industrials,0.8139439846628362,83439.13421899319,0.0833918015897525,0.0,0.0833918015897525
improved_8_equal_weight_top20,Improved 8: improved 4 design with equal-weight 1/N sizing at top 20. Each position targets 5 pct of current portfolio equity. Top-N expansion from 10 to 20 and switch from fixed-dollar to percent-of-equity sizing are mechanically coupled and treated as a single improvement. Stop-loss / take-profit inherited from improved 4.,2020-10-31,GEN,Information Technology,0.809755837419695,83439.13421899319,-0.05,0.0,-0.05
improved_8_equal_weight_top20,Improved 8: improved 4 design with equal-weight 1/N sizing at top 20. Each position targets 5 pct of current portfolio equity. Top-N expansion from 10 to 20 and switch from fixed-dollar to percent-of-equity sizing are mechanically coupled and treated as a single improvement. Stop-loss / take-profit inherited from improved 4.,2020-10-31,MCO,Financials,0.7926833172179155,83439.13421899319,0.0614116912024638,0.0,0.0614116912024638
improved_8_equal_weight_top20,Improved 8: improved 4 design with equal-weight 1/N sizing at top 20. Each position targets 5 pct of current portfolio equity. Top-N expansion from 10 to 20 and switch from fixed-dollar to percent-of-equity sizing are mechanically coupled and treated as a single improvement. Stop-loss / take-profit inherited from improved 4.,2020-10-31,CHRW,Industrials,0.7115716422943157,83439.13421899319,0.0444592641988883,0.0,0.0444592641988883
improved_8_equal_weight_top20,Improved 8: improved 4 design with equal-weight 1/N sizing at top 20. Each position targets 5 pct of current portfolio equity. Top-N expansion from 10 to 20 and switch from fixed-dollar to percent-of-equity sizing are mechanically coupled and treated as a single improvement. Stop-loss / take-profit inherited from improved 4.,2020-10-31,LMT,Industrials,0.7065130345705612,83439.13421899319,0.0322363248343462,0.0,0.0322363248343462
improved_8_equal_weight_top20,Improved 8: improved 4 design with equal-weight 1/N sizing at top 20. Each position targets 5 pct of current portfolio equity. Top-N expansion from 10 to 20 and switch from fixed-dollar to percent-of-equity sizing are mechanically coupled and treated as a single improvement. Stop-loss / take-profit inherited from improved 4.,2020-10-31,URI,Industrials,0.6927510658994227,83439.13421899319,0.3,0.0,0.3
improved_8_equal_weight_top20,Improved 8: improved 4 design with equal-weight 1/N sizing at top 20. Each position targets 5 pct of current portfolio equity. Top-N expansion from 10 to 20 and switch from fixed-dollar to percent-of-equity sizing are mechanically coupled and treated as a single improvement. Stop-loss / take-profit inherited from improved 4.,2020-10-31,BEN,Financials,0.6845753647580071,83439.13421899319,0.1543307086588172,0.0,0.1543307086588172
improved_8_equal_weight_top20,Improved 8: improved 4 design with equal-weight 1/N sizing at top 20. Each position targets 5 pct of current portfolio equity. Top-N expansion from 10 to 20 and switch from fixed-dollar to percent-of-equity sizing are mechanically coupled and treated as a single improvement. Stop-loss / take-profit inherited from improved 4.,2020-10-31,CLX,Consumer Staples,0.6655789492461556,83439.13421899319,-0.05,0.0,-0.05
improved_8_equal_weight_top20,Improved 8: improved 4 design with equal-weight 1/N sizing at top 20. Each position targets 5 pct of current portfolio equity. Top-N expansion from 10 to 20 and switch from fixed-dollar to percent-of-equity sizing are mechanically coupled and treated as a single improvement. Stop-loss / take-profit inherited from improved 4.,2020-10-31,MTD,Health Care,0.6634319451537108,83439.13421899319,0.1287295854271357,0.0,0.1287295854271357
improved_8_equal_weight_top20,Improved 8: improved 4 design with equal-weight 1/N sizing at top 20. Each position targets 5 pct of current portfolio equity. Top-N expansion from 10 to 20 and switch from fixed-dollar to percent-of-equity sizing are mechanically coupled and treated as a single improvement. Stop-loss / take-profit inherited from improved 4.,2020-10-31,LLY,Health Care,0.6526288338050924,83439.13421899319,0.1046796563360219,0.0,0.1046796563360219
improved_8_equal_weight_top20,Improved 8: improved 4 design with equal-weight 1/N sizing at top 20. Each position targets 5 pct of current portfolio equity. Top-N expansion from 10 to 20 and switch from fixed-dollar to percent-of-equity sizing are mechanically coupled and treated as a single improvement. Stop-loss / take-profit inherited from improved 4.,2020-10-31,EBAY,Consumer Discretionary,0.6385346862303228,83439.13421899319,-0.05,0.0,-0.05
improved_8_equal_weight_top20,Improved 8: improved 4 design with equal-weight 1/N sizing at top 20. Each position targets 5 pct of current portfolio equity. Top-N expansion from 10 to 20 and switch from fixed-dollar to percent-of-equity sizing are mechanically coupled and treated as a single improvement. Stop-loss / take-profit inherited from improved 4.,2020-11-30,SPGI,Financials,1.512804127291675,88205.08896353105,-0.05,0.0,-0.05
improved_8_equal_weight_top20,Improved 8: improved 4 design with equal-weight 1/N sizing at top 20. Each position targets 5 pct of current portfolio equity. Top-N expansion from 10 to 20 and switch from fixed-dollar to percent-of-equity sizing are mechanically coupled and treated as a single improvement. Stop-loss / take-profit inherited from improved 4.,2020-11-30,IDXX,Health Care,1.422138950143517,88205.08896353105,0.0819931167341283,0.0,0.0819931167341283
improved_8_equal_weight_top20,Improved 8: improved 4 design with equal-weight 1/N sizing at top 20. Each position targets 5 pct of current portfolio equity. Top-N expansion from 10 to 20 and switch from fixed-dollar to percent-of-equity sizing are mechanically coupled and treated as a single improvement. Stop-loss / take-profit inherited from improved 4.,2020-11-30,CL,Consumer Staples,1.4188692985331843,88205.08896353105,-0.0029151119405811,0.0,-0.0029151119405811
improved_8_equal_weight_top20,Improved 8: improved 4 design with equal-weight 1/N sizing at top 20. Each position targets 5 pct of current portfolio equity. Top-N expansion from 10 to 20 and switch from fixed-dollar to percent-of-equity sizing are mechanically coupled and treated as a single improvement. Stop-loss / take-profit inherited from improved 4.,2020-11-30,QCOM,Information Technology,1.3685370298188966,88205.08896353105,0.0282964448572748,0.0,0.0282964448572748
improved_8_equal_weight_top20,Improved 8: improved 4 design with equal-weight 1/N sizing at top 20. Each position targets 5 pct of current portfolio equity. Top-N expansion from 10 to 20 and switch from fixed-dollar to percent-of-equity sizing are mechanically coupled and treated as a single improvement. Stop-loss / take-profit inherited from improved 4.,2020-11-30,NTAP,Information Technology,1.2385125181383216,88205.08896353105,0.2583562721182728,0.0,0.2583562721182728
improved_8_equal_weight_top20,Improved 8: improved 4 design with equal-weight 1/N sizing at top 20. Each position targets 5 pct of current portfolio equity. Top-N expansion from 10 to 20 and switch from fixed-dollar to percent-of-equity sizing are mechanically coupled and treated as a single improvement. Stop-loss / take-profit inherited from improved 4.,2020-11-30,ORLY,Consumer Discretionary,1.221662978628757,88205.08896353105,0.0139125369656936,0.0,0.0139125369656936
improved_8_equal_weight_top20,Improved 8: improved 4 design with equal-weight 1/N sizing at top 20. Each position targets 5 pct of current portfolio equity. Top-N expansion from 10 to 20 and switch from fixed-dollar to percent-of-equity sizing are mechanically coupled and treated as a single improvement. Stop-loss / take-profit inherited from improved 4.,2020-11-30,MTD,Health Care,1.1909442324718893,88205.08896353105,-0.0147994467496541,0.0,-0.0147994467496541
improved_8_equal_weight_top20,Improved 8: improved 4 design with equal-weight 1/N sizing at top 20. Each position targets 5 pct of current portfolio equity. Top-N expansion from 10 to 20 and switch from fixed-dollar to percent-of-equity sizing are mechanically coupled and treated as a single improvement. Stop-loss / take-profit inherited from improved 4.,2020-11-30,GEN,Information Technology,1.1776412726967507,88205.08896353105,0.136139967195507,0.0,0.136139967195507
improved_8_equal_weight_top20,Improved 8: improved 4 design with equal-weight 1/N sizing at top 20. Each position targets 5 pct of current portfolio equity. Top-N expansion from 10 to 20 and switch from fixed-dollar to percent-of-equity sizing are mechanically coupled and treated as a single improvement. Stop-loss / take-profit inherited from improved 4.,2020-11-30,EBAY,Consumer Discretionary,1.0977278259491994,88205.08896353105,-0.0049504950495909,0.0,-0.0049504950495909
improved_8_equal_weight_top20,Improved 8: improved 4 design with equal-weight 1/N sizing at top 20. Each position targets 5 pct of current portfolio equity. Top-N expansion from 10 to 20 and switch from fixed-dollar to percent-of-equity sizing are mechanically coupled and treated as a single improvement. Stop-loss / take-profit inherited from improved 4.,2020-11-30,LOW,Consumer Discretionary,1.0856541990453072,88205.08896353105,0.0300988319857931,0.0,0.0300988319857931
improved_8_equal_weight_top20,Improved 8: improved 4 design with equal-weight 1/N sizing at top 20. Each position targets 5 pct of current portfolio equity. Top-N expansion from 10 to 20 and switch from fixed-dollar to percent-of-equity sizing are mechanically coupled and treated as a single improvement. Stop-loss / take-profit inherited from improved 4.,2020-11-30,ALGN,Health Care,1.0362664405503679,88205.08896353105,0.0962540516144914,0.0,0.0962540516144914
improved_8_equal_weight_top20,Improved 8: improved 4 design with equal-weight 1/N sizing at top 20. Each position targets 5 pct of current portfolio equity. Top-N expansion from 10 to 20 and switch from fixed-dollar to percent-of-equity sizing are mechanically coupled and treated as a single improvement. Stop-loss / take-profit inherited from improved 4.,2020-11-30,MCO,Financials,0.9684942055400917,88205.08896353105,0.0230164604701943,0.0,0.0230164604701943
improved_8_equal_weight_top20,Improved 8: improved 4 design with equal-weight 1/N sizing at top 20. Each position targets 5 pct of current portfolio equity. Top-N expansion from 10 to 20 and switch from fixed-dollar to percent-of-equity sizing are mechanically coupled and treated as a single improvement. Stop-loss / take-profit inherited from improved 4.,2020-11-30,KMB,Consumer Staples,0.9659132504291492,88205.08896353105,-0.0259728574341343,0.0,-0.0259728574341343
improved_8_equal_weight_top20,Improved 8: improved 4 design with equal-weight 1/N sizing at top 20. Each position targets 5 pct of current portfolio equity. Top-N expansion from 10 to 20 and switch from fixed-dollar to percent-of-equity sizing are mechanically coupled and treated as a single improvement. Stop-loss / take-profit inherited from improved 4.,2020-11-30,ABBV,Health Care,0.9293871008030063,88205.08896353105,0.0199904807232302,0.0,0.0199904807232302
improved_8_equal_weight_top20,Improved 8: improved 4 design with equal-weight 1/N sizing at top 20. Each position targets 5 pct of current portfolio equity. Top-N expansion from 10 to 20 and switch from fixed-dollar to percent-of-equity sizing are mechanically coupled and treated as a single improvement. Stop-loss / take-profit inherited from improved 4.,2020-11-30,CLX,Consumer Staples,0.9276551423082906,88205.08896353105,-0.0022236497503368,0.0,-0.0022236497503368
improved_8_equal_weight_top20,Improved 8: improved 4 design with equal-weight 1/N sizing at top 20. Each position targets 5 pct of current portfolio equity. Top-N expansion from 10 to 20 and switch from fixed-dollar to percent-of-equity sizing are mechanically coupled and treated as a single improvement. Stop-loss / take-profit inherited from improved 4.,2020-11-30,AAPL,Information Technology,0.9019185189429626,88205.08896353105,0.0965209486818532,0.0,0.0965209486818532
improved_8_equal_weight_top20,Improved 8: improved 4 design with equal-weight 1/N sizing at top 20. Each position targets 5 pct of current portfolio equity. Top-N expansion from 10 to 20 and switch from fixed-dollar to percent-of-equity sizing are mechanically coupled and treated as a single improvement. Stop-loss / take-profit inherited from improved 4.,2020-11-30,UPS,Industrials,0.8744030743593298,88205.08896353105,-0.05,0.0,-0.05
improved_8_equal_weight_top20,Improved 8: improved 4 design with equal-weight 1/N sizing at top 20. Each position targets 5 pct of current portfolio equity. Top-N expansion from 10 to 20 and switch from fixed-dollar to percent-of-equity sizing are mechanically coupled and treated as a single improvement. Stop-loss / take-profit inherited from improved 4.,2020-11-30,TER,Information Technology,0.8622725916548005,88205.08896353105,0.0775660614774453,0.0,0.0775660614774453
improved_8_equal_weight_top20,Improved 8: improved 4 design with equal-weight 1/N sizing at top 20. Each position targets 5 pct of current portfolio equity. Top-N expansion from 10 to 20 and switch from fixed-dollar to percent-of-equity sizing are mechanically coupled and treated as a single improvement. Stop-loss / take-profit inherited from improved 4.,2020-11-30,AMD,Information Technology,0.8622505565731584,88205.08896353105,-0.0058536585365854,0.0,-0.0058536585365854
improved_8_equal_weight_top20,Improved 8: improved 4 design with equal-weight 1/N sizing at top 20. Each position targets 5 pct of current portfolio equity. Top-N expansion from 10 to 20 and switch from fixed-dollar to percent-of-equity sizing are mechanically coupled and treated as a single improvement. Stop-loss / take-profit inherited from improved 4.,2020-11-30,SWKS,Information Technology,0.8233969227353095,88205.08896353105,0.0765439053590681,0.0,0.0765439053590681
improved_8_equal_weight_top20,Improved 8: improved 4 design with equal-weight 1/N sizing at top 20. Each position targets 5 pct of current portfolio equity. Top-N expansion from 10 to 20 and switch from fixed-dollar to percent-of-equity sizing are mechanically coupled and treated as a single improvement. Stop-loss / take-profit inherited from improved 4.,2020-12-31,TTD,Communication Services,1.5791813245043036,91653.79265231783,-0.05,0.0,-0.05
improved_8_equal_weight_top20,Improved 8: improved 4 design with equal-weight 1/N sizing at top 20. Each position targets 5 pct of current portfolio equity. Top-N expansion from 10 to 20 and switch from fixed-dollar to percent-of-equity sizing are mechanically coupled and treated as a single improvement. Stop-loss / take-profit inherited from improved 4.,2020-12-31,GNRC,Industrials,1.5414734277551814,91653.79265231783,0.0753185547215917,0.0,0.0753185547215917
improved_8_equal_weight_top20,Improved 8: improved 4 design with equal-weight 1/N sizing at top 20. Each position targets 5 pct of current portfolio equity. Top-N expansion from 10 to 20 and switch from fixed-dollar to percent-of-equity sizing are mechanically coupled and treated as a single improvement. Stop-loss / take-profit inherited from improved 4.,2020-12-31,COHR,Information Technology,1.3966527365209749,91653.79265231783,0.0913731283606424,0.0,0.0913731283606424
improved_8_equal_weight_top20,Improved 8: improved 4 design with equal-weight 1/N sizing at top 20. Each position targets 5 pct of current portfolio equity. Top-N expansion from 10 to 20 and switch from fixed-dollar to percent-of-equity sizing are mechanically coupled and treated as a single improvement. Stop-loss / take-profit inherited from improved 4.,2020-12-31,PYPL,Financials,1.246423225280502,91653.79265231783,-0.05,0.0,-0.05
improved_8_equal_weight_top20,Improved 8: improved 4 design with equal-weight 1/N sizing at top 20. Each position targets 5 pct of current portfolio equity. Top-N expansion from 10 to 20 and switch from fixed-dollar to percent-of-equity sizing are mechanically coupled and treated as a single improvement. Stop-loss / take-profit inherited from improved 4.,2020-12-31,IDXX,Health Care,1.2178127117327981,91653.79265231783,-0.05,0.0,-0.05
improved_8_equal_weight_top20,Improved 8: improved 4 design with equal-weight 1/N sizing at top 20. Each position targets 5 pct of current portfolio equity. Top-N expansion from 10 to 20 and switch from fixed-dollar to percent-of-equity sizing are mechanically coupled and treated as a single improvement. Stop-loss / take-profit inherited from improved 4.,2020-12-31,NTAP,Information Technology,1.2055956032498156,91653.79265231783,0.0069027973414059,0.0,0.0069027973414059
improved_8_equal_weight_top20,Improved 8: improved 4 design with equal-weight 1/N sizing at top 20. Each position targets 5 pct of current portfolio equity. Top-N expansion from 10 to 20 and switch from fixed-dollar to percent-of-equity sizing are mechanically coupled and treated as a single improvement. Stop-loss / take-profit inherited from improved 4.,2020-12-31,CL,Consumer Staples,1.1786713711875751,91653.79265231783,-0.05,0.0,-0.05
improved_8_equal_weight_top20,Improved 8: improved 4 design with equal-weight 1/N sizing at top 20. Each position targets 5 pct of current portfolio equity. Top-N expansion from 10 to 20 and switch from fixed-dollar to percent-of-equity sizing are mechanically coupled and treated as a single improvement. Stop-loss / take-profit inherited from improved 4.,2020-12-31,ORLY,Consumer Discretionary,1.1658716233541702,91653.79265231783,-0.05,0.0,-0.05
improved_8_equal_weight_top20,Improved 8: improved 4 design with equal-weight 1/N sizing at top 20. Each position targets 5 pct of current portfolio equity. Top-N expansion from 10 to 20 and switch from fixed-dollar to percent-of-equity sizing are mechanically coupled and treated as a single improvement. Stop-loss / take-profit inherited from improved 4.,2020-12-31,ROL,Industrials,1.1440682757829779,91653.79265231783,-0.05,0.0,-0.05
improved_8_equal_weight_top20,Improved 8: improved 4 design with equal-weight 1/N sizing at top 20. Each position targets 5 pct of current portfolio equity. Top-N expansion from 10 to 20 and switch from fixed-dollar to percent-of-equity sizing are mechanically coupled and treated as a single improvement. Stop-loss / take-profit inherited from improved 4.,2020-12-31,ALGN,Health Care,1.083613735443902,91653.79265231783,-0.05,0.0,-0.05
improved_8_equal_weight_top20,Improved 8: improved 4 design with equal-weight 1/N sizing at top 20. Each position targets 5 pct of current portfolio equity. Top-N expansion from 10 to 20 and switch from fixed-dollar to percent-of-equity sizing are mechanically coupled and treated as a single improvement. Stop-loss / take-profit inherited from improved 4.,2020-12-31,KMB,Consumer Staples,0.9942538124115556,91653.79265231783,-0.016747301823633,0.0,-0.016747301823633
improved_8_equal_weight_top20,Improved 8: improved 4 design with equal-weight 1/N sizing at top 20. Each position targets 5 pct of current portfolio equity. Top-N expansion from 10 to 20 and switch from fixed-dollar to percent-of-equity sizing are mechanically coupled and treated as a single improvement. Stop-loss / take-profit inherited from improved 4.,2020-12-31,FSLR,Information Technology,0.9557902722202851,91653.79265231783,-0.05,0.0,-0.05
improved_8_equal_weight_top20,Improved 8: improved 4 design with equal-weight 1/N sizing at top 20. Each position targets 5 pct of current portfolio equity. Top-N expansion from 10 to 20 and switch from fixed-dollar to percent-of-equity sizing are mechanically coupled and treated as a single improvement. Stop-loss / take-profit inherited from improved 4.,2020-12-31,QCOM,Information Technology,0.9512445067425247,91653.79265231783,0.0213711522123625,0.0,0.0213711522123625
improved_8_equal_weight_top20,Improved 8: improved 4 design with equal-weight 1/N sizing at top 20. Each position targets 5 pct of current portfolio equity. Top-N expansion from 10 to 20 and switch from fixed-dollar to percent-of-equity sizing are mechanically coupled and treated as a single improvement. Stop-loss / take-profit inherited from improved 4.,2020-12-31,GEN,Information Technology,0.9504097784169672,91653.79265231783,0.0066889632095201,0.0,0.0066889632095201
improved_8_equal_weight_top20,Improved 8: improved 4 design with equal-weight 1/N sizing at top 20. Each position targets 5 pct of current portfolio equity. Top-N expansion from 10 to 20 and switch from fixed-dollar to percent-of-equity sizing are mechanically coupled and treated as a single improvement. Stop-loss / take-profit inherited from improved 4.,2020-12-31,MPWR,Information Technology,0.9452217686287434,91653.79265231783,-0.05,0.0,-0.05
improved_8_equal_weight_top20,Improved 8: improved 4 design with equal-weight 1/N sizing at top 20. Each position targets 5 pct of current portfolio equity. Top-N expansion from 10 to 20 and switch from fixed-dollar to percent-of-equity sizing are mechanically coupled and treated as a single improvement. Stop-loss / take-profit inherited from improved 4.,2020-12-31,NRG,Utilities,0.9260008653063879,91653.79265231783,-0.05,0.0,-0.05
improved_8_equal_weight_top20,Improved 8: improved 4 design with equal-weight 1/N sizing at top 20. Each position targets 5 pct of current portfolio equity. Top-N expansion from 10 to 20 and switch from fixed-dollar to percent-of-equity sizing are mechanically coupled and treated as a single improvement. Stop-loss / take-profit inherited from improved 4.,2020-12-31,LOW,Consumer Discretionary,0.9154912975038028,91653.79265231783,0.0414645855540205,0.0,0.0414645855540205
improved_8_equal_weight_top20,Improved 8: improved 4 design with equal-weight 1/N sizing at top 20. Each position targets 5 pct of current portfolio equity. Top-N expansion from 10 to 20 and switch from fixed-dollar to percent-of-equity sizing are mechanically coupled and treated as a single improvement. Stop-loss / take-profit inherited from improved 4.,2020-12-31,UPS,Industrials,0.9038994367548288,91653.79265231783,-0.05,0.0,-0.05
improved_8_equal_weight_top20,Improved 8: improved 4 design with equal-weight 1/N sizing at top 20. Each position targets 5 pct of current portfolio equity. Top-N expansion from 10 to 20 and switch from fixed-dollar to percent-of-equity sizing are mechanically coupled and treated as a single improvement. Stop-loss / take-profit inherited from improved 4.,2020-12-31,SPGI,Financials,0.8958660632335921,91653.79265231783,-0.05,0.0,-0.05
improved_8_equal_weight_top20,Improved 8: improved 4 design with equal-weight 1/N sizing at top 20. Each position targets 5 pct of current portfolio equity. Top-N expansion from 10 to 20 and switch from fixed-dollar to percent-of-equity sizing are mechanically coupled and treated as a single improvement. Stop-loss / take-profit inherited from improved 4.,2020-12-31,STX,Information Technology,0.8881960444146559,91653.79265231783,-0.05,0.0,-0.05
improved_8_equal_weight_top20,Improved 8: improved 4 design with equal-weight 1/N sizing at top 20. Each position targets 5 pct of current portfolio equity. Top-N expansion from 10 to 20 and switch from fixed-dollar to percent-of-equity sizing are mechanically coupled and treated as a single improvement. Stop-loss / take-profit inherited from improved 4.,2021-01-31,QCOM,Information Technology,1.386661464388806,89712.4364567658,-0.05,0.0,-0.05
improved_8_equal_weight_top20,Improved 8: improved 4 design with equal-weight 1/N sizing at top 20. Each position targets 5 pct of current portfolio equity. Top-N expansion from 10 to 20 and switch from fixed-dollar to percent-of-equity sizing are mechanically coupled and treated as a single improvement. Stop-loss / take-profit inherited from improved 4.,2021-01-31,ORLY,Consumer Discretionary,1.2609686058187963,89712.4364567658,0.0444314732676214,0.0,0.0444314732676214
improved_8_equal_weight_top20,Improved 8: improved 4 design with equal-weight 1/N sizing at top 20. Each position targets 5 pct of current portfolio equity. Top-N expansion from 10 to 20 and switch from fixed-dollar to percent-of-equity sizing are mechanically coupled and treated as a single improvement. Stop-loss / take-profit inherited from improved 4.,2021-01-31,IDXX,Health Care,1.2577349068197519,89712.4364567658,0.076911929112666,0.0,0.076911929112666
improved_8_equal_weight_top20,Improved 8: improved 4 design with equal-weight 1/N sizing at top 20. Each position targets 5 pct of current portfolio equity. Top-N expansion from 10 to 20 and switch from fixed-dollar to percent-of-equity sizing are mechanically coupled and treated as a single improvement. Stop-loss / take-profit inherited from improved 4.,2021-01-31,NRG,Utilities,1.243593784917526,89712.4364567658,-0.05,0.0,-0.05
improved_8_equal_weight_top20,Improved 8: improved 4 design with equal-weight 1/N sizing at top 20. Each position targets 5 pct of current portfolio equity. Top-N expansion from 10 to 20 and switch from fixed-dollar to percent-of-equity sizing are mechanically coupled and treated as a single improvement. Stop-loss / take-profit inherited from improved 4.,2021-01-31,ABBV,Health Care,1.2319320589341305,89712.4364567658,0.0460194174765486,0.0,0.0460194174765486
improved_8_equal_weight_top20,Improved 8: improved 4 design with equal-weight 1/N sizing at top 20. Each position targets 5 pct of current portfolio equity. Top-N expansion from 10 to 20 and switch from fixed-dollar to percent-of-equity sizing are mechanically coupled and treated as a single improvement. Stop-loss / take-profit inherited from improved 4.,2021-01-31,GNRC,Industrials,1.1852360743346715,89712.4364567658,0.3,0.0,0.3
improved_8_equal_weight_top20,Improved 8: improved 4 design with equal-weight 1/N sizing at top 20. Each position targets 5 pct of current portfolio equity. Top-N expansion from 10 to 20 and switch from fixed-dollar to percent-of-equity sizing are mechanically coupled and treated as a single improvement. Stop-loss / take-profit inherited from improved 4.,2021-01-31,EBAY,Consumer Discretionary,1.1356874709606812,89712.4364567658,-0.0039595248574693,0.0,-0.0039595248574693
improved_8_equal_weight_top20,Improved 8: improved 4 design with equal-weight 1/N sizing at top 20. Each position targets 5 pct of current portfolio equity. Top-N expansion from 10 to 20 and switch from fixed-dollar to percent-of-equity sizing are mechanically coupled and treated as a single improvement. Stop-loss / take-profit inherited from improved 4.,2021-01-31,MTD,Health Care,1.1290001230577784,89712.4364567658,-0.05,0.0,-0.05
improved_8_equal_weight_top20,Improved 8: improved 4 design with equal-weight 1/N sizing at top 20. Each position targets 5 pct of current portfolio equity. Top-N expansion from 10 to 20 and switch from fixed-dollar to percent-of-equity sizing are mechanically coupled and treated as a single improvement. Stop-loss / take-profit inherited from improved 4.,2021-01-31,SPGI,Financials,1.1189354043513948,89712.4364567658,0.0324938167405088,0.0,0.0324938167405088
improved_8_equal_weight_top20,Improved 8: improved 4 design with equal-weight 1/N sizing at top 20. Each position targets 5 pct of current portfolio equity. Top-N expansion from 10 to 20 and switch from fixed-dollar to percent-of-equity sizing are mechanically coupled and treated as a single improvement. Stop-loss / take-profit inherited from improved 4.,2021-01-31,FCX,Materials,1.037116855864657,89712.4364567658,0.3,0.0,0.3
improved_8_equal_weight_top20,Improved 8: improved 4 design with equal-weight 1/N sizing at top 20. Each position targets 5 pct of current portfolio equity. Top-N expansion from 10 to 20 and switch from fixed-dollar to percent-of-equity sizing are mechanically coupled and treated as a single improvement. Stop-loss / take-profit inherited from improved 4.,2021-01-31,ALGN,Health Care,1.0143213586616266,89712.4364567658,0.0503398588705945,0.0,0.0503398588705945
improved_8_equal_weight_top20,Improved 8: improved 4 design with equal-weight 1/N sizing at top 20. Each position targets 5 pct of current portfolio equity. Top-N expansion from 10 to 20 and switch from fixed-dollar to percent-of-equity sizing are mechanically coupled and treated as a single improvement. Stop-loss / take-profit inherited from improved 4.,2021-01-31,MPWR,Information Technology,0.9750903726327458,89712.4364567658,0.0303730604159839,0.0,0.0303730604159839
improved_8_equal_weight_top20,Improved 8: improved 4 design with equal-weight 1/N sizing at top 20. Each position targets 5 pct of current portfolio equity. Top-N expansion from 10 to 20 and switch from fixed-dollar to percent-of-equity sizing are mechanically coupled and treated as a single improvement. Stop-loss / take-profit inherited from improved 4.,2021-01-31,NVDA,Information Technology,0.9517282653612625,89712.4364567658,0.0506508392919298,0.0,0.0506508392919298
improved_8_equal_weight_top20,Improved 8: improved 4 design with equal-weight 1/N sizing at top 20. Each position targets 5 pct of current portfolio equity. Top-N expansion from 10 to 20 and switch from fixed-dollar to percent-of-equity sizing are mechanically coupled and treated as a single improvement. Stop-loss / take-profit inherited from improved 4.,2021-01-31,AMD,Information Technology,0.9497979012982167,89712.4364567658,-0.05,0.0,-0.05
improved_8_equal_weight_top20,Improved 8: improved 4 design with equal-weight 1/N sizing at top 20. Each position targets 5 pct of current portfolio equity. Top-N expansion from 10 to 20 and switch from fixed-dollar to percent-of-equity sizing are mechanically coupled and treated as a single improvement. Stop-loss / take-profit inherited from improved 4.,2021-01-31,DECK,Consumer Discretionary,0.9162807019655774,89712.4364567658,0.1085766733535769,0.0,0.1085766733535769
improved_8_equal_weight_top20,Improved 8: improved 4 design with equal-weight 1/N sizing at top 20. Each position targets 5 pct of current portfolio equity. Top-N expansion from 10 to 20 and switch from fixed-dollar to percent-of-equity sizing are mechanically coupled and treated as a single improvement. Stop-loss / take-profit inherited from improved 4.,2021-01-31,CL,Consumer Staples,0.9041593408937096,89712.4364567658,-0.0437436419117132,0.0,-0.0437436419117132
improved_8_equal_weight_top20,Improved 8: improved 4 design with equal-weight 1/N sizing at top 20. Each position targets 5 pct of current portfolio equity. Top-N expansion from 10 to 20 and switch from fixed-dollar to percent-of-equity sizing are mechanically coupled and treated as a single improvement. Stop-loss / take-profit inherited from improved 4.,2021-01-31,LOW,Consumer Discretionary,0.9000610865388384,89712.4364567658,-0.05,0.0,-0.05
improved_8_equal_weight_top20,Improved 8: improved 4 design with equal-weight 1/N sizing at top 20. Each position targets 5 pct of current portfolio equity. Top-N expansion from 10 to 20 and switch from fixed-dollar to percent-of-equity sizing are mechanically coupled and treated as a single improvement. Stop-loss / take-profit inherited from improved 4.,2021-01-31,SWKS,Information Technology,0.8942308708352688,89712.4364567658,0.022886873539996,0.0,0.022886873539996
improved_8_equal_weight_top20,Improved 8: improved 4 design with equal-weight 1/N sizing at top 20. Each position targets 5 pct of current portfolio equity. Top-N expansion from 10 to 20 and switch from fixed-dollar to percent-of-equity sizing are mechanically coupled and treated as a single improvement. Stop-loss / take-profit inherited from improved 4.,2021-01-31,LRCX,Information Technology,0.8913311566413706,89712.4364567658,0.1550554933313095,0.0,0.1550554933313095
improved_8_equal_weight_top20,Improved 8: improved 4 design with equal-weight 1/N sizing at top 20. Each position targets 5 pct of current portfolio equity. Top-N expansion from 10 to 20 and switch from fixed-dollar to percent-of-equity sizing are mechanically coupled and treated as a single improvement. Stop-loss / take-profit inherited from improved 4.,2021-01-31,TMO,Health Care,0.8697125862308547,89712.4364567658,-0.05,0.0,-0.05
improved_8_equal_weight_top20,Improved 8: improved 4 design with equal-weight 1/N sizing at top 20. Each position targets 5 pct of current portfolio equity. Top-N expansion from 10 to 20 and switch from fixed-dollar to percent-of-equity sizing are mechanically coupled and treated as a single improvement. Stop-loss / take-profit inherited from improved 4.,2021-02-28,GNRC,Industrials,1.9866520026771504,93615.09013000029,-0.05,0.0,-0.05
improved_8_equal_weight_top20,Improved 8: improved 4 design with equal-weight 1/N sizing at top 20. Each position targets 5 pct of current portfolio equity. Top-N expansion from 10 to 20 and switch from fixed-dollar to percent-of-equity sizing are mechanically coupled and treated as a single improvement. Stop-loss / take-profit inherited from improved 4.,2021-02-28,TTD,Communication Services,1.564823962824878,93615.09013000029,-0.05,0.0,-0.05
improved_8_equal_weight_top20,Improved 8: improved 4 design with equal-weight 1/N sizing at top 20. Each position targets 5 pct of current portfolio equity. Top-N expansion from 10 to 20 and switch from fixed-dollar to percent-of-equity sizing are mechanically coupled and treated as a single improvement. Stop-loss / take-profit inherited from improved 4.,2021-02-28,LOW,Consumer Discretionary,1.3490206692535207,93615.09013000029,-0.05,0.0,-0.05
improved_8_equal_weight_top20,Improved 8: improved 4 design with equal-weight 1/N sizing at top 20. Each position targets 5 pct of current portfolio equity. Top-N expansion from 10 to 20 and switch from fixed-dollar to percent-of-equity sizing are mechanically coupled and treated as a single improvement. Stop-loss / take-profit inherited from improved 4.,2021-02-28,ALGN,Health Care,1.3009973829952626,93615.09013000029,-0.05,0.0,-0.05
improved_8_equal_weight_top20,Improved 8: improved 4 design with equal-weight 1/N sizing at top 20. Each position targets 5 pct of current portfolio equity. Top-N expansion from 10 to 20 and switch from fixed-dollar to percent-of-equity sizing are mechanically coupled and treated as a single improvement. Stop-loss / take-profit inherited from improved 4.,2021-02-28,EBAY,Consumer Discretionary,1.3006218887732306,93615.09013000029,-0.05,0.0,-0.05
improved_8_equal_weight_top20,Improved 8: improved 4 design with equal-weight 1/N sizing at top 20. Each position targets 5 pct of current portfolio equity. Top-N expansion from 10 to 20 and switch from fixed-dollar to percent-of-equity sizing are mechanically coupled and treated as a single improvement. Stop-loss / take-profit inherited from improved 4.,2021-02-28,WBD,Communication Services,1.2859630342701354,93615.09013000029,-0.05,0.0,-0.05
improved_8_equal_weight_top20,Improved 8: improved 4 design with equal-weight 1/N sizing at top 20. Each position targets 5 pct of current portfolio equity. Top-N expansion from 10 to 20 and switch from fixed-dollar to percent-of-equity sizing are mechanically coupled and treated as a single improvement. Stop-loss / take-profit inherited from improved 4.,2021-02-28,PYPL,Financials,1.1373993751727263,93615.09013000029,-0.05,0.0,-0.05
improved_8_equal_weight_top20,Improved 8: improved 4 design with equal-weight 1/N sizing at top 20. Each position targets 5 pct of current portfolio equity. Top-N expansion from 10 to 20 and switch from fixed-dollar to percent-of-equity sizing are mechanically coupled and treated as a single improvement. Stop-loss / take-profit inherited from improved 4.,2021-02-28,ON,Information Technology,1.059044293025402,93615.09013000029,-0.05,0.0,-0.05
improved_8_equal_weight_top20,Improved 8: improved 4 design with equal-weight 1/N sizing at top 20. Each position targets 5 pct of current portfolio equity. Top-N expansion from 10 to 20 and switch from fixed-dollar to percent-of-equity sizing are mechanically coupled and treated as a single improvement. Stop-loss / take-profit inherited from improved 4.,2021-02-28,NTAP,Information Technology,1.0216387968614207,93615.09013000029,-0.05,0.0,-0.05
improved_8_equal_weight_top20,Improved 8: improved 4 design with equal-weight 1/N sizing at top 20. Each position targets 5 pct of current portfolio equity. Top-N expansion from 10 to 20 and switch from fixed-dollar to percent-of-equity sizing are mechanically coupled and treated as a single improvement. Stop-loss / take-profit inherited from improved 4.,2021-02-28,FCX,Materials,1.0017683199982736,93615.09013000029,-0.05,0.0,-0.05
improved_8_equal_weight_top20,Improved 8: improved 4 design with equal-weight 1/N sizing at top 20. Each position targets 5 pct of current portfolio equity. Top-N expansion from 10 to 20 and switch from fixed-dollar to percent-of-equity sizing are mechanically coupled and treated as a single improvement. Stop-loss / take-profit inherited from improved 4.,2021-02-28,IDXX,Health Care,0.9978488412638941,93615.09013000029,-0.05,0.0,-0.05
improved_8_equal_weight_top20,Improved 8: improved 4 design with equal-weight 1/N sizing at top 20. Each position targets 5 pct of current portfolio equity. Top-N expansion from 10 to 20 and switch from fixed-dollar to percent-of-equity sizing are mechanically coupled and treated as a single improvement. Stop-loss / take-profit inherited from improved 4.,2021-02-28,COHR,Information Technology,0.9713113464952008,93615.09013000029,-0.05,0.0,-0.05
improved_8_equal_weight_top20,Improved 8: improved 4 design with equal-weight 1/N sizing at top 20. Each position targets 5 pct of current portfolio equity. Top-N expansion from 10 to 20 and switch from fixed-dollar to percent-of-equity sizing are mechanically coupled and treated as a single improvement. Stop-loss / take-profit inherited from improved 4.,2021-02-28,BLDR,Industrials,0.9311965526721145,93615.09013000029,-0.05,0.0,-0.05
improved_8_equal_weight_top20,Improved 8: improved 4 design with equal-weight 1/N sizing at top 20. Each position targets 5 pct of current portfolio equity. Top-N expansion from 10 to 20 and switch from fixed-dollar to percent-of-equity sizing are mechanically coupled and treated as a single improvement. Stop-loss / take-profit inherited from improved 4.,2021-02-28,WSM,Consumer Discretionary,0.923132006414838,93615.09013000029,-0.05,0.0,-0.05
improved_8_equal_weight_top20,Improved 8: improved 4 design with equal-weight 1/N sizing at top 20. Each position targets 5 pct of current portfolio equity. Top-N expansion from 10 to 20 and switch from fixed-dollar to percent-of-equity sizing are mechanically coupled and treated as a single improvement. Stop-loss / take-profit inherited from improved 4.,2021-02-28,ORLY,Consumer Discretionary,0.8732897761762026,93615.09013000029,0.1269717840478483,0.0,0.1269717840478483
improved_8_equal_weight_top20,Improved 8: improved 4 design with equal-weight 1/N sizing at top 20. Each position targets 5 pct of current portfolio equity. Top-N expansion from 10 to 20 and switch from fixed-dollar to percent-of-equity sizing are mechanically coupled and treated as a single improvement. Stop-loss / take-profit inherited from improved 4.,2021-02-28,TER,Information Technology,0.8452175941551641,93615.09013000029,-0.05,0.0,-0.05
improved_8_equal_weight_top20,Improved 8: improved 4 design with equal-weight 1/N sizing at top 20. Each position targets 5 pct of current portfolio equity. Top-N expansion from 10 to 20 and switch from fixed-dollar to percent-of-equity sizing are mechanically coupled and treated as a single improvement. Stop-loss / take-profit inherited from improved 4.,2021-02-28,XYZ,Financials,0.8277317634684314,93615.09013000029,-0.05,0.0,-0.05
improved_8_equal_weight_top20,Improved 8: improved 4 design with equal-weight 1/N sizing at top 20. Each position targets 5 pct of current portfolio equity. Top-N expansion from 10 to 20 and switch from fixed-dollar to percent-of-equity sizing are mechanically coupled and treated as a single improvement. Stop-loss / take-profit inherited from improved 4.,2021-02-28,BG,Consumer Staples,0.8151750528554809,93615.09013000029,-0.05,0.0,-0.05
improved_8_equal_weight_top20,Improved 8: improved 4 design with equal-weight 1/N sizing at top 20. Each position targets 5 pct of current portfolio equity. Top-N expansion from 10 to 20 and switch from fixed-dollar to percent-of-equity sizing are mechanically coupled and treated as a single improvement. Stop-loss / take-profit inherited from improved 4.,2021-02-28,AAPL,Information Technology,0.8049849502184985,93615.09013000029,-0.05,0.0,-0.05
improved_8_equal_weight_top20,Improved 8: improved 4 design with equal-weight 1/N sizing at top 20. Each position targets 5 pct of current portfolio equity. Top-N expansion from 10 to 20 and switch from fixed-dollar to percent-of-equity sizing are mechanically coupled and treated as a single improvement. Stop-loss / take-profit inherited from improved 4.,2021-02-28,MTD,Health Care,0.7535985570176509,93615.09013000029,-0.05,0.0,-0.05
improved_8_equal_weight_top20,Improved 8: improved 4 design with equal-weight 1/N sizing at top 20. Each position targets 5 pct of current portfolio equity. Top-N expansion from 10 to 20 and switch from fixed-dollar to percent-of-equity sizing are mechanically coupled and treated as a single improvement. Stop-loss / take-profit inherited from improved 4.,2021-03-31,TPL,Energy,1.8658437420389804,89762.69709920559,-0.05,0.0,-0.05
improved_8_equal_weight_top20,Improved 8: improved 4 design with equal-weight 1/N sizing at top 20. Each position targets 5 pct of current portfolio equity. Top-N expansion from 10 to 20 and switch from fixed-dollar to percent-of-equity sizing are mechanically coupled and treated as a single improvement. Stop-loss / take-profit inherited from improved 4.,2021-03-31,ADSK,Information Technology,1.5414952292028288,89762.69709920559,0.0506406564929458,0.0,0.0506406564929458
improved_8_equal_weight_top20,Improved 8: improved 4 design with equal-weight 1/N sizing at top 20. Each position targets 5 pct of current portfolio equity. Top-N expansion from 10 to 20 and switch from fixed-dollar to percent-of-equity sizing are mechanically coupled and treated as a single improvement. Stop-loss / take-profit inherited from improved 4.,2021-03-31,HD,Consumer Discretionary,1.5309332377092328,89762.69709920559,0.0547119395202675,0.0,0.0547119395202675
improved_8_equal_weight_top20,Improved 8: improved 4 design with equal-weight 1/N sizing at top 20. Each position targets 5 pct of current portfolio equity. Top-N expansion from 10 to 20 and switch from fixed-dollar to percent-of-equity sizing are mechanically coupled and treated as a single improvement. Stop-loss / take-profit inherited from improved 4.,2021-03-31,TPR,Consumer Discretionary,1.3618440416056854,89762.69709920559,0.1494114821039327,0.0,0.1494114821039327
improved_8_equal_weight_top20,Improved 8: improved 4 design with equal-weight 1/N sizing at top 20. Each position targets 5 pct of current portfolio equity. Top-N expansion from 10 to 20 and switch from fixed-dollar to percent-of-equity sizing are mechanically coupled and treated as a single improvement. Stop-loss / take-profit inherited from improved 4.,2021-03-31,TTD,Communication Services,1.3551302601601907,89762.69709920559,-0.05,0.0,-0.05
improved_8_equal_weight_top20,Improved 8: improved 4 design with equal-weight 1/N sizing at top 20. Each position targets 5 pct of current portfolio equity. Top-N expansion from 10 to 20 and switch from fixed-dollar to percent-of-equity sizing are mechanically coupled and treated as a single improvement. Stop-loss / take-profit inherited from improved 4.,2021-03-31,XYZ,Financials,1.318789725198923,89762.69709920559,0.0586353022571997,0.0,0.0586353022571997
improved_8_equal_weight_top20,Improved 8: improved 4 design with equal-weight 1/N sizing at top 20. Each position targets 5 pct of current portfolio equity. Top-N expansion from 10 to 20 and switch from fixed-dollar to percent-of-equity sizing are mechanically coupled and treated as a single improvement. Stop-loss / take-profit inherited from improved 4.,2021-03-31,SPGI,Financials,1.3134645992371747,89762.69709920559,0.0861061651457222,0.0,0.0861061651457222
improved_8_equal_weight_top20,Improved 8: improved 4 design with equal-weight 1/N sizing at top 20. Each position targets 5 pct of current portfolio equity. Top-N expansion from 10 to 20 and switch from fixed-dollar to percent-of-equity sizing are mechanically coupled and treated as a single improvement. Stop-loss / take-profit inherited from improved 4.,2021-03-31,GNRC,Industrials,1.2530492545518062,89762.69709920559,-0.05,0.0,-0.05
improved_8_equal_weight_top20,Improved 8: improved 4 design with equal-weight 1/N sizing at top 20. Each position targets 5 pct of current portfolio equity. Top-N expansion from 10 to 20 and switch from fixed-dollar to percent-of-equity sizing are mechanically coupled and treated as a single improvement. Stop-loss / take-profit inherited from improved 4.,2021-03-31,BLDR,Industrials,1.236139615634848,89762.69709920559,0.0408468776732251,0.0,0.0408468776732251
improved_8_equal_weight_top20,Improved 8: improved 4 design with equal-weight 1/N sizing at top 20. Each position targets 5 pct of current portfolio equity. Top-N expansion from 10 to 20 and switch from fixed-dollar to percent-of-equity sizing are mechanically coupled and treated as a single improvement. Stop-loss / take-profit inherited from improved 4.,2021-03-31,KMB,Consumer Staples,1.20674709590511,89762.69709920559,-0.05,0.0,-0.05
improved_8_equal_weight_top20,Improved 8: improved 4 design with equal-weight 1/N sizing at top 20. Each position targets 5 pct of current portfolio equity. Top-N expansion from 10 to 20 and switch from fixed-dollar to percent-of-equity sizing are mechanically coupled and treated as a single improvement. Stop-loss / take-profit inherited from improved 4.,2021-03-31,ORLY,Consumer Discretionary,1.1729349146851045,89762.69709920559,0.0849159439375895,0.0,0.0849159439375895
improved_8_equal_weight_top20,Improved 8: improved 4 design with equal-weight 1/N sizing at top 20. Each position targets 5 pct of current portfolio equity. Top-N expansion from 10 to 20 and switch from fixed-dollar to percent-of-equity sizing are mechanically coupled and treated as a single improvement. Stop-loss / take-profit inherited from improved 4.,2021-03-31,FCX,Materials,1.1656166050395895,89762.69709920559,0.1334100709493686,0.0,0.1334100709493686
improved_8_equal_weight_top20,Improved 8: improved 4 design with equal-weight 1/N sizing at top 20. Each position targets 5 pct of current portfolio equity. Top-N expansion from 10 to 20 and switch from fixed-dollar to percent-of-equity sizing are mechanically coupled and treated as a single improvement. Stop-loss / take-profit inherited from improved 4.,2021-03-31,TRGP,Energy,1.153013489546476,89762.69709920559,0.0844664559876906,0.0,0.0844664559876906
improved_8_equal_weight_top20,Improved 8: improved 4 design with equal-weight 1/N sizing at top 20. Each position targets 5 pct of current portfolio equity. Top-N expansion from 10 to 20 and switch from fixed-dollar to percent-of-equity sizing are mechanically coupled and treated as a single improvement. Stop-loss / take-profit inherited from improved 4.,2021-03-31,CL,Consumer Staples,1.1454780127133715,89762.69709920559,0.0333186578559663,0.0,0.0333186578559663
improved_8_equal_weight_top20,Improved 8: improved 4 design with equal-weight 1/N sizing at top 20. Each position targets 5 pct of current portfolio equity. Top-N expansion from 10 to 20 and switch from fixed-dollar to percent-of-equity sizing are mechanically coupled and treated as a single improvement. Stop-loss / take-profit inherited from improved 4.,2021-03-31,APTV,Consumer Discretionary,1.1388240436497439,89762.69709920559,0.0299191181733589,0.0,0.0299191181733589
improved_8_equal_weight_top20,Improved 8: improved 4 design with equal-weight 1/N sizing at top 20. Each position targets 5 pct of current portfolio equity. Top-N expansion from 10 to 20 and switch from fixed-dollar to percent-of-equity sizing are mechanically coupled and treated as a single improvement. Stop-loss / take-profit inherited from improved 4.,2021-03-31,ON,Information Technology,1.1025544830649325,89762.69709920559,-0.05,0.0,-0.05
improved_8_equal_weight_top20,Improved 8: improved 4 design with equal-weight 1/N sizing at top 20. Each position targets 5 pct of current portfolio equity. Top-N expansion from 10 to 20 and switch from fixed-dollar to percent-of-equity sizing are mechanically coupled and treated as a single improvement. Stop-loss / take-profit inherited from improved 4.,2021-03-31,ALGN,Health Care,1.1016803988296386,89762.69709920559,0.0902350615114235,0.0,0.0902350615114235
improved_8_equal_weight_top20,Improved 8: improved 4 design with equal-weight 1/N sizing at top 20. Each position targets 5 pct of current portfolio equity. Top-N expansion from 10 to 20 and switch from fixed-dollar to percent-of-equity sizing are mechanically coupled and treated as a single improvement. Stop-loss / take-profit inherited from improved 4.,2021-03-31,WBD,Communication Services,1.0837463005512518,89762.69709920559,-0.05,0.0,-0.05
improved_8_equal_weight_top20,Improved 8: improved 4 design with equal-weight 1/N sizing at top 20. Each position targets 5 pct of current portfolio equity. Top-N expansion from 10 to 20 and switch from fixed-dollar to percent-of-equity sizing are mechanically coupled and treated as a single improvement. Stop-loss / take-profit inherited from improved 4.,2021-03-31,COHR,Information Technology,0.9924949497579281,89762.69709920559,-0.0365906155832974,0.0,-0.0365906155832974
improved_8_equal_weight_top20,Improved 8: improved 4 design with equal-weight 1/N sizing at top 20. Each position targets 5 pct of current portfolio equity. Top-N expansion from 10 to 20 and switch from fixed-dollar to percent-of-equity sizing are mechanically coupled and treated as a single improvement. Stop-loss / take-profit inherited from improved 4.,2021-03-31,TER,Information Technology,0.9836516490700754,89762.69709920559,0.0078968573729651,0.0,0.0078968573729651
improved_8_equal_weight_top20,Improved 8: improved 4 design with equal-weight 1/N sizing at top 20. Each position targets 5 pct of current portfolio equity. Top-N expansion from 10 to 20 and switch from fixed-dollar to percent-of-equity sizing are mechanically coupled and treated as a single improvement. Stop-loss / take-profit inherited from improved 4.,2021-04-30,HD,Consumer Discretionary,1.4012925823372135,92311.6164791823,-0.05,0.0,-0.05
improved_8_equal_weight_top20,Improved 8: improved 4 design with equal-weight 1/N sizing at top 20. Each position targets 5 pct of current portfolio equity. Top-N expansion from 10 to 20 and switch from fixed-dollar to percent-of-equity sizing are mechanically coupled and treated as a single improvement. Stop-loss / take-profit inherited from improved 4.,2021-04-30,CL,Consumer Staples,1.3613334403747828,92311.6164791823,0.0363681345857294,0.0,0.0363681345857294
improved_8_equal_weight_top20,Improved 8: improved 4 design with equal-weight 1/N sizing at top 20. Each position targets 5 pct of current portfolio equity. Top-N expansion from 10 to 20 and switch from fixed-dollar to percent-of-equity sizing are mechanically coupled and treated as a single improvement. Stop-loss / take-profit inherited from improved 4.,2021-04-30,ORLY,Consumer Discretionary,1.3174114746549799,92311.6164791823,-0.0359935146820068,0.0,-0.0359935146820068
improved_8_equal_weight_top20,Improved 8: improved 4 design with equal-weight 1/N sizing at top 20. Each position targets 5 pct of current portfolio equity. Top-N expansion from 10 to 20 and switch from fixed-dollar to percent-of-equity sizing are mechanically coupled and treated as a single improvement. Stop-loss / take-profit inherited from improved 4.,2021-04-30,ADSK,Information Technology,1.2849027044543493,92311.6164791823,-0.05,0.0,-0.05
improved_8_equal_weight_top20,Improved 8: improved 4 design with equal-weight 1/N sizing at top 20. Each position targets 5 pct of current portfolio equity. Top-N expansion from 10 to 20 and switch from fixed-dollar to percent-of-equity sizing are mechanically coupled and treated as a single improvement. Stop-loss / take-profit inherited from improved 4.,2021-04-30,MAS,Industrials,1.2514362222040378,92311.6164791823,-0.05,0.0,-0.05
improved_8_equal_weight_top20,Improved 8: improved 4 design with equal-weight 1/N sizing at top 20. Each position targets 5 pct of current portfolio equity. Top-N expansion from 10 to 20 and switch from fixed-dollar to percent-of-equity sizing are mechanically coupled and treated as a single improvement. Stop-loss / take-profit inherited from improved 4.,2021-04-30,KMB,Consumer Staples,1.223418173788924,92311.6164791823,-0.0200300075017215,0.0,-0.0200300075017215
improved_8_equal_weight_top20,Improved 8: improved 4 design with equal-weight 1/N sizing at top 20. Each position targets 5 pct of current portfolio equity. Top-N expansion from 10 to 20 and switch from fixed-dollar to percent-of-equity sizing are mechanically coupled and treated as a single improvement. Stop-loss / take-profit inherited from improved 4.,2021-04-30,SPGI,Financials,1.185308849183315,92311.6164791823,-0.05,0.0,-0.05
improved_8_equal_weight_top20,Improved 8: improved 4 design with equal-weight 1/N sizing at top 20. Each position targets 5 pct of current portfolio equity. Top-N expansion from 10 to 20 and switch from fixed-dollar to percent-of-equity sizing are mechanically coupled and treated as a single improvement. Stop-loss / take-profit inherited from improved 4.,2021-04-30,GNRC,Industrials,1.168251897644662,92311.6164791823,-0.05,0.0,-0.05
improved_8_equal_weight_top20,Improved 8: improved 4 design with equal-weight 1/N sizing at top 20. Each position targets 5 pct of current portfolio equity. Top-N expansion from 10 to 20 and switch from fixed-dollar to percent-of-equity sizing are mechanically coupled and treated as a single improvement. Stop-loss / take-profit inherited from improved 4.,2021-04-30,FTNT,Information Technology,0.9767976175400996,92311.6164791823,0.0644391408114559,0.0,0.0644391408114559
improved_8_equal_weight_top20,Improved 8: improved 4 design with equal-weight 1/N sizing at top 20. Each position targets 5 pct of current portfolio equity. Top-N expansion from 10 to 20 and switch from fixed-dollar to percent-of-equity sizing are mechanically coupled and treated as a single improvement. Stop-loss / take-profit inherited from improved 4.,2021-04-30,LOW,Consumer Discretionary,0.9053351792754135,92311.6164791823,-0.05,0.0,-0.05
improved_8_equal_weight_top20,Improved 8: improved 4 design with equal-weight 1/N sizing at top 20. Each position targets 5 pct of current portfolio equity. Top-N expansion from 10 to 20 and switch from fixed-dollar to percent-of-equity sizing are mechanically coupled and treated as a single improvement. Stop-loss / take-profit inherited from improved 4.,2021-04-30,GM,Consumer Discretionary,0.8717067094518262,92311.6164791823,-0.05,0.0,-0.05
improved_8_equal_weight_top20,Improved 8: improved 4 design with equal-weight 1/N sizing at top 20. Each position targets 5 pct of current portfolio equity. Top-N expansion from 10 to 20 and switch from fixed-dollar to percent-of-equity sizing are mechanically coupled and treated as a single improvement. Stop-loss / take-profit inherited from improved 4.,2021-04-30,F,Consumer Discretionary,0.8603381699196929,92311.6164791823,0.3,0.0,0.3
improved_8_equal_weight_top20,Improved 8: improved 4 design with equal-weight 1/N sizing at top 20. Each position targets 5 pct of current portfolio equity. Top-N expansion from 10 to 20 and switch from fixed-dollar to percent-of-equity sizing are mechanically coupled and treated as a single improvement. Stop-loss / take-profit inherited from improved 4.,2021-04-30,WSM,Consumer Discretionary,0.8379000408764895,92311.6164791823,-0.05,0.0,-0.05
improved_8_equal_weight_top20,Improved 8: improved 4 design with equal-weight 1/N sizing at top 20. Each position targets 5 pct of current portfolio equity. Top-N expansion from 10 to 20 and switch from fixed-dollar to percent-of-equity sizing are mechanically coupled and treated as a single improvement. Stop-loss / take-profit inherited from improved 4.,2021-04-30,FCX,Materials,0.8151801406181665,92311.6164791823,0.1123551620879159,0.0,0.1123551620879159
improved_8_equal_weight_top20,Improved 8: improved 4 design with equal-weight 1/N sizing at top 20. Each position targets 5 pct of current portfolio equity. Top-N expansion from 10 to 20 and switch from fixed-dollar to percent-of-equity sizing are mechanically coupled and treated as a single improvement. Stop-loss / take-profit inherited from improved 4.,2021-04-30,ALB,Materials,0.7866399152823067,92311.6164791823,-0.05,0.0,-0.05
improved_8_equal_weight_top20,Improved 8: improved 4 design with equal-weight 1/N sizing at top 20. Each position targets 5 pct of current portfolio equity. Top-N expansion from 10 to 20 and switch from fixed-dollar to percent-of-equity sizing are mechanically coupled and treated as a single improvement. Stop-loss / take-profit inherited from improved 4.,2021-04-30,AMAT,Information Technology,0.7490278187578356,92311.6164791823,-0.05,0.0,-0.05
improved_8_equal_weight_top20,Improved 8: improved 4 design with equal-weight 1/N sizing at top 20. Each position targets 5 pct of current portfolio equity. Top-N expansion from 10 to 20 and switch from fixed-dollar to percent-of-equity sizing are mechanically coupled and treated as a single improvement. Stop-loss / take-profit inherited from improved 4.,2021-04-30,ON,Information Technology,0.7457565650944735,92311.6164791823,-0.05,0.0,-0.05
improved_8_equal_weight_top20,Improved 8: improved 4 design with equal-weight 1/N sizing at top 20. Each position targets 5 pct of current portfolio equity. Top-N expansion from 10 to 20 and switch from fixed-dollar to percent-of-equity sizing are mechanically coupled and treated as a single improvement. Stop-loss / take-profit inherited from improved 4.,2021-04-30,FIX,Industrials,0.7436295201812622,92311.6164791823,-0.05,0.0,-0.05
improved_8_equal_weight_top20,Improved 8: improved 4 design with equal-weight 1/N sizing at top 20. Each position targets 5 pct of current portfolio equity. Top-N expansion from 10 to 20 and switch from fixed-dollar to percent-of-equity sizing are mechanically coupled and treated as a single improvement. Stop-loss / take-profit inherited from improved 4.,2021-04-30,ALGN,Health Care,0.723309902553837,92311.6164791823,-0.05,0.0,-0.05
improved_8_equal_weight_top20,Improved 8: improved 4 design with equal-weight 1/N sizing at top 20. Each position targets 5 pct of current portfolio equity. Top-N expansion from 10 to 20 and switch from fixed-dollar to percent-of-equity sizing are mechanically coupled and treated as a single improvement. Stop-loss / take-profit inherited from improved 4.,2021-04-30,BLDR,Industrials,0.6982069694989941,92311.6164791823,-0.05,0.0,-0.05
improved_8_equal_weight_top20,Improved 8: improved 4 design with equal-weight 1/N sizing at top 20. Each position targets 5 pct of current portfolio equity. Top-N expansion from 10 to 20 and switch from fixed-dollar to percent-of-equity sizing are mechanically coupled and treated as a single improvement. Stop-loss / take-profit inherited from improved 4.,2021-05-31,ORLY,Consumer Discretionary,1.7016815233393348,91190.6715137614,0.0542966204264538,0.0,0.0542966204264538
improved_8_equal_weight_top20,Improved 8: improved 4 design with equal-weight 1/N sizing at top 20. Each position targets 5 pct of current portfolio equity. Top-N expansion from 10 to 20 and switch from fixed-dollar to percent-of-equity sizing are mechanically coupled and treated as a single improvement. Stop-loss / take-profit inherited from improved 4.,2021-05-31,WAT,Health Care,1.5642788221385053,91190.6715137614,0.0699006284246046,0.0,0.0699006284246046
improved_8_equal_weight_top20,Improved 8: improved 4 design with equal-weight 1/N sizing at top 20. Each position targets 5 pct of current portfolio equity. Top-N expansion from 10 to 20 and switch from fixed-dollar to percent-of-equity sizing are mechanically coupled and treated as a single improvement. Stop-loss / take-profit inherited from improved 4.,2021-05-31,MAS,Industrials,1.4490648517205915,91190.6715137614,-0.05,0.0,-0.05
improved_8_equal_weight_top20,Improved 8: improved 4 design with equal-weight 1/N sizing at top 20. Each position targets 5 pct of current portfolio equity. Top-N expansion from 10 to 20 and switch from fixed-dollar to percent-of-equity sizing are mechanically coupled and treated as a single improvement. Stop-loss / take-profit inherited from improved 4.,2021-05-31,HD,Consumer Discretionary,1.4482861188326523,91190.6715137614,-0.05,0.0,-0.05
improved_8_equal_weight_top20,Improved 8: improved 4 design with equal-weight 1/N sizing at top 20. Each position targets 5 pct of current portfolio equity. Top-N expansion from 10 to 20 and switch from fixed-dollar to percent-of-equity sizing are mechanically coupled and treated as a single improvement. Stop-loss / take-profit inherited from improved 4.,2021-05-31,CL,Consumer Staples,1.3878941267262541,91190.6715137614,-0.05,0.0,-0.05
improved_8_equal_weight_top20,Improved 8: improved 4 design with equal-weight 1/N sizing at top 20. Each position targets 5 pct of current portfolio equity. Top-N expansion from 10 to 20 and switch from fixed-dollar to percent-of-equity sizing are mechanically coupled and treated as a single improvement. Stop-loss / take-profit inherited from improved 4.,2021-05-31,KMB,Consumer Staples,1.0366842437884751,91190.6715137614,0.026287213068914,0.0,0.026287213068914
improved_8_equal_weight_top20,Improved 8: improved 4 design with equal-weight 1/N sizing at top 20. Each position targets 5 pct of current portfolio equity. Top-N expansion from 10 to 20 and switch from fixed-dollar to percent-of-equity sizing are mechanically coupled and treated as a single improvement. Stop-loss / take-profit inherited from improved 4.,2021-05-31,ADSK,Information Technology,0.9988267629943651,91190.6715137614,-0.05,0.0,-0.05
improved_8_equal_weight_top20,Improved 8: improved 4 design with equal-weight 1/N sizing at top 20. Each position targets 5 pct of current portfolio equity. Top-N expansion from 10 to 20 and switch from fixed-dollar to percent-of-equity sizing are mechanically coupled and treated as a single improvement. Stop-loss / take-profit inherited from improved 4.,2021-05-31,NUE,Materials,0.9768991897409233,91190.6715137614,-0.05,0.0,-0.05
improved_8_equal_weight_top20,Improved 8: improved 4 design with equal-weight 1/N sizing at top 20. Each position targets 5 pct of current portfolio equity. Top-N expansion from 10 to 20 and switch from fixed-dollar to percent-of-equity sizing are mechanically coupled and treated as a single improvement. Stop-loss / take-profit inherited from improved 4.,2021-05-31,SPGI,Financials,0.9499488004293741,91190.6715137614,0.0739703804492262,0.0,0.0739703804492262
improved_8_equal_weight_top20,Improved 8: improved 4 design with equal-weight 1/N sizing at top 20. Each position targets 5 pct of current portfolio equity. Top-N expansion from 10 to 20 and switch from fixed-dollar to percent-of-equity sizing are mechanically coupled and treated as a single improvement. Stop-loss / take-profit inherited from improved 4.,2021-05-31,MOS,Materials,0.865847303519714,91190.6715137614,-0.05,0.0,-0.05
improved_8_equal_weight_top20,Improved 8: improved 4 design with equal-weight 1/N sizing at top 20. Each position targets 5 pct of current portfolio equity. Top-N expansion from 10 to 20 and switch from fixed-dollar to percent-of-equity sizing are mechanically coupled and treated as a single improvement. Stop-loss / take-profit inherited from improved 4.,2021-05-31,FIX,Industrials,0.8059288389462509,91190.6715137614,-0.05,0.0,-0.05
improved_8_equal_weight_top20,Improved 8: improved 4 design with equal-weight 1/N sizing at top 20. Each position targets 5 pct of current portfolio equity. Top-N expansion from 10 to 20 and switch from fixed-dollar to percent-of-equity sizing are mechanically coupled and treated as a single improvement. Stop-loss / take-profit inherited from improved 4.,2021-05-31,TPL,Energy,0.7955196613802502,91190.6715137614,0.0844459106933952,0.0,0.0844459106933952
improved_8_equal_weight_top20,Improved 8: improved 4 design with equal-weight 1/N sizing at top 20. Each position targets 5 pct of current portfolio equity. Top-N expansion from 10 to 20 and switch from fixed-dollar to percent-of-equity sizing are mechanically coupled and treated as a single improvement. Stop-loss / take-profit inherited from improved 4.,2021-05-31,FCX,Materials,0.7862426663768067,91190.6715137614,-0.05,0.0,-0.05
improved_8_equal_weight_top20,Improved 8: improved 4 design with equal-weight 1/N sizing at top 20. Each position targets 5 pct of current portfolio equity. Top-N expansion from 10 to 20 and switch from fixed-dollar to percent-of-equity sizing are mechanically coupled and treated as a single improvement. Stop-loss / take-profit inherited from improved 4.,2021-05-31,LRCX,Information Technology,0.738083684046176,91190.6715137614,-0.05,0.0,-0.05
improved_8_equal_weight_top20,Improved 8: improved 4 design with equal-weight 1/N sizing at top 20. Each position targets 5 pct of current portfolio equity. Top-N expansion from 10 to 20 and switch from fixed-dollar to percent-of-equity sizing are mechanically coupled and treated as a single improvement. Stop-loss / take-profit inherited from improved 4.,2021-05-31,CINF,Financials,0.7371380842750719,91190.6715137614,-0.05,0.0,-0.05
improved_8_equal_weight_top20,Improved 8: improved 4 design with equal-weight 1/N sizing at top 20. Each position targets 5 pct of current portfolio equity. Top-N expansion from 10 to 20 and switch from fixed-dollar to percent-of-equity sizing are mechanically coupled and treated as a single improvement. Stop-loss / take-profit inherited from improved 4.,2021-05-31,STLD,Materials,0.7244802469344841,91190.6715137614,-0.05,0.0,-0.05
improved_8_equal_weight_top20,Improved 8: improved 4 design with equal-weight 1/N sizing at top 20. Each position targets 5 pct of current portfolio equity. Top-N expansion from 10 to 20 and switch from fixed-dollar to percent-of-equity sizing are mechanically coupled and treated as a single improvement. Stop-loss / take-profit inherited from improved 4.,2021-05-31,UPS,Industrials,0.7058993550670127,91190.6715137614,-0.05,0.0,-0.05
improved_8_equal_weight_top20,Improved 8: improved 4 design with equal-weight 1/N sizing at top 20. Each position targets 5 pct of current portfolio equity. Top-N expansion from 10 to 20 and switch from fixed-dollar to percent-of-equity sizing are mechanically coupled and treated as a single improvement. Stop-loss / take-profit inherited from improved 4.,2021-05-31,DE,Industrials,0.6693886774614018,91190.6715137614,-0.05,0.0,-0.05
improved_8_equal_weight_top20,Improved 8: improved 4 design with equal-weight 1/N sizing at top 20. Each position targets 5 pct of current portfolio equity. Top-N expansion from 10 to 20 and switch from fixed-dollar to percent-of-equity sizing are mechanically coupled and treated as a single improvement. Stop-loss / take-profit inherited from improved 4.,2021-05-31,CRL,Health Care,0.6662209656353673,91190.6715137614,0.0918858289796038,0.0,0.0918858289796038
improved_8_equal_weight_top20,Improved 8: improved 4 design with equal-weight 1/N sizing at top 20. Each position targets 5 pct of current portfolio equity. Top-N expansion from 10 to 20 and switch from fixed-dollar to percent-of-equity sizing are mechanically coupled and treated as a single improvement. Stop-loss / take-profit inherited from improved 4.,2021-05-31,LOW,Consumer Discretionary,0.6608016635865824,91190.6715137614,-0.05,0.0,-0.05
improved_8_equal_weight_top20,Improved 8: improved 4 design with equal-weight 1/N sizing at top 20. Each position targets 5 pct of current portfolio equity. Top-N expansion from 10 to 20 and switch from fixed-dollar to percent-of-equity sizing are mechanically coupled and treated as a single improvement. Stop-loss / take-profit inherited from improved 4.,2021-06-30,WAT,Health Care,1.75647746444832,89826.39788828642,0.1266184971098265,0.0,0.1266184971098265
improved_8_equal_weight_top20,Improved 8: improved 4 design with equal-weight 1/N sizing at top 20. Each position targets 5 pct of current portfolio equity. Top-N expansion from 10 to 20 and switch from fixed-dollar to percent-of-equity sizing are mechanically coupled and treated as a single improvement. Stop-loss / take-profit inherited from improved 4.,2021-06-30,HD,Consumer Discretionary,1.4484425601912765,89826.39788828642,0.0258822793911572,0.0,0.0258822793911572
improved_8_equal_weight_top20,Improved 8: improved 4 design with equal-weight 1/N sizing at top 20. Each position targets 5 pct of current portfolio equity. Top-N expansion from 10 to 20 and switch from fixed-dollar to percent-of-equity sizing are mechanically coupled and treated as a single improvement. Stop-loss / take-profit inherited from improved 4.,2021-06-30,MAS,Industrials,1.4421522383018504,89826.39788828642,0.0122054585524224,0.0,0.0122054585524224
improved_8_equal_weight_top20,Improved 8: improved 4 design with equal-weight 1/N sizing at top 20. Each position targets 5 pct of current portfolio equity. Top-N expansion from 10 to 20 and switch from fixed-dollar to percent-of-equity sizing are mechanically coupled and treated as a single improvement. Stop-loss / take-profit inherited from improved 4.,2021-06-30,MOS,Materials,1.398363230087723,89826.39788828642,-0.05,0.0,-0.05
improved_8_equal_weight_top20,Improved 8: improved 4 design with equal-weight 1/N sizing at top 20. Each position targets 5 pct of current portfolio equity. Top-N expansion from 10 to 20 and switch from fixed-dollar to percent-of-equity sizing are mechanically coupled and treated as a single improvement. Stop-loss / take-profit inherited from improved 4.,2021-06-30,ORLY,Consumer Discretionary,1.3957116803095204,89826.39788828642,0.065123826994051,0.0,0.065123826994051
improved_8_equal_weight_top20,Improved 8: improved 4 design with equal-weight 1/N sizing at top 20. Each position targets 5 pct of current portfolio equity. Top-N expansion from 10 to 20 and switch from fixed-dollar to percent-of-equity sizing are mechanically coupled and treated as a single improvement. Stop-loss / take-profit inherited from improved 4.,2021-06-30,DVN,Energy,1.312137140626773,89826.39788828642,-0.05,0.0,-0.05
improved_8_equal_weight_top20,Improved 8: improved 4 design with equal-weight 1/N sizing at top 20. Each position targets 5 pct of current portfolio equity. Top-N expansion from 10 to 20 and switch from fixed-dollar to percent-of-equity sizing are mechanically coupled and treated as a single improvement. Stop-loss / take-profit inherited from improved 4.,2021-06-30,CL,Consumer Staples,1.3040087991598157,89826.39788828642,-0.0192314112795042,0.0,-0.0192314112795042
improved_8_equal_weight_top20,Improved 8: improved 4 design with equal-weight 1/N sizing at top 20. Each position targets 5 pct of current portfolio equity. Top-N expansion from 10 to 20 and switch from fixed-dollar to percent-of-equity sizing are mechanically coupled and treated as a single improvement. Stop-loss / take-profit inherited from improved 4.,2021-06-30,KMB,Consumer Staples,1.2959410419541142,89826.39788828642,0.0132138857780546,0.0,0.0132138857780546
improved_8_equal_weight_top20,Improved 8: improved 4 design with equal-weight 1/N sizing at top 20. Each position targets 5 pct of current portfolio equity. Top-N expansion from 10 to 20 and switch from fixed-dollar to percent-of-equity sizing are mechanically coupled and treated as a single improvement. Stop-loss / take-profit inherited from improved 4.,2021-06-30,TPR,Consumer Discretionary,1.292280071654601,89826.39788828642,-0.05,0.0,-0.05
improved_8_equal_weight_top20,Improved 8: improved 4 design with equal-weight 1/N sizing at top 20. Each position targets 5 pct of current portfolio equity. Top-N expansion from 10 to 20 and switch from fixed-dollar to percent-of-equity sizing are mechanically coupled and treated as a single improvement. Stop-loss / take-profit inherited from improved 4.,2021-06-30,STLD,Materials,1.2034579748651932,89826.39788828642,-0.05,0.0,-0.05
improved_8_equal_weight_top20,Improved 8: improved 4 design with equal-weight 1/N sizing at top 20. Each position targets 5 pct of current portfolio equity. Top-N expansion from 10 to 20 and switch from fixed-dollar to percent-of-equity sizing are mechanically coupled and treated as a single improvement. Stop-loss / take-profit inherited from improved 4.,2021-06-30,FCX,Materials,1.11948494976156,89826.39788828642,-0.05,0.0,-0.05
improved_8_equal_weight_top20,Improved 8: improved 4 design with equal-weight 1/N sizing at top 20. Each position targets 5 pct of current portfolio equity. Top-N expansion from 10 to 20 and switch from fixed-dollar to percent-of-equity sizing are mechanically coupled and treated as a single improvement. Stop-loss / take-profit inherited from improved 4.,2021-06-30,CF,Materials,1.114407551584057,89826.39788828642,-0.05,0.0,-0.05
improved_8_equal_weight_top20,Improved 8: improved 4 design with equal-weight 1/N sizing at top 20. Each position targets 5 pct of current portfolio equity. Top-N expansion from 10 to 20 and switch from fixed-dollar to percent-of-equity sizing are mechanically coupled and treated as a single improvement. Stop-loss / take-profit inherited from improved 4.,2021-06-30,SPGI,Financials,1.0925135153800205,89826.39788828642,0.0407340874884596,0.0,0.0407340874884596
improved_8_equal_weight_top20,Improved 8: improved 4 design with equal-weight 1/N sizing at top 20. Each position targets 5 pct of current portfolio equity. Top-N expansion from 10 to 20 and switch from fixed-dollar to percent-of-equity sizing are mechanically coupled and treated as a single improvement. Stop-loss / take-profit inherited from improved 4.,2021-06-30,GM,Consumer Discretionary,1.0720880611366814,89826.39788828642,-0.05,0.0,-0.05
improved_8_equal_weight_top20,Improved 8: improved 4 design with equal-weight 1/N sizing at top 20. Each position targets 5 pct of current portfolio equity. Top-N expansion from 10 to 20 and switch from fixed-dollar to percent-of-equity sizing are mechanically coupled and treated as a single improvement. Stop-loss / take-profit inherited from improved 4.,2021-06-30,COF,Financials,1.071045427548418,89826.39788828642,0.0396708030609753,0.0,0.0396708030609753
improved_8_equal_weight_top20,Improved 8: improved 4 design with equal-weight 1/N sizing at top 20. Each position targets 5 pct of current portfolio equity. Top-N expansion from 10 to 20 and switch from fixed-dollar to percent-of-equity sizing are mechanically coupled and treated as a single improvement. Stop-loss / take-profit inherited from improved 4.,2021-06-30,NUE,Materials,1.0438981596763082,89826.39788828642,-0.05,0.0,-0.05
improved_8_equal_weight_top20,Improved 8: improved 4 design with equal-weight 1/N sizing at top 20. Each position targets 5 pct of current portfolio equity. Top-N expansion from 10 to 20 and switch from fixed-dollar to percent-of-equity sizing are mechanically coupled and treated as a single improvement. Stop-loss / take-profit inherited from improved 4.,2021-06-30,TPL,Energy,1.0355915615047406,89826.39788828642,-0.05,0.0,-0.05
improved_8_equal_weight_top20,Improved 8: improved 4 design with equal-weight 1/N sizing at top 20. Each position targets 5 pct of current portfolio equity. Top-N expansion from 10 to 20 and switch from fixed-dollar to percent-of-equity sizing are mechanically coupled and treated as a single improvement. Stop-loss / take-profit inherited from improved 4.,2021-06-30,APA,Energy,0.9757714057895557,89826.39788828642,-0.05,0.0,-0.05
improved_8_equal_weight_top20,Improved 8: improved 4 design with equal-weight 1/N sizing at top 20. Each position targets 5 pct of current portfolio equity. Top-N expansion from 10 to 20 and switch from fixed-dollar to percent-of-equity sizing are mechanically coupled and treated as a single improvement. Stop-loss / take-profit inherited from improved 4.,2021-06-30,SYF,Financials,0.9732342601464032,89826.39788828642,-0.05,0.0,-0.05
improved_8_equal_weight_top20,Improved 8: improved 4 design with equal-weight 1/N sizing at top 20. Each position targets 5 pct of current portfolio equity. Top-N expansion from 10 to 20 and switch from fixed-dollar to percent-of-equity sizing are mechanically coupled and treated as a single improvement. Stop-loss / take-profit inherited from improved 4.,2021-06-30,IVZ,Financials,0.9637004452180266,89826.39788828642,-0.05,0.0,-0.05
improved_8_equal_weight_top20,Improved 8: improved 4 design with equal-weight 1/N sizing at top 20. Each position targets 5 pct of current portfolio equity. Top-N expansion from 10 to 20 and switch from fixed-dollar to percent-of-equity sizing are mechanically coupled and treated as a single improvement. Stop-loss / take-profit inherited from improved 4.,2021-07-31,ORLY,Consumer Discretionary,1.9796475661448694,88497.94373417913,-0.0173186667769558,0.0,-0.0173186667769558
improved_8_equal_weight_top20,Improved 8: improved 4 design with equal-weight 1/N sizing at top 20. Each position targets 5 pct of current portfolio equity. Top-N expansion from 10 to 20 and switch from fixed-dollar to percent-of-equity sizing are mechanically coupled and treated as a single improvement. Stop-loss / take-profit inherited from improved 4.,2021-07-31,HD,Consumer Discretionary,1.7519848619281373,88497.94373417913,-0.0115757575756353,0.0,-0.0115757575756353
improved_8_equal_weight_top20,Improved 8: improved 4 design with equal-weight 1/N sizing at top 20. Each position targets 5 pct of current portfolio equity. Top-N expansion from 10 to 20 and switch from fixed-dollar to percent-of-equity sizing are mechanically coupled and treated as a single improvement. Stop-loss / take-profit inherited from improved 4.,2021-07-31,WAT,Health Care,1.6046848860889782,88497.94373417913,0.0591997544003275,0.0,0.0591997544003275
improved_8_equal_weight_top20,Improved 8: improved 4 design with equal-weight 1/N sizing at top 20. Each position targets 5 pct of current portfolio equity. Top-N expansion from 10 to 20 and switch from fixed-dollar to percent-of-equity sizing are mechanically coupled and treated as a single improvement. Stop-loss / take-profit inherited from improved 4.,2021-07-31,MAS,Industrials,1.5838335150477811,88497.94373417913,0.0192208755882983,0.0,0.0192208755882983
improved_8_equal_weight_top20,Improved 8: improved 4 design with equal-weight 1/N sizing at top 20. Each position targets 5 pct of current portfolio equity. Top-N expansion from 10 to 20 and switch from fixed-dollar to percent-of-equity sizing are mechanically coupled and treated as a single improvement. Stop-loss / take-profit inherited from improved 4.,2021-07-31,TPR,Consumer Discretionary,1.4303525408086712,88497.94373417913,-0.05,0.0,-0.05
improved_8_equal_weight_top20,Improved 8: improved 4 design with equal-weight 1/N sizing at top 20. Each position targets 5 pct of current portfolio equity. Top-N expansion from 10 to 20 and switch from fixed-dollar to percent-of-equity sizing are mechanically coupled and treated as a single improvement. Stop-loss / take-profit inherited from improved 4.,2021-07-31,GNRC,Industrials,1.2685930394400395,88497.94373417913,-0.05,0.0,-0.05
improved_8_equal_weight_top20,Improved 8: improved 4 design with equal-weight 1/N sizing at top 20. Each position targets 5 pct of current portfolio equity. Top-N expansion from 10 to 20 and switch from fixed-dollar to percent-of-equity sizing are mechanically coupled and treated as a single improvement. Stop-loss / take-profit inherited from improved 4.,2021-07-31,IVZ,Financials,1.1776196531114735,88497.94373417913,-0.05,0.0,-0.05
improved_8_equal_weight_top20,Improved 8: improved 4 design with equal-weight 1/N sizing at top 20. Each position targets 5 pct of current portfolio equity. Top-N expansion from 10 to 20 and switch from fixed-dollar to percent-of-equity sizing are mechanically coupled and treated as a single improvement. Stop-loss / take-profit inherited from improved 4.,2021-07-31,KLAC,Information Technology,1.0441853711000946,88497.94373417913,-0.05,0.0,-0.05
improved_8_equal_weight_top20,Improved 8: improved 4 design with equal-weight 1/N sizing at top 20. Each position targets 5 pct of current portfolio equity. Top-N expansion from 10 to 20 and switch from fixed-dollar to percent-of-equity sizing are mechanically coupled and treated as a single improvement. Stop-loss / take-profit inherited from improved 4.,2021-07-31,CL,Consumer Staples,1.0233083748187464,88497.94373417913,-0.0193735061017448,0.0,-0.0193735061017448
improved_8_equal_weight_top20,Improved 8: improved 4 design with equal-weight 1/N sizing at top 20. Each position targets 5 pct of current portfolio equity. Top-N expansion from 10 to 20 and switch from fixed-dollar to percent-of-equity sizing are mechanically coupled and treated as a single improvement. Stop-loss / take-profit inherited from improved 4.,2021-07-31,LOW,Consumer Discretionary,1.0018794575190872,88497.94373417913,-0.05,0.0,-0.05
improved_8_equal_weight_top20,Improved 8: improved 4 design with equal-weight 1/N sizing at top 20. Each position targets 5 pct of current portfolio equity. Top-N expansion from 10 to 20 and switch from fixed-dollar to percent-of-equity sizing are mechanically coupled and treated as a single improvement. Stop-loss / take-profit inherited from improved 4.,2021-07-31,KMB,Consumer Staples,0.9828171136984623,88497.94373417913,0.015623848478524,0.0,0.015623848478524
improved_8_equal_weight_top20,Improved 8: improved 4 design with equal-weight 1/N sizing at top 20. Each position targets 5 pct of current portfolio equity. Top-N expansion from 10 to 20 and switch from fixed-dollar to percent-of-equity sizing are mechanically coupled and treated as a single improvement. Stop-loss / take-profit inherited from improved 4.,2021-07-31,UPS,Industrials,0.9247241762021537,88497.94373417913,0.0224206675360696,0.0,0.0224206675360696
improved_8_equal_weight_top20,Improved 8: improved 4 design with equal-weight 1/N sizing at top 20. Each position targets 5 pct of current portfolio equity. Top-N expansion from 10 to 20 and switch from fixed-dollar to percent-of-equity sizing are mechanically coupled and treated as a single improvement. Stop-loss / take-profit inherited from improved 4.,2021-07-31,NTAP,Information Technology,0.9121080071261165,88497.94373417913,0.1116250000005714,0.0,0.1116250000005714
improved_8_equal_weight_top20,Improved 8: improved 4 design with equal-weight 1/N sizing at top 20. Each position targets 5 pct of current portfolio equity. Top-N expansion from 10 to 20 and switch from fixed-dollar to percent-of-equity sizing are mechanically coupled and treated as a single improvement. Stop-loss / take-profit inherited from improved 4.,2021-07-31,COF,Financials,0.8961596216376234,88497.94373417913,0.0247035958185917,0.0,0.0247035958185917
improved_8_equal_weight_top20,Improved 8: improved 4 design with equal-weight 1/N sizing at top 20. Each position targets 5 pct of current portfolio equity. Top-N expansion from 10 to 20 and switch from fixed-dollar to percent-of-equity sizing are mechanically coupled and treated as a single improvement. Stop-loss / take-profit inherited from improved 4.,2021-07-31,URI,Industrials,0.8869349952334509,88497.94373417913,0.0601232526680386,0.0,0.0601232526680386
improved_8_equal_weight_top20,Improved 8: improved 4 design with equal-weight 1/N sizing at top 20. Each position targets 5 pct of current portfolio equity. Top-N expansion from 10 to 20 and switch from fixed-dollar to percent-of-equity sizing are mechanically coupled and treated as a single improvement. Stop-loss / take-profit inherited from improved 4.,2021-07-31,TPL,Energy,0.8750646386890586,88497.94373417913,-0.05,0.0,-0.05
improved_8_equal_weight_top20,Improved 8: improved 4 design with equal-weight 1/N sizing at top 20. Each position targets 5 pct of current portfolio equity. Top-N expansion from 10 to 20 and switch from fixed-dollar to percent-of-equity sizing are mechanically coupled and treated as a single improvement. Stop-loss / take-profit inherited from improved 4.,2021-07-31,SPGI,Financials,0.8587784635587696,88497.94373417913,0.0325139312609297,0.0,0.0325139312609297
improved_8_equal_weight_top20,Improved 8: improved 4 design with equal-weight 1/N sizing at top 20. Each position targets 5 pct of current portfolio equity. Top-N expansion from 10 to 20 and switch from fixed-dollar to percent-of-equity sizing are mechanically coupled and treated as a single improvement. Stop-loss / take-profit inherited from improved 4.,2021-07-31,SPG,Real Estate,0.8221110718565315,88497.94373417913,0.0487519500780997,0.0,0.0487519500780997
improved_8_equal_weight_top20,Improved 8: improved 4 design with equal-weight 1/N sizing at top 20. Each position targets 5 pct of current portfolio equity. Top-N expansion from 10 to 20 and switch from fixed-dollar to percent-of-equity sizing are mechanically coupled and treated as a single improvement. Stop-loss / take-profit inherited from improved 4.,2021-07-31,GDDY,Information Technology,0.787264307660838,88497.94373417913,-0.05,0.0,-0.05
improved_8_equal_weight_top20,Improved 8: improved 4 design with equal-weight 1/N sizing at top 20. Each position targets 5 pct of current portfolio equity. Top-N expansion from 10 to 20 and switch from fixed-dollar to percent-of-equity sizing are mechanically coupled and treated as a single improvement. Stop-loss / take-profit inherited from improved 4.,2021-07-31,AMAT,Information Technology,0.7759352787368752,88497.94373417913,-0.05,0.0,-0.05
improved_8_equal_weight_top20,Improved 8: improved 4 design with equal-weight 1/N sizing at top 20. Each position targets 5 pct of current portfolio equity. Top-N expansion from 10 to 20 and switch from fixed-dollar to percent-of-equity sizing are mechanically coupled and treated as a single improvement. Stop-loss / take-profit inherited from improved 4.,2021-08-31,ORLY,Consumer Discretionary,1.987868510550104,88258.62292812648,0.02526845637586,0.0,0.02526845637586
improved_8_equal_weight_top20,Improved 8: improved 4 design with equal-weight 1/N sizing at top 20. Each position targets 5 pct of current portfolio equity. Top-N expansion from 10 to 20 and switch from fixed-dollar to percent-of-equity sizing are mechanically coupled and treated as a single improvement. Stop-loss / take-profit inherited from improved 4.,2021-08-31,WAT,Health Care,1.5236371070042394,88258.62292812648,-0.05,0.0,-0.05
improved_8_equal_weight_top20,Improved 8: improved 4 design with equal-weight 1/N sizing at top 20. Each position targets 5 pct of current portfolio equity. Top-N expansion from 10 to 20 and switch from fixed-dollar to percent-of-equity sizing are mechanically coupled and treated as a single improvement. Stop-loss / take-profit inherited from improved 4.,2021-08-31,HD,Consumer Discretionary,1.50125209772707,88258.62292812648,0.0082934021375742,0.0,0.0082934021375742
improved_8_equal_weight_top20,Improved 8: improved 4 design with equal-weight 1/N sizing at top 20. Each position targets 5 pct of current portfolio equity. Top-N expansion from 10 to 20 and switch from fixed-dollar to percent-of-equity sizing are mechanically coupled and treated as a single improvement. Stop-loss / take-profit inherited from improved 4.,2021-08-31,LOW,Consumer Discretionary,1.4329110717259783,88258.62292812648,-0.0082620386211053,0.0,-0.0082620386211053
improved_8_equal_weight_top20,Improved 8: improved 4 design with equal-weight 1/N sizing at top 20. Each position targets 5 pct of current portfolio equity. Top-N expansion from 10 to 20 and switch from fixed-dollar to percent-of-equity sizing are mechanically coupled and treated as a single improvement. Stop-loss / take-profit inherited from improved 4.,2021-08-31,CL,Consumer Staples,1.4265362223008264,88258.62292812648,-0.0290339157250087,0.0,-0.0290339157250087
improved_8_equal_weight_top20,Improved 8: improved 4 design with equal-weight 1/N sizing at top 20. Each position targets 5 pct of current portfolio equity. Top-N expansion from 10 to 20 and switch from fixed-dollar to percent-of-equity sizing are mechanically coupled and treated as a single improvement. Stop-loss / take-profit inherited from improved 4.,2021-08-31,MAS,Industrials,1.1887239849833053,88258.62292812648,-0.05,0.0,-0.05
improved_8_equal_weight_top20,Improved 8: improved 4 design with equal-weight 1/N sizing at top 20. Each position targets 5 pct of current portfolio equity. Top-N expansion from 10 to 20 and switch from fixed-dollar to percent-of-equity sizing are mechanically coupled and treated as a single improvement. Stop-loss / take-profit inherited from improved 4.,2021-08-31,ADSK,Information Technology,1.0498129567418495,88258.62292812648,-0.05,0.0,-0.05
improved_8_equal_weight_top20,Improved 8: improved 4 design with equal-weight 1/N sizing at top 20. Each position targets 5 pct of current portfolio equity. Top-N expansion from 10 to 20 and switch from fixed-dollar to percent-of-equity sizing are mechanically coupled and treated as a single improvement. Stop-loss / take-profit inherited from improved 4.,2021-08-31,KMB,Consumer Staples,1.0084890748667386,88258.62292812648,-0.0310162000251467,0.0,-0.0310162000251467
improved_8_equal_weight_top20,Improved 8: improved 4 design with equal-weight 1/N sizing at top 20. Each position targets 5 pct of current portfolio equity. Top-N expansion from 10 to 20 and switch from fixed-dollar to percent-of-equity sizing are mechanically coupled and treated as a single improvement. Stop-loss / take-profit inherited from improved 4.,2021-08-31,COF,Financials,0.9225273281812937,88258.62292812648,-0.05,0.0,-0.05
improved_8_equal_weight_top20,Improved 8: improved 4 design with equal-weight 1/N sizing at top 20. Each position targets 5 pct of current portfolio equity. Top-N expansion from 10 to 20 and switch from fixed-dollar to percent-of-equity sizing are mechanically coupled and treated as a single improvement. Stop-loss / take-profit inherited from improved 4.,2021-08-31,STX,Information Technology,0.9115251059566741,88258.62292812648,-0.05,0.0,-0.05
improved_8_equal_weight_top20,Improved 8: improved 4 design with equal-weight 1/N sizing at top 20. Each position targets 5 pct of current portfolio equity. Top-N expansion from 10 to 20 and switch from fixed-dollar to percent-of-equity sizing are mechanically coupled and treated as a single improvement. Stop-loss / take-profit inherited from improved 4.,2021-08-31,TPR,Consumer Discretionary,0.87711889032563,88258.62292812648,-0.05,0.0,-0.05
improved_8_equal_weight_top20,Improved 8: improved 4 design with equal-weight 1/N sizing at top 20. Each position targets 5 pct of current portfolio equity. Top-N expansion from 10 to 20 and switch from fixed-dollar to percent-of-equity sizing are mechanically coupled and treated as a single improvement. Stop-loss / take-profit inherited from improved 4.,2021-08-31,IT,Information Technology,0.8613284866825452,88258.62292812648,-0.0151991444404835,0.0,-0.0151991444404835
improved_8_equal_weight_top20,Improved 8: improved 4 design with equal-weight 1/N sizing at top 20. Each position targets 5 pct of current portfolio equity. Top-N expansion from 10 to 20 and switch from fixed-dollar to percent-of-equity sizing are mechanically coupled and treated as a single improvement. Stop-loss / take-profit inherited from improved 4.,2021-08-31,WDC,Information Technology,0.8564162708450234,88258.62292812648,-0.05,0.0,-0.05
improved_8_equal_weight_top20,Improved 8: improved 4 design with equal-weight 1/N sizing at top 20. Each position targets 5 pct of current portfolio equity. Top-N expansion from 10 to 20 and switch from fixed-dollar to percent-of-equity sizing are mechanically coupled and treated as a single improvement. Stop-loss / take-profit inherited from improved 4.,2021-08-31,ALGN,Health Care,0.7857475015384316,88258.62292812648,-0.05,0.0,-0.05
improved_8_equal_weight_top20,Improved 8: improved 4 design with equal-weight 1/N sizing at top 20. Each position targets 5 pct of current portfolio equity. Top-N expansion from 10 to 20 and switch from fixed-dollar to percent-of-equity sizing are mechanically coupled and treated as a single improvement. Stop-loss / take-profit inherited from improved 4.,2021-08-31,IVZ,Financials,0.7752533565741151,88258.62292812648,-0.05,0.0,-0.05
improved_8_equal_weight_top20,Improved 8: improved 4 design with equal-weight 1/N sizing at top 20. Each position targets 5 pct of current portfolio equity. Top-N expansion from 10 to 20 and switch from fixed-dollar to percent-of-equity sizing are mechanically coupled and treated as a single improvement. Stop-loss / take-profit inherited from improved 4.,2021-08-31,DECK,Consumer Discretionary,0.750762793124323,88258.62292812648,-0.05,0.0,-0.05
improved_8_equal_weight_top20,Improved 8: improved 4 design with equal-weight 1/N sizing at top 20. Each position targets 5 pct of current portfolio equity. Top-N expansion from 10 to 20 and switch from fixed-dollar to percent-of-equity sizing are mechanically coupled and treated as a single improvement. Stop-loss / take-profit inherited from improved 4.,2021-08-31,NRG,Utilities,0.7437056945050227,88258.62292812648,-0.05,0.0,-0.05
improved_8_equal_weight_top20,Improved 8: improved 4 design with equal-weight 1/N sizing at top 20. Each position targets 5 pct of current portfolio equity. Top-N expansion from 10 to 20 and switch from fixed-dollar to percent-of-equity sizing are mechanically coupled and treated as a single improvement. Stop-loss / take-profit inherited from improved 4.,2021-08-31,BX,Financials,0.7045938358412173,88258.62292812648,-0.05,0.0,-0.05
improved_8_equal_weight_top20,Improved 8: improved 4 design with equal-weight 1/N sizing at top 20. Each position targets 5 pct of current portfolio equity. Top-N expansion from 10 to 20 and switch from fixed-dollar to percent-of-equity sizing are mechanically coupled and treated as a single improvement. Stop-loss / take-profit inherited from improved 4.,2021-08-31,SPGI,Financials,0.6985267214739078,88258.62292812648,-0.05,0.0,-0.05
improved_8_equal_weight_top20,Improved 8: improved 4 design with equal-weight 1/N sizing at top 20. Each position targets 5 pct of current portfolio equity. Top-N expansion from 10 to 20 and switch from fixed-dollar to percent-of-equity sizing are mechanically coupled and treated as a single improvement. Stop-loss / take-profit inherited from improved 4.,2021-08-31,SYF,Financials,0.6809489310481269,88258.62292812648,-0.05,0.0,-0.05
improved_8_equal_weight_top20,Improved 8: improved 4 design with equal-weight 1/N sizing at top 20. Each position targets 5 pct of current portfolio equity. Top-N expansion from 10 to 20 and switch from fixed-dollar to percent-of-equity sizing are mechanically coupled and treated as a single improvement. Stop-loss / take-profit inherited from improved 4.,2021-09-30,WAT,Health Care,1.731022225445129,84949.14768480408,-0.05,0.0,-0.05
improved_8_equal_weight_top20,Improved 8: improved 4 design with equal-weight 1/N sizing at top 20. Each position targets 5 pct of current portfolio equity. Top-N expansion from 10 to 20 and switch from fixed-dollar to percent-of-equity sizing are mechanically coupled and treated as a single improvement. Stop-loss / take-profit inherited from improved 4.,2021-09-30,ORLY,Consumer Discretionary,1.5296281352949226,84949.14768480408,0.0155021050218535,0.0,0.0155021050218535
improved_8_equal_weight_top20,Improved 8: improved 4 design with equal-weight 1/N sizing at top 20. Each position targets 5 pct of current portfolio equity. Top-N expansion from 10 to 20 and switch from fixed-dollar to percent-of-equity sizing are mechanically coupled and treated as a single improvement. Stop-loss / take-profit inherited from improved 4.,2021-09-30,COR,Health Care,1.4477647553784125,84949.14768480408,0.0180210245284078,0.0,0.0180210245284078
improved_8_equal_weight_top20,Improved 8: improved 4 design with equal-weight 1/N sizing at top 20. Each position targets 5 pct of current portfolio equity. Top-N expansion from 10 to 20 and switch from fixed-dollar to percent-of-equity sizing are mechanically coupled and treated as a single improvement. Stop-loss / take-profit inherited from improved 4.,2021-09-30,MAS,Industrials,1.435798103218692,84949.14768480408,0.1728395061720187,0.0,0.1728395061720187
improved_8_equal_weight_top20,Improved 8: improved 4 design with equal-weight 1/N sizing at top 20. Each position targets 5 pct of current portfolio equity. Top-N expansion from 10 to 20 and switch from fixed-dollar to percent-of-equity sizing are mechanically coupled and treated as a single improvement. Stop-loss / take-profit inherited from improved 4.,2021-09-30,HD,Consumer Discretionary,1.426654176720882,84949.14768480408,0.1328355934784044,0.0,0.1328355934784044
improved_8_equal_weight_top20,Improved 8: improved 4 design with equal-weight 1/N sizing at top 20. Each position targets 5 pct of current portfolio equity. Top-N expansion from 10 to 20 and switch from fixed-dollar to percent-of-equity sizing are mechanically coupled and treated as a single improvement. Stop-loss / take-profit inherited from improved 4.,2021-09-30,AMAT,Information Technology,1.3681775414541564,84949.14768480408,0.0571715921395152,0.0,0.0571715921395152
improved_8_equal_weight_top20,Improved 8: improved 4 design with equal-weight 1/N sizing at top 20. Each position targets 5 pct of current portfolio equity. Top-N expansion from 10 to 20 and switch from fixed-dollar to percent-of-equity sizing are mechanically coupled and treated as a single improvement. Stop-loss / take-profit inherited from improved 4.,2021-09-30,LOW,Consumer Discretionary,1.3269990130197353,84949.14768480408,0.1518144348688712,0.0,0.1518144348688712
improved_8_equal_weight_top20,Improved 8: improved 4 design with equal-weight 1/N sizing at top 20. Each position targets 5 pct of current portfolio equity. Top-N expansion from 10 to 20 and switch from fixed-dollar to percent-of-equity sizing are mechanically coupled and treated as a single improvement. Stop-loss / take-profit inherited from improved 4.,2021-09-30,IT,Information Technology,1.1556553105619471,84949.14768480408,0.0865195757496399,0.0,0.0865195757496399
improved_8_equal_weight_top20,Improved 8: improved 4 design with equal-weight 1/N sizing at top 20. Each position targets 5 pct of current portfolio equity. Top-N expansion from 10 to 20 and switch from fixed-dollar to percent-of-equity sizing are mechanically coupled and treated as a single improvement. Stop-loss / take-profit inherited from improved 4.,2021-09-30,MTD,Health Care,1.1539780528137427,84949.14768480408,0.0811158077633471,0.0,0.0811158077633471
improved_8_equal_weight_top20,Improved 8: improved 4 design with equal-weight 1/N sizing at top 20. Each position targets 5 pct of current portfolio equity. Top-N expansion from 10 to 20 and switch from fixed-dollar to percent-of-equity sizing are mechanically coupled and treated as a single improvement. Stop-loss / take-profit inherited from improved 4.,2021-09-30,BX,Financials,1.1402137640257999,84949.14768480408,-0.05,0.0,-0.05
improved_8_equal_weight_top20,Improved 8: improved 4 design with equal-weight 1/N sizing at top 20. Each position targets 5 pct of current portfolio equity. Top-N expansion from 10 to 20 and switch from fixed-dollar to percent-of-equity sizing are mechanically coupled and treated as a single improvement. Stop-loss / take-profit inherited from improved 4.,2021-09-30,FTNT,Information Technology,1.137409338199476,84949.14768480408,0.1551327403235223,0.0,0.1551327403235223
improved_8_equal_weight_top20,Improved 8: improved 4 design with equal-weight 1/N sizing at top 20. Each position targets 5 pct of current portfolio equity. Top-N expansion from 10 to 20 and switch from fixed-dollar to percent-of-equity sizing are mechanically coupled and treated as a single improvement. Stop-loss / take-profit inherited from improved 4.,2021-09-30,SPGI,Financials,1.1284043671303983,84949.14768480408,0.1129732647936239,0.0,0.1129732647936239
improved_8_equal_weight_top20,Improved 8: improved 4 design with equal-weight 1/N sizing at top 20. Each position targets 5 pct of current portfolio equity. Top-N expansion from 10 to 20 and switch from fixed-dollar to percent-of-equity sizing are mechanically coupled and treated as a single improvement. Stop-loss / take-profit inherited from improved 4.,2021-09-30,CL,Consumer Staples,1.1036397278713466,84949.14768480408,0.0105014013401736,0.0,0.0105014013401736
improved_8_equal_weight_top20,Improved 8: improved 4 design with equal-weight 1/N sizing at top 20. Each position targets 5 pct of current portfolio equity. Top-N expansion from 10 to 20 and switch from fixed-dollar to percent-of-equity sizing are mechanically coupled and treated as a single improvement. Stop-loss / take-profit inherited from improved 4.,2021-09-30,NTAP,Information Technology,1.0583368449669952,84949.14768480408,-0.0034422653441951,0.0,-0.0034422653441951
improved_8_equal_weight_top20,Improved 8: improved 4 design with equal-weight 1/N sizing at top 20. Each position targets 5 pct of current portfolio equity. Top-N expansion from 10 to 20 and switch from fixed-dollar to percent-of-equity sizing are mechanically coupled and treated as a single improvement. Stop-loss / take-profit inherited from improved 4.,2021-09-30,KLAC,Information Technology,1.052986872810946,84949.14768480408,-0.05,0.0,-0.05
improved_8_equal_weight_top20,Improved 8: improved 4 design with equal-weight 1/N sizing at top 20. Each position targets 5 pct of current portfolio equity. Top-N expansion from 10 to 20 and switch from fixed-dollar to percent-of-equity sizing are mechanically coupled and treated as a single improvement. Stop-loss / take-profit inherited from improved 4.,2021-09-30,EBAY,Consumer Discretionary,0.9677143219048276,84949.14768480408,0.1007173601147464,0.0,0.1007173601147464
improved_8_equal_weight_top20,Improved 8: improved 4 design with equal-weight 1/N sizing at top 20. Each position targets 5 pct of current portfolio equity. Top-N expansion from 10 to 20 and switch from fixed-dollar to percent-of-equity sizing are mechanically coupled and treated as a single improvement. Stop-loss / take-profit inherited from improved 4.,2021-09-30,LRCX,Information Technology,0.9486105492232322,84949.14768480408,-0.05,0.0,-0.05
improved_8_equal_weight_top20,Improved 8: improved 4 design with equal-weight 1/N sizing at top 20. Each position targets 5 pct of current portfolio equity. Top-N expansion from 10 to 20 and switch from fixed-dollar to percent-of-equity sizing are mechanically coupled and treated as a single improvement. Stop-loss / take-profit inherited from improved 4.,2021-09-30,GNRC,Industrials,0.930095585956803,84949.14768480408,0.2199574228595198,0.0,0.2199574228595198
improved_8_equal_weight_top20,Improved 8: improved 4 design with equal-weight 1/N sizing at top 20. Each position targets 5 pct of current portfolio equity. Top-N expansion from 10 to 20 and switch from fixed-dollar to percent-of-equity sizing are mechanically coupled and treated as a single improvement. Stop-loss / take-profit inherited from improved 4.,2021-09-30,APA,Energy,0.9210052443192768,84949.14768480408,0.3,0.0,0.3
improved_8_equal_weight_top20,Improved 8: improved 4 design with equal-weight 1/N sizing at top 20. Each position targets 5 pct of current portfolio equity. Top-N expansion from 10 to 20 and switch from fixed-dollar to percent-of-equity sizing are mechanically coupled and treated as a single improvement. Stop-loss / take-profit inherited from improved 4.,2021-09-30,STX,Information Technology,0.8599696663738244,84949.14768480408,-0.05,0.0,-0.05
improved_8_equal_weight_top20,Improved 8: improved 4 design with equal-weight 1/N sizing at top 20. Each position targets 5 pct of current portfolio equity. Top-N expansion from 10 to 20 and switch from fixed-dollar to percent-of-equity sizing are mechanically coupled and treated as a single improvement. Stop-loss / take-profit inherited from improved 4.,2021-10-31,COR,Health Care,1.7217803382122525,90732.73865392781,-0.05,0.0,-0.05
improved_8_equal_weight_top20,Improved 8: improved 4 design with equal-weight 1/N sizing at top 20. Each position targets 5 pct of current portfolio equity. Top-N expansion from 10 to 20 and switch from fixed-dollar to percent-of-equity sizing are mechanically coupled and treated as a single improvement. Stop-loss / take-profit inherited from improved 4.,2021-10-31,ORLY,Consumer Discretionary,1.6399279484446911,90732.73865392781,0.0254366654339133,0.0,0.0254366654339133
improved_8_equal_weight_top20,Improved 8: improved 4 design with equal-weight 1/N sizing at top 20. Each position targets 5 pct of current portfolio equity. Top-N expansion from 10 to 20 and switch from fixed-dollar to percent-of-equity sizing are mechanically coupled and treated as a single improvement. Stop-loss / take-profit inherited from improved 4.,2021-10-31,LOW,Consumer Discretionary,1.4836765823707672,90732.73865392781,0.0408085106381796,0.0,0.0408085106381796
improved_8_equal_weight_top20,Improved 8: improved 4 design with equal-weight 1/N sizing at top 20. Each position targets 5 pct of current portfolio equity. Top-N expansion from 10 to 20 and switch from fixed-dollar to percent-of-equity sizing are mechanically coupled and treated as a single improvement. Stop-loss / take-profit inherited from improved 4.,2021-10-31,COF,Financials,1.338721144088483,90732.73865392781,-0.05,0.0,-0.05
improved_8_equal_weight_top20,Improved 8: improved 4 design with equal-weight 1/N sizing at top 20. Each position targets 5 pct of current portfolio equity. Top-N expansion from 10 to 20 and switch from fixed-dollar to percent-of-equity sizing are mechanically coupled and treated as a single improvement. Stop-loss / take-profit inherited from improved 4.,2021-10-31,HD,Consumer Discretionary,1.33802818515478,90732.73865392781,0.0740214477212124,0.0,0.0740214477212124
improved_8_equal_weight_top20,Improved 8: improved 4 design with equal-weight 1/N sizing at top 20. Each position targets 5 pct of current portfolio equity. Top-N expansion from 10 to 20 and switch from fixed-dollar to percent-of-equity sizing are mechanically coupled and treated as a single improvement. Stop-loss / take-profit inherited from improved 4.,2021-10-31,WAT,Health Care,1.3305615890969453,90732.73865392781,-0.05,0.0,-0.05
improved_8_equal_weight_top20,Improved 8: improved 4 design with equal-weight 1/N sizing at top 20. Each position targets 5 pct of current portfolio equity. Top-N expansion from 10 to 20 and switch from fixed-dollar to percent-of-equity sizing are mechanically coupled and treated as a single improvement. Stop-loss / take-profit inherited from improved 4.,2021-10-31,EBAY,Consumer Discretionary,1.322917056335946,90732.73865392781,-0.05,0.0,-0.05
improved_8_equal_weight_top20,Improved 8: improved 4 design with equal-weight 1/N sizing at top 20. Each position targets 5 pct of current portfolio equity. Top-N expansion from 10 to 20 and switch from fixed-dollar to percent-of-equity sizing are mechanically coupled and treated as a single improvement. Stop-loss / take-profit inherited from improved 4.,2021-10-31,BX,Financials,1.2072655905371537,90732.73865392781,0.0132521489969179,0.0,0.0132521489969179
improved_8_equal_weight_top20,Improved 8: improved 4 design with equal-weight 1/N sizing at top 20. Each position targets 5 pct of current portfolio equity. Top-N expansion from 10 to 20 and switch from fixed-dollar to percent-of-equity sizing are mechanically coupled and treated as a single improvement. Stop-loss / take-profit inherited from improved 4.,2021-10-31,TPL,Energy,1.1890002423322759,90732.73865392781,-0.05,0.0,-0.05
improved_8_equal_weight_top20,Improved 8: improved 4 design with equal-weight 1/N sizing at top 20. Each position targets 5 pct of current portfolio equity. Top-N expansion from 10 to 20 and switch from fixed-dollar to percent-of-equity sizing are mechanically coupled and treated as a single improvement. Stop-loss / take-profit inherited from improved 4.,2021-10-31,DVN,Energy,1.184936629668667,90732.73865392781,0.0251035827462082,0.0,0.0251035827462082
improved_8_equal_weight_top20,Improved 8: improved 4 design with equal-weight 1/N sizing at top 20. Each position targets 5 pct of current portfolio equity. Top-N expansion from 10 to 20 and switch from fixed-dollar to percent-of-equity sizing are mechanically coupled and treated as a single improvement. Stop-loss / take-profit inherited from improved 4.,2021-10-31,NTAP,Information Technology,1.074158720462321,90732.73865392781,-0.05,0.0,-0.05
improved_8_equal_weight_top20,Improved 8: improved 4 design with equal-weight 1/N sizing at top 20. Each position targets 5 pct of current portfolio equity. Top-N expansion from 10 to 20 and switch from fixed-dollar to percent-of-equity sizing are mechanically coupled and treated as a single improvement. Stop-loss / take-profit inherited from improved 4.,2021-10-31,TRGP,Energy,1.0646430314791744,90732.73865392781,-0.05,0.0,-0.05
improved_8_equal_weight_top20,Improved 8: improved 4 design with equal-weight 1/N sizing at top 20. Each position targets 5 pct of current portfolio equity. Top-N expansion from 10 to 20 and switch from fixed-dollar to percent-of-equity sizing are mechanically coupled and treated as a single improvement. Stop-loss / take-profit inherited from improved 4.,2021-10-31,APA,Energy,1.0408592773016938,90732.73865392781,-0.05,0.0,-0.05
improved_8_equal_weight_top20,Improved 8: improved 4 design with equal-weight 1/N sizing at top 20. Each position targets 5 pct of current portfolio equity. Top-N expansion from 10 to 20 and switch from fixed-dollar to percent-of-equity sizing are mechanically coupled and treated as a single improvement. Stop-loss / take-profit inherited from improved 4.,2021-10-31,ORCL,Information Technology,1.038430829155993,90732.73865392781,-0.05,0.0,-0.05
improved_8_equal_weight_top20,Improved 8: improved 4 design with equal-weight 1/N sizing at top 20. Each position targets 5 pct of current portfolio equity. Top-N expansion from 10 to 20 and switch from fixed-dollar to percent-of-equity sizing are mechanically coupled and treated as a single improvement. Stop-loss / take-profit inherited from improved 4.,2021-10-31,CL,Consumer Staples,1.016708920190013,90732.73865392781,-0.0127648374782217,0.0,-0.0127648374782217
improved_8_equal_weight_top20,Improved 8: improved 4 design with equal-weight 1/N sizing at top 20. Each position targets 5 pct of current portfolio equity. Top-N expansion from 10 to 20 and switch from fixed-dollar to percent-of-equity sizing are mechanically coupled and treated as a single improvement. Stop-loss / take-profit inherited from improved 4.,2021-10-31,STX,Information Technology,0.9468341568806664,90732.73865392781,0.3,0.0,0.3
improved_8_equal_weight_top20,Improved 8: improved 4 design with equal-weight 1/N sizing at top 20. Each position targets 5 pct of current portfolio equity. Top-N expansion from 10 to 20 and switch from fixed-dollar to percent-of-equity sizing are mechanically coupled and treated as a single improvement. Stop-loss / take-profit inherited from improved 4.,2021-10-31,KMB,Consumer Staples,0.9455100872241434,90732.73865392781,0.0054783950615397,0.0,0.0054783950615397
improved_8_equal_weight_top20,Improved 8: improved 4 design with equal-weight 1/N sizing at top 20. Each position targets 5 pct of current portfolio equity. Top-N expansion from 10 to 20 and switch from fixed-dollar to percent-of-equity sizing are mechanically coupled and treated as a single improvement. Stop-loss / take-profit inherited from improved 4.,2021-10-31,APO,Financials,0.9216122689024371,90732.73865392781,-0.05,0.0,-0.05
improved_8_equal_weight_top20,Improved 8: improved 4 design with equal-weight 1/N sizing at top 20. Each position targets 5 pct of current portfolio equity. Top-N expansion from 10 to 20 and switch from fixed-dollar to percent-of-equity sizing are mechanically coupled and treated as a single improvement. Stop-loss / take-profit inherited from improved 4.,2021-10-31,IT,Information Technology,0.9118988637367255,90732.73865392781,-0.05,0.0,-0.05
improved_8_equal_weight_top20,Improved 8: improved 4 design with equal-weight 1/N sizing at top 20. Each position targets 5 pct of current portfolio equity. Top-N expansion from 10 to 20 and switch from fixed-dollar to percent-of-equity sizing are mechanically coupled and treated as a single improvement. Stop-loss / take-profit inherited from improved 4.,2021-10-31,STLD,Materials,0.8948796828486529,90732.73865392781,-0.05,0.0,-0.05
improved_8_equal_weight_top20,Improved 8: improved 4 design with equal-weight 1/N sizing at top 20. Each position targets 5 pct of current portfolio equity. Top-N expansion from 10 to 20 and switch from fixed-dollar to percent-of-equity sizing are mechanically coupled and treated as a single improvement. Stop-loss / take-profit inherited from improved 4.,2021-11-30,LOW,Consumer Discretionary,1.8921418882980567,90149.03640547521,0.0409987917841236,0.0,0.0409987917841236
improved_8_equal_weight_top20,Improved 8: improved 4 design with equal-weight 1/N sizing at top 20. Each position targets 5 pct of current portfolio equity. Top-N expansion from 10 to 20 and switch from fixed-dollar to percent-of-equity sizing are mechanically coupled and treated as a single improvement. Stop-loss / take-profit inherited from improved 4.,2021-11-30,ORLY,Consumer Discretionary,1.8026159765374747,90149.03640547521,0.0993446552833077,0.0,0.0993446552833077
improved_8_equal_weight_top20,Improved 8: improved 4 design with equal-weight 1/N sizing at top 20. Each position targets 5 pct of current portfolio equity. Top-N expansion from 10 to 20 and switch from fixed-dollar to percent-of-equity sizing are mechanically coupled and treated as a single improvement. Stop-loss / take-profit inherited from improved 4.,2021-11-30,HD,Consumer Discretionary,1.7532459021167546,90149.03640547521,-0.05,0.0,-0.05
improved_8_equal_weight_top20,Improved 8: improved 4 design with equal-weight 1/N sizing at top 20. Each position targets 5 pct of current portfolio equity. Top-N expansion from 10 to 20 and switch from fixed-dollar to percent-of-equity sizing are mechanically coupled and treated as a single improvement. Stop-loss / take-profit inherited from improved 4.,2021-11-30,STX,Information Technology,1.1458703846698335,90149.03640547521,0.0916103422806293,0.0,0.0916103422806293
improved_8_equal_weight_top20,Improved 8: improved 4 design with equal-weight 1/N sizing at top 20. Each position targets 5 pct of current portfolio equity. Top-N expansion from 10 to 20 and switch from fixed-dollar to percent-of-equity sizing are mechanically coupled and treated as a single improvement. Stop-loss / take-profit inherited from improved 4.,2021-11-30,APA,Energy,1.0674139039000823,90149.03640547521,-0.05,0.0,-0.05
improved_8_equal_weight_top20,Improved 8: improved 4 design with equal-weight 1/N sizing at top 20. Each position targets 5 pct of current portfolio equity. Top-N expansion from 10 to 20 and switch from fixed-dollar to percent-of-equity sizing are mechanically coupled and treated as a single improvement. Stop-loss / take-profit inherited from improved 4.,2021-11-30,EOG,Energy,1.0014262746330758,90149.03640547521,-0.05,0.0,-0.05
improved_8_equal_weight_top20,Improved 8: improved 4 design with equal-weight 1/N sizing at top 20. Each position targets 5 pct of current portfolio equity. Top-N expansion from 10 to 20 and switch from fixed-dollar to percent-of-equity sizing are mechanically coupled and treated as a single improvement. Stop-loss / take-profit inherited from improved 4.,2021-11-30,SPG,Real Estate,0.9547233785742446,90149.03640547521,-0.05,0.0,-0.05
improved_8_equal_weight_top20,Improved 8: improved 4 design with equal-weight 1/N sizing at top 20. Each position targets 5 pct of current portfolio equity. Top-N expansion from 10 to 20 and switch from fixed-dollar to percent-of-equity sizing are mechanically coupled and treated as a single improvement. Stop-loss / take-profit inherited from improved 4.,2021-11-30,CL,Consumer Staples,0.954358699461679,90149.03640547521,0.1303311258270698,0.0,0.1303311258270698
improved_8_equal_weight_top20,Improved 8: improved 4 design with equal-weight 1/N sizing at top 20. Each position targets 5 pct of current portfolio equity. Top-N expansion from 10 to 20 and switch from fixed-dollar to percent-of-equity sizing are mechanically coupled and treated as a single improvement. Stop-loss / take-profit inherited from improved 4.,2021-11-30,STLD,Materials,0.9025021398161972,90149.03640547521,-0.05,0.0,-0.05
improved_8_equal_weight_top20,Improved 8: improved 4 design with equal-weight 1/N sizing at top 20. Each position targets 5 pct of current portfolio equity. Top-N expansion from 10 to 20 and switch from fixed-dollar to percent-of-equity sizing are mechanically coupled and treated as a single improvement. Stop-loss / take-profit inherited from improved 4.,2021-11-30,FANG,Energy,0.8990923846842411,90149.03640547521,-0.05,0.0,-0.05
improved_8_equal_weight_top20,Improved 8: improved 4 design with equal-weight 1/N sizing at top 20. Each position targets 5 pct of current portfolio equity. Top-N expansion from 10 to 20 and switch from fixed-dollar to percent-of-equity sizing are mechanically coupled and treated as a single improvement. Stop-loss / take-profit inherited from improved 4.,2021-11-30,ORCL,Information Technology,0.8865508872576188,90149.03640547521,-0.0488602901084093,0.0,-0.0488602901084093
improved_8_equal_weight_top20,Improved 8: improved 4 design with equal-weight 1/N sizing at top 20. Each position targets 5 pct of current portfolio equity. Top-N expansion from 10 to 20 and switch from fixed-dollar to percent-of-equity sizing are mechanically coupled and treated as a single improvement. Stop-loss / take-profit inherited from improved 4.,2021-11-30,DVN,Energy,0.8698961386047885,90149.03640547521,-0.05,0.0,-0.05
improved_8_equal_weight_top20,Improved 8: improved 4 design with equal-weight 1/N sizing at top 20. Each position targets 5 pct of current portfolio equity. Top-N expansion from 10 to 20 and switch from fixed-dollar to percent-of-equity sizing are mechanically coupled and treated as a single improvement. Stop-loss / take-profit inherited from improved 4.,2021-11-30,MTD,Health Care,0.8685350636258228,90149.03640547521,0.1195095083870372,0.0,0.1195095083870372
improved_8_equal_weight_top20,Improved 8: improved 4 design with equal-weight 1/N sizing at top 20. Each position targets 5 pct of current portfolio equity. Top-N expansion from 10 to 20 and switch from fixed-dollar to percent-of-equity sizing are mechanically coupled and treated as a single improvement. Stop-loss / take-profit inherited from improved 4.,2021-11-30,WFC,Financials,0.8482966833957069,90149.03640547521,-0.05,0.0,-0.05
improved_8_equal_weight_top20,Improved 8: improved 4 design with equal-weight 1/N sizing at top 20. Each position targets 5 pct of current portfolio equity. Top-N expansion from 10 to 20 and switch from fixed-dollar to percent-of-equity sizing are mechanically coupled and treated as a single improvement. Stop-loss / take-profit inherited from improved 4.,2021-11-30,AXP,Financials,0.8436687134095994,90149.03640547521,0.0480461242792833,0.0,0.0480461242792833
improved_8_equal_weight_top20,Improved 8: improved 4 design with equal-weight 1/N sizing at top 20. Each position targets 5 pct of current portfolio equity. Top-N expansion from 10 to 20 and switch from fixed-dollar to percent-of-equity sizing are mechanically coupled and treated as a single improvement. Stop-loss / take-profit inherited from improved 4.,2021-11-30,AAPL,Information Technology,0.8317763088223878,90149.03640547521,-0.05,0.0,-0.05
improved_8_equal_weight_top20,Improved 8: improved 4 design with equal-weight 1/N sizing at top 20. Each position targets 5 pct of current portfolio equity. Top-N expansion from 10 to 20 and switch from fixed-dollar to percent-of-equity sizing are mechanically coupled and treated as a single improvement. Stop-loss / take-profit inherited from improved 4.,2021-11-30,ADSK,Information Technology,0.8182804958525044,90149.03640547521,0.0779345242658897,0.0,0.0779345242658897
improved_8_equal_weight_top20,Improved 8: improved 4 design with equal-weight 1/N sizing at top 20. Each position targets 5 pct of current portfolio equity. Top-N expansion from 10 to 20 and switch from fixed-dollar to percent-of-equity sizing are mechanically coupled and treated as a single improvement. Stop-loss / take-profit inherited from improved 4.,2021-11-30,NUE,Materials,0.801849039943077,90149.03640547521,0.0592324235311179,0.0,0.0592324235311179
improved_8_equal_weight_top20,Improved 8: improved 4 design with equal-weight 1/N sizing at top 20. Each position targets 5 pct of current portfolio equity. Top-N expansion from 10 to 20 and switch from fixed-dollar to percent-of-equity sizing are mechanically coupled and treated as a single improvement. Stop-loss / take-profit inherited from improved 4.,2021-11-30,BX,Financials,0.8001068695663585,90149.03640547521,-0.05,0.0,-0.05
improved_8_equal_weight_top20,Improved 8: improved 4 design with equal-weight 1/N sizing at top 20. Each position targets 5 pct of current portfolio equity. Top-N expansion from 10 to 20 and switch from fixed-dollar to percent-of-equity sizing are mechanically coupled and treated as a single improvement. Stop-loss / take-profit inherited from improved 4.,2021-11-30,MPC,Energy,0.7884078329421671,90149.03640547521,0.0226945820685386,0.0,0.0226945820685386
improved_8_equal_weight_top20,Improved 8: improved 4 design with equal-weight 1/N sizing at top 20. Each position targets 5 pct of current portfolio equity. Top-N expansion from 10 to 20 and switch from fixed-dollar to percent-of-equity sizing are mechanically coupled and treated as a single improvement. Stop-loss / take-profit inherited from improved 4.,2021-12-31,ORCL,Information Technology,2.6570483217373564,90783.87397735707,-0.05,0.0,-0.05
improved_8_equal_weight_top20,Improved 8: improved 4 design with equal-weight 1/N sizing at top 20. Each position targets 5 pct of current portfolio equity. Top-N expansion from 10 to 20 and switch from fixed-dollar to percent-of-equity sizing are mechanically coupled and treated as a single improvement. Stop-loss / take-profit inherited from improved 4.,2021-12-31,LOW,Consumer Discretionary,2.1646092292243133,90783.87397735707,-0.05,0.0,-0.05
improved_8_equal_weight_top20,Improved 8: improved 4 design with equal-weight 1/N sizing at top 20. Each position targets 5 pct of current portfolio equity. Top-N expansion from 10 to 20 and switch from fixed-dollar to percent-of-equity sizing are mechanically coupled and treated as a single improvement. Stop-loss / take-profit inherited from improved 4.,2021-12-31,HD,Consumer Discretionary,2.000414009066972,90783.87397735707,-0.05,0.0,-0.05
improved_8_equal_weight_top20,Improved 8: improved 4 design with equal-weight 1/N sizing at top 20. Each position targets 5 pct of current portfolio equity. Top-N expansion from 10 to 20 and switch from fixed-dollar to percent-of-equity sizing are mechanically coupled and treated as a single improvement. Stop-loss / take-profit inherited from improved 4.,2021-12-31,ORLY,Consumer Discretionary,1.8631990348790146,90783.87397735707,-0.05,0.0,-0.05
improved_8_equal_weight_top20,Improved 8: improved 4 design with equal-weight 1/N sizing at top 20. Each position targets 5 pct of current portfolio equity. Top-N expansion from 10 to 20 and switch from fixed-dollar to percent-of-equity sizing are mechanically coupled and treated as a single improvement. Stop-loss / take-profit inherited from improved 4.,2021-12-31,MCK,Health Care,1.616320249641729,90783.87397735707,0.0370849155691623,0.0,0.0370849155691623
improved_8_equal_weight_top20,Improved 8: improved 4 design with equal-weight 1/N sizing at top 20. Each position targets 5 pct of current portfolio equity. Top-N expansion from 10 to 20 and switch from fixed-dollar to percent-of-equity sizing are mechanically coupled and treated as a single improvement. Stop-loss / take-profit inherited from improved 4.,2021-12-31,BX,Financials,1.5605318109913564,90783.87397735707,-0.05,0.0,-0.05
improved_8_equal_weight_top20,Improved 8: improved 4 design with equal-weight 1/N sizing at top 20. Each position targets 5 pct of current portfolio equity. Top-N expansion from 10 to 20 and switch from fixed-dollar to percent-of-equity sizing are mechanically coupled and treated as a single improvement. Stop-loss / take-profit inherited from improved 4.,2021-12-31,FANG,Energy,1.4953619771459508,90783.87397735707,0.172708681911595,0.0,0.172708681911595
improved_8_equal_weight_top20,Improved 8: improved 4 design with equal-weight 1/N sizing at top 20. Each position targets 5 pct of current portfolio equity. Top-N expansion from 10 to 20 and switch from fixed-dollar to percent-of-equity sizing are mechanically coupled and treated as a single improvement. Stop-loss / take-profit inherited from improved 4.,2021-12-31,F,Consumer Discretionary,1.358242624836666,90783.87397735707,-0.05,0.0,-0.05
improved_8_equal_weight_top20,Improved 8: improved 4 design with equal-weight 1/N sizing at top 20. Each position targets 5 pct of current portfolio equity. Top-N expansion from 10 to 20 and switch from fixed-dollar to percent-of-equity sizing are mechanically coupled and treated as a single improvement. Stop-loss / take-profit inherited from improved 4.,2021-12-31,KKR,Financials,1.3326795580124822,90783.87397735707,-0.05,0.0,-0.05
improved_8_equal_weight_top20,Improved 8: improved 4 design with equal-weight 1/N sizing at top 20. Each position targets 5 pct of current portfolio equity. Top-N expansion from 10 to 20 and switch from fixed-dollar to percent-of-equity sizing are mechanically coupled and treated as a single improvement. Stop-loss / take-profit inherited from improved 4.,2021-12-31,NUE,Materials,1.2525952546367096,90783.87397735707,-0.05,0.0,-0.05
improved_8_equal_weight_top20,Improved 8: improved 4 design with equal-weight 1/N sizing at top 20. Each position targets 5 pct of current portfolio equity. Top-N expansion from 10 to 20 and switch from fixed-dollar to percent-of-equity sizing are mechanically coupled and treated as a single improvement. Stop-loss / take-profit inherited from improved 4.,2021-12-31,NVDA,Information Technology,1.2036075394247512,90783.87397735707,-0.05,0.0,-0.05
improved_8_equal_weight_top20,Improved 8: improved 4 design with equal-weight 1/N sizing at top 20. Each position targets 5 pct of current portfolio equity. Top-N expansion from 10 to 20 and switch from fixed-dollar to percent-of-equity sizing are mechanically coupled and treated as a single improvement. Stop-loss / take-profit inherited from improved 4.,2021-12-31,DVN,Energy,1.110746799449657,90783.87397735707,0.1456728590845313,0.0,0.1456728590845313
improved_8_equal_weight_top20,Improved 8: improved 4 design with equal-weight 1/N sizing at top 20. Each position targets 5 pct of current portfolio equity. Top-N expansion from 10 to 20 and switch from fixed-dollar to percent-of-equity sizing are mechanically coupled and treated as a single improvement. Stop-loss / take-profit inherited from improved 4.,2021-12-31,TPL,Energy,0.9793423477051243,90783.87397735707,-0.05,0.0,-0.05
improved_8_equal_weight_top20,Improved 8: improved 4 design with equal-weight 1/N sizing at top 20. Each position targets 5 pct of current portfolio equity. Top-N expansion from 10 to 20 and switch from fixed-dollar to percent-of-equity sizing are mechanically coupled and treated as a single improvement. Stop-loss / take-profit inherited from improved 4.,2021-12-31,OKE,Energy,0.9600163805430311,90783.87397735707,-0.05,0.0,-0.05
improved_8_equal_weight_top20,Improved 8: improved 4 design with equal-weight 1/N sizing at top 20. Each position targets 5 pct of current portfolio equity. Top-N expansion from 10 to 20 and switch from fixed-dollar to percent-of-equity sizing are mechanically coupled and treated as a single improvement. Stop-loss / take-profit inherited from improved 4.,2021-12-31,SPGI,Financials,0.9296675952383084,90783.87397735707,-0.05,0.0,-0.05
improved_8_equal_weight_top20,Improved 8: improved 4 design with equal-weight 1/N sizing at top 20. Each position targets 5 pct of current portfolio equity. Top-N expansion from 10 to 20 and switch from fixed-dollar to percent-of-equity sizing are mechanically coupled and treated as a single improvement. Stop-loss / take-profit inherited from improved 4.,2021-12-31,AMD,Information Technology,0.8995244022388913,90783.87397735707,-0.05,0.0,-0.05
improved_8_equal_weight_top20,Improved 8: improved 4 design with equal-weight 1/N sizing at top 20. Each position targets 5 pct of current portfolio equity. Top-N expansion from 10 to 20 and switch from fixed-dollar to percent-of-equity sizing are mechanically coupled and treated as a single improvement. Stop-loss / take-profit inherited from improved 4.,2021-12-31,FIX,Industrials,0.8517108474166601,90783.87397735707,-0.05,0.0,-0.05
improved_8_equal_weight_top20,Improved 8: improved 4 design with equal-weight 1/N sizing at top 20. Each position targets 5 pct of current portfolio equity. Top-N expansion from 10 to 20 and switch from fixed-dollar to percent-of-equity sizing are mechanically coupled and treated as a single improvement. Stop-loss / take-profit inherited from improved 4.,2021-12-31,PFE,Health Care,0.8221369059164143,90783.87397735707,-0.05,0.0,-0.05
improved_8_equal_weight_top20,Improved 8: improved 4 design with equal-weight 1/N sizing at top 20. Each position targets 5 pct of current portfolio equity. Top-N expansion from 10 to 20 and switch from fixed-dollar to percent-of-equity sizing are mechanically coupled and treated as a single improvement. Stop-loss / take-profit inherited from improved 4.,2021-12-31,COP,Energy,0.8174817851153054,90783.87397735707,0.2303206997072271,0.0,0.2303206997072271
improved_8_equal_weight_top20,Improved 8: improved 4 design with equal-weight 1/N sizing at top 20. Each position targets 5 pct of current portfolio equity. Top-N expansion from 10 to 20 and switch from fixed-dollar to percent-of-equity sizing are mechanically coupled and treated as a single improvement. Stop-loss / take-profit inherited from improved 4.,2021-12-31,XOM,Energy,0.812055499617321,90783.87397735707,0.2403657740031763,0.0,0.2403657740031763
improved_8_equal_weight_top20,Improved 8: improved 4 design with equal-weight 1/N sizing at top 20. Each position targets 5 pct of current portfolio equity. Top-N expansion from 10 to 20 and switch from fixed-dollar to percent-of-equity sizing are mechanically coupled and treated as a single improvement. Stop-loss / take-profit inherited from improved 4.,2022-01-31,ORLY,Consumer Discretionary,2.0686916153450388,91129.54687861481,-0.0032547285671516,0.0,-0.0032547285671516
improved_8_equal_weight_top20,Improved 8: improved 4 design with equal-weight 1/N sizing at top 20. Each position targets 5 pct of current portfolio equity. Top-N expansion from 10 to 20 and switch from fixed-dollar to percent-of-equity sizing are mechanically coupled and treated as a single improvement. Stop-loss / take-profit inherited from improved 4.,2022-01-31,LOW,Consumer Discretionary,1.9979843846036742,91129.54687861481,-0.05,0.0,-0.05
improved_8_equal_weight_top20,Improved 8: improved 4 design with equal-weight 1/N sizing at top 20. Each position targets 5 pct of current portfolio equity. Top-N expansion from 10 to 20 and switch from fixed-dollar to percent-of-equity sizing are mechanically coupled and treated as a single improvement. Stop-loss / take-profit inherited from improved 4.,2022-01-31,ORCL,Information Technology,1.9355442924791162,91129.54687861481,-0.05,0.0,-0.05
improved_8_equal_weight_top20,Improved 8: improved 4 design with equal-weight 1/N sizing at top 20. Each position targets 5 pct of current portfolio equity. Top-N expansion from 10 to 20 and switch from fixed-dollar to percent-of-equity sizing are mechanically coupled and treated as a single improvement. Stop-loss / take-profit inherited from improved 4.,2022-01-31,HD,Consumer Discretionary,1.715409531863835,91129.54687861481,-0.05,0.0,-0.05
improved_8_equal_weight_top20,Improved 8: improved 4 design with equal-weight 1/N sizing at top 20. Each position targets 5 pct of current portfolio equity. Top-N expansion from 10 to 20 and switch from fixed-dollar to percent-of-equity sizing are mechanically coupled and treated as a single improvement. Stop-loss / take-profit inherited from improved 4.,2022-01-31,MCK,Health Care,1.5310130046224244,91129.54687861481,0.07167036302068,0.0,0.07167036302068
improved_8_equal_weight_top20,Improved 8: improved 4 design with equal-weight 1/N sizing at top 20. Each position targets 5 pct of current portfolio equity. Top-N expansion from 10 to 20 and switch from fixed-dollar to percent-of-equity sizing are mechanically coupled and treated as a single improvement. Stop-loss / take-profit inherited from improved 4.,2022-01-31,F,Consumer Discretionary,1.203391646796081,91129.54687861481,-0.05,0.0,-0.05
improved_8_equal_weight_top20,Improved 8: improved 4 design with equal-weight 1/N sizing at top 20. Each position targets 5 pct of current portfolio equity. Top-N expansion from 10 to 20 and switch from fixed-dollar to percent-of-equity sizing are mechanically coupled and treated as a single improvement. Stop-loss / take-profit inherited from improved 4.,2022-01-31,BLDR,Industrials,1.1003838882996835,91129.54687861481,-0.05,0.0,-0.05
improved_8_equal_weight_top20,Improved 8: improved 4 design with equal-weight 1/N sizing at top 20. Each position targets 5 pct of current portfolio equity. Top-N expansion from 10 to 20 and switch from fixed-dollar to percent-of-equity sizing are mechanically coupled and treated as a single improvement. Stop-loss / take-profit inherited from improved 4.,2022-01-31,ON,Information Technology,0.9982164359731307,91129.54687861481,-0.05,0.0,-0.05
improved_8_equal_weight_top20,Improved 8: improved 4 design with equal-weight 1/N sizing at top 20. Each position targets 5 pct of current portfolio equity. Top-N expansion from 10 to 20 and switch from fixed-dollar to percent-of-equity sizing are mechanically coupled and treated as a single improvement. Stop-loss / take-profit inherited from improved 4.,2022-01-31,NVDA,Information Technology,0.9807960917047949,91129.54687861481,-0.05,0.0,-0.05
improved_8_equal_weight_top20,Improved 8: improved 4 design with equal-weight 1/N sizing at top 20. Each position targets 5 pct of current portfolio equity. Top-N expansion from 10 to 20 and switch from fixed-dollar to percent-of-equity sizing are mechanically coupled and treated as a single improvement. Stop-loss / take-profit inherited from improved 4.,2022-01-31,NUE,Materials,0.9004167517851255,91129.54687861481,0.2727976017787854,0.0,0.2727976017787854
improved_8_equal_weight_top20,Improved 8: improved 4 design with equal-weight 1/N sizing at top 20. Each position targets 5 pct of current portfolio equity. Top-N expansion from 10 to 20 and switch from fixed-dollar to percent-of-equity sizing are mechanically coupled and treated as a single improvement. Stop-loss / take-profit inherited from improved 4.,2022-01-31,TXT,Industrials,0.8287501831029476,91129.54687861481,0.0752830466110276,0.0,0.0752830466110276
improved_8_equal_weight_top20,Improved 8: improved 4 design with equal-weight 1/N sizing at top 20. Each position targets 5 pct of current portfolio equity. Top-N expansion from 10 to 20 and switch from fixed-dollar to percent-of-equity sizing are mechanically coupled and treated as a single improvement. Stop-loss / take-profit inherited from improved 4.,2022-01-31,LRCX,Information Technology,0.8249636456047541,91129.54687861481,-0.05,0.0,-0.05
improved_8_equal_weight_top20,Improved 8: improved 4 design with equal-weight 1/N sizing at top 20. Each position targets 5 pct of current portfolio equity. Top-N expansion from 10 to 20 and switch from fixed-dollar to percent-of-equity sizing are mechanically coupled and treated as a single improvement. Stop-loss / take-profit inherited from improved 4.,2022-01-31,FCX,Materials,0.8230798572663642,91129.54687861481,0.2290575916241573,0.0,0.2290575916241573
improved_8_equal_weight_top20,Improved 8: improved 4 design with equal-weight 1/N sizing at top 20. Each position targets 5 pct of current portfolio equity. Top-N expansion from 10 to 20 and switch from fixed-dollar to percent-of-equity sizing are mechanically coupled and treated as a single improvement. Stop-loss / take-profit inherited from improved 4.,2022-01-31,FTNT,Information Technology,0.8084818387996635,91129.54687861481,-0.05,0.0,-0.05
improved_8_equal_weight_top20,Improved 8: improved 4 design with equal-weight 1/N sizing at top 20. Each position targets 5 pct of current portfolio equity. Top-N expansion from 10 to 20 and switch from fixed-dollar to percent-of-equity sizing are mechanically coupled and treated as a single improvement. Stop-loss / take-profit inherited from improved 4.,2022-01-31,KLAC,Information Technology,0.7886066973637649,91129.54687861481,-0.05,0.0,-0.05
improved_8_equal_weight_top20,Improved 8: improved 4 design with equal-weight 1/N sizing at top 20. Each position targets 5 pct of current portfolio equity. Top-N expansion from 10 to 20 and switch from fixed-dollar to percent-of-equity sizing are mechanically coupled and treated as a single improvement. Stop-loss / take-profit inherited from improved 4.,2022-01-31,IT,Information Technology,0.7665303866547152,91129.54687861481,-0.05,0.0,-0.05
improved_8_equal_weight_top20,Improved 8: improved 4 design with equal-weight 1/N sizing at top 20. Each position targets 5 pct of current portfolio equity. Top-N expansion from 10 to 20 and switch from fixed-dollar to percent-of-equity sizing are mechanically coupled and treated as a single improvement. Stop-loss / take-profit inherited from improved 4.,2022-01-31,MTD,Health Care,0.7660582433725855,91129.54687861481,-0.05,0.0,-0.05
improved_8_equal_weight_top20,Improved 8: improved 4 design with equal-weight 1/N sizing at top 20. Each position targets 5 pct of current portfolio equity. Top-N expansion from 10 to 20 and switch from fixed-dollar to percent-of-equity sizing are mechanically coupled and treated as a single improvement. Stop-loss / take-profit inherited from improved 4.,2022-01-31,AMD,Information Technology,0.7599691900448841,91129.54687861481,-0.05,0.0,-0.05
improved_8_equal_weight_top20,Improved 8: improved 4 design with equal-weight 1/N sizing at top 20. Each position targets 5 pct of current portfolio equity. Top-N expansion from 10 to 20 and switch from fixed-dollar to percent-of-equity sizing are mechanically coupled and treated as a single improvement. Stop-loss / take-profit inherited from improved 4.,2022-01-31,AMAT,Information Technology,0.6987186590059477,91129.54687861481,-0.05,0.0,-0.05
improved_8_equal_weight_top20,Improved 8: improved 4 design with equal-weight 1/N sizing at top 20. Each position targets 5 pct of current portfolio equity. Top-N expansion from 10 to 20 and switch from fixed-dollar to percent-of-equity sizing are mechanically coupled and treated as a single improvement. Stop-loss / take-profit inherited from improved 4.,2022-01-31,JBL,Information Technology,0.6725226246016778,91129.54687861481,-0.05,0.0,-0.05
improved_8_equal_weight_top20,Improved 8: improved 4 design with equal-weight 1/N sizing at top 20. Each position targets 5 pct of current portfolio equity. Top-N expansion from 10 to 20 and switch from fixed-dollar to percent-of-equity sizing are mechanically coupled and treated as a single improvement. Stop-loss / take-profit inherited from improved 4.,2022-02-28,COR,Health Care,2.027177688785609,90653.64047396462,0.0861415332777622,0.0,0.0861415332777622
improved_8_equal_weight_top20,Improved 8: improved 4 design with equal-weight 1/N sizing at top 20. Each position targets 5 pct of current portfolio equity. Top-N expansion from 10 to 20 and switch from fixed-dollar to percent-of-equity sizing are mechanically coupled and treated as a single improvement. Stop-loss / take-profit inherited from improved 4.,2022-02-28,LOW,Consumer Discretionary,1.8727268119412663,90653.64047396462,-0.05,0.0,-0.05
improved_8_equal_weight_top20,Improved 8: improved 4 design with equal-weight 1/N sizing at top 20. Each position targets 5 pct of current portfolio equity. Top-N expansion from 10 to 20 and switch from fixed-dollar to percent-of-equity sizing are mechanically coupled and treated as a single improvement. Stop-loss / take-profit inherited from improved 4.,2022-02-28,ORLY,Consumer Discretionary,1.84854920488274,90653.64047396462,0.0579839980237388,0.0,0.0579839980237388
improved_8_equal_weight_top20,Improved 8: improved 4 design with equal-weight 1/N sizing at top 20. Each position targets 5 pct of current portfolio equity. Top-N expansion from 10 to 20 and switch from fixed-dollar to percent-of-equity sizing are mechanically coupled and treated as a single improvement. Stop-loss / take-profit inherited from improved 4.,2022-02-28,STX,Information Technology,1.6256842787732089,90653.64047396462,-0.05,0.0,-0.05
improved_8_equal_weight_top20,Improved 8: improved 4 design with equal-weight 1/N sizing at top 20. Each position targets 5 pct of current portfolio equity. Top-N expansion from 10 to 20 and switch from fixed-dollar to percent-of-equity sizing are mechanically coupled and treated as a single improvement. Stop-loss / take-profit inherited from improved 4.,2022-02-28,HD,Consumer Discretionary,1.6072400762182748,90653.64047396462,-0.0428082256989754,0.0,-0.0428082256989754
improved_8_equal_weight_top20,Improved 8: improved 4 design with equal-weight 1/N sizing at top 20. Each position targets 5 pct of current portfolio equity. Top-N expansion from 10 to 20 and switch from fixed-dollar to percent-of-equity sizing are mechanically coupled and treated as a single improvement. Stop-loss / take-profit inherited from improved 4.,2022-02-28,CL,Consumer Staples,1.5691415780585083,90653.64047396462,-0.05,0.0,-0.05
improved_8_equal_weight_top20,Improved 8: improved 4 design with equal-weight 1/N sizing at top 20. Each position targets 5 pct of current portfolio equity. Top-N expansion from 10 to 20 and switch from fixed-dollar to percent-of-equity sizing are mechanically coupled and treated as a single improvement. Stop-loss / take-profit inherited from improved 4.,2022-02-28,MO,Consumer Staples,1.3257637836300027,90653.64047396462,0.0367872470873984,0.0,0.0367872470873984
improved_8_equal_weight_top20,Improved 8: improved 4 design with equal-weight 1/N sizing at top 20. Each position targets 5 pct of current portfolio equity. Top-N expansion from 10 to 20 and switch from fixed-dollar to percent-of-equity sizing are mechanically coupled and treated as a single improvement. Stop-loss / take-profit inherited from improved 4.,2022-02-28,EOG,Energy,1.3003338310968826,90653.64047396462,0.0367177974373134,0.0,0.0367177974373134
improved_8_equal_weight_top20,Improved 8: improved 4 design with equal-weight 1/N sizing at top 20. Each position targets 5 pct of current portfolio equity. Top-N expansion from 10 to 20 and switch from fixed-dollar to percent-of-equity sizing are mechanically coupled and treated as a single improvement. Stop-loss / take-profit inherited from improved 4.,2022-02-28,ORCL,Information Technology,1.2934897741459301,90653.64047396462,0.0888391682011762,0.0,0.0888391682011762
improved_8_equal_weight_top20,Improved 8: improved 4 design with equal-weight 1/N sizing at top 20. Each position targets 5 pct of current portfolio equity. Top-N expansion from 10 to 20 and switch from fixed-dollar to percent-of-equity sizing are mechanically coupled and treated as a single improvement. Stop-loss / take-profit inherited from improved 4.,2022-02-28,DVN,Energy,1.248726777720047,90653.64047396462,-0.05,0.0,-0.05
improved_8_equal_weight_top20,Improved 8: improved 4 design with equal-weight 1/N sizing at top 20. Each position targets 5 pct of current portfolio equity. Top-N expansion from 10 to 20 and switch from fixed-dollar to percent-of-equity sizing are mechanically coupled and treated as a single improvement. Stop-loss / take-profit inherited from improved 4.,2022-02-28,KMB,Consumer Staples,1.2391191049098471,90653.64047396462,-0.05,0.0,-0.05
improved_8_equal_weight_top20,Improved 8: improved 4 design with equal-weight 1/N sizing at top 20. Each position targets 5 pct of current portfolio equity. Top-N expansion from 10 to 20 and switch from fixed-dollar to percent-of-equity sizing are mechanically coupled and treated as a single improvement. Stop-loss / take-profit inherited from improved 4.,2022-02-28,FANG,Energy,1.0860277695037992,90653.64047396462,-0.05,0.0,-0.05
improved_8_equal_weight_top20,Improved 8: improved 4 design with equal-weight 1/N sizing at top 20. Each position targets 5 pct of current portfolio equity. Top-N expansion from 10 to 20 and switch from fixed-dollar to percent-of-equity sizing are mechanically coupled and treated as a single improvement. Stop-loss / take-profit inherited from improved 4.,2022-02-28,MTD,Health Care,1.0843697226003957,90653.64047396462,-0.05,0.0,-0.05
improved_8_equal_weight_top20,Improved 8: improved 4 design with equal-weight 1/N sizing at top 20. Each position targets 5 pct of current portfolio equity. Top-N expansion from 10 to 20 and switch from fixed-dollar to percent-of-equity sizing are mechanically coupled and treated as a single improvement. Stop-loss / take-profit inherited from improved 4.,2022-02-28,NTAP,Information Technology,1.0670200475571259,90653.64047396462,0.0601609400954608,0.0,0.0601609400954608
improved_8_equal_weight_top20,Improved 8: improved 4 design with equal-weight 1/N sizing at top 20. Each position targets 5 pct of current portfolio equity. Top-N expansion from 10 to 20 and switch from fixed-dollar to percent-of-equity sizing are mechanically coupled and treated as a single improvement. Stop-loss / take-profit inherited from improved 4.,2022-02-28,COP,Energy,0.9995757176050432,90653.64047396462,0.046392654199632,0.0,0.046392654199632
improved_8_equal_weight_top20,Improved 8: improved 4 design with equal-weight 1/N sizing at top 20. Each position targets 5 pct of current portfolio equity. Top-N expansion from 10 to 20 and switch from fixed-dollar to percent-of-equity sizing are mechanically coupled and treated as a single improvement. Stop-loss / take-profit inherited from improved 4.,2022-02-28,OXY,Energy,0.9810316008387177,90653.64047396462,0.3,0.0,0.3
improved_8_equal_weight_top20,Improved 8: improved 4 design with equal-weight 1/N sizing at top 20. Each position targets 5 pct of current portfolio equity. Top-N expansion from 10 to 20 and switch from fixed-dollar to percent-of-equity sizing are mechanically coupled and treated as a single improvement. Stop-loss / take-profit inherited from improved 4.,2022-02-28,BX,Financials,0.8722258061255036,90653.64047396462,-0.05,0.0,-0.05
improved_8_equal_weight_top20,Improved 8: improved 4 design with equal-weight 1/N sizing at top 20. Each position targets 5 pct of current portfolio equity. Top-N expansion from 10 to 20 and switch from fixed-dollar to percent-of-equity sizing are mechanically coupled and treated as a single improvement. Stop-loss / take-profit inherited from improved 4.,2022-02-28,WFC,Financials,0.7961543618073628,90653.64047396462,-0.05,0.0,-0.05
improved_8_equal_weight_top20,Improved 8: improved 4 design with equal-weight 1/N sizing at top 20. Each position targets 5 pct of current portfolio equity. Top-N expansion from 10 to 20 and switch from fixed-dollar to percent-of-equity sizing are mechanically coupled and treated as a single improvement. Stop-loss / take-profit inherited from improved 4.,2022-02-28,MPC,Energy,0.7862945941651658,90653.64047396462,-0.05,0.0,-0.05
improved_8_equal_weight_top20,Improved 8: improved 4 design with equal-weight 1/N sizing at top 20. Each position targets 5 pct of current portfolio equity. Top-N expansion from 10 to 20 and switch from fixed-dollar to percent-of-equity sizing are mechanically coupled and treated as a single improvement. Stop-loss / take-profit inherited from improved 4.,2022-02-28,NOC,Industrials,0.7508169403450249,90653.64047396462,-0.05,0.0,-0.05
improved_8_equal_weight_top20,Improved 8: improved 4 design with equal-weight 1/N sizing at top 20. Each position targets 5 pct of current portfolio equity. Top-N expansion from 10 to 20 and switch from fixed-dollar to percent-of-equity sizing are mechanically coupled and treated as a single improvement. Stop-loss / take-profit inherited from improved 4.,2022-03-31,CF,Materials,1.9394567677273615,91198.53735393006,-0.05,0.0,-0.05
improved_8_equal_weight_top20,Improved 8: improved 4 design with equal-weight 1/N sizing at top 20. Each position targets 5 pct of current portfolio equity. Top-N expansion from 10 to 20 and switch from fixed-dollar to percent-of-equity sizing are mechanically coupled and treated as a single improvement. Stop-loss / take-profit inherited from improved 4.,2022-03-31,MOS,Materials,1.9206927468207589,91198.53735393006,-0.05,0.0,-0.05
improved_8_equal_weight_top20,Improved 8: improved 4 design with equal-weight 1/N sizing at top 20. Each position targets 5 pct of current portfolio equity. Top-N expansion from 10 to 20 and switch from fixed-dollar to percent-of-equity sizing are mechanically coupled and treated as a single improvement. Stop-loss / take-profit inherited from improved 4.,2022-03-31,STLD,Materials,1.66964876326294,91198.53735393006,-0.05,0.0,-0.05
improved_8_equal_weight_top20,Improved 8: improved 4 design with equal-weight 1/N sizing at top 20. Each position targets 5 pct of current portfolio equity. Top-N expansion from 10 to 20 and switch from fixed-dollar to percent-of-equity sizing are mechanically coupled and treated as a single improvement. Stop-loss / take-profit inherited from improved 4.,2022-03-31,COP,Energy,1.665778021036954,91198.53735393006,-0.05,0.0,-0.05
improved_8_equal_weight_top20,Improved 8: improved 4 design with equal-weight 1/N sizing at top 20. Each position targets 5 pct of current portfolio equity. Top-N expansion from 10 to 20 and switch from fixed-dollar to percent-of-equity sizing are mechanically coupled and treated as a single improvement. Stop-loss / take-profit inherited from improved 4.,2022-03-31,NUE,Materials,1.645008153908321,91198.53735393006,-0.05,0.0,-0.05
improved_8_equal_weight_top20,Improved 8: improved 4 design with equal-weight 1/N sizing at top 20. Each position targets 5 pct of current portfolio equity. Top-N expansion from 10 to 20 and switch from fixed-dollar to percent-of-equity sizing are mechanically coupled and treated as a single improvement. Stop-loss / take-profit inherited from improved 4.,2022-03-31,COR,Health Care,1.594191936067521,91198.53735393006,-0.0234944813789905,0.0,-0.0234944813789905
improved_8_equal_weight_top20,Improved 8: improved 4 design with equal-weight 1/N sizing at top 20. Each position targets 5 pct of current portfolio equity. Top-N expansion from 10 to 20 and switch from fixed-dollar to percent-of-equity sizing are mechanically coupled and treated as a single improvement. Stop-loss / take-profit inherited from improved 4.,2022-03-31,FANG,Energy,1.4742497874570515,91198.53735393006,-0.05,0.0,-0.05
improved_8_equal_weight_top20,Improved 8: improved 4 design with equal-weight 1/N sizing at top 20. Each position targets 5 pct of current portfolio equity. Top-N expansion from 10 to 20 and switch from fixed-dollar to percent-of-equity sizing are mechanically coupled and treated as a single improvement. Stop-loss / take-profit inherited from improved 4.,2022-03-31,DVN,Energy,1.4311293049272693,91198.53735393006,-0.05,0.0,-0.05
improved_8_equal_weight_top20,Improved 8: improved 4 design with equal-weight 1/N sizing at top 20. Each position targets 5 pct of current portfolio equity. Top-N expansion from 10 to 20 and switch from fixed-dollar to percent-of-equity sizing are mechanically coupled and treated as a single improvement. Stop-loss / take-profit inherited from improved 4.,2022-03-31,ORLY,Consumer Discretionary,1.4101678965013809,91198.53735393006,-0.05,0.0,-0.05
improved_8_equal_weight_top20,Improved 8: improved 4 design with equal-weight 1/N sizing at top 20. Each position targets 5 pct of current portfolio equity. Top-N expansion from 10 to 20 and switch from fixed-dollar to percent-of-equity sizing are mechanically coupled and treated as a single improvement. Stop-loss / take-profit inherited from improved 4.,2022-03-31,ADM,Consumer Staples,1.3947317210397099,91198.53735393006,-0.0121332450918127,0.0,-0.0121332450918127
improved_8_equal_weight_top20,Improved 8: improved 4 design with equal-weight 1/N sizing at top 20. Each position targets 5 pct of current portfolio equity. Top-N expansion from 10 to 20 and switch from fixed-dollar to percent-of-equity sizing are mechanically coupled and treated as a single improvement. Stop-loss / take-profit inherited from improved 4.,2022-03-31,OXY,Energy,1.3806232731041872,91198.53735393006,-0.05,0.0,-0.05
improved_8_equal_weight_top20,Improved 8: improved 4 design with equal-weight 1/N sizing at top 20. Each position targets 5 pct of current portfolio equity. Top-N expansion from 10 to 20 and switch from fixed-dollar to percent-of-equity sizing are mechanically coupled and treated as a single improvement. Stop-loss / take-profit inherited from improved 4.,2022-03-31,MO,Consumer Staples,1.3551167030066211,91198.53735393006,0.0572678843229275,0.0,0.0572678843229275
improved_8_equal_weight_top20,Improved 8: improved 4 design with equal-weight 1/N sizing at top 20. Each position targets 5 pct of current portfolio equity. Top-N expansion from 10 to 20 and switch from fixed-dollar to percent-of-equity sizing are mechanically coupled and treated as a single improvement. Stop-loss / take-profit inherited from improved 4.,2022-03-31,BG,Consumer Staples,1.3324960169832687,91198.53735393006,0.0141653218572121,0.0,0.0141653218572121
improved_8_equal_weight_top20,Improved 8: improved 4 design with equal-weight 1/N sizing at top 20. Each position targets 5 pct of current portfolio equity. Top-N expansion from 10 to 20 and switch from fixed-dollar to percent-of-equity sizing are mechanically coupled and treated as a single improvement. Stop-loss / take-profit inherited from improved 4.,2022-03-31,STX,Information Technology,1.1551041010817635,91198.53735393006,-0.05,0.0,-0.05
improved_8_equal_weight_top20,Improved 8: improved 4 design with equal-weight 1/N sizing at top 20. Each position targets 5 pct of current portfolio equity. Top-N expansion from 10 to 20 and switch from fixed-dollar to percent-of-equity sizing are mechanically coupled and treated as a single improvement. Stop-loss / take-profit inherited from improved 4.,2022-03-31,EOG,Energy,1.0697526899413148,91198.53735393006,-0.05,0.0,-0.05
improved_8_equal_weight_top20,Improved 8: improved 4 design with equal-weight 1/N sizing at top 20. Each position targets 5 pct of current portfolio equity. Top-N expansion from 10 to 20 and switch from fixed-dollar to percent-of-equity sizing are mechanically coupled and treated as a single improvement. Stop-loss / take-profit inherited from improved 4.,2022-03-31,HD,Consumer Discretionary,1.0355986215102655,91198.53735393006,-0.0003327787024909,0.0,-0.0003327787024909
improved_8_equal_weight_top20,Improved 8: improved 4 design with equal-weight 1/N sizing at top 20. Each position targets 5 pct of current portfolio equity. Top-N expansion from 10 to 20 and switch from fixed-dollar to percent-of-equity sizing are mechanically coupled and treated as a single improvement. Stop-loss / take-profit inherited from improved 4.,2022-03-31,MTD,Health Care,0.9734518052577239,91198.53735393006,-0.05,0.0,-0.05
improved_8_equal_weight_top20,Improved 8: improved 4 design with equal-weight 1/N sizing at top 20. Each position targets 5 pct of current portfolio equity. Top-N expansion from 10 to 20 and switch from fixed-dollar to percent-of-equity sizing are mechanically coupled and treated as a single improvement. Stop-loss / take-profit inherited from improved 4.,2022-03-31,CL,Consumer Staples,0.967643917072341,91198.53735393006,0.0214073273194543,0.0,0.0214073273194543
improved_8_equal_weight_top20,Improved 8: improved 4 design with equal-weight 1/N sizing at top 20. Each position targets 5 pct of current portfolio equity. Top-N expansion from 10 to 20 and switch from fixed-dollar to percent-of-equity sizing are mechanically coupled and treated as a single improvement. Stop-loss / take-profit inherited from improved 4.,2022-03-31,KR,Consumer Staples,0.9672894004943173,91198.53735393006,-0.05,0.0,-0.05
improved_8_equal_weight_top20,Improved 8: improved 4 design with equal-weight 1/N sizing at top 20. Each position targets 5 pct of current portfolio equity. Top-N expansion from 10 to 20 and switch from fixed-dollar to percent-of-equity sizing are mechanically coupled and treated as a single improvement. Stop-loss / take-profit inherited from improved 4.,2022-03-31,CVX,Energy,0.9606456470663134,91198.53735393006,-0.05,0.0,-0.05
improved_8_equal_weight_top20,Improved 8: improved 4 design with equal-weight 1/N sizing at top 20. Each position targets 5 pct of current portfolio equity. Top-N expansion from 10 to 20 and switch from fixed-dollar to percent-of-equity sizing are mechanically coupled and treated as a single improvement. Stop-loss / take-profit inherited from improved 4.,2022-04-30,ORLY,Consumer Discretionary,1.4980929707867283,88265.95731594294,-0.05,0.0,-0.05
improved_8_equal_weight_top20,Improved 8: improved 4 design with equal-weight 1/N sizing at top 20. Each position targets 5 pct of current portfolio equity. Top-N expansion from 10 to 20 and switch from fixed-dollar to percent-of-equity sizing are mechanically coupled and treated as a single improvement. Stop-loss / take-profit inherited from improved 4.,2022-04-30,COR,Health Care,1.3299922923004739,88265.95731594294,0.0196080418217765,0.0,0.0196080418217765
improved_8_equal_weight_top20,Improved 8: improved 4 design with equal-weight 1/N sizing at top 20. Each position targets 5 pct of current portfolio equity. Top-N expansion from 10 to 20 and switch from fixed-dollar to percent-of-equity sizing are mechanically coupled and treated as a single improvement. Stop-loss / take-profit inherited from improved 4.,2022-04-30,STX,Information Technology,1.0884781460287543,88265.95731594294,-0.05,0.0,-0.05
improved_8_equal_weight_top20,Improved 8: improved 4 design with equal-weight 1/N sizing at top 20. Each position targets 5 pct of current portfolio equity. Top-N expansion from 10 to 20 and switch from fixed-dollar to percent-of-equity sizing are mechanically coupled and treated as a single improvement. Stop-loss / take-profit inherited from improved 4.,2022-04-30,CF,Materials,1.076088261090571,88265.95731594294,-0.05,0.0,-0.05
improved_8_equal_weight_top20,Improved 8: improved 4 design with equal-weight 1/N sizing at top 20. Each position targets 5 pct of current portfolio equity. Top-N expansion from 10 to 20 and switch from fixed-dollar to percent-of-equity sizing are mechanically coupled and treated as a single improvement. Stop-loss / take-profit inherited from improved 4.,2022-04-30,MTD,Health Care,1.055014704984922,88265.95731594294,-0.05,0.0,-0.05
improved_8_equal_weight_top20,Improved 8: improved 4 design with equal-weight 1/N sizing at top 20. Each position targets 5 pct of current portfolio equity. Top-N expansion from 10 to 20 and switch from fixed-dollar to percent-of-equity sizing are mechanically coupled and treated as a single improvement. Stop-loss / take-profit inherited from improved 4.,2022-04-30,OXY,Energy,0.9765011835412774,88265.95731594294,0.3,0.0,0.3
improved_8_equal_weight_top20,Improved 8: improved 4 design with equal-weight 1/N sizing at top 20. Each position targets 5 pct of current portfolio equity. Top-N expansion from 10 to 20 and switch from fixed-dollar to percent-of-equity sizing are mechanically coupled and treated as a single improvement. Stop-loss / take-profit inherited from improved 4.,2022-04-30,NUE,Materials,0.9422072568029751,88265.95731594294,-0.05,0.0,-0.05
improved_8_equal_weight_top20,Improved 8: improved 4 design with equal-weight 1/N sizing at top 20. Each position targets 5 pct of current portfolio equity. Top-N expansion from 10 to 20 and switch from fixed-dollar to percent-of-equity sizing are mechanically coupled and treated as a single improvement. Stop-loss / take-profit inherited from improved 4.,2022-04-30,DVN,Energy,0.9190900662603668,88265.95731594294,0.3,0.0,0.3
improved_8_equal_weight_top20,Improved 8: improved 4 design with equal-weight 1/N sizing at top 20. Each position targets 5 pct of current portfolio equity. Top-N expansion from 10 to 20 and switch from fixed-dollar to percent-of-equity sizing are mechanically coupled and treated as a single improvement. Stop-loss / take-profit inherited from improved 4.,2022-04-30,COP,Energy,0.8997270242954758,88265.95731594294,0.1970925098178984,0.0,0.1970925098178984
improved_8_equal_weight_top20,Improved 8: improved 4 design with equal-weight 1/N sizing at top 20. Each position targets 5 pct of current portfolio equity. Top-N expansion from 10 to 20 and switch from fixed-dollar to percent-of-equity sizing are mechanically coupled and treated as a single improvement. Stop-loss / take-profit inherited from improved 4.,2022-04-30,HD,Consumer Discretionary,0.8799697413137495,88265.95731594294,-0.05,0.0,-0.05
improved_8_equal_weight_top20,Improved 8: improved 4 design with equal-weight 1/N sizing at top 20. Each position targets 5 pct of current portfolio equity. Top-N expansion from 10 to 20 and switch from fixed-dollar to percent-of-equity sizing are mechanically coupled and treated as a single improvement. Stop-loss / take-profit inherited from improved 4.,2022-04-30,MOS,Materials,0.8766185478447482,88265.95731594294,-0.05,0.0,-0.05
improved_8_equal_weight_top20,Improved 8: improved 4 design with equal-weight 1/N sizing at top 20. Each position targets 5 pct of current portfolio equity. Top-N expansion from 10 to 20 and switch from fixed-dollar to percent-of-equity sizing are mechanically coupled and treated as a single improvement. Stop-loss / take-profit inherited from improved 4.,2022-04-30,IT,Information Technology,0.810721140557262,88265.95731594294,-0.05,0.0,-0.05
improved_8_equal_weight_top20,Improved 8: improved 4 design with equal-weight 1/N sizing at top 20. Each position targets 5 pct of current portfolio equity. Top-N expansion from 10 to 20 and switch from fixed-dollar to percent-of-equity sizing are mechanically coupled and treated as a single improvement. Stop-loss / take-profit inherited from improved 4.,2022-04-30,HAL,Energy,0.7968400669405187,88265.95731594294,-0.05,0.0,-0.05
improved_8_equal_weight_top20,Improved 8: improved 4 design with equal-weight 1/N sizing at top 20. Each position targets 5 pct of current portfolio equity. Top-N expansion from 10 to 20 and switch from fixed-dollar to percent-of-equity sizing are mechanically coupled and treated as a single improvement. Stop-loss / take-profit inherited from improved 4.,2022-04-30,FFIV,Information Technology,0.7816108450786792,88265.95731594294,-0.05,0.0,-0.05
improved_8_equal_weight_top20,Improved 8: improved 4 design with equal-weight 1/N sizing at top 20. Each position targets 5 pct of current portfolio equity. Top-N expansion from 10 to 20 and switch from fixed-dollar to percent-of-equity sizing are mechanically coupled and treated as a single improvement. Stop-loss / take-profit inherited from improved 4.,2022-04-30,UHS,Health Care,0.772285316487742,88265.95731594294,0.016202572870579,0.0,0.016202572870579
improved_8_equal_weight_top20,Improved 8: improved 4 design with equal-weight 1/N sizing at top 20. Each position targets 5 pct of current portfolio equity. Top-N expansion from 10 to 20 and switch from fixed-dollar to percent-of-equity sizing are mechanically coupled and treated as a single improvement. Stop-loss / take-profit inherited from improved 4.,2022-04-30,CL,Consumer Staples,0.7649135186091074,88265.95731594294,0.0225768781628861,0.0,0.0225768781628861
improved_8_equal_weight_top20,Improved 8: improved 4 design with equal-weight 1/N sizing at top 20. Each position targets 5 pct of current portfolio equity. Top-N expansion from 10 to 20 and switch from fixed-dollar to percent-of-equity sizing are mechanically coupled and treated as a single improvement. Stop-loss / take-profit inherited from improved 4.,2022-04-30,REGN,Health Care,0.7288467905396074,88265.95731594294,-0.05,0.0,-0.05
improved_8_equal_weight_top20,Improved 8: improved 4 design with equal-weight 1/N sizing at top 20. Each position targets 5 pct of current portfolio equity. Top-N expansion from 10 to 20 and switch from fixed-dollar to percent-of-equity sizing are mechanically coupled and treated as a single improvement. Stop-loss / take-profit inherited from improved 4.,2022-04-30,EOG,Energy,0.7220088029092976,88265.95731594294,0.1916818933261022,0.0,0.1916818933261022
improved_8_equal_weight_top20,Improved 8: improved 4 design with equal-weight 1/N sizing at top 20. Each position targets 5 pct of current portfolio equity. Top-N expansion from 10 to 20 and switch from fixed-dollar to percent-of-equity sizing are mechanically coupled and treated as a single improvement. Stop-loss / take-profit inherited from improved 4.,2022-04-30,FANG,Energy,0.7127137957093479,88265.95731594294,0.3,0.0,0.3
improved_8_equal_weight_top20,Improved 8: improved 4 design with equal-weight 1/N sizing at top 20. Each position targets 5 pct of current portfolio equity. Top-N expansion from 10 to 20 and switch from fixed-dollar to percent-of-equity sizing are mechanically coupled and treated as a single improvement. Stop-loss / take-profit inherited from improved 4.,2022-04-30,AAPL,Information Technology,0.6921604631696412,88265.95731594294,-0.05,0.0,-0.05
improved_8_equal_weight_top20,Improved 8: improved 4 design with equal-weight 1/N sizing at top 20. Each position targets 5 pct of current portfolio equity. Top-N expansion from 10 to 20 and switch from fixed-dollar to percent-of-equity sizing are mechanically coupled and treated as a single improvement. Stop-loss / take-profit inherited from improved 4.,2022-05-31,CF,Materials,1.7443090902506913,91563.40531696135,-0.05,0.0,-0.05
improved_8_equal_weight_top20,Improved 8: improved 4 design with equal-weight 1/N sizing at top 20. Each position targets 5 pct of current portfolio equity. Top-N expansion from 10 to 20 and switch from fixed-dollar to percent-of-equity sizing are mechanically coupled and treated as a single improvement. Stop-loss / take-profit inherited from improved 4.,2022-05-31,COR,Health Care,1.6581162626896546,91563.40531696135,-0.05,0.0,-0.05
improved_8_equal_weight_top20,Improved 8: improved 4 design with equal-weight 1/N sizing at top 20. Each position targets 5 pct of current portfolio equity. Top-N expansion from 10 to 20 and switch from fixed-dollar to percent-of-equity sizing are mechanically coupled and treated as a single improvement. Stop-loss / take-profit inherited from improved 4.,2022-05-31,MOS,Materials,1.5584889719393569,91563.40531696135,-0.05,0.0,-0.05
improved_8_equal_weight_top20,Improved 8: improved 4 design with equal-weight 1/N sizing at top 20. Each position targets 5 pct of current portfolio equity. Top-N expansion from 10 to 20 and switch from fixed-dollar to percent-of-equity sizing are mechanically coupled and treated as a single improvement. Stop-loss / take-profit inherited from improved 4.,2022-05-31,KMB,Consumer Staples,1.469145579421172,91563.40531696135,-0.05,0.0,-0.05
improved_8_equal_weight_top20,Improved 8: improved 4 design with equal-weight 1/N sizing at top 20. Each position targets 5 pct of current portfolio equity. Top-N expansion from 10 to 20 and switch from fixed-dollar to percent-of-equity sizing are mechanically coupled and treated as a single improvement. Stop-loss / take-profit inherited from improved 4.,2022-05-31,CL,Consumer Staples,1.2104670255624799,91563.40531696135,-0.05,0.0,-0.05
improved_8_equal_weight_top20,Improved 8: improved 4 design with equal-weight 1/N sizing at top 20. Each position targets 5 pct of current portfolio equity. Top-N expansion from 10 to 20 and switch from fixed-dollar to percent-of-equity sizing are mechanically coupled and treated as a single improvement. Stop-loss / take-profit inherited from improved 4.,2022-05-31,BG,Consumer Staples,1.0541121935186635,91563.40531696135,-0.05,0.0,-0.05
improved_8_equal_weight_top20,Improved 8: improved 4 design with equal-weight 1/N sizing at top 20. Each position targets 5 pct of current portfolio equity. Top-N expansion from 10 to 20 and switch from fixed-dollar to percent-of-equity sizing are mechanically coupled and treated as a single improvement. Stop-loss / take-profit inherited from improved 4.,2022-05-31,NRG,Utilities,0.9801222296323422,91563.40531696135,-0.05,0.0,-0.05
improved_8_equal_weight_top20,Improved 8: improved 4 design with equal-weight 1/N sizing at top 20. Each position targets 5 pct of current portfolio equity. Top-N expansion from 10 to 20 and switch from fixed-dollar to percent-of-equity sizing are mechanically coupled and treated as a single improvement. Stop-loss / take-profit inherited from improved 4.,2022-05-31,MPC,Energy,0.9722191873780587,91563.40531696135,-0.05,0.0,-0.05
improved_8_equal_weight_top20,Improved 8: improved 4 design with equal-weight 1/N sizing at top 20. Each position targets 5 pct of current portfolio equity. Top-N expansion from 10 to 20 and switch from fixed-dollar to percent-of-equity sizing are mechanically coupled and treated as a single improvement. Stop-loss / take-profit inherited from improved 4.,2022-05-31,ABBV,Health Care,0.9565347440012615,91563.40531696135,-0.05,0.0,-0.05
improved_8_equal_weight_top20,Improved 8: improved 4 design with equal-weight 1/N sizing at top 20. Each position targets 5 pct of current portfolio equity. Top-N expansion from 10 to 20 and switch from fixed-dollar to percent-of-equity sizing are mechanically coupled and treated as a single improvement. Stop-loss / take-profit inherited from improved 4.,2022-05-31,HSY,Consumer Staples,0.9234428967030128,91563.40531696135,0.0149056603777117,0.0,0.0149056603777117
improved_8_equal_weight_top20,Improved 8: improved 4 design with equal-weight 1/N sizing at top 20. Each position targets 5 pct of current portfolio equity. Top-N expansion from 10 to 20 and switch from fixed-dollar to percent-of-equity sizing are mechanically coupled and treated as a single improvement. Stop-loss / take-profit inherited from improved 4.,2022-05-31,COP,Energy,0.8895839472348106,91563.40531696135,-0.05,0.0,-0.05
improved_8_equal_weight_top20,Improved 8: improved 4 design with equal-weight 1/N sizing at top 20. Each position targets 5 pct of current portfolio equity. Top-N expansion from 10 to 20 and switch from fixed-dollar to percent-of-equity sizing are mechanically coupled and treated as a single improvement. Stop-loss / take-profit inherited from improved 4.,2022-05-31,SMCI,Information Technology,0.8581949932568398,91563.40531696135,-0.05,0.0,-0.05
improved_8_equal_weight_top20,Improved 8: improved 4 design with equal-weight 1/N sizing at top 20. Each position targets 5 pct of current portfolio equity. Top-N expansion from 10 to 20 and switch from fixed-dollar to percent-of-equity sizing are mechanically coupled and treated as a single improvement. Stop-loss / take-profit inherited from improved 4.,2022-05-31,DVN,Energy,0.8560322539450298,91563.40531696135,-0.05,0.0,-0.05
improved_8_equal_weight_top20,Improved 8: improved 4 design with equal-weight 1/N sizing at top 20. Each position targets 5 pct of current portfolio equity. Top-N expansion from 10 to 20 and switch from fixed-dollar to percent-of-equity sizing are mechanically coupled and treated as a single improvement. Stop-loss / take-profit inherited from improved 4.,2022-05-31,MRK,Health Care,0.855229782674895,91563.40531696135,-0.05,0.0,-0.05
improved_8_equal_weight_top20,Improved 8: improved 4 design with equal-weight 1/N sizing at top 20. Each position targets 5 pct of current portfolio equity. Top-N expansion from 10 to 20 and switch from fixed-dollar to percent-of-equity sizing are mechanically coupled and treated as a single improvement. Stop-loss / take-profit inherited from improved 4.,2022-05-31,AAPL,Information Technology,0.8363586933122023,91563.40531696135,-0.05,0.0,-0.05
improved_8_equal_weight_top20,Improved 8: improved 4 design with equal-weight 1/N sizing at top 20. Each position targets 5 pct of current portfolio equity. Top-N expansion from 10 to 20 and switch from fixed-dollar to percent-of-equity sizing are mechanically coupled and treated as a single improvement. Stop-loss / take-profit inherited from improved 4.,2022-05-31,ADM,Consumer Staples,0.8287435598321655,91563.40531696135,-0.05,0.0,-0.05
improved_8_equal_weight_top20,Improved 8: improved 4 design with equal-weight 1/N sizing at top 20. Each position targets 5 pct of current portfolio equity. Top-N expansion from 10 to 20 and switch from fixed-dollar to percent-of-equity sizing are mechanically coupled and treated as a single improvement. Stop-loss / take-profit inherited from improved 4.,2022-05-31,MTD,Health Care,0.8254866850340008,91563.40531696135,-0.05,0.0,-0.05
improved_8_equal_weight_top20,Improved 8: improved 4 design with equal-weight 1/N sizing at top 20. Each position targets 5 pct of current portfolio equity. Top-N expansion from 10 to 20 and switch from fixed-dollar to percent-of-equity sizing are mechanically coupled and treated as a single improvement. Stop-loss / take-profit inherited from improved 4.,2022-05-31,IT,Information Technology,0.8155221820404794,91563.40531696135,-0.05,0.0,-0.05
improved_8_equal_weight_top20,Improved 8: improved 4 design with equal-weight 1/N sizing at top 20. Each position targets 5 pct of current portfolio equity. Top-N expansion from 10 to 20 and switch from fixed-dollar to percent-of-equity sizing are mechanically coupled and treated as a single improvement. Stop-loss / take-profit inherited from improved 4.,2022-05-31,EOG,Energy,0.8136516096110096,91563.40531696135,-0.05,0.0,-0.05
improved_8_equal_weight_top20,Improved 8: improved 4 design with equal-weight 1/N sizing at top 20. Each position targets 5 pct of current portfolio equity. Top-N expansion from 10 to 20 and switch from fixed-dollar to percent-of-equity sizing are mechanically coupled and treated as a single improvement. Stop-loss / take-profit inherited from improved 4.,2022-05-31,VST,Utilities,0.801590372715746,91563.40531696135,-0.05,0.0,-0.05
improved_8_equal_weight_top20,Improved 8: improved 4 design with equal-weight 1/N sizing at top 20. Each position targets 5 pct of current portfolio equity. Top-N expansion from 10 to 20 and switch from fixed-dollar to percent-of-equity sizing are mechanically coupled and treated as a single improvement. Stop-loss / take-profit inherited from improved 4.,2022-06-30,COR,Health Care,1.598861444079674,87282.38421553976,0.0287627775816166,0.0,0.0287627775816166
improved_8_equal_weight_top20,Improved 8: improved 4 design with equal-weight 1/N sizing at top 20. Each position targets 5 pct of current portfolio equity. Top-N expansion from 10 to 20 and switch from fixed-dollar to percent-of-equity sizing are mechanically coupled and treated as a single improvement. Stop-loss / take-profit inherited from improved 4.,2022-06-30,STX,Information Technology,1.2609346646978656,87282.38421553976,-0.05,0.0,-0.05
improved_8_equal_weight_top20,Improved 8: improved 4 design with equal-weight 1/N sizing at top 20. Each position targets 5 pct of current portfolio equity. Top-N expansion from 10 to 20 and switch from fixed-dollar to percent-of-equity sizing are mechanically coupled and treated as a single improvement. Stop-loss / take-profit inherited from improved 4.,2022-06-30,IT,Information Technology,1.1605490384296349,87282.38421553976,0.1073201251303441,0.0,0.1073201251303441
improved_8_equal_weight_top20,Improved 8: improved 4 design with equal-weight 1/N sizing at top 20. Each position targets 5 pct of current portfolio equity. Top-N expansion from 10 to 20 and switch from fixed-dollar to percent-of-equity sizing are mechanically coupled and treated as a single improvement. Stop-loss / take-profit inherited from improved 4.,2022-06-30,MTD,Health Care,0.9746405859184374,87282.38421553976,0.1723224444772568,0.0,0.1723224444772568
improved_8_equal_weight_top20,Improved 8: improved 4 design with equal-weight 1/N sizing at top 20. Each position targets 5 pct of current portfolio equity. Top-N expansion from 10 to 20 and switch from fixed-dollar to percent-of-equity sizing are mechanically coupled and treated as a single improvement. Stop-loss / take-profit inherited from improved 4.,2022-06-30,CL,Consumer Staples,0.9646650334072344,87282.38421553976,-0.05,0.0,-0.05
improved_8_equal_weight_top20,Improved 8: improved 4 design with equal-weight 1/N sizing at top 20. Each position targets 5 pct of current portfolio equity. Top-N expansion from 10 to 20 and switch from fixed-dollar to percent-of-equity sizing are mechanically coupled and treated as a single improvement. Stop-loss / take-profit inherited from improved 4.,2022-06-30,KMB,Consumer Staples,0.9488250638363913,87282.38421553976,-0.0283123202832923,0.0,-0.0283123202832923
improved_8_equal_weight_top20,Improved 8: improved 4 design with equal-weight 1/N sizing at top 20. Each position targets 5 pct of current portfolio equity. Top-N expansion from 10 to 20 and switch from fixed-dollar to percent-of-equity sizing are mechanically coupled and treated as a single improvement. Stop-loss / take-profit inherited from improved 4.,2022-06-30,BX,Financials,0.881517192928994,87282.38421553976,0.1426360017683003,0.0,0.1426360017683003
improved_8_equal_weight_top20,Improved 8: improved 4 design with equal-weight 1/N sizing at top 20. Each position targets 5 pct of current portfolio equity. Top-N expansion from 10 to 20 and switch from fixed-dollar to percent-of-equity sizing are mechanically coupled and treated as a single improvement. Stop-loss / take-profit inherited from improved 4.,2022-06-30,SMCI,Information Technology,0.8556485503196207,87282.38421553976,-0.05,0.0,-0.05
improved_8_equal_weight_top20,Improved 8: improved 4 design with equal-weight 1/N sizing at top 20. Each position targets 5 pct of current portfolio equity. Top-N expansion from 10 to 20 and switch from fixed-dollar to percent-of-equity sizing are mechanically coupled and treated as a single improvement. Stop-loss / take-profit inherited from improved 4.,2022-06-30,STLD,Materials,0.8339409137676734,87282.38421553976,0.1928319803947156,0.0,0.1928319803947156
improved_8_equal_weight_top20,Improved 8: improved 4 design with equal-weight 1/N sizing at top 20. Each position targets 5 pct of current portfolio equity. Top-N expansion from 10 to 20 and switch from fixed-dollar to percent-of-equity sizing are mechanically coupled and treated as a single improvement. Stop-loss / take-profit inherited from improved 4.,2022-06-30,ON,Information Technology,0.8185144693443532,87282.38421553976,-0.05,0.0,-0.05
improved_8_equal_weight_top20,Improved 8: improved 4 design with equal-weight 1/N sizing at top 20. Each position targets 5 pct of current portfolio equity. Top-N expansion from 10 to 20 and switch from fixed-dollar to percent-of-equity sizing are mechanically coupled and treated as a single improvement. Stop-loss / take-profit inherited from improved 4.,2022-06-30,BLDR,Industrials,0.8146699250926973,87282.38421553976,0.2618296529968453,0.0,0.2618296529968453
improved_8_equal_weight_top20,Improved 8: improved 4 design with equal-weight 1/N sizing at top 20. Each position targets 5 pct of current portfolio equity. Top-N expansion from 10 to 20 and switch from fixed-dollar to percent-of-equity sizing are mechanically coupled and treated as a single improvement. Stop-loss / take-profit inherited from improved 4.,2022-06-30,PWR,Industrials,0.768547898598991,87282.38421553976,0.1079785959583263,0.0,0.1079785959583263
improved_8_equal_weight_top20,Improved 8: improved 4 design with equal-weight 1/N sizing at top 20. Each position targets 5 pct of current portfolio equity. Top-N expansion from 10 to 20 and switch from fixed-dollar to percent-of-equity sizing are mechanically coupled and treated as a single improvement. Stop-loss / take-profit inherited from improved 4.,2022-06-30,NUE,Materials,0.7513205441488175,87282.38421553976,0.3,0.0,0.3
improved_8_equal_weight_top20,Improved 8: improved 4 design with equal-weight 1/N sizing at top 20. Each position targets 5 pct of current portfolio equity. Top-N expansion from 10 to 20 and switch from fixed-dollar to percent-of-equity sizing are mechanically coupled and treated as a single improvement. Stop-loss / take-profit inherited from improved 4.,2022-06-30,NRG,Utilities,0.7508121416989106,87282.38421553976,-0.05,0.0,-0.05
improved_8_equal_weight_top20,Improved 8: improved 4 design with equal-weight 1/N sizing at top 20. Each position targets 5 pct of current portfolio equity. Top-N expansion from 10 to 20 and switch from fixed-dollar to percent-of-equity sizing are mechanically coupled and treated as a single improvement. Stop-loss / take-profit inherited from improved 4.,2022-06-30,MPC,Energy,0.7327614990158692,87282.38421553976,-0.05,0.0,-0.05
improved_8_equal_weight_top20,Improved 8: improved 4 design with equal-weight 1/N sizing at top 20. Each position targets 5 pct of current portfolio equity. Top-N expansion from 10 to 20 and switch from fixed-dollar to percent-of-equity sizing are mechanically coupled and treated as a single improvement. Stop-loss / take-profit inherited from improved 4.,2022-06-30,DVN,Energy,0.7149272186072876,87282.38421553976,-0.05,0.0,-0.05
improved_8_equal_weight_top20,Improved 8: improved 4 design with equal-weight 1/N sizing at top 20. Each position targets 5 pct of current portfolio equity. Top-N expansion from 10 to 20 and switch from fixed-dollar to percent-of-equity sizing are mechanically coupled and treated as a single improvement. Stop-loss / take-profit inherited from improved 4.,2022-06-30,PFE,Health Care,0.7022229578617377,87282.38421553976,-0.0217458906897101,0.0,-0.0217458906897101
improved_8_equal_weight_top20,Improved 8: improved 4 design with equal-weight 1/N sizing at top 20. Each position targets 5 pct of current portfolio equity. Top-N expansion from 10 to 20 and switch from fixed-dollar to percent-of-equity sizing are mechanically coupled and treated as a single improvement. Stop-loss / take-profit inherited from improved 4.,2022-06-30,DLTR,Consumer Staples,0.6964705094079924,87282.38421553976,0.0737662337662339,0.0,0.0737662337662339
improved_8_equal_weight_top20,Improved 8: improved 4 design with equal-weight 1/N sizing at top 20. Each position targets 5 pct of current portfolio equity. Top-N expansion from 10 to 20 and switch from fixed-dollar to percent-of-equity sizing are mechanically coupled and treated as a single improvement. Stop-loss / take-profit inherited from improved 4.,2022-06-30,ULTA,Consumer Discretionary,0.6946713096817083,87282.38421553976,0.0183022622538751,0.0,0.0183022622538751
improved_8_equal_weight_top20,Improved 8: improved 4 design with equal-weight 1/N sizing at top 20. Each position targets 5 pct of current portfolio equity. Top-N expansion from 10 to 20 and switch from fixed-dollar to percent-of-equity sizing are mechanically coupled and treated as a single improvement. Stop-loss / take-profit inherited from improved 4.,2022-06-30,MAR,Consumer Discretionary,0.6674783087226597,87282.38421553976,0.1700309415062533,0.0,0.1700309415062533
improved_8_equal_weight_top20,Improved 8: improved 4 design with equal-weight 1/N sizing at top 20. Each position targets 5 pct of current portfolio equity. Top-N expansion from 10 to 20 and switch from fixed-dollar to percent-of-equity sizing are mechanically coupled and treated as a single improvement. Stop-loss / take-profit inherited from improved 4.,2022-07-31,COR,Health Care,1.647246297273381,92413.37869478122,-0.05,0.0,-0.05
improved_8_equal_weight_top20,Improved 8: improved 4 design with equal-weight 1/N sizing at top 20. Each position targets 5 pct of current portfolio equity. Top-N expansion from 10 to 20 and switch from fixed-dollar to percent-of-equity sizing are mechanically coupled and treated as a single improvement. Stop-loss / take-profit inherited from improved 4.,2022-07-31,OXY,Energy,1.4589390606715873,92413.37869478122,-0.05,0.0,-0.05
improved_8_equal_weight_top20,Improved 8: improved 4 design with equal-weight 1/N sizing at top 20. Each position targets 5 pct of current portfolio equity. Top-N expansion from 10 to 20 and switch from fixed-dollar to percent-of-equity sizing are mechanically coupled and treated as a single improvement. Stop-loss / take-profit inherited from improved 4.,2022-07-31,KMB,Consumer Staples,1.3787750103965954,92413.37869478122,-0.0358384999241226,0.0,-0.0358384999241226
improved_8_equal_weight_top20,Improved 8: improved 4 design with equal-weight 1/N sizing at top 20. Each position targets 5 pct of current portfolio equity. Top-N expansion from 10 to 20 and switch from fixed-dollar to percent-of-equity sizing are mechanically coupled and treated as a single improvement. Stop-loss / take-profit inherited from improved 4.,2022-07-31,CVX,Energy,1.2641815957257672,92413.37869478122,-0.05,0.0,-0.05
improved_8_equal_weight_top20,Improved 8: improved 4 design with equal-weight 1/N sizing at top 20. Each position targets 5 pct of current portfolio equity. Top-N expansion from 10 to 20 and switch from fixed-dollar to percent-of-equity sizing are mechanically coupled and treated as a single improvement. Stop-loss / take-profit inherited from improved 4.,2022-07-31,COP,Energy,1.2561804513454988,92413.37869478122,-0.05,0.0,-0.05
improved_8_equal_weight_top20,Improved 8: improved 4 design with equal-weight 1/N sizing at top 20. Each position targets 5 pct of current portfolio equity. Top-N expansion from 10 to 20 and switch from fixed-dollar to percent-of-equity sizing are mechanically coupled and treated as a single improvement. Stop-loss / take-profit inherited from improved 4.,2022-07-31,CL,Consumer Staples,1.2101098794481429,92413.37869478122,-0.0094984802427314,0.0,-0.0094984802427314
improved_8_equal_weight_top20,Improved 8: improved 4 design with equal-weight 1/N sizing at top 20. Each position targets 5 pct of current portfolio equity. Top-N expansion from 10 to 20 and switch from fixed-dollar to percent-of-equity sizing are mechanically coupled and treated as a single improvement. Stop-loss / take-profit inherited from improved 4.,2022-07-31,DVN,Energy,1.2065602657709107,92413.37869478122,-0.05,0.0,-0.05
improved_8_equal_weight_top20,Improved 8: improved 4 design with equal-weight 1/N sizing at top 20. Each position targets 5 pct of current portfolio equity. Top-N expansion from 10 to 20 and switch from fixed-dollar to percent-of-equity sizing are mechanically coupled and treated as a single improvement. Stop-loss / take-profit inherited from improved 4.,2022-07-31,MPC,Energy,1.1727118535450465,92413.37869478122,0.1259120666757447,0.0,0.1259120666757447
improved_8_equal_weight_top20,Improved 8: improved 4 design with equal-weight 1/N sizing at top 20. Each position targets 5 pct of current portfolio equity. Top-N expansion from 10 to 20 and switch from fixed-dollar to percent-of-equity sizing are mechanically coupled and treated as a single improvement. Stop-loss / take-profit inherited from improved 4.,2022-07-31,VLO,Energy,1.1656589907154884,92413.37869478122,0.0839643081085095,0.0,0.0839643081085095
improved_8_equal_weight_top20,Improved 8: improved 4 design with equal-weight 1/N sizing at top 20. Each position targets 5 pct of current portfolio equity. Top-N expansion from 10 to 20 and switch from fixed-dollar to percent-of-equity sizing are mechanically coupled and treated as a single improvement. Stop-loss / take-profit inherited from improved 4.,2022-07-31,BG,Consumer Staples,1.1197927800289764,92413.37869478122,0.0791128484996499,0.0,0.0791128484996499
improved_8_equal_weight_top20,Improved 8: improved 4 design with equal-weight 1/N sizing at top 20. Each position targets 5 pct of current portfolio equity. Top-N expansion from 10 to 20 and switch from fixed-dollar to percent-of-equity sizing are mechanically coupled and treated as a single improvement. Stop-loss / take-profit inherited from improved 4.,2022-07-31,MOS,Materials,1.1137761640126478,92413.37869478122,-0.05,0.0,-0.05
improved_8_equal_weight_top20,Improved 8: improved 4 design with equal-weight 1/N sizing at top 20. Each position targets 5 pct of current portfolio equity. Top-N expansion from 10 to 20 and switch from fixed-dollar to percent-of-equity sizing are mechanically coupled and treated as a single improvement. Stop-loss / take-profit inherited from improved 4.,2022-07-31,FANG,Energy,1.0653520617097716,92413.37869478122,-0.05,0.0,-0.05
improved_8_equal_weight_top20,Improved 8: improved 4 design with equal-weight 1/N sizing at top 20. Each position targets 5 pct of current portfolio equity. Top-N expansion from 10 to 20 and switch from fixed-dollar to percent-of-equity sizing are mechanically coupled and treated as a single improvement. Stop-loss / take-profit inherited from improved 4.,2022-07-31,STX,Information Technology,1.0531089324226908,92413.37869478122,-0.05,0.0,-0.05
improved_8_equal_weight_top20,Improved 8: improved 4 design with equal-weight 1/N sizing at top 20. Each position targets 5 pct of current portfolio equity. Top-N expansion from 10 to 20 and switch from fixed-dollar to percent-of-equity sizing are mechanically coupled and treated as a single improvement. Stop-loss / take-profit inherited from improved 4.,2022-07-31,HAL,Energy,1.0348333474374483,92413.37869478122,-0.05,0.0,-0.05
improved_8_equal_weight_top20,Improved 8: improved 4 design with equal-weight 1/N sizing at top 20. Each position targets 5 pct of current portfolio equity. Top-N expansion from 10 to 20 and switch from fixed-dollar to percent-of-equity sizing are mechanically coupled and treated as a single improvement. Stop-loss / take-profit inherited from improved 4.,2022-07-31,EOG,Energy,1.0228902734231349,92413.37869478122,-0.05,0.0,-0.05
improved_8_equal_weight_top20,Improved 8: improved 4 design with equal-weight 1/N sizing at top 20. Each position targets 5 pct of current portfolio equity. Top-N expansion from 10 to 20 and switch from fixed-dollar to percent-of-equity sizing are mechanically coupled and treated as a single improvement. Stop-loss / take-profit inherited from improved 4.,2022-07-31,XOM,Energy,1.0174037902894404,92413.37869478122,-0.05,0.0,-0.05
improved_8_equal_weight_top20,Improved 8: improved 4 design with equal-weight 1/N sizing at top 20. Each position targets 5 pct of current portfolio equity. Top-N expansion from 10 to 20 and switch from fixed-dollar to percent-of-equity sizing are mechanically coupled and treated as a single improvement. Stop-loss / take-profit inherited from improved 4.,2022-07-31,MTD,Health Care,0.944767177566033,92413.37869478122,-0.05,0.0,-0.05
improved_8_equal_weight_top20,Improved 8: improved 4 design with equal-weight 1/N sizing at top 20. Each position targets 5 pct of current portfolio equity. Top-N expansion from 10 to 20 and switch from fixed-dollar to percent-of-equity sizing are mechanically coupled and treated as a single improvement. Stop-loss / take-profit inherited from improved 4.,2022-07-31,NOC,Industrials,0.9161696996046531,92413.37869478122,-0.0034806108167557,0.0,-0.0034806108167557
improved_8_equal_weight_top20,Improved 8: improved 4 design with equal-weight 1/N sizing at top 20. Each position targets 5 pct of current portfolio equity. Top-N expansion from 10 to 20 and switch from fixed-dollar to percent-of-equity sizing are mechanically coupled and treated as a single improvement. Stop-loss / take-profit inherited from improved 4.,2022-07-31,CF,Materials,0.912829028568226,92413.37869478122,0.0927603468023869,0.0,0.0927603468023869
improved_8_equal_weight_top20,Improved 8: improved 4 design with equal-weight 1/N sizing at top 20. Each position targets 5 pct of current portfolio equity. Top-N expansion from 10 to 20 and switch from fixed-dollar to percent-of-equity sizing are mechanically coupled and treated as a single improvement. Stop-loss / take-profit inherited from improved 4.,2022-07-31,SLB,Energy,0.897325875231348,92413.37869478122,-0.05,0.0,-0.05
improved_8_equal_weight_top20,Improved 8: improved 4 design with equal-weight 1/N sizing at top 20. Each position targets 5 pct of current portfolio equity. Top-N expansion from 10 to 20 and switch from fixed-dollar to percent-of-equity sizing are mechanically coupled and treated as a single improvement. Stop-loss / take-profit inherited from improved 4.,2022-08-31,STX,Information Technology,1.7163784318397308,90948.31234042179,-0.05,0.0,-0.05
improved_8_equal_weight_top20,Improved 8: improved 4 design with equal-weight 1/N sizing at top 20. Each position targets 5 pct of current portfolio equity. Top-N expansion from 10 to 20 and switch from fixed-dollar to percent-of-equity sizing are mechanically coupled and treated as a single improvement. Stop-loss / take-profit inherited from improved 4.,2022-08-31,CF,Materials,1.3137594424546708,90948.31234042179,-0.05,0.0,-0.05
improved_8_equal_weight_top20,Improved 8: improved 4 design with equal-weight 1/N sizing at top 20. Each position targets 5 pct of current portfolio equity. Top-N expansion from 10 to 20 and switch from fixed-dollar to percent-of-equity sizing are mechanically coupled and treated as a single improvement. Stop-loss / take-profit inherited from improved 4.,2022-08-31,MTD,Health Care,1.2555478611330435,90948.31234042179,-0.05,0.0,-0.05
improved_8_equal_weight_top20,Improved 8: improved 4 design with equal-weight 1/N sizing at top 20. Each position targets 5 pct of current portfolio equity. Top-N expansion from 10 to 20 and switch from fixed-dollar to percent-of-equity sizing are mechanically coupled and treated as a single improvement. Stop-loss / take-profit inherited from improved 4.,2022-08-31,DLTR,Consumer Staples,1.1877674171115633,90948.31234042179,0.0091947204508378,0.0,0.0091947204508378
improved_8_equal_weight_top20,Improved 8: improved 4 design with equal-weight 1/N sizing at top 20. Each position targets 5 pct of current portfolio equity. Top-N expansion from 10 to 20 and switch from fixed-dollar to percent-of-equity sizing are mechanically coupled and treated as a single improvement. Stop-loss / take-profit inherited from improved 4.,2022-08-31,COR,Health Care,1.1750091783285719,90948.31234042179,-0.05,0.0,-0.05
improved_8_equal_weight_top20,Improved 8: improved 4 design with equal-weight 1/N sizing at top 20. Each position targets 5 pct of current portfolio equity. Top-N expansion from 10 to 20 and switch from fixed-dollar to percent-of-equity sizing are mechanically coupled and treated as a single improvement. Stop-loss / take-profit inherited from improved 4.,2022-08-31,SMCI,Information Technology,1.1240005681204126,90948.31234042179,-0.05,0.0,-0.05
improved_8_equal_weight_top20,Improved 8: improved 4 design with equal-weight 1/N sizing at top 20. Each position targets 5 pct of current portfolio equity. Top-N expansion from 10 to 20 and switch from fixed-dollar to percent-of-equity sizing are mechanically coupled and treated as a single improvement. Stop-loss / take-profit inherited from improved 4.,2022-08-31,IT,Information Technology,1.1198468497692973,90948.31234042179,-0.0255678816693079,0.0,-0.0255678816693079
improved_8_equal_weight_top20,Improved 8: improved 4 design with equal-weight 1/N sizing at top 20. Each position targets 5 pct of current portfolio equity. Top-N expansion from 10 to 20 and switch from fixed-dollar to percent-of-equity sizing are mechanically coupled and treated as a single improvement. Stop-loss / take-profit inherited from improved 4.,2022-08-31,ON,Information Technology,1.0047416583381117,90948.31234042179,-0.05,0.0,-0.05
improved_8_equal_weight_top20,Improved 8: improved 4 design with equal-weight 1/N sizing at top 20. Each position targets 5 pct of current portfolio equity. Top-N expansion from 10 to 20 and switch from fixed-dollar to percent-of-equity sizing are mechanically coupled and treated as a single improvement. Stop-loss / take-profit inherited from improved 4.,2022-08-31,KMB,Consumer Staples,0.9569207802173074,90948.31234042179,-0.05,0.0,-0.05
improved_8_equal_weight_top20,Improved 8: improved 4 design with equal-weight 1/N sizing at top 20. Each position targets 5 pct of current portfolio equity. Top-N expansion from 10 to 20 and switch from fixed-dollar to percent-of-equity sizing are mechanically coupled and treated as a single improvement. Stop-loss / take-profit inherited from improved 4.,2022-08-31,BLDR,Industrials,0.9119493190161154,90948.31234042179,-0.05,0.0,-0.05
improved_8_equal_weight_top20,Improved 8: improved 4 design with equal-weight 1/N sizing at top 20. Each position targets 5 pct of current portfolio equity. Top-N expansion from 10 to 20 and switch from fixed-dollar to percent-of-equity sizing are mechanically coupled and treated as a single improvement. Stop-loss / take-profit inherited from improved 4.,2022-08-31,CL,Consumer Staples,0.8891994746937211,90948.31234042179,-0.05,0.0,-0.05
improved_8_equal_weight_top20,Improved 8: improved 4 design with equal-weight 1/N sizing at top 20. Each position targets 5 pct of current portfolio equity. Top-N expansion from 10 to 20 and switch from fixed-dollar to percent-of-equity sizing are mechanically coupled and treated as a single improvement. Stop-loss / take-profit inherited from improved 4.,2022-08-31,AAPL,Information Technology,0.7557754396599188,90948.31234042179,-0.05,0.0,-0.05
improved_8_equal_weight_top20,Improved 8: improved 4 design with equal-weight 1/N sizing at top 20. Each position targets 5 pct of current portfolio equity. Top-N expansion from 10 to 20 and switch from fixed-dollar to percent-of-equity sizing are mechanically coupled and treated as a single improvement. Stop-loss / take-profit inherited from improved 4.,2022-08-31,BMY,Health Care,0.7511257205182393,90948.31234042179,0.0549042884699397,0.0,0.0549042884699397
improved_8_equal_weight_top20,Improved 8: improved 4 design with equal-weight 1/N sizing at top 20. Each position targets 5 pct of current portfolio equity. Top-N expansion from 10 to 20 and switch from fixed-dollar to percent-of-equity sizing are mechanically coupled and treated as a single improvement. Stop-loss / take-profit inherited from improved 4.,2022-08-31,KLAC,Information Technology,0.7371318652216647,90948.31234042179,-0.05,0.0,-0.05
improved_8_equal_weight_top20,Improved 8: improved 4 design with equal-weight 1/N sizing at top 20. Each position targets 5 pct of current portfolio equity. Top-N expansion from 10 to 20 and switch from fixed-dollar to percent-of-equity sizing are mechanically coupled and treated as a single improvement. Stop-loss / take-profit inherited from improved 4.,2022-08-31,QCOM,Information Technology,0.679567947501992,90948.31234042179,-0.05,0.0,-0.05
improved_8_equal_weight_top20,Improved 8: improved 4 design with equal-weight 1/N sizing at top 20. Each position targets 5 pct of current portfolio equity. Top-N expansion from 10 to 20 and switch from fixed-dollar to percent-of-equity sizing are mechanically coupled and treated as a single improvement. Stop-loss / take-profit inherited from improved 4.,2022-08-31,WAT,Health Care,0.6621180345881135,90948.31234042179,-0.05,0.0,-0.05
improved_8_equal_weight_top20,Improved 8: improved 4 design with equal-weight 1/N sizing at top 20. Each position targets 5 pct of current portfolio equity. Top-N expansion from 10 to 20 and switch from fixed-dollar to percent-of-equity sizing are mechanically coupled and treated as a single improvement. Stop-loss / take-profit inherited from improved 4.,2022-08-31,MAR,Consumer Discretionary,0.6220645675423685,90948.31234042179,-0.05,0.0,-0.05
improved_8_equal_weight_top20,Improved 8: improved 4 design with equal-weight 1/N sizing at top 20. Each position targets 5 pct of current portfolio equity. Top-N expansion from 10 to 20 and switch from fixed-dollar to percent-of-equity sizing are mechanically coupled and treated as a single improvement. Stop-loss / take-profit inherited from improved 4.,2022-08-31,TER,Information Technology,0.6173405076319519,90948.31234042179,-0.05,0.0,-0.05
improved_8_equal_weight_top20,Improved 8: improved 4 design with equal-weight 1/N sizing at top 20. Each position targets 5 pct of current portfolio equity. Top-N expansion from 10 to 20 and switch from fixed-dollar to percent-of-equity sizing are mechanically coupled and treated as a single improvement. Stop-loss / take-profit inherited from improved 4.,2022-08-31,JBHT,Industrials,0.5981818278312527,90948.31234042179,-0.05,0.0,-0.05
improved_8_equal_weight_top20,Improved 8: improved 4 design with equal-weight 1/N sizing at top 20. Each position targets 5 pct of current portfolio equity. Top-N expansion from 10 to 20 and switch from fixed-dollar to percent-of-equity sizing are mechanically coupled and treated as a single improvement. Stop-loss / take-profit inherited from improved 4.,2022-08-31,AMAT,Information Technology,0.5851079554076062,90948.31234042179,-0.05,0.0,-0.05
improved_8_equal_weight_top20,Improved 8: improved 4 design with equal-weight 1/N sizing at top 20. Each position targets 5 pct of current portfolio equity. Top-N expansion from 10 to 20 and switch from fixed-dollar to percent-of-equity sizing are mechanically coupled and treated as a single improvement. Stop-loss / take-profit inherited from improved 4.,2022-09-30,COR,Health Care,1.6417314063687578,87258.22611575863,0.1537389007117238,0.0,0.1537389007117238
improved_8_equal_weight_top20,Improved 8: improved 4 design with equal-weight 1/N sizing at top 20. Each position targets 5 pct of current portfolio equity. Top-N expansion from 10 to 20 and switch from fixed-dollar to percent-of-equity sizing are mechanically coupled and treated as a single improvement. Stop-loss / take-profit inherited from improved 4.,2022-09-30,CL,Consumer Staples,1.6240977098761677,87258.22611575863,0.0494708245841619,0.0,0.0494708245841619
improved_8_equal_weight_top20,Improved 8: improved 4 design with equal-weight 1/N sizing at top 20. Each position targets 5 pct of current portfolio equity. Top-N expansion from 10 to 20 and switch from fixed-dollar to percent-of-equity sizing are mechanically coupled and treated as a single improvement. Stop-loss / take-profit inherited from improved 4.,2022-09-30,MTD,Health Care,1.3886526833850799,87258.22611575863,0.1494347920907242,0.0,0.1494347920907242
improved_8_equal_weight_top20,Improved 8: improved 4 design with equal-weight 1/N sizing at top 20. Each position targets 5 pct of current portfolio equity. Top-N expansion from 10 to 20 and switch from fixed-dollar to percent-of-equity sizing are mechanically coupled and treated as a single improvement. Stop-loss / take-profit inherited from improved 4.,2022-09-30,KMB,Consumer Staples,1.2700484884683167,87258.22611575863,0.1014159292031455,0.0,0.1014159292031455
improved_8_equal_weight_top20,Improved 8: improved 4 design with equal-weight 1/N sizing at top 20. Each position targets 5 pct of current portfolio equity. Top-N expansion from 10 to 20 and switch from fixed-dollar to percent-of-equity sizing are mechanically coupled and treated as a single improvement. Stop-loss / take-profit inherited from improved 4.,2022-09-30,IT,Information Technology,1.2275076308621113,87258.22611575863,0.0798283261802574,0.0,0.0798283261802574
improved_8_equal_weight_top20,Improved 8: improved 4 design with equal-weight 1/N sizing at top 20. Each position targets 5 pct of current portfolio equity. Top-N expansion from 10 to 20 and switch from fixed-dollar to percent-of-equity sizing are mechanically coupled and treated as a single improvement. Stop-loss / take-profit inherited from improved 4.,2022-09-30,STX,Information Technology,1.1793298071981002,87258.22611575863,-0.05,0.0,-0.05
improved_8_equal_weight_top20,Improved 8: improved 4 design with equal-weight 1/N sizing at top 20. Each position targets 5 pct of current portfolio equity. Top-N expansion from 10 to 20 and switch from fixed-dollar to percent-of-equity sizing are mechanically coupled and treated as a single improvement. Stop-loss / take-profit inherited from improved 4.,2022-09-30,AAPL,Information Technology,0.935035648215425,87258.22611575863,0.1094710947110324,0.0,0.1094710947110324
improved_8_equal_weight_top20,Improved 8: improved 4 design with equal-weight 1/N sizing at top 20. Each position targets 5 pct of current portfolio equity. Top-N expansion from 10 to 20 and switch from fixed-dollar to percent-of-equity sizing are mechanically coupled and treated as a single improvement. Stop-loss / take-profit inherited from improved 4.,2022-09-30,EQT,Energy,0.9137116981879172,87258.22611575863,-0.05,0.0,-0.05
improved_8_equal_weight_top20,Improved 8: improved 4 design with equal-weight 1/N sizing at top 20. Each position targets 5 pct of current portfolio equity. Top-N expansion from 10 to 20 and switch from fixed-dollar to percent-of-equity sizing are mechanically coupled and treated as a single improvement. Stop-loss / take-profit inherited from improved 4.,2022-09-30,LMT,Industrials,0.8306153046006008,87258.22611575863,0.2487299225122032,0.0,0.2487299225122032
improved_8_equal_weight_top20,Improved 8: improved 4 design with equal-weight 1/N sizing at top 20. Each position targets 5 pct of current portfolio equity. Top-N expansion from 10 to 20 and switch from fixed-dollar to percent-of-equity sizing are mechanically coupled and treated as a single improvement. Stop-loss / take-profit inherited from improved 4.,2022-09-30,GWW,Industrials,0.8012705594888001,87258.22611575863,0.1775552152184836,0.0,0.1775552152184836
improved_8_equal_weight_top20,Improved 8: improved 4 design with equal-weight 1/N sizing at top 20. Each position targets 5 pct of current portfolio equity. Top-N expansion from 10 to 20 and switch from fixed-dollar to percent-of-equity sizing are mechanically coupled and treated as a single improvement. Stop-loss / take-profit inherited from improved 4.,2022-09-30,QCOM,Information Technology,0.7952825316764615,87258.22611575863,-0.05,0.0,-0.05
improved_8_equal_weight_top20,Improved 8: improved 4 design with equal-weight 1/N sizing at top 20. Each position targets 5 pct of current portfolio equity. Top-N expansion from 10 to 20 and switch from fixed-dollar to percent-of-equity sizing are mechanically coupled and treated as a single improvement. Stop-loss / take-profit inherited from improved 4.,2022-09-30,DLTR,Consumer Staples,0.7803403535930176,87258.22611575863,0.152601534378068,0.0,0.152601534378068
improved_8_equal_weight_top20,Improved 8: improved 4 design with equal-weight 1/N sizing at top 20. Each position targets 5 pct of current portfolio equity. Top-N expansion from 10 to 20 and switch from fixed-dollar to percent-of-equity sizing are mechanically coupled and treated as a single improvement. Stop-loss / take-profit inherited from improved 4.,2022-09-30,ED,Utilities,0.7784705195960167,87258.22611575863,-0.05,0.0,-0.05
improved_8_equal_weight_top20,Improved 8: improved 4 design with equal-weight 1/N sizing at top 20. Each position targets 5 pct of current portfolio equity. Top-N expansion from 10 to 20 and switch from fixed-dollar to percent-of-equity sizing are mechanically coupled and treated as a single improvement. Stop-loss / take-profit inherited from improved 4.,2022-09-30,EXC,Utilities,0.7316728251603782,87258.22611575863,-0.05,0.0,-0.05
improved_8_equal_weight_top20,Improved 8: improved 4 design with equal-weight 1/N sizing at top 20. Each position targets 5 pct of current portfolio equity. Top-N expansion from 10 to 20 and switch from fixed-dollar to percent-of-equity sizing are mechanically coupled and treated as a single improvement. Stop-loss / take-profit inherited from improved 4.,2022-09-30,NOC,Industrials,0.7269347115091895,87258.22611575863,0.1523171857945642,0.0,0.1523171857945642
improved_8_equal_weight_top20,Improved 8: improved 4 design with equal-weight 1/N sizing at top 20. Each position targets 5 pct of current portfolio equity. Top-N expansion from 10 to 20 and switch from fixed-dollar to percent-of-equity sizing are mechanically coupled and treated as a single improvement. Stop-loss / take-profit inherited from improved 4.,2022-09-30,PCG,Utilities,0.7250772211708902,87258.22611575863,0.1835116924293987,0.0,0.1835116924293987
improved_8_equal_weight_top20,Improved 8: improved 4 design with equal-weight 1/N sizing at top 20. Each position targets 5 pct of current portfolio equity. Top-N expansion from 10 to 20 and switch from fixed-dollar to percent-of-equity sizing are mechanically coupled and treated as a single improvement. Stop-loss / take-profit inherited from improved 4.,2022-09-30,GIS,Consumer Staples,0.6942828301967962,87258.22611575863,0.06628096346284,0.0,0.06628096346284
improved_8_equal_weight_top20,Improved 8: improved 4 design with equal-weight 1/N sizing at top 20. Each position targets 5 pct of current portfolio equity. Top-N expansion from 10 to 20 and switch from fixed-dollar to percent-of-equity sizing are mechanically coupled and treated as a single improvement. Stop-loss / take-profit inherited from improved 4.,2022-09-30,CNP,Utilities,0.6741645215622888,87258.22611575863,-0.05,0.0,-0.05
improved_8_equal_weight_top20,Improved 8: improved 4 design with equal-weight 1/N sizing at top 20. Each position targets 5 pct of current portfolio equity. Top-N expansion from 10 to 20 and switch from fixed-dollar to percent-of-equity sizing are mechanically coupled and treated as a single improvement. Stop-loss / take-profit inherited from improved 4.,2022-09-30,AMGN,Health Care,0.6612339051115232,87258.22611575863,0.1843431024662281,0.0,0.1843431024662281
improved_8_equal_weight_top20,Improved 8: improved 4 design with equal-weight 1/N sizing at top 20. Each position targets 5 pct of current portfolio equity. Top-N expansion from 10 to 20 and switch from fixed-dollar to percent-of-equity sizing are mechanically coupled and treated as a single improvement. Stop-loss / take-profit inherited from improved 4.,2022-09-30,ADM,Consumer Staples,0.6608532346646512,87258.22611575863,0.1919862340219238,0.0,0.1919862340219238
improved_8_equal_weight_top20,Improved 8: improved 4 design with equal-weight 1/N sizing at top 20. Each position targets 5 pct of current portfolio equity. Top-N expansion from 10 to 20 and switch from fixed-dollar to percent-of-equity sizing are mechanically coupled and treated as a single improvement. Stop-loss / take-profit inherited from improved 4.,2022-10-31,STX,Information Technology,1.8915969171224645,94678.16706138654,-0.05,0.0,-0.05
improved_8_equal_weight_top20,Improved 8: improved 4 design with equal-weight 1/N sizing at top 20. Each position targets 5 pct of current portfolio equity. Top-N expansion from 10 to 20 and switch from fixed-dollar to percent-of-equity sizing are mechanically coupled and treated as a single improvement. Stop-loss / take-profit inherited from improved 4.,2022-10-31,COR,Health Care,1.5542030836856664,94678.16706138654,-0.05,0.0,-0.05
improved_8_equal_weight_top20,Improved 8: improved 4 design with equal-weight 1/N sizing at top 20. Each position targets 5 pct of current portfolio equity. Top-N expansion from 10 to 20 and switch from fixed-dollar to percent-of-equity sizing are mechanically coupled and treated as a single improvement. Stop-loss / take-profit inherited from improved 4.,2022-10-31,EQT,Energy,1.3733781958653517,94678.16706138654,-0.05,0.0,-0.05
improved_8_equal_weight_top20,Improved 8: improved 4 design with equal-weight 1/N sizing at top 20. Each position targets 5 pct of current portfolio equity. Top-N expansion from 10 to 20 and switch from fixed-dollar to percent-of-equity sizing are mechanically coupled and treated as a single improvement. Stop-loss / take-profit inherited from improved 4.,2022-10-31,IT,Information Technology,1.3414983893573855,94678.16706138654,0.1142666327439256,0.0,0.1142666327439256
improved_8_equal_weight_top20,Improved 8: improved 4 design with equal-weight 1/N sizing at top 20. Each position targets 5 pct of current portfolio equity. Top-N expansion from 10 to 20 and switch from fixed-dollar to percent-of-equity sizing are mechanically coupled and treated as a single improvement. Stop-loss / take-profit inherited from improved 4.,2022-10-31,CL,Consumer Staples,1.3224864358337587,94678.16706138654,0.0505762711872659,0.0,0.0505762711872659
improved_8_equal_weight_top20,Improved 8: improved 4 design with equal-weight 1/N sizing at top 20. Each position targets 5 pct of current portfolio equity. Top-N expansion from 10 to 20 and switch from fixed-dollar to percent-of-equity sizing are mechanically coupled and treated as a single improvement. Stop-loss / take-profit inherited from improved 4.,2022-10-31,MTD,Health Care,1.2633624174979108,94678.16706138654,-0.05,0.0,-0.05
improved_8_equal_weight_top20,Improved 8: improved 4 design with equal-weight 1/N sizing at top 20. Each position targets 5 pct of current portfolio equity. Top-N expansion from 10 to 20 and switch from fixed-dollar to percent-of-equity sizing are mechanically coupled and treated as a single improvement. Stop-loss / take-profit inherited from improved 4.,2022-10-31,VRTX,Health Care,1.232913235410912,94678.16706138654,-0.05,0.0,-0.05
improved_8_equal_weight_top20,Improved 8: improved 4 design with equal-weight 1/N sizing at top 20. Each position targets 5 pct of current portfolio equity. Top-N expansion from 10 to 20 and switch from fixed-dollar to percent-of-equity sizing are mechanically coupled and treated as a single improvement. Stop-loss / take-profit inherited from improved 4.,2022-10-31,CF,Materials,1.211550511050678,94678.16706138654,-0.05,0.0,-0.05
improved_8_equal_weight_top20,Improved 8: improved 4 design with equal-weight 1/N sizing at top 20. Each position targets 5 pct of current portfolio equity. Top-N expansion from 10 to 20 and switch from fixed-dollar to percent-of-equity sizing are mechanically coupled and treated as a single improvement. Stop-loss / take-profit inherited from improved 4.,2022-10-31,DVN,Energy,1.1840875380394544,94678.16706138654,-0.05,0.0,-0.05
improved_8_equal_weight_top20,Improved 8: improved 4 design with equal-weight 1/N sizing at top 20. Each position targets 5 pct of current portfolio equity. Top-N expansion from 10 to 20 and switch from fixed-dollar to percent-of-equity sizing are mechanically coupled and treated as a single improvement. Stop-loss / take-profit inherited from improved 4.,2022-10-31,DVA,Health Care,1.1614494231396972,94678.16706138654,-0.05,0.0,-0.05
improved_8_equal_weight_top20,Improved 8: improved 4 design with equal-weight 1/N sizing at top 20. Each position targets 5 pct of current portfolio equity. Top-N expansion from 10 to 20 and switch from fixed-dollar to percent-of-equity sizing are mechanically coupled and treated as a single improvement. Stop-loss / take-profit inherited from improved 4.,2022-10-31,OXY,Energy,1.1513995354072482,94678.16706138654,-0.05,0.0,-0.05
improved_8_equal_weight_top20,Improved 8: improved 4 design with equal-weight 1/N sizing at top 20. Each position targets 5 pct of current portfolio equity. Top-N expansion from 10 to 20 and switch from fixed-dollar to percent-of-equity sizing are mechanically coupled and treated as a single improvement. Stop-loss / take-profit inherited from improved 4.,2022-10-31,AON,Financials,1.1316852488365592,94678.16706138654,0.0882134914748968,0.0,0.0882134914748968
improved_8_equal_weight_top20,Improved 8: improved 4 design with equal-weight 1/N sizing at top 20. Each position targets 5 pct of current portfolio equity. Top-N expansion from 10 to 20 and switch from fixed-dollar to percent-of-equity sizing are mechanically coupled and treated as a single improvement. Stop-loss / take-profit inherited from improved 4.,2022-10-31,SLB,Energy,1.048315618300531,94678.16706138654,-0.05,0.0,-0.05
improved_8_equal_weight_top20,Improved 8: improved 4 design with equal-weight 1/N sizing at top 20. Each position targets 5 pct of current portfolio equity. Top-N expansion from 10 to 20 and switch from fixed-dollar to percent-of-equity sizing are mechanically coupled and treated as a single improvement. Stop-loss / take-profit inherited from improved 4.,2022-10-31,AIZ,Financials,0.9966845343992569,94678.16706138654,-0.05,0.0,-0.05
improved_8_equal_weight_top20,Improved 8: improved 4 design with equal-weight 1/N sizing at top 20. Each position targets 5 pct of current portfolio equity. Top-N expansion from 10 to 20 and switch from fixed-dollar to percent-of-equity sizing are mechanically coupled and treated as a single improvement. Stop-loss / take-profit inherited from improved 4.,2022-10-31,STLD,Materials,0.9427243422816434,94678.16706138654,-0.05,0.0,-0.05
improved_8_equal_weight_top20,Improved 8: improved 4 design with equal-weight 1/N sizing at top 20. Each position targets 5 pct of current portfolio equity. Top-N expansion from 10 to 20 and switch from fixed-dollar to percent-of-equity sizing are mechanically coupled and treated as a single improvement. Stop-loss / take-profit inherited from improved 4.,2022-10-31,SMCI,Information Technology,0.9297756253295659,94678.16706138654,0.3,0.0,0.3
improved_8_equal_weight_top20,Improved 8: improved 4 design with equal-weight 1/N sizing at top 20. Each position targets 5 pct of current portfolio equity. Top-N expansion from 10 to 20 and switch from fixed-dollar to percent-of-equity sizing are mechanically coupled and treated as a single improvement. Stop-loss / take-profit inherited from improved 4.,2022-10-31,FANG,Energy,0.9200588968787353,94678.16706138654,-0.05,0.0,-0.05
improved_8_equal_weight_top20,Improved 8: improved 4 design with equal-weight 1/N sizing at top 20. Each position targets 5 pct of current portfolio equity. Top-N expansion from 10 to 20 and switch from fixed-dollar to percent-of-equity sizing are mechanically coupled and treated as a single improvement. Stop-loss / take-profit inherited from improved 4.,2022-10-31,KMB,Consumer Staples,0.9018608502274462,94678.16706138654,0.0897477101081087,0.0,0.0897477101081087
improved_8_equal_weight_top20,Improved 8: improved 4 design with equal-weight 1/N sizing at top 20. Each position targets 5 pct of current portfolio equity. Top-N expansion from 10 to 20 and switch from fixed-dollar to percent-of-equity sizing are mechanically coupled and treated as a single improvement. Stop-loss / take-profit inherited from improved 4.,2022-10-31,VLO,Energy,0.8980395898061064,94678.16706138654,0.0597337719338011,0.0,0.0597337719338011
improved_8_equal_weight_top20,Improved 8: improved 4 design with equal-weight 1/N sizing at top 20. Each position targets 5 pct of current portfolio equity. Top-N expansion from 10 to 20 and switch from fixed-dollar to percent-of-equity sizing are mechanically coupled and treated as a single improvement. Stop-loss / take-profit inherited from improved 4.,2022-10-31,MPC,Energy,0.8749705156752807,94678.16706138654,0.0766981069922607,0.0,0.0766981069922607
improved_8_equal_weight_top20,Improved 8: improved 4 design with equal-weight 1/N sizing at top 20. Each position targets 5 pct of current portfolio equity. Top-N expansion from 10 to 20 and switch from fixed-dollar to percent-of-equity sizing are mechanically coupled and treated as a single improvement. Stop-loss / take-profit inherited from improved 4.,2022-11-30,STX,Information Technology,1.8879456840612634,95289.95836764542,-0.05,0.0,-0.05
improved_8_equal_weight_top20,Improved 8: improved 4 design with equal-weight 1/N sizing at top 20. Each position targets 5 pct of current portfolio equity. Top-N expansion from 10 to 20 and switch from fixed-dollar to percent-of-equity sizing are mechanically coupled and treated as a single improvement. Stop-loss / take-profit inherited from improved 4.,2022-11-30,COR,Health Care,1.6386261592322455,95289.95836764542,-0.0308789987716938,0.0,-0.0308789987716938
improved_8_equal_weight_top20,Improved 8: improved 4 design with equal-weight 1/N sizing at top 20. Each position targets 5 pct of current portfolio equity. Top-N expansion from 10 to 20 and switch from fixed-dollar to percent-of-equity sizing are mechanically coupled and treated as a single improvement. Stop-loss / take-profit inherited from improved 4.,2022-11-30,MTD,Health Care,1.4805997563330984,95289.95836764542,-0.05,0.0,-0.05
improved_8_equal_weight_top20,Improved 8: improved 4 design with equal-weight 1/N sizing at top 20. Each position targets 5 pct of current portfolio equity. Top-N expansion from 10 to 20 and switch from fixed-dollar to percent-of-equity sizing are mechanically coupled and treated as a single improvement. Stop-loss / take-profit inherited from improved 4.,2022-11-30,IT,Information Technology,1.3788051711077665,95289.95836764542,-0.05,0.0,-0.05
improved_8_equal_weight_top20,Improved 8: improved 4 design with equal-weight 1/N sizing at top 20. Each position targets 5 pct of current portfolio equity. Top-N expansion from 10 to 20 and switch from fixed-dollar to percent-of-equity sizing are mechanically coupled and treated as a single improvement. Stop-loss / take-profit inherited from improved 4.,2022-11-30,AON,Financials,1.3616756629792388,95289.95836764542,-0.0318064516127146,0.0,-0.0318064516127146
improved_8_equal_weight_top20,Improved 8: improved 4 design with equal-weight 1/N sizing at top 20. Each position targets 5 pct of current portfolio equity. Top-N expansion from 10 to 20 and switch from fixed-dollar to percent-of-equity sizing are mechanically coupled and treated as a single improvement. Stop-loss / take-profit inherited from improved 4.,2022-11-30,TPL,Energy,1.22408217172624,95289.95836764542,-0.05,0.0,-0.05
improved_8_equal_weight_top20,Improved 8: improved 4 design with equal-weight 1/N sizing at top 20. Each position targets 5 pct of current portfolio equity. Top-N expansion from 10 to 20 and switch from fixed-dollar to percent-of-equity sizing are mechanically coupled and treated as a single improvement. Stop-loss / take-profit inherited from improved 4.,2022-11-30,OXY,Energy,1.2063126021725414,95289.95836764542,-0.05,0.0,-0.05
improved_8_equal_weight_top20,Improved 8: improved 4 design with equal-weight 1/N sizing at top 20. Each position targets 5 pct of current portfolio equity. Top-N expansion from 10 to 20 and switch from fixed-dollar to percent-of-equity sizing are mechanically coupled and treated as a single improvement. Stop-loss / take-profit inherited from improved 4.,2022-11-30,CL,Consumer Staples,1.1666549717101036,95289.95836764542,0.013115597274063,0.0,0.013115597274063
improved_8_equal_weight_top20,Improved 8: improved 4 design with equal-weight 1/N sizing at top 20. Each position targets 5 pct of current portfolio equity. Top-N expansion from 10 to 20 and switch from fixed-dollar to percent-of-equity sizing are mechanically coupled and treated as a single improvement. Stop-loss / take-profit inherited from improved 4.,2022-11-30,EQT,Energy,1.0726931804423412,95289.95836764542,-0.05,0.0,-0.05
improved_8_equal_weight_top20,Improved 8: improved 4 design with equal-weight 1/N sizing at top 20. Each position targets 5 pct of current portfolio equity. Top-N expansion from 10 to 20 and switch from fixed-dollar to percent-of-equity sizing are mechanically coupled and treated as a single improvement. Stop-loss / take-profit inherited from improved 4.,2022-11-30,VLO,Energy,1.0628077724146419,95289.95836764542,-0.05,0.0,-0.05
improved_8_equal_weight_top20,Improved 8: improved 4 design with equal-weight 1/N sizing at top 20. Each position targets 5 pct of current portfolio equity. Top-N expansion from 10 to 20 and switch from fixed-dollar to percent-of-equity sizing are mechanically coupled and treated as a single improvement. Stop-loss / take-profit inherited from improved 4.,2022-11-30,XOM,Energy,1.028801481921304,95289.95836764542,-0.05,0.0,-0.05
improved_8_equal_weight_top20,Improved 8: improved 4 design with equal-weight 1/N sizing at top 20. Each position targets 5 pct of current portfolio equity. Top-N expansion from 10 to 20 and switch from fixed-dollar to percent-of-equity sizing are mechanically coupled and treated as a single improvement. Stop-loss / take-profit inherited from improved 4.,2022-11-30,CF,Materials,1.016672092998623,95289.95836764542,-0.05,0.0,-0.05
improved_8_equal_weight_top20,Improved 8: improved 4 design with equal-weight 1/N sizing at top 20. Each position targets 5 pct of current portfolio equity. Top-N expansion from 10 to 20 and switch from fixed-dollar to percent-of-equity sizing are mechanically coupled and treated as a single improvement. Stop-loss / take-profit inherited from improved 4.,2022-11-30,ON,Information Technology,0.985665853748763,95289.95836764542,-0.05,0.0,-0.05
improved_8_equal_weight_top20,Improved 8: improved 4 design with equal-weight 1/N sizing at top 20. Each position targets 5 pct of current portfolio equity. Top-N expansion from 10 to 20 and switch from fixed-dollar to percent-of-equity sizing are mechanically coupled and treated as a single improvement. Stop-loss / take-profit inherited from improved 4.,2022-11-30,MPC,Energy,0.9829073351349544,95289.95836764542,-0.05,0.0,-0.05
improved_8_equal_weight_top20,Improved 8: improved 4 design with equal-weight 1/N sizing at top 20. Each position targets 5 pct of current portfolio equity. Top-N expansion from 10 to 20 and switch from fixed-dollar to percent-of-equity sizing are mechanically coupled and treated as a single improvement. Stop-loss / take-profit inherited from improved 4.,2022-11-30,AAPL,Information Technology,0.9513709438358112,95289.95836764542,-0.05,0.0,-0.05
improved_8_equal_weight_top20,Improved 8: improved 4 design with equal-weight 1/N sizing at top 20. Each position targets 5 pct of current portfolio equity. Top-N expansion from 10 to 20 and switch from fixed-dollar to percent-of-equity sizing are mechanically coupled and treated as a single improvement. Stop-loss / take-profit inherited from improved 4.,2022-11-30,EOG,Energy,0.9111821302569745,95289.95836764542,-0.05,0.0,-0.05
improved_8_equal_weight_top20,Improved 8: improved 4 design with equal-weight 1/N sizing at top 20. Each position targets 5 pct of current portfolio equity. Top-N expansion from 10 to 20 and switch from fixed-dollar to percent-of-equity sizing are mechanically coupled and treated as a single improvement. Stop-loss / take-profit inherited from improved 4.,2022-11-30,BIIB,Health Care,0.8642544898564374,95289.95836764542,-0.05,0.0,-0.05
improved_8_equal_weight_top20,Improved 8: improved 4 design with equal-weight 1/N sizing at top 20. Each position targets 5 pct of current portfolio equity. Top-N expansion from 10 to 20 and switch from fixed-dollar to percent-of-equity sizing are mechanically coupled and treated as a single improvement. Stop-loss / take-profit inherited from improved 4.,2022-11-30,KMB,Consumer Staples,0.8482731074483366,95289.95836764542,0.0066281850557032,0.0,0.0066281850557032
improved_8_equal_weight_top20,Improved 8: improved 4 design with equal-weight 1/N sizing at top 20. Each position targets 5 pct of current portfolio equity. Top-N expansion from 10 to 20 and switch from fixed-dollar to percent-of-equity sizing are mechanically coupled and treated as a single improvement. Stop-loss / take-profit inherited from improved 4.,2022-11-30,DVN,Energy,0.8472975751237903,95289.95836764542,-0.05,0.0,-0.05
improved_8_equal_weight_top20,Improved 8: improved 4 design with equal-weight 1/N sizing at top 20. Each position targets 5 pct of current portfolio equity. Top-N expansion from 10 to 20 and switch from fixed-dollar to percent-of-equity sizing are mechanically coupled and treated as a single improvement. Stop-loss / take-profit inherited from improved 4.,2022-11-30,COP,Energy,0.7836131964007034,95289.95836764542,-0.05,0.0,-0.05
improved_8_equal_weight_top20,Improved 8: improved 4 design with equal-weight 1/N sizing at top 20. Each position targets 5 pct of current portfolio equity. Top-N expansion from 10 to 20 and switch from fixed-dollar to percent-of-equity sizing are mechanically coupled and treated as a single improvement. Stop-loss / take-profit inherited from improved 4.,2022-12-31,COR,Health Care,2.205804506547213,91273.7645448814,0.0256161223744846,0.0,0.0256161223744846
improved_8_equal_weight_top20,Improved 8: improved 4 design with equal-weight 1/N sizing at top 20. Each position targets 5 pct of current portfolio equity. Top-N expansion from 10 to 20 and switch from fixed-dollar to percent-of-equity sizing are mechanically coupled and treated as a single improvement. Stop-loss / take-profit inherited from improved 4.,2022-12-31,AON,Financials,1.70662291705203,91273.7645448814,0.0604218568343601,0.0,0.0604218568343601
improved_8_equal_weight_top20,Improved 8: improved 4 design with equal-weight 1/N sizing at top 20. Each position targets 5 pct of current portfolio equity. Top-N expansion from 10 to 20 and switch from fixed-dollar to percent-of-equity sizing are mechanically coupled and treated as a single improvement. Stop-loss / take-profit inherited from improved 4.,2022-12-31,CL,Consumer Staples,1.6451117636001802,91273.7645448814,-0.05,0.0,-0.05
improved_8_equal_weight_top20,Improved 8: improved 4 design with equal-weight 1/N sizing at top 20. Each position targets 5 pct of current portfolio equity. Top-N expansion from 10 to 20 and switch from fixed-dollar to percent-of-equity sizing are mechanically coupled and treated as a single improvement. Stop-loss / take-profit inherited from improved 4.,2022-12-31,IT,Information Technology,1.5876572309772845,91273.7645448814,-0.05,0.0,-0.05
improved_8_equal_weight_top20,Improved 8: improved 4 design with equal-weight 1/N sizing at top 20. Each position targets 5 pct of current portfolio equity. Top-N expansion from 10 to 20 and switch from fixed-dollar to percent-of-equity sizing are mechanically coupled and treated as a single improvement. Stop-loss / take-profit inherited from improved 4.,2022-12-31,STLD,Materials,1.5408405691740874,91273.7645448814,0.2335378323097383,0.0,0.2335378323097383
improved_8_equal_weight_top20,Improved 8: improved 4 design with equal-weight 1/N sizing at top 20. Each position targets 5 pct of current portfolio equity. Top-N expansion from 10 to 20 and switch from fixed-dollar to percent-of-equity sizing are mechanically coupled and treated as a single improvement. Stop-loss / take-profit inherited from improved 4.,2022-12-31,TPL,Energy,1.5267506139539897,91273.7645448814,-0.05,0.0,-0.05
improved_8_equal_weight_top20,Improved 8: improved 4 design with equal-weight 1/N sizing at top 20. Each position targets 5 pct of current portfolio equity. Top-N expansion from 10 to 20 and switch from fixed-dollar to percent-of-equity sizing are mechanically coupled and treated as a single improvement. Stop-loss / take-profit inherited from improved 4.,2022-12-31,MTD,Health Care,1.428587439826748,91273.7645448814,0.0534157051656485,0.0,0.0534157051656485
improved_8_equal_weight_top20,Improved 8: improved 4 design with equal-weight 1/N sizing at top 20. Each position targets 5 pct of current portfolio equity. Top-N expansion from 10 to 20 and switch from fixed-dollar to percent-of-equity sizing are mechanically coupled and treated as a single improvement. Stop-loss / take-profit inherited from improved 4.,2022-12-31,KMB,Consumer Staples,1.4031847980231786,91273.7645448814,-0.05,0.0,-0.05
improved_8_equal_weight_top20,Improved 8: improved 4 design with equal-weight 1/N sizing at top 20. Each position targets 5 pct of current portfolio equity. Top-N expansion from 10 to 20 and switch from fixed-dollar to percent-of-equity sizing are mechanically coupled and treated as a single improvement. Stop-loss / take-profit inherited from improved 4.,2022-12-31,EQT,Energy,1.3702022822506703,91273.7645448814,0.0,0.0,0.0
improved_8_equal_weight_top20,Improved 8: improved 4 design with equal-weight 1/N sizing at top 20. Each position targets 5 pct of current portfolio equity. Top-N expansion from 10 to 20 and switch from fixed-dollar to percent-of-equity sizing are mechanically coupled and treated as a single improvement. Stop-loss / take-profit inherited from improved 4.,2022-12-31,CF,Materials,1.2618342388904857,91273.7645448814,-0.05,0.0,-0.05
improved_8_equal_weight_top20,Improved 8: improved 4 design with equal-weight 1/N sizing at top 20. Each position targets 5 pct of current portfolio equity. Top-N expansion from 10 to 20 and switch from fixed-dollar to percent-of-equity sizing are mechanically coupled and treated as a single improvement. Stop-loss / take-profit inherited from improved 4.,2022-12-31,OXY,Energy,1.165026185287929,91273.7645448814,0.0399678972715928,0.0,0.0399678972715928
improved_8_equal_weight_top20,Improved 8: improved 4 design with equal-weight 1/N sizing at top 20. Each position targets 5 pct of current portfolio equity. Top-N expansion from 10 to 20 and switch from fixed-dollar to percent-of-equity sizing are mechanically coupled and treated as a single improvement. Stop-loss / take-profit inherited from improved 4.,2022-12-31,NUE,Materials,1.0296654744998244,91273.7645448814,0.3,0.0,0.3
improved_8_equal_weight_top20,Improved 8: improved 4 design with equal-weight 1/N sizing at top 20. Each position targets 5 pct of current portfolio equity. Top-N expansion from 10 to 20 and switch from fixed-dollar to percent-of-equity sizing are mechanically coupled and treated as a single improvement. Stop-loss / take-profit inherited from improved 4.,2022-12-31,DVN,Energy,1.019902452710228,91273.7645448814,-0.05,0.0,-0.05
improved_8_equal_weight_top20,Improved 8: improved 4 design with equal-weight 1/N sizing at top 20. Each position targets 5 pct of current portfolio equity. Top-N expansion from 10 to 20 and switch from fixed-dollar to percent-of-equity sizing are mechanically coupled and treated as a single improvement. Stop-loss / take-profit inherited from improved 4.,2022-12-31,AMGN,Health Care,0.9961676360138371,91273.7645448814,-0.0324682792195406,0.0,-0.0324682792195406
improved_8_equal_weight_top20,Improved 8: improved 4 design with equal-weight 1/N sizing at top 20. Each position targets 5 pct of current portfolio equity. Top-N expansion from 10 to 20 and switch from fixed-dollar to percent-of-equity sizing are mechanically coupled and treated as a single improvement. Stop-loss / take-profit inherited from improved 4.,2022-12-31,SMCI,Information Technology,0.9854433531994069,91273.7645448814,-0.05,0.0,-0.05
improved_8_equal_weight_top20,Improved 8: improved 4 design with equal-weight 1/N sizing at top 20. Each position targets 5 pct of current portfolio equity. Top-N expansion from 10 to 20 and switch from fixed-dollar to percent-of-equity sizing are mechanically coupled and treated as a single improvement. Stop-loss / take-profit inherited from improved 4.,2022-12-31,MPC,Energy,0.9709979171985084,91273.7645448814,-0.05,0.0,-0.05
improved_8_equal_weight_top20,Improved 8: improved 4 design with equal-weight 1/N sizing at top 20. Each position targets 5 pct of current portfolio equity. Top-N expansion from 10 to 20 and switch from fixed-dollar to percent-of-equity sizing are mechanically coupled and treated as a single improvement. Stop-loss / take-profit inherited from improved 4.,2022-12-31,ERIE,Financials,0.9591679391207821,91273.7645448814,-0.0119888347687097,0.0,-0.0119888347687097
improved_8_equal_weight_top20,Improved 8: improved 4 design with equal-weight 1/N sizing at top 20. Each position targets 5 pct of current portfolio equity. Top-N expansion from 10 to 20 and switch from fixed-dollar to percent-of-equity sizing are mechanically coupled and treated as a single improvement. Stop-loss / take-profit inherited from improved 4.,2022-12-31,ADM,Consumer Staples,0.9307193296228414,91273.7645448814,-0.05,0.0,-0.05
improved_8_equal_weight_top20,Improved 8: improved 4 design with equal-weight 1/N sizing at top 20. Each position targets 5 pct of current portfolio equity. Top-N expansion from 10 to 20 and switch from fixed-dollar to percent-of-equity sizing are mechanically coupled and treated as a single improvement. Stop-loss / take-profit inherited from improved 4.,2022-12-31,PFG,Financials,0.8581879840550919,91273.7645448814,0.0985163204746912,0.0,0.0985163204746912
improved_8_equal_weight_top20,Improved 8: improved 4 design with equal-weight 1/N sizing at top 20. Each position targets 5 pct of current portfolio equity. Top-N expansion from 10 to 20 and switch from fixed-dollar to percent-of-equity sizing are mechanically coupled and treated as a single improvement. Stop-loss / take-profit inherited from improved 4.,2022-12-31,CASY,Consumer Staples,0.8532702294894752,91273.7645448814,0.0443756906079146,0.0,0.0443756906079146
improved_8_equal_weight_top20,Improved 8: improved 4 design with equal-weight 1/N sizing at top 20. Each position targets 5 pct of current portfolio equity. Top-N expansion from 10 to 20 and switch from fixed-dollar to percent-of-equity sizing are mechanically coupled and treated as a single improvement. Stop-loss / take-profit inherited from improved 4.,2023-01-31,SMCI,Information Technology,1.729056425996181,92923.05550761409,0.3,0.0,0.3
improved_8_equal_weight_top20,Improved 8: improved 4 design with equal-weight 1/N sizing at top 20. Each position targets 5 pct of current portfolio equity. Top-N expansion from 10 to 20 and switch from fixed-dollar to percent-of-equity sizing are mechanically coupled and treated as a single improvement. Stop-loss / take-profit inherited from improved 4.,2023-01-31,VLO,Energy,1.6801740040018625,92923.05550761409,-0.05,0.0,-0.05
improved_8_equal_weight_top20,Improved 8: improved 4 design with equal-weight 1/N sizing at top 20. Each position targets 5 pct of current portfolio equity. Top-N expansion from 10 to 20 and switch from fixed-dollar to percent-of-equity sizing are mechanically coupled and treated as a single improvement. Stop-loss / take-profit inherited from improved 4.,2023-01-31,AON,Financials,1.6248474396169357,92923.05550761409,-0.038880986249336,0.0,-0.038880986249336
improved_8_equal_weight_top20,Improved 8: improved 4 design with equal-weight 1/N sizing at top 20. Each position targets 5 pct of current portfolio equity. Top-N expansion from 10 to 20 and switch from fixed-dollar to percent-of-equity sizing are mechanically coupled and treated as a single improvement. Stop-loss / take-profit inherited from improved 4.,2023-01-31,MPC,Energy,1.6221893290155998,92923.05550761409,-0.05,0.0,-0.05
improved_8_equal_weight_top20,Improved 8: improved 4 design with equal-weight 1/N sizing at top 20. Each position targets 5 pct of current portfolio equity. Top-N expansion from 10 to 20 and switch from fixed-dollar to percent-of-equity sizing are mechanically coupled and treated as a single improvement. Stop-loss / take-profit inherited from improved 4.,2023-01-31,TPL,Energy,1.5883744646162405,92923.05550761409,-0.05,0.0,-0.05
improved_8_equal_weight_top20,Improved 8: improved 4 design with equal-weight 1/N sizing at top 20. Each position targets 5 pct of current portfolio equity. Top-N expansion from 10 to 20 and switch from fixed-dollar to percent-of-equity sizing are mechanically coupled and treated as a single improvement. Stop-loss / take-profit inherited from improved 4.,2023-01-31,OXY,Energy,1.4070724380236868,92923.05550761409,-0.05,0.0,-0.05
improved_8_equal_weight_top20,Improved 8: improved 4 design with equal-weight 1/N sizing at top 20. Each position targets 5 pct of current portfolio equity. Top-N expansion from 10 to 20 and switch from fixed-dollar to percent-of-equity sizing are mechanically coupled and treated as a single improvement. Stop-loss / take-profit inherited from improved 4.,2023-01-31,KMB,Consumer Staples,1.2932266605612373,92923.05550761409,-0.0330188679250244,0.0,-0.0330188679250244
improved_8_equal_weight_top20,Improved 8: improved 4 design with equal-weight 1/N sizing at top 20. Each position targets 5 pct of current portfolio equity. Top-N expansion from 10 to 20 and switch from fixed-dollar to percent-of-equity sizing are mechanically coupled and treated as a single improvement. Stop-loss / take-profit inherited from improved 4.,2023-01-31,KLAC,Information Technology,1.2762678745363871,92923.05550761409,-0.0303746105629909,0.0,-0.0303746105629909
improved_8_equal_weight_top20,Improved 8: improved 4 design with equal-weight 1/N sizing at top 20. Each position targets 5 pct of current portfolio equity. Top-N expansion from 10 to 20 and switch from fixed-dollar to percent-of-equity sizing are mechanically coupled and treated as a single improvement. Stop-loss / take-profit inherited from improved 4.,2023-01-31,COR,Health Care,1.2745213502830746,92923.05550761409,-0.05,0.0,-0.05
improved_8_equal_weight_top20,Improved 8: improved 4 design with equal-weight 1/N sizing at top 20. Each position targets 5 pct of current portfolio equity. Top-N expansion from 10 to 20 and switch from fixed-dollar to percent-of-equity sizing are mechanically coupled and treated as a single improvement. Stop-loss / take-profit inherited from improved 4.,2023-01-31,MTD,Health Care,1.2463042353296827,92923.05550761409,-0.05,0.0,-0.05
improved_8_equal_weight_top20,Improved 8: improved 4 design with equal-weight 1/N sizing at top 20. Each position targets 5 pct of current portfolio equity. Top-N expansion from 10 to 20 and switch from fixed-dollar to percent-of-equity sizing are mechanically coupled and treated as a single improvement. Stop-loss / take-profit inherited from improved 4.,2023-01-31,CVX,Energy,1.2312379913290947,92923.05550761409,-0.05,0.0,-0.05
improved_8_equal_weight_top20,Improved 8: improved 4 design with equal-weight 1/N sizing at top 20. Each position targets 5 pct of current portfolio equity. Top-N expansion from 10 to 20 and switch from fixed-dollar to percent-of-equity sizing are mechanically coupled and treated as a single improvement. Stop-loss / take-profit inherited from improved 4.,2023-01-31,PSX,Energy,1.2184606584724644,92923.05550761409,0.0384955565134923,0.0,0.0384955565134923
improved_8_equal_weight_top20,Improved 8: improved 4 design with equal-weight 1/N sizing at top 20. Each position targets 5 pct of current portfolio equity. Top-N expansion from 10 to 20 and switch from fixed-dollar to percent-of-equity sizing are mechanically coupled and treated as a single improvement. Stop-loss / take-profit inherited from improved 4.,2023-01-31,CAT,Industrials,1.1941559719763881,92923.05550761409,-0.05,0.0,-0.05
improved_8_equal_weight_top20,Improved 8: improved 4 design with equal-weight 1/N sizing at top 20. Each position targets 5 pct of current portfolio equity. Top-N expansion from 10 to 20 and switch from fixed-dollar to percent-of-equity sizing are mechanically coupled and treated as a single improvement. Stop-loss / take-profit inherited from improved 4.,2023-01-31,IT,Information Technology,1.1617601981732408,92923.05550761409,-0.05,0.0,-0.05
improved_8_equal_weight_top20,Improved 8: improved 4 design with equal-weight 1/N sizing at top 20. Each position targets 5 pct of current portfolio equity. Top-N expansion from 10 to 20 and switch from fixed-dollar to percent-of-equity sizing are mechanically coupled and treated as a single improvement. Stop-loss / take-profit inherited from improved 4.,2023-01-31,AMGN,Health Care,1.1589226665110508,92923.05550761409,-0.05,0.0,-0.05
improved_8_equal_weight_top20,Improved 8: improved 4 design with equal-weight 1/N sizing at top 20. Each position targets 5 pct of current portfolio equity. Top-N expansion from 10 to 20 and switch from fixed-dollar to percent-of-equity sizing are mechanically coupled and treated as a single improvement. Stop-loss / take-profit inherited from improved 4.,2023-01-31,DVN,Energy,1.1176804994480214,92923.05550761409,-0.05,0.0,-0.05
improved_8_equal_weight_top20,Improved 8: improved 4 design with equal-weight 1/N sizing at top 20. Each position targets 5 pct of current portfolio equity. Top-N expansion from 10 to 20 and switch from fixed-dollar to percent-of-equity sizing are mechanically coupled and treated as a single improvement. Stop-loss / take-profit inherited from improved 4.,2023-01-31,CL,Consumer Staples,1.116053613274618,92923.05550761409,-0.0151820502486392,0.0,-0.0151820502486392
improved_8_equal_weight_top20,Improved 8: improved 4 design with equal-weight 1/N sizing at top 20. Each position targets 5 pct of current portfolio equity. Top-N expansion from 10 to 20 and switch from fixed-dollar to percent-of-equity sizing are mechanically coupled and treated as a single improvement. Stop-loss / take-profit inherited from improved 4.,2023-01-31,MRNA,Health Care,1.0797242694076656,92923.05550761409,-0.05,0.0,-0.05
improved_8_equal_weight_top20,Improved 8: improved 4 design with equal-weight 1/N sizing at top 20. Each position targets 5 pct of current portfolio equity. Top-N expansion from 10 to 20 and switch from fixed-dollar to percent-of-equity sizing are mechanically coupled and treated as a single improvement. Stop-loss / take-profit inherited from improved 4.,2023-01-31,EQT,Energy,1.0092505224119033,92923.05550761409,-0.05,0.0,-0.05
improved_8_equal_weight_top20,Improved 8: improved 4 design with equal-weight 1/N sizing at top 20. Each position targets 5 pct of current portfolio equity. Top-N expansion from 10 to 20 and switch from fixed-dollar to percent-of-equity sizing are mechanically coupled and treated as a single improvement. Stop-loss / take-profit inherited from improved 4.,2023-01-31,WAT,Health Care,0.9546476848579306,92923.05550761409,-0.05,0.0,-0.05
improved_8_equal_weight_top20,Improved 8: improved 4 design with equal-weight 1/N sizing at top 20. Each position targets 5 pct of current portfolio equity. Top-N expansion from 10 to 20 and switch from fixed-dollar to percent-of-equity sizing are mechanically coupled and treated as a single improvement. Stop-loss / take-profit inherited from improved 4.,2023-02-28,COR,Health Care,2.0373366503455568,90697.72972110809,0.0325014509576015,0.0,0.0325014509576015
improved_8_equal_weight_top20,Improved 8: improved 4 design with equal-weight 1/N sizing at top 20. Each position targets 5 pct of current portfolio equity. Top-N expansion from 10 to 20 and switch from fixed-dollar to percent-of-equity sizing are mechanically coupled and treated as a single improvement. Stop-loss / take-profit inherited from improved 4.,2023-02-28,APA,Energy,1.9789286729239832,90697.72972110809,-0.05,0.0,-0.05
improved_8_equal_weight_top20,Improved 8: improved 4 design with equal-weight 1/N sizing at top 20. Each position targets 5 pct of current portfolio equity. Top-N expansion from 10 to 20 and switch from fixed-dollar to percent-of-equity sizing are mechanically coupled and treated as a single improvement. Stop-loss / take-profit inherited from improved 4.,2023-02-28,IT,Information Technology,1.9463518173142078,90697.72972110809,-0.05,0.0,-0.05
improved_8_equal_weight_top20,Improved 8: improved 4 design with equal-weight 1/N sizing at top 20. Each position targets 5 pct of current portfolio equity. Top-N expansion from 10 to 20 and switch from fixed-dollar to percent-of-equity sizing are mechanically coupled and treated as a single improvement. Stop-loss / take-profit inherited from improved 4.,2023-02-28,MTD,Health Care,1.6576596373601502,90697.72972110809,0.0745856741573034,0.0,0.0745856741573034
improved_8_equal_weight_top20,Improved 8: improved 4 design with equal-weight 1/N sizing at top 20. Each position targets 5 pct of current portfolio equity. Top-N expansion from 10 to 20 and switch from fixed-dollar to percent-of-equity sizing are mechanically coupled and treated as a single improvement. Stop-loss / take-profit inherited from improved 4.,2023-02-28,AON,Financials,1.6101463354788073,90697.72972110809,-0.05,0.0,-0.05
improved_8_equal_weight_top20,Improved 8: improved 4 design with equal-weight 1/N sizing at top 20. Each position targets 5 pct of current portfolio equity. Top-N expansion from 10 to 20 and switch from fixed-dollar to percent-of-equity sizing are mechanically coupled and treated as a single improvement. Stop-loss / take-profit inherited from improved 4.,2023-02-28,CL,Consumer Staples,1.406125487176691,90697.72972110809,0.024539877299945,0.0,0.024539877299945
improved_8_equal_weight_top20,Improved 8: improved 4 design with equal-weight 1/N sizing at top 20. Each position targets 5 pct of current portfolio equity. Top-N expansion from 10 to 20 and switch from fixed-dollar to percent-of-equity sizing are mechanically coupled and treated as a single improvement. Stop-loss / take-profit inherited from improved 4.,2023-02-28,KMB,Consumer Staples,1.239168784035556,90697.72972110809,0.0865277001980802,0.0,0.0865277001980802
improved_8_equal_weight_top20,Improved 8: improved 4 design with equal-weight 1/N sizing at top 20. Each position targets 5 pct of current portfolio equity. Top-N expansion from 10 to 20 and switch from fixed-dollar to percent-of-equity sizing are mechanically coupled and treated as a single improvement. Stop-loss / take-profit inherited from improved 4.,2023-02-28,MPC,Energy,1.0995246561142136,90697.72972110809,0.0902401552510434,0.0,0.0902401552510434
improved_8_equal_weight_top20,Improved 8: improved 4 design with equal-weight 1/N sizing at top 20. Each position targets 5 pct of current portfolio equity. Top-N expansion from 10 to 20 and switch from fixed-dollar to percent-of-equity sizing are mechanically coupled and treated as a single improvement. Stop-loss / take-profit inherited from improved 4.,2023-02-28,MRK,Health Care,1.0741128445486265,90697.72972110809,0.0109101725262155,0.0,0.0109101725262155
improved_8_equal_weight_top20,Improved 8: improved 4 design with equal-weight 1/N sizing at top 20. Each position targets 5 pct of current portfolio equity. Top-N expansion from 10 to 20 and switch from fixed-dollar to percent-of-equity sizing are mechanically coupled and treated as a single improvement. Stop-loss / take-profit inherited from improved 4.,2023-02-28,VLO,Energy,1.0448267331614205,90697.72972110809,-0.05,0.0,-0.05
improved_8_equal_weight_top20,Improved 8: improved 4 design with equal-weight 1/N sizing at top 20. Each position targets 5 pct of current portfolio equity. Top-N expansion from 10 to 20 and switch from fixed-dollar to percent-of-equity sizing are mechanically coupled and treated as a single improvement. Stop-loss / take-profit inherited from improved 4.,2023-02-28,AMGN,Health Care,1.0404033884377852,90697.72972110809,0.0493987932457042,0.0,0.0493987932457042
improved_8_equal_weight_top20,Improved 8: improved 4 design with equal-weight 1/N sizing at top 20. Each position targets 5 pct of current portfolio equity. Top-N expansion from 10 to 20 and switch from fixed-dollar to percent-of-equity sizing are mechanically coupled and treated as a single improvement. Stop-loss / take-profit inherited from improved 4.,2023-02-28,LLY,Health Care,0.9366714852863353,90697.72972110809,0.107806451612787,0.0,0.107806451612787
improved_8_equal_weight_top20,Improved 8: improved 4 design with equal-weight 1/N sizing at top 20. Each position targets 5 pct of current portfolio equity. Top-N expansion from 10 to 20 and switch from fixed-dollar to percent-of-equity sizing are mechanically coupled and treated as a single improvement. Stop-loss / take-profit inherited from improved 4.,2023-02-28,ULTA,Consumer Discretionary,0.8303730068213263,90697.72972110809,0.0574999999999998,0.0,0.0574999999999998
improved_8_equal_weight_top20,Improved 8: improved 4 design with equal-weight 1/N sizing at top 20. Each position targets 5 pct of current portfolio equity. Top-N expansion from 10 to 20 and switch from fixed-dollar to percent-of-equity sizing are mechanically coupled and treated as a single improvement. Stop-loss / take-profit inherited from improved 4.,2023-02-28,MRNA,Health Care,0.7353674180785127,90697.72972110809,0.1097622660596866,0.0,0.1097622660596866
improved_8_equal_weight_top20,Improved 8: improved 4 design with equal-weight 1/N sizing at top 20. Each position targets 5 pct of current portfolio equity. Top-N expansion from 10 to 20 and switch from fixed-dollar to percent-of-equity sizing are mechanically coupled and treated as a single improvement. Stop-loss / take-profit inherited from improved 4.,2023-02-28,WAT,Health Care,0.734557495623586,90697.72972110809,-0.05,0.0,-0.05
improved_8_equal_weight_top20,Improved 8: improved 4 design with equal-weight 1/N sizing at top 20. Each position targets 5 pct of current portfolio equity. Top-N expansion from 10 to 20 and switch from fixed-dollar to percent-of-equity sizing are mechanically coupled and treated as a single improvement. Stop-loss / take-profit inherited from improved 4.,2023-02-28,GILD,Health Care,0.7276828307579828,90697.72972110809,0.0424456870633418,0.0,0.0424456870633418
improved_8_equal_weight_top20,Improved 8: improved 4 design with equal-weight 1/N sizing at top 20. Each position targets 5 pct of current portfolio equity. Top-N expansion from 10 to 20 and switch from fixed-dollar to percent-of-equity sizing are mechanically coupled and treated as a single improvement. Stop-loss / take-profit inherited from improved 4.,2023-02-28,XOM,Energy,0.7033922008096676,90697.72972110809,-0.05,0.0,-0.05
improved_8_equal_weight_top20,Improved 8: improved 4 design with equal-weight 1/N sizing at top 20. Each position targets 5 pct of current portfolio equity. Top-N expansion from 10 to 20 and switch from fixed-dollar to percent-of-equity sizing are mechanically coupled and treated as a single improvement. Stop-loss / take-profit inherited from improved 4.,2023-02-28,GPC,Consumer Discretionary,0.6780716708314682,90697.72972110809,-0.05,0.0,-0.05
improved_8_equal_weight_top20,Improved 8: improved 4 design with equal-weight 1/N sizing at top 20. Each position targets 5 pct of current portfolio equity. Top-N expansion from 10 to 20 and switch from fixed-dollar to percent-of-equity sizing are mechanically coupled and treated as a single improvement. Stop-loss / take-profit inherited from improved 4.,2023-02-28,OXY,Energy,0.6620943959465665,90697.72972110809,0.0701684861410183,0.0,0.0701684861410183
improved_8_equal_weight_top20,Improved 8: improved 4 design with equal-weight 1/N sizing at top 20. Each position targets 5 pct of current portfolio equity. Top-N expansion from 10 to 20 and switch from fixed-dollar to percent-of-equity sizing are mechanically coupled and treated as a single improvement. Stop-loss / take-profit inherited from improved 4.,2023-02-28,TPL,Energy,0.6615721523759692,90697.72972110809,-0.05,0.0,-0.05
improved_8_equal_weight_top20,Improved 8: improved 4 design with equal-weight 1/N sizing at top 20. Each position targets 5 pct of current portfolio equity. Top-N expansion from 10 to 20 and switch from fixed-dollar to percent-of-equity sizing are mechanically coupled and treated as a single improvement. Stop-loss / take-profit inherited from improved 4.,2023-03-31,COR,Health Care,2.457281601503723,92313.90301656153,0.036335403726639,0.0,0.036335403726639
improved_8_equal_weight_top20,Improved 8: improved 4 design with equal-weight 1/N sizing at top 20. Each position targets 5 pct of current portfolio equity. Top-N expansion from 10 to 20 and switch from fixed-dollar to percent-of-equity sizing are mechanically coupled and treated as a single improvement. Stop-loss / take-profit inherited from improved 4.,2023-03-31,AON,Financials,2.3147140671651463,92313.90301656153,0.0357824124120718,0.0,0.0357824124120718
improved_8_equal_weight_top20,Improved 8: improved 4 design with equal-weight 1/N sizing at top 20. Each position targets 5 pct of current portfolio equity. Top-N expansion from 10 to 20 and switch from fixed-dollar to percent-of-equity sizing are mechanically coupled and treated as a single improvement. Stop-loss / take-profit inherited from improved 4.,2023-03-31,MTD,Health Care,2.1762457667898456,92313.90301656153,-0.05,0.0,-0.05
improved_8_equal_weight_top20,Improved 8: improved 4 design with equal-weight 1/N sizing at top 20. Each position targets 5 pct of current portfolio equity. Top-N expansion from 10 to 20 and switch from fixed-dollar to percent-of-equity sizing are mechanically coupled and treated as a single improvement. Stop-loss / take-profit inherited from improved 4.,2023-03-31,IT,Information Technology,2.174820544784154,92313.90301656153,-0.05,0.0,-0.05
improved_8_equal_weight_top20,Improved 8: improved 4 design with equal-weight 1/N sizing at top 20. Each position targets 5 pct of current portfolio equity. Top-N expansion from 10 to 20 and switch from fixed-dollar to percent-of-equity sizing are mechanically coupled and treated as a single improvement. Stop-loss / take-profit inherited from improved 4.,2023-03-31,APA,Energy,2.1179512088698758,92313.90301656153,-0.05,0.0,-0.05
improved_8_equal_weight_top20,Improved 8: improved 4 design with equal-weight 1/N sizing at top 20. Each position targets 5 pct of current portfolio equity. Top-N expansion from 10 to 20 and switch from fixed-dollar to percent-of-equity sizing are mechanically coupled and treated as a single improvement. Stop-loss / take-profit inherited from improved 4.,2023-03-31,HD,Consumer Discretionary,1.8893096548364379,92313.90301656153,0.0192288126974122,0.0,0.0192288126974122
improved_8_equal_weight_top20,Improved 8: improved 4 design with equal-weight 1/N sizing at top 20. Each position targets 5 pct of current portfolio equity. Top-N expansion from 10 to 20 and switch from fixed-dollar to percent-of-equity sizing are mechanically coupled and treated as a single improvement. Stop-loss / take-profit inherited from improved 4.,2023-03-31,DECK,Consumer Discretionary,1.3071863214396628,92313.90301656153,0.0650106647711807,0.0,0.0650106647711807
improved_8_equal_weight_top20,Improved 8: improved 4 design with equal-weight 1/N sizing at top 20. Each position targets 5 pct of current portfolio equity. Top-N expansion from 10 to 20 and switch from fixed-dollar to percent-of-equity sizing are mechanically coupled and treated as a single improvement. Stop-loss / take-profit inherited from improved 4.,2023-03-31,CL,Consumer Staples,1.2793989331434183,92313.90301656153,0.0672730447477574,0.0,0.0672730447477574
improved_8_equal_weight_top20,Improved 8: improved 4 design with equal-weight 1/N sizing at top 20. Each position targets 5 pct of current portfolio equity. Top-N expansion from 10 to 20 and switch from fixed-dollar to percent-of-equity sizing are mechanically coupled and treated as a single improvement. Stop-loss / take-profit inherited from improved 4.,2023-03-31,SMCI,Information Technology,1.2180408874825819,92313.90301656153,-0.05,0.0,-0.05
improved_8_equal_weight_top20,Improved 8: improved 4 design with equal-weight 1/N sizing at top 20. Each position targets 5 pct of current portfolio equity. Top-N expansion from 10 to 20 and switch from fixed-dollar to percent-of-equity sizing are mechanically coupled and treated as a single improvement. Stop-loss / take-profit inherited from improved 4.,2023-03-31,MPC,Energy,1.0710774430840813,92313.90301656153,-0.05,0.0,-0.05
improved_8_equal_weight_top20,Improved 8: improved 4 design with equal-weight 1/N sizing at top 20. Each position targets 5 pct of current portfolio equity. Top-N expansion from 10 to 20 and switch from fixed-dollar to percent-of-equity sizing are mechanically coupled and treated as a single improvement. Stop-loss / take-profit inherited from improved 4.,2023-03-31,KMB,Consumer Staples,1.0317680022781492,92313.90301656153,0.0799791293971985,0.0,0.0799791293971985
improved_8_equal_weight_top20,Improved 8: improved 4 design with equal-weight 1/N sizing at top 20. Each position targets 5 pct of current portfolio equity. Top-N expansion from 10 to 20 and switch from fixed-dollar to percent-of-equity sizing are mechanically coupled and treated as a single improvement. Stop-loss / take-profit inherited from improved 4.,2023-03-31,AMGN,Health Care,0.8973120567445931,92313.90301656153,-0.00933884297489,0.0,-0.00933884297489
improved_8_equal_weight_top20,Improved 8: improved 4 design with equal-weight 1/N sizing at top 20. Each position targets 5 pct of current portfolio equity. Top-N expansion from 10 to 20 and switch from fixed-dollar to percent-of-equity sizing are mechanically coupled and treated as a single improvement. Stop-loss / take-profit inherited from improved 4.,2023-03-31,MRK,Health Care,0.8807550517596221,92313.90301656153,0.0898537045771148,0.0,0.0898537045771148
improved_8_equal_weight_top20,Improved 8: improved 4 design with equal-weight 1/N sizing at top 20. Each position targets 5 pct of current portfolio equity. Top-N expansion from 10 to 20 and switch from fixed-dollar to percent-of-equity sizing are mechanically coupled and treated as a single improvement. Stop-loss / take-profit inherited from improved 4.,2023-03-31,HUM,Health Care,0.8777009408206673,92313.90301656153,0.0608102703568254,0.0,0.0608102703568254
improved_8_equal_weight_top20,Improved 8: improved 4 design with equal-weight 1/N sizing at top 20. Each position targets 5 pct of current portfolio equity. Top-N expansion from 10 to 20 and switch from fixed-dollar to percent-of-equity sizing are mechanically coupled and treated as a single improvement. Stop-loss / take-profit inherited from improved 4.,2023-03-31,ACGL,Financials,0.8715894392316772,92313.90301656153,0.1051081996174299,0.0,0.1051081996174299
improved_8_equal_weight_top20,Improved 8: improved 4 design with equal-weight 1/N sizing at top 20. Each position targets 5 pct of current portfolio equity. Top-N expansion from 10 to 20 and switch from fixed-dollar to percent-of-equity sizing are mechanically coupled and treated as a single improvement. Stop-loss / take-profit inherited from improved 4.,2023-03-31,EME,Industrials,0.8234597910563712,92313.90301656153,-0.05,0.0,-0.05
improved_8_equal_weight_top20,Improved 8: improved 4 design with equal-weight 1/N sizing at top 20. Each position targets 5 pct of current portfolio equity. Top-N expansion from 10 to 20 and switch from fixed-dollar to percent-of-equity sizing are mechanically coupled and treated as a single improvement. Stop-loss / take-profit inherited from improved 4.,2023-03-31,GIS,Consumer Staples,0.8153629419454427,92313.90301656153,0.043171719355715,0.0,0.043171719355715
improved_8_equal_weight_top20,Improved 8: improved 4 design with equal-weight 1/N sizing at top 20. Each position targets 5 pct of current portfolio equity. Top-N expansion from 10 to 20 and switch from fixed-dollar to percent-of-equity sizing are mechanically coupled and treated as a single improvement. Stop-loss / take-profit inherited from improved 4.,2023-03-31,TPL,Energy,0.8112861643270034,92313.90301656153,-0.05,0.0,-0.05
improved_8_equal_weight_top20,Improved 8: improved 4 design with equal-weight 1/N sizing at top 20. Each position targets 5 pct of current portfolio equity. Top-N expansion from 10 to 20 and switch from fixed-dollar to percent-of-equity sizing are mechanically coupled and treated as a single improvement. Stop-loss / take-profit inherited from improved 4.,2023-03-31,FIX,Industrials,0.806724277701555,92313.90301656153,-0.05,0.0,-0.05
improved_8_equal_weight_top20,Improved 8: improved 4 design with equal-weight 1/N sizing at top 20. Each position targets 5 pct of current portfolio equity. Top-N expansion from 10 to 20 and switch from fixed-dollar to percent-of-equity sizing are mechanically coupled and treated as a single improvement. Stop-loss / take-profit inherited from improved 4.,2023-03-31,XOM,Energy,0.7822070592140911,92313.90301656153,0.0436546432660194,0.0,0.0436546432660194
improved_8_equal_weight_top20,Improved 8: improved 4 design with equal-weight 1/N sizing at top 20. Each position targets 5 pct of current portfolio equity. Top-N expansion from 10 to 20 and switch from fixed-dollar to percent-of-equity sizing are mechanically coupled and treated as a single improvement. Stop-loss / take-profit inherited from improved 4.,2023-04-30,COR,Health Care,2.0803553171313216,93407.21885875706,0.0206445185927111,0.0,0.0206445185927111
improved_8_equal_weight_top20,Improved 8: improved 4 design with equal-weight 1/N sizing at top 20. Each position targets 5 pct of current portfolio equity. Top-N expansion from 10 to 20 and switch from fixed-dollar to percent-of-equity sizing are mechanically coupled and treated as a single improvement. Stop-loss / take-profit inherited from improved 4.,2023-04-30,MTD,Health Care,2.031898388914634,93407.21885875706,-0.05,0.0,-0.05
improved_8_equal_weight_top20,Improved 8: improved 4 design with equal-weight 1/N sizing at top 20. Each position targets 5 pct of current portfolio equity. Top-N expansion from 10 to 20 and switch from fixed-dollar to percent-of-equity sizing are mechanically coupled and treated as a single improvement. Stop-loss / take-profit inherited from improved 4.,2023-04-30,IT,Information Technology,1.8110838639426141,93407.21885875706,0.1375580623755807,0.0,0.1375580623755807
improved_8_equal_weight_top20,Improved 8: improved 4 design with equal-weight 1/N sizing at top 20. Each position targets 5 pct of current portfolio equity. Top-N expansion from 10 to 20 and switch from fixed-dollar to percent-of-equity sizing are mechanically coupled and treated as a single improvement. Stop-loss / take-profit inherited from improved 4.,2023-04-30,HD,Consumer Discretionary,1.767509937244634,93407.21885875706,-0.05,0.0,-0.05
improved_8_equal_weight_top20,Improved 8: improved 4 design with equal-weight 1/N sizing at top 20. Each position targets 5 pct of current portfolio equity. Top-N expansion from 10 to 20 and switch from fixed-dollar to percent-of-equity sizing are mechanically coupled and treated as a single improvement. Stop-loss / take-profit inherited from improved 4.,2023-04-30,APA,Energy,1.747403052143595,93407.21885875706,-0.05,0.0,-0.05
improved_8_equal_weight_top20,Improved 8: improved 4 design with equal-weight 1/N sizing at top 20. Each position targets 5 pct of current portfolio equity. Top-N expansion from 10 to 20 and switch from fixed-dollar to percent-of-equity sizing are mechanically coupled and treated as a single improvement. Stop-loss / take-profit inherited from improved 4.,2023-04-30,CL,Consumer Staples,1.4565061630427925,93407.21885875706,-0.05,0.0,-0.05
improved_8_equal_weight_top20,Improved 8: improved 4 design with equal-weight 1/N sizing at top 20. Each position targets 5 pct of current portfolio equity. Top-N expansion from 10 to 20 and switch from fixed-dollar to percent-of-equity sizing are mechanically coupled and treated as a single improvement. Stop-loss / take-profit inherited from improved 4.,2023-04-30,KMB,Consumer Staples,1.213970657386875,93407.21885875706,-0.05,0.0,-0.05
improved_8_equal_weight_top20,Improved 8: improved 4 design with equal-weight 1/N sizing at top 20. Each position targets 5 pct of current portfolio equity. Top-N expansion from 10 to 20 and switch from fixed-dollar to percent-of-equity sizing are mechanically coupled and treated as a single improvement. Stop-loss / take-profit inherited from improved 4.,2023-04-30,DECK,Consumer Discretionary,1.0806372251430418,93407.21885875706,-0.05,0.0,-0.05
improved_8_equal_weight_top20,Improved 8: improved 4 design with equal-weight 1/N sizing at top 20. Each position targets 5 pct of current portfolio equity. Top-N expansion from 10 to 20 and switch from fixed-dollar to percent-of-equity sizing are mechanically coupled and treated as a single improvement. Stop-loss / take-profit inherited from improved 4.,2023-04-30,AXON,Industrials,1.049852301971512,93407.21885875706,-0.05,0.0,-0.05
improved_8_equal_weight_top20,Improved 8: improved 4 design with equal-weight 1/N sizing at top 20. Each position targets 5 pct of current portfolio equity. Top-N expansion from 10 to 20 and switch from fixed-dollar to percent-of-equity sizing are mechanically coupled and treated as a single improvement. Stop-loss / take-profit inherited from improved 4.,2023-04-30,GILD,Health Care,1.0405709815319142,93407.21885875706,-0.05,0.0,-0.05
improved_8_equal_weight_top20,Improved 8: improved 4 design with equal-weight 1/N sizing at top 20. Each position targets 5 pct of current portfolio equity. Top-N expansion from 10 to 20 and switch from fixed-dollar to percent-of-equity sizing are mechanically coupled and treated as a single improvement. Stop-loss / take-profit inherited from improved 4.,2023-04-30,AMGN,Health Care,0.9684153998479126,93407.21885875706,-0.05,0.0,-0.05
improved_8_equal_weight_top20,Improved 8: improved 4 design with equal-weight 1/N sizing at top 20. Each position targets 5 pct of current portfolio equity. Top-N expansion from 10 to 20 and switch from fixed-dollar to percent-of-equity sizing are mechanically coupled and treated as a single improvement. Stop-loss / take-profit inherited from improved 4.,2023-04-30,MPC,Energy,0.9658574743071996,93407.21885875706,-0.05,0.0,-0.05
improved_8_equal_weight_top20,Improved 8: improved 4 design with equal-weight 1/N sizing at top 20. Each position targets 5 pct of current portfolio equity. Top-N expansion from 10 to 20 and switch from fixed-dollar to percent-of-equity sizing are mechanically coupled and treated as a single improvement. Stop-loss / take-profit inherited from improved 4.,2023-04-30,GE,Industrials,0.9253449017237775,93407.21885875706,0.0205045733237376,0.0,0.0205045733237376
improved_8_equal_weight_top20,Improved 8: improved 4 design with equal-weight 1/N sizing at top 20. Each position targets 5 pct of current portfolio equity. Top-N expansion from 10 to 20 and switch from fixed-dollar to percent-of-equity sizing are mechanically coupled and treated as a single improvement. Stop-loss / take-profit inherited from improved 4.,2023-04-30,ABBV,Health Care,0.9029249768698246,93407.21885875706,-0.05,0.0,-0.05
improved_8_equal_weight_top20,Improved 8: improved 4 design with equal-weight 1/N sizing at top 20. Each position targets 5 pct of current portfolio equity. Top-N expansion from 10 to 20 and switch from fixed-dollar to percent-of-equity sizing are mechanically coupled and treated as a single improvement. Stop-loss / take-profit inherited from improved 4.,2023-04-30,URI,Industrials,0.799523617470255,93407.21885875706,-0.05,0.0,-0.05
improved_8_equal_weight_top20,Improved 8: improved 4 design with equal-weight 1/N sizing at top 20. Each position targets 5 pct of current portfolio equity. Top-N expansion from 10 to 20 and switch from fixed-dollar to percent-of-equity sizing are mechanically coupled and treated as a single improvement. Stop-loss / take-profit inherited from improved 4.,2023-04-30,TSCO,Consumer Discretionary,0.7640218536193003,93407.21885875706,-0.05,0.0,-0.05
improved_8_equal_weight_top20,Improved 8: improved 4 design with equal-weight 1/N sizing at top 20. Each position targets 5 pct of current portfolio equity. Top-N expansion from 10 to 20 and switch from fixed-dollar to percent-of-equity sizing are mechanically coupled and treated as a single improvement. Stop-loss / take-profit inherited from improved 4.,2023-04-30,ERIE,Financials,0.7622171567502118,93407.21885875706,-0.0200924527436394,0.0,-0.0200924527436394
improved_8_equal_weight_top20,Improved 8: improved 4 design with equal-weight 1/N sizing at top 20. Each position targets 5 pct of current portfolio equity. Top-N expansion from 10 to 20 and switch from fixed-dollar to percent-of-equity sizing are mechanically coupled and treated as a single improvement. Stop-loss / take-profit inherited from improved 4.,2023-04-30,DGX,Health Care,0.7385229077750949,93407.21885875706,-0.05,0.0,-0.05
improved_8_equal_weight_top20,Improved 8: improved 4 design with equal-weight 1/N sizing at top 20. Each position targets 5 pct of current portfolio equity. Top-N expansion from 10 to 20 and switch from fixed-dollar to percent-of-equity sizing are mechanically coupled and treated as a single improvement. Stop-loss / take-profit inherited from improved 4.,2023-04-30,NFLX,Communication Services,0.7282006343716219,93407.21885875706,0.1997207339839422,0.0,0.1997207339839422
improved_8_equal_weight_top20,Improved 8: improved 4 design with equal-weight 1/N sizing at top 20. Each position targets 5 pct of current portfolio equity. Top-N expansion from 10 to 20 and switch from fixed-dollar to percent-of-equity sizing are mechanically coupled and treated as a single improvement. Stop-loss / take-profit inherited from improved 4.,2023-04-30,OMC,Communication Services,0.7129433331608703,93407.21885875706,-0.05,0.0,-0.05
improved_8_equal_weight_top20,Improved 8: improved 4 design with equal-weight 1/N sizing at top 20. Each position targets 5 pct of current portfolio equity. Top-N expansion from 10 to 20 and switch from fixed-dollar to percent-of-equity sizing are mechanically coupled and treated as a single improvement. Stop-loss / take-profit inherited from improved 4.,2023-05-31,APA,Energy,1.7371005663066765,91578.0039741345,0.0658140985670734,0.0,0.0658140985670734
improved_8_equal_weight_top20,Improved 8: improved 4 design with equal-weight 1/N sizing at top 20. Each position targets 5 pct of current portfolio equity. Top-N expansion from 10 to 20 and switch from fixed-dollar to percent-of-equity sizing are mechanically coupled and treated as a single improvement. Stop-loss / take-profit inherited from improved 4.,2023-05-31,HD,Consumer Discretionary,1.6824074758418477,91578.0039741345,0.0936102798799607,0.0,0.0936102798799607
improved_8_equal_weight_top20,Improved 8: improved 4 design with equal-weight 1/N sizing at top 20. Each position targets 5 pct of current portfolio equity. Top-N expansion from 10 to 20 and switch from fixed-dollar to percent-of-equity sizing are mechanically coupled and treated as a single improvement. Stop-loss / take-profit inherited from improved 4.,2023-05-31,CL,Consumer Staples,1.6300130492987746,91578.0039741345,0.028434120944885,0.0,0.028434120944885
improved_8_equal_weight_top20,Improved 8: improved 4 design with equal-weight 1/N sizing at top 20. Each position targets 5 pct of current portfolio equity. Top-N expansion from 10 to 20 and switch from fixed-dollar to percent-of-equity sizing are mechanically coupled and treated as a single improvement. Stop-loss / take-profit inherited from improved 4.,2023-05-31,IT,Information Technology,1.6227162641555097,91578.0039741345,0.0305963343237916,0.0,0.0305963343237916
improved_8_equal_weight_top20,Improved 8: improved 4 design with equal-weight 1/N sizing at top 20. Each position targets 5 pct of current portfolio equity. Top-N expansion from 10 to 20 and switch from fixed-dollar to percent-of-equity sizing are mechanically coupled and treated as a single improvement. Stop-loss / take-profit inherited from improved 4.,2023-05-31,COR,Health Care,1.5234021745133424,91578.0039741345,0.1281585272907122,0.0,0.1281585272907122
improved_8_equal_weight_top20,Improved 8: improved 4 design with equal-weight 1/N sizing at top 20. Each position targets 5 pct of current portfolio equity. Top-N expansion from 10 to 20 and switch from fixed-dollar to percent-of-equity sizing are mechanically coupled and treated as a single improvement. Stop-loss / take-profit inherited from improved 4.,2023-05-31,KMB,Consumer Staples,1.43087707396625,91578.0039741345,0.0319298662608762,0.0,0.0319298662608762
improved_8_equal_weight_top20,Improved 8: improved 4 design with equal-weight 1/N sizing at top 20. Each position targets 5 pct of current portfolio equity. Top-N expansion from 10 to 20 and switch from fixed-dollar to percent-of-equity sizing are mechanically coupled and treated as a single improvement. Stop-loss / take-profit inherited from improved 4.,2023-05-31,MAR,Consumer Discretionary,1.2496232495391972,91578.0039741345,0.0947613087786494,0.0,0.0947613087786494
improved_8_equal_weight_top20,Improved 8: improved 4 design with equal-weight 1/N sizing at top 20. Each position targets 5 pct of current portfolio equity. Top-N expansion from 10 to 20 and switch from fixed-dollar to percent-of-equity sizing are mechanically coupled and treated as a single improvement. Stop-loss / take-profit inherited from improved 4.,2023-05-31,BLDR,Industrials,0.968594301792854,91578.0039741345,0.1759619541720709,0.0,0.1759619541720709
improved_8_equal_weight_top20,Improved 8: improved 4 design with equal-weight 1/N sizing at top 20. Each position targets 5 pct of current portfolio equity. Top-N expansion from 10 to 20 and switch from fixed-dollar to percent-of-equity sizing are mechanically coupled and treated as a single improvement. Stop-loss / take-profit inherited from improved 4.,2023-05-31,BKNG,Consumer Discretionary,0.9128235471515929,91578.0039741345,0.0787856754771527,0.0,0.0787856754771527
improved_8_equal_weight_top20,Improved 8: improved 4 design with equal-weight 1/N sizing at top 20. Each position targets 5 pct of current portfolio equity. Top-N expansion from 10 to 20 and switch from fixed-dollar to percent-of-equity sizing are mechanically coupled and treated as a single improvement. Stop-loss / take-profit inherited from improved 4.,2023-05-31,GPC,Consumer Discretionary,0.867104974699616,91578.0039741345,0.1255736614565419,0.0,0.1255736614565419
improved_8_equal_weight_top20,Improved 8: improved 4 design with equal-weight 1/N sizing at top 20. Each position targets 5 pct of current portfolio equity. Top-N expansion from 10 to 20 and switch from fixed-dollar to percent-of-equity sizing are mechanically coupled and treated as a single improvement. Stop-loss / take-profit inherited from improved 4.,2023-05-31,ULTA,Consumer Discretionary,0.8591420350220806,91578.0039741345,0.1531082306240965,0.0,0.1531082306240965
improved_8_equal_weight_top20,Improved 8: improved 4 design with equal-weight 1/N sizing at top 20. Each position targets 5 pct of current portfolio equity. Top-N expansion from 10 to 20 and switch from fixed-dollar to percent-of-equity sizing are mechanically coupled and treated as a single improvement. Stop-loss / take-profit inherited from improved 4.,2023-05-31,EME,Industrials,0.8003986945333771,91578.0039741345,0.1208977858658229,0.0,0.1208977858658229
improved_8_equal_weight_top20,Improved 8: improved 4 design with equal-weight 1/N sizing at top 20. Each position targets 5 pct of current portfolio equity. Top-N expansion from 10 to 20 and switch from fixed-dollar to percent-of-equity sizing are mechanically coupled and treated as a single improvement. Stop-loss / take-profit inherited from improved 4.,2023-05-31,ACGL,Financials,0.7959165390147025,91578.0039741345,0.076668584579133,0.0,0.076668584579133
improved_8_equal_weight_top20,Improved 8: improved 4 design with equal-weight 1/N sizing at top 20. Each position targets 5 pct of current portfolio equity. Top-N expansion from 10 to 20 and switch from fixed-dollar to percent-of-equity sizing are mechanically coupled and treated as a single improvement. Stop-loss / take-profit inherited from improved 4.,2023-05-31,NTAP,Information Technology,0.7948336278387733,91578.0039741345,0.0867709815068633,0.0,0.0867709815068633
improved_8_equal_weight_top20,Improved 8: improved 4 design with equal-weight 1/N sizing at top 20. Each position targets 5 pct of current portfolio equity. Top-N expansion from 10 to 20 and switch from fixed-dollar to percent-of-equity sizing are mechanically coupled and treated as a single improvement. Stop-loss / take-profit inherited from improved 4.,2023-05-31,GE,Industrials,0.7838330087619615,91578.0039741345,0.085367058590255,0.0,0.085367058590255
improved_8_equal_weight_top20,Improved 8: improved 4 design with equal-weight 1/N sizing at top 20. Each position targets 5 pct of current portfolio equity. Top-N expansion from 10 to 20 and switch from fixed-dollar to percent-of-equity sizing are mechanically coupled and treated as a single improvement. Stop-loss / take-profit inherited from improved 4.,2023-05-31,MPC,Energy,0.7466843892229267,91578.0039741345,0.1057373162638766,0.0,0.1057373162638766
improved_8_equal_weight_top20,Improved 8: improved 4 design with equal-weight 1/N sizing at top 20. Each position targets 5 pct of current portfolio equity. Top-N expansion from 10 to 20 and switch from fixed-dollar to percent-of-equity sizing are mechanically coupled and treated as a single improvement. Stop-loss / take-profit inherited from improved 4.,2023-05-31,FIX,Industrials,0.7465440293240375,91578.0039741345,0.1139000067837421,0.0,0.1139000067837421
improved_8_equal_weight_top20,Improved 8: improved 4 design with equal-weight 1/N sizing at top 20. Each position targets 5 pct of current portfolio equity. Top-N expansion from 10 to 20 and switch from fixed-dollar to percent-of-equity sizing are mechanically coupled and treated as a single improvement. Stop-loss / take-profit inherited from improved 4.,2023-05-31,VLO,Energy,0.7445939721083411,91578.0039741345,0.0944206008578443,0.0,0.0944206008578443
improved_8_equal_weight_top20,Improved 8: improved 4 design with equal-weight 1/N sizing at top 20. Each position targets 5 pct of current portfolio equity. Top-N expansion from 10 to 20 and switch from fixed-dollar to percent-of-equity sizing are mechanically coupled and treated as a single improvement. Stop-loss / take-profit inherited from improved 4.,2023-05-31,KLAC,Information Technology,0.724081226767697,91578.0039741345,0.0889537494387486,0.0,0.0889537494387486
improved_8_equal_weight_top20,Improved 8: improved 4 design with equal-weight 1/N sizing at top 20. Each position targets 5 pct of current portfolio equity. Top-N expansion from 10 to 20 and switch from fixed-dollar to percent-of-equity sizing are mechanically coupled and treated as a single improvement. Stop-loss / take-profit inherited from improved 4.,2023-05-31,GWW,Industrials,0.7130250324211466,91578.0039741345,0.2121896856505958,0.0,0.2121896856505958
improved_8_equal_weight_top20,Improved 8: improved 4 design with equal-weight 1/N sizing at top 20. Each position targets 5 pct of current portfolio equity. Top-N expansion from 10 to 20 and switch from fixed-dollar to percent-of-equity sizing are mechanically coupled and treated as a single improvement. Stop-loss / take-profit inherited from improved 4.,2023-06-30,HD,Consumer Discretionary,1.679354398932761,100697.5239751688,0.0776680224677055,0.0,0.0776680224677055
improved_8_equal_weight_top20,Improved 8: improved 4 design with equal-weight 1/N sizing at top 20. Each position targets 5 pct of current portfolio equity. Top-N expansion from 10 to 20 and switch from fixed-dollar to percent-of-equity sizing are mechanically coupled and treated as a single improvement. Stop-loss / take-profit inherited from improved 4.,2023-06-30,COR,Health Care,1.5954074056626386,100697.5239751688,-0.0226939970720542,0.0,-0.0226939970720542
improved_8_equal_weight_top20,Improved 8: improved 4 design with equal-weight 1/N sizing at top 20. Each position targets 5 pct of current portfolio equity. Top-N expansion from 10 to 20 and switch from fixed-dollar to percent-of-equity sizing are mechanically coupled and treated as a single improvement. Stop-loss / take-profit inherited from improved 4.,2023-06-30,CL,Consumer Staples,1.3307767479988268,100697.5239751688,0.0011139858179949,0.0,0.0011139858179949
improved_8_equal_weight_top20,Improved 8: improved 4 design with equal-weight 1/N sizing at top 20. Each position targets 5 pct of current portfolio equity. Top-N expansion from 10 to 20 and switch from fixed-dollar to percent-of-equity sizing are mechanically coupled and treated as a single improvement. Stop-loss / take-profit inherited from improved 4.,2023-06-30,IT,Information Technology,1.3301522907545027,100697.5239751688,0.0159756342844008,0.0,0.0159756342844008
improved_8_equal_weight_top20,Improved 8: improved 4 design with equal-weight 1/N sizing at top 20. Each position targets 5 pct of current portfolio equity. Top-N expansion from 10 to 20 and switch from fixed-dollar to percent-of-equity sizing are mechanically coupled and treated as a single improvement. Stop-loss / take-profit inherited from improved 4.,2023-06-30,KMB,Consumer Staples,1.2972063487533432,100697.5239751688,-0.05,0.0,-0.05
improved_8_equal_weight_top20,Improved 8: improved 4 design with equal-weight 1/N sizing at top 20. Each position targets 5 pct of current portfolio equity. Top-N expansion from 10 to 20 and switch from fixed-dollar to percent-of-equity sizing are mechanically coupled and treated as a single improvement. Stop-loss / take-profit inherited from improved 4.,2023-06-30,BLDR,Industrials,1.1749183967112367,100697.5239751688,0.0619072127049482,0.0,0.0619072127049482
improved_8_equal_weight_top20,Improved 8: improved 4 design with equal-weight 1/N sizing at top 20. Each position targets 5 pct of current portfolio equity. Top-N expansion from 10 to 20 and switch from fixed-dollar to percent-of-equity sizing are mechanically coupled and treated as a single improvement. Stop-loss / take-profit inherited from improved 4.,2023-06-30,APA,Energy,1.1146938516760296,100697.5239751688,0.1872004674131144,0.0,0.1872004674131144
improved_8_equal_weight_top20,Improved 8: improved 4 design with equal-weight 1/N sizing at top 20. Each position targets 5 pct of current portfolio equity. Top-N expansion from 10 to 20 and switch from fixed-dollar to percent-of-equity sizing are mechanically coupled and treated as a single improvement. Stop-loss / take-profit inherited from improved 4.,2023-06-30,PHM,Consumer Discretionary,1.0425866466595828,100697.5239751688,0.0817843866171295,0.0,0.0817843866171295
improved_8_equal_weight_top20,Improved 8: improved 4 design with equal-weight 1/N sizing at top 20. Each position targets 5 pct of current portfolio equity. Top-N expansion from 10 to 20 and switch from fixed-dollar to percent-of-equity sizing are mechanically coupled and treated as a single improvement. Stop-loss / take-profit inherited from improved 4.,2023-06-30,AMGN,Health Care,0.9524095521907483,100697.5239751688,0.0584964513358599,0.0,0.0584964513358599
improved_8_equal_weight_top20,Improved 8: improved 4 design with equal-weight 1/N sizing at top 20. Each position targets 5 pct of current portfolio equity. Top-N expansion from 10 to 20 and switch from fixed-dollar to percent-of-equity sizing are mechanically coupled and treated as a single improvement. Stop-loss / take-profit inherited from improved 4.,2023-06-30,DHI,Consumer Discretionary,0.9290271328095439,100697.5239751688,-0.05,0.0,-0.05
improved_8_equal_weight_top20,Improved 8: improved 4 design with equal-weight 1/N sizing at top 20. Each position targets 5 pct of current portfolio equity. Top-N expansion from 10 to 20 and switch from fixed-dollar to percent-of-equity sizing are mechanically coupled and treated as a single improvement. Stop-loss / take-profit inherited from improved 4.,2023-06-30,OMC,Communication Services,0.844589180085507,100697.5239751688,-0.05,0.0,-0.05
improved_8_equal_weight_top20,Improved 8: improved 4 design with equal-weight 1/N sizing at top 20. Each position targets 5 pct of current portfolio equity. Top-N expansion from 10 to 20 and switch from fixed-dollar to percent-of-equity sizing are mechanically coupled and treated as a single improvement. Stop-loss / take-profit inherited from improved 4.,2023-06-30,HSY,Consumer Staples,0.840619474323234,100697.5239751688,-0.05,0.0,-0.05
improved_8_equal_weight_top20,Improved 8: improved 4 design with equal-weight 1/N sizing at top 20. Each position targets 5 pct of current portfolio equity. Top-N expansion from 10 to 20 and switch from fixed-dollar to percent-of-equity sizing are mechanically coupled and treated as a single improvement. Stop-loss / take-profit inherited from improved 4.,2023-06-30,MAR,Consumer Discretionary,0.8393629831810203,100697.5239751688,0.1003216836596978,0.0,0.1003216836596978
improved_8_equal_weight_top20,Improved 8: improved 4 design with equal-weight 1/N sizing at top 20. Each position targets 5 pct of current portfolio equity. Top-N expansion from 10 to 20 and switch from fixed-dollar to percent-of-equity sizing are mechanically coupled and treated as a single improvement. Stop-loss / take-profit inherited from improved 4.,2023-06-30,FIX,Industrials,0.794576791035171,100697.5239751688,-0.05,0.0,-0.05
improved_8_equal_weight_top20,Improved 8: improved 4 design with equal-weight 1/N sizing at top 20. Each position targets 5 pct of current portfolio equity. Top-N expansion from 10 to 20 and switch from fixed-dollar to percent-of-equity sizing are mechanically coupled and treated as a single improvement. Stop-loss / take-profit inherited from improved 4.,2023-06-30,BKNG,Consumer Discretionary,0.7876902394446005,100697.5239751688,0.1028696588337023,0.0,0.1028696588337023
improved_8_equal_weight_top20,Improved 8: improved 4 design with equal-weight 1/N sizing at top 20. Each position targets 5 pct of current portfolio equity. Top-N expansion from 10 to 20 and switch from fixed-dollar to percent-of-equity sizing are mechanically coupled and treated as a single improvement. Stop-loss / take-profit inherited from improved 4.,2023-06-30,UAL,Industrials,0.7727488677608253,100697.5239751688,-0.003303358414388,0.0,-0.003303358414388
improved_8_equal_weight_top20,Improved 8: improved 4 design with equal-weight 1/N sizing at top 20. Each position targets 5 pct of current portfolio equity. Top-N expansion from 10 to 20 and switch from fixed-dollar to percent-of-equity sizing are mechanically coupled and treated as a single improvement. Stop-loss / take-profit inherited from improved 4.,2023-06-30,TPR,Consumer Discretionary,0.7726590189095333,100697.5239751688,0.0067662155859515,0.0,0.0067662155859515
improved_8_equal_weight_top20,Improved 8: improved 4 design with equal-weight 1/N sizing at top 20. Each position targets 5 pct of current portfolio equity. Top-N expansion from 10 to 20 and switch from fixed-dollar to percent-of-equity sizing are mechanically coupled and treated as a single improvement. Stop-loss / take-profit inherited from improved 4.,2023-06-30,BBY,Consumer Discretionary,0.738861607920848,100697.5239751688,0.0104635600441689,0.0,0.0104635600441689
improved_8_equal_weight_top20,Improved 8: improved 4 design with equal-weight 1/N sizing at top 20. Each position targets 5 pct of current portfolio equity. Top-N expansion from 10 to 20 and switch from fixed-dollar to percent-of-equity sizing are mechanically coupled and treated as a single improvement. Stop-loss / take-profit inherited from improved 4.,2023-06-30,LEN,Consumer Discretionary,0.7198280497560113,100697.5239751688,0.0120486331299631,0.0,0.0120486331299631
improved_8_equal_weight_top20,Improved 8: improved 4 design with equal-weight 1/N sizing at top 20. Each position targets 5 pct of current portfolio equity. Top-N expansion from 10 to 20 and switch from fixed-dollar to percent-of-equity sizing are mechanically coupled and treated as a single improvement. Stop-loss / take-profit inherited from improved 4.,2023-06-30,AMAT,Information Technology,0.7061607822032205,100697.5239751688,-0.05,0.0,-0.05
improved_8_equal_weight_top20,Improved 8: improved 4 design with equal-weight 1/N sizing at top 20. Each position targets 5 pct of current portfolio equity. Top-N expansion from 10 to 20 and switch from fixed-dollar to percent-of-equity sizing are mechanically coupled and treated as a single improvement. Stop-loss / take-profit inherited from improved 4.,2023-07-31,COR,Health Care,1.5422706228133851,102664.2400476218,-0.05,0.0,-0.05
improved_8_equal_weight_top20,Improved 8: improved 4 design with equal-weight 1/N sizing at top 20. Each position targets 5 pct of current portfolio equity. Top-N expansion from 10 to 20 and switch from fixed-dollar to percent-of-equity sizing are mechanically coupled and treated as a single improvement. Stop-loss / take-profit inherited from improved 4.,2023-07-31,IT,Information Technology,1.5330443021392846,102664.2400476218,0.0251539138082672,0.0,0.0251539138082672
improved_8_equal_weight_top20,Improved 8: improved 4 design with equal-weight 1/N sizing at top 20. Each position targets 5 pct of current portfolio equity. Top-N expansion from 10 to 20 and switch from fixed-dollar to percent-of-equity sizing are mechanically coupled and treated as a single improvement. Stop-loss / take-profit inherited from improved 4.,2023-07-31,KMB,Consumer Staples,1.2480486329520915,102664.2400476218,-0.0014726399004917,0.0,-0.0014726399004917
improved_8_equal_weight_top20,Improved 8: improved 4 design with equal-weight 1/N sizing at top 20. Each position targets 5 pct of current portfolio equity. Top-N expansion from 10 to 20 and switch from fixed-dollar to percent-of-equity sizing are mechanically coupled and treated as a single improvement. Stop-loss / take-profit inherited from improved 4.,2023-07-31,CL,Consumer Staples,1.1998589351276883,102664.2400476218,-0.0348134524431759,0.0,-0.0348134524431759
improved_8_equal_weight_top20,Improved 8: improved 4 design with equal-weight 1/N sizing at top 20. Each position targets 5 pct of current portfolio equity. Top-N expansion from 10 to 20 and switch from fixed-dollar to percent-of-equity sizing are mechanically coupled and treated as a single improvement. Stop-loss / take-profit inherited from improved 4.,2023-07-31,APA,Energy,1.1424762301163447,102664.2400476218,0.0938123752492074,0.0,0.0938123752492074
improved_8_equal_weight_top20,Improved 8: improved 4 design with equal-weight 1/N sizing at top 20. Each position targets 5 pct of current portfolio equity. Top-N expansion from 10 to 20 and switch from fixed-dollar to percent-of-equity sizing are mechanically coupled and treated as a single improvement. Stop-loss / take-profit inherited from improved 4.,2023-07-31,HD,Consumer Discretionary,1.1273809888267838,102664.2400476218,0.001892675374969,0.0,0.001892675374969
improved_8_equal_weight_top20,Improved 8: improved 4 design with equal-weight 1/N sizing at top 20. Each position targets 5 pct of current portfolio equity. Top-N expansion from 10 to 20 and switch from fixed-dollar to percent-of-equity sizing are mechanically coupled and treated as a single improvement. Stop-loss / take-profit inherited from improved 4.,2023-07-31,GE,Industrials,1.1235509167013427,102664.2400476218,0.0067728032364637,0.0,0.0067728032364637
improved_8_equal_weight_top20,Improved 8: improved 4 design with equal-weight 1/N sizing at top 20. Each position targets 5 pct of current portfolio equity. Top-N expansion from 10 to 20 and switch from fixed-dollar to percent-of-equity sizing are mechanically coupled and treated as a single improvement. Stop-loss / take-profit inherited from improved 4.,2023-07-31,ACGL,Financials,1.0974112784428476,102664.2400476218,-0.05,0.0,-0.05
improved_8_equal_weight_top20,Improved 8: improved 4 design with equal-weight 1/N sizing at top 20. Each position targets 5 pct of current portfolio equity. Top-N expansion from 10 to 20 and switch from fixed-dollar to percent-of-equity sizing are mechanically coupled and treated as a single improvement. Stop-loss / take-profit inherited from improved 4.,2023-07-31,BLDR,Industrials,0.9989466139967529,102664.2400476218,-0.05,0.0,-0.05
improved_8_equal_weight_top20,Improved 8: improved 4 design with equal-weight 1/N sizing at top 20. Each position targets 5 pct of current portfolio equity. Top-N expansion from 10 to 20 and switch from fixed-dollar to percent-of-equity sizing are mechanically coupled and treated as a single improvement. Stop-loss / take-profit inherited from improved 4.,2023-07-31,MAR,Consumer Discretionary,0.9807401326952832,102664.2400476218,0.0224130310246106,0.0,0.0224130310246106
improved_8_equal_weight_top20,Improved 8: improved 4 design with equal-weight 1/N sizing at top 20. Each position targets 5 pct of current portfolio equity. Top-N expansion from 10 to 20 and switch from fixed-dollar to percent-of-equity sizing are mechanically coupled and treated as a single improvement. Stop-loss / take-profit inherited from improved 4.,2023-07-31,PHM,Consumer Discretionary,0.946166264592764,102664.2400476218,-0.05,0.0,-0.05
improved_8_equal_weight_top20,Improved 8: improved 4 design with equal-weight 1/N sizing at top 20. Each position targets 5 pct of current portfolio equity. Top-N expansion from 10 to 20 and switch from fixed-dollar to percent-of-equity sizing are mechanically coupled and treated as a single improvement. Stop-loss / take-profit inherited from improved 4.,2023-07-31,ANET,Information Technology,0.9172012543493064,102664.2400476218,0.0998873239436619,0.0,0.0998873239436619
improved_8_equal_weight_top20,Improved 8: improved 4 design with equal-weight 1/N sizing at top 20. Each position targets 5 pct of current portfolio equity. Top-N expansion from 10 to 20 and switch from fixed-dollar to percent-of-equity sizing are mechanically coupled and treated as a single improvement. Stop-loss / take-profit inherited from improved 4.,2023-07-31,BKNG,Consumer Discretionary,0.9047630687541544,102664.2400476218,-0.05,0.0,-0.05
improved_8_equal_weight_top20,Improved 8: improved 4 design with equal-weight 1/N sizing at top 20. Each position targets 5 pct of current portfolio equity. Top-N expansion from 10 to 20 and switch from fixed-dollar to percent-of-equity sizing are mechanically coupled and treated as a single improvement. Stop-loss / take-profit inherited from improved 4.,2023-07-31,SMCI,Information Technology,0.8508315300556882,102664.2400476218,-0.05,0.0,-0.05
improved_8_equal_weight_top20,Improved 8: improved 4 design with equal-weight 1/N sizing at top 20. Each position targets 5 pct of current portfolio equity. Top-N expansion from 10 to 20 and switch from fixed-dollar to percent-of-equity sizing are mechanically coupled and treated as a single improvement. Stop-loss / take-profit inherited from improved 4.,2023-07-31,JBL,Information Technology,0.8445717160776303,102664.2400476218,-0.05,0.0,-0.05
improved_8_equal_weight_top20,Improved 8: improved 4 design with equal-weight 1/N sizing at top 20. Each position targets 5 pct of current portfolio equity. Top-N expansion from 10 to 20 and switch from fixed-dollar to percent-of-equity sizing are mechanically coupled and treated as a single improvement. Stop-loss / take-profit inherited from improved 4.,2023-07-31,AVGO,Information Technology,0.8248177230973265,102664.2400476218,-0.05,0.0,-0.05
improved_8_equal_weight_top20,Improved 8: improved 4 design with equal-weight 1/N sizing at top 20. Each position targets 5 pct of current portfolio equity. Top-N expansion from 10 to 20 and switch from fixed-dollar to percent-of-equity sizing are mechanically coupled and treated as a single improvement. Stop-loss / take-profit inherited from improved 4.,2023-07-31,DHI,Consumer Discretionary,0.8223566502269593,102664.2400476218,-0.05,0.0,-0.05
improved_8_equal_weight_top20,Improved 8: improved 4 design with equal-weight 1/N sizing at top 20. Each position targets 5 pct of current portfolio equity. Top-N expansion from 10 to 20 and switch from fixed-dollar to percent-of-equity sizing are mechanically coupled and treated as a single improvement. Stop-loss / take-profit inherited from improved 4.,2023-07-31,AMGN,Health Care,0.8047821184854476,102664.2400476218,0.0999419976490887,0.0,0.0999419976490887
improved_8_equal_weight_top20,Improved 8: improved 4 design with equal-weight 1/N sizing at top 20. Each position targets 5 pct of current portfolio equity. Top-N expansion from 10 to 20 and switch from fixed-dollar to percent-of-equity sizing are mechanically coupled and treated as a single improvement. Stop-loss / take-profit inherited from improved 4.,2023-07-31,DECK,Consumer Discretionary,0.7438347280763069,102664.2400476218,-0.05,0.0,-0.05
improved_8_equal_weight_top20,Improved 8: improved 4 design with equal-weight 1/N sizing at top 20. Each position targets 5 pct of current portfolio equity. Top-N expansion from 10 to 20 and switch from fixed-dollar to percent-of-equity sizing are mechanically coupled and treated as a single improvement. Stop-loss / take-profit inherited from improved 4.,2023-07-31,PFG,Financials,0.7393411989432415,102664.2400476218,-0.05,0.0,-0.05
improved_8_equal_weight_top20,Improved 8: improved 4 design with equal-weight 1/N sizing at top 20. Each position targets 5 pct of current portfolio equity. Top-N expansion from 10 to 20 and switch from fixed-dollar to percent-of-equity sizing are mechanically coupled and treated as a single improvement. Stop-loss / take-profit inherited from improved 4.,2023-08-31,COR,Health Care,1.821634917842588,101450.68727515018,0.0195445275323802,0.0,0.0195445275323802
improved_8_equal_weight_top20,Improved 8: improved 4 design with equal-weight 1/N sizing at top 20. Each position targets 5 pct of current portfolio equity. Top-N expansion from 10 to 20 and switch from fixed-dollar to percent-of-equity sizing are mechanically coupled and treated as a single improvement. Stop-loss / take-profit inherited from improved 4.,2023-08-31,MAR,Consumer Discretionary,1.6101126275584494,101450.68727515018,-0.05,0.0,-0.05
improved_8_equal_weight_top20,Improved 8: improved 4 design with equal-weight 1/N sizing at top 20. Each position targets 5 pct of current portfolio equity. Top-N expansion from 10 to 20 and switch from fixed-dollar to percent-of-equity sizing are mechanically coupled and treated as a single improvement. Stop-loss / take-profit inherited from improved 4.,2023-08-31,BKNG,Consumer Discretionary,1.4299589316425894,101450.68727515018,-0.0164313484107977,0.0,-0.0164313484107977
improved_8_equal_weight_top20,Improved 8: improved 4 design with equal-weight 1/N sizing at top 20. Each position targets 5 pct of current portfolio equity. Top-N expansion from 10 to 20 and switch from fixed-dollar to percent-of-equity sizing are mechanically coupled and treated as a single improvement. Stop-loss / take-profit inherited from improved 4.,2023-08-31,MSI,Information Technology,1.2940042928614692,101450.68727515018,-0.0387514435146435,0.0,-0.0387514435146435
improved_8_equal_weight_top20,Improved 8: improved 4 design with equal-weight 1/N sizing at top 20. Each position targets 5 pct of current portfolio equity. Top-N expansion from 10 to 20 and switch from fixed-dollar to percent-of-equity sizing are mechanically coupled and treated as a single improvement. Stop-loss / take-profit inherited from improved 4.,2023-08-31,HD,Consumer Discretionary,1.2707139224480184,101450.68727515018,-0.05,0.0,-0.05
improved_8_equal_weight_top20,Improved 8: improved 4 design with equal-weight 1/N sizing at top 20. Each position targets 5 pct of current portfolio equity. Top-N expansion from 10 to 20 and switch from fixed-dollar to percent-of-equity sizing are mechanically coupled and treated as a single improvement. Stop-loss / take-profit inherited from improved 4.,2023-08-31,CL,Consumer Staples,1.210246597455944,101450.68727515018,-0.0384043272477334,0.0,-0.0384043272477334
improved_8_equal_weight_top20,Improved 8: improved 4 design with equal-weight 1/N sizing at top 20. Each position targets 5 pct of current portfolio equity. Top-N expansion from 10 to 20 and switch from fixed-dollar to percent-of-equity sizing are mechanically coupled and treated as a single improvement. Stop-loss / take-profit inherited from improved 4.,2023-08-31,KMB,Consumer Staples,1.1651024827765772,101450.68727515018,-0.05,0.0,-0.05
improved_8_equal_weight_top20,Improved 8: improved 4 design with equal-weight 1/N sizing at top 20. Each position targets 5 pct of current portfolio equity. Top-N expansion from 10 to 20 and switch from fixed-dollar to percent-of-equity sizing are mechanically coupled and treated as a single improvement. Stop-loss / take-profit inherited from improved 4.,2023-08-31,IT,Information Technology,1.136260686792566,101450.68727515018,-0.0216394749580022,0.0,-0.0216394749580022
improved_8_equal_weight_top20,Improved 8: improved 4 design with equal-weight 1/N sizing at top 20. Each position targets 5 pct of current portfolio equity. Top-N expansion from 10 to 20 and switch from fixed-dollar to percent-of-equity sizing are mechanically coupled and treated as a single improvement. Stop-loss / take-profit inherited from improved 4.,2023-08-31,APA,Energy,0.9971906872643194,101450.68727515018,-0.05,0.0,-0.05
improved_8_equal_weight_top20,Improved 8: improved 4 design with equal-weight 1/N sizing at top 20. Each position targets 5 pct of current portfolio equity. Top-N expansion from 10 to 20 and switch from fixed-dollar to percent-of-equity sizing are mechanically coupled and treated as a single improvement. Stop-loss / take-profit inherited from improved 4.,2023-08-31,GE,Industrials,0.9845691895097974,101450.68727515018,-0.0381745592835978,0.0,-0.0381745592835978
improved_8_equal_weight_top20,Improved 8: improved 4 design with equal-weight 1/N sizing at top 20. Each position targets 5 pct of current portfolio equity. Top-N expansion from 10 to 20 and switch from fixed-dollar to percent-of-equity sizing are mechanically coupled and treated as a single improvement. Stop-loss / take-profit inherited from improved 4.,2023-08-31,PCAR,Industrials,0.8486592040967472,101450.68727515018,0.0263157894737193,0.0,0.0263157894737193
improved_8_equal_weight_top20,Improved 8: improved 4 design with equal-weight 1/N sizing at top 20. Each position targets 5 pct of current portfolio equity. Top-N expansion from 10 to 20 and switch from fixed-dollar to percent-of-equity sizing are mechanically coupled and treated as a single improvement. Stop-loss / take-profit inherited from improved 4.,2023-08-31,EME,Industrials,0.7869566891105306,101450.68727515018,-0.05,0.0,-0.05
improved_8_equal_weight_top20,Improved 8: improved 4 design with equal-weight 1/N sizing at top 20. Each position targets 5 pct of current portfolio equity. Top-N expansion from 10 to 20 and switch from fixed-dollar to percent-of-equity sizing are mechanically coupled and treated as a single improvement. Stop-loss / take-profit inherited from improved 4.,2023-08-31,AMGN,Health Care,0.7805011101620574,101450.68727515018,0.0389670635537864,0.0,0.0389670635537864
improved_8_equal_weight_top20,Improved 8: improved 4 design with equal-weight 1/N sizing at top 20. Each position targets 5 pct of current portfolio equity. Top-N expansion from 10 to 20 and switch from fixed-dollar to percent-of-equity sizing are mechanically coupled and treated as a single improvement. Stop-loss / take-profit inherited from improved 4.,2023-08-31,MPC,Energy,0.7269375426678115,101450.68727515018,0.0430048242597114,0.0,0.0430048242597114
improved_8_equal_weight_top20,Improved 8: improved 4 design with equal-weight 1/N sizing at top 20. Each position targets 5 pct of current portfolio equity. Top-N expansion from 10 to 20 and switch from fixed-dollar to percent-of-equity sizing are mechanically coupled and treated as a single improvement. Stop-loss / take-profit inherited from improved 4.,2023-08-31,FIX,Industrials,0.6507593419323086,101450.68727515018,-0.05,0.0,-0.05
improved_8_equal_weight_top20,Improved 8: improved 4 design with equal-weight 1/N sizing at top 20. Each position targets 5 pct of current portfolio equity. Top-N expansion from 10 to 20 and switch from fixed-dollar to percent-of-equity sizing are mechanically coupled and treated as a single improvement. Stop-loss / take-profit inherited from improved 4.,2023-08-31,EMR,Industrials,0.6495458228483779,101450.68727515018,-0.0180986273521739,0.0,-0.0180986273521739
improved_8_equal_weight_top20,Improved 8: improved 4 design with equal-weight 1/N sizing at top 20. Each position targets 5 pct of current portfolio equity. Top-N expansion from 10 to 20 and switch from fixed-dollar to percent-of-equity sizing are mechanically coupled and treated as a single improvement. Stop-loss / take-profit inherited from improved 4.,2023-08-31,PCG,Utilities,0.645996538024203,101450.68727515018,-0.0182592817988054,0.0,-0.0182592817988054
improved_8_equal_weight_top20,Improved 8: improved 4 design with equal-weight 1/N sizing at top 20. Each position targets 5 pct of current portfolio equity. Top-N expansion from 10 to 20 and switch from fixed-dollar to percent-of-equity sizing are mechanically coupled and treated as a single improvement. Stop-loss / take-profit inherited from improved 4.,2023-08-31,MA,Financials,0.6457482131250177,101450.68727515018,-0.05,0.0,-0.05
improved_8_equal_weight_top20,Improved 8: improved 4 design with equal-weight 1/N sizing at top 20. Each position targets 5 pct of current portfolio equity. Top-N expansion from 10 to 20 and switch from fixed-dollar to percent-of-equity sizing are mechanically coupled and treated as a single improvement. Stop-loss / take-profit inherited from improved 4.,2023-08-31,IBKR,Financials,0.6242250184946614,101450.68727515018,-0.05,0.0,-0.05
improved_8_equal_weight_top20,Improved 8: improved 4 design with equal-weight 1/N sizing at top 20. Each position targets 5 pct of current portfolio equity. Top-N expansion from 10 to 20 and switch from fixed-dollar to percent-of-equity sizing are mechanically coupled and treated as a single improvement. Stop-loss / take-profit inherited from improved 4.,2023-08-31,VLO,Energy,0.6080470774415206,101450.68727515018,0.0735606060607827,0.0,0.0735606060607827
improved_8_equal_weight_top20,Improved 8: improved 4 design with equal-weight 1/N sizing at top 20. Each position targets 5 pct of current portfolio equity. Top-N expansion from 10 to 20 and switch from fixed-dollar to percent-of-equity sizing are mechanically coupled and treated as a single improvement. Stop-loss / take-profit inherited from improved 4.,2023-09-30,COR,Health Care,1.8090698520354636,99480.68611775243,0.0287825748730812,0.0,0.0287825748730812
improved_8_equal_weight_top20,Improved 8: improved 4 design with equal-weight 1/N sizing at top 20. Each position targets 5 pct of current portfolio equity. Top-N expansion from 10 to 20 and switch from fixed-dollar to percent-of-equity sizing are mechanically coupled and treated as a single improvement. Stop-loss / take-profit inherited from improved 4.,2023-09-30,BKNG,Consumer Discretionary,1.436829733853907,99480.68611775243,-0.05,0.0,-0.05
improved_8_equal_weight_top20,Improved 8: improved 4 design with equal-weight 1/N sizing at top 20. Each position targets 5 pct of current portfolio equity. Top-N expansion from 10 to 20 and switch from fixed-dollar to percent-of-equity sizing are mechanically coupled and treated as a single improvement. Stop-loss / take-profit inherited from improved 4.,2023-09-30,IT,Information Technology,1.3303153730940869,99480.68611775243,-0.05,0.0,-0.05
improved_8_equal_weight_top20,Improved 8: improved 4 design with equal-weight 1/N sizing at top 20. Each position targets 5 pct of current portfolio equity. Top-N expansion from 10 to 20 and switch from fixed-dollar to percent-of-equity sizing are mechanically coupled and treated as a single improvement. Stop-loss / take-profit inherited from improved 4.,2023-09-30,MSI,Information Technology,1.3057971613475128,99480.68611775243,0.0260132645543949,0.0,0.0260132645543949
improved_8_equal_weight_top20,Improved 8: improved 4 design with equal-weight 1/N sizing at top 20. Each position targets 5 pct of current portfolio equity. Top-N expansion from 10 to 20 and switch from fixed-dollar to percent-of-equity sizing are mechanically coupled and treated as a single improvement. Stop-loss / take-profit inherited from improved 4.,2023-09-30,APA,Energy,1.2623459261276544,99480.68611775243,-0.05,0.0,-0.05
improved_8_equal_weight_top20,Improved 8: improved 4 design with equal-weight 1/N sizing at top 20. Each position targets 5 pct of current portfolio equity. Top-N expansion from 10 to 20 and switch from fixed-dollar to percent-of-equity sizing are mechanically coupled and treated as a single improvement. Stop-loss / take-profit inherited from improved 4.,2023-09-30,HD,Consumer Discretionary,1.2286994020842716,99480.68611775243,-0.05,0.0,-0.05
improved_8_equal_weight_top20,Improved 8: improved 4 design with equal-weight 1/N sizing at top 20. Each position targets 5 pct of current portfolio equity. Top-N expansion from 10 to 20 and switch from fixed-dollar to percent-of-equity sizing are mechanically coupled and treated as a single improvement. Stop-loss / take-profit inherited from improved 4.,2023-09-30,MAR,Consumer Discretionary,1.2078475079610715,99480.68611775243,-0.05,0.0,-0.05
improved_8_equal_weight_top20,Improved 8: improved 4 design with equal-weight 1/N sizing at top 20. Each position targets 5 pct of current portfolio equity. Top-N expansion from 10 to 20 and switch from fixed-dollar to percent-of-equity sizing are mechanically coupled and treated as a single improvement. Stop-loss / take-profit inherited from improved 4.,2023-09-30,KMB,Consumer Staples,1.1382105287774475,99480.68611775243,-0.0051554964245709,0.0,-0.0051554964245709
improved_8_equal_weight_top20,Improved 8: improved 4 design with equal-weight 1/N sizing at top 20. Each position targets 5 pct of current portfolio equity. Top-N expansion from 10 to 20 and switch from fixed-dollar to percent-of-equity sizing are mechanically coupled and treated as a single improvement. Stop-loss / take-profit inherited from improved 4.,2023-09-30,GE,Industrials,1.1235042810182658,99480.68611775243,-0.0164780443645884,0.0,-0.0164780443645884
improved_8_equal_weight_top20,Improved 8: improved 4 design with equal-weight 1/N sizing at top 20. Each position targets 5 pct of current portfolio equity. Top-N expansion from 10 to 20 and switch from fixed-dollar to percent-of-equity sizing are mechanically coupled and treated as a single improvement. Stop-loss / take-profit inherited from improved 4.,2023-09-30,CL,Consumer Staples,1.0630634627006514,99480.68611775243,0.0663110923384291,0.0,0.0663110923384291
improved_8_equal_weight_top20,Improved 8: improved 4 design with equal-weight 1/N sizing at top 20. Each position targets 5 pct of current portfolio equity. Top-N expansion from 10 to 20 and switch from fixed-dollar to percent-of-equity sizing are mechanically coupled and treated as a single improvement. Stop-loss / take-profit inherited from improved 4.,2023-09-30,SLB,Energy,0.9898409440866752,99480.68611775243,-0.05,0.0,-0.05
improved_8_equal_weight_top20,Improved 8: improved 4 design with equal-weight 1/N sizing at top 20. Each position targets 5 pct of current portfolio equity. Top-N expansion from 10 to 20 and switch from fixed-dollar to percent-of-equity sizing are mechanically coupled and treated as a single improvement. Stop-loss / take-profit inherited from improved 4.,2023-09-30,APO,Financials,0.9675095100004919,99480.68611775243,-0.05,0.0,-0.05
improved_8_equal_weight_top20,Improved 8: improved 4 design with equal-weight 1/N sizing at top 20. Each position targets 5 pct of current portfolio equity. Top-N expansion from 10 to 20 and switch from fixed-dollar to percent-of-equity sizing are mechanically coupled and treated as a single improvement. Stop-loss / take-profit inherited from improved 4.,2023-09-30,EG,Financials,0.9268280483145244,99480.68611775243,0.0633231199271626,0.0,0.0633231199271626
improved_8_equal_weight_top20,Improved 8: improved 4 design with equal-weight 1/N sizing at top 20. Each position targets 5 pct of current portfolio equity. Top-N expansion from 10 to 20 and switch from fixed-dollar to percent-of-equity sizing are mechanically coupled and treated as a single improvement. Stop-loss / take-profit inherited from improved 4.,2023-09-30,ACGL,Financials,0.919892044466013,99480.68611775243,0.087032856784893,0.0,0.087032856784893
improved_8_equal_weight_top20,Improved 8: improved 4 design with equal-weight 1/N sizing at top 20. Each position targets 5 pct of current portfolio equity. Top-N expansion from 10 to 20 and switch from fixed-dollar to percent-of-equity sizing are mechanically coupled and treated as a single improvement. Stop-loss / take-profit inherited from improved 4.,2023-09-30,HAL,Energy,0.9125364968263634,99480.68611775243,-0.05,0.0,-0.05
improved_8_equal_weight_top20,Improved 8: improved 4 design with equal-weight 1/N sizing at top 20. Each position targets 5 pct of current portfolio equity. Top-N expansion from 10 to 20 and switch from fixed-dollar to percent-of-equity sizing are mechanically coupled and treated as a single improvement. Stop-loss / take-profit inherited from improved 4.,2023-09-30,META,Communication Services,0.8690074869101159,99480.68611775243,-0.05,0.0,-0.05
improved_8_equal_weight_top20,Improved 8: improved 4 design with equal-weight 1/N sizing at top 20. Each position targets 5 pct of current portfolio equity. Top-N expansion from 10 to 20 and switch from fixed-dollar to percent-of-equity sizing are mechanically coupled and treated as a single improvement. Stop-loss / take-profit inherited from improved 4.,2023-09-30,BLDR,Industrials,0.8516018158635799,99480.68611775243,-0.05,0.0,-0.05
improved_8_equal_weight_top20,Improved 8: improved 4 design with equal-weight 1/N sizing at top 20. Each position targets 5 pct of current portfolio equity. Top-N expansion from 10 to 20 and switch from fixed-dollar to percent-of-equity sizing are mechanically coupled and treated as a single improvement. Stop-loss / take-profit inherited from improved 4.,2023-09-30,BKR,Energy,0.8326722423688839,99480.68611775243,-0.05,0.0,-0.05
improved_8_equal_weight_top20,Improved 8: improved 4 design with equal-weight 1/N sizing at top 20. Each position targets 5 pct of current portfolio equity. Top-N expansion from 10 to 20 and switch from fixed-dollar to percent-of-equity sizing are mechanically coupled and treated as a single improvement. Stop-loss / take-profit inherited from improved 4.,2023-09-30,PHM,Consumer Discretionary,0.8153603234133898,99480.68611775243,-0.05,0.0,-0.05
improved_8_equal_weight_top20,Improved 8: improved 4 design with equal-weight 1/N sizing at top 20. Each position targets 5 pct of current portfolio equity. Top-N expansion from 10 to 20 and switch from fixed-dollar to percent-of-equity sizing are mechanically coupled and treated as a single improvement. Stop-loss / take-profit inherited from improved 4.,2023-09-30,CPAY,Financials,0.7954264209134336,99480.68611775243,-0.05,0.0,-0.05
improved_8_equal_weight_top20,Improved 8: improved 4 design with equal-weight 1/N sizing at top 20. Each position targets 5 pct of current portfolio equity. Top-N expansion from 10 to 20 and switch from fixed-dollar to percent-of-equity sizing are mechanically coupled and treated as a single improvement. Stop-loss / take-profit inherited from improved 4.,2023-10-31,COR,Health Care,1.3374190533994972,97490.22366442779,0.1012420843030441,0.0,0.1012420843030441
improved_8_equal_weight_top20,Improved 8: improved 4 design with equal-weight 1/N sizing at top 20. Each position targets 5 pct of current portfolio equity. Top-N expansion from 10 to 20 and switch from fixed-dollar to percent-of-equity sizing are mechanically coupled and treated as a single improvement. Stop-loss / take-profit inherited from improved 4.,2023-10-31,SMCI,Information Technology,1.3042325289561307,97490.22366442779,-0.05,0.0,-0.05
improved_8_equal_weight_top20,Improved 8: improved 4 design with equal-weight 1/N sizing at top 20. Each position targets 5 pct of current portfolio equity. Top-N expansion from 10 to 20 and switch from fixed-dollar to percent-of-equity sizing are mechanically coupled and treated as a single improvement. Stop-loss / take-profit inherited from improved 4.,2023-10-31,CAT,Industrials,1.1929791481501748,97490.22366442779,0.1137666029939077,0.0,0.1137666029939077
improved_8_equal_weight_top20,Improved 8: improved 4 design with equal-weight 1/N sizing at top 20. Each position targets 5 pct of current portfolio equity. Top-N expansion from 10 to 20 and switch from fixed-dollar to percent-of-equity sizing are mechanically coupled and treated as a single improvement. Stop-loss / take-profit inherited from improved 4.,2023-10-31,APO,Financials,1.1433715320287152,97490.22366442779,0.1074125089287447,0.0,0.1074125089287447
improved_8_equal_weight_top20,Improved 8: improved 4 design with equal-weight 1/N sizing at top 20. Each position targets 5 pct of current portfolio equity. Top-N expansion from 10 to 20 and switch from fixed-dollar to percent-of-equity sizing are mechanically coupled and treated as a single improvement. Stop-loss / take-profit inherited from improved 4.,2023-10-31,BKNG,Consumer Discretionary,1.131300837563293,97490.22366442779,0.1151266500180319,0.0,0.1151266500180319
improved_8_equal_weight_top20,Improved 8: improved 4 design with equal-weight 1/N sizing at top 20. Each position targets 5 pct of current portfolio equity. Top-N expansion from 10 to 20 and switch from fixed-dollar to percent-of-equity sizing are mechanically coupled and treated as a single improvement. Stop-loss / take-profit inherited from improved 4.,2023-10-31,ON,Information Technology,1.1262102004267605,97490.22366442779,0.14128,0.0,0.14128
improved_8_equal_weight_top20,Improved 8: improved 4 design with equal-weight 1/N sizing at top 20. Each position targets 5 pct of current portfolio equity. Top-N expansion from 10 to 20 and switch from fixed-dollar to percent-of-equity sizing are mechanically coupled and treated as a single improvement. Stop-loss / take-profit inherited from improved 4.,2023-10-31,MAR,Consumer Discretionary,1.0876839562698437,97490.22366442779,0.0701955504336377,0.0,0.0701955504336377
improved_8_equal_weight_top20,Improved 8: improved 4 design with equal-weight 1/N sizing at top 20. Each position targets 5 pct of current portfolio equity. Top-N expansion from 10 to 20 and switch from fixed-dollar to percent-of-equity sizing are mechanically coupled and treated as a single improvement. Stop-loss / take-profit inherited from improved 4.,2023-10-31,GE,Industrials,1.043299014241558,97490.22366442779,0.1246537396123572,0.0,0.1246537396123572
improved_8_equal_weight_top20,Improved 8: improved 4 design with equal-weight 1/N sizing at top 20. Each position targets 5 pct of current portfolio equity. Top-N expansion from 10 to 20 and switch from fixed-dollar to percent-of-equity sizing are mechanically coupled and treated as a single improvement. Stop-loss / take-profit inherited from improved 4.,2023-10-31,AVGO,Information Technology,0.9711528690922921,97490.22366442779,0.0994418052260648,0.0,0.0994418052260648
improved_8_equal_weight_top20,Improved 8: improved 4 design with equal-weight 1/N sizing at top 20. Each position targets 5 pct of current portfolio equity. Top-N expansion from 10 to 20 and switch from fixed-dollar to percent-of-equity sizing are mechanically coupled and treated as a single improvement. Stop-loss / take-profit inherited from improved 4.,2023-10-31,MSI,Information Technology,0.9613930348238726,97490.22366442779,0.1590680643311519,0.0,0.1590680643311519
improved_8_equal_weight_top20,Improved 8: improved 4 design with equal-weight 1/N sizing at top 20. Each position targets 5 pct of current portfolio equity. Top-N expansion from 10 to 20 and switch from fixed-dollar to percent-of-equity sizing are mechanically coupled and treated as a single improvement. Stop-loss / take-profit inherited from improved 4.,2023-10-31,NVDA,Information Technology,0.9603518024990392,97490.22366442779,0.143968300557024,0.0,0.143968300557024
improved_8_equal_weight_top20,Improved 8: improved 4 design with equal-weight 1/N sizing at top 20. Each position targets 5 pct of current portfolio equity. Top-N expansion from 10 to 20 and switch from fixed-dollar to percent-of-equity sizing are mechanically coupled and treated as a single improvement. Stop-loss / take-profit inherited from improved 4.,2023-10-31,APA,Energy,0.9355900353530562,97490.22366442779,-0.05,0.0,-0.05
improved_8_equal_weight_top20,Improved 8: improved 4 design with equal-weight 1/N sizing at top 20. Each position targets 5 pct of current portfolio equity. Top-N expansion from 10 to 20 and switch from fixed-dollar to percent-of-equity sizing are mechanically coupled and treated as a single improvement. Stop-loss / take-profit inherited from improved 4.,2023-10-31,JBL,Information Technology,0.9301566826845887,97490.22366442779,-0.05,0.0,-0.05
improved_8_equal_weight_top20,Improved 8: improved 4 design with equal-weight 1/N sizing at top 20. Each position targets 5 pct of current portfolio equity. Top-N expansion from 10 to 20 and switch from fixed-dollar to percent-of-equity sizing are mechanically coupled and treated as a single improvement. Stop-loss / take-profit inherited from improved 4.,2023-10-31,AMGN,Health Care,0.9268862240404038,97490.22366442779,0.0605028589299492,0.0,0.0605028589299492
improved_8_equal_weight_top20,Improved 8: improved 4 design with equal-weight 1/N sizing at top 20. Each position targets 5 pct of current portfolio equity. Top-N expansion from 10 to 20 and switch from fixed-dollar to percent-of-equity sizing are mechanically coupled and treated as a single improvement. Stop-loss / take-profit inherited from improved 4.,2023-10-31,F,Consumer Discretionary,0.8921082981982016,97490.22366442779,0.0432130147451819,0.0,0.0432130147451819
improved_8_equal_weight_top20,Improved 8: improved 4 design with equal-weight 1/N sizing at top 20. Each position targets 5 pct of current portfolio equity. Top-N expansion from 10 to 20 and switch from fixed-dollar to percent-of-equity sizing are mechanically coupled and treated as a single improvement. Stop-loss / take-profit inherited from improved 4.,2023-10-31,META,Communication Services,0.8809611536849432,97490.22366442779,0.0838164651316346,0.0,0.0838164651316346
improved_8_equal_weight_top20,Improved 8: improved 4 design with equal-weight 1/N sizing at top 20. Each position targets 5 pct of current portfolio equity. Top-N expansion from 10 to 20 and switch from fixed-dollar to percent-of-equity sizing are mechanically coupled and treated as a single improvement. Stop-loss / take-profit inherited from improved 4.,2023-10-31,WST,Health Care,0.8576141745822887,97490.22366442779,0.1024385112929151,0.0,0.1024385112929151
improved_8_equal_weight_top20,Improved 8: improved 4 design with equal-weight 1/N sizing at top 20. Each position targets 5 pct of current portfolio equity. Top-N expansion from 10 to 20 and switch from fixed-dollar to percent-of-equity sizing are mechanically coupled and treated as a single improvement. Stop-loss / take-profit inherited from improved 4.,2023-10-31,HUBB,Industrials,0.8162354039799256,97490.22366442779,0.0964625083716173,0.0,0.0964625083716173
improved_8_equal_weight_top20,Improved 8: improved 4 design with equal-weight 1/N sizing at top 20. Each position targets 5 pct of current portfolio equity. Top-N expansion from 10 to 20 and switch from fixed-dollar to percent-of-equity sizing are mechanically coupled and treated as a single improvement. Stop-loss / take-profit inherited from improved 4.,2023-10-31,ALGN,Health Care,0.8060188370295263,97490.22366442779,0.1636007401763362,0.0,0.1636007401763362
improved_8_equal_weight_top20,Improved 8: improved 4 design with equal-weight 1/N sizing at top 20. Each position targets 5 pct of current portfolio equity. Top-N expansion from 10 to 20 and switch from fixed-dollar to percent-of-equity sizing are mechanically coupled and treated as a single improvement. Stop-loss / take-profit inherited from improved 4.,2023-10-31,PHM,Consumer Discretionary,0.802261604620707,97490.22366442779,0.2020119630241561,0.0,0.2020119630241561
improved_8_equal_weight_top20,Improved 8: improved 4 design with equal-weight 1/N sizing at top 20. Each position targets 5 pct of current portfolio equity. Top-N expansion from 10 to 20 and switch from fixed-dollar to percent-of-equity sizing are mechanically coupled and treated as a single improvement. Stop-loss / take-profit inherited from improved 4.,2023-11-30,BKNG,Consumer Discretionary,2.123184678480107,106158.08611913264,0.1350050715293365,0.0,0.1350050715293365
improved_8_equal_weight_top20,Improved 8: improved 4 design with equal-weight 1/N sizing at top 20. Each position targets 5 pct of current portfolio equity. Top-N expansion from 10 to 20 and switch from fixed-dollar to percent-of-equity sizing are mechanically coupled and treated as a single improvement. Stop-loss / take-profit inherited from improved 4.,2023-11-30,SMCI,Information Technology,1.9470012162940518,106158.08611913264,0.0838862197818957,0.0,0.0838862197818957
improved_8_equal_weight_top20,Improved 8: improved 4 design with equal-weight 1/N sizing at top 20. Each position targets 5 pct of current portfolio equity. Top-N expansion from 10 to 20 and switch from fixed-dollar to percent-of-equity sizing are mechanically coupled and treated as a single improvement. Stop-loss / take-profit inherited from improved 4.,2023-11-30,FTNT,Information Technology,1.84255391202304,106158.08611913264,0.1245388871810635,0.0,0.1245388871810635
improved_8_equal_weight_top20,Improved 8: improved 4 design with equal-weight 1/N sizing at top 20. Each position targets 5 pct of current portfolio equity. Top-N expansion from 10 to 20 and switch from fixed-dollar to percent-of-equity sizing are mechanically coupled and treated as a single improvement. Stop-loss / take-profit inherited from improved 4.,2023-11-30,META,Communication Services,1.7981191835136807,106158.08611913264,0.0875015361926063,0.0,0.0875015361926063
improved_8_equal_weight_top20,Improved 8: improved 4 design with equal-weight 1/N sizing at top 20. Each position targets 5 pct of current portfolio equity. Top-N expansion from 10 to 20 and switch from fixed-dollar to percent-of-equity sizing are mechanically coupled and treated as a single improvement. Stop-loss / take-profit inherited from improved 4.,2023-11-30,NVDA,Information Technology,1.7205488540832992,106158.08611913264,0.0645084130920845,0.0,0.0645084130920845
improved_8_equal_weight_top20,Improved 8: improved 4 design with equal-weight 1/N sizing at top 20. Each position targets 5 pct of current portfolio equity. Top-N expansion from 10 to 20 and switch from fixed-dollar to percent-of-equity sizing are mechanically coupled and treated as a single improvement. Stop-loss / take-profit inherited from improved 4.,2023-11-30,MSI,Information Technology,1.6776266639033326,106158.08611913264,-0.0296560318886383,0.0,-0.0296560318886383
improved_8_equal_weight_top20,Improved 8: improved 4 design with equal-weight 1/N sizing at top 20. Each position targets 5 pct of current portfolio equity. Top-N expansion from 10 to 20 and switch from fixed-dollar to percent-of-equity sizing are mechanically coupled and treated as a single improvement. Stop-loss / take-profit inherited from improved 4.,2023-11-30,COR,Health Care,1.6634510649899996,106158.08611913264,0.009287925696894,0.0,0.009287925696894
improved_8_equal_weight_top20,Improved 8: improved 4 design with equal-weight 1/N sizing at top 20. Each position targets 5 pct of current portfolio equity. Top-N expansion from 10 to 20 and switch from fixed-dollar to percent-of-equity sizing are mechanically coupled and treated as a single improvement. Stop-loss / take-profit inherited from improved 4.,2023-11-30,HD,Consumer Discretionary,1.570636603431693,106158.08611913264,0.1042602682982887,0.0,0.1042602682982887
improved_8_equal_weight_top20,Improved 8: improved 4 design with equal-weight 1/N sizing at top 20. Each position targets 5 pct of current portfolio equity. Top-N expansion from 10 to 20 and switch from fixed-dollar to percent-of-equity sizing are mechanically coupled and treated as a single improvement. Stop-loss / take-profit inherited from improved 4.,2023-11-30,CL,Consumer Staples,1.4143489740452184,106158.08611913264,0.0107785949788288,0.0,0.0107785949788288
improved_8_equal_weight_top20,Improved 8: improved 4 design with equal-weight 1/N sizing at top 20. Each position targets 5 pct of current portfolio equity. Top-N expansion from 10 to 20 and switch from fixed-dollar to percent-of-equity sizing are mechanically coupled and treated as a single improvement. Stop-loss / take-profit inherited from improved 4.,2023-11-30,AVGO,Information Technology,1.204113433038915,106158.08611913264,0.2156543585765382,0.0,0.2156543585765382
improved_8_equal_weight_top20,Improved 8: improved 4 design with equal-weight 1/N sizing at top 20. Each position targets 5 pct of current portfolio equity. Top-N expansion from 10 to 20 and switch from fixed-dollar to percent-of-equity sizing are mechanically coupled and treated as a single improvement. Stop-loss / take-profit inherited from improved 4.,2023-11-30,BLDR,Industrials,1.1564515327837617,106158.08611913264,0.2491768931457647,0.0,0.2491768931457647
improved_8_equal_weight_top20,Improved 8: improved 4 design with equal-weight 1/N sizing at top 20. Each position targets 5 pct of current portfolio equity. Top-N expansion from 10 to 20 and switch from fixed-dollar to percent-of-equity sizing are mechanically coupled and treated as a single improvement. Stop-loss / take-profit inherited from improved 4.,2023-11-30,JBL,Information Technology,1.1126345552853472,106158.08611913264,0.109852774632227,0.0,0.109852774632227
improved_8_equal_weight_top20,Improved 8: improved 4 design with equal-weight 1/N sizing at top 20. Each position targets 5 pct of current portfolio equity. Top-N expansion from 10 to 20 and switch from fixed-dollar to percent-of-equity sizing are mechanically coupled and treated as a single improvement. Stop-loss / take-profit inherited from improved 4.,2023-11-30,PHM,Consumer Discretionary,0.9337234540351438,106158.08611913264,0.1684825687134294,0.0,0.1684825687134294
improved_8_equal_weight_top20,Improved 8: improved 4 design with equal-weight 1/N sizing at top 20. Each position targets 5 pct of current portfolio equity. Top-N expansion from 10 to 20 and switch from fixed-dollar to percent-of-equity sizing are mechanically coupled and treated as a single improvement. Stop-loss / take-profit inherited from improved 4.,2023-11-30,APA,Energy,0.8819826787053158,106158.08611913264,-0.05,0.0,-0.05
improved_8_equal_weight_top20,Improved 8: improved 4 design with equal-weight 1/N sizing at top 20. Each position targets 5 pct of current portfolio equity. Top-N expansion from 10 to 20 and switch from fixed-dollar to percent-of-equity sizing are mechanically coupled and treated as a single improvement. Stop-loss / take-profit inherited from improved 4.,2023-11-30,KLAC,Information Technology,0.8619850842914849,106158.08611913264,0.0700611147927789,0.0,0.0700611147927789
improved_8_equal_weight_top20,Improved 8: improved 4 design with equal-weight 1/N sizing at top 20. Each position targets 5 pct of current portfolio equity. Top-N expansion from 10 to 20 and switch from fixed-dollar to percent-of-equity sizing are mechanically coupled and treated as a single improvement. Stop-loss / take-profit inherited from improved 4.,2023-11-30,VRT,Industrials,0.7769788127780832,106158.08611913264,0.1047234942143209,0.0,0.1047234942143209
improved_8_equal_weight_top20,Improved 8: improved 4 design with equal-weight 1/N sizing at top 20. Each position targets 5 pct of current portfolio equity. Top-N expansion from 10 to 20 and switch from fixed-dollar to percent-of-equity sizing are mechanically coupled and treated as a single improvement. Stop-loss / take-profit inherited from improved 4.,2023-11-30,GOOGL,Communication Services,0.7644142057281993,106158.08611913264,0.0593811618378667,0.0,0.0593811618378667
improved_8_equal_weight_top20,Improved 8: improved 4 design with equal-weight 1/N sizing at top 20. Each position targets 5 pct of current portfolio equity. Top-N expansion from 10 to 20 and switch from fixed-dollar to percent-of-equity sizing are mechanically coupled and treated as a single improvement. Stop-loss / take-profit inherited from improved 4.,2023-11-30,ADBE,Information Technology,0.7606091299281291,106158.08611913264,-0.05,0.0,-0.05
improved_8_equal_weight_top20,Improved 8: improved 4 design with equal-weight 1/N sizing at top 20. Each position targets 5 pct of current portfolio equity. Top-N expansion from 10 to 20 and switch from fixed-dollar to percent-of-equity sizing are mechanically coupled and treated as a single improvement. Stop-loss / take-profit inherited from improved 4.,2023-11-30,ACGL,Financials,0.7440383778865554,106158.08611913264,-0.05,0.0,-0.05
improved_8_equal_weight_top20,Improved 8: improved 4 design with equal-weight 1/N sizing at top 20. Each position targets 5 pct of current portfolio equity. Top-N expansion from 10 to 20 and switch from fixed-dollar to percent-of-equity sizing are mechanically coupled and treated as a single improvement. Stop-loss / take-profit inherited from improved 4.,2023-11-30,AAPL,Information Technology,0.7190598940531365,106158.08611913264,0.0115588714338228,0.0,0.0115588714338228
improved_8_equal_weight_top20,Improved 8: improved 4 design with equal-weight 1/N sizing at top 20. Each position targets 5 pct of current portfolio equity. Top-N expansion from 10 to 20 and switch from fixed-dollar to percent-of-equity sizing are mechanically coupled and treated as a single improvement. Stop-loss / take-profit inherited from improved 4.,2023-12-31,CVNA,Consumer Discretionary,2.2934798128327842,113743.09263682752,-0.05,0.0,-0.05
improved_8_equal_weight_top20,Improved 8: improved 4 design with equal-weight 1/N sizing at top 20. Each position targets 5 pct of current portfolio equity. Top-N expansion from 10 to 20 and switch from fixed-dollar to percent-of-equity sizing are mechanically coupled and treated as a single improvement. Stop-loss / take-profit inherited from improved 4.,2023-12-31,SMCI,Information Technology,2.2263914475264275,113743.09263682752,0.3,0.0,0.3
improved_8_equal_weight_top20,Improved 8: improved 4 design with equal-weight 1/N sizing at top 20. Each position targets 5 pct of current portfolio equity. Top-N expansion from 10 to 20 and switch from fixed-dollar to percent-of-equity sizing are mechanically coupled and treated as a single improvement. Stop-loss / take-profit inherited from improved 4.,2023-12-31,FTNT,Information Technology,2.1877437460630933,113743.09263682752,0.1099827882960411,0.0,0.1099827882960411
improved_8_equal_weight_top20,Improved 8: improved 4 design with equal-weight 1/N sizing at top 20. Each position targets 5 pct of current portfolio equity. Top-N expansion from 10 to 20 and switch from fixed-dollar to percent-of-equity sizing are mechanically coupled and treated as a single improvement. Stop-loss / take-profit inherited from improved 4.,2023-12-31,BKNG,Consumer Discretionary,2.1367607731480285,113743.09263682752,-0.003559659091017,0.0,-0.003559659091017
improved_8_equal_weight_top20,Improved 8: improved 4 design with equal-weight 1/N sizing at top 20. Each position targets 5 pct of current portfolio equity. Top-N expansion from 10 to 20 and switch from fixed-dollar to percent-of-equity sizing are mechanically coupled and treated as a single improvement. Stop-loss / take-profit inherited from improved 4.,2023-12-31,ORCL,Information Technology,2.064103140455986,113743.09263682752,0.0728085161926797,0.0,0.0728085161926797
improved_8_equal_weight_top20,Improved 8: improved 4 design with equal-weight 1/N sizing at top 20. Each position targets 5 pct of current portfolio equity. Top-N expansion from 10 to 20 and switch from fixed-dollar to percent-of-equity sizing are mechanically coupled and treated as a single improvement. Stop-loss / take-profit inherited from improved 4.,2023-12-31,HD,Consumer Discretionary,1.9516676943211753,113743.09263682752,0.0254205281659563,0.0,0.0254205281659563
improved_8_equal_weight_top20,Improved 8: improved 4 design with equal-weight 1/N sizing at top 20. Each position targets 5 pct of current portfolio equity. Top-N expansion from 10 to 20 and switch from fixed-dollar to percent-of-equity sizing are mechanically coupled and treated as a single improvement. Stop-loss / take-profit inherited from improved 4.,2023-12-31,VRT,Industrials,1.7981408491559918,113743.09263682752,-0.05,0.0,-0.05
improved_8_equal_weight_top20,Improved 8: improved 4 design with equal-weight 1/N sizing at top 20. Each position targets 5 pct of current portfolio equity. Top-N expansion from 10 to 20 and switch from fixed-dollar to percent-of-equity sizing are mechanically coupled and treated as a single improvement. Stop-loss / take-profit inherited from improved 4.,2023-12-31,MSI,Information Technology,1.4995202005351902,113743.09263682752,0.0228582404917212,0.0,0.0228582404917212
improved_8_equal_weight_top20,Improved 8: improved 4 design with equal-weight 1/N sizing at top 20. Each position targets 5 pct of current portfolio equity. Top-N expansion from 10 to 20 and switch from fixed-dollar to percent-of-equity sizing are mechanically coupled and treated as a single improvement. Stop-loss / take-profit inherited from improved 4.,2023-12-31,CL,Consumer Staples,1.432672398703763,113743.09263682752,0.0637047801665908,0.0,0.0637047801665908
improved_8_equal_weight_top20,Improved 8: improved 4 design with equal-weight 1/N sizing at top 20. Each position targets 5 pct of current portfolio equity. Top-N expansion from 10 to 20 and switch from fixed-dollar to percent-of-equity sizing are mechanically coupled and treated as a single improvement. Stop-loss / take-profit inherited from improved 4.,2023-12-31,BLDR,Industrials,1.2784002434787314,113743.09263682752,-0.05,0.0,-0.05
improved_8_equal_weight_top20,Improved 8: improved 4 design with equal-weight 1/N sizing at top 20. Each position targets 5 pct of current portfolio equity. Top-N expansion from 10 to 20 and switch from fixed-dollar to percent-of-equity sizing are mechanically coupled and treated as a single improvement. Stop-loss / take-profit inherited from improved 4.,2023-12-31,META,Communication Services,1.2736556130800551,113743.09263682752,0.1104975520892774,0.0,0.1104975520892774
improved_8_equal_weight_top20,Improved 8: improved 4 design with equal-weight 1/N sizing at top 20. Each position targets 5 pct of current portfolio equity. Top-N expansion from 10 to 20 and switch from fixed-dollar to percent-of-equity sizing are mechanically coupled and treated as a single improvement. Stop-loss / take-profit inherited from improved 4.,2023-12-31,COR,Health Care,1.2557106773852376,113743.09263682752,0.1350243902437629,0.0,0.1350243902437629
improved_8_equal_weight_top20,Improved 8: improved 4 design with equal-weight 1/N sizing at top 20. Each position targets 5 pct of current portfolio equity. Top-N expansion from 10 to 20 and switch from fixed-dollar to percent-of-equity sizing are mechanically coupled and treated as a single improvement. Stop-loss / take-profit inherited from improved 4.,2023-12-31,TSLA,Consumer Discretionary,1.1670832287001245,113743.09263682752,-0.05,0.0,-0.05
improved_8_equal_weight_top20,Improved 8: improved 4 design with equal-weight 1/N sizing at top 20. Each position targets 5 pct of current portfolio equity. Top-N expansion from 10 to 20 and switch from fixed-dollar to percent-of-equity sizing are mechanically coupled and treated as a single improvement. Stop-loss / take-profit inherited from improved 4.,2023-12-31,NVDA,Information Technology,1.1194078783795873,113743.09263682752,0.2494314028114244,0.0,0.2494314028114244
improved_8_equal_weight_top20,Improved 8: improved 4 design with equal-weight 1/N sizing at top 20. Each position targets 5 pct of current portfolio equity. Top-N expansion from 10 to 20 and switch from fixed-dollar to percent-of-equity sizing are mechanically coupled and treated as a single improvement. Stop-loss / take-profit inherited from improved 4.,2023-12-31,DECK,Consumer Discretionary,1.1178083443100153,113743.09263682752,0.1336842896900454,0.0,0.1336842896900454
improved_8_equal_weight_top20,Improved 8: improved 4 design with equal-weight 1/N sizing at top 20. Each position targets 5 pct of current portfolio equity. Top-N expansion from 10 to 20 and switch from fixed-dollar to percent-of-equity sizing are mechanically coupled and treated as a single improvement. Stop-loss / take-profit inherited from improved 4.,2023-12-31,APA,Energy,1.061288023719892,113743.09263682752,-0.05,0.0,-0.05
improved_8_equal_weight_top20,Improved 8: improved 4 design with equal-weight 1/N sizing at top 20. Each position targets 5 pct of current portfolio equity. Top-N expansion from 10 to 20 and switch from fixed-dollar to percent-of-equity sizing are mechanically coupled and treated as a single improvement. Stop-loss / take-profit inherited from improved 4.,2023-12-31,UBER,Industrials,0.9944372767834732,113743.09263682752,-0.05,0.0,-0.05
improved_8_equal_weight_top20,Improved 8: improved 4 design with equal-weight 1/N sizing at top 20. Each position targets 5 pct of current portfolio equity. Top-N expansion from 10 to 20 and switch from fixed-dollar to percent-of-equity sizing are mechanically coupled and treated as a single improvement. Stop-loss / take-profit inherited from improved 4.,2023-12-31,RCL,Consumer Discretionary,0.8877581120484465,113743.09263682752,-0.05,0.0,-0.05
improved_8_equal_weight_top20,Improved 8: improved 4 design with equal-weight 1/N sizing at top 20. Each position targets 5 pct of current portfolio equity. Top-N expansion from 10 to 20 and switch from fixed-dollar to percent-of-equity sizing are mechanically coupled and treated as a single improvement. Stop-loss / take-profit inherited from improved 4.,2023-12-31,AVGO,Information Technology,0.8440960059618696,113743.09263682752,0.0804673479104924,0.0,0.0804673479104924
improved_8_equal_weight_top20,Improved 8: improved 4 design with equal-weight 1/N sizing at top 20. Each position targets 5 pct of current portfolio equity. Top-N expansion from 10 to 20 and switch from fixed-dollar to percent-of-equity sizing are mechanically coupled and treated as a single improvement. Stop-loss / take-profit inherited from improved 4.,2023-12-31,PHM,Consumer Discretionary,0.8112684511847147,113743.09263682752,0.0268093881961641,0.0,0.0268093881961641
improved_8_equal_weight_top20,Improved 8: improved 4 design with equal-weight 1/N sizing at top 20. Each position targets 5 pct of current portfolio equity. Top-N expansion from 10 to 20 and switch from fixed-dollar to percent-of-equity sizing are mechanically coupled and treated as a single improvement. Stop-loss / take-profit inherited from improved 4.,2024-01-31,ORCL,Information Technology,2.1614042757455274,119300.17956925422,-0.05,0.0,-0.05
improved_8_equal_weight_top20,Improved 8: improved 4 design with equal-weight 1/N sizing at top 20. Each position targets 5 pct of current portfolio equity. Top-N expansion from 10 to 20 and switch from fixed-dollar to percent-of-equity sizing are mechanically coupled and treated as a single improvement. Stop-loss / take-profit inherited from improved 4.,2024-01-31,MSI,Information Technology,2.0858107010679596,119300.17956925422,0.034084507042273,0.0,0.034084507042273
improved_8_equal_weight_top20,Improved 8: improved 4 design with equal-weight 1/N sizing at top 20. Each position targets 5 pct of current portfolio equity. Top-N expansion from 10 to 20 and switch from fixed-dollar to percent-of-equity sizing are mechanically coupled and treated as a single improvement. Stop-loss / take-profit inherited from improved 4.,2024-01-31,FTNT,Information Technology,2.080689533038519,119300.17956925422,-0.05,0.0,-0.05
improved_8_equal_weight_top20,Improved 8: improved 4 design with equal-weight 1/N sizing at top 20. Each position targets 5 pct of current portfolio equity. Top-N expansion from 10 to 20 and switch from fixed-dollar to percent-of-equity sizing are mechanically coupled and treated as a single improvement. Stop-loss / take-profit inherited from improved 4.,2024-01-31,BKNG,Consumer Discretionary,2.0755670843474365,119300.17956925422,-0.0343572969586215,0.0,-0.0343572969586215
improved_8_equal_weight_top20,Improved 8: improved 4 design with equal-weight 1/N sizing at top 20. Each position targets 5 pct of current portfolio equity. Top-N expansion from 10 to 20 and switch from fixed-dollar to percent-of-equity sizing are mechanically coupled and treated as a single improvement. Stop-loss / take-profit inherited from improved 4.,2024-01-31,HD,Consumer Discretionary,1.8437853128564812,119300.17956925422,0.0769949066213853,0.0,0.0769949066213853
improved_8_equal_weight_top20,Improved 8: improved 4 design with equal-weight 1/N sizing at top 20. Each position targets 5 pct of current portfolio equity. Top-N expansion from 10 to 20 and switch from fixed-dollar to percent-of-equity sizing are mechanically coupled and treated as a single improvement. Stop-loss / take-profit inherited from improved 4.,2024-01-31,CL,Consumer Staples,1.595622929444208,119300.17956925422,0.0298773955480642,0.0,0.0298773955480642
improved_8_equal_weight_top20,Improved 8: improved 4 design with equal-weight 1/N sizing at top 20. Each position targets 5 pct of current portfolio equity. Top-N expansion from 10 to 20 and switch from fixed-dollar to percent-of-equity sizing are mechanically coupled and treated as a single improvement. Stop-loss / take-profit inherited from improved 4.,2024-01-31,CVNA,Consumer Discretionary,1.2720330419548473,119300.17956925422,-0.05,0.0,-0.05
improved_8_equal_weight_top20,Improved 8: improved 4 design with equal-weight 1/N sizing at top 20. Each position targets 5 pct of current portfolio equity. Top-N expansion from 10 to 20 and switch from fixed-dollar to percent-of-equity sizing are mechanically coupled and treated as a single improvement. Stop-loss / take-profit inherited from improved 4.,2024-01-31,META,Communication Services,1.246218339792613,119300.17956925422,0.2455034005119332,0.0,0.2455034005119332
improved_8_equal_weight_top20,Improved 8: improved 4 design with equal-weight 1/N sizing at top 20. Each position targets 5 pct of current portfolio equity. Top-N expansion from 10 to 20 and switch from fixed-dollar to percent-of-equity sizing are mechanically coupled and treated as a single improvement. Stop-loss / take-profit inherited from improved 4.,2024-01-31,NVDA,Information Technology,1.2233357360569788,119300.17956925422,0.3,0.0,0.3
improved_8_equal_weight_top20,Improved 8: improved 4 design with equal-weight 1/N sizing at top 20. Each position targets 5 pct of current portfolio equity. Top-N expansion from 10 to 20 and switch from fixed-dollar to percent-of-equity sizing are mechanically coupled and treated as a single improvement. Stop-loss / take-profit inherited from improved 4.,2024-01-31,WSM,Consumer Discretionary,1.1220135083770426,119300.17956925422,0.2040795460364148,0.0,0.2040795460364148
improved_8_equal_weight_top20,Improved 8: improved 4 design with equal-weight 1/N sizing at top 20. Each position targets 5 pct of current portfolio equity. Top-N expansion from 10 to 20 and switch from fixed-dollar to percent-of-equity sizing are mechanically coupled and treated as a single improvement. Stop-loss / take-profit inherited from improved 4.,2024-01-31,GOOGL,Communication Services,1.095103553598582,119300.17956925422,-0.0257528848861579,0.0,-0.0257528848861579
improved_8_equal_weight_top20,Improved 8: improved 4 design with equal-weight 1/N sizing at top 20. Each position targets 5 pct of current portfolio equity. Top-N expansion from 10 to 20 and switch from fixed-dollar to percent-of-equity sizing are mechanically coupled and treated as a single improvement. Stop-loss / take-profit inherited from improved 4.,2024-01-31,AVGO,Information Technology,1.0489639598840654,119300.17956925422,0.0952878258305691,0.0,0.0952878258305691
improved_8_equal_weight_top20,Improved 8: improved 4 design with equal-weight 1/N sizing at top 20. Each position targets 5 pct of current portfolio equity. Top-N expansion from 10 to 20 and switch from fixed-dollar to percent-of-equity sizing are mechanically coupled and treated as a single improvement. Stop-loss / take-profit inherited from improved 4.,2024-01-31,ANET,Information Technology,0.9960667093527062,119300.17956925422,0.0593129770992366,0.0,0.0593129770992366
improved_8_equal_weight_top20,Improved 8: improved 4 design with equal-weight 1/N sizing at top 20. Each position targets 5 pct of current portfolio equity. Top-N expansion from 10 to 20 and switch from fixed-dollar to percent-of-equity sizing are mechanically coupled and treated as a single improvement. Stop-loss / take-profit inherited from improved 4.,2024-01-31,AAPL,Information Technology,0.9131022542449359,119300.17956925422,-0.0163344505478771,0.0,-0.0163344505478771
improved_8_equal_weight_top20,Improved 8: improved 4 design with equal-weight 1/N sizing at top 20. Each position targets 5 pct of current portfolio equity. Top-N expansion from 10 to 20 and switch from fixed-dollar to percent-of-equity sizing are mechanically coupled and treated as a single improvement. Stop-loss / take-profit inherited from improved 4.,2024-01-31,LULU,Consumer Discretionary,0.8456554412497357,119300.17956925422,0.0267970982633545,0.0,0.0267970982633545
improved_8_equal_weight_top20,Improved 8: improved 4 design with equal-weight 1/N sizing at top 20. Each position targets 5 pct of current portfolio equity. Top-N expansion from 10 to 20 and switch from fixed-dollar to percent-of-equity sizing are mechanically coupled and treated as a single improvement. Stop-loss / take-profit inherited from improved 4.,2024-01-31,PANW,Information Technology,0.7782981542036775,119300.17956925422,-0.05,0.0,-0.05
improved_8_equal_weight_top20,Improved 8: improved 4 design with equal-weight 1/N sizing at top 20. Each position targets 5 pct of current portfolio equity. Top-N expansion from 10 to 20 and switch from fixed-dollar to percent-of-equity sizing are mechanically coupled and treated as a single improvement. Stop-loss / take-profit inherited from improved 4.,2024-01-31,BLDR,Industrials,0.751524865316936,119300.17956925422,0.1074042553191489,0.0,0.1074042553191489
improved_8_equal_weight_top20,Improved 8: improved 4 design with equal-weight 1/N sizing at top 20. Each position targets 5 pct of current portfolio equity. Top-N expansion from 10 to 20 and switch from fixed-dollar to percent-of-equity sizing are mechanically coupled and treated as a single improvement. Stop-loss / take-profit inherited from improved 4.,2024-01-31,ROK,Industrials,0.7489721233965461,119300.17956925422,0.1096839857545393,0.0,0.1096839857545393
improved_8_equal_weight_top20,Improved 8: improved 4 design with equal-weight 1/N sizing at top 20. Each position targets 5 pct of current portfolio equity. Top-N expansion from 10 to 20 and switch from fixed-dollar to percent-of-equity sizing are mechanically coupled and treated as a single improvement. Stop-loss / take-profit inherited from improved 4.,2024-01-31,KLAC,Information Technology,0.7203486747263255,119300.17956925422,0.1420162682772132,0.0,0.1420162682772132
improved_8_equal_weight_top20,Improved 8: improved 4 design with equal-weight 1/N sizing at top 20. Each position targets 5 pct of current portfolio equity. Top-N expansion from 10 to 20 and switch from fixed-dollar to percent-of-equity sizing are mechanically coupled and treated as a single improvement. Stop-loss / take-profit inherited from improved 4.,2024-01-31,UPS,Industrials,0.7194864024732377,119300.17956925422,0.0555517784288612,0.0,0.0555517784288612
improved_8_equal_weight_top20,Improved 8: improved 4 design with equal-weight 1/N sizing at top 20. Each position targets 5 pct of current portfolio equity. Top-N expansion from 10 to 20 and switch from fixed-dollar to percent-of-equity sizing are mechanically coupled and treated as a single improvement. Stop-loss / take-profit inherited from improved 4.,2024-02-29,COR,Health Care,1.351291165303254,126518.73108264481,0.0263135664807412,0.0,0.0263135664807412
improved_8_equal_weight_top20,Improved 8: improved 4 design with equal-weight 1/N sizing at top 20. Each position targets 5 pct of current portfolio equity. Top-N expansion from 10 to 20 and switch from fixed-dollar to percent-of-equity sizing are mechanically coupled and treated as a single improvement. Stop-loss / take-profit inherited from improved 4.,2024-02-29,LII,Industrials,1.3403262451196636,126518.73108264481,0.0419992794203367,0.0,0.0419992794203367
improved_8_equal_weight_top20,Improved 8: improved 4 design with equal-weight 1/N sizing at top 20. Each position targets 5 pct of current portfolio equity. Top-N expansion from 10 to 20 and switch from fixed-dollar to percent-of-equity sizing are mechanically coupled and treated as a single improvement. Stop-loss / take-profit inherited from improved 4.,2024-02-29,NVDA,Information Technology,1.3257724610518864,126518.73108264481,0.12950255455687,0.0,0.12950255455687
improved_8_equal_weight_top20,Improved 8: improved 4 design with equal-weight 1/N sizing at top 20. Each position targets 5 pct of current portfolio equity. Top-N expansion from 10 to 20 and switch from fixed-dollar to percent-of-equity sizing are mechanically coupled and treated as a single improvement. Stop-loss / take-profit inherited from improved 4.,2024-02-29,ORCL,Information Technology,1.1191218247910066,126518.73108264481,0.1247313753573813,0.0,0.1247313753573813
improved_8_equal_weight_top20,Improved 8: improved 4 design with equal-weight 1/N sizing at top 20. Each position targets 5 pct of current portfolio equity. Top-N expansion from 10 to 20 and switch from fixed-dollar to percent-of-equity sizing are mechanically coupled and treated as a single improvement. Stop-loss / take-profit inherited from improved 4.,2024-02-29,MSI,Information Technology,1.0823210770439924,126518.73108264481,0.0759040922699436,0.0,0.0759040922699436
improved_8_equal_weight_top20,Improved 8: improved 4 design with equal-weight 1/N sizing at top 20. Each position targets 5 pct of current portfolio equity. Top-N expansion from 10 to 20 and switch from fixed-dollar to percent-of-equity sizing are mechanically coupled and treated as a single improvement. Stop-loss / take-profit inherited from improved 4.,2024-02-29,CL,Consumer Staples,1.0600603392342884,126518.73108264481,0.0426073868233718,0.0,0.0426073868233718
improved_8_equal_weight_top20,Improved 8: improved 4 design with equal-weight 1/N sizing at top 20. Each position targets 5 pct of current portfolio equity. Top-N expansion from 10 to 20 and switch from fixed-dollar to percent-of-equity sizing are mechanically coupled and treated as a single improvement. Stop-loss / take-profit inherited from improved 4.,2024-02-29,SMCI,Information Technology,1.0044705027401992,126518.73108264481,0.3,0.0,0.3
improved_8_equal_weight_top20,Improved 8: improved 4 design with equal-weight 1/N sizing at top 20. Each position targets 5 pct of current portfolio equity. Top-N expansion from 10 to 20 and switch from fixed-dollar to percent-of-equity sizing are mechanically coupled and treated as a single improvement. Stop-loss / take-profit inherited from improved 4.,2024-02-29,META,Communication Services,0.9616249355155343,126518.73108264481,-0.0132693909897558,0.0,-0.0132693909897558
improved_8_equal_weight_top20,Improved 8: improved 4 design with equal-weight 1/N sizing at top 20. Each position targets 5 pct of current portfolio equity. Top-N expansion from 10 to 20 and switch from fixed-dollar to percent-of-equity sizing are mechanically coupled and treated as a single improvement. Stop-loss / take-profit inherited from improved 4.,2024-02-29,HD,Consumer Discretionary,0.9418056184559717,126518.73108264481,0.0145302373232247,0.0,0.0145302373232247
improved_8_equal_weight_top20,Improved 8: improved 4 design with equal-weight 1/N sizing at top 20. Each position targets 5 pct of current portfolio equity. Top-N expansion from 10 to 20 and switch from fixed-dollar to percent-of-equity sizing are mechanically coupled and treated as a single improvement. Stop-loss / take-profit inherited from improved 4.,2024-02-29,AMGN,Health Care,0.8968926222124654,126518.73108264481,0.0282820976493236,0.0,0.0282820976493236
improved_8_equal_weight_top20,Improved 8: improved 4 design with equal-weight 1/N sizing at top 20. Each position targets 5 pct of current portfolio equity. Top-N expansion from 10 to 20 and switch from fixed-dollar to percent-of-equity sizing are mechanically coupled and treated as a single improvement. Stop-loss / take-profit inherited from improved 4.,2024-02-29,VRSK,Industrials,0.8774953328446317,126518.73108264481,-0.0170885247208958,0.0,-0.0170885247208958
improved_8_equal_weight_top20,Improved 8: improved 4 design with equal-weight 1/N sizing at top 20. Each position targets 5 pct of current portfolio equity. Top-N expansion from 10 to 20 and switch from fixed-dollar to percent-of-equity sizing are mechanically coupled and treated as a single improvement. Stop-loss / take-profit inherited from improved 4.,2024-02-29,VRT,Industrials,0.7967769876838444,126518.73108264481,0.1943928086252044,0.0,0.1943928086252044
improved_8_equal_weight_top20,Improved 8: improved 4 design with equal-weight 1/N sizing at top 20. Each position targets 5 pct of current portfolio equity. Top-N expansion from 10 to 20 and switch from fixed-dollar to percent-of-equity sizing are mechanically coupled and treated as a single improvement. Stop-loss / take-profit inherited from improved 4.,2024-02-29,KMB,Consumer Staples,0.783835688218635,126518.73108264481,0.0728943669979638,0.0,0.0728943669979638
improved_8_equal_weight_top20,Improved 8: improved 4 design with equal-weight 1/N sizing at top 20. Each position targets 5 pct of current portfolio equity. Top-N expansion from 10 to 20 and switch from fixed-dollar to percent-of-equity sizing are mechanically coupled and treated as a single improvement. Stop-loss / take-profit inherited from improved 4.,2024-02-29,AVGO,Information Technology,0.7609353993687737,126518.73108264481,-0.05,0.0,-0.05
improved_8_equal_weight_top20,Improved 8: improved 4 design with equal-weight 1/N sizing at top 20. Each position targets 5 pct of current portfolio equity. Top-N expansion from 10 to 20 and switch from fixed-dollar to percent-of-equity sizing are mechanically coupled and treated as a single improvement. Stop-loss / take-profit inherited from improved 4.,2024-02-29,APA,Energy,0.743604085082496,126518.73108264481,0.1380337636540514,0.0,0.1380337636540514
improved_8_equal_weight_top20,Improved 8: improved 4 design with equal-weight 1/N sizing at top 20. Each position targets 5 pct of current portfolio equity. Top-N expansion from 10 to 20 and switch from fixed-dollar to percent-of-equity sizing are mechanically coupled and treated as a single improvement. Stop-loss / take-profit inherited from improved 4.,2024-02-29,MA,Financials,0.7098144718605723,126518.73108264481,0.0140237097555733,0.0,0.0140237097555733
improved_8_equal_weight_top20,Improved 8: improved 4 design with equal-weight 1/N sizing at top 20. Each position targets 5 pct of current portfolio equity. Top-N expansion from 10 to 20 and switch from fixed-dollar to percent-of-equity sizing are mechanically coupled and treated as a single improvement. Stop-loss / take-profit inherited from improved 4.,2024-02-29,LLY,Health Care,0.6910035011047023,126518.73108264481,-0.05,0.0,-0.05
improved_8_equal_weight_top20,Improved 8: improved 4 design with equal-weight 1/N sizing at top 20. Each position targets 5 pct of current portfolio equity. Top-N expansion from 10 to 20 and switch from fixed-dollar to percent-of-equity sizing are mechanically coupled and treated as a single improvement. Stop-loss / take-profit inherited from improved 4.,2024-02-29,AAPL,Information Technology,0.676404320180501,126518.73108264481,-0.05,0.0,-0.05
improved_8_equal_weight_top20,Improved 8: improved 4 design with equal-weight 1/N sizing at top 20. Each position targets 5 pct of current portfolio equity. Top-N expansion from 10 to 20 and switch from fixed-dollar to percent-of-equity sizing are mechanically coupled and treated as a single improvement. Stop-loss / take-profit inherited from improved 4.,2024-02-29,PSX,Energy,0.6763802533207377,126518.73108264481,0.1404035467426825,0.0,0.1404035467426825
improved_8_equal_weight_top20,Improved 8: improved 4 design with equal-weight 1/N sizing at top 20. Each position targets 5 pct of current portfolio equity. Top-N expansion from 10 to 20 and switch from fixed-dollar to percent-of-equity sizing are mechanically coupled and treated as a single improvement. Stop-loss / take-profit inherited from improved 4.,2024-02-29,BLDR,Industrials,0.649486099705957,126518.73108264481,0.0691033987799252,0.0,0.0691033987799252
improved_8_equal_weight_top20,Improved 8: improved 4 design with equal-weight 1/N sizing at top 20. Each position targets 5 pct of current portfolio equity. Top-N expansion from 10 to 20 and switch from fixed-dollar to percent-of-equity sizing are mechanically coupled and treated as a single improvement. Stop-loss / take-profit inherited from improved 4.,2024-03-31,NVDA,Information Technology,1.8086119614533007,134314.5892581847,-0.05,0.0,-0.05
improved_8_equal_weight_top20,Improved 8: improved 4 design with equal-weight 1/N sizing at top 20. Each position targets 5 pct of current portfolio equity. Top-N expansion from 10 to 20 and switch from fixed-dollar to percent-of-equity sizing are mechanically coupled and treated as a single improvement. Stop-loss / take-profit inherited from improved 4.,2024-03-31,LII,Industrials,1.5956584753100254,134314.5892581847,-0.05,0.0,-0.05
improved_8_equal_weight_top20,Improved 8: improved 4 design with equal-weight 1/N sizing at top 20. Each position targets 5 pct of current portfolio equity. Top-N expansion from 10 to 20 and switch from fixed-dollar to percent-of-equity sizing are mechanically coupled and treated as a single improvement. Stop-loss / take-profit inherited from improved 4.,2024-03-31,SMCI,Information Technology,1.4694037200020382,134314.5892581847,-0.05,0.0,-0.05
improved_8_equal_weight_top20,Improved 8: improved 4 design with equal-weight 1/N sizing at top 20. Each position targets 5 pct of current portfolio equity. Top-N expansion from 10 to 20 and switch from fixed-dollar to percent-of-equity sizing are mechanically coupled and treated as a single improvement. Stop-loss / take-profit inherited from improved 4.,2024-03-31,META,Communication Services,1.4463259787658407,134314.5892581847,-0.05,0.0,-0.05
improved_8_equal_weight_top20,Improved 8: improved 4 design with equal-weight 1/N sizing at top 20. Each position targets 5 pct of current portfolio equity. Top-N expansion from 10 to 20 and switch from fixed-dollar to percent-of-equity sizing are mechanically coupled and treated as a single improvement. Stop-loss / take-profit inherited from improved 4.,2024-03-31,COR,Health Care,1.381409972515628,134314.5892581847,-0.0137387573232067,0.0,-0.0137387573232067
improved_8_equal_weight_top20,Improved 8: improved 4 design with equal-weight 1/N sizing at top 20. Each position targets 5 pct of current portfolio equity. Top-N expansion from 10 to 20 and switch from fixed-dollar to percent-of-equity sizing are mechanically coupled and treated as a single improvement. Stop-loss / take-profit inherited from improved 4.,2024-03-31,ORCL,Information Technology,1.3411189907505636,134314.5892581847,-0.05,0.0,-0.05
improved_8_equal_weight_top20,Improved 8: improved 4 design with equal-weight 1/N sizing at top 20. Each position targets 5 pct of current portfolio equity. Top-N expansion from 10 to 20 and switch from fixed-dollar to percent-of-equity sizing are mechanically coupled and treated as a single improvement. Stop-loss / take-profit inherited from improved 4.,2024-03-31,HD,Consumer Discretionary,1.3328139907553986,134314.5892581847,-0.05,0.0,-0.05
improved_8_equal_weight_top20,Improved 8: improved 4 design with equal-weight 1/N sizing at top 20. Each position targets 5 pct of current portfolio equity. Top-N expansion from 10 to 20 and switch from fixed-dollar to percent-of-equity sizing are mechanically coupled and treated as a single improvement. Stop-loss / take-profit inherited from improved 4.,2024-03-31,VRT,Industrials,1.1907312467411035,134314.5892581847,-0.05,0.0,-0.05
improved_8_equal_weight_top20,Improved 8: improved 4 design with equal-weight 1/N sizing at top 20. Each position targets 5 pct of current portfolio equity. Top-N expansion from 10 to 20 and switch from fixed-dollar to percent-of-equity sizing are mechanically coupled and treated as a single improvement. Stop-loss / take-profit inherited from improved 4.,2024-03-31,BLDR,Industrials,1.1286720864585846,134314.5892581847,-0.05,0.0,-0.05
improved_8_equal_weight_top20,Improved 8: improved 4 design with equal-weight 1/N sizing at top 20. Each position targets 5 pct of current portfolio equity. Top-N expansion from 10 to 20 and switch from fixed-dollar to percent-of-equity sizing are mechanically coupled and treated as a single improvement. Stop-loss / take-profit inherited from improved 4.,2024-03-31,VST,Utilities,1.0959965322450904,134314.5892581847,-0.05,0.0,-0.05
improved_8_equal_weight_top20,Improved 8: improved 4 design with equal-weight 1/N sizing at top 20. Each position targets 5 pct of current portfolio equity. Top-N expansion from 10 to 20 and switch from fixed-dollar to percent-of-equity sizing are mechanically coupled and treated as a single improvement. Stop-loss / take-profit inherited from improved 4.,2024-03-31,APO,Financials,1.0126708566426914,134314.5892581847,-0.05,0.0,-0.05
improved_8_equal_weight_top20,Improved 8: improved 4 design with equal-weight 1/N sizing at top 20. Each position targets 5 pct of current portfolio equity. Top-N expansion from 10 to 20 and switch from fixed-dollar to percent-of-equity sizing are mechanically coupled and treated as a single improvement. Stop-loss / take-profit inherited from improved 4.,2024-03-31,CL,Consumer Staples,1.010437568650393,134314.5892581847,0.0292528129823872,0.0,0.0292528129823872
improved_8_equal_weight_top20,Improved 8: improved 4 design with equal-weight 1/N sizing at top 20. Each position targets 5 pct of current portfolio equity. Top-N expansion from 10 to 20 and switch from fixed-dollar to percent-of-equity sizing are mechanically coupled and treated as a single improvement. Stop-loss / take-profit inherited from improved 4.,2024-03-31,ANET,Information Technology,1.0031929626459637,134314.5892581847,-0.05,0.0,-0.05
improved_8_equal_weight_top20,Improved 8: improved 4 design with equal-weight 1/N sizing at top 20. Each position targets 5 pct of current portfolio equity. Top-N expansion from 10 to 20 and switch from fixed-dollar to percent-of-equity sizing are mechanically coupled and treated as a single improvement. Stop-loss / take-profit inherited from improved 4.,2024-03-31,WSM,Consumer Discretionary,0.9943427105138428,134314.5892581847,-0.05,0.0,-0.05
improved_8_equal_weight_top20,Improved 8: improved 4 design with equal-weight 1/N sizing at top 20. Each position targets 5 pct of current portfolio equity. Top-N expansion from 10 to 20 and switch from fixed-dollar to percent-of-equity sizing are mechanically coupled and treated as a single improvement. Stop-loss / take-profit inherited from improved 4.,2024-03-31,NFLX,Communication Services,0.9737577258366934,134314.5892581847,-0.05,0.0,-0.05
improved_8_equal_weight_top20,Improved 8: improved 4 design with equal-weight 1/N sizing at top 20. Each position targets 5 pct of current portfolio equity. Top-N expansion from 10 to 20 and switch from fixed-dollar to percent-of-equity sizing are mechanically coupled and treated as a single improvement. Stop-loss / take-profit inherited from improved 4.,2024-03-31,CVNA,Consumer Discretionary,0.9386210120114287,134314.5892581847,-0.05,0.0,-0.05
improved_8_equal_weight_top20,Improved 8: improved 4 design with equal-weight 1/N sizing at top 20. Each position targets 5 pct of current portfolio equity. Top-N expansion from 10 to 20 and switch from fixed-dollar to percent-of-equity sizing are mechanically coupled and treated as a single improvement. Stop-loss / take-profit inherited from improved 4.,2024-03-31,FIX,Industrials,0.926932144476939,134314.5892581847,-0.05,0.0,-0.05
improved_8_equal_weight_top20,Improved 8: improved 4 design with equal-weight 1/N sizing at top 20. Each position targets 5 pct of current portfolio equity. Top-N expansion from 10 to 20 and switch from fixed-dollar to percent-of-equity sizing are mechanically coupled and treated as a single improvement. Stop-loss / take-profit inherited from improved 4.,2024-03-31,EME,Industrials,0.8731065635896087,134314.5892581847,-0.05,0.0,-0.05
improved_8_equal_weight_top20,Improved 8: improved 4 design with equal-weight 1/N sizing at top 20. Each position targets 5 pct of current portfolio equity. Top-N expansion from 10 to 20 and switch from fixed-dollar to percent-of-equity sizing are mechanically coupled and treated as a single improvement. Stop-loss / take-profit inherited from improved 4.,2024-03-31,AMAT,Information Technology,0.8427232273079774,134314.5892581847,-0.05,0.0,-0.05
improved_8_equal_weight_top20,Improved 8: improved 4 design with equal-weight 1/N sizing at top 20. Each position targets 5 pct of current portfolio equity. Top-N expansion from 10 to 20 and switch from fixed-dollar to percent-of-equity sizing are mechanically coupled and treated as a single improvement. Stop-loss / take-profit inherited from improved 4.,2024-03-31,NTAP,Information Technology,0.827272175019052,134314.5892581847,-0.05,0.0,-0.05
improved_8_equal_weight_top20,Improved 8: improved 4 design with equal-weight 1/N sizing at top 20. Each position targets 5 pct of current portfolio equity. Top-N expansion from 10 to 20 and switch from fixed-dollar to percent-of-equity sizing are mechanically coupled and treated as a single improvement. Stop-loss / take-profit inherited from improved 4.,2024-04-30,MPC,Energy,1.3749440715813774,128374.62094224594,-0.05,0.0,-0.05
improved_8_equal_weight_top20,Improved 8: improved 4 design with equal-weight 1/N sizing at top 20. Each position targets 5 pct of current portfolio equity. Top-N expansion from 10 to 20 and switch from fixed-dollar to percent-of-equity sizing are mechanically coupled and treated as a single improvement. Stop-loss / take-profit inherited from improved 4.,2024-04-30,LII,Industrials,1.2431159998103511,128374.62094224594,0.0835165782779201,0.0,0.0835165782779201
improved_8_equal_weight_top20,Improved 8: improved 4 design with equal-weight 1/N sizing at top 20. Each position targets 5 pct of current portfolio equity. Top-N expansion from 10 to 20 and switch from fixed-dollar to percent-of-equity sizing are mechanically coupled and treated as a single improvement. Stop-loss / take-profit inherited from improved 4.,2024-04-30,IT,Information Technology,1.1921311696036838,128374.62094224594,0.0182210791925465,0.0,0.0182210791925465
improved_8_equal_weight_top20,Improved 8: improved 4 design with equal-weight 1/N sizing at top 20. Each position targets 5 pct of current portfolio equity. Top-N expansion from 10 to 20 and switch from fixed-dollar to percent-of-equity sizing are mechanically coupled and treated as a single improvement. Stop-loss / take-profit inherited from improved 4.,2024-04-30,PSX,Energy,1.1646777585413293,128374.62094224594,0.0012663604294296,0.0,0.0012663604294296
improved_8_equal_weight_top20,Improved 8: improved 4 design with equal-weight 1/N sizing at top 20. Each position targets 5 pct of current portfolio equity. Top-N expansion from 10 to 20 and switch from fixed-dollar to percent-of-equity sizing are mechanically coupled and treated as a single improvement. Stop-loss / take-profit inherited from improved 4.,2024-04-30,HUBB,Industrials,1.0862342483628131,128374.62094224594,0.0608887196779786,0.0,0.0608887196779786
improved_8_equal_weight_top20,Improved 8: improved 4 design with equal-weight 1/N sizing at top 20. Each position targets 5 pct of current portfolio equity. Top-N expansion from 10 to 20 and switch from fixed-dollar to percent-of-equity sizing are mechanically coupled and treated as a single improvement. Stop-loss / take-profit inherited from improved 4.,2024-04-30,FFIV,Information Technology,1.0408752738210563,128374.62094224594,0.0268611364326951,0.0,0.0268611364326951
improved_8_equal_weight_top20,Improved 8: improved 4 design with equal-weight 1/N sizing at top 20. Each position targets 5 pct of current portfolio equity. Top-N expansion from 10 to 20 and switch from fixed-dollar to percent-of-equity sizing are mechanically coupled and treated as a single improvement. Stop-loss / take-profit inherited from improved 4.,2024-04-30,PCAR,Industrials,1.026860235101352,128374.62094224594,0.0159106558221806,0.0,0.0159106558221806
improved_8_equal_weight_top20,Improved 8: improved 4 design with equal-weight 1/N sizing at top 20. Each position targets 5 pct of current portfolio equity. Top-N expansion from 10 to 20 and switch from fixed-dollar to percent-of-equity sizing are mechanically coupled and treated as a single improvement. Stop-loss / take-profit inherited from improved 4.,2024-04-30,META,Communication Services,0.9549893202034889,128374.62094224594,0.0891973868407693,0.0,0.0891973868407693
improved_8_equal_weight_top20,Improved 8: improved 4 design with equal-weight 1/N sizing at top 20. Each position targets 5 pct of current portfolio equity. Top-N expansion from 10 to 20 and switch from fixed-dollar to percent-of-equity sizing are mechanically coupled and treated as a single improvement. Stop-loss / take-profit inherited from improved 4.,2024-04-30,TAP,Consumer Staples,0.9529210566098358,128374.62094224594,-0.05,0.0,-0.05
improved_8_equal_weight_top20,Improved 8: improved 4 design with equal-weight 1/N sizing at top 20. Each position targets 5 pct of current portfolio equity. Top-N expansion from 10 to 20 and switch from fixed-dollar to percent-of-equity sizing are mechanically coupled and treated as a single improvement. Stop-loss / take-profit inherited from improved 4.,2024-04-30,ORCL,Information Technology,0.9348332562048771,128374.62094224594,0.0287946624526611,0.0,0.0287946624526611
improved_8_equal_weight_top20,Improved 8: improved 4 design with equal-weight 1/N sizing at top 20. Each position targets 5 pct of current portfolio equity. Top-N expansion from 10 to 20 and switch from fixed-dollar to percent-of-equity sizing are mechanically coupled and treated as a single improvement. Stop-loss / take-profit inherited from improved 4.,2024-04-30,COR,Health Care,0.9196842483417212,128374.62094224594,-0.05,0.0,-0.05
improved_8_equal_weight_top20,Improved 8: improved 4 design with equal-weight 1/N sizing at top 20. Each position targets 5 pct of current portfolio equity. Top-N expansion from 10 to 20 and switch from fixed-dollar to percent-of-equity sizing are mechanically coupled and treated as a single improvement. Stop-loss / take-profit inherited from improved 4.,2024-04-30,APA,Energy,0.8971510433701577,128374.62094224594,-0.05,0.0,-0.05
improved_8_equal_weight_top20,Improved 8: improved 4 design with equal-weight 1/N sizing at top 20. Each position targets 5 pct of current portfolio equity. Top-N expansion from 10 to 20 and switch from fixed-dollar to percent-of-equity sizing are mechanically coupled and treated as a single improvement. Stop-loss / take-profit inherited from improved 4.,2024-04-30,APO,Financials,0.8856792341914936,128374.62094224594,0.0740015869330332,0.0,0.0740015869330332
improved_8_equal_weight_top20,Improved 8: improved 4 design with equal-weight 1/N sizing at top 20. Each position targets 5 pct of current portfolio equity. Top-N expansion from 10 to 20 and switch from fixed-dollar to percent-of-equity sizing are mechanically coupled and treated as a single improvement. Stop-loss / take-profit inherited from improved 4.,2024-04-30,NVDA,Information Technology,0.8525862155900759,128374.62094224594,0.3,0.0,0.3
improved_8_equal_weight_top20,Improved 8: improved 4 design with equal-weight 1/N sizing at top 20. Each position targets 5 pct of current portfolio equity. Top-N expansion from 10 to 20 and switch from fixed-dollar to percent-of-equity sizing are mechanically coupled and treated as a single improvement. Stop-loss / take-profit inherited from improved 4.,2024-04-30,CAT,Industrials,0.8446273911810813,128374.62094224594,0.0154178415022208,0.0,0.0154178415022208
improved_8_equal_weight_top20,Improved 8: improved 4 design with equal-weight 1/N sizing at top 20. Each position targets 5 pct of current portfolio equity. Top-N expansion from 10 to 20 and switch from fixed-dollar to percent-of-equity sizing are mechanically coupled and treated as a single improvement. Stop-loss / take-profit inherited from improved 4.,2024-04-30,MSI,Information Technology,0.8444887256130872,128374.62094224594,0.0794876345993633,0.0,0.0794876345993633
improved_8_equal_weight_top20,Improved 8: improved 4 design with equal-weight 1/N sizing at top 20. Each position targets 5 pct of current portfolio equity. Top-N expansion from 10 to 20 and switch from fixed-dollar to percent-of-equity sizing are mechanically coupled and treated as a single improvement. Stop-loss / take-profit inherited from improved 4.,2024-04-30,URI,Industrials,0.8056547922013597,128374.62094224594,0.0099610952484019,0.0,0.0099610952484019
improved_8_equal_weight_top20,Improved 8: improved 4 design with equal-weight 1/N sizing at top 20. Each position targets 5 pct of current portfolio equity. Top-N expansion from 10 to 20 and switch from fixed-dollar to percent-of-equity sizing are mechanically coupled and treated as a single improvement. Stop-loss / take-profit inherited from improved 4.,2024-04-30,BLDR,Industrials,0.786003333132092,128374.62094224594,-0.05,0.0,-0.05
improved_8_equal_weight_top20,Improved 8: improved 4 design with equal-weight 1/N sizing at top 20. Each position targets 5 pct of current portfolio equity. Top-N expansion from 10 to 20 and switch from fixed-dollar to percent-of-equity sizing are mechanically coupled and treated as a single improvement. Stop-loss / take-profit inherited from improved 4.,2024-04-30,VLO,Energy,0.7856273230191936,128374.62094224594,-0.05,0.0,-0.05
improved_8_equal_weight_top20,Improved 8: improved 4 design with equal-weight 1/N sizing at top 20. Each position targets 5 pct of current portfolio equity. Top-N expansion from 10 to 20 and switch from fixed-dollar to percent-of-equity sizing are mechanically coupled and treated as a single improvement. Stop-loss / take-profit inherited from improved 4.,2024-04-30,WSM,Consumer Discretionary,0.7740952754701134,128374.62094224594,0.0266806722690864,0.0,0.0266806722690864
improved_8_equal_weight_top20,Improved 8: improved 4 design with equal-weight 1/N sizing at top 20. Each position targets 5 pct of current portfolio equity. Top-N expansion from 10 to 20 and switch from fixed-dollar to percent-of-equity sizing are mechanically coupled and treated as a single improvement. Stop-loss / take-profit inherited from improved 4.,2024-05-31,CVNA,Consumer Discretionary,2.661923543667705,131777.86686669485,-0.05,0.0,-0.05
improved_8_equal_weight_top20,Improved 8: improved 4 design with equal-weight 1/N sizing at top 20. Each position targets 5 pct of current portfolio equity. Top-N expansion from 10 to 20 and switch from fixed-dollar to percent-of-equity sizing are mechanically coupled and treated as a single improvement. Stop-loss / take-profit inherited from improved 4.,2024-05-31,SMCI,Information Technology,2.2361454425959404,131777.86686669485,-0.05,0.0,-0.05
improved_8_equal_weight_top20,Improved 8: improved 4 design with equal-weight 1/N sizing at top 20. Each position targets 5 pct of current portfolio equity. Top-N expansion from 10 to 20 and switch from fixed-dollar to percent-of-equity sizing are mechanically coupled and treated as a single improvement. Stop-loss / take-profit inherited from improved 4.,2024-05-31,DELL,Information Technology,1.9082124951912496,131777.86686669485,-0.05,0.0,-0.05
improved_8_equal_weight_top20,Improved 8: improved 4 design with equal-weight 1/N sizing at top 20. Each position targets 5 pct of current portfolio equity. Top-N expansion from 10 to 20 and switch from fixed-dollar to percent-of-equity sizing are mechanically coupled and treated as a single improvement. Stop-loss / take-profit inherited from improved 4.,2024-05-31,VST,Utilities,1.6265095721303453,131777.86686669485,-0.05,0.0,-0.05
improved_8_equal_weight_top20,Improved 8: improved 4 design with equal-weight 1/N sizing at top 20. Each position targets 5 pct of current portfolio equity. Top-N expansion from 10 to 20 and switch from fixed-dollar to percent-of-equity sizing are mechanically coupled and treated as a single improvement. Stop-loss / take-profit inherited from improved 4.,2024-05-31,NRG,Utilities,1.5717712097023195,131777.86686669485,-0.05,0.0,-0.05
improved_8_equal_weight_top20,Improved 8: improved 4 design with equal-weight 1/N sizing at top 20. Each position targets 5 pct of current portfolio equity. Top-N expansion from 10 to 20 and switch from fixed-dollar to percent-of-equity sizing are mechanically coupled and treated as a single improvement. Stop-loss / take-profit inherited from improved 4.,2024-05-31,VRT,Industrials,1.4242424304599626,131777.86686669485,-0.05,0.0,-0.05
improved_8_equal_weight_top20,Improved 8: improved 4 design with equal-weight 1/N sizing at top 20. Each position targets 5 pct of current portfolio equity. Top-N expansion from 10 to 20 and switch from fixed-dollar to percent-of-equity sizing are mechanically coupled and treated as a single improvement. Stop-loss / take-profit inherited from improved 4.,2024-05-31,NVDA,Information Technology,1.2380096117671515,131777.86686669485,0.087388929134591,0.0,0.087388929134591
improved_8_equal_weight_top20,Improved 8: improved 4 design with equal-weight 1/N sizing at top 20. Each position targets 5 pct of current portfolio equity. Top-N expansion from 10 to 20 and switch from fixed-dollar to percent-of-equity sizing are mechanically coupled and treated as a single improvement. Stop-loss / take-profit inherited from improved 4.,2024-05-31,ORCL,Information Technology,1.1686105236584718,131777.86686669485,0.2013953884116792,0.0,0.2013953884116792
improved_8_equal_weight_top20,Improved 8: improved 4 design with equal-weight 1/N sizing at top 20. Each position targets 5 pct of current portfolio equity. Top-N expansion from 10 to 20 and switch from fixed-dollar to percent-of-equity sizing are mechanically coupled and treated as a single improvement. Stop-loss / take-profit inherited from improved 4.,2024-05-31,LII,Industrials,1.0997197798793554,131777.86686669485,0.0625693673697134,0.0,0.0625693673697134
improved_8_equal_weight_top20,Improved 8: improved 4 design with equal-weight 1/N sizing at top 20. Each position targets 5 pct of current portfolio equity. Top-N expansion from 10 to 20 and switch from fixed-dollar to percent-of-equity sizing are mechanically coupled and treated as a single improvement. Stop-loss / take-profit inherited from improved 4.,2024-05-31,FIX,Industrials,1.0572689706256768,131777.86686669485,-0.05,0.0,-0.05
improved_8_equal_weight_top20,Improved 8: improved 4 design with equal-weight 1/N sizing at top 20. Each position targets 5 pct of current portfolio equity. Top-N expansion from 10 to 20 and switch from fixed-dollar to percent-of-equity sizing are mechanically coupled and treated as a single improvement. Stop-loss / take-profit inherited from improved 4.,2024-05-31,EME,Industrials,1.049074618787701,131777.86686669485,-0.05,0.0,-0.05
improved_8_equal_weight_top20,Improved 8: improved 4 design with equal-weight 1/N sizing at top 20. Each position targets 5 pct of current portfolio equity. Top-N expansion from 10 to 20 and switch from fixed-dollar to percent-of-equity sizing are mechanically coupled and treated as a single improvement. Stop-loss / take-profit inherited from improved 4.,2024-05-31,A,Health Care,0.9438424176350912,131777.86686669485,-0.002846153846354,0.0,-0.002846153846354
improved_8_equal_weight_top20,Improved 8: improved 4 design with equal-weight 1/N sizing at top 20. Each position targets 5 pct of current portfolio equity. Top-N expansion from 10 to 20 and switch from fixed-dollar to percent-of-equity sizing are mechanically coupled and treated as a single improvement. Stop-loss / take-profit inherited from improved 4.,2024-05-31,WSM,Consumer Discretionary,0.9325415721449648,131777.86686669485,-0.05,0.0,-0.05
improved_8_equal_weight_top20,Improved 8: improved 4 design with equal-weight 1/N sizing at top 20. Each position targets 5 pct of current portfolio equity. Top-N expansion from 10 to 20 and switch from fixed-dollar to percent-of-equity sizing are mechanically coupled and treated as a single improvement. Stop-loss / take-profit inherited from improved 4.,2024-05-31,KKR,Financials,0.8274836082173069,131777.86686669485,-0.05,0.0,-0.05
improved_8_equal_weight_top20,Improved 8: improved 4 design with equal-weight 1/N sizing at top 20. Each position targets 5 pct of current portfolio equity. Top-N expansion from 10 to 20 and switch from fixed-dollar to percent-of-equity sizing are mechanically coupled and treated as a single improvement. Stop-loss / take-profit inherited from improved 4.,2024-05-31,ERIE,Financials,0.7795128418784001,131777.86686669485,-0.0018178813421741,0.0,-0.0018178813421741
improved_8_equal_weight_top20,Improved 8: improved 4 design with equal-weight 1/N sizing at top 20. Each position targets 5 pct of current portfolio equity. Top-N expansion from 10 to 20 and switch from fixed-dollar to percent-of-equity sizing are mechanically coupled and treated as a single improvement. Stop-loss / take-profit inherited from improved 4.,2024-05-31,QCOM,Information Technology,0.756422370355116,131777.86686669485,-0.05,0.0,-0.05
improved_8_equal_weight_top20,Improved 8: improved 4 design with equal-weight 1/N sizing at top 20. Each position targets 5 pct of current portfolio equity. Top-N expansion from 10 to 20 and switch from fixed-dollar to percent-of-equity sizing are mechanically coupled and treated as a single improvement. Stop-loss / take-profit inherited from improved 4.,2024-05-31,CRM,Information Technology,0.7521686120414006,131777.86686669485,0.0958145085673893,0.0,0.0958145085673893
improved_8_equal_weight_top20,Improved 8: improved 4 design with equal-weight 1/N sizing at top 20. Each position targets 5 pct of current portfolio equity. Top-N expansion from 10 to 20 and switch from fixed-dollar to percent-of-equity sizing are mechanically coupled and treated as a single improvement. Stop-loss / take-profit inherited from improved 4.,2024-05-31,CL,Consumer Staples,0.7472529710977293,131777.86686669485,0.0496484586257872,0.0,0.0496484586257872
improved_8_equal_weight_top20,Improved 8: improved 4 design with equal-weight 1/N sizing at top 20. Each position targets 5 pct of current portfolio equity. Top-N expansion from 10 to 20 and switch from fixed-dollar to percent-of-equity sizing are mechanically coupled and treated as a single improvement. Stop-loss / take-profit inherited from improved 4.,2024-05-31,CAT,Industrials,0.7461240354308085,131777.86686669485,-0.05,0.0,-0.05
improved_8_equal_weight_top20,Improved 8: improved 4 design with equal-weight 1/N sizing at top 20. Each position targets 5 pct of current portfolio equity. Top-N expansion from 10 to 20 and switch from fixed-dollar to percent-of-equity sizing are mechanically coupled and treated as a single improvement. Stop-loss / take-profit inherited from improved 4.,2024-05-31,HRL,Consumer Staples,0.7389823552360336,131777.86686669485,-0.0177190721653511,0.0,-0.0177190721653511
improved_8_equal_weight_top20,Improved 8: improved 4 design with equal-weight 1/N sizing at top 20. Each position targets 5 pct of current portfolio equity. Top-N expansion from 10 to 20 and switch from fixed-dollar to percent-of-equity sizing are mechanically coupled and treated as a single improvement. Stop-loss / take-profit inherited from improved 4.,2024-06-30,CVNA,Consumer Discretionary,1.8162758526004374,130950.52288558679,-0.05,0.0,-0.05
improved_8_equal_weight_top20,Improved 8: improved 4 design with equal-weight 1/N sizing at top 20. Each position targets 5 pct of current portfolio equity. Top-N expansion from 10 to 20 and switch from fixed-dollar to percent-of-equity sizing are mechanically coupled and treated as a single improvement. Stop-loss / take-profit inherited from improved 4.,2024-06-30,SMCI,Information Technology,1.718914078473194,130950.52288558679,-0.05,0.0,-0.05
improved_8_equal_weight_top20,Improved 8: improved 4 design with equal-weight 1/N sizing at top 20. Each position targets 5 pct of current portfolio equity. Top-N expansion from 10 to 20 and switch from fixed-dollar to percent-of-equity sizing are mechanically coupled and treated as a single improvement. Stop-loss / take-profit inherited from improved 4.,2024-06-30,WSM,Consumer Discretionary,1.6437290350010358,130950.52288558679,0.1017473365110974,0.0,0.1017473365110974
improved_8_equal_weight_top20,Improved 8: improved 4 design with equal-weight 1/N sizing at top 20. Each position targets 5 pct of current portfolio equity. Top-N expansion from 10 to 20 and switch from fixed-dollar to percent-of-equity sizing are mechanically coupled and treated as a single improvement. Stop-loss / take-profit inherited from improved 4.,2024-06-30,NRG,Utilities,1.3980141659750616,130950.52288558679,-0.05,0.0,-0.05
improved_8_equal_weight_top20,Improved 8: improved 4 design with equal-weight 1/N sizing at top 20. Each position targets 5 pct of current portfolio equity. Top-N expansion from 10 to 20 and switch from fixed-dollar to percent-of-equity sizing are mechanically coupled and treated as a single improvement. Stop-loss / take-profit inherited from improved 4.,2024-06-30,VRT,Industrials,1.298110332543371,130950.52288558679,-0.05,0.0,-0.05
improved_8_equal_weight_top20,Improved 8: improved 4 design with equal-weight 1/N sizing at top 20. Each position targets 5 pct of current portfolio equity. Top-N expansion from 10 to 20 and switch from fixed-dollar to percent-of-equity sizing are mechanically coupled and treated as a single improvement. Stop-loss / take-profit inherited from improved 4.,2024-06-30,COR,Health Care,1.269880669531159,130950.52288558679,0.0506603065235475,0.0,0.0506603065235475
improved_8_equal_weight_top20,Improved 8: improved 4 design with equal-weight 1/N sizing at top 20. Each position targets 5 pct of current portfolio equity. Top-N expansion from 10 to 20 and switch from fixed-dollar to percent-of-equity sizing are mechanically coupled and treated as a single improvement. Stop-loss / take-profit inherited from improved 4.,2024-06-30,VST,Utilities,1.236199667901356,130950.52288558679,-0.05,0.0,-0.05
improved_8_equal_weight_top20,Improved 8: improved 4 design with equal-weight 1/N sizing at top 20. Each position targets 5 pct of current portfolio equity. Top-N expansion from 10 to 20 and switch from fixed-dollar to percent-of-equity sizing are mechanically coupled and treated as a single improvement. Stop-loss / take-profit inherited from improved 4.,2024-06-30,LII,Industrials,1.1799942955678422,130950.52288558679,0.0839881848074661,0.0,0.0839881848074661
improved_8_equal_weight_top20,Improved 8: improved 4 design with equal-weight 1/N sizing at top 20. Each position targets 5 pct of current portfolio equity. Top-N expansion from 10 to 20 and switch from fixed-dollar to percent-of-equity sizing are mechanically coupled and treated as a single improvement. Stop-loss / take-profit inherited from improved 4.,2024-06-30,FIX,Industrials,1.0960671365012802,130950.52288558679,-0.05,0.0,-0.05
improved_8_equal_weight_top20,Improved 8: improved 4 design with equal-weight 1/N sizing at top 20. Each position targets 5 pct of current portfolio equity. Top-N expansion from 10 to 20 and switch from fixed-dollar to percent-of-equity sizing are mechanically coupled and treated as a single improvement. Stop-loss / take-profit inherited from improved 4.,2024-06-30,NVDA,Information Technology,1.0486789972989214,130950.52288558679,-0.05,0.0,-0.05
improved_8_equal_weight_top20,Improved 8: improved 4 design with equal-weight 1/N sizing at top 20. Each position targets 5 pct of current portfolio equity. Top-N expansion from 10 to 20 and switch from fixed-dollar to percent-of-equity sizing are mechanically coupled and treated as a single improvement. Stop-loss / take-profit inherited from improved 4.,2024-06-30,CL,Consumer Staples,1.0437968564376363,130950.52288558679,0.0231492061374485,0.0,0.0231492061374485
improved_8_equal_weight_top20,Improved 8: improved 4 design with equal-weight 1/N sizing at top 20. Each position targets 5 pct of current portfolio equity. Top-N expansion from 10 to 20 and switch from fixed-dollar to percent-of-equity sizing are mechanically coupled and treated as a single improvement. Stop-loss / take-profit inherited from improved 4.,2024-06-30,EME,Industrials,1.0052492266777935,130950.52288558679,-0.05,0.0,-0.05
improved_8_equal_weight_top20,Improved 8: improved 4 design with equal-weight 1/N sizing at top 20. Each position targets 5 pct of current portfolio equity. Top-N expansion from 10 to 20 and switch from fixed-dollar to percent-of-equity sizing are mechanically coupled and treated as a single improvement. Stop-loss / take-profit inherited from improved 4.,2024-06-30,FSLR,Information Technology,0.9373471609204395,130950.52288558679,-0.05,0.0,-0.05
improved_8_equal_weight_top20,Improved 8: improved 4 design with equal-weight 1/N sizing at top 20. Each position targets 5 pct of current portfolio equity. Top-N expansion from 10 to 20 and switch from fixed-dollar to percent-of-equity sizing are mechanically coupled and treated as a single improvement. Stop-loss / take-profit inherited from improved 4.,2024-06-30,IP,Materials,0.9235333733707989,130950.52288558679,0.0774223458505807,0.0,0.0774223458505807
improved_8_equal_weight_top20,Improved 8: improved 4 design with equal-weight 1/N sizing at top 20. Each position targets 5 pct of current portfolio equity. Top-N expansion from 10 to 20 and switch from fixed-dollar to percent-of-equity sizing are mechanically coupled and treated as a single improvement. Stop-loss / take-profit inherited from improved 4.,2024-06-30,DVA,Health Care,0.8363396088887265,130950.52288558679,-0.0193798449612402,0.0,-0.0193798449612402
improved_8_equal_weight_top20,Improved 8: improved 4 design with equal-weight 1/N sizing at top 20. Each position targets 5 pct of current portfolio equity. Top-N expansion from 10 to 20 and switch from fixed-dollar to percent-of-equity sizing are mechanically coupled and treated as a single improvement. Stop-loss / take-profit inherited from improved 4.,2024-06-30,MRK,Health Care,0.8241575187812736,130950.52288558679,-0.05,0.0,-0.05
improved_8_equal_weight_top20,Improved 8: improved 4 design with equal-weight 1/N sizing at top 20. Each position targets 5 pct of current portfolio equity. Top-N expansion from 10 to 20 and switch from fixed-dollar to percent-of-equity sizing are mechanically coupled and treated as a single improvement. Stop-loss / take-profit inherited from improved 4.,2024-06-30,AES,Utilities,0.7921666720658526,130950.52288558679,-0.05,0.0,-0.05
improved_8_equal_weight_top20,Improved 8: improved 4 design with equal-weight 1/N sizing at top 20. Each position targets 5 pct of current portfolio equity. Top-N expansion from 10 to 20 and switch from fixed-dollar to percent-of-equity sizing are mechanically coupled and treated as a single improvement. Stop-loss / take-profit inherited from improved 4.,2024-06-30,MSI,Information Technology,0.7624776177882407,130950.52288558679,0.0252904287037274,0.0,0.0252904287037274
improved_8_equal_weight_top20,Improved 8: improved 4 design with equal-weight 1/N sizing at top 20. Each position targets 5 pct of current portfolio equity. Top-N expansion from 10 to 20 and switch from fixed-dollar to percent-of-equity sizing are mechanically coupled and treated as a single improvement. Stop-loss / take-profit inherited from improved 4.,2024-06-30,HD,Consumer Discretionary,0.7467448003486288,130950.52288558679,0.0704815073272886,0.0,0.0704815073272886
improved_8_equal_weight_top20,Improved 8: improved 4 design with equal-weight 1/N sizing at top 20. Each position targets 5 pct of current portfolio equity. Top-N expansion from 10 to 20 and switch from fixed-dollar to percent-of-equity sizing are mechanically coupled and treated as a single improvement. Stop-loss / take-profit inherited from improved 4.,2024-06-30,PWR,Industrials,0.7279695002887798,130950.52288558679,0.0368026254100992,0.0,0.0368026254100992
improved_8_equal_weight_top20,Improved 8: improved 4 design with equal-weight 1/N sizing at top 20. Each position targets 5 pct of current portfolio equity. Top-N expansion from 10 to 20 and switch from fixed-dollar to percent-of-equity sizing are mechanically coupled and treated as a single improvement. Stop-loss / take-profit inherited from improved 4.,2024-07-31,VRSK,Industrials,1.7918990165575717,130296.83160098657,0.0438076290315498,0.0,0.0438076290315498
improved_8_equal_weight_top20,Improved 8: improved 4 design with equal-weight 1/N sizing at top 20. Each position targets 5 pct of current portfolio equity. Top-N expansion from 10 to 20 and switch from fixed-dollar to percent-of-equity sizing are mechanically coupled and treated as a single improvement. Stop-loss / take-profit inherited from improved 4.,2024-07-31,KMB,Consumer Staples,1.4896392848658269,130296.83160098657,0.0627387599178543,0.0,0.0627387599178543
improved_8_equal_weight_top20,Improved 8: improved 4 design with equal-weight 1/N sizing at top 20. Each position targets 5 pct of current portfolio equity. Top-N expansion from 10 to 20 and switch from fixed-dollar to percent-of-equity sizing are mechanically coupled and treated as a single improvement. Stop-loss / take-profit inherited from improved 4.,2024-07-31,CVNA,Consumer Discretionary,1.3495049196119293,130296.83160098657,-0.05,0.0,-0.05
improved_8_equal_weight_top20,Improved 8: improved 4 design with equal-weight 1/N sizing at top 20. Each position targets 5 pct of current portfolio equity. Top-N expansion from 10 to 20 and switch from fixed-dollar to percent-of-equity sizing are mechanically coupled and treated as a single improvement. Stop-loss / take-profit inherited from improved 4.,2024-07-31,CL,Consumer Staples,1.2878897118366706,130296.83160098657,0.0698141637367433,0.0,0.0698141637367433
improved_8_equal_weight_top20,Improved 8: improved 4 design with equal-weight 1/N sizing at top 20. Each position targets 5 pct of current portfolio equity. Top-N expansion from 10 to 20 and switch from fixed-dollar to percent-of-equity sizing are mechanically coupled and treated as a single improvement. Stop-loss / take-profit inherited from improved 4.,2024-07-31,WSM,Consumer Discretionary,1.1660378413538397,130296.83160098657,-0.05,0.0,-0.05
improved_8_equal_weight_top20,Improved 8: improved 4 design with equal-weight 1/N sizing at top 20. Each position targets 5 pct of current portfolio equity. Top-N expansion from 10 to 20 and switch from fixed-dollar to percent-of-equity sizing are mechanically coupled and treated as a single improvement. Stop-loss / take-profit inherited from improved 4.,2024-07-31,MSI,Information Technology,1.0076698813738716,130296.83160098657,0.1054869204222617,0.0,0.1054869204222617
improved_8_equal_weight_top20,Improved 8: improved 4 design with equal-weight 1/N sizing at top 20. Each position targets 5 pct of current portfolio equity. Top-N expansion from 10 to 20 and switch from fixed-dollar to percent-of-equity sizing are mechanically coupled and treated as a single improvement. Stop-loss / take-profit inherited from improved 4.,2024-07-31,BG,Consumer Staples,0.980156766362885,130296.83160098657,-0.05,0.0,-0.05
improved_8_equal_weight_top20,Improved 8: improved 4 design with equal-weight 1/N sizing at top 20. Each position targets 5 pct of current portfolio equity. Top-N expansion from 10 to 20 and switch from fixed-dollar to percent-of-equity sizing are mechanically coupled and treated as a single improvement. Stop-loss / take-profit inherited from improved 4.,2024-07-31,NRG,Utilities,0.9738971459618836,130296.83160098657,-0.05,0.0,-0.05
improved_8_equal_weight_top20,Improved 8: improved 4 design with equal-weight 1/N sizing at top 20. Each position targets 5 pct of current portfolio equity. Top-N expansion from 10 to 20 and switch from fixed-dollar to percent-of-equity sizing are mechanically coupled and treated as a single improvement. Stop-loss / take-profit inherited from improved 4.,2024-07-31,GRMN,Consumer Discretionary,0.963167167846795,130296.83160098657,-0.05,0.0,-0.05
improved_8_equal_weight_top20,Improved 8: improved 4 design with equal-weight 1/N sizing at top 20. Each position targets 5 pct of current portfolio equity. Top-N expansion from 10 to 20 and switch from fixed-dollar to percent-of-equity sizing are mechanically coupled and treated as a single improvement. Stop-loss / take-profit inherited from improved 4.,2024-07-31,CDW,Information Technology,0.943040657137017,130296.83160098657,0.0467271671896494,0.0,0.0467271671896494
improved_8_equal_weight_top20,Improved 8: improved 4 design with equal-weight 1/N sizing at top 20. Each position targets 5 pct of current portfolio equity. Top-N expansion from 10 to 20 and switch from fixed-dollar to percent-of-equity sizing are mechanically coupled and treated as a single improvement. Stop-loss / take-profit inherited from improved 4.,2024-07-31,MRK,Health Care,0.9233448822232658,130296.83160098657,0.047071823204315,0.0,0.047071823204315
improved_8_equal_weight_top20,Improved 8: improved 4 design with equal-weight 1/N sizing at top 20. Each position targets 5 pct of current portfolio equity. Top-N expansion from 10 to 20 and switch from fixed-dollar to percent-of-equity sizing are mechanically coupled and treated as a single improvement. Stop-loss / take-profit inherited from improved 4.,2024-07-31,HD,Consumer Discretionary,0.8881920921273951,130296.83160098657,-0.05,0.0,-0.05
improved_8_equal_weight_top20,Improved 8: improved 4 design with equal-weight 1/N sizing at top 20. Each position targets 5 pct of current portfolio equity. Top-N expansion from 10 to 20 and switch from fixed-dollar to percent-of-equity sizing are mechanically coupled and treated as a single improvement. Stop-loss / take-profit inherited from improved 4.,2024-07-31,DVA,Health Care,0.858045750740617,130296.83160098657,0.1038619075482738,0.0,0.1038619075482738
improved_8_equal_weight_top20,Improved 8: improved 4 design with equal-weight 1/N sizing at top 20. Each position targets 5 pct of current portfolio equity. Top-N expansion from 10 to 20 and switch from fixed-dollar to percent-of-equity sizing are mechanically coupled and treated as a single improvement. Stop-loss / take-profit inherited from improved 4.,2024-07-31,LII,Industrials,0.8469530980946185,130296.83160098657,-0.05,0.0,-0.05
improved_8_equal_weight_top20,Improved 8: improved 4 design with equal-weight 1/N sizing at top 20. Each position targets 5 pct of current portfolio equity. Top-N expansion from 10 to 20 and switch from fixed-dollar to percent-of-equity sizing are mechanically coupled and treated as a single improvement. Stop-loss / take-profit inherited from improved 4.,2024-07-31,SMCI,Information Technology,0.8275183324306643,130296.83160098657,-0.05,0.0,-0.05
improved_8_equal_weight_top20,Improved 8: improved 4 design with equal-weight 1/N sizing at top 20. Each position targets 5 pct of current portfolio equity. Top-N expansion from 10 to 20 and switch from fixed-dollar to percent-of-equity sizing are mechanically coupled and treated as a single improvement. Stop-loss / take-profit inherited from improved 4.,2024-07-31,NTAP,Information Technology,0.7845004469500207,130296.83160098657,-0.05,0.0,-0.05
improved_8_equal_weight_top20,Improved 8: improved 4 design with equal-weight 1/N sizing at top 20. Each position targets 5 pct of current portfolio equity. Top-N expansion from 10 to 20 and switch from fixed-dollar to percent-of-equity sizing are mechanically coupled and treated as a single improvement. Stop-loss / take-profit inherited from improved 4.,2024-07-31,PGR,Financials,0.7728028757007294,130296.83160098657,0.1648960739029303,0.0,0.1648960739029303
improved_8_equal_weight_top20,Improved 8: improved 4 design with equal-weight 1/N sizing at top 20. Each position targets 5 pct of current portfolio equity. Top-N expansion from 10 to 20 and switch from fixed-dollar to percent-of-equity sizing are mechanically coupled and treated as a single improvement. Stop-loss / take-profit inherited from improved 4.,2024-07-31,CLX,Consumer Staples,0.744558150605094,130296.83160098657,0.203969921337781,0.0,0.203969921337781
improved_8_equal_weight_top20,Improved 8: improved 4 design with equal-weight 1/N sizing at top 20. Each position targets 5 pct of current portfolio equity. Top-N expansion from 10 to 20 and switch from fixed-dollar to percent-of-equity sizing are mechanically coupled and treated as a single improvement. Stop-loss / take-profit inherited from improved 4.,2024-07-31,ORCL,Information Technology,0.7380906910577566,130296.83160098657,-0.05,0.0,-0.05
improved_8_equal_weight_top20,Improved 8: improved 4 design with equal-weight 1/N sizing at top 20. Each position targets 5 pct of current portfolio equity. Top-N expansion from 10 to 20 and switch from fixed-dollar to percent-of-equity sizing are mechanically coupled and treated as a single improvement. Stop-loss / take-profit inherited from improved 4.,2024-07-31,AMP,Financials,0.7350932484010583,130296.83160098657,-0.05,0.0,-0.05
improved_8_equal_weight_top20,Improved 8: improved 4 design with equal-weight 1/N sizing at top 20. Each position targets 5 pct of current portfolio equity. Top-N expansion from 10 to 20 and switch from fixed-dollar to percent-of-equity sizing are mechanically coupled and treated as a single improvement. Stop-loss / take-profit inherited from improved 4.,2024-08-31,CVNA,Consumer Discretionary,2.3181991240221045,132240.69332892238,-0.05,0.0,-0.05
improved_8_equal_weight_top20,Improved 8: improved 4 design with equal-weight 1/N sizing at top 20. Each position targets 5 pct of current portfolio equity. Top-N expansion from 10 to 20 and switch from fixed-dollar to percent-of-equity sizing are mechanically coupled and treated as a single improvement. Stop-loss / take-profit inherited from improved 4.,2024-08-31,NVDA,Information Technology,2.0610013027266554,132240.69332892238,-0.05,0.0,-0.05
improved_8_equal_weight_top20,Improved 8: improved 4 design with equal-weight 1/N sizing at top 20. Each position targets 5 pct of current portfolio equity. Top-N expansion from 10 to 20 and switch from fixed-dollar to percent-of-equity sizing are mechanically coupled and treated as a single improvement. Stop-loss / take-profit inherited from improved 4.,2024-08-31,NTAP,Information Technology,1.7650905420809724,132240.69332892238,-0.05,0.0,-0.05
improved_8_equal_weight_top20,Improved 8: improved 4 design with equal-weight 1/N sizing at top 20. Each position targets 5 pct of current portfolio equity. Top-N expansion from 10 to 20 and switch from fixed-dollar to percent-of-equity sizing are mechanically coupled and treated as a single improvement. Stop-loss / take-profit inherited from improved 4.,2024-08-31,SMCI,Information Technology,1.4320069816637955,132240.69332892238,-0.05,0.0,-0.05
improved_8_equal_weight_top20,Improved 8: improved 4 design with equal-weight 1/N sizing at top 20. Each position targets 5 pct of current portfolio equity. Top-N expansion from 10 to 20 and switch from fixed-dollar to percent-of-equity sizing are mechanically coupled and treated as a single improvement. Stop-loss / take-profit inherited from improved 4.,2024-08-31,CL,Consumer Staples,1.222618592165092,132240.69332892238,-0.0252582159626518,0.0,-0.0252582159626518
improved_8_equal_weight_top20,Improved 8: improved 4 design with equal-weight 1/N sizing at top 20. Each position targets 5 pct of current portfolio equity. Top-N expansion from 10 to 20 and switch from fixed-dollar to percent-of-equity sizing are mechanically coupled and treated as a single improvement. Stop-loss / take-profit inherited from improved 4.,2024-08-31,HD,Consumer Discretionary,1.211443764940777,132240.69332892238,0.1013862462626544,0.0,0.1013862462626544
improved_8_equal_weight_top20,Improved 8: improved 4 design with equal-weight 1/N sizing at top 20. Each position targets 5 pct of current portfolio equity. Top-N expansion from 10 to 20 and switch from fixed-dollar to percent-of-equity sizing are mechanically coupled and treated as a single improvement. Stop-loss / take-profit inherited from improved 4.,2024-08-31,DVA,Health Care,1.2061923443359288,132240.69332892238,0.0928666666666666,0.0,0.0928666666666666
improved_8_equal_weight_top20,Improved 8: improved 4 design with equal-weight 1/N sizing at top 20. Each position targets 5 pct of current portfolio equity. Top-N expansion from 10 to 20 and switch from fixed-dollar to percent-of-equity sizing are mechanically coupled and treated as a single improvement. Stop-loss / take-profit inherited from improved 4.,2024-08-31,WSM,Consumer Discretionary,1.0403083124733397,132240.69332892238,0.1643742953770504,0.0,0.1643742953770504
improved_8_equal_weight_top20,Improved 8: improved 4 design with equal-weight 1/N sizing at top 20. Each position targets 5 pct of current portfolio equity. Top-N expansion from 10 to 20 and switch from fixed-dollar to percent-of-equity sizing are mechanically coupled and treated as a single improvement. Stop-loss / take-profit inherited from improved 4.,2024-08-31,KMB,Consumer Staples,1.016116292177434,132240.69332892238,-0.0106099957982364,0.0,-0.0106099957982364
improved_8_equal_weight_top20,Improved 8: improved 4 design with equal-weight 1/N sizing at top 20. Each position targets 5 pct of current portfolio equity. Top-N expansion from 10 to 20 and switch from fixed-dollar to percent-of-equity sizing are mechanically coupled and treated as a single improvement. Stop-loss / take-profit inherited from improved 4.,2024-08-31,RCL,Consumer Discretionary,0.976081520074653,132240.69332892238,-0.05,0.0,-0.05
improved_8_equal_weight_top20,Improved 8: improved 4 design with equal-weight 1/N sizing at top 20. Each position targets 5 pct of current portfolio equity. Top-N expansion from 10 to 20 and switch from fixed-dollar to percent-of-equity sizing are mechanically coupled and treated as a single improvement. Stop-loss / take-profit inherited from improved 4.,2024-08-31,ULTA,Consumer Discretionary,0.9628320233163323,132240.69332892238,0.1054545454545454,0.0,0.1054545454545454
improved_8_equal_weight_top20,Improved 8: improved 4 design with equal-weight 1/N sizing at top 20. Each position targets 5 pct of current portfolio equity. Top-N expansion from 10 to 20 and switch from fixed-dollar to percent-of-equity sizing are mechanically coupled and treated as a single improvement. Stop-loss / take-profit inherited from improved 4.,2024-08-31,NRG,Utilities,0.927108259640727,132240.69332892238,-0.05,0.0,-0.05
improved_8_equal_weight_top20,Improved 8: improved 4 design with equal-weight 1/N sizing at top 20. Each position targets 5 pct of current portfolio equity. Top-N expansion from 10 to 20 and switch from fixed-dollar to percent-of-equity sizing are mechanically coupled and treated as a single improvement. Stop-loss / take-profit inherited from improved 4.,2024-08-31,MSI,Information Technology,0.8942688551537167,132240.69332892238,0.0092214257266338,0.0,0.0092214257266338
improved_8_equal_weight_top20,Improved 8: improved 4 design with equal-weight 1/N sizing at top 20. Each position targets 5 pct of current portfolio equity. Top-N expansion from 10 to 20 and switch from fixed-dollar to percent-of-equity sizing are mechanically coupled and treated as a single improvement. Stop-loss / take-profit inherited from improved 4.,2024-08-31,COR,Health Care,0.8555259942788722,132240.69332892238,-0.05,0.0,-0.05
improved_8_equal_weight_top20,Improved 8: improved 4 design with equal-weight 1/N sizing at top 20. Each position targets 5 pct of current portfolio equity. Top-N expansion from 10 to 20 and switch from fixed-dollar to percent-of-equity sizing are mechanically coupled and treated as a single improvement. Stop-loss / take-profit inherited from improved 4.,2024-08-31,SPG,Real Estate,0.8034965632435545,132240.69332892238,0.0433389693395476,0.0,0.0433389693395476
improved_8_equal_weight_top20,Improved 8: improved 4 design with equal-weight 1/N sizing at top 20. Each position targets 5 pct of current portfolio equity. Top-N expansion from 10 to 20 and switch from fixed-dollar to percent-of-equity sizing are mechanically coupled and treated as a single improvement. Stop-loss / take-profit inherited from improved 4.,2024-08-31,TGT,Consumer Staples,0.7938215636884709,132240.69332892238,-0.05,0.0,-0.05
improved_8_equal_weight_top20,Improved 8: improved 4 design with equal-weight 1/N sizing at top 20. Each position targets 5 pct of current portfolio equity. Top-N expansion from 10 to 20 and switch from fixed-dollar to percent-of-equity sizing are mechanically coupled and treated as a single improvement. Stop-loss / take-profit inherited from improved 4.,2024-08-31,VRSK,Industrials,0.7728776322947202,132240.69332892238,-0.0164609451909095,0.0,-0.0164609451909095
improved_8_equal_weight_top20,Improved 8: improved 4 design with equal-weight 1/N sizing at top 20. Each position targets 5 pct of current portfolio equity. Top-N expansion from 10 to 20 and switch from fixed-dollar to percent-of-equity sizing are mechanically coupled and treated as a single improvement. Stop-loss / take-profit inherited from improved 4.,2024-08-31,CASY,Consumer Staples,0.7708657720446273,132240.69332892238,0.0320285675044917,0.0,0.0320285675044917
improved_8_equal_weight_top20,Improved 8: improved 4 design with equal-weight 1/N sizing at top 20. Each position targets 5 pct of current portfolio equity. Top-N expansion from 10 to 20 and switch from fixed-dollar to percent-of-equity sizing are mechanically coupled and treated as a single improvement. Stop-loss / take-profit inherited from improved 4.,2024-08-31,TSCO,Consumer Discretionary,0.7685096870710106,132240.69332892238,0.0904422788607153,0.0,0.0904422788607153
improved_8_equal_weight_top20,Improved 8: improved 4 design with equal-weight 1/N sizing at top 20. Each position targets 5 pct of current portfolio equity. Top-N expansion from 10 to 20 and switch from fixed-dollar to percent-of-equity sizing are mechanically coupled and treated as a single improvement. Stop-loss / take-profit inherited from improved 4.,2024-08-31,AON,Financials,0.7543427286482427,132240.69332892238,0.0036550343747479,0.0,0.0036550343747479
improved_8_equal_weight_top20,Improved 8: improved 4 design with equal-weight 1/N sizing at top 20. Each position targets 5 pct of current portfolio equity. Top-N expansion from 10 to 20 and switch from fixed-dollar to percent-of-equity sizing are mechanically coupled and treated as a single improvement. Stop-loss / take-profit inherited from improved 4.,2024-09-30,NVDA,Information Technology,1.581411222516331,133499.88175649336,-0.05,0.0,-0.05
improved_8_equal_weight_top20,Improved 8: improved 4 design with equal-weight 1/N sizing at top 20. Each position targets 5 pct of current portfolio equity. Top-N expansion from 10 to 20 and switch from fixed-dollar to percent-of-equity sizing are mechanically coupled and treated as a single improvement. Stop-loss / take-profit inherited from improved 4.,2024-09-30,LII,Industrials,1.3936738187379403,133499.88175649336,-0.0008125228004901,0.0,-0.0008125228004901
improved_8_equal_weight_top20,Improved 8: improved 4 design with equal-weight 1/N sizing at top 20. Each position targets 5 pct of current portfolio equity. Top-N expansion from 10 to 20 and switch from fixed-dollar to percent-of-equity sizing are mechanically coupled and treated as a single improvement. Stop-loss / take-profit inherited from improved 4.,2024-09-30,UHS,Health Care,1.2472532624381993,133499.88175649336,-0.05,0.0,-0.05
improved_8_equal_weight_top20,Improved 8: improved 4 design with equal-weight 1/N sizing at top 20. Each position targets 5 pct of current portfolio equity. Top-N expansion from 10 to 20 and switch from fixed-dollar to percent-of-equity sizing are mechanically coupled and treated as a single improvement. Stop-loss / take-profit inherited from improved 4.,2024-09-30,CL,Consumer Staples,1.1993712885944456,133499.88175649336,-0.05,0.0,-0.05
improved_8_equal_weight_top20,Improved 8: improved 4 design with equal-weight 1/N sizing at top 20. Each position targets 5 pct of current portfolio equity. Top-N expansion from 10 to 20 and switch from fixed-dollar to percent-of-equity sizing are mechanically coupled and treated as a single improvement. Stop-loss / take-profit inherited from improved 4.,2024-09-30,MSI,Information Technology,1.1970853784640947,133499.88175649336,-0.0010226540093181,0.0,-0.0010226540093181
improved_8_equal_weight_top20,Improved 8: improved 4 design with equal-weight 1/N sizing at top 20. Each position targets 5 pct of current portfolio equity. Top-N expansion from 10 to 20 and switch from fixed-dollar to percent-of-equity sizing are mechanically coupled and treated as a single improvement. Stop-loss / take-profit inherited from improved 4.,2024-09-30,SMCI,Information Technology,1.0829258171521439,133499.88175649336,-0.05,0.0,-0.05
improved_8_equal_weight_top20,Improved 8: improved 4 design with equal-weight 1/N sizing at top 20. Each position targets 5 pct of current portfolio equity. Top-N expansion from 10 to 20 and switch from fixed-dollar to percent-of-equity sizing are mechanically coupled and treated as a single improvement. Stop-loss / take-profit inherited from improved 4.,2024-09-30,TRGP,Energy,1.0391812956241888,133499.88175649336,0.1395664877352047,0.0,0.1395664877352047
improved_8_equal_weight_top20,Improved 8: improved 4 design with equal-weight 1/N sizing at top 20. Each position targets 5 pct of current portfolio equity. Top-N expansion from 10 to 20 and switch from fixed-dollar to percent-of-equity sizing are mechanically coupled and treated as a single improvement. Stop-loss / take-profit inherited from improved 4.,2024-09-30,RCL,Consumer Discretionary,1.0192584890637417,133499.88175649336,0.1621423744084551,0.0,0.1621423744084551
improved_8_equal_weight_top20,Improved 8: improved 4 design with equal-weight 1/N sizing at top 20. Each position targets 5 pct of current portfolio equity. Top-N expansion from 10 to 20 and switch from fixed-dollar to percent-of-equity sizing are mechanically coupled and treated as a single improvement. Stop-loss / take-profit inherited from improved 4.,2024-09-30,FIX,Industrials,1.0117382420814622,133499.88175649336,-0.05,0.0,-0.05
improved_8_equal_weight_top20,Improved 8: improved 4 design with equal-weight 1/N sizing at top 20. Each position targets 5 pct of current portfolio equity. Top-N expansion from 10 to 20 and switch from fixed-dollar to percent-of-equity sizing are mechanically coupled and treated as a single improvement. Stop-loss / take-profit inherited from improved 4.,2024-09-30,KMB,Consumer Staples,0.9852844641537477,133499.88175649336,-0.05,0.0,-0.05
improved_8_equal_weight_top20,Improved 8: improved 4 design with equal-weight 1/N sizing at top 20. Each position targets 5 pct of current portfolio equity. Top-N expansion from 10 to 20 and switch from fixed-dollar to percent-of-equity sizing are mechanically coupled and treated as a single improvement. Stop-loss / take-profit inherited from improved 4.,2024-09-30,CLX,Consumer Staples,0.9850102401949884,133499.88175649336,-0.05,0.0,-0.05
improved_8_equal_weight_top20,Improved 8: improved 4 design with equal-weight 1/N sizing at top 20. Each position targets 5 pct of current portfolio equity. Top-N expansion from 10 to 20 and switch from fixed-dollar to percent-of-equity sizing are mechanically coupled and treated as a single improvement. Stop-loss / take-profit inherited from improved 4.,2024-09-30,VRT,Industrials,0.9744569061063809,133499.88175649336,0.0970688616737989,0.0,0.0970688616737989
improved_8_equal_weight_top20,Improved 8: improved 4 design with equal-weight 1/N sizing at top 20. Each position targets 5 pct of current portfolio equity. Top-N expansion from 10 to 20 and switch from fixed-dollar to percent-of-equity sizing are mechanically coupled and treated as a single improvement. Stop-loss / take-profit inherited from improved 4.,2024-09-30,GM,Consumer Discretionary,0.9592933244475087,133499.88175649336,0.1242524916939786,0.0,0.1242524916939786
improved_8_equal_weight_top20,Improved 8: improved 4 design with equal-weight 1/N sizing at top 20. Each position targets 5 pct of current portfolio equity. Top-N expansion from 10 to 20 and switch from fixed-dollar to percent-of-equity sizing are mechanically coupled and treated as a single improvement. Stop-loss / take-profit inherited from improved 4.,2024-09-30,AON,Financials,0.9367468226514958,133499.88175649336,0.0515650080257004,0.0,0.0515650080257004
improved_8_equal_weight_top20,Improved 8: improved 4 design with equal-weight 1/N sizing at top 20. Each position targets 5 pct of current portfolio equity. Top-N expansion from 10 to 20 and switch from fixed-dollar to percent-of-equity sizing are mechanically coupled and treated as a single improvement. Stop-loss / take-profit inherited from improved 4.,2024-09-30,KKR,Financials,0.9043719545446229,133499.88175649336,0.0586613570224157,0.0,0.0586613570224157
improved_8_equal_weight_top20,Improved 8: improved 4 design with equal-weight 1/N sizing at top 20. Each position targets 5 pct of current portfolio equity. Top-N expansion from 10 to 20 and switch from fixed-dollar to percent-of-equity sizing are mechanically coupled and treated as a single improvement. Stop-loss / take-profit inherited from improved 4.,2024-09-30,KLAC,Information Technology,0.8980292998581045,133499.88175649336,-0.05,0.0,-0.05
improved_8_equal_weight_top20,Improved 8: improved 4 design with equal-weight 1/N sizing at top 20. Each position targets 5 pct of current portfolio equity. Top-N expansion from 10 to 20 and switch from fixed-dollar to percent-of-equity sizing are mechanically coupled and treated as a single improvement. Stop-loss / take-profit inherited from improved 4.,2024-09-30,NRG,Utilities,0.8911784745575866,133499.88175649336,-0.05,0.0,-0.05
improved_8_equal_weight_top20,Improved 8: improved 4 design with equal-weight 1/N sizing at top 20. Each position targets 5 pct of current portfolio equity. Top-N expansion from 10 to 20 and switch from fixed-dollar to percent-of-equity sizing are mechanically coupled and treated as a single improvement. Stop-loss / take-profit inherited from improved 4.,2024-09-30,IT,Information Technology,0.8755125382057362,133499.88175649336,-0.0092079578839442,0.0,-0.0092079578839442
improved_8_equal_weight_top20,Improved 8: improved 4 design with equal-weight 1/N sizing at top 20. Each position targets 5 pct of current portfolio equity. Top-N expansion from 10 to 20 and switch from fixed-dollar to percent-of-equity sizing are mechanically coupled and treated as a single improvement. Stop-loss / take-profit inherited from improved 4.,2024-09-30,COR,Health Care,0.8605624016284662,133499.88175649336,0.0131035401766206,0.0,0.0131035401766206
improved_8_equal_weight_top20,Improved 8: improved 4 design with equal-weight 1/N sizing at top 20. Each position targets 5 pct of current portfolio equity. Top-N expansion from 10 to 20 and switch from fixed-dollar to percent-of-equity sizing are mechanically coupled and treated as a single improvement. Stop-loss / take-profit inherited from improved 4.,2024-09-30,HD,Consumer Discretionary,0.8363441124097076,133499.88175649336,-0.025419533686573,0.0,-0.025419533686573
improved_8_equal_weight_top20,Improved 8: improved 4 design with equal-weight 1/N sizing at top 20. Each position targets 5 pct of current portfolio equity. Top-N expansion from 10 to 20 and switch from fixed-dollar to percent-of-equity sizing are mechanically coupled and treated as a single improvement. Stop-loss / take-profit inherited from improved 4.,2024-10-31,NVDA,Information Technology,1.6964489949397286,134567.19630562686,0.0263548626575431,0.0,0.0263548626575431
improved_8_equal_weight_top20,Improved 8: improved 4 design with equal-weight 1/N sizing at top 20. Each position targets 5 pct of current portfolio equity. Top-N expansion from 10 to 20 and switch from fixed-dollar to percent-of-equity sizing are mechanically coupled and treated as a single improvement. Stop-loss / take-profit inherited from improved 4.,2024-10-31,DVA,Health Care,1.501117889047442,134567.19630562686,0.1731855408076814,0.0,0.1731855408076814
improved_8_equal_weight_top20,Improved 8: improved 4 design with equal-weight 1/N sizing at top 20. Each position targets 5 pct of current portfolio equity. Top-N expansion from 10 to 20 and switch from fixed-dollar to percent-of-equity sizing are mechanically coupled and treated as a single improvement. Stop-loss / take-profit inherited from improved 4.,2024-10-31,GDDY,Information Technology,1.385153936363858,134567.19630562686,0.1774837594612313,0.0,0.1774837594612313
improved_8_equal_weight_top20,Improved 8: improved 4 design with equal-weight 1/N sizing at top 20. Each position targets 5 pct of current portfolio equity. Top-N expansion from 10 to 20 and switch from fixed-dollar to percent-of-equity sizing are mechanically coupled and treated as a single improvement. Stop-loss / take-profit inherited from improved 4.,2024-10-31,SMCI,Information Technology,1.1544168033810147,134567.19630562686,-0.05,0.0,-0.05
improved_8_equal_weight_top20,Improved 8: improved 4 design with equal-weight 1/N sizing at top 20. Each position targets 5 pct of current portfolio equity. Top-N expansion from 10 to 20 and switch from fixed-dollar to percent-of-equity sizing are mechanically coupled and treated as a single improvement. Stop-loss / take-profit inherited from improved 4.,2024-10-31,MSI,Information Technology,1.1094359201935897,134567.19630562686,0.105482058315951,0.0,0.105482058315951
improved_8_equal_weight_top20,Improved 8: improved 4 design with equal-weight 1/N sizing at top 20. Each position targets 5 pct of current portfolio equity. Top-N expansion from 10 to 20 and switch from fixed-dollar to percent-of-equity sizing are mechanically coupled and treated as a single improvement. Stop-loss / take-profit inherited from improved 4.,2024-10-31,HD,Consumer Discretionary,1.1083542289887296,134567.19630562686,0.092680389908377,0.0,0.092680389908377
improved_8_equal_weight_top20,Improved 8: improved 4 design with equal-weight 1/N sizing at top 20. Each position targets 5 pct of current portfolio equity. Top-N expansion from 10 to 20 and switch from fixed-dollar to percent-of-equity sizing are mechanically coupled and treated as a single improvement. Stop-loss / take-profit inherited from improved 4.,2024-10-31,CL,Consumer Staples,1.066753945731834,134567.19630562686,0.0288543441230972,0.0,0.0288543441230972
improved_8_equal_weight_top20,Improved 8: improved 4 design with equal-weight 1/N sizing at top 20. Each position targets 5 pct of current portfolio equity. Top-N expansion from 10 to 20 and switch from fixed-dollar to percent-of-equity sizing are mechanically coupled and treated as a single improvement. Stop-loss / take-profit inherited from improved 4.,2024-10-31,MPWR,Information Technology,1.0592492587148739,134567.19630562686,-0.05,0.0,-0.05
improved_8_equal_weight_top20,Improved 8: improved 4 design with equal-weight 1/N sizing at top 20. Each position targets 5 pct of current portfolio equity. Top-N expansion from 10 to 20 and switch from fixed-dollar to percent-of-equity sizing are mechanically coupled and treated as a single improvement. Stop-loss / take-profit inherited from improved 4.,2024-10-31,VRT,Industrials,1.0163491788476506,134567.19630562686,0.3,0.0,0.3
improved_8_equal_weight_top20,Improved 8: improved 4 design with equal-weight 1/N sizing at top 20. Each position targets 5 pct of current portfolio equity. Top-N expansion from 10 to 20 and switch from fixed-dollar to percent-of-equity sizing are mechanically coupled and treated as a single improvement. Stop-loss / take-profit inherited from improved 4.,2024-10-31,VST,Utilities,0.9388455510276486,134567.19630562686,-0.05,0.0,-0.05
improved_8_equal_weight_top20,Improved 8: improved 4 design with equal-weight 1/N sizing at top 20. Each position targets 5 pct of current portfolio equity. Top-N expansion from 10 to 20 and switch from fixed-dollar to percent-of-equity sizing are mechanically coupled and treated as a single improvement. Stop-loss / take-profit inherited from improved 4.,2024-10-31,EBAY,Consumer Discretionary,0.9359538189003467,134567.19630562686,0.1015597920282946,0.0,0.1015597920282946
improved_8_equal_weight_top20,Improved 8: improved 4 design with equal-weight 1/N sizing at top 20. Each position targets 5 pct of current portfolio equity. Top-N expansion from 10 to 20 and switch from fixed-dollar to percent-of-equity sizing are mechanically coupled and treated as a single improvement. Stop-loss / take-profit inherited from improved 4.,2024-10-31,UBER,Industrials,0.9158074077670608,134567.19630562686,-0.05,0.0,-0.05
improved_8_equal_weight_top20,Improved 8: improved 4 design with equal-weight 1/N sizing at top 20. Each position targets 5 pct of current portfolio equity. Top-N expansion from 10 to 20 and switch from fixed-dollar to percent-of-equity sizing are mechanically coupled and treated as a single improvement. Stop-loss / take-profit inherited from improved 4.,2024-10-31,CDW,Information Technology,0.8965635301614887,134567.19630562686,-0.05,0.0,-0.05
improved_8_equal_weight_top20,Improved 8: improved 4 design with equal-weight 1/N sizing at top 20. Each position targets 5 pct of current portfolio equity. Top-N expansion from 10 to 20 and switch from fixed-dollar to percent-of-equity sizing are mechanically coupled and treated as a single improvement. Stop-loss / take-profit inherited from improved 4.,2024-10-31,ORCL,Information Technology,0.8844840450613027,134567.19630562686,0.0863355862469741,0.0,0.0863355862469741
improved_8_equal_weight_top20,Improved 8: improved 4 design with equal-weight 1/N sizing at top 20. Each position targets 5 pct of current portfolio equity. Top-N expansion from 10 to 20 and switch from fixed-dollar to percent-of-equity sizing are mechanically coupled and treated as a single improvement. Stop-loss / take-profit inherited from improved 4.,2024-10-31,NTAP,Information Technology,0.8711808316195632,134567.19630562686,0.0612668743505873,0.0,0.0612668743505873
improved_8_equal_weight_top20,Improved 8: improved 4 design with equal-weight 1/N sizing at top 20. Each position targets 5 pct of current portfolio equity. Top-N expansion from 10 to 20 and switch from fixed-dollar to percent-of-equity sizing are mechanically coupled and treated as a single improvement. Stop-loss / take-profit inherited from improved 4.,2024-10-31,MGM,Consumer Discretionary,0.8542367701527065,134567.19630562686,0.0259566497190262,0.0,0.0259566497190262
improved_8_equal_weight_top20,Improved 8: improved 4 design with equal-weight 1/N sizing at top 20. Each position targets 5 pct of current portfolio equity. Top-N expansion from 10 to 20 and switch from fixed-dollar to percent-of-equity sizing are mechanically coupled and treated as a single improvement. Stop-loss / take-profit inherited from improved 4.,2024-10-31,HII,Industrials,0.849069931859534,134567.19630562686,0.0764369057905811,0.0,0.0764369057905811
improved_8_equal_weight_top20,Improved 8: improved 4 design with equal-weight 1/N sizing at top 20. Each position targets 5 pct of current portfolio equity. Top-N expansion from 10 to 20 and switch from fixed-dollar to percent-of-equity sizing are mechanically coupled and treated as a single improvement. Stop-loss / take-profit inherited from improved 4.,2024-10-31,BALL,Materials,0.8429578890985847,134567.19630562686,0.0358273621067948,0.0,0.0358273621067948
improved_8_equal_weight_top20,Improved 8: improved 4 design with equal-weight 1/N sizing at top 20. Each position targets 5 pct of current portfolio equity. Top-N expansion from 10 to 20 and switch from fixed-dollar to percent-of-equity sizing are mechanically coupled and treated as a single improvement. Stop-loss / take-profit inherited from improved 4.,2024-10-31,KMB,Consumer Staples,0.8281404767543082,134567.19630562686,0.0351359381966673,0.0,0.0351359381966673
improved_8_equal_weight_top20,Improved 8: improved 4 design with equal-weight 1/N sizing at top 20. Each position targets 5 pct of current portfolio equity. Top-N expansion from 10 to 20 and switch from fixed-dollar to percent-of-equity sizing are mechanically coupled and treated as a single improvement. Stop-loss / take-profit inherited from improved 4.,2024-10-31,COR,Health Care,0.8261613074175123,134567.19630562686,0.0930155323931742,0.0,0.0930155323931742
improved_8_equal_weight_top20,Improved 8: improved 4 design with equal-weight 1/N sizing at top 20. Each position targets 5 pct of current portfolio equity. Top-N expansion from 10 to 20 and switch from fixed-dollar to percent-of-equity sizing are mechanically coupled and treated as a single improvement. Stop-loss / take-profit inherited from improved 4.,2024-11-30,GDDY,Information Technology,1.8113340025358673,142436.52174740008,-0.0020225514486524,0.0,-0.0020225514486524
improved_8_equal_weight_top20,Improved 8: improved 4 design with equal-weight 1/N sizing at top 20. Each position targets 5 pct of current portfolio equity. Top-N expansion from 10 to 20 and switch from fixed-dollar to percent-of-equity sizing are mechanically coupled and treated as a single improvement. Stop-loss / take-profit inherited from improved 4.,2024-11-30,VRT,Industrials,1.7982299861972106,142436.52174740008,-0.05,0.0,-0.05
improved_8_equal_weight_top20,Improved 8: improved 4 design with equal-weight 1/N sizing at top 20. Each position targets 5 pct of current portfolio equity. Top-N expansion from 10 to 20 and switch from fixed-dollar to percent-of-equity sizing are mechanically coupled and treated as a single improvement. Stop-loss / take-profit inherited from improved 4.,2024-11-30,TPL,Energy,1.4800204549590763,142436.52174740008,-0.05,0.0,-0.05
improved_8_equal_weight_top20,Improved 8: improved 4 design with equal-weight 1/N sizing at top 20. Each position targets 5 pct of current portfolio equity. Top-N expansion from 10 to 20 and switch from fixed-dollar to percent-of-equity sizing are mechanically coupled and treated as a single improvement. Stop-loss / take-profit inherited from improved 4.,2024-11-30,NVDA,Information Technology,1.352450427275301,142436.52174740008,-0.05,0.0,-0.05
improved_8_equal_weight_top20,Improved 8: improved 4 design with equal-weight 1/N sizing at top 20. Each position targets 5 pct of current portfolio equity. Top-N expansion from 10 to 20 and switch from fixed-dollar to percent-of-equity sizing are mechanically coupled and treated as a single improvement. Stop-loss / take-profit inherited from improved 4.,2024-11-30,FTNT,Information Technology,1.30244380190193,142436.52174740008,-0.009228187919463,0.0,-0.009228187919463
improved_8_equal_weight_top20,Improved 8: improved 4 design with equal-weight 1/N sizing at top 20. Each position targets 5 pct of current portfolio equity. Top-N expansion from 10 to 20 and switch from fixed-dollar to percent-of-equity sizing are mechanically coupled and treated as a single improvement. Stop-loss / take-profit inherited from improved 4.,2024-11-30,SMCI,Information Technology,1.205585375196895,142436.52174740008,-0.05,0.0,-0.05
improved_8_equal_weight_top20,Improved 8: improved 4 design with equal-weight 1/N sizing at top 20. Each position targets 5 pct of current portfolio equity. Top-N expansion from 10 to 20 and switch from fixed-dollar to percent-of-equity sizing are mechanically coupled and treated as a single improvement. Stop-loss / take-profit inherited from improved 4.,2024-11-30,ORCL,Information Technology,1.2014244794657731,142436.52174740008,-0.05,0.0,-0.05
improved_8_equal_weight_top20,Improved 8: improved 4 design with equal-weight 1/N sizing at top 20. Each position targets 5 pct of current portfolio equity. Top-N expansion from 10 to 20 and switch from fixed-dollar to percent-of-equity sizing are mechanically coupled and treated as a single improvement. Stop-loss / take-profit inherited from improved 4.,2024-11-30,ADSK,Information Technology,1.1580796115224006,142436.52174740008,0.0131281277850139,0.0,0.0131281277850139
improved_8_equal_weight_top20,Improved 8: improved 4 design with equal-weight 1/N sizing at top 20. Each position targets 5 pct of current portfolio equity. Top-N expansion from 10 to 20 and switch from fixed-dollar to percent-of-equity sizing are mechanically coupled and treated as a single improvement. Stop-loss / take-profit inherited from improved 4.,2024-11-30,GM,Consumer Discretionary,1.149427912729172,142436.52174740008,-0.05,0.0,-0.05
improved_8_equal_weight_top20,Improved 8: improved 4 design with equal-weight 1/N sizing at top 20. Each position targets 5 pct of current portfolio equity. Top-N expansion from 10 to 20 and switch from fixed-dollar to percent-of-equity sizing are mechanically coupled and treated as a single improvement. Stop-loss / take-profit inherited from improved 4.,2024-11-30,HD,Consumer Discretionary,1.12757543316194,142436.52174740008,-0.05,0.0,-0.05
improved_8_equal_weight_top20,Improved 8: improved 4 design with equal-weight 1/N sizing at top 20. Each position targets 5 pct of current portfolio equity. Top-N expansion from 10 to 20 and switch from fixed-dollar to percent-of-equity sizing are mechanically coupled and treated as a single improvement. Stop-loss / take-profit inherited from improved 4.,2024-11-30,CL,Consumer Staples,1.10155170070315,142436.52174740008,-0.05,0.0,-0.05
improved_8_equal_weight_top20,Improved 8: improved 4 design with equal-weight 1/N sizing at top 20. Each position targets 5 pct of current portfolio equity. Top-N expansion from 10 to 20 and switch from fixed-dollar to percent-of-equity sizing are mechanically coupled and treated as a single improvement. Stop-loss / take-profit inherited from improved 4.,2024-11-30,LYV,Communication Services,1.0963192891878248,142436.52174740008,-0.05,0.0,-0.05
improved_8_equal_weight_top20,Improved 8: improved 4 design with equal-weight 1/N sizing at top 20. Each position targets 5 pct of current portfolio equity. Top-N expansion from 10 to 20 and switch from fixed-dollar to percent-of-equity sizing are mechanically coupled and treated as a single improvement. Stop-loss / take-profit inherited from improved 4.,2024-11-30,NTAP,Information Technology,1.0374674408562945,142436.52174740008,-0.05,0.0,-0.05
improved_8_equal_weight_top20,Improved 8: improved 4 design with equal-weight 1/N sizing at top 20. Each position targets 5 pct of current portfolio equity. Top-N expansion from 10 to 20 and switch from fixed-dollar to percent-of-equity sizing are mechanically coupled and treated as a single improvement. Stop-loss / take-profit inherited from improved 4.,2024-11-30,VST,Utilities,1.0339971196828779,142436.52174740008,-0.05,0.0,-0.05
improved_8_equal_weight_top20,Improved 8: improved 4 design with equal-weight 1/N sizing at top 20. Each position targets 5 pct of current portfolio equity. Top-N expansion from 10 to 20 and switch from fixed-dollar to percent-of-equity sizing are mechanically coupled and treated as a single improvement. Stop-loss / take-profit inherited from improved 4.,2024-11-30,CLX,Consumer Staples,1.0159841788440345,142436.52174740008,-0.0284740084943625,0.0,-0.0284740084943625
improved_8_equal_weight_top20,Improved 8: improved 4 design with equal-weight 1/N sizing at top 20. Each position targets 5 pct of current portfolio equity. Top-N expansion from 10 to 20 and switch from fixed-dollar to percent-of-equity sizing are mechanically coupled and treated as a single improvement. Stop-loss / take-profit inherited from improved 4.,2024-11-30,VRSK,Industrials,0.9948865913359529,142436.52174740008,-0.05,0.0,-0.05
improved_8_equal_weight_top20,Improved 8: improved 4 design with equal-weight 1/N sizing at top 20. Each position targets 5 pct of current portfolio equity. Top-N expansion from 10 to 20 and switch from fixed-dollar to percent-of-equity sizing are mechanically coupled and treated as a single improvement. Stop-loss / take-profit inherited from improved 4.,2024-11-30,KMB,Consumer Staples,0.9818994850890128,142436.52174740008,-0.05,0.0,-0.05
improved_8_equal_weight_top20,Improved 8: improved 4 design with equal-weight 1/N sizing at top 20. Each position targets 5 pct of current portfolio equity. Top-N expansion from 10 to 20 and switch from fixed-dollar to percent-of-equity sizing are mechanically coupled and treated as a single improvement. Stop-loss / take-profit inherited from improved 4.,2024-11-30,FIX,Industrials,0.9683487143132051,142436.52174740008,-0.05,0.0,-0.05
improved_8_equal_weight_top20,Improved 8: improved 4 design with equal-weight 1/N sizing at top 20. Each position targets 5 pct of current portfolio equity. Top-N expansion from 10 to 20 and switch from fixed-dollar to percent-of-equity sizing are mechanically coupled and treated as a single improvement. Stop-loss / take-profit inherited from improved 4.,2024-11-30,IBKR,Financials,0.8901267411466443,142436.52174740008,-0.05,0.0,-0.05
improved_8_equal_weight_top20,Improved 8: improved 4 design with equal-weight 1/N sizing at top 20. Each position targets 5 pct of current portfolio equity. Top-N expansion from 10 to 20 and switch from fixed-dollar to percent-of-equity sizing are mechanically coupled and treated as a single improvement. Stop-loss / take-profit inherited from improved 4.,2024-11-30,EME,Industrials,0.8815129297075335,142436.52174740008,-0.05,0.0,-0.05
improved_8_equal_weight_top20,Improved 8: improved 4 design with equal-weight 1/N sizing at top 20. Each position targets 5 pct of current portfolio equity. Top-N expansion from 10 to 20 and switch from fixed-dollar to percent-of-equity sizing are mechanically coupled and treated as a single improvement. Stop-loss / take-profit inherited from improved 4.,2024-12-31,GDDY,Information Technology,2.192388949300141,136549.64437480053,0.0685392693834481,0.0,0.0685392693834481
improved_8_equal_weight_top20,Improved 8: improved 4 design with equal-weight 1/N sizing at top 20. Each position targets 5 pct of current portfolio equity. Top-N expansion from 10 to 20 and switch from fixed-dollar to percent-of-equity sizing are mechanically coupled and treated as a single improvement. Stop-loss / take-profit inherited from improved 4.,2024-12-31,NVDA,Information Technology,1.9406004173013822,136549.64437480053,-0.05,0.0,-0.05
improved_8_equal_weight_top20,Improved 8: improved 4 design with equal-weight 1/N sizing at top 20. Each position targets 5 pct of current portfolio equity. Top-N expansion from 10 to 20 and switch from fixed-dollar to percent-of-equity sizing are mechanically coupled and treated as a single improvement. Stop-loss / take-profit inherited from improved 4.,2024-12-31,FTNT,Information Technology,1.7286442482848727,136549.64437480053,0.0578859060402683,0.0,0.0578859060402683
improved_8_equal_weight_top20,Improved 8: improved 4 design with equal-weight 1/N sizing at top 20. Each position targets 5 pct of current portfolio equity. Top-N expansion from 10 to 20 and switch from fixed-dollar to percent-of-equity sizing are mechanically coupled and treated as a single improvement. Stop-loss / take-profit inherited from improved 4.,2024-12-31,VST,Utilities,1.6519015244801547,136549.64437480053,-0.05,0.0,-0.05
improved_8_equal_weight_top20,Improved 8: improved 4 design with equal-weight 1/N sizing at top 20. Each position targets 5 pct of current portfolio equity. Top-N expansion from 10 to 20 and switch from fixed-dollar to percent-of-equity sizing are mechanically coupled and treated as a single improvement. Stop-loss / take-profit inherited from improved 4.,2024-12-31,LYV,Communication Services,1.5378509987788465,136549.64437480053,0.1078101071975499,0.0,0.1078101071975499
improved_8_equal_weight_top20,Improved 8: improved 4 design with equal-weight 1/N sizing at top 20. Each position targets 5 pct of current portfolio equity. Top-N expansion from 10 to 20 and switch from fixed-dollar to percent-of-equity sizing are mechanically coupled and treated as a single improvement. Stop-loss / take-profit inherited from improved 4.,2024-12-31,UAL,Industrials,1.414747909496187,136549.64437480053,-0.05,0.0,-0.05
improved_8_equal_weight_top20,Improved 8: improved 4 design with equal-weight 1/N sizing at top 20. Each position targets 5 pct of current portfolio equity. Top-N expansion from 10 to 20 and switch from fixed-dollar to percent-of-equity sizing are mechanically coupled and treated as a single improvement. Stop-loss / take-profit inherited from improved 4.,2024-12-31,TPL,Energy,1.2532742977253097,136549.64437480053,0.1576086956520301,0.0,0.1576086956520301
improved_8_equal_weight_top20,Improved 8: improved 4 design with equal-weight 1/N sizing at top 20. Each position targets 5 pct of current portfolio equity. Top-N expansion from 10 to 20 and switch from fixed-dollar to percent-of-equity sizing are mechanically coupled and treated as a single improvement. Stop-loss / take-profit inherited from improved 4.,2024-12-31,HD,Consumer Discretionary,1.2270957044612734,136549.64437480053,0.0506209675362643,0.0,0.0506209675362643
improved_8_equal_weight_top20,Improved 8: improved 4 design with equal-weight 1/N sizing at top 20. Each position targets 5 pct of current portfolio equity. Top-N expansion from 10 to 20 and switch from fixed-dollar to percent-of-equity sizing are mechanically coupled and treated as a single improvement. Stop-loss / take-profit inherited from improved 4.,2024-12-31,CL,Consumer Staples,1.2189010700769503,136549.64437480053,-0.05,0.0,-0.05
improved_8_equal_weight_top20,Improved 8: improved 4 design with equal-weight 1/N sizing at top 20. Each position targets 5 pct of current portfolio equity. Top-N expansion from 10 to 20 and switch from fixed-dollar to percent-of-equity sizing are mechanically coupled and treated as a single improvement. Stop-loss / take-profit inherited from improved 4.,2024-12-31,APO,Financials,1.1922153396529294,136549.64437480053,-0.05,0.0,-0.05
improved_8_equal_weight_top20,Improved 8: improved 4 design with equal-weight 1/N sizing at top 20. Each position targets 5 pct of current portfolio equity. Top-N expansion from 10 to 20 and switch from fixed-dollar to percent-of-equity sizing are mechanically coupled and treated as a single improvement. Stop-loss / take-profit inherited from improved 4.,2024-12-31,CVNA,Consumer Discretionary,1.1863700324094475,136549.64437480053,-0.05,0.0,-0.05
improved_8_equal_weight_top20,Improved 8: improved 4 design with equal-weight 1/N sizing at top 20. Each position targets 5 pct of current portfolio equity. Top-N expansion from 10 to 20 and switch from fixed-dollar to percent-of-equity sizing are mechanically coupled and treated as a single improvement. Stop-loss / take-profit inherited from improved 4.,2024-12-31,VRT,Industrials,1.1776063419393012,136549.64437480053,-0.05,0.0,-0.05
improved_8_equal_weight_top20,Improved 8: improved 4 design with equal-weight 1/N sizing at top 20. Each position targets 5 pct of current portfolio equity. Top-N expansion from 10 to 20 and switch from fixed-dollar to percent-of-equity sizing are mechanically coupled and treated as a single improvement. Stop-loss / take-profit inherited from improved 4.,2024-12-31,AXON,Industrials,1.0575118573157132,136549.64437480053,-0.05,0.0,-0.05
improved_8_equal_weight_top20,Improved 8: improved 4 design with equal-weight 1/N sizing at top 20. Each position targets 5 pct of current portfolio equity. Top-N expansion from 10 to 20 and switch from fixed-dollar to percent-of-equity sizing are mechanically coupled and treated as a single improvement. Stop-loss / take-profit inherited from improved 4.,2024-12-31,DVA,Health Care,1.0411012054463757,136549.64437480053,0.1772566312554286,0.0,0.1772566312554286
improved_8_equal_weight_top20,Improved 8: improved 4 design with equal-weight 1/N sizing at top 20. Each position targets 5 pct of current portfolio equity. Top-N expansion from 10 to 20 and switch from fixed-dollar to percent-of-equity sizing are mechanically coupled and treated as a single improvement. Stop-loss / take-profit inherited from improved 4.,2024-12-31,FIX,Industrials,1.0343287730280406,136549.64437480053,-0.05,0.0,-0.05
improved_8_equal_weight_top20,Improved 8: improved 4 design with equal-weight 1/N sizing at top 20. Each position targets 5 pct of current portfolio equity. Top-N expansion from 10 to 20 and switch from fixed-dollar to percent-of-equity sizing are mechanically coupled and treated as a single improvement. Stop-loss / take-profit inherited from improved 4.,2024-12-31,VRSK,Industrials,1.0289260467105885,136549.64437480053,0.0415247481704088,0.0,0.0415247481704088
improved_8_equal_weight_top20,Improved 8: improved 4 design with equal-weight 1/N sizing at top 20. Each position targets 5 pct of current portfolio equity. Top-N expansion from 10 to 20 and switch from fixed-dollar to percent-of-equity sizing are mechanically coupled and treated as a single improvement. Stop-loss / take-profit inherited from improved 4.,2024-12-31,LII,Industrials,0.9974623181300762,136549.64437480053,-0.0363707342463307,0.0,-0.0363707342463307
improved_8_equal_weight_top20,Improved 8: improved 4 design with equal-weight 1/N sizing at top 20. Each position targets 5 pct of current portfolio equity. Top-N expansion from 10 to 20 and switch from fixed-dollar to percent-of-equity sizing are mechanically coupled and treated as a single improvement. Stop-loss / take-profit inherited from improved 4.,2024-12-31,MSI,Information Technology,0.9685211499132398,136549.64437480053,0.0094437034807133,0.0,0.0094437034807133
improved_8_equal_weight_top20,Improved 8: improved 4 design with equal-weight 1/N sizing at top 20. Each position targets 5 pct of current portfolio equity. Top-N expansion from 10 to 20 and switch from fixed-dollar to percent-of-equity sizing are mechanically coupled and treated as a single improvement. Stop-loss / take-profit inherited from improved 4.,2024-12-31,EME,Industrials,0.9662280734284299,136549.64437480053,-0.05,0.0,-0.05
improved_8_equal_weight_top20,Improved 8: improved 4 design with equal-weight 1/N sizing at top 20. Each position targets 5 pct of current portfolio equity. Top-N expansion from 10 to 20 and switch from fixed-dollar to percent-of-equity sizing are mechanically coupled and treated as a single improvement. Stop-loss / take-profit inherited from improved 4.,2024-12-31,SMCI,Information Technology,0.9212581228839307,136549.64437480053,-0.05,0.0,-0.05
improved_8_equal_weight_top20,Improved 8: improved 4 design with equal-weight 1/N sizing at top 20. Each position targets 5 pct of current portfolio equity. Top-N expansion from 10 to 20 and switch from fixed-dollar to percent-of-equity sizing are mechanically coupled and treated as a single improvement. Stop-loss / take-profit inherited from improved 4.,2025-01-31,GDDY,Information Technology,1.6525215537549314,137125.33285848968,-0.05,0.0,-0.05
improved_8_equal_weight_top20,Improved 8: improved 4 design with equal-weight 1/N sizing at top 20. Each position targets 5 pct of current portfolio equity. Top-N expansion from 10 to 20 and switch from fixed-dollar to percent-of-equity sizing are mechanically coupled and treated as a single improvement. Stop-loss / take-profit inherited from improved 4.,2025-01-31,CL,Consumer Staples,1.5626617437026924,137125.33285848968,0.0470885494435362,0.0,0.0470885494435362
improved_8_equal_weight_top20,Improved 8: improved 4 design with equal-weight 1/N sizing at top 20. Each position targets 5 pct of current portfolio equity. Top-N expansion from 10 to 20 and switch from fixed-dollar to percent-of-equity sizing are mechanically coupled and treated as a single improvement. Stop-loss / take-profit inherited from improved 4.,2025-01-31,LII,Industrials,1.4572149114319148,137125.33285848968,0.045304347826085,0.0,0.045304347826085
improved_8_equal_weight_top20,Improved 8: improved 4 design with equal-weight 1/N sizing at top 20. Each position targets 5 pct of current portfolio equity. Top-N expansion from 10 to 20 and switch from fixed-dollar to percent-of-equity sizing are mechanically coupled and treated as a single improvement. Stop-loss / take-profit inherited from improved 4.,2025-01-31,HD,Consumer Discretionary,1.3352534057385765,137125.33285848968,-0.05,0.0,-0.05
improved_8_equal_weight_top20,Improved 8: improved 4 design with equal-weight 1/N sizing at top 20. Each position targets 5 pct of current portfolio equity. Top-N expansion from 10 to 20 and switch from fixed-dollar to percent-of-equity sizing are mechanically coupled and treated as a single improvement. Stop-loss / take-profit inherited from improved 4.,2025-01-31,UAL,Industrials,1.2353544658187023,137125.33285848968,-0.05,0.0,-0.05
improved_8_equal_weight_top20,Improved 8: improved 4 design with equal-weight 1/N sizing at top 20. Each position targets 5 pct of current portfolio equity. Top-N expansion from 10 to 20 and switch from fixed-dollar to percent-of-equity sizing are mechanically coupled and treated as a single improvement. Stop-loss / take-profit inherited from improved 4.,2025-01-31,NVDA,Information Technology,1.2337592562409159,137125.33285848968,0.0886274509799245,0.0,0.0886274509799245
improved_8_equal_weight_top20,Improved 8: improved 4 design with equal-weight 1/N sizing at top 20. Each position targets 5 pct of current portfolio equity. Top-N expansion from 10 to 20 and switch from fixed-dollar to percent-of-equity sizing are mechanically coupled and treated as a single improvement. Stop-loss / take-profit inherited from improved 4.,2025-01-31,LYV,Communication Services,1.1758148247634055,137125.33285848968,0.0090800309706484,0.0,0.0090800309706484
improved_8_equal_weight_top20,Improved 8: improved 4 design with equal-weight 1/N sizing at top 20. Each position targets 5 pct of current portfolio equity. Top-N expansion from 10 to 20 and switch from fixed-dollar to percent-of-equity sizing are mechanically coupled and treated as a single improvement. Stop-loss / take-profit inherited from improved 4.,2025-01-31,FTNT,Information Technology,1.171833728691501,137125.33285848968,0.092444624254071,0.0,0.092444624254071
improved_8_equal_weight_top20,Improved 8: improved 4 design with equal-weight 1/N sizing at top 20. Each position targets 5 pct of current portfolio equity. Top-N expansion from 10 to 20 and switch from fixed-dollar to percent-of-equity sizing are mechanically coupled and treated as a single improvement. Stop-loss / take-profit inherited from improved 4.,2025-01-31,TRGP,Energy,1.1655952818139976,137125.33285848968,0.0318158567778836,0.0,0.0318158567778836
improved_8_equal_weight_top20,Improved 8: improved 4 design with equal-weight 1/N sizing at top 20. Each position targets 5 pct of current portfolio equity. Top-N expansion from 10 to 20 and switch from fixed-dollar to percent-of-equity sizing are mechanically coupled and treated as a single improvement. Stop-loss / take-profit inherited from improved 4.,2025-01-31,DECK,Consumer Discretionary,1.0536316194186284,137125.33285848968,-0.05,0.0,-0.05
improved_8_equal_weight_top20,Improved 8: improved 4 design with equal-weight 1/N sizing at top 20. Each position targets 5 pct of current portfolio equity. Top-N expansion from 10 to 20 and switch from fixed-dollar to percent-of-equity sizing are mechanically coupled and treated as a single improvement. Stop-loss / take-profit inherited from improved 4.,2025-01-31,WSM,Consumer Discretionary,1.0487863101094412,137125.33285848968,-0.05,0.0,-0.05
improved_8_equal_weight_top20,Improved 8: improved 4 design with equal-weight 1/N sizing at top 20. Each position targets 5 pct of current portfolio equity. Top-N expansion from 10 to 20 and switch from fixed-dollar to percent-of-equity sizing are mechanically coupled and treated as a single improvement. Stop-loss / take-profit inherited from improved 4.,2025-01-31,CLX,Consumer Staples,1.0065725521622513,137125.33285848968,-0.05,0.0,-0.05
improved_8_equal_weight_top20,Improved 8: improved 4 design with equal-weight 1/N sizing at top 20. Each position targets 5 pct of current portfolio equity. Top-N expansion from 10 to 20 and switch from fixed-dollar to percent-of-equity sizing are mechanically coupled and treated as a single improvement. Stop-loss / take-profit inherited from improved 4.,2025-01-31,KMB,Consumer Staples,0.9639095151843007,137125.33285848968,0.0958407284515163,0.0,0.0958407284515163
improved_8_equal_weight_top20,Improved 8: improved 4 design with equal-weight 1/N sizing at top 20. Each position targets 5 pct of current portfolio equity. Top-N expansion from 10 to 20 and switch from fixed-dollar to percent-of-equity sizing are mechanically coupled and treated as a single improvement. Stop-loss / take-profit inherited from improved 4.,2025-01-31,VRSK,Industrials,0.9350266218715277,137125.33285848968,-0.05,0.0,-0.05
improved_8_equal_weight_top20,Improved 8: improved 4 design with equal-weight 1/N sizing at top 20. Each position targets 5 pct of current portfolio equity. Top-N expansion from 10 to 20 and switch from fixed-dollar to percent-of-equity sizing are mechanically coupled and treated as a single improvement. Stop-loss / take-profit inherited from improved 4.,2025-01-31,MMM,Industrials,0.903601882250741,137125.33285848968,0.0449251043192966,0.0,0.0449251043192966
improved_8_equal_weight_top20,Improved 8: improved 4 design with equal-weight 1/N sizing at top 20. Each position targets 5 pct of current portfolio equity. Top-N expansion from 10 to 20 and switch from fixed-dollar to percent-of-equity sizing are mechanically coupled and treated as a single improvement. Stop-loss / take-profit inherited from improved 4.,2025-01-31,RMD,Health Care,0.8807357929771833,137125.33285848968,-0.05,0.0,-0.05
improved_8_equal_weight_top20,Improved 8: improved 4 design with equal-weight 1/N sizing at top 20. Each position targets 5 pct of current portfolio equity. Top-N expansion from 10 to 20 and switch from fixed-dollar to percent-of-equity sizing are mechanically coupled and treated as a single improvement. Stop-loss / take-profit inherited from improved 4.,2025-01-31,CHRW,Industrials,0.8571484196695613,137125.33285848968,0.0256358498186048,0.0,0.0256358498186048
improved_8_equal_weight_top20,Improved 8: improved 4 design with equal-weight 1/N sizing at top 20. Each position targets 5 pct of current portfolio equity. Top-N expansion from 10 to 20 and switch from fixed-dollar to percent-of-equity sizing are mechanically coupled and treated as a single improvement. Stop-loss / take-profit inherited from improved 4.,2025-01-31,PKG,Materials,0.8385556406907876,137125.33285848968,0.0128814526094902,0.0,0.0128814526094902
improved_8_equal_weight_top20,Improved 8: improved 4 design with equal-weight 1/N sizing at top 20. Each position targets 5 pct of current portfolio equity. Top-N expansion from 10 to 20 and switch from fixed-dollar to percent-of-equity sizing are mechanically coupled and treated as a single improvement. Stop-loss / take-profit inherited from improved 4.,2025-01-31,GWW,Industrials,0.8202979259549875,137125.33285848968,-0.0196825663133646,0.0,-0.0196825663133646
improved_8_equal_weight_top20,Improved 8: improved 4 design with equal-weight 1/N sizing at top 20. Each position targets 5 pct of current portfolio equity. Top-N expansion from 10 to 20 and switch from fixed-dollar to percent-of-equity sizing are mechanically coupled and treated as a single improvement. Stop-loss / take-profit inherited from improved 4.,2025-01-31,AMP,Financials,0.7811236527654739,137125.33285848968,0.0099394748885193,0.0,0.0099394748885193
improved_8_equal_weight_top20,Improved 8: improved 4 design with equal-weight 1/N sizing at top 20. Each position targets 5 pct of current portfolio equity. Top-N expansion from 10 to 20 and switch from fixed-dollar to percent-of-equity sizing are mechanically coupled and treated as a single improvement. Stop-loss / take-profit inherited from improved 4.,2025-02-28,VST,Utilities,1.7329585978761757,137700.5798280758,-0.05,0.0,-0.05
improved_8_equal_weight_top20,Improved 8: improved 4 design with equal-weight 1/N sizing at top 20. Each position targets 5 pct of current portfolio equity. Top-N expansion from 10 to 20 and switch from fixed-dollar to percent-of-equity sizing are mechanically coupled and treated as a single improvement. Stop-loss / take-profit inherited from improved 4.,2025-02-28,LYV,Communication Services,1.5541756385473422,137700.5798280758,-0.05,0.0,-0.05
improved_8_equal_weight_top20,Improved 8: improved 4 design with equal-weight 1/N sizing at top 20. Each position targets 5 pct of current portfolio equity. Top-N expansion from 10 to 20 and switch from fixed-dollar to percent-of-equity sizing are mechanically coupled and treated as a single improvement. Stop-loss / take-profit inherited from improved 4.,2025-02-28,NTAP,Information Technology,1.5100932618151575,137700.5798280758,-0.05,0.0,-0.05
improved_8_equal_weight_top20,Improved 8: improved 4 design with equal-weight 1/N sizing at top 20. Each position targets 5 pct of current portfolio equity. Top-N expansion from 10 to 20 and switch from fixed-dollar to percent-of-equity sizing are mechanically coupled and treated as a single improvement. Stop-loss / take-profit inherited from improved 4.,2025-02-28,FTNT,Information Technology,1.481250253734707,137700.5798280758,-0.05,0.0,-0.05
improved_8_equal_weight_top20,Improved 8: improved 4 design with equal-weight 1/N sizing at top 20. Each position targets 5 pct of current portfolio equity. Top-N expansion from 10 to 20 and switch from fixed-dollar to percent-of-equity sizing are mechanically coupled and treated as a single improvement. Stop-loss / take-profit inherited from improved 4.,2025-02-28,NCLH,Consumer Discretionary,1.3878975656356913,137700.5798280758,-0.05,0.0,-0.05
improved_8_equal_weight_top20,Improved 8: improved 4 design with equal-weight 1/N sizing at top 20. Each position targets 5 pct of current portfolio equity. Top-N expansion from 10 to 20 and switch from fixed-dollar to percent-of-equity sizing are mechanically coupled and treated as a single improvement. Stop-loss / take-profit inherited from improved 4.,2025-02-28,UAL,Industrials,1.1500866444593874,137700.5798280758,-0.05,0.0,-0.05
improved_8_equal_weight_top20,Improved 8: improved 4 design with equal-weight 1/N sizing at top 20. Each position targets 5 pct of current portfolio equity. Top-N expansion from 10 to 20 and switch from fixed-dollar to percent-of-equity sizing are mechanically coupled and treated as a single improvement. Stop-loss / take-profit inherited from improved 4.,2025-02-28,CL,Consumer Staples,1.148524213449303,137700.5798280758,0.0297834926917051,0.0,0.0297834926917051
improved_8_equal_weight_top20,Improved 8: improved 4 design with equal-weight 1/N sizing at top 20. Each position targets 5 pct of current portfolio equity. Top-N expansion from 10 to 20 and switch from fixed-dollar to percent-of-equity sizing are mechanically coupled and treated as a single improvement. Stop-loss / take-profit inherited from improved 4.,2025-02-28,GDDY,Information Technology,1.1453667728690236,137700.5798280758,-0.05,0.0,-0.05
improved_8_equal_weight_top20,Improved 8: improved 4 design with equal-weight 1/N sizing at top 20. Each position targets 5 pct of current portfolio equity. Top-N expansion from 10 to 20 and switch from fixed-dollar to percent-of-equity sizing are mechanically coupled and treated as a single improvement. Stop-loss / take-profit inherited from improved 4.,2025-02-28,VRSK,Industrials,1.1310189282444298,137700.5798280758,0.0083012434835334,0.0,0.0083012434835334
improved_8_equal_weight_top20,Improved 8: improved 4 design with equal-weight 1/N sizing at top 20. Each position targets 5 pct of current portfolio equity. Top-N expansion from 10 to 20 and switch from fixed-dollar to percent-of-equity sizing are mechanically coupled and treated as a single improvement. Stop-loss / take-profit inherited from improved 4.,2025-02-28,KMB,Consumer Staples,1.019654847813633,137700.5798280758,0.0159889178166623,0.0,0.0159889178166623
improved_8_equal_weight_top20,Improved 8: improved 4 design with equal-weight 1/N sizing at top 20. Each position targets 5 pct of current portfolio equity. Top-N expansion from 10 to 20 and switch from fixed-dollar to percent-of-equity sizing are mechanically coupled and treated as a single improvement. Stop-loss / take-profit inherited from improved 4.,2025-02-28,CLX,Consumer Staples,1.0061304659683292,137700.5798280758,-0.05,0.0,-0.05
improved_8_equal_weight_top20,Improved 8: improved 4 design with equal-weight 1/N sizing at top 20. Each position targets 5 pct of current portfolio equity. Top-N expansion from 10 to 20 and switch from fixed-dollar to percent-of-equity sizing are mechanically coupled and treated as a single improvement. Stop-loss / take-profit inherited from improved 4.,2025-02-28,HD,Consumer Discretionary,0.994439741095724,137700.5798280758,-0.05,0.0,-0.05
improved_8_equal_weight_top20,Improved 8: improved 4 design with equal-weight 1/N sizing at top 20. Each position targets 5 pct of current portfolio equity. Top-N expansion from 10 to 20 and switch from fixed-dollar to percent-of-equity sizing are mechanically coupled and treated as a single improvement. Stop-loss / take-profit inherited from improved 4.,2025-02-28,EBAY,Consumer Discretionary,0.9867233343091081,137700.5798280758,0.0465484791146433,0.0,0.0465484791146433
improved_8_equal_weight_top20,Improved 8: improved 4 design with equal-weight 1/N sizing at top 20. Each position targets 5 pct of current portfolio equity. Top-N expansion from 10 to 20 and switch from fixed-dollar to percent-of-equity sizing are mechanically coupled and treated as a single improvement. Stop-loss / take-profit inherited from improved 4.,2025-02-28,NVDA,Information Technology,0.9635633826786042,137700.5798280758,-0.05,0.0,-0.05
improved_8_equal_weight_top20,Improved 8: improved 4 design with equal-weight 1/N sizing at top 20. Each position targets 5 pct of current portfolio equity. Top-N expansion from 10 to 20 and switch from fixed-dollar to percent-of-equity sizing are mechanically coupled and treated as a single improvement. Stop-loss / take-profit inherited from improved 4.,2025-02-28,ORCL,Information Technology,0.9402593407826543,137700.5798280758,-0.05,0.0,-0.05
improved_8_equal_weight_top20,Improved 8: improved 4 design with equal-weight 1/N sizing at top 20. Each position targets 5 pct of current portfolio equity. Top-N expansion from 10 to 20 and switch from fixed-dollar to percent-of-equity sizing are mechanically coupled and treated as a single improvement. Stop-loss / take-profit inherited from improved 4.,2025-02-28,FSLR,Information Technology,0.9009745222190183,137700.5798280758,-0.05,0.0,-0.05
improved_8_equal_weight_top20,Improved 8: improved 4 design with equal-weight 1/N sizing at top 20. Each position targets 5 pct of current portfolio equity. Top-N expansion from 10 to 20 and switch from fixed-dollar to percent-of-equity sizing are mechanically coupled and treated as a single improvement. Stop-loss / take-profit inherited from improved 4.,2025-02-28,LII,Industrials,0.8923265334909061,137700.5798280758,-0.05,0.0,-0.05
improved_8_equal_weight_top20,Improved 8: improved 4 design with equal-weight 1/N sizing at top 20. Each position targets 5 pct of current portfolio equity. Top-N expansion from 10 to 20 and switch from fixed-dollar to percent-of-equity sizing are mechanically coupled and treated as a single improvement. Stop-loss / take-profit inherited from improved 4.,2025-02-28,FE,Utilities,0.886126228628498,137700.5798280758,0.0430967741933594,0.0,0.0430967741933594
improved_8_equal_weight_top20,Improved 8: improved 4 design with equal-weight 1/N sizing at top 20. Each position targets 5 pct of current portfolio equity. Top-N expansion from 10 to 20 and switch from fixed-dollar to percent-of-equity sizing are mechanically coupled and treated as a single improvement. Stop-loss / take-profit inherited from improved 4.,2025-02-28,NRG,Utilities,0.8398958331138127,137700.5798280758,-0.05,0.0,-0.05
improved_8_equal_weight_top20,Improved 8: improved 4 design with equal-weight 1/N sizing at top 20. Each position targets 5 pct of current portfolio equity. Top-N expansion from 10 to 20 and switch from fixed-dollar to percent-of-equity sizing are mechanically coupled and treated as a single improvement. Stop-loss / take-profit inherited from improved 4.,2025-02-28,AAPL,Information Technology,0.8018087046225825,137700.5798280758,-0.05,0.0,-0.05
improved_8_equal_weight_top20,Improved 8: improved 4 design with equal-weight 1/N sizing at top 20. Each position targets 5 pct of current portfolio equity. Top-N expansion from 10 to 20 and switch from fixed-dollar to percent-of-equity sizing are mechanically coupled and treated as a single improvement. Stop-loss / take-profit inherited from improved 4.,2025-03-31,FTNT,Information Technology,1.6574180727271999,133526.31692789565,-0.05,0.0,-0.05
improved_8_equal_weight_top20,Improved 8: improved 4 design with equal-weight 1/N sizing at top 20. Each position targets 5 pct of current portfolio equity. Top-N expansion from 10 to 20 and switch from fixed-dollar to percent-of-equity sizing are mechanically coupled and treated as a single improvement. Stop-loss / take-profit inherited from improved 4.,2025-03-31,GDDY,Information Technology,1.3754534034755095,133526.31692789565,-0.05,0.0,-0.05
improved_8_equal_weight_top20,Improved 8: improved 4 design with equal-weight 1/N sizing at top 20. Each position targets 5 pct of current portfolio equity. Top-N expansion from 10 to 20 and switch from fixed-dollar to percent-of-equity sizing are mechanically coupled and treated as a single improvement. Stop-loss / take-profit inherited from improved 4.,2025-03-31,UAL,Industrials,1.2532432763537247,133526.31692789565,-0.05,0.0,-0.05
improved_8_equal_weight_top20,Improved 8: improved 4 design with equal-weight 1/N sizing at top 20. Each position targets 5 pct of current portfolio equity. Top-N expansion from 10 to 20 and switch from fixed-dollar to percent-of-equity sizing are mechanically coupled and treated as a single improvement. Stop-loss / take-profit inherited from improved 4.,2025-03-31,VST,Utilities,1.201769974633997,133526.31692789565,-0.05,0.0,-0.05
improved_8_equal_weight_top20,Improved 8: improved 4 design with equal-weight 1/N sizing at top 20. Each position targets 5 pct of current portfolio equity. Top-N expansion from 10 to 20 and switch from fixed-dollar to percent-of-equity sizing are mechanically coupled and treated as a single improvement. Stop-loss / take-profit inherited from improved 4.,2025-03-31,MMM,Industrials,1.1211627805889914,133526.31692789565,-0.05,0.0,-0.05
improved_8_equal_weight_top20,Improved 8: improved 4 design with equal-weight 1/N sizing at top 20. Each position targets 5 pct of current portfolio equity. Top-N expansion from 10 to 20 and switch from fixed-dollar to percent-of-equity sizing are mechanically coupled and treated as a single improvement. Stop-loss / take-profit inherited from improved 4.,2025-03-31,RCL,Consumer Discretionary,1.0819601997783934,133526.31692789565,-0.05,0.0,-0.05
improved_8_equal_weight_top20,Improved 8: improved 4 design with equal-weight 1/N sizing at top 20. Each position targets 5 pct of current portfolio equity. Top-N expansion from 10 to 20 and switch from fixed-dollar to percent-of-equity sizing are mechanically coupled and treated as a single improvement. Stop-loss / take-profit inherited from improved 4.,2025-03-31,VRSK,Industrials,1.0189685462976956,133526.31692789565,-0.05,0.0,-0.05
improved_8_equal_weight_top20,Improved 8: improved 4 design with equal-weight 1/N sizing at top 20. Each position targets 5 pct of current portfolio equity. Top-N expansion from 10 to 20 and switch from fixed-dollar to percent-of-equity sizing are mechanically coupled and treated as a single improvement. Stop-loss / take-profit inherited from improved 4.,2025-03-31,CL,Consumer Staples,0.9441239143723608,133526.31692789565,-0.05,0.0,-0.05
improved_8_equal_weight_top20,Improved 8: improved 4 design with equal-weight 1/N sizing at top 20. Each position targets 5 pct of current portfolio equity. Top-N expansion from 10 to 20 and switch from fixed-dollar to percent-of-equity sizing are mechanically coupled and treated as a single improvement. Stop-loss / take-profit inherited from improved 4.,2025-03-31,HD,Consumer Discretionary,0.9216824256946695,133526.31692789565,-0.05,0.0,-0.05
improved_8_equal_weight_top20,Improved 8: improved 4 design with equal-weight 1/N sizing at top 20. Each position targets 5 pct of current portfolio equity. Top-N expansion from 10 to 20 and switch from fixed-dollar to percent-of-equity sizing are mechanically coupled and treated as a single improvement. Stop-loss / take-profit inherited from improved 4.,2025-03-31,NVDA,Information Technology,0.9122246581825598,133526.31692789565,-0.05,0.0,-0.05
improved_8_equal_weight_top20,Improved 8: improved 4 design with equal-weight 1/N sizing at top 20. Each position targets 5 pct of current portfolio equity. Top-N expansion from 10 to 20 and switch from fixed-dollar to percent-of-equity sizing are mechanically coupled and treated as a single improvement. Stop-loss / take-profit inherited from improved 4.,2025-03-31,KMB,Consumer Staples,0.8913374349785439,133526.31692789565,-0.05,0.0,-0.05
improved_8_equal_weight_top20,Improved 8: improved 4 design with equal-weight 1/N sizing at top 20. Each position targets 5 pct of current portfolio equity. Top-N expansion from 10 to 20 and switch from fixed-dollar to percent-of-equity sizing are mechanically coupled and treated as a single improvement. Stop-loss / take-profit inherited from improved 4.,2025-03-31,HWM,Industrials,0.890407305084937,133526.31692789565,-0.05,0.0,-0.05
improved_8_equal_weight_top20,Improved 8: improved 4 design with equal-weight 1/N sizing at top 20. Each position targets 5 pct of current portfolio equity. Top-N expansion from 10 to 20 and switch from fixed-dollar to percent-of-equity sizing are mechanically coupled and treated as a single improvement. Stop-loss / take-profit inherited from improved 4.,2025-03-31,CLX,Consumer Staples,0.865249077949974,133526.31692789565,-0.05,0.0,-0.05
improved_8_equal_weight_top20,Improved 8: improved 4 design with equal-weight 1/N sizing at top 20. Each position targets 5 pct of current portfolio equity. Top-N expansion from 10 to 20 and switch from fixed-dollar to percent-of-equity sizing are mechanically coupled and treated as a single improvement. Stop-loss / take-profit inherited from improved 4.,2025-03-31,LYV,Communication Services,0.8541924798129292,133526.31692789565,-0.05,0.0,-0.05
improved_8_equal_weight_top20,Improved 8: improved 4 design with equal-weight 1/N sizing at top 20. Each position targets 5 pct of current portfolio equity. Top-N expansion from 10 to 20 and switch from fixed-dollar to percent-of-equity sizing are mechanically coupled and treated as a single improvement. Stop-loss / take-profit inherited from improved 4.,2025-03-31,TPR,Consumer Discretionary,0.8337222208513189,133526.31692789565,-0.05,0.0,-0.05
improved_8_equal_weight_top20,Improved 8: improved 4 design with equal-weight 1/N sizing at top 20. Each position targets 5 pct of current portfolio equity. Top-N expansion from 10 to 20 and switch from fixed-dollar to percent-of-equity sizing are mechanically coupled and treated as a single improvement. Stop-loss / take-profit inherited from improved 4.,2025-03-31,ORCL,Information Technology,0.8107915589181092,133526.31692789565,-0.05,0.0,-0.05
improved_8_equal_weight_top20,Improved 8: improved 4 design with equal-weight 1/N sizing at top 20. Each position targets 5 pct of current portfolio equity. Top-N expansion from 10 to 20 and switch from fixed-dollar to percent-of-equity sizing are mechanically coupled and treated as a single improvement. Stop-loss / take-profit inherited from improved 4.,2025-03-31,NCLH,Consumer Discretionary,0.8066523783593005,133526.31692789565,-0.05,0.0,-0.05
improved_8_equal_weight_top20,Improved 8: improved 4 design with equal-weight 1/N sizing at top 20. Each position targets 5 pct of current portfolio equity. Top-N expansion from 10 to 20 and switch from fixed-dollar to percent-of-equity sizing are mechanically coupled and treated as a single improvement. Stop-loss / take-profit inherited from improved 4.,2025-03-31,CCL,Consumer Discretionary,0.7802376152796286,133526.31692789565,-0.05,0.0,-0.05
improved_8_equal_weight_top20,Improved 8: improved 4 design with equal-weight 1/N sizing at top 20. Each position targets 5 pct of current portfolio equity. Top-N expansion from 10 to 20 and switch from fixed-dollar to percent-of-equity sizing are mechanically coupled and treated as a single improvement. Stop-loss / take-profit inherited from improved 4.,2025-03-31,EXPE,Consumer Discretionary,0.7724636586788218,133526.31692789565,-0.05,0.0,-0.05
improved_8_equal_weight_top20,Improved 8: improved 4 design with equal-weight 1/N sizing at top 20. Each position targets 5 pct of current portfolio equity. Top-N expansion from 10 to 20 and switch from fixed-dollar to percent-of-equity sizing are mechanically coupled and treated as a single improvement. Stop-loss / take-profit inherited from improved 4.,2025-03-31,LII,Industrials,0.770191609716164,133526.31692789565,-0.05,0.0,-0.05
improved_8_equal_weight_top20,Improved 8: improved 4 design with equal-weight 1/N sizing at top 20. Each position targets 5 pct of current portfolio equity. Top-N expansion from 10 to 20 and switch from fixed-dollar to percent-of-equity sizing are mechanically coupled and treated as a single improvement. Stop-loss / take-profit inherited from improved 4.,2025-04-30,APP,Information Technology,2.113788804457302,126850.00108150086,0.3,0.0,0.3
improved_8_equal_weight_top20,Improved 8: improved 4 design with equal-weight 1/N sizing at top 20. Each position targets 5 pct of current portfolio equity. Top-N expansion from 10 to 20 and switch from fixed-dollar to percent-of-equity sizing are mechanically coupled and treated as a single improvement. Stop-loss / take-profit inherited from improved 4.,2025-04-30,LYV,Communication Services,1.4951410759900392,126850.00108150086,0.0285650022492127,0.0,0.0285650022492127
improved_8_equal_weight_top20,Improved 8: improved 4 design with equal-weight 1/N sizing at top 20. Each position targets 5 pct of current portfolio equity. Top-N expansion from 10 to 20 and switch from fixed-dollar to percent-of-equity sizing are mechanically coupled and treated as a single improvement. Stop-loss / take-profit inherited from improved 4.,2025-04-30,FTNT,Information Technology,1.4369579258534952,126850.00108150086,-0.05,0.0,-0.05
improved_8_equal_weight_top20,Improved 8: improved 4 design with equal-weight 1/N sizing at top 20. Each position targets 5 pct of current portfolio equity. Top-N expansion from 10 to 20 and switch from fixed-dollar to percent-of-equity sizing are mechanically coupled and treated as a single improvement. Stop-loss / take-profit inherited from improved 4.,2025-04-30,TPL,Energy,1.3597749579612288,126850.00108150086,-0.05,0.0,-0.05
improved_8_equal_weight_top20,Improved 8: improved 4 design with equal-weight 1/N sizing at top 20. Each position targets 5 pct of current portfolio equity. Top-N expansion from 10 to 20 and switch from fixed-dollar to percent-of-equity sizing are mechanically coupled and treated as a single improvement. Stop-loss / take-profit inherited from improved 4.,2025-04-30,NCLH,Consumer Discretionary,1.317342349662296,126850.00108150086,0.0874922982131853,0.0,0.0874922982131853
improved_8_equal_weight_top20,Improved 8: improved 4 design with equal-weight 1/N sizing at top 20. Each position targets 5 pct of current portfolio equity. Top-N expansion from 10 to 20 and switch from fixed-dollar to percent-of-equity sizing are mechanically coupled and treated as a single improvement. Stop-loss / take-profit inherited from improved 4.,2025-04-30,CL,Consumer Staples,1.2622505052285442,126850.00108150086,0.0195261079413657,0.0,0.0195261079413657
improved_8_equal_weight_top20,Improved 8: improved 4 design with equal-weight 1/N sizing at top 20. Each position targets 5 pct of current portfolio equity. Top-N expansion from 10 to 20 and switch from fixed-dollar to percent-of-equity sizing are mechanically coupled and treated as a single improvement. Stop-loss / take-profit inherited from improved 4.,2025-04-30,HD,Consumer Discretionary,1.2323161374549614,126850.00108150086,0.0221475951263614,0.0,0.0221475951263614
improved_8_equal_weight_top20,Improved 8: improved 4 design with equal-weight 1/N sizing at top 20. Each position targets 5 pct of current portfolio equity. Top-N expansion from 10 to 20 and switch from fixed-dollar to percent-of-equity sizing are mechanically coupled and treated as a single improvement. Stop-loss / take-profit inherited from improved 4.,2025-04-30,GRMN,Consumer Discretionary,1.2041306831892886,126850.00108150086,0.0918235610543622,0.0,0.0918235610543622
improved_8_equal_weight_top20,Improved 8: improved 4 design with equal-weight 1/N sizing at top 20. Each position targets 5 pct of current portfolio equity. Top-N expansion from 10 to 20 and switch from fixed-dollar to percent-of-equity sizing are mechanically coupled and treated as a single improvement. Stop-loss / take-profit inherited from improved 4.,2025-04-30,GDDY,Information Technology,1.1242128308912893,126850.00108150086,-0.05,0.0,-0.05
improved_8_equal_weight_top20,Improved 8: improved 4 design with equal-weight 1/N sizing at top 20. Each position targets 5 pct of current portfolio equity. Top-N expansion from 10 to 20 and switch from fixed-dollar to percent-of-equity sizing are mechanically coupled and treated as a single improvement. Stop-loss / take-profit inherited from improved 4.,2025-04-30,VRSK,Industrials,1.0674715025826103,126850.00108150086,0.0666893039048865,0.0,0.0666893039048865
improved_8_equal_weight_top20,Improved 8: improved 4 design with equal-weight 1/N sizing at top 20. Each position targets 5 pct of current portfolio equity. Top-N expansion from 10 to 20 and switch from fixed-dollar to percent-of-equity sizing are mechanically coupled and treated as a single improvement. Stop-loss / take-profit inherited from improved 4.,2025-04-30,TRGP,Energy,1.0053216002646184,126850.00108150086,-0.05,0.0,-0.05
improved_8_equal_weight_top20,Improved 8: improved 4 design with equal-weight 1/N sizing at top 20. Each position targets 5 pct of current portfolio equity. Top-N expansion from 10 to 20 and switch from fixed-dollar to percent-of-equity sizing are mechanically coupled and treated as a single improvement. Stop-loss / take-profit inherited from improved 4.,2025-04-30,KMB,Consumer Staples,1.0030774506039488,126850.00108150086,0.1028768699658337,0.0,0.1028768699658337
improved_8_equal_weight_top20,Improved 8: improved 4 design with equal-weight 1/N sizing at top 20. Each position targets 5 pct of current portfolio equity. Top-N expansion from 10 to 20 and switch from fixed-dollar to percent-of-equity sizing are mechanically coupled and treated as a single improvement. Stop-loss / take-profit inherited from improved 4.,2025-04-30,CLX,Consumer Staples,0.9209468409434607,126850.00108150086,-0.05,0.0,-0.05
improved_8_equal_weight_top20,Improved 8: improved 4 design with equal-weight 1/N sizing at top 20. Each position targets 5 pct of current portfolio equity. Top-N expansion from 10 to 20 and switch from fixed-dollar to percent-of-equity sizing are mechanically coupled and treated as a single improvement. Stop-loss / take-profit inherited from improved 4.,2025-04-30,EXPE,Consumer Discretionary,0.8969378158066534,126850.00108150086,-0.05,0.0,-0.05
improved_8_equal_weight_top20,Improved 8: improved 4 design with equal-weight 1/N sizing at top 20. Each position targets 5 pct of current portfolio equity. Top-N expansion from 10 to 20 and switch from fixed-dollar to percent-of-equity sizing are mechanically coupled and treated as a single improvement. Stop-loss / take-profit inherited from improved 4.,2025-04-30,EIX,Utilities,0.894548773641463,126850.00108150086,0.0353488372087593,0.0,0.0353488372087593
improved_8_equal_weight_top20,Improved 8: improved 4 design with equal-weight 1/N sizing at top 20. Each position targets 5 pct of current portfolio equity. Top-N expansion from 10 to 20 and switch from fixed-dollar to percent-of-equity sizing are mechanically coupled and treated as a single improvement. Stop-loss / take-profit inherited from improved 4.,2025-04-30,OKE,Energy,0.8809020170821874,126850.00108150086,0.0082362655361749,0.0,0.0082362655361749
improved_8_equal_weight_top20,Improved 8: improved 4 design with equal-weight 1/N sizing at top 20. Each position targets 5 pct of current portfolio equity. Top-N expansion from 10 to 20 and switch from fixed-dollar to percent-of-equity sizing are mechanically coupled and treated as a single improvement. Stop-loss / take-profit inherited from improved 4.,2025-04-30,MMM,Industrials,0.8163998243355522,126850.00108150086,0.0781285069743793,0.0,0.0781285069743793
improved_8_equal_weight_top20,Improved 8: improved 4 design with equal-weight 1/N sizing at top 20. Each position targets 5 pct of current portfolio equity. Top-N expansion from 10 to 20 and switch from fixed-dollar to percent-of-equity sizing are mechanically coupled and treated as a single improvement. Stop-loss / take-profit inherited from improved 4.,2025-04-30,FSLR,Information Technology,0.803159194649764,126850.00108150086,0.3,0.0,0.3
improved_8_equal_weight_top20,Improved 8: improved 4 design with equal-weight 1/N sizing at top 20. Each position targets 5 pct of current portfolio equity. Top-N expansion from 10 to 20 and switch from fixed-dollar to percent-of-equity sizing are mechanically coupled and treated as a single improvement. Stop-loss / take-profit inherited from improved 4.,2025-04-30,DVA,Health Care,0.782948901184303,126850.00108150086,-0.0311433447098975,0.0,-0.0311433447098975
improved_8_equal_weight_top20,Improved 8: improved 4 design with equal-weight 1/N sizing at top 20. Each position targets 5 pct of current portfolio equity. Top-N expansion from 10 to 20 and switch from fixed-dollar to percent-of-equity sizing are mechanically coupled and treated as a single improvement. Stop-loss / take-profit inherited from improved 4.,2025-04-30,NEM,Materials,0.7524111125166606,126850.00108150086,-0.05,0.0,-0.05
improved_8_equal_weight_top20,Improved 8: improved 4 design with equal-weight 1/N sizing at top 20. Each position targets 5 pct of current portfolio equity. Top-N expansion from 10 to 20 and switch from fixed-dollar to percent-of-equity sizing are mechanically coupled and treated as a single improvement. Stop-loss / take-profit inherited from improved 4.,2025-05-31,LYV,Communication Services,1.7214549885937656,131668.34131205556,0.1049594624205683,0.0,0.1049594624205683
improved_8_equal_weight_top20,Improved 8: improved 4 design with equal-weight 1/N sizing at top 20. Each position targets 5 pct of current portfolio equity. Top-N expansion from 10 to 20 and switch from fixed-dollar to percent-of-equity sizing are mechanically coupled and treated as a single improvement. Stop-loss / take-profit inherited from improved 4.,2025-05-31,TPL,Energy,1.5386287524342774,131668.34131205556,-0.05,0.0,-0.05
improved_8_equal_weight_top20,Improved 8: improved 4 design with equal-weight 1/N sizing at top 20. Each position targets 5 pct of current portfolio equity. Top-N expansion from 10 to 20 and switch from fixed-dollar to percent-of-equity sizing are mechanically coupled and treated as a single improvement. Stop-loss / take-profit inherited from improved 4.,2025-05-31,FTNT,Information Technology,1.3829505919827023,131668.34131205556,0.0456973293768545,0.0,0.0456973293768545
improved_8_equal_weight_top20,Improved 8: improved 4 design with equal-weight 1/N sizing at top 20. Each position targets 5 pct of current portfolio equity. Top-N expansion from 10 to 20 and switch from fixed-dollar to percent-of-equity sizing are mechanically coupled and treated as a single improvement. Stop-loss / take-profit inherited from improved 4.,2025-05-31,APP,Information Technology,1.3363337513693032,131668.34131205556,-0.05,0.0,-0.05
improved_8_equal_weight_top20,Improved 8: improved 4 design with equal-weight 1/N sizing at top 20. Each position targets 5 pct of current portfolio equity. Top-N expansion from 10 to 20 and switch from fixed-dollar to percent-of-equity sizing are mechanically coupled and treated as a single improvement. Stop-loss / take-profit inherited from improved 4.,2025-05-31,DVA,Health Care,1.2817185126762642,131668.34131205556,0.0499742021080562,0.0,0.0499742021080562
improved_8_equal_weight_top20,Improved 8: improved 4 design with equal-weight 1/N sizing at top 20. Each position targets 5 pct of current portfolio equity. Top-N expansion from 10 to 20 and switch from fixed-dollar to percent-of-equity sizing are mechanically coupled and treated as a single improvement. Stop-loss / take-profit inherited from improved 4.,2025-05-31,COR,Health Care,1.2298595934147005,131668.34131205556,0.0329325846566481,0.0,0.0329325846566481
improved_8_equal_weight_top20,Improved 8: improved 4 design with equal-weight 1/N sizing at top 20. Each position targets 5 pct of current portfolio equity. Top-N expansion from 10 to 20 and switch from fixed-dollar to percent-of-equity sizing are mechanically coupled and treated as a single improvement. Stop-loss / take-profit inherited from improved 4.,2025-05-31,VRSK,Industrials,1.1714456023387179,131668.34131205556,-0.0023615076650259,0.0,-0.0023615076650259
improved_8_equal_weight_top20,Improved 8: improved 4 design with equal-weight 1/N sizing at top 20. Each position targets 5 pct of current portfolio equity. Top-N expansion from 10 to 20 and switch from fixed-dollar to percent-of-equity sizing are mechanically coupled and treated as a single improvement. Stop-loss / take-profit inherited from improved 4.,2025-05-31,UBER,Industrials,1.1233502370370654,131668.34131205556,0.1044034090909089,0.0,0.1044034090909089
improved_8_equal_weight_top20,Improved 8: improved 4 design with equal-weight 1/N sizing at top 20. Each position targets 5 pct of current portfolio equity. Top-N expansion from 10 to 20 and switch from fixed-dollar to percent-of-equity sizing are mechanically coupled and treated as a single improvement. Stop-loss / take-profit inherited from improved 4.,2025-05-31,HD,Consumer Discretionary,1.0830505767228904,131668.34131205556,0.0103342658971816,0.0,0.0103342658971816
improved_8_equal_weight_top20,Improved 8: improved 4 design with equal-weight 1/N sizing at top 20. Each position targets 5 pct of current portfolio equity. Top-N expansion from 10 to 20 and switch from fixed-dollar to percent-of-equity sizing are mechanically coupled and treated as a single improvement. Stop-loss / take-profit inherited from improved 4.,2025-05-31,KMB,Consumer Staples,1.002968989927311,131668.34131205556,-0.05,0.0,-0.05
improved_8_equal_weight_top20,Improved 8: improved 4 design with equal-weight 1/N sizing at top 20. Each position targets 5 pct of current portfolio equity. Top-N expansion from 10 to 20 and switch from fixed-dollar to percent-of-equity sizing are mechanically coupled and treated as a single improvement. Stop-loss / take-profit inherited from improved 4.,2025-05-31,GDDY,Information Technology,0.9922216074945095,131668.34131205556,-0.0108223919134208,0.0,-0.0108223919134208
improved_8_equal_weight_top20,Improved 8: improved 4 design with equal-weight 1/N sizing at top 20. Each position targets 5 pct of current portfolio equity. Top-N expansion from 10 to 20 and switch from fixed-dollar to percent-of-equity sizing are mechanically coupled and treated as a single improvement. Stop-loss / take-profit inherited from improved 4.,2025-05-31,CL,Consumer Staples,0.9798224193457961,131668.34131205556,-0.05,0.0,-0.05
improved_8_equal_weight_top20,Improved 8: improved 4 design with equal-weight 1/N sizing at top 20. Each position targets 5 pct of current portfolio equity. Top-N expansion from 10 to 20 and switch from fixed-dollar to percent-of-equity sizing are mechanically coupled and treated as a single improvement. Stop-loss / take-profit inherited from improved 4.,2025-05-31,CLX,Consumer Staples,0.9715919481254037,131668.34131205556,-0.05,0.0,-0.05
improved_8_equal_weight_top20,Improved 8: improved 4 design with equal-weight 1/N sizing at top 20. Each position targets 5 pct of current portfolio equity. Top-N expansion from 10 to 20 and switch from fixed-dollar to percent-of-equity sizing are mechanically coupled and treated as a single improvement. Stop-loss / take-profit inherited from improved 4.,2025-05-31,TPR,Consumer Discretionary,0.9181237304773577,131668.34131205556,0.1214148509097778,0.0,0.1214148509097778
improved_8_equal_weight_top20,Improved 8: improved 4 design with equal-weight 1/N sizing at top 20. Each position targets 5 pct of current portfolio equity. Top-N expansion from 10 to 20 and switch from fixed-dollar to percent-of-equity sizing are mechanically coupled and treated as a single improvement. Stop-loss / take-profit inherited from improved 4.,2025-05-31,NRG,Utilities,0.9155201382182911,131668.34131205556,-0.05,0.0,-0.05
improved_8_equal_weight_top20,Improved 8: improved 4 design with equal-weight 1/N sizing at top 20. Each position targets 5 pct of current portfolio equity. Top-N expansion from 10 to 20 and switch from fixed-dollar to percent-of-equity sizing are mechanically coupled and treated as a single improvement. Stop-loss / take-profit inherited from improved 4.,2025-05-31,MMM,Industrials,0.8931835978465908,131668.34131205556,0.029552985730938,0.0,0.029552985730938
improved_8_equal_weight_top20,Improved 8: improved 4 design with equal-weight 1/N sizing at top 20. Each position targets 5 pct of current portfolio equity. Top-N expansion from 10 to 20 and switch from fixed-dollar to percent-of-equity sizing are mechanically coupled and treated as a single improvement. Stop-loss / take-profit inherited from improved 4.,2025-05-31,BBY,Consumer Discretionary,0.8302262408588222,131668.34131205556,0.0191820235876074,0.0,0.0191820235876074
improved_8_equal_weight_top20,Improved 8: improved 4 design with equal-weight 1/N sizing at top 20. Each position targets 5 pct of current portfolio equity. Top-N expansion from 10 to 20 and switch from fixed-dollar to percent-of-equity sizing are mechanically coupled and treated as a single improvement. Stop-loss / take-profit inherited from improved 4.,2025-05-31,MSI,Information Technology,0.8255076281779774,131668.34131205556,0.015544558323951,0.0,0.015544558323951
improved_8_equal_weight_top20,Improved 8: improved 4 design with equal-weight 1/N sizing at top 20. Each position targets 5 pct of current portfolio equity. Top-N expansion from 10 to 20 and switch from fixed-dollar to percent-of-equity sizing are mechanically coupled and treated as a single improvement. Stop-loss / take-profit inherited from improved 4.,2025-05-31,ANET,Information Technology,0.8224392966962614,131668.34131205556,0.1853782875680685,0.0,0.1853782875680685
improved_8_equal_weight_top20,Improved 8: improved 4 design with equal-weight 1/N sizing at top 20. Each position targets 5 pct of current portfolio equity. Top-N expansion from 10 to 20 and switch from fixed-dollar to percent-of-equity sizing are mechanically coupled and treated as a single improvement. Stop-loss / take-profit inherited from improved 4.,2025-05-31,CHTR,Communication Services,0.8135135528447549,131668.34131205556,-0.05,0.0,-0.05
improved_8_equal_weight_top20,Improved 8: improved 4 design with equal-weight 1/N sizing at top 20. Each position targets 5 pct of current portfolio equity. Top-N expansion from 10 to 20 and switch from fixed-dollar to percent-of-equity sizing are mechanically coupled and treated as a single improvement. Stop-loss / take-profit inherited from improved 4.,2025-06-30,APP,Information Technology,1.8268251785759153,134013.28903226406,-0.05,0.0,-0.05
improved_8_equal_weight_top20,Improved 8: improved 4 design with equal-weight 1/N sizing at top 20. Each position targets 5 pct of current portfolio equity. Top-N expansion from 10 to 20 and switch from fixed-dollar to percent-of-equity sizing are mechanically coupled and treated as a single improvement. Stop-loss / take-profit inherited from improved 4.,2025-06-30,COR,Health Care,1.1591860749855727,134013.28903226406,-0.05,0.0,-0.05
improved_8_equal_weight_top20,Improved 8: improved 4 design with equal-weight 1/N sizing at top 20. Each position targets 5 pct of current portfolio equity. Top-N expansion from 10 to 20 and switch from fixed-dollar to percent-of-equity sizing are mechanically coupled and treated as a single improvement. Stop-loss / take-profit inherited from improved 4.,2025-06-30,CLX,Consumer Staples,1.1095172999457008,134013.28903226406,0.0419052360798015,0.0,0.0419052360798015
improved_8_equal_weight_top20,Improved 8: improved 4 design with equal-weight 1/N sizing at top 20. Each position targets 5 pct of current portfolio equity. Top-N expansion from 10 to 20 and switch from fixed-dollar to percent-of-equity sizing are mechanically coupled and treated as a single improvement. Stop-loss / take-profit inherited from improved 4.,2025-06-30,DVA,Health Care,1.1091107602669168,134013.28903226406,-0.0144632451028575,0.0,-0.0144632451028575
improved_8_equal_weight_top20,Improved 8: improved 4 design with equal-weight 1/N sizing at top 20. Each position targets 5 pct of current portfolio equity. Top-N expansion from 10 to 20 and switch from fixed-dollar to percent-of-equity sizing are mechanically coupled and treated as a single improvement. Stop-loss / take-profit inherited from improved 4.,2025-06-30,GDDY,Information Technology,1.0884180889894652,134013.28903226406,-0.05,0.0,-0.05
improved_8_equal_weight_top20,Improved 8: improved 4 design with equal-weight 1/N sizing at top 20. Each position targets 5 pct of current portfolio equity. Top-N expansion from 10 to 20 and switch from fixed-dollar to percent-of-equity sizing are mechanically coupled and treated as a single improvement. Stop-loss / take-profit inherited from improved 4.,2025-06-30,HD,Consumer Discretionary,1.0780378769333256,134013.28903226406,0.0087006642146596,0.0,0.0087006642146596
improved_8_equal_weight_top20,Improved 8: improved 4 design with equal-weight 1/N sizing at top 20. Each position targets 5 pct of current portfolio equity. Top-N expansion from 10 to 20 and switch from fixed-dollar to percent-of-equity sizing are mechanically coupled and treated as a single improvement. Stop-loss / take-profit inherited from improved 4.,2025-06-30,LYV,Communication Services,1.068910409466683,134013.28903226406,-0.05,0.0,-0.05
improved_8_equal_weight_top20,Improved 8: improved 4 design with equal-weight 1/N sizing at top 20. Each position targets 5 pct of current portfolio equity. Top-N expansion from 10 to 20 and switch from fixed-dollar to percent-of-equity sizing are mechanically coupled and treated as a single improvement. Stop-loss / take-profit inherited from improved 4.,2025-06-30,KMB,Consumer Staples,1.018803053370734,134013.28903226406,-0.0387967605090667,0.0,-0.0387967605090667
improved_8_equal_weight_top20,Improved 8: improved 4 design with equal-weight 1/N sizing at top 20. Each position targets 5 pct of current portfolio equity. Top-N expansion from 10 to 20 and switch from fixed-dollar to percent-of-equity sizing are mechanically coupled and treated as a single improvement. Stop-loss / take-profit inherited from improved 4.,2025-06-30,FTNT,Information Technology,0.9638428092555824,134013.28903226406,-0.05,0.0,-0.05
improved_8_equal_weight_top20,Improved 8: improved 4 design with equal-weight 1/N sizing at top 20. Each position targets 5 pct of current portfolio equity. Top-N expansion from 10 to 20 and switch from fixed-dollar to percent-of-equity sizing are mechanically coupled and treated as a single improvement. Stop-loss / take-profit inherited from improved 4.,2025-06-30,VRSK,Industrials,0.9607965078327123,134013.28903226406,-0.05,0.0,-0.05
improved_8_equal_weight_top20,Improved 8: improved 4 design with equal-weight 1/N sizing at top 20. Each position targets 5 pct of current portfolio equity. Top-N expansion from 10 to 20 and switch from fixed-dollar to percent-of-equity sizing are mechanically coupled and treated as a single improvement. Stop-loss / take-profit inherited from improved 4.,2025-06-30,COIN,Financials,0.8496807656275236,134013.28903226406,0.3,0.0,0.3
improved_8_equal_weight_top20,Improved 8: improved 4 design with equal-weight 1/N sizing at top 20. Each position targets 5 pct of current portfolio equity. Top-N expansion from 10 to 20 and switch from fixed-dollar to percent-of-equity sizing are mechanically coupled and treated as a single improvement. Stop-loss / take-profit inherited from improved 4.,2025-06-30,VST,Utilities,0.7750808812010708,134013.28903226406,-0.05,0.0,-0.05
improved_8_equal_weight_top20,Improved 8: improved 4 design with equal-weight 1/N sizing at top 20. Each position targets 5 pct of current portfolio equity. Top-N expansion from 10 to 20 and switch from fixed-dollar to percent-of-equity sizing are mechanically coupled and treated as a single improvement. Stop-loss / take-profit inherited from improved 4.,2025-06-30,FOXA,Communication Services,0.7662742337471642,134013.28903226406,0.0,0.0,0.0
improved_8_equal_weight_top20,Improved 8: improved 4 design with equal-weight 1/N sizing at top 20. Each position targets 5 pct of current portfolio equity. Top-N expansion from 10 to 20 and switch from fixed-dollar to percent-of-equity sizing are mechanically coupled and treated as a single improvement. Stop-loss / take-profit inherited from improved 4.,2025-06-30,MA,Financials,0.7257394564595996,134013.28903226406,0.0141454427239913,0.0,0.0141454427239913
improved_8_equal_weight_top20,Improved 8: improved 4 design with equal-weight 1/N sizing at top 20. Each position targets 5 pct of current portfolio equity. Top-N expansion from 10 to 20 and switch from fixed-dollar to percent-of-equity sizing are mechanically coupled and treated as a single improvement. Stop-loss / take-profit inherited from improved 4.,2025-06-30,EXPE,Consumer Discretionary,0.7234952551245248,134013.28903226406,0.0727380952383058,0.0,0.0727380952383058
improved_8_equal_weight_top20,Improved 8: improved 4 design with equal-weight 1/N sizing at top 20. Each position targets 5 pct of current portfolio equity. Top-N expansion from 10 to 20 and switch from fixed-dollar to percent-of-equity sizing are mechanically coupled and treated as a single improvement. Stop-loss / take-profit inherited from improved 4.,2025-06-30,MMM,Industrials,0.6909411892580074,134013.28903226406,-0.0182894736841122,0.0,-0.0182894736841122
improved_8_equal_weight_top20,Improved 8: improved 4 design with equal-weight 1/N sizing at top 20. Each position targets 5 pct of current portfolio equity. Top-N expansion from 10 to 20 and switch from fixed-dollar to percent-of-equity sizing are mechanically coupled and treated as a single improvement. Stop-loss / take-profit inherited from improved 4.,2025-06-30,MSI,Information Technology,0.6666001896793262,134013.28903226406,0.0430299142253134,0.0,0.0430299142253134
improved_8_equal_weight_top20,Improved 8: improved 4 design with equal-weight 1/N sizing at top 20. Each position targets 5 pct of current portfolio equity. Top-N expansion from 10 to 20 and switch from fixed-dollar to percent-of-equity sizing are mechanically coupled and treated as a single improvement. Stop-loss / take-profit inherited from improved 4.,2025-06-30,JBL,Information Technology,0.6397449726472688,134013.28903226406,0.0236686390534202,0.0,0.0236686390534202
improved_8_equal_weight_top20,Improved 8: improved 4 design with equal-weight 1/N sizing at top 20. Each position targets 5 pct of current portfolio equity. Top-N expansion from 10 to 20 and switch from fixed-dollar to percent-of-equity sizing are mechanically coupled and treated as a single improvement. Stop-loss / take-profit inherited from improved 4.,2025-06-30,CL,Consumer Staples,0.6307994604662739,134013.28903226406,-0.05,0.0,-0.05
improved_8_equal_weight_top20,Improved 8: improved 4 design with equal-weight 1/N sizing at top 20. Each position targets 5 pct of current portfolio equity. Top-N expansion from 10 to 20 and switch from fixed-dollar to percent-of-equity sizing are mechanically coupled and treated as a single improvement. Stop-loss / take-profit inherited from improved 4.,2025-06-30,FFIV,Information Technology,0.6294274921028525,134013.28903226406,0.0648953519978254,0.0,0.0648953519978254
improved_8_equal_weight_top20,Improved 8: improved 4 design with equal-weight 1/N sizing at top 20. Each position targets 5 pct of current portfolio equity. Top-N expansion from 10 to 20 and switch from fixed-dollar to percent-of-equity sizing are mechanically coupled and treated as a single improvement. Stop-loss / take-profit inherited from improved 4.,2025-07-31,APP,Information Technology,1.4428387564134861,134666.8307291873,0.2679224288666348,0.0,0.2679224288666348
improved_8_equal_weight_top20,Improved 8: improved 4 design with equal-weight 1/N sizing at top 20. Each position targets 5 pct of current portfolio equity. Top-N expansion from 10 to 20 and switch from fixed-dollar to percent-of-equity sizing are mechanically coupled and treated as a single improvement. Stop-loss / take-profit inherited from improved 4.,2025-07-31,LYV,Communication Services,1.3588775795167984,134666.8307291873,0.1401081969458331,0.0,0.1401081969458331
improved_8_equal_weight_top20,Improved 8: improved 4 design with equal-weight 1/N sizing at top 20. Each position targets 5 pct of current portfolio equity. Top-N expansion from 10 to 20 and switch from fixed-dollar to percent-of-equity sizing are mechanically coupled and treated as a single improvement. Stop-loss / take-profit inherited from improved 4.,2025-07-31,RCL,Consumer Discretionary,1.2896957096730575,134666.8307291873,0.1737219672981484,0.0,0.1737219672981484
improved_8_equal_weight_top20,Improved 8: improved 4 design with equal-weight 1/N sizing at top 20. Each position targets 5 pct of current portfolio equity. Top-N expansion from 10 to 20 and switch from fixed-dollar to percent-of-equity sizing are mechanically coupled and treated as a single improvement. Stop-loss / take-profit inherited from improved 4.,2025-07-31,FTNT,Information Technology,1.2733336610174684,134666.8307291873,-0.05,0.0,-0.05
improved_8_equal_weight_top20,Improved 8: improved 4 design with equal-weight 1/N sizing at top 20. Each position targets 5 pct of current portfolio equity. Top-N expansion from 10 to 20 and switch from fixed-dollar to percent-of-equity sizing are mechanically coupled and treated as a single improvement. Stop-loss / take-profit inherited from improved 4.,2025-07-31,DVA,Health Care,1.2710248390859928,134666.8307291873,-0.05,0.0,-0.05
improved_8_equal_weight_top20,Improved 8: improved 4 design with equal-weight 1/N sizing at top 20. Each position targets 5 pct of current portfolio equity. Top-N expansion from 10 to 20 and switch from fixed-dollar to percent-of-equity sizing are mechanically coupled and treated as a single improvement. Stop-loss / take-profit inherited from improved 4.,2025-07-31,VRSK,Industrials,1.2161884089456607,134666.8307291873,-0.05,0.0,-0.05
improved_8_equal_weight_top20,Improved 8: improved 4 design with equal-weight 1/N sizing at top 20. Each position targets 5 pct of current portfolio equity. Top-N expansion from 10 to 20 and switch from fixed-dollar to percent-of-equity sizing are mechanically coupled and treated as a single improvement. Stop-loss / take-profit inherited from improved 4.,2025-07-31,HOOD,Financials,1.140675483720577,134666.8307291873,0.0637014314928425,0.0,0.0637014314928425
improved_8_equal_weight_top20,Improved 8: improved 4 design with equal-weight 1/N sizing at top 20. Each position targets 5 pct of current portfolio equity. Top-N expansion from 10 to 20 and switch from fixed-dollar to percent-of-equity sizing are mechanically coupled and treated as a single improvement. Stop-loss / take-profit inherited from improved 4.,2025-07-31,COR,Health Care,1.1273920371225716,134666.8307291873,-0.05,0.0,-0.05
improved_8_equal_weight_top20,Improved 8: improved 4 design with equal-weight 1/N sizing at top 20. Each position targets 5 pct of current portfolio equity. Top-N expansion from 10 to 20 and switch from fixed-dollar to percent-of-equity sizing are mechanically coupled and treated as a single improvement. Stop-loss / take-profit inherited from improved 4.,2025-07-31,CL,Consumer Staples,1.106531976698684,134666.8307291873,0.0005950964058132,0.0,0.0005950964058132
improved_8_equal_weight_top20,Improved 8: improved 4 design with equal-weight 1/N sizing at top 20. Each position targets 5 pct of current portfolio equity. Top-N expansion from 10 to 20 and switch from fixed-dollar to percent-of-equity sizing are mechanically coupled and treated as a single improvement. Stop-loss / take-profit inherited from improved 4.,2025-07-31,CLX,Consumer Staples,1.0863846084057827,134666.8307291873,-0.05,0.0,-0.05
improved_8_equal_weight_top20,Improved 8: improved 4 design with equal-weight 1/N sizing at top 20. Each position targets 5 pct of current portfolio equity. Top-N expansion from 10 to 20 and switch from fixed-dollar to percent-of-equity sizing are mechanically coupled and treated as a single improvement. Stop-loss / take-profit inherited from improved 4.,2025-07-31,HD,Consumer Discretionary,1.0619748737230272,134666.8307291873,0.1058941873742584,0.0,0.1058941873742584
improved_8_equal_weight_top20,Improved 8: improved 4 design with equal-weight 1/N sizing at top 20. Each position targets 5 pct of current portfolio equity. Top-N expansion from 10 to 20 and switch from fixed-dollar to percent-of-equity sizing are mechanically coupled and treated as a single improvement. Stop-loss / take-profit inherited from improved 4.,2025-07-31,GDDY,Information Technology,1.0125064647202304,134666.8307291873,-0.05,0.0,-0.05
improved_8_equal_weight_top20,Improved 8: improved 4 design with equal-weight 1/N sizing at top 20. Each position targets 5 pct of current portfolio equity. Top-N expansion from 10 to 20 and switch from fixed-dollar to percent-of-equity sizing are mechanically coupled and treated as a single improvement. Stop-loss / take-profit inherited from improved 4.,2025-07-31,KMB,Consumer Staples,0.9772985093772167,134666.8307291873,-0.0267174134224118,0.0,-0.0267174134224118
improved_8_equal_weight_top20,Improved 8: improved 4 design with equal-weight 1/N sizing at top 20. Each position targets 5 pct of current portfolio equity. Top-N expansion from 10 to 20 and switch from fixed-dollar to percent-of-equity sizing are mechanically coupled and treated as a single improvement. Stop-loss / take-profit inherited from improved 4.,2025-07-31,UAL,Industrials,0.8582305658190778,134666.8307291873,0.229076436848882,0.0,0.229076436848882
improved_8_equal_weight_top20,Improved 8: improved 4 design with equal-weight 1/N sizing at top 20. Each position targets 5 pct of current portfolio equity. Top-N expansion from 10 to 20 and switch from fixed-dollar to percent-of-equity sizing are mechanically coupled and treated as a single improvement. Stop-loss / take-profit inherited from improved 4.,2025-07-31,HWM,Industrials,0.804090103478995,134666.8307291873,-0.0157311578404732,0.0,-0.0157311578404732
improved_8_equal_weight_top20,Improved 8: improved 4 design with equal-weight 1/N sizing at top 20. Each position targets 5 pct of current portfolio equity. Top-N expansion from 10 to 20 and switch from fixed-dollar to percent-of-equity sizing are mechanically coupled and treated as a single improvement. Stop-loss / take-profit inherited from improved 4.,2025-07-31,TPR,Consumer Discretionary,0.7630625545331665,134666.8307291873,-0.05,0.0,-0.05
improved_8_equal_weight_top20,Improved 8: improved 4 design with equal-weight 1/N sizing at top 20. Each position targets 5 pct of current portfolio equity. Top-N expansion from 10 to 20 and switch from fixed-dollar to percent-of-equity sizing are mechanically coupled and treated as a single improvement. Stop-loss / take-profit inherited from improved 4.,2025-07-31,MA,Financials,0.7491939146284032,134666.8307291873,0.0557407867200152,0.0,0.0557407867200152
improved_8_equal_weight_top20,Improved 8: improved 4 design with equal-weight 1/N sizing at top 20. Each position targets 5 pct of current portfolio equity. Top-N expansion from 10 to 20 and switch from fixed-dollar to percent-of-equity sizing are mechanically coupled and treated as a single improvement. Stop-loss / take-profit inherited from improved 4.,2025-07-31,VST,Utilities,0.7206263129289276,134666.8307291873,-0.05,0.0,-0.05
improved_8_equal_weight_top20,Improved 8: improved 4 design with equal-weight 1/N sizing at top 20. Each position targets 5 pct of current portfolio equity. Top-N expansion from 10 to 20 and switch from fixed-dollar to percent-of-equity sizing are mechanically coupled and treated as a single improvement. Stop-loss / take-profit inherited from improved 4.,2025-07-31,EXPE,Consumer Discretionary,0.7012233130631711,134666.8307291873,0.2139683402041599,0.0,0.2139683402041599
improved_8_equal_weight_top20,Improved 8: improved 4 design with equal-weight 1/N sizing at top 20. Each position targets 5 pct of current portfolio equity. Top-N expansion from 10 to 20 and switch from fixed-dollar to percent-of-equity sizing are mechanically coupled and treated as a single improvement. Stop-loss / take-profit inherited from improved 4.,2025-07-31,LII,Industrials,0.6756178482659205,134666.8307291873,-0.05,0.0,-0.05
improved_8_equal_weight_top20,Improved 8: improved 4 design with equal-weight 1/N sizing at top 20. Each position targets 5 pct of current portfolio equity. Top-N expansion from 10 to 20 and switch from fixed-dollar to percent-of-equity sizing are mechanically coupled and treated as a single improvement. Stop-loss / take-profit inherited from improved 4.,2025-08-31,APP,Information Technology,1.488568117754896,139772.59097547375,0.3,0.0,0.3
improved_8_equal_weight_top20,Improved 8: improved 4 design with equal-weight 1/N sizing at top 20. Each position targets 5 pct of current portfolio equity. Top-N expansion from 10 to 20 and switch from fixed-dollar to percent-of-equity sizing are mechanically coupled and treated as a single improvement. Stop-loss / take-profit inherited from improved 4.,2025-08-31,VST,Utilities,1.4420637811972414,139772.59097547375,0.0627448922238356,0.0,0.0627448922238356
improved_8_equal_weight_top20,Improved 8: improved 4 design with equal-weight 1/N sizing at top 20. Each position targets 5 pct of current portfolio equity. Top-N expansion from 10 to 20 and switch from fixed-dollar to percent-of-equity sizing are mechanically coupled and treated as a single improvement. Stop-loss / take-profit inherited from improved 4.,2025-08-31,ULTA,Consumer Discretionary,1.4014443156884977,139772.59097547375,0.1129544436754468,0.0,0.1129544436754468
improved_8_equal_weight_top20,Improved 8: improved 4 design with equal-weight 1/N sizing at top 20. Each position targets 5 pct of current portfolio equity. Top-N expansion from 10 to 20 and switch from fixed-dollar to percent-of-equity sizing are mechanically coupled and treated as a single improvement. Stop-loss / take-profit inherited from improved 4.,2025-08-31,ORCL,Information Technology,1.3770801790104374,139772.59097547375,0.3,0.0,0.3
improved_8_equal_weight_top20,Improved 8: improved 4 design with equal-weight 1/N sizing at top 20. Each position targets 5 pct of current portfolio equity. Top-N expansion from 10 to 20 and switch from fixed-dollar to percent-of-equity sizing are mechanically coupled and treated as a single improvement. Stop-loss / take-profit inherited from improved 4.,2025-08-31,HOOD,Financials,1.3347410606431596,139772.59097547375,0.3,0.0,0.3
improved_8_equal_weight_top20,Improved 8: improved 4 design with equal-weight 1/N sizing at top 20. Each position targets 5 pct of current portfolio equity. Top-N expansion from 10 to 20 and switch from fixed-dollar to percent-of-equity sizing are mechanically coupled and treated as a single improvement. Stop-loss / take-profit inherited from improved 4.,2025-08-31,EBAY,Consumer Discretionary,1.2737199919918223,139772.59097547375,0.0171102661592406,0.0,0.0171102661592406
improved_8_equal_weight_top20,Improved 8: improved 4 design with equal-weight 1/N sizing at top 20. Each position targets 5 pct of current portfolio equity. Top-N expansion from 10 to 20 and switch from fixed-dollar to percent-of-equity sizing are mechanically coupled and treated as a single improvement. Stop-loss / take-profit inherited from improved 4.,2025-08-31,NVDA,Information Technology,1.262894972828515,139772.59097547375,0.0975913595781958,0.0,0.0975913595781958
improved_8_equal_weight_top20,Improved 8: improved 4 design with equal-weight 1/N sizing at top 20. Each position targets 5 pct of current portfolio equity. Top-N expansion from 10 to 20 and switch from fixed-dollar to percent-of-equity sizing are mechanically coupled and treated as a single improvement. Stop-loss / take-profit inherited from improved 4.,2025-08-31,LYV,Communication Services,1.208516490217812,139772.59097547375,-0.0054777845404747,0.0,-0.0054777845404747
improved_8_equal_weight_top20,Improved 8: improved 4 design with equal-weight 1/N sizing at top 20. Each position targets 5 pct of current portfolio equity. Top-N expansion from 10 to 20 and switch from fixed-dollar to percent-of-equity sizing are mechanically coupled and treated as a single improvement. Stop-loss / take-profit inherited from improved 4.,2025-08-31,JBL,Information Technology,1.0162981465372676,139772.59097547375,0.0871545855024598,0.0,0.0871545855024598
improved_8_equal_weight_top20,Improved 8: improved 4 design with equal-weight 1/N sizing at top 20. Each position targets 5 pct of current portfolio equity. Top-N expansion from 10 to 20 and switch from fixed-dollar to percent-of-equity sizing are mechanically coupled and treated as a single improvement. Stop-loss / take-profit inherited from improved 4.,2025-08-31,WSM,Consumer Discretionary,1.0036433885981775,139772.59097547375,0.0426780474798349,0.0,0.0426780474798349
improved_8_equal_weight_top20,Improved 8: improved 4 design with equal-weight 1/N sizing at top 20. Each position targets 5 pct of current portfolio equity. Top-N expansion from 10 to 20 and switch from fixed-dollar to percent-of-equity sizing are mechanically coupled and treated as a single improvement. Stop-loss / take-profit inherited from improved 4.,2025-08-31,KMB,Consumer Staples,1.0029376359432973,139772.59097547375,-0.05,0.0,-0.05
improved_8_equal_weight_top20,Improved 8: improved 4 design with equal-weight 1/N sizing at top 20. Each position targets 5 pct of current portfolio equity. Top-N expansion from 10 to 20 and switch from fixed-dollar to percent-of-equity sizing are mechanically coupled and treated as a single improvement. Stop-loss / take-profit inherited from improved 4.,2025-08-31,UAL,Industrials,0.9649084740220213,139772.59097547375,-0.05,0.0,-0.05
improved_8_equal_weight_top20,Improved 8: improved 4 design with equal-weight 1/N sizing at top 20. Each position targets 5 pct of current portfolio equity. Top-N expansion from 10 to 20 and switch from fixed-dollar to percent-of-equity sizing are mechanically coupled and treated as a single improvement. Stop-loss / take-profit inherited from improved 4.,2025-08-31,VEEV,Health Care,0.9383119217208173,139772.59097547375,0.1230867827791601,0.0,0.1230867827791601
improved_8_equal_weight_top20,Improved 8: improved 4 design with equal-weight 1/N sizing at top 20. Each position targets 5 pct of current portfolio equity. Top-N expansion from 10 to 20 and switch from fixed-dollar to percent-of-equity sizing are mechanically coupled and treated as a single improvement. Stop-loss / take-profit inherited from improved 4.,2025-08-31,HD,Consumer Discretionary,0.9292353013279107,139772.59097547375,0.0093482121204884,0.0,0.0093482121204884
improved_8_equal_weight_top20,Improved 8: improved 4 design with equal-weight 1/N sizing at top 20. Each position targets 5 pct of current portfolio equity. Top-N expansion from 10 to 20 and switch from fixed-dollar to percent-of-equity sizing are mechanically coupled and treated as a single improvement. Stop-loss / take-profit inherited from improved 4.,2025-08-31,FIX,Industrials,0.9272889799701801,139772.59097547375,0.2011353711791077,0.0,0.2011353711791077
improved_8_equal_weight_top20,Improved 8: improved 4 design with equal-weight 1/N sizing at top 20. Each position targets 5 pct of current portfolio equity. Top-N expansion from 10 to 20 and switch from fixed-dollar to percent-of-equity sizing are mechanically coupled and treated as a single improvement. Stop-loss / take-profit inherited from improved 4.,2025-08-31,SMCI,Information Technology,0.9161427348499194,139772.59097547375,0.1977514053716427,0.0,0.1977514053716427
improved_8_equal_weight_top20,Improved 8: improved 4 design with equal-weight 1/N sizing at top 20. Each position targets 5 pct of current portfolio equity. Top-N expansion from 10 to 20 and switch from fixed-dollar to percent-of-equity sizing are mechanically coupled and treated as a single improvement. Stop-loss / take-profit inherited from improved 4.,2025-08-31,COR,Health Care,0.8691379533443034,139772.59097547375,0.0704181936500696,0.0,0.0704181936500696
improved_8_equal_weight_top20,Improved 8: improved 4 design with equal-weight 1/N sizing at top 20. Each position targets 5 pct of current portfolio equity. Top-N expansion from 10 to 20 and switch from fixed-dollar to percent-of-equity sizing are mechanically coupled and treated as a single improvement. Stop-loss / take-profit inherited from improved 4.,2025-08-31,LRCX,Information Technology,0.8553235893260388,139772.59097547375,0.3,0.0,0.3
improved_8_equal_weight_top20,Improved 8: improved 4 design with equal-weight 1/N sizing at top 20. Each position targets 5 pct of current portfolio equity. Top-N expansion from 10 to 20 and switch from fixed-dollar to percent-of-equity sizing are mechanically coupled and treated as a single improvement. Stop-loss / take-profit inherited from improved 4.,2025-08-31,CAT,Industrials,0.8441807112143751,139772.59097547375,0.1527868377183328,0.0,0.1527868377183328
improved_8_equal_weight_top20,Improved 8: improved 4 design with equal-weight 1/N sizing at top 20. Each position targets 5 pct of current portfolio equity. Top-N expansion from 10 to 20 and switch from fixed-dollar to percent-of-equity sizing are mechanically coupled and treated as a single improvement. Stop-loss / take-profit inherited from improved 4.,2025-08-31,CLX,Consumer Staples,0.8363531691550679,139772.59097547375,0.038403233955917,0.0,0.038403233955917
improved_8_equal_weight_top20,Improved 8: improved 4 design with equal-weight 1/N sizing at top 20. Each position targets 5 pct of current portfolio equity. Top-N expansion from 10 to 20 and switch from fixed-dollar to percent-of-equity sizing are mechanically coupled and treated as a single improvement. Stop-loss / take-profit inherited from improved 4.,2025-09-30,GDDY,Information Technology,1.3333857539050695,155900.15247407925,-0.05,0.0,-0.05
improved_8_equal_weight_top20,Improved 8: improved 4 design with equal-weight 1/N sizing at top 20. Each position targets 5 pct of current portfolio equity. Top-N expansion from 10 to 20 and switch from fixed-dollar to percent-of-equity sizing are mechanically coupled and treated as a single improvement. Stop-loss / take-profit inherited from improved 4.,2025-09-30,CCL,Consumer Discretionary,1.1541913300385434,155900.15247407925,-0.0017313019401355,0.0,-0.0017313019401355
improved_8_equal_weight_top20,Improved 8: improved 4 design with equal-weight 1/N sizing at top 20. Each position targets 5 pct of current portfolio equity. Top-N expansion from 10 to 20 and switch from fixed-dollar to percent-of-equity sizing are mechanically coupled and treated as a single improvement. Stop-loss / take-profit inherited from improved 4.,2025-09-30,EXPE,Consumer Discretionary,1.1379875411020088,155900.15247407925,0.0278932859880816,0.0,0.0278932859880816
improved_8_equal_weight_top20,Improved 8: improved 4 design with equal-weight 1/N sizing at top 20. Each position targets 5 pct of current portfolio equity. Top-N expansion from 10 to 20 and switch from fixed-dollar to percent-of-equity sizing are mechanically coupled and treated as a single improvement. Stop-loss / take-profit inherited from improved 4.,2025-09-30,UAL,Industrials,1.1031933207988733,155900.15247407925,-0.0203146161058442,0.0,-0.0203146161058442
improved_8_equal_weight_top20,Improved 8: improved 4 design with equal-weight 1/N sizing at top 20. Each position targets 5 pct of current portfolio equity. Top-N expansion from 10 to 20 and switch from fixed-dollar to percent-of-equity sizing are mechanically coupled and treated as a single improvement. Stop-loss / take-profit inherited from improved 4.,2025-09-30,SYF,Financials,1.0884471213694025,155900.15247407925,0.0462793641869647,0.0,0.0462793641869647
improved_8_equal_weight_top20,Improved 8: improved 4 design with equal-weight 1/N sizing at top 20. Each position targets 5 pct of current portfolio equity. Top-N expansion from 10 to 20 and switch from fixed-dollar to percent-of-equity sizing are mechanically coupled and treated as a single improvement. Stop-loss / take-profit inherited from improved 4.,2025-09-30,HD,Consumer Discretionary,1.0142321397486023,155900.15247407925,-0.05,0.0,-0.05
improved_8_equal_weight_top20,Improved 8: improved 4 design with equal-weight 1/N sizing at top 20. Each position targets 5 pct of current portfolio equity. Top-N expansion from 10 to 20 and switch from fixed-dollar to percent-of-equity sizing are mechanically coupled and treated as a single improvement. Stop-loss / take-profit inherited from improved 4.,2025-09-30,ORCL,Information Technology,1.0087652366917608,155900.15247407925,-0.05,0.0,-0.05
improved_8_equal_weight_top20,Improved 8: improved 4 design with equal-weight 1/N sizing at top 20. Each position targets 5 pct of current portfolio equity. Top-N expansion from 10 to 20 and switch from fixed-dollar to percent-of-equity sizing are mechanically coupled and treated as a single improvement. Stop-loss / take-profit inherited from improved 4.,2025-09-30,NRG,Utilities,0.9782908501475833,155900.15247407925,0.0629638792680655,0.0,0.0629638792680655
improved_8_equal_weight_top20,Improved 8: improved 4 design with equal-weight 1/N sizing at top 20. Each position targets 5 pct of current portfolio equity. Top-N expansion from 10 to 20 and switch from fixed-dollar to percent-of-equity sizing are mechanically coupled and treated as a single improvement. Stop-loss / take-profit inherited from improved 4.,2025-09-30,RCL,Consumer Discretionary,0.9569392624758242,155900.15247407925,-0.05,0.0,-0.05
improved_8_equal_weight_top20,Improved 8: improved 4 design with equal-weight 1/N sizing at top 20. Each position targets 5 pct of current portfolio equity. Top-N expansion from 10 to 20 and switch from fixed-dollar to percent-of-equity sizing are mechanically coupled and treated as a single improvement. Stop-loss / take-profit inherited from improved 4.,2025-09-30,CL,Consumer Staples,0.952234432710575,155900.15247407925,-0.05,0.0,-0.05
improved_8_equal_weight_top20,Improved 8: improved 4 design with equal-weight 1/N sizing at top 20. Each position targets 5 pct of current portfolio equity. Top-N expansion from 10 to 20 and switch from fixed-dollar to percent-of-equity sizing are mechanically coupled and treated as a single improvement. Stop-loss / take-profit inherited from improved 4.,2025-09-30,MA,Financials,0.9293011840096373,155900.15247407925,-0.0228873361866586,0.0,-0.0228873361866586
improved_8_equal_weight_top20,Improved 8: improved 4 design with equal-weight 1/N sizing at top 20. Each position targets 5 pct of current portfolio equity. Top-N expansion from 10 to 20 and switch from fixed-dollar to percent-of-equity sizing are mechanically coupled and treated as a single improvement. Stop-loss / take-profit inherited from improved 4.,2025-09-30,CLX,Consumer Staples,0.9280902326073105,155900.15247407925,-0.05,0.0,-0.05
improved_8_equal_weight_top20,Improved 8: improved 4 design with equal-weight 1/N sizing at top 20. Each position targets 5 pct of current portfolio equity. Top-N expansion from 10 to 20 and switch from fixed-dollar to percent-of-equity sizing are mechanically coupled and treated as a single improvement. Stop-loss / take-profit inherited from improved 4.,2025-09-30,COR,Health Care,0.8608330837652911,155900.15247407925,-0.05,0.0,-0.05
improved_8_equal_weight_top20,Improved 8: improved 4 design with equal-weight 1/N sizing at top 20. Each position targets 5 pct of current portfolio equity. Top-N expansion from 10 to 20 and switch from fixed-dollar to percent-of-equity sizing are mechanically coupled and treated as a single improvement. Stop-loss / take-profit inherited from improved 4.,2025-09-30,NTAP,Information Technology,0.8298206877522488,155900.15247407925,0.0073736076755073,0.0,0.0073736076755073
improved_8_equal_weight_top20,Improved 8: improved 4 design with equal-weight 1/N sizing at top 20. Each position targets 5 pct of current portfolio equity. Top-N expansion from 10 to 20 and switch from fixed-dollar to percent-of-equity sizing are mechanically coupled and treated as a single improvement. Stop-loss / take-profit inherited from improved 4.,2025-09-30,KMB,Consumer Staples,0.8293161095607369,155900.15247407925,-0.05,0.0,-0.05
improved_8_equal_weight_top20,Improved 8: improved 4 design with equal-weight 1/N sizing at top 20. Each position targets 5 pct of current portfolio equity. Top-N expansion from 10 to 20 and switch from fixed-dollar to percent-of-equity sizing are mechanically coupled and treated as a single improvement. Stop-loss / take-profit inherited from improved 4.,2025-09-30,BKR,Energy,0.8237522219019933,155900.15247407925,-0.05,0.0,-0.05
improved_8_equal_weight_top20,Improved 8: improved 4 design with equal-weight 1/N sizing at top 20. Each position targets 5 pct of current portfolio equity. Top-N expansion from 10 to 20 and switch from fixed-dollar to percent-of-equity sizing are mechanically coupled and treated as a single improvement. Stop-loss / take-profit inherited from improved 4.,2025-09-30,APP,Information Technology,0.7977241754210838,155900.15247407925,-0.05,0.0,-0.05
improved_8_equal_weight_top20,Improved 8: improved 4 design with equal-weight 1/N sizing at top 20. Each position targets 5 pct of current portfolio equity. Top-N expansion from 10 to 20 and switch from fixed-dollar to percent-of-equity sizing are mechanically coupled and treated as a single improvement. Stop-loss / take-profit inherited from improved 4.,2025-09-30,VST,Utilities,0.7968070229909258,155900.15247407925,-0.05,0.0,-0.05
improved_8_equal_weight_top20,Improved 8: improved 4 design with equal-weight 1/N sizing at top 20. Each position targets 5 pct of current portfolio equity. Top-N expansion from 10 to 20 and switch from fixed-dollar to percent-of-equity sizing are mechanically coupled and treated as a single improvement. Stop-loss / take-profit inherited from improved 4.,2025-09-30,AAPL,Information Technology,0.768018431210281,155900.15247407925,0.060108218318561,0.0,0.060108218318561
improved_8_equal_weight_top20,Improved 8: improved 4 design with equal-weight 1/N sizing at top 20. Each position targets 5 pct of current portfolio equity. Top-N expansion from 10 to 20 and switch from fixed-dollar to percent-of-equity sizing are mechanically coupled and treated as a single improvement. Stop-loss / take-profit inherited from improved 4.,2025-09-30,TRGP,Energy,0.7487908803034203,155900.15247407925,-0.05,0.0,-0.05
improved_8_equal_weight_top20,Improved 8: improved 4 design with equal-weight 1/N sizing at top 20. Each position targets 5 pct of current portfolio equity. Top-N expansion from 10 to 20 and switch from fixed-dollar to percent-of-equity sizing are mechanically coupled and treated as a single improvement. Stop-loss / take-profit inherited from improved 4.,2025-10-31,APP,Information Technology,1.7156508262878871,152467.89448113824,-0.05,0.0,-0.05
improved_8_equal_weight_top20,Improved 8: improved 4 design with equal-weight 1/N sizing at top 20. Each position targets 5 pct of current portfolio equity. Top-N expansion from 10 to 20 and switch from fixed-dollar to percent-of-equity sizing are mechanically coupled and treated as a single improvement. Stop-loss / take-profit inherited from improved 4.,2025-10-31,EBAY,Consumer Discretionary,1.6628691172130767,152467.89448113824,0.0300024795441486,0.0,0.0300024795441486
improved_8_equal_weight_top20,Improved 8: improved 4 design with equal-weight 1/N sizing at top 20. Each position targets 5 pct of current portfolio equity. Top-N expansion from 10 to 20 and switch from fixed-dollar to percent-of-equity sizing are mechanically coupled and treated as a single improvement. Stop-loss / take-profit inherited from improved 4.,2025-10-31,CI,Health Care,1.189637392535124,152467.89448113824,0.1422921644556816,0.0,0.1422921644556816
improved_8_equal_weight_top20,Improved 8: improved 4 design with equal-weight 1/N sizing at top 20. Each position targets 5 pct of current portfolio equity. Top-N expansion from 10 to 20 and switch from fixed-dollar to percent-of-equity sizing are mechanically coupled and treated as a single improvement. Stop-loss / take-profit inherited from improved 4.,2025-10-31,DXCM,Health Care,1.1368208792426338,152467.89448113824,-0.05,0.0,-0.05
improved_8_equal_weight_top20,Improved 8: improved 4 design with equal-weight 1/N sizing at top 20. Each position targets 5 pct of current portfolio equity. Top-N expansion from 10 to 20 and switch from fixed-dollar to percent-of-equity sizing are mechanically coupled and treated as a single improvement. Stop-loss / take-profit inherited from improved 4.,2025-10-31,CMG,Consumer Discretionary,1.062854530207898,152467.89448113824,-0.05,0.0,-0.05
improved_8_equal_weight_top20,Improved 8: improved 4 design with equal-weight 1/N sizing at top 20. Each position targets 5 pct of current portfolio equity. Top-N expansion from 10 to 20 and switch from fixed-dollar to percent-of-equity sizing are mechanically coupled and treated as a single improvement. Stop-loss / take-profit inherited from improved 4.,2025-10-31,FISV,Financials,1.0156219572138958,152467.89448113824,-0.05,0.0,-0.05
improved_8_equal_weight_top20,Improved 8: improved 4 design with equal-weight 1/N sizing at top 20. Each position targets 5 pct of current portfolio equity. Top-N expansion from 10 to 20 and switch from fixed-dollar to percent-of-equity sizing are mechanically coupled and treated as a single improvement. Stop-loss / take-profit inherited from improved 4.,2025-10-31,META,Communication Services,1.0143573210700356,152467.89448113824,-0.05,0.0,-0.05
improved_8_equal_weight_top20,Improved 8: improved 4 design with equal-weight 1/N sizing at top 20. Each position targets 5 pct of current portfolio equity. Top-N expansion from 10 to 20 and switch from fixed-dollar to percent-of-equity sizing are mechanically coupled and treated as a single improvement. Stop-loss / take-profit inherited from improved 4.,2025-10-31,FIX,Industrials,0.9987864435351306,152467.89448113824,-0.05,0.0,-0.05
improved_8_equal_weight_top20,Improved 8: improved 4 design with equal-weight 1/N sizing at top 20. Each position targets 5 pct of current portfolio equity. Top-N expansion from 10 to 20 and switch from fixed-dollar to percent-of-equity sizing are mechanically coupled and treated as a single improvement. Stop-loss / take-profit inherited from improved 4.,2025-10-31,MPWR,Information Technology,0.9698329902263199,152467.89448113824,-0.05,0.0,-0.05
improved_8_equal_weight_top20,Improved 8: improved 4 design with equal-weight 1/N sizing at top 20. Each position targets 5 pct of current portfolio equity. Top-N expansion from 10 to 20 and switch from fixed-dollar to percent-of-equity sizing are mechanically coupled and treated as a single improvement. Stop-loss / take-profit inherited from improved 4.,2025-10-31,EME,Industrials,0.9629665535937866,152467.89448113824,-0.05,0.0,-0.05
improved_8_equal_weight_top20,Improved 8: improved 4 design with equal-weight 1/N sizing at top 20. Each position targets 5 pct of current portfolio equity. Top-N expansion from 10 to 20 and switch from fixed-dollar to percent-of-equity sizing are mechanically coupled and treated as a single improvement. Stop-loss / take-profit inherited from improved 4.,2025-10-31,COR,Health Care,0.8662264371215864,152467.89448113824,0.0924779387334233,0.0,0.0924779387334233
improved_8_equal_weight_top20,Improved 8: improved 4 design with equal-weight 1/N sizing at top 20. Each position targets 5 pct of current portfolio equity. Top-N expansion from 10 to 20 and switch from fixed-dollar to percent-of-equity sizing are mechanically coupled and treated as a single improvement. Stop-loss / take-profit inherited from improved 4.,2025-10-31,MA,Financials,0.8380295163228864,152467.89448113824,0.0009636363636416,0.0,0.0009636363636416
improved_8_equal_weight_top20,Improved 8: improved 4 design with equal-weight 1/N sizing at top 20. Each position targets 5 pct of current portfolio equity. Top-N expansion from 10 to 20 and switch from fixed-dollar to percent-of-equity sizing are mechanically coupled and treated as a single improvement. Stop-loss / take-profit inherited from improved 4.,2025-10-31,VRSK,Industrials,0.8350974498034739,152467.89448113824,0.0354234715002153,0.0,0.0354234715002153
improved_8_equal_weight_top20,Improved 8: improved 4 design with equal-weight 1/N sizing at top 20. Each position targets 5 pct of current portfolio equity. Top-N expansion from 10 to 20 and switch from fixed-dollar to percent-of-equity sizing are mechanically coupled and treated as a single improvement. Stop-loss / take-profit inherited from improved 4.,2025-10-31,CLX,Consumer Staples,0.8228887180858374,152467.89448113824,-0.05,0.0,-0.05
improved_8_equal_weight_top20,Improved 8: improved 4 design with equal-weight 1/N sizing at top 20. Each position targets 5 pct of current portfolio equity. Top-N expansion from 10 to 20 and switch from fixed-dollar to percent-of-equity sizing are mechanically coupled and treated as a single improvement. Stop-loss / take-profit inherited from improved 4.,2025-10-31,LRCX,Information Technology,0.8158566523719795,152467.89448113824,-0.05,0.0,-0.05
improved_8_equal_weight_top20,Improved 8: improved 4 design with equal-weight 1/N sizing at top 20. Each position targets 5 pct of current portfolio equity. Top-N expansion from 10 to 20 and switch from fixed-dollar to percent-of-equity sizing are mechanically coupled and treated as a single improvement. Stop-loss / take-profit inherited from improved 4.,2025-10-31,HOOD,Financials,0.8126741167707119,152467.89448113824,-0.05,0.0,-0.05
improved_8_equal_weight_top20,Improved 8: improved 4 design with equal-weight 1/N sizing at top 20. Each position targets 5 pct of current portfolio equity. Top-N expansion from 10 to 20 and switch from fixed-dollar to percent-of-equity sizing are mechanically coupled and treated as a single improvement. Stop-loss / take-profit inherited from improved 4.,2025-10-31,MSI,Information Technology,0.7940163124590967,152467.89448113824,-0.05,0.0,-0.05
improved_8_equal_weight_top20,Improved 8: improved 4 design with equal-weight 1/N sizing at top 20. Each position targets 5 pct of current portfolio equity. Top-N expansion from 10 to 20 and switch from fixed-dollar to percent-of-equity sizing are mechanically coupled and treated as a single improvement. Stop-loss / take-profit inherited from improved 4.,2025-10-31,CL,Consumer Staples,0.7700510288898728,152467.89448113824,0.0498889904662447,0.0,0.0498889904662447
improved_8_equal_weight_top20,Improved 8: improved 4 design with equal-weight 1/N sizing at top 20. Each position targets 5 pct of current portfolio equity. Top-N expansion from 10 to 20 and switch from fixed-dollar to percent-of-equity sizing are mechanically coupled and treated as a single improvement. Stop-loss / take-profit inherited from improved 4.,2025-10-31,KLAC,Information Technology,0.7666323814935819,152467.89448113824,-0.05,0.0,-0.05
improved_8_equal_weight_top20,Improved 8: improved 4 design with equal-weight 1/N sizing at top 20. Each position targets 5 pct of current portfolio equity. Top-N expansion from 10 to 20 and switch from fixed-dollar to percent-of-equity sizing are mechanically coupled and treated as a single improvement. Stop-loss / take-profit inherited from improved 4.,2025-10-31,WDC,Information Technology,0.7254523501664253,152467.89448113824,-0.05,0.0,-0.05
improved_8_equal_weight_top20,Improved 8: improved 4 design with equal-weight 1/N sizing at top 20. Each position targets 5 pct of current portfolio equity. Top-N expansion from 10 to 20 and switch from fixed-dollar to percent-of-equity sizing are mechanically coupled and treated as a single improvement. Stop-loss / take-profit inherited from improved 4.,2025-11-30,CL,Consumer Staples,1.1993662845702058,149807.7008374039,-0.05,0.0,-0.05
improved_8_equal_weight_top20,Improved 8: improved 4 design with equal-weight 1/N sizing at top 20. Each position targets 5 pct of current portfolio equity. Top-N expansion from 10 to 20 and switch from fixed-dollar to percent-of-equity sizing are mechanically coupled and treated as a single improvement. Stop-loss / take-profit inherited from improved 4.,2025-11-30,COR,Health Care,1.0302783787859777,149807.7008374039,-0.05,0.0,-0.05
improved_8_equal_weight_top20,Improved 8: improved 4 design with equal-weight 1/N sizing at top 20. Each position targets 5 pct of current portfolio equity. Top-N expansion from 10 to 20 and switch from fixed-dollar to percent-of-equity sizing are mechanically coupled and treated as a single improvement. Stop-loss / take-profit inherited from improved 4.,2025-11-30,NVDA,Information Technology,0.9706333762671475,149807.7008374039,0.06723603878713,0.0,0.06723603878713
improved_8_equal_weight_top20,Improved 8: improved 4 design with equal-weight 1/N sizing at top 20. Each position targets 5 pct of current portfolio equity. Top-N expansion from 10 to 20 and switch from fixed-dollar to percent-of-equity sizing are mechanically coupled and treated as a single improvement. Stop-loss / take-profit inherited from improved 4.,2025-11-30,VRSK,Industrials,0.9678023651664935,149807.7008374039,-0.0002174006969671,0.0,-0.0002174006969671
improved_8_equal_weight_top20,Improved 8: improved 4 design with equal-weight 1/N sizing at top 20. Each position targets 5 pct of current portfolio equity. Top-N expansion from 10 to 20 and switch from fixed-dollar to percent-of-equity sizing are mechanically coupled and treated as a single improvement. Stop-loss / take-profit inherited from improved 4.,2025-11-30,CLX,Consumer Staples,0.9225051257176403,149807.7008374039,-0.05,0.0,-0.05
improved_8_equal_weight_top20,Improved 8: improved 4 design with equal-weight 1/N sizing at top 20. Each position targets 5 pct of current portfolio equity. Top-N expansion from 10 to 20 and switch from fixed-dollar to percent-of-equity sizing are mechanically coupled and treated as a single improvement. Stop-loss / take-profit inherited from improved 4.,2025-11-30,ABBV,Health Care,0.8637158770621219,149807.7008374039,0.0057220828384687,0.0,0.0057220828384687
improved_8_equal_weight_top20,Improved 8: improved 4 design with equal-weight 1/N sizing at top 20. Each position targets 5 pct of current portfolio equity. Top-N expansion from 10 to 20 and switch from fixed-dollar to percent-of-equity sizing are mechanically coupled and treated as a single improvement. Stop-loss / take-profit inherited from improved 4.,2025-11-30,LLY,Health Care,0.8536614243938868,149807.7008374039,-0.05,0.0,-0.05
improved_8_equal_weight_top20,Improved 8: improved 4 design with equal-weight 1/N sizing at top 20. Each position targets 5 pct of current portfolio equity. Top-N expansion from 10 to 20 and switch from fixed-dollar to percent-of-equity sizing are mechanically coupled and treated as a single improvement. Stop-loss / take-profit inherited from improved 4.,2025-11-30,EXPE,Consumer Discretionary,0.8509878058307334,149807.7008374039,0.1132023575639964,0.0,0.1132023575639964
improved_8_equal_weight_top20,Improved 8: improved 4 design with equal-weight 1/N sizing at top 20. Each position targets 5 pct of current portfolio equity. Top-N expansion from 10 to 20 and switch from fixed-dollar to percent-of-equity sizing are mechanically coupled and treated as a single improvement. Stop-loss / take-profit inherited from improved 4.,2025-11-30,GDDY,Information Technology,0.8498372212374057,149807.7008374039,-0.0232228607415571,0.0,-0.0232228607415571
improved_8_equal_weight_top20,Improved 8: improved 4 design with equal-weight 1/N sizing at top 20. Each position targets 5 pct of current portfolio equity. Top-N expansion from 10 to 20 and switch from fixed-dollar to percent-of-equity sizing are mechanically coupled and treated as a single improvement. Stop-loss / take-profit inherited from improved 4.,2025-11-30,MA,Financials,0.8032011381515585,149807.7008374039,0.0424366372069435,0.0,0.0424366372069435
improved_8_equal_weight_top20,Improved 8: improved 4 design with equal-weight 1/N sizing at top 20. Each position targets 5 pct of current portfolio equity. Top-N expansion from 10 to 20 and switch from fixed-dollar to percent-of-equity sizing are mechanically coupled and treated as a single improvement. Stop-loss / take-profit inherited from improved 4.,2025-11-30,GILD,Health Care,0.7982660472689092,149807.7008374039,-0.05,0.0,-0.05
improved_8_equal_weight_top20,Improved 8: improved 4 design with equal-weight 1/N sizing at top 20. Each position targets 5 pct of current portfolio equity. Top-N expansion from 10 to 20 and switch from fixed-dollar to percent-of-equity sizing are mechanically coupled and treated as a single improvement. Stop-loss / take-profit inherited from improved 4.,2025-11-30,AAPL,Information Technology,0.7865725251818132,149807.7008374039,-0.0221215064206901,0.0,-0.0221215064206901
improved_8_equal_weight_top20,Improved 8: improved 4 design with equal-weight 1/N sizing at top 20. Each position targets 5 pct of current portfolio equity. Top-N expansion from 10 to 20 and switch from fixed-dollar to percent-of-equity sizing are mechanically coupled and treated as a single improvement. Stop-loss / take-profit inherited from improved 4.,2025-11-30,IDXX,Health Care,0.7822539594447752,149807.7008374039,-0.05,0.0,-0.05
improved_8_equal_weight_top20,Improved 8: improved 4 design with equal-weight 1/N sizing at top 20. Each position targets 5 pct of current portfolio equity. Top-N expansion from 10 to 20 and switch from fixed-dollar to percent-of-equity sizing are mechanically coupled and treated as a single improvement. Stop-loss / take-profit inherited from improved 4.,2025-11-30,GOOGL,Communication Services,0.7358449952361644,149807.7008374039,-0.05,0.0,-0.05
improved_8_equal_weight_top20,Improved 8: improved 4 design with equal-weight 1/N sizing at top 20. Each position targets 5 pct of current portfolio equity. Top-N expansion from 10 to 20 and switch from fixed-dollar to percent-of-equity sizing are mechanically coupled and treated as a single improvement. Stop-loss / take-profit inherited from improved 4.,2025-11-30,INCY,Health Care,0.7307553709657538,149807.7008374039,-0.05,0.0,-0.05
improved_8_equal_weight_top20,Improved 8: improved 4 design with equal-weight 1/N sizing at top 20. Each position targets 5 pct of current portfolio equity. Top-N expansion from 10 to 20 and switch from fixed-dollar to percent-of-equity sizing are mechanically coupled and treated as a single improvement. Stop-loss / take-profit inherited from improved 4.,2025-11-30,LRCX,Information Technology,0.6427212924536855,149807.7008374039,0.1072560724375049,0.0,0.1072560724375049
improved_8_equal_weight_top20,Improved 8: improved 4 design with equal-weight 1/N sizing at top 20. Each position targets 5 pct of current portfolio equity. Top-N expansion from 10 to 20 and switch from fixed-dollar to percent-of-equity sizing are mechanically coupled and treated as a single improvement. Stop-loss / take-profit inherited from improved 4.,2025-11-30,KLAC,Information Technology,0.6290822193759551,149807.7008374039,0.0429871244634851,0.0,0.0429871244634851
improved_8_equal_weight_top20,Improved 8: improved 4 design with equal-weight 1/N sizing at top 20. Each position targets 5 pct of current portfolio equity. Top-N expansion from 10 to 20 and switch from fixed-dollar to percent-of-equity sizing are mechanically coupled and treated as a single improvement. Stop-loss / take-profit inherited from improved 4.,2025-11-30,MMM,Industrials,0.5815491790028354,149807.7008374039,-0.05,0.0,-0.05
improved_8_equal_weight_top20,Improved 8: improved 4 design with equal-weight 1/N sizing at top 20. Each position targets 5 pct of current portfolio equity. Top-N expansion from 10 to 20 and switch from fixed-dollar to percent-of-equity sizing are mechanically coupled and treated as a single improvement. Stop-loss / take-profit inherited from improved 4.,2025-11-30,SYY,Consumer Staples,0.5718902312345324,149807.7008374039,-0.0293730242368019,0.0,-0.0293730242368019
improved_8_equal_weight_top20,Improved 8: improved 4 design with equal-weight 1/N sizing at top 20. Each position targets 5 pct of current portfolio equity. Top-N expansion from 10 to 20 and switch from fixed-dollar to percent-of-equity sizing are mechanically coupled and treated as a single improvement. Stop-loss / take-profit inherited from improved 4.,2025-11-30,DGX,Health Care,0.5610148345702833,149807.7008374039,-0.05,0.0,-0.05
improved_8_equal_weight_top20,Improved 8: improved 4 design with equal-weight 1/N sizing at top 20. Each position targets 5 pct of current portfolio equity. Top-N expansion from 10 to 20 and switch from fixed-dollar to percent-of-equity sizing are mechanically coupled and treated as a single improvement. Stop-loss / take-profit inherited from improved 4.,2025-12-31,APP,Information Technology,2.220678078380846,148338.8776866184,-0.05,0.0,-0.05
improved_8_equal_weight_top20,Improved 8: improved 4 design with equal-weight 1/N sizing at top 20. Each position targets 5 pct of current portfolio equity. Top-N expansion from 10 to 20 and switch from fixed-dollar to percent-of-equity sizing are mechanically coupled and treated as a single improvement. Stop-loss / take-profit inherited from improved 4.,2025-12-31,WDC,Information Technology,2.1012554213936943,148338.8776866184,0.3,0.0,0.3
improved_8_equal_weight_top20,Improved 8: improved 4 design with equal-weight 1/N sizing at top 20. Each position targets 5 pct of current portfolio equity. Top-N expansion from 10 to 20 and switch from fixed-dollar to percent-of-equity sizing are mechanically coupled and treated as a single improvement. Stop-loss / take-profit inherited from improved 4.,2025-12-31,HOOD,Financials,1.9099069506054074,148338.8776866184,-0.05,0.0,-0.05
improved_8_equal_weight_top20,Improved 8: improved 4 design with equal-weight 1/N sizing at top 20. Each position targets 5 pct of current portfolio equity. Top-N expansion from 10 to 20 and switch from fixed-dollar to percent-of-equity sizing are mechanically coupled and treated as a single improvement. Stop-loss / take-profit inherited from improved 4.,2025-12-31,NEM,Materials,1.7046029272141139,148338.8776866184,0.3,0.0,0.3
improved_8_equal_weight_top20,Improved 8: improved 4 design with equal-weight 1/N sizing at top 20. Each position targets 5 pct of current portfolio equity. Top-N expansion from 10 to 20 and switch from fixed-dollar to percent-of-equity sizing are mechanically coupled and treated as a single improvement. Stop-loss / take-profit inherited from improved 4.,2025-12-31,KLAC,Information Technology,1.5931543508743577,148338.8776866184,0.3,0.0,0.3
improved_8_equal_weight_top20,Improved 8: improved 4 design with equal-weight 1/N sizing at top 20. Each position targets 5 pct of current portfolio equity. Top-N expansion from 10 to 20 and switch from fixed-dollar to percent-of-equity sizing are mechanically coupled and treated as a single improvement. Stop-loss / take-profit inherited from improved 4.,2025-12-31,LRCX,Information Technology,1.4576995173973897,148338.8776866184,0.3,0.0,0.3
improved_8_equal_weight_top20,Improved 8: improved 4 design with equal-weight 1/N sizing at top 20. Each position targets 5 pct of current portfolio equity. Top-N expansion from 10 to 20 and switch from fixed-dollar to percent-of-equity sizing are mechanically coupled and treated as a single improvement. Stop-loss / take-profit inherited from improved 4.,2025-12-31,LITE,Information Technology,1.428903724248003,148338.8776866184,-0.05,0.0,-0.05
improved_8_equal_weight_top20,Improved 8: improved 4 design with equal-weight 1/N sizing at top 20. Each position targets 5 pct of current portfolio equity. Top-N expansion from 10 to 20 and switch from fixed-dollar to percent-of-equity sizing are mechanically coupled and treated as a single improvement. Stop-loss / take-profit inherited from improved 4.,2025-12-31,MU,Information Technology,1.415889831683074,148338.8776866184,0.3,0.0,0.3
improved_8_equal_weight_top20,Improved 8: improved 4 design with equal-weight 1/N sizing at top 20. Each position targets 5 pct of current portfolio equity. Top-N expansion from 10 to 20 and switch from fixed-dollar to percent-of-equity sizing are mechanically coupled and treated as a single improvement. Stop-loss / take-profit inherited from improved 4.,2025-12-31,FIX,Industrials,1.1237290101298711,148338.8776866184,0.217071611253202,0.0,0.217071611253202
improved_8_equal_weight_top20,Improved 8: improved 4 design with equal-weight 1/N sizing at top 20. Each position targets 5 pct of current portfolio equity. Top-N expansion from 10 to 20 and switch from fixed-dollar to percent-of-equity sizing are mechanically coupled and treated as a single improvement. Stop-loss / take-profit inherited from improved 4.,2025-12-31,CVNA,Consumer Discretionary,1.0134075618207221,148338.8776866184,-0.05,0.0,-0.05
improved_8_equal_weight_top20,Improved 8: improved 4 design with equal-weight 1/N sizing at top 20. Each position targets 5 pct of current portfolio equity. Top-N expansion from 10 to 20 and switch from fixed-dollar to percent-of-equity sizing are mechanically coupled and treated as a single improvement. Stop-loss / take-profit inherited from improved 4.,2025-12-31,DG,Consumer Staples,0.9444261935130354,148338.8776866184,0.0845717672850436,0.0,0.0845717672850436
improved_8_equal_weight_top20,Improved 8: improved 4 design with equal-weight 1/N sizing at top 20. Each position targets 5 pct of current portfolio equity. Top-N expansion from 10 to 20 and switch from fixed-dollar to percent-of-equity sizing are mechanically coupled and treated as a single improvement. Stop-loss / take-profit inherited from improved 4.,2025-12-31,GDDY,Information Technology,0.940901048651325,148338.8776866184,-0.05,0.0,-0.05
improved_8_equal_weight_top20,Improved 8: improved 4 design with equal-weight 1/N sizing at top 20. Each position targets 5 pct of current portfolio equity. Top-N expansion from 10 to 20 and switch from fixed-dollar to percent-of-equity sizing are mechanically coupled and treated as a single improvement. Stop-loss / take-profit inherited from improved 4.,2025-12-31,UHS,Health Care,0.8954557325872181,148338.8776866184,-0.05,0.0,-0.05
improved_8_equal_weight_top20,Improved 8: improved 4 design with equal-weight 1/N sizing at top 20. Each position targets 5 pct of current portfolio equity. Top-N expansion from 10 to 20 and switch from fixed-dollar to percent-of-equity sizing are mechanically coupled and treated as a single improvement. Stop-loss / take-profit inherited from improved 4.,2025-12-31,CL,Consumer Staples,0.8917084037406195,148338.8776866184,0.1509454264135656,0.0,0.1509454264135656
improved_8_equal_weight_top20,Improved 8: improved 4 design with equal-weight 1/N sizing at top 20. Each position targets 5 pct of current portfolio equity. Top-N expansion from 10 to 20 and switch from fixed-dollar to percent-of-equity sizing are mechanically coupled and treated as a single improvement. Stop-loss / take-profit inherited from improved 4.,2025-12-31,WSM,Consumer Discretionary,0.8832302780613053,148338.8776866184,0.1237606411208966,0.0,0.1237606411208966
improved_8_equal_weight_top20,Improved 8: improved 4 design with equal-weight 1/N sizing at top 20. Each position targets 5 pct of current portfolio equity. Top-N expansion from 10 to 20 and switch from fixed-dollar to percent-of-equity sizing are mechanically coupled and treated as a single improvement. Stop-loss / take-profit inherited from improved 4.,2025-12-31,HII,Industrials,0.8579379906791669,148338.8776866184,0.236539535977813,0.0,0.236539535977813
improved_8_equal_weight_top20,Improved 8: improved 4 design with equal-weight 1/N sizing at top 20. Each position targets 5 pct of current portfolio equity. Top-N expansion from 10 to 20 and switch from fixed-dollar to percent-of-equity sizing are mechanically coupled and treated as a single improvement. Stop-loss / take-profit inherited from improved 4.,2025-12-31,JBL,Information Technology,0.807647657959495,148338.8776866184,-0.05,0.0,-0.05
improved_8_equal_weight_top20,Improved 8: improved 4 design with equal-weight 1/N sizing at top 20. Each position targets 5 pct of current portfolio equity. Top-N expansion from 10 to 20 and switch from fixed-dollar to percent-of-equity sizing are mechanically coupled and treated as a single improvement. Stop-loss / take-profit inherited from improved 4.,2025-12-31,MA,Financials,0.7877145612649886,148338.8776866184,-0.05,0.0,-0.05
improved_8_equal_weight_top20,Improved 8: improved 4 design with equal-weight 1/N sizing at top 20. Each position targets 5 pct of current portfolio equity. Top-N expansion from 10 to 20 and switch from fixed-dollar to percent-of-equity sizing are mechanically coupled and treated as a single improvement. Stop-loss / take-profit inherited from improved 4.,2025-12-31,HWM,Industrials,0.7438030900517718,148338.8776866184,0.0126040196603329,0.0,0.0126040196603329
improved_8_equal_weight_top20,Improved 8: improved 4 design with equal-weight 1/N sizing at top 20. Each position targets 5 pct of current portfolio equity. Top-N expansion from 10 to 20 and switch from fixed-dollar to percent-of-equity sizing are mechanically coupled and treated as a single improvement. Stop-loss / take-profit inherited from improved 4.,2025-12-31,FSLR,Information Technology,0.7426169759679386,148338.8776866184,-0.05,0.0,-0.05
improved_8_equal_weight_top20,Improved 8: improved 4 design with equal-weight 1/N sizing at top 20. Each position targets 5 pct of current portfolio equity. Top-N expansion from 10 to 20 and switch from fixed-dollar to percent-of-equity sizing are mechanically coupled and treated as a single improvement. Stop-loss / take-profit inherited from improved 4.,2026-01-31,NEM,Materials,2.0953103588049333,162249.30403576314,0.1705384476854416,0.0,0.1705384476854416
improved_8_equal_weight_top20,Improved 8: improved 4 design with equal-weight 1/N sizing at top 20. Each position targets 5 pct of current portfolio equity. Top-N expansion from 10 to 20 and switch from fixed-dollar to percent-of-equity sizing are mechanically coupled and treated as a single improvement. Stop-loss / take-profit inherited from improved 4.,2026-01-31,APP,Information Technology,2.0253541770889476,162249.30403576314,-0.05,0.0,-0.05
improved_8_equal_weight_top20,Improved 8: improved 4 design with equal-weight 1/N sizing at top 20. Each position targets 5 pct of current portfolio equity. Top-N expansion from 10 to 20 and switch from fixed-dollar to percent-of-equity sizing are mechanically coupled and treated as a single improvement. Stop-loss / take-profit inherited from improved 4.,2026-01-31,WDC,Information Technology,1.8020955119413788,162249.30403576314,0.1474636417714205,0.0,0.1474636417714205
improved_8_equal_weight_top20,Improved 8: improved 4 design with equal-weight 1/N sizing at top 20. Each position targets 5 pct of current portfolio equity. Top-N expansion from 10 to 20 and switch from fixed-dollar to percent-of-equity sizing are mechanically coupled and treated as a single improvement. Stop-loss / take-profit inherited from improved 4.,2026-01-31,KLAC,Information Technology,1.7626858036183852,162249.30403576314,-0.05,0.0,-0.05
improved_8_equal_weight_top20,Improved 8: improved 4 design with equal-weight 1/N sizing at top 20. Each position targets 5 pct of current portfolio equity. Top-N expansion from 10 to 20 and switch from fixed-dollar to percent-of-equity sizing are mechanically coupled and treated as a single improvement. Stop-loss / take-profit inherited from improved 4.,2026-01-31,LRCX,Information Technology,1.336224833310789,162249.30403576314,-0.05,0.0,-0.05
improved_8_equal_weight_top20,Improved 8: improved 4 design with equal-weight 1/N sizing at top 20. Each position targets 5 pct of current portfolio equity. Top-N expansion from 10 to 20 and switch from fixed-dollar to percent-of-equity sizing are mechanically coupled and treated as a single improvement. Stop-loss / take-profit inherited from improved 4.,2026-01-31,LVS,Consumer Discretionary,1.2251517983289033,162249.30403576314,0.064555387766948,0.0,0.064555387766948
improved_8_equal_weight_top20,Improved 8: improved 4 design with equal-weight 1/N sizing at top 20. Each position targets 5 pct of current portfolio equity. Top-N expansion from 10 to 20 and switch from fixed-dollar to percent-of-equity sizing are mechanically coupled and treated as a single improvement. Stop-loss / take-profit inherited from improved 4.,2026-01-31,MU,Information Technology,1.158788353096047,162249.30403576314,-0.05,0.0,-0.05
improved_8_equal_weight_top20,Improved 8: improved 4 design with equal-weight 1/N sizing at top 20. Each position targets 5 pct of current portfolio equity. Top-N expansion from 10 to 20 and switch from fixed-dollar to percent-of-equity sizing are mechanically coupled and treated as a single improvement. Stop-loss / take-profit inherited from improved 4.,2026-01-31,APH,Information Technology,1.1522265975229078,162249.30403576314,-0.05,0.0,-0.05
improved_8_equal_weight_top20,Improved 8: improved 4 design with equal-weight 1/N sizing at top 20. Each position targets 5 pct of current portfolio equity. Top-N expansion from 10 to 20 and switch from fixed-dollar to percent-of-equity sizing are mechanically coupled and treated as a single improvement. Stop-loss / take-profit inherited from improved 4.,2026-01-31,FIX,Industrials,1.102232834436903,162249.30403576314,-0.05,0.0,-0.05
improved_8_equal_weight_top20,Improved 8: improved 4 design with equal-weight 1/N sizing at top 20. Each position targets 5 pct of current portfolio equity. Top-N expansion from 10 to 20 and switch from fixed-dollar to percent-of-equity sizing are mechanically coupled and treated as a single improvement. Stop-loss / take-profit inherited from improved 4.,2026-01-31,CVNA,Consumer Discretionary,1.091270947165554,162249.30403576314,-0.05,0.0,-0.05
improved_8_equal_weight_top20,Improved 8: improved 4 design with equal-weight 1/N sizing at top 20. Each position targets 5 pct of current portfolio equity. Top-N expansion from 10 to 20 and switch from fixed-dollar to percent-of-equity sizing are mechanically coupled and treated as a single improvement. Stop-loss / take-profit inherited from improved 4.,2026-01-31,URI,Industrials,1.0338805319699507,162249.30403576314,0.0734196072860213,0.0,0.0734196072860213
improved_8_equal_weight_top20,Improved 8: improved 4 design with equal-weight 1/N sizing at top 20. Each position targets 5 pct of current portfolio equity. Top-N expansion from 10 to 20 and switch from fixed-dollar to percent-of-equity sizing are mechanically coupled and treated as a single improvement. Stop-loss / take-profit inherited from improved 4.,2026-01-31,GDDY,Information Technology,0.8588755432300191,162249.30403576314,-0.05,0.0,-0.05
improved_8_equal_weight_top20,Improved 8: improved 4 design with equal-weight 1/N sizing at top 20. Each position targets 5 pct of current portfolio equity. Top-N expansion from 10 to 20 and switch from fixed-dollar to percent-of-equity sizing are mechanically coupled and treated as a single improvement. Stop-loss / take-profit inherited from improved 4.,2026-01-31,EXPE,Consumer Discretionary,0.8347031215491303,162249.30403576314,-0.05,0.0,-0.05
improved_8_equal_weight_top20,Improved 8: improved 4 design with equal-weight 1/N sizing at top 20. Each position targets 5 pct of current portfolio equity. Top-N expansion from 10 to 20 and switch from fixed-dollar to percent-of-equity sizing are mechanically coupled and treated as a single improvement. Stop-loss / take-profit inherited from improved 4.,2026-01-31,DG,Consumer Staples,0.805815896500983,162249.30403576314,0.0872651356990996,0.0,0.0872651356990996
improved_8_equal_weight_top20,Improved 8: improved 4 design with equal-weight 1/N sizing at top 20. Each position targets 5 pct of current portfolio equity. Top-N expansion from 10 to 20 and switch from fixed-dollar to percent-of-equity sizing are mechanically coupled and treated as a single improvement. Stop-loss / take-profit inherited from improved 4.,2026-01-31,VRSK,Industrials,0.8005081815750441,162249.30403576314,-0.05,0.0,-0.05
improved_8_equal_weight_top20,Improved 8: improved 4 design with equal-weight 1/N sizing at top 20. Each position targets 5 pct of current portfolio equity. Top-N expansion from 10 to 20 and switch from fixed-dollar to percent-of-equity sizing are mechanically coupled and treated as a single improvement. Stop-loss / take-profit inherited from improved 4.,2026-01-31,HOOD,Financials,0.793550700621581,162249.30403576314,-0.05,0.0,-0.05
improved_8_equal_weight_top20,Improved 8: improved 4 design with equal-weight 1/N sizing at top 20. Each position targets 5 pct of current portfolio equity. Top-N expansion from 10 to 20 and switch from fixed-dollar to percent-of-equity sizing are mechanically coupled and treated as a single improvement. Stop-loss / take-profit inherited from improved 4.,2026-01-31,AMAT,Information Technology,0.7396694343902808,162249.30403576314,-0.05,0.0,-0.05
improved_8_equal_weight_top20,Improved 8: improved 4 design with equal-weight 1/N sizing at top 20. Each position targets 5 pct of current portfolio equity. Top-N expansion from 10 to 20 and switch from fixed-dollar to percent-of-equity sizing are mechanically coupled and treated as a single improvement. Stop-loss / take-profit inherited from improved 4.,2026-01-31,CLX,Consumer Staples,0.7134736813593349,162249.30403576314,0.1261069783918129,0.0,0.1261069783918129
improved_8_equal_weight_top20,Improved 8: improved 4 design with equal-weight 1/N sizing at top 20. Each position targets 5 pct of current portfolio equity. Top-N expansion from 10 to 20 and switch from fixed-dollar to percent-of-equity sizing are mechanically coupled and treated as a single improvement. Stop-loss / take-profit inherited from improved 4.,2026-01-31,MSFT,Information Technology,0.7044205458014652,162249.30403576314,-0.05,0.0,-0.05
improved_8_equal_weight_top20,Improved 8: improved 4 design with equal-weight 1/N sizing at top 20. Each position targets 5 pct of current portfolio equity. Top-N expansion from 10 to 20 and switch from fixed-dollar to percent-of-equity sizing are mechanically coupled and treated as a single improvement. Stop-loss / take-profit inherited from improved 4.,2026-01-31,HII,Industrials,0.6954420058613077,162249.30403576314,-0.05,0.0,-0.05
improved_8_equal_weight_top20,Improved 8: improved 4 design with equal-weight 1/N sizing at top 20. Each position targets 5 pct of current portfolio equity. Top-N expansion from 10 to 20 and switch from fixed-dollar to percent-of-equity sizing are mechanically coupled and treated as a single improvement. Stop-loss / take-profit inherited from improved 4.,2026-02-28,MU,Information Technology,1.768501026474109,162000.65047600478,-0.05,0.0,-0.05
improved_8_equal_weight_top20,Improved 8: improved 4 design with equal-weight 1/N sizing at top 20. Each position targets 5 pct of current portfolio equity. Top-N expansion from 10 to 20 and switch from fixed-dollar to percent-of-equity sizing are mechanically coupled and treated as a single improvement. Stop-loss / take-profit inherited from improved 4.,2026-02-28,WDC,Information Technology,1.7506337321942436,162000.65047600478,-0.05,0.0,-0.05
improved_8_equal_weight_top20,Improved 8: improved 4 design with equal-weight 1/N sizing at top 20. Each position targets 5 pct of current portfolio equity. Top-N expansion from 10 to 20 and switch from fixed-dollar to percent-of-equity sizing are mechanically coupled and treated as a single improvement. Stop-loss / take-profit inherited from improved 4.,2026-02-28,FIX,Industrials,1.5106938572808035,162000.65047600478,-0.05,0.0,-0.05
improved_8_equal_weight_top20,Improved 8: improved 4 design with equal-weight 1/N sizing at top 20. Each position targets 5 pct of current portfolio equity. Top-N expansion from 10 to 20 and switch from fixed-dollar to percent-of-equity sizing are mechanically coupled and treated as a single improvement. Stop-loss / take-profit inherited from improved 4.,2026-02-28,LRCX,Information Technology,1.4806077546983212,162000.65047600478,-0.05,0.0,-0.05
improved_8_equal_weight_top20,Improved 8: improved 4 design with equal-weight 1/N sizing at top 20. Each position targets 5 pct of current portfolio equity. Top-N expansion from 10 to 20 and switch from fixed-dollar to percent-of-equity sizing are mechanically coupled and treated as a single improvement. Stop-loss / take-profit inherited from improved 4.,2026-02-28,NVDA,Information Technology,1.2978335553882328,162000.65047600478,-0.05,0.0,-0.05
improved_8_equal_weight_top20,Improved 8: improved 4 design with equal-weight 1/N sizing at top 20. Each position targets 5 pct of current portfolio equity. Top-N expansion from 10 to 20 and switch from fixed-dollar to percent-of-equity sizing are mechanically coupled and treated as a single improvement. Stop-loss / take-profit inherited from improved 4.,2026-02-28,EME,Industrials,1.2467500109397454,162000.65047600478,0.0264570125682259,0.0,0.0264570125682259
improved_8_equal_weight_top20,Improved 8: improved 4 design with equal-weight 1/N sizing at top 20. Each position targets 5 pct of current portfolio equity. Top-N expansion from 10 to 20 and switch from fixed-dollar to percent-of-equity sizing are mechanically coupled and treated as a single improvement. Stop-loss / take-profit inherited from improved 4.,2026-02-28,FSLR,Information Technology,1.0743793734971354,162000.65047600478,-0.05,0.0,-0.05
improved_8_equal_weight_top20,Improved 8: improved 4 design with equal-weight 1/N sizing at top 20. Each position targets 5 pct of current portfolio equity. Top-N expansion from 10 to 20 and switch from fixed-dollar to percent-of-equity sizing are mechanically coupled and treated as a single improvement. Stop-loss / take-profit inherited from improved 4.,2026-02-28,UHS,Health Care,1.0004400195175827,162000.65047600478,-0.05,0.0,-0.05
improved_8_equal_weight_top20,Improved 8: improved 4 design with equal-weight 1/N sizing at top 20. Each position targets 5 pct of current portfolio equity. Top-N expansion from 10 to 20 and switch from fixed-dollar to percent-of-equity sizing are mechanically coupled and treated as a single improvement. Stop-loss / take-profit inherited from improved 4.,2026-02-28,AAPL,Information Technology,0.9369265340158659,162000.65047600478,-0.05,0.0,-0.05
improved_8_equal_weight_top20,Improved 8: improved 4 design with equal-weight 1/N sizing at top 20. Each position targets 5 pct of current portfolio equity. Top-N expansion from 10 to 20 and switch from fixed-dollar to percent-of-equity sizing are mechanically coupled and treated as a single improvement. Stop-loss / take-profit inherited from improved 4.,2026-02-28,AMAT,Information Technology,0.9234377723370399,162000.65047600478,-0.05,0.0,-0.05
improved_8_equal_weight_top20,Improved 8: improved 4 design with equal-weight 1/N sizing at top 20. Each position targets 5 pct of current portfolio equity. Top-N expansion from 10 to 20 and switch from fixed-dollar to percent-of-equity sizing are mechanically coupled and treated as a single improvement. Stop-loss / take-profit inherited from improved 4.,2026-02-28,CAT,Industrials,0.8753076372286486,162000.65047600478,-0.05,0.0,-0.05
improved_8_equal_weight_top20,Improved 8: improved 4 design with equal-weight 1/N sizing at top 20. Each position targets 5 pct of current portfolio equity. Top-N expansion from 10 to 20 and switch from fixed-dollar to percent-of-equity sizing are mechanically coupled and treated as a single improvement. Stop-loss / take-profit inherited from improved 4.,2026-02-28,APH,Information Technology,0.8537171971582129,162000.65047600478,-0.05,0.0,-0.05
improved_8_equal_weight_top20,Improved 8: improved 4 design with equal-weight 1/N sizing at top 20. Each position targets 5 pct of current portfolio equity. Top-N expansion from 10 to 20 and switch from fixed-dollar to percent-of-equity sizing are mechanically coupled and treated as a single improvement. Stop-loss / take-profit inherited from improved 4.,2026-02-28,GS,Financials,0.8510753661298469,162000.65047600478,-0.05,0.0,-0.05
improved_8_equal_weight_top20,Improved 8: improved 4 design with equal-weight 1/N sizing at top 20. Each position targets 5 pct of current portfolio equity. Top-N expansion from 10 to 20 and switch from fixed-dollar to percent-of-equity sizing are mechanically coupled and treated as a single improvement. Stop-loss / take-profit inherited from improved 4.,2026-02-28,TER,Information Technology,0.8415102678494151,162000.65047600478,-0.05,0.0,-0.05
improved_8_equal_weight_top20,Improved 8: improved 4 design with equal-weight 1/N sizing at top 20. Each position targets 5 pct of current portfolio equity. Top-N expansion from 10 to 20 and switch from fixed-dollar to percent-of-equity sizing are mechanically coupled and treated as a single improvement. Stop-loss / take-profit inherited from improved 4.,2026-02-28,CLX,Consumer Staples,0.789588285891553,162000.65047600478,-0.05,0.0,-0.05
improved_8_equal_weight_top20,Improved 8: improved 4 design with equal-weight 1/N sizing at top 20. Each position targets 5 pct of current portfolio equity. Top-N expansion from 10 to 20 and switch from fixed-dollar to percent-of-equity sizing are mechanically coupled and treated as a single improvement. Stop-loss / take-profit inherited from improved 4.,2026-02-28,KLAC,Information Technology,0.7762212814315186,162000.65047600478,-0.05,0.0,-0.05
improved_8_equal_weight_top20,Improved 8: improved 4 design with equal-weight 1/N sizing at top 20. Each position targets 5 pct of current portfolio equity. Top-N expansion from 10 to 20 and switch from fixed-dollar to percent-of-equity sizing are mechanically coupled and treated as a single improvement. Stop-loss / take-profit inherited from improved 4.,2026-02-28,UAL,Industrials,0.7738442024753198,162000.65047600478,-0.05,0.0,-0.05
improved_8_equal_weight_top20,Improved 8: improved 4 design with equal-weight 1/N sizing at top 20. Each position targets 5 pct of current portfolio equity. Top-N expansion from 10 to 20 and switch from fixed-dollar to percent-of-equity sizing are mechanically coupled and treated as a single improvement. Stop-loss / take-profit inherited from improved 4.,2026-02-28,NEM,Materials,0.7509075053382817,162000.65047600478,-0.05,0.0,-0.05
improved_8_equal_weight_top20,Improved 8: improved 4 design with equal-weight 1/N sizing at top 20. Each position targets 5 pct of current portfolio equity. Top-N expansion from 10 to 20 and switch from fixed-dollar to percent-of-equity sizing are mechanically coupled and treated as a single improvement. Stop-loss / take-profit inherited from improved 4.,2026-02-28,DAL,Industrials,0.7140608691085792,162000.65047600478,-0.05,0.0,-0.05
improved_8_equal_weight_top20,Improved 8: improved 4 design with equal-weight 1/N sizing at top 20. Each position targets 5 pct of current portfolio equity. Top-N expansion from 10 to 20 and switch from fixed-dollar to percent-of-equity sizing are mechanically coupled and treated as a single improvement. Stop-loss / take-profit inherited from improved 4.,2026-02-28,GLW,Information Technology,0.7027650917114853,162000.65047600478,-0.05,0.0,-0.05
improved_8_equal_weight_top20,Improved 8: improved 4 design with equal-weight 1/N sizing at top 20. Each position targets 5 pct of current portfolio equity. Top-N expansion from 10 to 20 and switch from fixed-dollar to percent-of-equity sizing are mechanically coupled and treated as a single improvement. Stop-loss / take-profit inherited from improved 4.,2026-03-31,MU,Information Technology,2.249592350259004,154519.92224067976,0.3,0.0,0.3
improved_8_equal_weight_top20,Improved 8: improved 4 design with equal-weight 1/N sizing at top 20. Each position targets 5 pct of current portfolio equity. Top-N expansion from 10 to 20 and switch from fixed-dollar to percent-of-equity sizing are mechanically coupled and treated as a single improvement. Stop-loss / take-profit inherited from improved 4.,2026-03-31,WDC,Information Technology,2.0539687413042214,154519.92224067976,0.3,0.0,0.3
improved_8_equal_weight_top20,Improved 8: improved 4 design with equal-weight 1/N sizing at top 20. Each position targets 5 pct of current portfolio equity. Top-N expansion from 10 to 20 and switch from fixed-dollar to percent-of-equity sizing are mechanically coupled and treated as a single improvement. Stop-loss / take-profit inherited from improved 4.,2026-03-31,FIX,Industrials,1.4446863966034682,154519.92224067976,0.3,0.0,0.3
improved_8_equal_weight_top20,Improved 8: improved 4 design with equal-weight 1/N sizing at top 20. Each position targets 5 pct of current portfolio equity. Top-N expansion from 10 to 20 and switch from fixed-dollar to percent-of-equity sizing are mechanically coupled and treated as a single improvement. Stop-loss / take-profit inherited from improved 4.,2026-03-31,VRT,Industrials,1.2109471730922063,154519.92224067976,0.2781712062256809,0.0,0.2781712062256809
improved_8_equal_weight_top20,Improved 8: improved 4 design with equal-weight 1/N sizing at top 20. Each position targets 5 pct of current portfolio equity. Top-N expansion from 10 to 20 and switch from fixed-dollar to percent-of-equity sizing are mechanically coupled and treated as a single improvement. Stop-loss / take-profit inherited from improved 4.,2026-03-31,SYY,Consumer Staples,1.2085971526112531,154519.92224067976,0.0501805146728915,0.0,0.0501805146728915
improved_8_equal_weight_top20,Improved 8: improved 4 design with equal-weight 1/N sizing at top 20. Each position targets 5 pct of current portfolio equity. Top-N expansion from 10 to 20 and switch from fixed-dollar to percent-of-equity sizing are mechanically coupled and treated as a single improvement. Stop-loss / take-profit inherited from improved 4.,2026-03-31,LITE,Information Technology,1.1601523998506449,154519.92224067976,0.3,0.0,0.3
improved_8_equal_weight_top20,Improved 8: improved 4 design with equal-weight 1/N sizing at top 20. Each position targets 5 pct of current portfolio equity. Top-N expansion from 10 to 20 and switch from fixed-dollar to percent-of-equity sizing are mechanically coupled and treated as a single improvement. Stop-loss / take-profit inherited from improved 4.,2026-03-31,TER,Information Technology,1.1361300998793022,154519.92224067976,0.3,0.0,0.3
improved_8_equal_weight_top20,Improved 8: improved 4 design with equal-weight 1/N sizing at top 20. Each position targets 5 pct of current portfolio equity. Top-N expansion from 10 to 20 and switch from fixed-dollar to percent-of-equity sizing are mechanically coupled and treated as a single improvement. Stop-loss / take-profit inherited from improved 4.,2026-03-31,LRCX,Information Technology,1.0972875232548973,154519.92224067976,0.1968438152703644,0.0,0.1968438152703644
improved_8_equal_weight_top20,Improved 8: improved 4 design with equal-weight 1/N sizing at top 20. Each position targets 5 pct of current portfolio equity. Top-N expansion from 10 to 20 and switch from fixed-dollar to percent-of-equity sizing are mechanically coupled and treated as a single improvement. Stop-loss / take-profit inherited from improved 4.,2026-03-31,COHR,Information Technology,1.0190027077456767,154519.92224067976,-0.05,0.0,-0.05
improved_8_equal_weight_top20,Improved 8: improved 4 design with equal-weight 1/N sizing at top 20. Each position targets 5 pct of current portfolio equity. Top-N expansion from 10 to 20 and switch from fixed-dollar to percent-of-equity sizing are mechanically coupled and treated as a single improvement. Stop-loss / take-profit inherited from improved 4.,2026-03-31,CF,Materials,1.0176981117281625,154519.92224067976,-0.05,0.0,-0.05
improved_8_equal_weight_top20,Improved 8: improved 4 design with equal-weight 1/N sizing at top 20. Each position targets 5 pct of current portfolio equity. Top-N expansion from 10 to 20 and switch from fixed-dollar to percent-of-equity sizing are mechanically coupled and treated as a single improvement. Stop-loss / take-profit inherited from improved 4.,2026-03-31,APP,Information Technology,1.0167356124221576,154519.92224067976,-0.05,0.0,-0.05
improved_8_equal_weight_top20,Improved 8: improved 4 design with equal-weight 1/N sizing at top 20. Each position targets 5 pct of current portfolio equity. Top-N expansion from 10 to 20 and switch from fixed-dollar to percent-of-equity sizing are mechanically coupled and treated as a single improvement. Stop-loss / take-profit inherited from improved 4.,2026-03-31,CEG,Utilities,1.0149524154454612,154519.92224067976,-0.05,0.0,-0.05
improved_8_equal_weight_top20,Improved 8: improved 4 design with equal-weight 1/N sizing at top 20. Each position targets 5 pct of current portfolio equity. Top-N expansion from 10 to 20 and switch from fixed-dollar to percent-of-equity sizing are mechanically coupled and treated as a single improvement. Stop-loss / take-profit inherited from improved 4.,2026-03-31,EQT,Energy,0.984802455043,154519.92224067976,-0.05,0.0,-0.05
improved_8_equal_weight_top20,Improved 8: improved 4 design with equal-weight 1/N sizing at top 20. Each position targets 5 pct of current portfolio equity. Top-N expansion from 10 to 20 and switch from fixed-dollar to percent-of-equity sizing are mechanically coupled and treated as a single improvement. Stop-loss / take-profit inherited from improved 4.,2026-03-31,KMB,Consumer Staples,0.9733711130946442,154519.92224067976,0.0233936369307548,0.0,0.0233936369307548
improved_8_equal_weight_top20,Improved 8: improved 4 design with equal-weight 1/N sizing at top 20. Each position targets 5 pct of current portfolio equity. Top-N expansion from 10 to 20 and switch from fixed-dollar to percent-of-equity sizing are mechanically coupled and treated as a single improvement. Stop-loss / take-profit inherited from improved 4.,2026-03-31,APA,Energy,0.9602930341120506,154519.92224067976,-0.05,0.0,-0.05
improved_8_equal_weight_top20,Improved 8: improved 4 design with equal-weight 1/N sizing at top 20. Each position targets 5 pct of current portfolio equity. Top-N expansion from 10 to 20 and switch from fixed-dollar to percent-of-equity sizing are mechanically coupled and treated as a single improvement. Stop-loss / take-profit inherited from improved 4.,2026-03-31,NTAP,Information Technology,0.8521058442867915,154519.92224067976,-0.05,0.0,-0.05
improved_8_equal_weight_top20,Improved 8: improved 4 design with equal-weight 1/N sizing at top 20. Each position targets 5 pct of current portfolio equity. Top-N expansion from 10 to 20 and switch from fixed-dollar to percent-of-equity sizing are mechanically coupled and treated as a single improvement. Stop-loss / take-profit inherited from improved 4.,2026-03-31,LMT,Industrials,0.849549020995273,154519.92224067976,-0.05,0.0,-0.05
improved_8_equal_weight_top20,Improved 8: improved 4 design with equal-weight 1/N sizing at top 20. Each position targets 5 pct of current portfolio equity. Top-N expansion from 10 to 20 and switch from fixed-dollar to percent-of-equity sizing are mechanically coupled and treated as a single improvement. Stop-loss / take-profit inherited from improved 4.,2026-03-31,MKC,Consumer Staples,0.8183853583633128,154519.92224067976,-0.05,0.0,-0.05
improved_8_equal_weight_top20,Improved 8: improved 4 design with equal-weight 1/N sizing at top 20. Each position targets 5 pct of current portfolio equity. Top-N expansion from 10 to 20 and switch from fixed-dollar to percent-of-equity sizing are mechanically coupled and treated as a single improvement. Stop-loss / take-profit inherited from improved 4.,2026-03-31,CL,Consumer Staples,0.8065643368527656,154519.92224067976,0.0131101709770053,0.0,0.0131101709770053
improved_8_equal_weight_top20,Improved 8: improved 4 design with equal-weight 1/N sizing at top 20. Each position targets 5 pct of current portfolio equity. Top-N expansion from 10 to 20 and switch from fixed-dollar to percent-of-equity sizing are mechanically coupled and treated as a single improvement. Stop-loss / take-profit inherited from improved 4.,2026-03-31,GLW,Information Technology,0.7918770745065961,154519.92224067976,0.1901449275367219,0.0,0.1901449275367219
improved_8_equal_weight_top20,Improved 8: improved 4 design with equal-weight 1/N sizing at top 20. Each position targets 5 pct of current portfolio equity. Top-N expansion from 10 to 20 and switch from fixed-dollar to percent-of-equity sizing are mechanically coupled and treated as a single improvement. Stop-loss / take-profit inherited from improved 4.,2026-04-30,MU,Information Technology,1.737748648754226,168440.96407765575,0.3,0.0,0.3
improved_8_equal_weight_top20,Improved 8: improved 4 design with equal-weight 1/N sizing at top 20. Each position targets 5 pct of current portfolio equity. Top-N expansion from 10 to 20 and switch from fixed-dollar to percent-of-equity sizing are mechanically coupled and treated as a single improvement. Stop-loss / take-profit inherited from improved 4.,2026-04-30,TER,Information Technology,1.6556981745899835,168440.96407765575,-0.05,0.0,-0.05
improved_8_equal_weight_top20,Improved 8: improved 4 design with equal-weight 1/N sizing at top 20. Each position targets 5 pct of current portfolio equity. Top-N expansion from 10 to 20 and switch from fixed-dollar to percent-of-equity sizing are mechanically coupled and treated as a single improvement. Stop-loss / take-profit inherited from improved 4.,2026-04-30,STX,Information Technology,1.4412687986491757,168440.96407765575,0.3,0.0,0.3
improved_8_equal_weight_top20,Improved 8: improved 4 design with equal-weight 1/N sizing at top 20. Each position targets 5 pct of current portfolio equity. Top-N expansion from 10 to 20 and switch from fixed-dollar to percent-of-equity sizing are mechanically coupled and treated as a single improvement. Stop-loss / take-profit inherited from improved 4.,2026-04-30,WDC,Information Technology,1.3272510804176356,168440.96407765575,0.3,0.0,0.3
improved_8_equal_weight_top20,Improved 8: improved 4 design with equal-weight 1/N sizing at top 20. Each position targets 5 pct of current portfolio equity. Top-N expansion from 10 to 20 and switch from fixed-dollar to percent-of-equity sizing are mechanically coupled and treated as a single improvement. Stop-loss / take-profit inherited from improved 4.,2026-04-30,KLAC,Information Technology,1.1773775516074383,168440.96407765575,0.1103441438337764,0.0,0.1103441438337764
improved_8_equal_weight_top20,Improved 8: improved 4 design with equal-weight 1/N sizing at top 20. Each position targets 5 pct of current portfolio equity. Top-N expansion from 10 to 20 and switch from fixed-dollar to percent-of-equity sizing are mechanically coupled and treated as a single improvement. Stop-loss / take-profit inherited from improved 4.,2026-04-30,NVDA,Information Technology,1.1165998506303407,168440.96407765575,0.0489864864864864,0.0,0.0489864864864864
improved_8_equal_weight_top20,Improved 8: improved 4 design with equal-weight 1/N sizing at top 20. Each position targets 5 pct of current portfolio equity. Top-N expansion from 10 to 20 and switch from fixed-dollar to percent-of-equity sizing are mechanically coupled and treated as a single improvement. Stop-loss / take-profit inherited from improved 4.,2026-04-30,APP,Information Technology,1.0426352279019926,168440.96407765575,0.3,0.0,0.3
improved_8_equal_weight_top20,Improved 8: improved 4 design with equal-weight 1/N sizing at top 20. Each position targets 5 pct of current portfolio equity. Top-N expansion from 10 to 20 and switch from fixed-dollar to percent-of-equity sizing are mechanically coupled and treated as a single improvement. Stop-loss / take-profit inherited from improved 4.,2026-04-30,MA,Financials,0.9145746545181479,168440.96407765575,-0.0237549407114624,0.0,-0.0237549407114624
improved_8_equal_weight_top20,Improved 8: improved 4 design with equal-weight 1/N sizing at top 20. Each position targets 5 pct of current portfolio equity. Top-N expansion from 10 to 20 and switch from fixed-dollar to percent-of-equity sizing are mechanically coupled and treated as a single improvement. Stop-loss / take-profit inherited from improved 4.,2026-04-30,META,Communication Services,0.9108927034451793,168440.96407765575,0.0289902227138882,0.0,0.0289902227138882
improved_8_equal_weight_top20,Improved 8: improved 4 design with equal-weight 1/N sizing at top 20. Each position targets 5 pct of current portfolio equity. Top-N expansion from 10 to 20 and switch from fixed-dollar to percent-of-equity sizing are mechanically coupled and treated as a single improvement. Stop-loss / take-profit inherited from improved 4.,2026-04-30,HOOD,Financials,0.9048307653588716,168440.96407765575,0.2782107760081327,0.0,0.2782107760081327
improved_8_equal_weight_top20,Improved 8: improved 4 design with equal-weight 1/N sizing at top 20. Each position targets 5 pct of current portfolio equity. Top-N expansion from 10 to 20 and switch from fixed-dollar to percent-of-equity sizing are mechanically coupled and treated as a single improvement. Stop-loss / take-profit inherited from improved 4.,2026-04-30,LRCX,Information Technology,0.8527548971243881,168440.96407765575,0.3,0.0,0.3
improved_8_equal_weight_top20,Improved 8: improved 4 design with equal-weight 1/N sizing at top 20. Each position targets 5 pct of current portfolio equity. Top-N expansion from 10 to 20 and switch from fixed-dollar to percent-of-equity sizing are mechanically coupled and treated as a single improvement. Stop-loss / take-profit inherited from improved 4.,2026-04-30,HUBB,Industrials,0.8327999256312589,168440.96407765575,-0.05,0.0,-0.05
improved_8_equal_weight_top20,Improved 8: improved 4 design with equal-weight 1/N sizing at top 20. Each position targets 5 pct of current portfolio equity. Top-N expansion from 10 to 20 and switch from fixed-dollar to percent-of-equity sizing are mechanically coupled and treated as a single improvement. Stop-loss / take-profit inherited from improved 4.,2026-04-30,CLX,Consumer Staples,0.8233228425040847,168440.96407765575,-0.05,0.0,-0.05
improved_8_equal_weight_top20,Improved 8: improved 4 design with equal-weight 1/N sizing at top 20. Each position targets 5 pct of current portfolio equity. Top-N expansion from 10 to 20 and switch from fixed-dollar to percent-of-equity sizing are mechanically coupled and treated as a single improvement. Stop-loss / take-profit inherited from improved 4.,2026-04-30,WTW,Financials,0.8215433410081253,168440.96407765575,-0.05,0.0,-0.05
improved_8_equal_weight_top20,Improved 8: improved 4 design with equal-weight 1/N sizing at top 20. Each position targets 5 pct of current portfolio equity. Top-N expansion from 10 to 20 and switch from fixed-dollar to percent-of-equity sizing are mechanically coupled and treated as a single improvement. Stop-loss / take-profit inherited from improved 4.,2026-04-30,ITW,Industrials,0.7282858137935222,168440.96407765575,-0.05,0.0,-0.05
improved_8_equal_weight_top20,Improved 8: improved 4 design with equal-weight 1/N sizing at top 20. Each position targets 5 pct of current portfolio equity. Top-N expansion from 10 to 20 and switch from fixed-dollar to percent-of-equity sizing are mechanically coupled and treated as a single improvement. Stop-loss / take-profit inherited from improved 4.,2026-04-30,CL,Consumer Staples,0.7161626639735095,168440.96407765575,0.0222297833730293,0.0,0.0222297833730293
improved_8_equal_weight_top20,Improved 8: improved 4 design with equal-weight 1/N sizing at top 20. Each position targets 5 pct of current portfolio equity. Top-N expansion from 10 to 20 and switch from fixed-dollar to percent-of-equity sizing are mechanically coupled and treated as a single improvement. Stop-loss / take-profit inherited from improved 4.,2026-04-30,PH,Industrials,0.6761186499778469,168440.96407765575,-0.05,0.0,-0.05
improved_8_equal_weight_top20,Improved 8: improved 4 design with equal-weight 1/N sizing at top 20. Each position targets 5 pct of current portfolio equity. Top-N expansion from 10 to 20 and switch from fixed-dollar to percent-of-equity sizing are mechanically coupled and treated as a single improvement. Stop-loss / take-profit inherited from improved 4.,2026-04-30,PNR,Industrials,0.6703493047208479,168440.96407765575,-0.05,0.0,-0.05
improved_8_equal_weight_top20,Improved 8: improved 4 design with equal-weight 1/N sizing at top 20. Each position targets 5 pct of current portfolio equity. Top-N expansion from 10 to 20 and switch from fixed-dollar to percent-of-equity sizing are mechanically coupled and treated as a single improvement. Stop-loss / take-profit inherited from improved 4.,2026-04-30,FIX,Industrials,0.6622707587220363,168440.96407765575,-0.05,0.0,-0.05
improved_8_equal_weight_top20,Improved 8: improved 4 design with equal-weight 1/N sizing at top 20. Each position targets 5 pct of current portfolio equity. Top-N expansion from 10 to 20 and switch from fixed-dollar to percent-of-equity sizing are mechanically coupled and treated as a single improvement. Stop-loss / take-profit inherited from improved 4.,2026-04-30,SPG,Real Estate,0.6564177087900411,168440.96407765575,0.0053478559513295,0.0,0.0053478559513295
