date,value,cash,return
2006-06-01,1000000.0,1000000.0,0.0
2006-06-02,1000000.0,1000000.0,0.0
2006-06-05,1000000.0,1000000.0,0.0
2006-06-06,1000000.0,1000000.0,0.0
2006-06-07,1000000.0,1000000.0,0.0
2006-06-08,1000000.0,1000000.0,0.0
2006-06-09,1000000.0,1000000.0,0.0
2006-06-12,1000000.0,1000000.0,0.0
2006-06-13,1000000.0,1000000.0,0.0
2006-06-14,1000000.0,1000000.0,0.0
2006-06-15,1000000.0,1000000.0,0.0
2006-06-16,1000000.0,1000000.0,0.0
2006-06-19,1000000.0,1000000.0,0.0
2006-06-20,1000000.0,1000000.0,0.0
2006-06-21,1000000.0,1000000.0,0.0
2006-06-22,1000000.0,1000000.0,0.0
2006-06-23,1000000.0,1000000.0,0.0
2006-06-26,1000000.0,1000000.0,0.0
2006-06-27,1000000.0,1000000.0,0.0
2006-06-28,1000000.0,1000000.0,0.0
2006-06-29,1000000.0,1000000.0,0.0
2006-06-30,1000000.0,1000000.0,0.0
2006-07-03,1000000.0,1000000.0,0.0
2006-07-05,1000000.0,1000000.0,0.0
2006-07-06,1000000.0,1000000.0,0.0
2006-07-07,1000000.0,1000000.0,0.0
2006-07-10,1000000.0,1000000.0,0.0
2006-07-11,1000000.0,1000000.0,0.0
2006-07-12,1000000.0,1000000.0,0.0
2006-07-13,1000000.0,1000000.0,0.0
2006-07-14,1000000.0,1000000.0,0.0
2006-07-17,1000000.0,1000000.0,0.0
2006-07-18,1000000.0,1000000.0,0.0
2006-07-19,1000000.0,1000000.0,0.0
2006-07-20,1000000.0,1000000.0,0.0
2006-07-21,1000000.0,1000000.0,0.0
2006-07-24,1000000.0,1000000.0,0.0
2006-07-25,1000000.0,1000000.0,0.0
2006-07-26,1000000.0,1000000.0,0.0
2006-07-27,1000000.0,1000000.0,0.0
2006-07-28,1000000.0,1000000.0,0.0
2006-07-31,1000000.0,1000000.0,0.0
2006-08-01,1000000.0,1000000.0,0.0
2006-08-02,1000000.0,1000000.0,0.0
2006-08-03,1000000.0,1000000.0,0.0
2006-08-04,1000000.0,1000000.0,0.0
2006-08-07,1000000.0,1000000.0,0.0
2006-08-08,1000000.0,1000000.0,0.0
2006-08-09,1000000.0,1000000.0,0.0
2006-08-10,1000000.0,1000000.0,0.0
2006-08-11,1000000.0,1000000.0,0.0
2006-08-14,1000000.0,1000000.0,0.0
2006-08-15,1000000.0,1000000.0,0.0
2006-08-16,1000000.0,1000000.0,0.0
2006-08-17,1000000.0,1000000.0,0.0
2006-08-18,1000000.0,1000000.0,0.0
2006-08-21,1000000.0,1000000.0,0.0
2006-08-22,1000000.0,1000000.0,0.0
2006-08-23,1000000.0,1000000.0,0.0
2006-08-24,1000000.0,1000000.0,0.0
2006-08-25,1000000.0,1000000.0,0.0
2006-08-28,1000000.0,1000000.0,0.0
2006-08-29,1000000.0,1000000.0,0.0
2006-08-30,1000000.0,1000000.0,0.0
2006-08-31,1000000.0,1000000.0,0.0
2006-09-01,1000000.0,1000000.0,0.0
2006-09-05,1000000.0,1000000.0,0.0
2006-09-06,1000000.0,1000000.0,0.0
2006-09-07,1000000.0,1000000.0,0.0
2006-09-08,1000000.0,1000000.0,0.0
2006-09-11,1000000.0,1000000.0,0.0
2006-09-12,1000000.0,1000000.0,0.0
2006-09-13,1000000.0,1000000.0,0.0
2006-09-14,1000000.0,1000000.0,0.0
2006-09-15,1000000.0,1000000.0,0.0
2006-09-18,1000000.0,1000000.0,0.0
2006-09-19,1000000.0,1000000.0,0.0
2006-09-20,1000000.0,1000000.0,0.0
2006-09-21,1000000.0,1000000.0,0.0
2006-09-22,1000000.0,1000000.0,0.0
2006-09-25,1000000.0,1000000.0,0.0
2006-09-26,1000000.0,1000000.0,0.0
2006-09-27,1000000.0,1000000.0,0.0
2006-09-28,1000000.0,1000000.0,0.0
2006-09-29,1000000.0,1000000.0,0.0
2006-10-02,1000000.0,1000000.0,0.0
2006-10-03,1000000.0,1000000.0,0.0
2006-10-04,1000000.0,1000000.0,0.0
2006-10-05,1000000.0,1000000.0,0.0
2006-10-06,1000000.0,1000000.0,0.0
2006-10-09,1000000.0,1000000.0,0.0
2006-10-10,1000000.0,1000000.0,0.0
2006-10-11,1000000.0,1000000.0,0.0
2006-10-12,1000000.0,1000000.0,0.0
2006-10-13,1000000.0,1000000.0,0.0
2006-10-16,1000000.0,1000000.0,0.0
2006-10-17,1000000.0,1000000.0,0.0
2006-10-18,1000000.0,1000000.0,0.0
2006-10-19,1000000.0,1000000.0,0.0
2006-10-20,1000000.0,1000000.0,0.0
2006-10-23,1000000.0,1000000.0,0.0
2006-10-24,1000000.0,1000000.0,0.0
2006-10-25,1000000.0,1000000.0,0.0
2006-10-26,1000000.0,1000000.0,0.0
2006-10-27,1000000.0,1000000.0,0.0
2006-10-30,1000000.0,1000000.0,0.0
2006-10-31,1000000.0,1000000.0,0.0
2006-11-01,1000000.0,1000000.0,0.0
2006-11-02,1000000.0,1000000.0,0.0
2006-11-03,1000000.0,1000000.0,0.0
2006-11-06,1000000.0,1000000.0,0.0
2006-11-07,1000000.0,1000000.0,0.0
2006-11-08,1000000.0,1000000.0,0.0
2006-11-09,1000000.0,1000000.0,0.0
2006-11-10,1000000.0,1000000.0,0.0
2006-11-13,1000000.0,1000000.0,0.0
2006-11-14,1000000.0,1000000.0,0.0
2006-11-15,1000000.0,1000000.0,0.0
2006-11-16,1000000.0,1000000.0,0.0
2006-11-17,1000000.0,1000000.0,0.0
2006-11-20,1000000.0,1000000.0,0.0
2006-11-21,1000000.0,1000000.0,0.0
2006-11-22,1000000.0,1000000.0,0.0
2006-11-24,1000000.0,1000000.0,0.0
2006-11-27,1000000.0,1000000.0,0.0
2006-11-28,1000000.0,1000000.0,0.0
2006-11-29,1000000.0,1000000.0,0.0
2006-11-30,1000000.0,1000000.0,0.0
2006-12-01,1000000.0,1000000.0,0.0
2006-12-04,1000000.0,1000000.0,0.0
2006-12-05,1000000.0,1000000.0,0.0
2006-12-06,1000000.0,1000000.0,0.0
2006-12-07,1000000.0,1000000.0,0.0
2006-12-08,1000000.0,1000000.0,0.0
2006-12-11,1000000.0,1000000.0,0.0
2006-12-12,1000000.0,1000000.0,0.0
2006-12-13,1000000.0,1000000.0,0.0
2006-12-14,1000000.0,1000000.0,0.0
2006-12-15,1000000.0,1000000.0,0.0
2006-12-18,1000000.0,1000000.0,0.0
2006-12-19,1000000.0,1000000.0,0.0
2006-12-20,1000000.0,1000000.0,0.0
2006-12-21,1000000.0,1000000.0,0.0
2006-12-22,1000000.0,1000000.0,0.0
2006-12-26,1000000.0,1000000.0,0.0
2006-12-27,1000000.0,1000000.0,0.0
2006-12-28,1000000.0,1000000.0,0.0
2006-12-29,1000000.0,1000000.0,0.0
2007-01-03,1000000.0,1000000.0,0.0
2007-01-04,1000000.0,1000000.0,0.0
2007-01-05,1000000.0,1000000.0,0.0
2007-01-08,1000000.0,1000000.0,0.0
2007-01-09,1000000.0,1000000.0,0.0
2007-01-10,1000000.0,1000000.0,0.0
2007-01-11,1000000.0,1000000.0,0.0
2007-01-12,1000000.0,1000000.0,0.0
2007-01-16,1000000.0,1000000.0,0.0
2007-01-17,1000000.0,1000000.0,0.0
2007-01-18,1000000.0,1000000.0,0.0
2007-01-19,1000000.0,1000000.0,0.0
2007-01-22,1000000.0,1000000.0,0.0
2007-01-23,1000000.0,1000000.0,0.0
2007-01-24,1000000.0,1000000.0,0.0
2007-01-25,1000000.0,1000000.0,0.0
2007-01-26,1000000.0,1000000.0,0.0
2007-01-29,1000000.0,1000000.0,0.0
2007-01-30,1000000.0,1000000.0,0.0
2007-01-31,1000000.0,1000000.0,0.0
2007-02-01,1000000.0,1000000.0,0.0
2007-02-02,1000000.0,1000000.0,0.0
2007-02-05,1000000.0,1000000.0,0.0
2007-02-06,1000000.0,1000000.0,0.0
2007-02-07,1000000.0,1000000.0,0.0
2007-02-08,1000000.0,1000000.0,0.0
2007-02-09,1000000.0,1000000.0,0.0
2007-02-12,1000000.0,1000000.0,0.0
2007-02-13,1000000.0,1000000.0,0.0
2007-02-14,1000000.0,1000000.0,0.0
2007-02-15,1000000.0,1000000.0,0.0
2007-02-16,1000000.0,1000000.0,0.0
2007-02-20,1000000.0,1000000.0,0.0
2007-02-21,1000000.0,1000000.0,0.0
2007-02-22,1000000.0,1000000.0,0.0
2007-02-23,1000000.0,1000000.0,0.0
2007-02-26,1000000.0,1000000.0,0.0
2007-02-27,1000000.0,1000000.0,0.0
2007-02-28,1000000.0,1000000.0,0.0
2007-03-01,1000000.0,1000000.0,0.0
2007-03-02,1000000.0,1000000.0,0.0
2007-03-05,1000000.0,1000000.0,0.0
2007-03-06,1000000.0,1000000.0,0.0
2007-03-07,1000000.0,1000000.0,0.0
2007-03-08,1000000.0,1000000.0,0.0
2007-03-09,1000000.0,1000000.0,0.0
2007-03-12,1000000.0,1000000.0,0.0
2007-03-13,1000000.0,1000000.0,0.0
2007-03-14,1000000.0,1000000.0,0.0
2007-03-15,1000000.0,1000000.0,0.0
2007-03-16,1000000.0,1000000.0,0.0
2007-03-19,1000000.0,1000000.0,0.0
2007-03-20,1000000.0,1000000.0,0.0
2007-03-21,1000000.0,1000000.0,0.0
2007-03-22,1000000.0,1000000.0,0.0
2007-03-23,1000000.0,1000000.0,0.0
2007-03-26,1000000.0,1000000.0,0.0
2007-03-27,1000000.0,1000000.0,0.0
2007-03-28,1000000.0,1000000.0,0.0
2007-03-29,1000000.0,1000000.0,0.0
2007-03-30,1000000.0,1000000.0,0.0
2007-04-02,1000000.0,1000000.0,0.0
2007-04-03,1000000.0,1000000.0,0.0
2007-04-04,1000000.0,1000000.0,0.0
2007-04-05,1000000.0,1000000.0,0.0
2007-04-09,1000000.0,1000000.0,0.0
2007-04-10,1000000.0,1000000.0,0.0
2007-04-11,1000000.0,1000000.0,0.0
2007-04-12,1000000.0,1000000.0,0.0
2007-04-13,1000000.0,1000000.0,0.0
2007-04-16,1000000.0,1000000.0,0.0
2007-04-17,1000000.0,1000000.0,0.0
2007-04-18,1000000.0,1000000.0,0.0
2007-04-19,1000000.0,1000000.0,0.0
2007-04-20,1000000.0,1000000.0,0.0
2007-04-23,1000000.0,1000000.0,0.0
2007-04-24,1000000.0,1000000.0,0.0
2007-04-25,1000000.0,1000000.0,0.0
2007-04-26,1000000.0,1000000.0,0.0
2007-04-27,1000000.0,1000000.0,0.0
2007-04-30,1000000.0,1000000.0,0.0
2007-05-01,1000000.0,1000000.0,0.0
2007-05-02,1000000.0,1000000.0,0.0
2007-05-03,1000000.0,1000000.0,0.0
2007-05-04,1000000.0,1000000.0,0.0
2007-05-07,1000000.0,1000000.0,0.0
2007-05-08,1000000.0,1000000.0,0.0
2007-05-09,1000000.0,1000000.0,0.0
2007-05-10,1000000.0,1000000.0,0.0
2007-05-11,1000000.0,1000000.0,0.0
2007-05-14,1000000.0,1000000.0,0.0
2007-05-15,1000000.0,1000000.0,0.0
2007-05-16,1000000.0,1000000.0,0.0
2007-05-17,1000000.0,1000000.0,0.0
2007-05-18,1000000.0,1000000.0,0.0
2007-05-21,1000000.0,1000000.0,0.0
2007-05-22,1000000.0,1000000.0,0.0
2007-05-23,1000000.0,1000000.0,0.0
2007-05-24,1000000.0,1000000.0,0.0
2007-05-25,1000000.0,1000000.0,0.0
2007-05-29,1000000.0,1000000.0,0.0
2007-05-30,1000000.0,1000000.0,0.0
2007-05-31,1000000.0,1000000.0,0.0
2007-06-01,1000000.0,1000000.0,0.0
2007-06-04,1000000.0,1000000.0,0.0
2007-06-05,1000000.0,1000000.0,0.0
2007-06-06,1000000.0,1000000.0,0.0
2007-06-07,1000000.0,1000000.0,0.0
2007-06-08,1000000.0,1000000.0,0.0
2007-06-11,1000000.0,1000000.0,0.0
2007-06-12,1000000.0,1000000.0,0.0
2007-06-13,1000000.0,1000000.0,0.0
2007-06-14,1000000.0,1000000.0,0.0
2007-06-15,1000000.0,1000000.0,0.0
2007-06-18,1000000.0,1000000.0,0.0
2007-06-19,1000000.0,1000000.0,0.0
2007-06-20,1000000.0,1000000.0,0.0
2007-06-21,1000000.0,1000000.0,0.0
2007-06-22,1000000.0,1000000.0,0.0
2007-06-25,1000000.0,1000000.0,0.0
2007-06-26,1000000.0,1000000.0,0.0
2007-06-27,1000000.0,1000000.0,0.0
2007-06-28,1000000.0,1000000.0,0.0
2007-06-29,1000000.0,1000000.0,0.0
2007-07-02,1000000.0,1000000.0,0.0
2007-07-03,1000000.0,1000000.0,0.0
2007-07-05,1000000.0,1000000.0,0.0
2007-07-06,1000000.0,1000000.0,0.0
2007-07-09,1000000.0,1000000.0,0.0
2007-07-10,1000000.0,1000000.0,0.0
2007-07-11,1000000.0,1000000.0,0.0
2007-07-12,1000000.0,1000000.0,0.0
2007-07-13,1000000.0,1000000.0,0.0
2007-07-16,1000000.0,1000000.0,0.0
2007-07-17,1000000.0,1000000.0,0.0
2007-07-18,1000000.0,1000000.0,0.0
2007-07-19,1000000.0,1000000.0,0.0
2007-07-20,1000000.0,1000000.0,0.0
2007-07-23,1000000.0,1000000.0,0.0
2007-07-24,1000000.0,1000000.0,0.0
2007-07-25,1000000.0,1000000.0,0.0
2007-07-26,1000000.0,1000000.0,0.0
2007-07-27,1000000.0,1000000.0,0.0
2007-07-30,1000000.0,1000000.0,0.0
2007-07-31,1000000.0,1000000.0,0.0
2007-08-01,1000000.0,1000000.0,0.0
2007-08-02,1000000.0,1000000.0,0.0
2007-08-03,1000000.0,1000000.0,0.0
2007-08-06,1000000.0,1000000.0,0.0
2007-08-07,1000000.0,1000000.0,0.0
2007-08-08,1000000.0,1000000.0,0.0
2007-08-09,1000000.0,1000000.0,0.0
2007-08-10,1000000.0,1000000.0,0.0
2007-08-13,1000000.0,1000000.0,0.0
2007-08-14,1000000.0,1000000.0,0.0
2007-08-15,1000000.0,1000000.0,0.0
2007-08-16,1000000.0,1000000.0,0.0
2007-08-17,1000000.0,1000000.0,0.0
2007-08-20,1000000.0,1000000.0,0.0
2007-08-21,1000000.0,1000000.0,0.0
2007-08-22,1000000.0,1000000.0,0.0
2007-08-23,1000000.0,1000000.0,0.0
2007-08-24,1000000.0,1000000.0,0.0
2007-08-27,1000000.0,1000000.0,0.0
2007-08-28,1000000.0,1000000.0,0.0
2007-08-29,1000000.0,1000000.0,0.0
2007-08-30,1000000.0,1000000.0,0.0
2007-08-31,1000000.0,1000000.0,0.0
2007-09-04,1000000.0,1000000.0,0.0
2007-09-05,1000000.0,1000000.0,0.0
2007-09-06,1000000.0,1000000.0,0.0
2007-09-07,1000000.0,1000000.0,0.0
2007-09-10,1000000.0,1000000.0,0.0
2007-09-11,1000000.0,1000000.0,0.0
2007-09-12,1000000.0,1000000.0,0.0
2007-09-13,1000000.0,1000000.0,0.0
2007-09-14,1000000.0,1000000.0,0.0
2007-09-17,1000000.0,1000000.0,0.0
2007-09-18,1000000.0,1000000.0,0.0
2007-09-19,1000000.0,1000000.0,0.0
2007-09-20,1000000.0,1000000.0,0.0
2007-09-21,1000000.0,1000000.0,0.0
2007-09-24,1000000.0,1000000.0,0.0
2007-09-25,1000000.0,1000000.0,0.0
2007-09-26,1000000.0,1000000.0,0.0
2007-09-27,1000000.0,1000000.0,0.0
2007-09-28,1000000.0,1000000.0,0.0
2007-10-01,1000000.0,1000000.0,0.0
2007-10-02,1000000.0,1000000.0,0.0
2007-10-03,1000000.0,1000000.0,0.0
2007-10-04,1000000.0,1000000.0,0.0
2007-10-05,1000000.0,1000000.0,0.0
2007-10-08,1000000.0,1000000.0,0.0
2007-10-09,1000000.0,1000000.0,0.0
2007-10-10,1000000.0,1000000.0,0.0
2007-10-11,1000000.0,1000000.0,0.0
2007-10-12,1000000.0,1000000.0,0.0
2007-10-15,1000000.0,1000000.0,0.0
2007-10-16,1000000.0,1000000.0,0.0
2007-10-17,1000000.0,1000000.0,0.0
2007-10-18,1000000.0,1000000.0,0.0
2007-10-19,1000000.0,1000000.0,0.0
2007-10-22,1000000.0,1000000.0,0.0
2007-10-23,1000000.0,1000000.0,0.0
2007-10-24,1000000.0,1000000.0,0.0
2007-10-25,1000000.0,1000000.0,0.0
2007-10-26,1000000.0,1000000.0,0.0
2007-10-29,1000000.0,1000000.0,0.0
2007-10-30,1000000.0,1000000.0,0.0
2007-10-31,1000000.0,1000000.0,0.0
2007-11-01,1000000.0,1000000.0,0.0
2007-11-02,1000000.0,1000000.0,0.0
2007-11-05,1000000.0,1000000.0,0.0
2007-11-06,1000000.0,1000000.0,0.0
2007-11-07,1000000.0,1000000.0,0.0
2007-11-08,1000000.0,1000000.0,0.0
2007-11-09,1000000.0,1000000.0,0.0
2007-11-12,1000000.0,1000000.0,0.0
2007-11-13,1000000.0,1000000.0,0.0
2007-11-14,1000000.0,1000000.0,0.0
2007-11-15,1000000.0,1000000.0,0.0
2007-11-16,1000000.0,1000000.0,0.0
2007-11-19,1000000.0,1000000.0,0.0
2007-11-20,1000000.0,1000000.0,0.0
2007-11-21,1000000.0,1000000.0,0.0
2007-11-23,1000000.0,1000000.0,0.0
2007-11-26,1000000.0,1000000.0,0.0
2007-11-27,1000000.0,1000000.0,0.0
2007-11-28,1000000.0,1000000.0,0.0
2007-11-29,1000000.0,1000000.0,0.0
2007-11-30,1000000.0,1000000.0,0.0
2007-12-03,1000000.0,1000000.0,0.0
2007-12-04,1000000.0,1000000.0,0.0
2007-12-05,1000000.0,1000000.0,0.0
2007-12-06,1000000.0,1000000.0,0.0
2007-12-07,1000000.0,1000000.0,0.0
2007-12-10,1000000.0,1000000.0,0.0
2007-12-11,1000000.0,1000000.0,0.0
2007-12-12,1000000.0,1000000.0,0.0
2007-12-13,1000000.0,1000000.0,0.0
2007-12-14,1000000.0,1000000.0,0.0
2007-12-17,1000000.0,1000000.0,0.0
2007-12-18,1000000.0,1000000.0,0.0
2007-12-19,1000000.0,1000000.0,0.0
2007-12-20,1000000.0,1000000.0,0.0
2007-12-21,1000000.0,1000000.0,0.0
2007-12-24,1000000.0,1000000.0,0.0
2007-12-26,1000000.0,1000000.0,0.0
2007-12-27,1000000.0,1000000.0,0.0
2007-12-28,1000000.0,1000000.0,0.0
2007-12-31,1000000.0,1000000.0,0.0
2008-01-02,1000000.0,1000000.0,0.0
2008-01-03,1000000.0,1000000.0,0.0
2008-01-04,1000000.0,1000000.0,0.0
2008-01-07,1000000.0,1000000.0,0.0
2008-01-08,1000000.0,1000000.0,0.0
2008-01-09,1000000.0,1000000.0,0.0
2008-01-10,1000000.0,1000000.0,0.0
2008-01-11,1000000.0,1000000.0,0.0
2008-01-14,1000000.0,1000000.0,0.0
2008-01-15,1000000.0,1000000.0,0.0
2008-01-16,1000000.0,1000000.0,0.0
2008-01-17,1000000.0,1000000.0,0.0
2008-01-18,1000000.0,1000000.0,0.0
2008-01-22,1000000.0,1000000.0,0.0
2008-01-23,1000000.0,1000000.0,0.0
2008-01-24,1000000.0,1000000.0,0.0
2008-01-25,1000000.0,1000000.0,0.0
2008-01-28,1000000.0,1000000.0,0.0
2008-01-29,1000000.0,1000000.0,0.0
2008-01-30,1000000.0,1000000.0,0.0
2008-01-31,1000000.0,1000000.0,0.0
2008-02-01,1000000.0,1000000.0,0.0
2008-02-04,1000000.0,1000000.0,0.0
2008-02-05,1000000.0,1000000.0,0.0
2008-02-06,1000000.0,1000000.0,0.0
2008-02-07,1000000.0,1000000.0,0.0
2008-02-08,1000000.0,1000000.0,0.0
2008-02-11,1000000.0,1000000.0,0.0
2008-02-12,1000000.0,1000000.0,0.0
2008-02-13,1000000.0,1000000.0,0.0
2008-02-14,1000000.0,1000000.0,0.0
2008-02-15,1000000.0,1000000.0,0.0
2008-02-19,1000000.0,1000000.0,0.0
2008-02-20,1000000.0,1000000.0,0.0
2008-02-21,1000000.0,1000000.0,0.0
2008-02-22,1000000.0,1000000.0,0.0
2008-02-25,1000000.0,1000000.0,0.0
2008-02-26,1000000.0,1000000.0,0.0
2008-02-27,1000000.0,1000000.0,0.0
2008-02-28,1000000.0,1000000.0,0.0
2008-02-29,1000000.0,1000000.0,0.0
2008-03-03,1000000.0,1000000.0,0.0
2008-03-04,1000000.0,1000000.0,0.0
2008-03-05,1000000.0,1000000.0,0.0
2008-03-06,1000000.0,1000000.0,0.0
2008-03-07,1000000.0,1000000.0,0.0
2008-03-10,1000000.0,1000000.0,0.0
2008-03-11,1000000.0,1000000.0,0.0
2008-03-12,1000000.0,1000000.0,0.0
2008-03-13,1000000.0,1000000.0,0.0
2008-03-14,1000000.0,1000000.0,0.0
2008-03-17,1000000.0,1000000.0,0.0
2008-03-18,1000000.0,1000000.0,0.0
2008-03-19,1000000.0,1000000.0,0.0
2008-03-20,1000000.0,1000000.0,0.0
2008-03-24,1000000.0,1000000.0,0.0
2008-03-25,1000000.0,1000000.0,0.0
2008-03-26,1000000.0,1000000.0,0.0
2008-03-27,1000000.0,1000000.0,0.0
2008-03-28,1000000.0,1000000.0,0.0
2008-03-31,1000000.0,1000000.0,0.0
2008-04-01,1000000.0,1000000.0,0.0
2008-04-02,1000000.0,1000000.0,0.0
2008-04-03,1000000.0,1000000.0,0.0
2008-04-04,1000000.0,1000000.0,0.0
2008-04-07,1000000.0,1000000.0,0.0
2008-04-08,1000000.0,1000000.0,0.0
2008-04-09,1000000.0,1000000.0,0.0
2008-04-10,1000000.0,1000000.0,0.0
2008-04-11,1000000.0,1000000.0,0.0
2008-04-14,1000000.0,1000000.0,0.0
2008-04-15,1000000.0,1000000.0,0.0
2008-04-16,1000000.0,1000000.0,0.0
2008-04-17,1000000.0,1000000.0,0.0
2008-04-18,1000000.0,1000000.0,0.0
2008-04-21,1000000.0,1000000.0,0.0
2008-04-22,1000000.0,1000000.0,0.0
2008-04-23,1000000.0,1000000.0,0.0
2008-04-24,1000000.0,1000000.0,0.0
2008-04-25,1000000.0,1000000.0,0.0
2008-04-28,1000000.0,1000000.0,0.0
2008-04-29,1000000.0,1000000.0,0.0
2008-04-30,1000000.0,1000000.0,0.0
2008-05-01,1000000.0,1000000.0,0.0
2008-05-02,1000000.0,1000000.0,0.0
2008-05-05,1000000.0,1000000.0,0.0
2008-05-06,1000000.0,1000000.0,0.0
2008-05-07,1000000.0,1000000.0,0.0
2008-05-08,1000000.0,1000000.0,0.0
2008-05-09,1000000.0,1000000.0,0.0
2008-05-12,1000000.0,1000000.0,0.0
2008-05-13,1000000.0,1000000.0,0.0
2008-05-14,1000000.0,1000000.0,0.0
2008-05-15,1000000.0,1000000.0,0.0
2008-05-16,1000000.0,1000000.0,0.0
2008-05-19,1000000.0,1000000.0,0.0
2008-05-20,1000000.0,1000000.0,0.0
2008-05-21,1000000.0,1000000.0,0.0
2008-05-22,1000000.0,1000000.0,0.0
2008-05-23,1000000.0,1000000.0,0.0
2008-05-27,1000000.0,1000000.0,0.0
2008-05-28,1000000.0,1000000.0,0.0
2008-05-29,1000000.0,1000000.0,0.0
2008-05-30,1000000.0,1000000.0,0.0
2008-06-02,1000000.0,1000000.0,0.0
2008-06-03,1000000.0,1000000.0,0.0
2008-06-04,1000000.0,1000000.0,0.0
2008-06-05,1000000.0,1000000.0,0.0
2008-06-06,1000000.0,1000000.0,0.0
2008-06-09,1000000.0,1000000.0,0.0
2008-06-10,1000000.0,1000000.0,0.0
2008-06-11,1000000.0,1000000.0,0.0
2008-06-12,1000000.0,1000000.0,0.0
2008-06-13,1000000.0,1000000.0,0.0
2008-06-16,1000000.0,1000000.0,0.0
2008-06-17,1000000.0,1000000.0,0.0
2008-06-18,1000000.0,1000000.0,0.0
2008-06-19,1000000.0,1000000.0,0.0
2008-06-20,1000000.0,1000000.0,0.0
2008-06-23,1000000.0,1000000.0,0.0
2008-06-24,1000000.0,1000000.0,0.0
2008-06-25,1000000.0,1000000.0,0.0
2008-06-26,1000000.0,1000000.0,0.0
2008-06-27,1000000.0,1000000.0,0.0
2008-06-30,1000000.0,1000000.0,0.0
2008-07-01,1000000.0,1000000.0,0.0
2008-07-02,1000000.0,1000000.0,0.0
2008-07-03,1000000.0,1000000.0,0.0
2008-07-07,1000000.0,1000000.0,0.0
2008-07-08,1000000.0,1000000.0,0.0
2008-07-09,1000000.0,1000000.0,0.0
2008-07-10,1000000.0,1000000.0,0.0
2008-07-11,1000000.0,1000000.0,0.0
2008-07-14,1000000.0,1000000.0,0.0
2008-07-15,1000000.0,1000000.0,0.0
2008-07-16,1000000.0,1000000.0,0.0
2008-07-17,1000000.0,1000000.0,0.0
2008-07-18,1000000.0,1000000.0,0.0
2008-07-21,1000000.0,1000000.0,0.0
2008-07-22,1000000.0,1000000.0,0.0
2008-07-23,1000000.0,1000000.0,0.0
2008-07-24,1000000.0,1000000.0,0.0
2008-07-25,1000000.0,1000000.0,0.0
2008-07-28,1000000.0,1000000.0,0.0
2008-07-29,1000000.0,1000000.0,0.0
2008-07-30,1000000.0,1000000.0,0.0
2008-07-31,1000000.0,1000000.0,0.0
2008-08-01,1000000.0,1000000.0,0.0
2008-08-04,1000000.0,1000000.0,0.0
2008-08-05,1000000.0,1000000.0,0.0
2008-08-06,1000000.0,1000000.0,0.0
2008-08-07,1000000.0,1000000.0,0.0
2008-08-08,1000000.0,1000000.0,0.0
2008-08-11,1000000.0,1000000.0,0.0
2008-08-12,1000000.0,1000000.0,0.0
2008-08-13,1000000.0,1000000.0,0.0
2008-08-14,1000000.0,1000000.0,0.0
2008-08-15,1000000.0,1000000.0,0.0
2008-08-18,1000000.0,1000000.0,0.0
2008-08-19,1000000.0,1000000.0,0.0
2008-08-20,1000000.0,1000000.0,0.0
2008-08-21,1000000.0,1000000.0,0.0
2008-08-22,1000000.0,1000000.0,0.0
2008-08-25,1000000.0,1000000.0,0.0
2008-08-26,1000000.0,1000000.0,0.0
2008-08-27,1000000.0,1000000.0,0.0
2008-08-28,1000000.0,1000000.0,0.0
2008-08-29,1000000.0,1000000.0,0.0
2008-09-02,1000000.0,1000000.0,0.0
2008-09-03,1000000.0,1000000.0,0.0
2008-09-04,1000000.0,1000000.0,0.0
2008-09-05,1000000.0,1000000.0,0.0
2008-09-08,1000000.0,1000000.0,0.0
2008-09-09,1000000.0,1000000.0,0.0
2008-09-10,1000000.0,1000000.0,0.0
2008-09-11,1000000.0,1000000.0,0.0
2008-09-12,1000000.0,1000000.0,0.0
2008-09-15,1000000.0,1000000.0,0.0
2008-09-16,1000000.0,1000000.0,0.0
2008-09-17,1000000.0,1000000.0,0.0
2008-09-18,1000000.0,1000000.0,0.0
2008-09-19,1000000.0,1000000.0,0.0
2008-09-22,1000000.0,1000000.0,0.0
2008-09-23,1000000.0,1000000.0,0.0
2008-09-24,1000000.0,1000000.0,0.0
2008-09-25,1000000.0,1000000.0,0.0
2008-09-26,1000000.0,1000000.0,0.0
2008-09-29,1000000.0,1000000.0,0.0
2008-09-30,1000000.0,1000000.0,0.0
2008-10-01,1000000.0,1000000.0,0.0
2008-10-02,1000000.0,1000000.0,0.0
2008-10-03,1000000.0,1000000.0,0.0
2008-10-06,1000000.0,1000000.0,0.0
2008-10-07,1000000.0,1000000.0,0.0
2008-10-08,1000000.0,1000000.0,0.0
2008-10-09,1000000.0,1000000.0,0.0
2008-10-10,1000000.0,1000000.0,0.0
2008-10-13,1000000.0,1000000.0,0.0
2008-10-14,1000000.0,1000000.0,0.0
2008-10-15,1000000.0,1000000.0,0.0
2008-10-16,1000000.0,1000000.0,0.0
2008-10-17,1000000.0,1000000.0,0.0
2008-10-20,1000000.0,1000000.0,0.0
2008-10-21,1000000.0,1000000.0,0.0
2008-10-22,1000000.0,1000000.0,0.0
2008-10-23,1000000.0,1000000.0,0.0
2008-10-24,1000000.0,1000000.0,0.0
2008-10-27,1000000.0,1000000.0,0.0
2008-10-28,1000000.0,1000000.0,0.0
2008-10-29,1000000.0,1000000.0,0.0
2008-10-30,1000000.0,1000000.0,0.0
2008-10-31,1000000.0,1000000.0,0.0
2008-11-03,1000000.0,1000000.0,0.0
2008-11-04,1000000.0,1000000.0,0.0
2008-11-05,1000000.0,1000000.0,0.0
2008-11-06,1000000.0,1000000.0,0.0
2008-11-07,1000000.0,1000000.0,0.0
2008-11-10,1000000.0,1000000.0,0.0
2008-11-11,1000000.0,1000000.0,0.0
2008-11-12,1000000.0,1000000.0,0.0
2008-11-13,1000000.0,1000000.0,0.0
2008-11-14,1000000.0,1000000.0,0.0
2008-11-17,1000000.0,1000000.0,0.0
2008-11-18,1000000.0,1000000.0,0.0
2008-11-19,1000000.0,1000000.0,0.0
2008-11-20,1000000.0,1000000.0,0.0
2008-11-21,1000000.0,1000000.0,0.0
2008-11-24,1000000.0,1000000.0,0.0
2008-11-25,1000000.0,1000000.0,0.0
2008-11-26,1000000.0,1000000.0,0.0
2008-11-28,1000000.0,1000000.0,0.0
2008-12-01,1000000.0,1000000.0,0.0
2008-12-02,1000000.0,1000000.0,0.0
2008-12-03,1000000.0,1000000.0,0.0
2008-12-04,1000000.0,1000000.0,0.0
2008-12-05,1000000.0,1000000.0,0.0
2008-12-08,1000000.0,1000000.0,0.0
2008-12-09,1000000.0,1000000.0,0.0
2008-12-10,1000000.0,1000000.0,0.0
2008-12-11,1000000.0,1000000.0,0.0
2008-12-12,1000000.0,1000000.0,0.0
2008-12-15,1000000.0,1000000.0,0.0
2008-12-16,1000000.0,1000000.0,0.0
2008-12-17,1000000.0,1000000.0,0.0
2008-12-18,1000000.0,1000000.0,0.0
2008-12-19,1000000.0,1000000.0,0.0
2008-12-22,1000000.0,1000000.0,0.0
2008-12-23,1000000.0,1000000.0,0.0
2008-12-24,1000000.0,1000000.0,0.0
2008-12-26,1000000.0,1000000.0,0.0
2008-12-29,1000000.0,1000000.0,0.0
2008-12-30,1000000.0,1000000.0,0.0
2008-12-31,1000000.0,1000000.0,0.0
2009-01-02,1000000.0,1000000.0,0.0
2009-01-05,1000000.0,1000000.0,0.0
2009-01-06,1000000.0,1000000.0,0.0
2009-01-07,1000000.0,1000000.0,0.0
2009-01-08,1000000.0,1000000.0,0.0
2009-01-09,1000000.0,1000000.0,0.0
2009-01-12,1000000.0,1000000.0,0.0
2009-01-13,1000000.0,1000000.0,0.0
2009-01-14,1000000.0,1000000.0,0.0
2009-01-15,1000000.0,1000000.0,0.0
2009-01-16,1000000.0,1000000.0,0.0
2009-01-20,1000000.0,1000000.0,0.0
2009-01-21,1000000.0,1000000.0,0.0
2009-01-22,1000000.0,1000000.0,0.0
2009-01-23,1000000.0,1000000.0,0.0
2009-01-26,1000000.0,1000000.0,0.0
2009-01-27,1000000.0,1000000.0,0.0
2009-01-28,1000000.0,1000000.0,0.0
2009-01-29,1000000.0,1000000.0,0.0
2009-01-30,1000000.0,1000000.0,0.0
2009-02-02,1000000.0,1000000.0,0.0
2009-02-03,1000000.0,1000000.0,0.0
2009-02-04,1000000.0,1000000.0,0.0
2009-02-05,1000000.0,1000000.0,0.0
2009-02-06,1000000.0,1000000.0,0.0
2009-02-09,1000000.0,1000000.0,0.0
2009-02-10,1000000.0,1000000.0,0.0
2009-02-11,1000000.0,1000000.0,0.0
2009-02-12,1000000.0,1000000.0,0.0
2009-02-13,1000000.0,1000000.0,0.0
2009-02-17,1000000.0,1000000.0,0.0
2009-02-18,1000000.0,1000000.0,0.0
2009-02-19,1000000.0,1000000.0,0.0
2009-02-20,1000000.0,1000000.0,0.0
2009-02-23,1000000.0,1000000.0,0.0
2009-02-24,1000000.0,1000000.0,0.0
2009-02-25,1000000.0,1000000.0,0.0
2009-02-26,1000000.0,1000000.0,0.0
2009-02-27,1000000.0,1000000.0,0.0
2009-03-02,1000000.0,1000000.0,0.0
2009-03-03,1000000.0,1000000.0,0.0
2009-03-04,1000000.0,1000000.0,0.0
2009-03-05,1000000.0,1000000.0,0.0
2009-03-06,1000000.0,1000000.0,0.0
2009-03-09,1000000.0,1000000.0,0.0
2009-03-10,1000000.0,1000000.0,0.0
2009-03-11,1000000.0,1000000.0,0.0
2009-03-12,1000000.0,1000000.0,0.0
2009-03-13,1000000.0,1000000.0,0.0
2009-03-16,1000000.0,1000000.0,0.0
2009-03-17,1000000.0,1000000.0,0.0
2009-03-18,1000000.0,1000000.0,0.0
2009-03-19,1000000.0,1000000.0,0.0
2009-03-20,1000000.0,1000000.0,0.0
2009-03-23,1000000.0,1000000.0,0.0
2009-03-24,1000000.0,1000000.0,0.0
2009-03-25,1000000.0,1000000.0,0.0
2009-03-26,1000000.0,1000000.0,0.0
2009-03-27,1000000.0,1000000.0,0.0
2009-03-30,1000000.0,1000000.0,0.0
2009-03-31,1000000.0,1000000.0,0.0
2009-04-01,1000000.0,1000000.0,0.0
2009-04-02,1000000.0,1000000.0,0.0
2009-04-03,1000000.0,1000000.0,0.0
2009-04-06,1000000.0,1000000.0,0.0
2009-04-07,1000000.0,1000000.0,0.0
2009-04-08,1000000.0,1000000.0,0.0
2009-04-09,1000000.0,1000000.0,0.0
2009-04-13,1000000.0,1000000.0,0.0
2009-04-14,1000000.0,1000000.0,0.0
2009-04-15,1000000.0,1000000.0,0.0
2009-04-16,1000000.0,1000000.0,0.0
2009-04-17,1000000.0,1000000.0,0.0
2009-04-20,1000000.0,1000000.0,0.0
2009-04-21,1000000.0,1000000.0,0.0
2009-04-22,1000000.0,1000000.0,0.0
2009-04-23,1000000.0,1000000.0,0.0
2009-04-24,1000000.0,1000000.0,0.0
2009-04-27,1000000.0,1000000.0,0.0
2009-04-28,1000000.0,1000000.0,0.0
2009-04-29,1000000.0,1000000.0,0.0
2009-04-30,1000000.0,1000000.0,0.0
2009-05-01,1000000.0,1000000.0,0.0
2009-05-04,1000000.0,1000000.0,0.0
2009-05-05,1000000.0,1000000.0,0.0
2009-05-06,1000000.0,1000000.0,0.0
2009-05-07,1000000.0,1000000.0,0.0
2009-05-08,1000000.0,1000000.0,0.0
2009-05-11,1000000.0,1000000.0,0.0
2009-05-12,1000000.0,1000000.0,0.0
2009-05-13,1000000.0,1000000.0,0.0
2009-05-14,1000000.0,1000000.0,0.0
2009-05-15,1000000.0,1000000.0,0.0
2009-05-18,1000000.0,1000000.0,0.0
2009-05-19,1000000.0,1000000.0,0.0
2009-05-20,1000000.0,1000000.0,0.0
2009-05-21,1000000.0,1000000.0,0.0
2009-05-22,1000000.0,1000000.0,0.0
2009-05-26,1000000.0,1000000.0,0.0
2009-05-27,1000000.0,1000000.0,0.0
2009-05-28,1000000.0,1000000.0,0.0
2009-05-29,1000000.0,1000000.0,0.0
2009-06-01,1000000.0,1000000.0,0.0
2009-06-02,1000000.0,1000000.0,0.0
2009-06-03,1000000.0,1000000.0,0.0
2009-06-04,1000000.0,1000000.0,0.0
2009-06-05,1000000.0,1000000.0,0.0
2009-06-08,1000000.0,1000000.0,0.0
2009-06-09,1000000.0,1000000.0,0.0
2009-06-10,1000000.0,1000000.0,0.0
2009-06-11,1000000.0,1000000.0,0.0
2009-06-12,1000000.0,1000000.0,0.0
2009-06-15,1000000.0,1000000.0,0.0
2009-06-16,1000000.0,1000000.0,0.0
2009-06-17,1000000.0,1000000.0,0.0
2009-06-18,1000000.0,1000000.0,0.0
2009-06-19,1000000.0,1000000.0,0.0
2009-06-22,1000000.0,1000000.0,0.0
2009-06-23,1000000.0,1000000.0,0.0
2009-06-24,1000000.0,1000000.0,0.0
2009-06-25,1000000.0,1000000.0,0.0
2009-06-26,1000000.0,1000000.0,0.0
2009-06-29,1000000.0,1000000.0,0.0
2009-06-30,1000000.0,1000000.0,0.0
2009-07-01,1000000.0,1000000.0,0.0
2009-07-02,1000000.0,1000000.0,0.0
2009-07-06,1000000.0,1000000.0,0.0
2009-07-07,1000000.0,1000000.0,0.0
2009-07-08,1000000.0,1000000.0,0.0
2009-07-09,1000000.0,1000000.0,0.0
2009-07-10,1000000.0,1000000.0,0.0
2009-07-13,1000000.0,1000000.0,0.0
2009-07-14,1000000.0,1000000.0,0.0
2009-07-15,1000000.0,1000000.0,0.0
2009-07-16,1000000.0,1000000.0,0.0
2009-07-17,1000000.0,1000000.0,0.0
2009-07-20,1000000.0,1000000.0,0.0
2009-07-21,1000000.0,1000000.0,0.0
2009-07-22,1000000.0,1000000.0,0.0
2009-07-23,1000000.0,1000000.0,0.0
2009-07-24,1000000.0,1000000.0,0.0
2009-07-27,1000000.0,1000000.0,0.0
2009-07-28,1000000.0,1000000.0,0.0
2009-07-29,1000000.0,1000000.0,0.0
2009-07-30,1000000.0,1000000.0,0.0
2009-07-31,1000000.0,1000000.0,0.0
2009-08-03,1000000.0,1000000.0,0.0
2009-08-04,1000000.0,1000000.0,0.0
2009-08-05,1000000.0,1000000.0,0.0
2009-08-06,1000000.0,1000000.0,0.0
2009-08-07,1000000.0,1000000.0,0.0
2009-08-10,1000000.0,1000000.0,0.0
2009-08-11,1000000.0,1000000.0,0.0
2009-08-12,1000000.0,1000000.0,0.0
2009-08-13,1000000.0,1000000.0,0.0
2009-08-14,1000000.0,1000000.0,0.0
2009-08-17,1000000.0,1000000.0,0.0
2009-08-18,1000000.0,1000000.0,0.0
2009-08-19,1000000.0,1000000.0,0.0
2009-08-20,1000000.0,1000000.0,0.0
2009-08-21,1000000.0,1000000.0,0.0
2009-08-24,1000000.0,1000000.0,0.0
2009-08-25,1000000.0,1000000.0,0.0
2009-08-26,1000000.0,1000000.0,0.0
2009-08-27,1000000.0,1000000.0,0.0
2009-08-28,1000000.0,1000000.0,0.0
2009-08-31,1000000.0,1000000.0,0.0
2009-09-01,1000000.0,1000000.0,0.0
2009-09-02,1000000.0,1000000.0,0.0
2009-09-03,1000000.0,1000000.0,0.0
2009-09-04,1000000.0,1000000.0,0.0
2009-09-08,1000000.0,1000000.0,0.0
2009-09-09,1000000.0,1000000.0,0.0
2009-09-10,1000000.0,1000000.0,0.0
2009-09-11,1000000.0,1000000.0,0.0
2009-09-14,1000000.0,1000000.0,0.0
2009-09-15,1000000.0,1000000.0,0.0
2009-09-16,1000000.0,1000000.0,0.0
2009-09-17,1000000.0,1000000.0,0.0
2009-09-18,1000000.0,1000000.0,0.0
2009-09-21,1000000.0,1000000.0,0.0
2009-09-22,1000000.0,1000000.0,0.0
2009-09-23,1000000.0,1000000.0,0.0
2009-09-24,1000000.0,1000000.0,0.0
2009-09-25,1000000.0,1000000.0,0.0
2009-09-28,1000000.0,1000000.0,0.0
2009-09-29,1000000.0,1000000.0,0.0
2009-09-30,1000000.0,1000000.0,0.0
2009-10-01,1000000.0,1000000.0,0.0
2009-10-02,1000000.0,1000000.0,0.0
2009-10-05,1000000.0,1000000.0,0.0
2009-10-06,1000000.0,1000000.0,0.0
2009-10-07,1000000.0,1000000.0,0.0
2009-10-08,1000000.0,1000000.0,0.0
2009-10-09,1000000.0,1000000.0,0.0
2009-10-12,1000000.0,1000000.0,0.0
2009-10-13,1000000.0,1000000.0,0.0
2009-10-14,1000000.0,1000000.0,0.0
2009-10-15,1000000.0,1000000.0,0.0
2009-10-16,1000000.0,1000000.0,0.0
2009-10-19,1000000.0,1000000.0,0.0
2009-10-20,1000000.0,1000000.0,0.0
2009-10-21,1000000.0,1000000.0,0.0
2009-10-22,1000000.0,1000000.0,0.0
2009-10-23,1000000.0,1000000.0,0.0
2009-10-26,1000000.0,1000000.0,0.0
2009-10-27,1000000.0,1000000.0,0.0
2009-10-28,1000000.0,1000000.0,0.0
2009-10-29,1000000.0,1000000.0,0.0
2009-10-30,1000000.0,1000000.0,0.0
2009-11-02,1000000.0,1000000.0,0.0
2009-11-03,1000000.0,1000000.0,0.0
2009-11-04,1000000.0,1000000.0,0.0
2009-11-05,1000000.0,1000000.0,0.0
2009-11-06,1000000.0,1000000.0,0.0
2009-11-09,1000000.0,1000000.0,0.0
2009-11-10,1000000.0,1000000.0,0.0
2009-11-11,1000000.0,1000000.0,0.0
2009-11-12,1000000.0,1000000.0,0.0
2009-11-13,1000000.0,1000000.0,0.0
2009-11-16,1000000.0,1000000.0,0.0
2009-11-17,1000000.0,1000000.0,0.0
2009-11-18,1000000.0,1000000.0,0.0
2009-11-19,1000000.0,1000000.0,0.0
2009-11-20,1000000.0,1000000.0,0.0
2009-11-23,1000000.0,1000000.0,0.0
2009-11-24,1000000.0,1000000.0,0.0
2009-11-25,1000000.0,1000000.0,0.0
2009-11-27,1000000.0,1000000.0,0.0
2009-11-30,1000000.0,1000000.0,0.0
2009-12-01,1000000.0,1000000.0,0.0
2009-12-02,1000000.0,1000000.0,0.0
2009-12-03,1000000.0,1000000.0,0.0
2009-12-04,1000000.0,1000000.0,0.0
2009-12-07,1000000.0,1000000.0,0.0
2009-12-08,1000000.0,1000000.0,0.0
2009-12-09,1000000.0,1000000.0,0.0
2009-12-10,1000000.0,1000000.0,0.0
2009-12-11,1000000.0,1000000.0,0.0
2009-12-14,1000000.0,1000000.0,0.0
2009-12-15,1000000.0,1000000.0,0.0
2009-12-16,1000000.0,1000000.0,0.0
2009-12-17,1000000.0,1000000.0,0.0
2009-12-18,1000000.0,1000000.0,0.0
2009-12-21,1000000.0,1000000.0,0.0
2009-12-22,1000000.0,1000000.0,0.0
2009-12-23,1000000.0,1000000.0,0.0
2009-12-24,1000000.0,1000000.0,0.0
2009-12-28,1000000.0,1000000.0,0.0
2009-12-29,1000000.0,1000000.0,0.0
2009-12-30,1000000.0,1000000.0,0.0
2009-12-31,1000000.0,1000000.0,0.0
2010-01-04,1000000.0,1000000.0,0.0
2010-01-05,1000000.0,1000000.0,0.0
2010-01-06,1000000.0,1000000.0,0.0
2010-01-07,1000000.0,1000000.0,0.0
2010-01-08,1000000.0,1000000.0,0.0
2010-01-11,1000000.0,1000000.0,0.0
2010-01-12,1000000.0,1000000.0,0.0
2010-01-13,1000000.0,1000000.0,0.0
2010-01-14,1000000.0,1000000.0,0.0
2010-01-15,1000000.0,1000000.0,0.0
2010-01-19,1000000.0,1000000.0,0.0
2010-01-20,1000000.0,1000000.0,0.0
2010-01-21,1000000.0,1000000.0,0.0
2010-01-22,1000000.0,1000000.0,0.0
2010-01-25,1000000.0,1000000.0,0.0
2010-01-26,1000000.0,1000000.0,0.0
2010-01-27,1000000.0,1000000.0,0.0
2010-01-28,1000000.0,1000000.0,0.0
2010-01-29,1000000.0,1000000.0,0.0
2010-02-01,1000000.0,1000000.0,0.0
2010-02-02,1000000.0,1000000.0,0.0
2010-02-03,1000000.0,1000000.0,0.0
2010-02-04,1000000.0,1000000.0,0.0
2010-02-05,1000000.0,1000000.0,0.0
2010-02-08,1000000.0,1000000.0,0.0
2010-02-09,1000000.0,1000000.0,0.0
2010-02-10,1000000.0,1000000.0,0.0
2010-02-11,1000000.0,1000000.0,0.0
2010-02-12,1000000.0,1000000.0,0.0
2010-02-16,1000000.0,1000000.0,0.0
2010-02-17,1000000.0,1000000.0,0.0
2010-02-18,1000000.0,1000000.0,0.0
2010-02-19,1000000.0,1000000.0,0.0
2010-02-22,1000000.0,1000000.0,0.0
2010-02-23,1000000.0,1000000.0,0.0
2010-02-24,1000000.0,1000000.0,0.0
2010-02-25,1000000.0,1000000.0,0.0
2010-02-26,1000000.0,1000000.0,0.0
2010-03-01,1000000.0,1000000.0,0.0
2010-03-02,1000000.0,1000000.0,0.0
2010-03-03,1000000.0,1000000.0,0.0
2010-03-04,1000000.0,1000000.0,0.0
2010-03-05,1000000.0,1000000.0,0.0
2010-03-08,1000000.0,1000000.0,0.0
2010-03-09,1000000.0,1000000.0,0.0
2010-03-10,1000000.0,1000000.0,0.0
2010-03-11,1000000.0,1000000.0,0.0
2010-03-12,1000000.0,1000000.0,0.0
2010-03-15,1000000.0,1000000.0,0.0
2010-03-16,1000000.0,1000000.0,0.0
2010-03-17,1000000.0,1000000.0,0.0
2010-03-18,1000000.0,1000000.0,0.0
2010-03-19,1000000.0,1000000.0,0.0
2010-03-22,1000000.0,1000000.0,0.0
2010-03-23,1000000.0,1000000.0,0.0
2010-03-24,1000000.0,1000000.0,0.0
2010-03-25,1000000.0,1000000.0,0.0
2010-03-26,1000000.0,1000000.0,0.0
2010-03-29,1000000.0,1000000.0,0.0
2010-03-30,1000000.0,1000000.0,0.0
2010-03-31,1000000.0,1000000.0,0.0
2010-04-01,1000000.0,1000000.0,0.0
2010-04-05,1000000.0,1000000.0,0.0
2010-04-06,1000000.0,1000000.0,0.0
2010-04-07,1000000.0,1000000.0,0.0
2010-04-08,1000000.0,1000000.0,0.0
2010-04-09,1000000.0,1000000.0,0.0
2010-04-12,1000000.0,1000000.0,0.0
2010-04-13,1000000.0,1000000.0,0.0
2010-04-14,1000000.0,1000000.0,0.0
2010-04-15,1000000.0,1000000.0,0.0
2010-04-16,1000000.0,1000000.0,0.0
2010-04-19,1000000.0,1000000.0,0.0
2010-04-20,1000000.0,1000000.0,0.0
2010-04-21,1000000.0,1000000.0,0.0
2010-04-22,1000000.0,1000000.0,0.0
2010-04-23,1000000.0,1000000.0,0.0
2010-04-26,1000000.0,1000000.0,0.0
2010-04-27,1000000.0,1000000.0,0.0
2010-04-28,1000000.0,1000000.0,0.0
2010-04-29,1000000.0,1000000.0,0.0
2010-04-30,1000000.0,1000000.0,0.0
2010-05-03,1000000.0,1000000.0,0.0
2010-05-04,1000000.0,1000000.0,0.0
2010-05-05,1000000.0,1000000.0,0.0
2010-05-06,1000000.0,1000000.0,0.0
2010-05-07,1000000.0,1000000.0,0.0
2010-05-10,1000000.0,1000000.0,0.0
2010-05-11,1000000.0,1000000.0,0.0
2010-05-12,1000000.0,1000000.0,0.0
2010-05-13,1000000.0,1000000.0,0.0
2010-05-14,1000000.0,1000000.0,0.0
2010-05-17,1000000.0,1000000.0,0.0
2010-05-18,1000000.0,1000000.0,0.0
2010-05-19,1000000.0,1000000.0,0.0
2010-05-20,1000000.0,1000000.0,0.0
2010-05-21,1000000.0,1000000.0,0.0
2010-05-24,1000000.0,1000000.0,0.0
2010-05-25,1000000.0,1000000.0,0.0
2010-05-26,1000000.0,1000000.0,0.0
2010-05-27,1000000.0,1000000.0,0.0
2010-05-28,1000000.0,1000000.0,0.0
2010-06-01,1000000.0,1000000.0,0.0
2010-06-02,1000000.0,1000000.0,0.0
2010-06-03,1000000.0,1000000.0,0.0
2010-06-04,1000000.0,1000000.0,0.0
2010-06-07,1000000.0,1000000.0,0.0
2010-06-08,1000000.0,1000000.0,0.0
2010-06-09,1000000.0,1000000.0,0.0
2010-06-10,1000000.0,1000000.0,0.0
2010-06-11,1000000.0,1000000.0,0.0
2010-06-14,1000000.0,1000000.0,0.0
2010-06-15,1000000.0,1000000.0,0.0
2010-06-16,1000000.0,1000000.0,0.0
2010-06-17,1000000.0,1000000.0,0.0
2010-06-18,1000000.0,1000000.0,0.0
2010-06-21,1000000.0,1000000.0,0.0
2010-06-22,1000000.0,1000000.0,0.0
2010-06-23,1000000.0,1000000.0,0.0
2010-06-24,1000000.0,1000000.0,0.0
2010-06-25,1000000.0,1000000.0,0.0
2010-06-28,1000000.0,1000000.0,0.0
2010-06-29,1000000.0,1000000.0,0.0
2010-06-30,1000000.0,1000000.0,0.0
2010-07-01,1000000.0,1000000.0,0.0
2010-07-02,1000000.0,1000000.0,0.0
2010-07-06,1000000.0,1000000.0,0.0
2010-07-07,1000000.0,1000000.0,0.0
2010-07-08,1000000.0,1000000.0,0.0
2010-07-09,1000000.0,1000000.0,0.0
2010-07-12,1000000.0,1000000.0,0.0
2010-07-13,1000000.0,1000000.0,0.0
2010-07-14,1000000.0,1000000.0,0.0
2010-07-15,1000000.0,1000000.0,0.0
2010-07-16,1000000.0,1000000.0,0.0
2010-07-19,1000000.0,1000000.0,0.0
2010-07-20,1000000.0,1000000.0,0.0
2010-07-21,1000000.0,1000000.0,0.0
2010-07-22,1000000.0,1000000.0,0.0
2010-07-23,1000000.0,1000000.0,0.0
2010-07-26,1000000.0,1000000.0,0.0
2010-07-27,1000000.0,1000000.0,0.0
2010-07-28,1000000.0,1000000.0,0.0
2010-07-29,1000000.0,1000000.0,0.0
2010-07-30,1000000.0,1000000.0,0.0
2010-08-02,1000000.0,1000000.0,0.0
2010-08-03,1000000.0,1000000.0,0.0
2010-08-04,1000000.0,1000000.0,0.0
2010-08-05,1000000.0,1000000.0,0.0
2010-08-06,1000000.0,1000000.0,0.0
2010-08-09,1000000.0,1000000.0,0.0
2010-08-10,1000000.0,1000000.0,0.0
2010-08-11,1000000.0,1000000.0,0.0
2010-08-12,1000000.0,1000000.0,0.0
2010-08-13,1000000.0,1000000.0,0.0
2010-08-16,1000000.0,1000000.0,0.0
2010-08-17,1000000.0,1000000.0,0.0
2010-08-18,1000000.0,1000000.0,0.0
2010-08-19,1000000.0,1000000.0,0.0
2010-08-20,1000000.0,1000000.0,0.0
2010-08-23,1000000.0,1000000.0,0.0
2010-08-24,1000000.0,1000000.0,0.0
2010-08-25,1000000.0,1000000.0,0.0
2010-08-26,1000000.0,1000000.0,0.0
2010-08-27,1000000.0,1000000.0,0.0
2010-08-30,1000000.0,1000000.0,0.0
2010-08-31,1000000.0,1000000.0,0.0
2010-09-01,1000000.0,1000000.0,0.0
2010-09-02,1000000.0,1000000.0,0.0
2010-09-03,1000000.0,1000000.0,0.0
2010-09-07,1000000.0,1000000.0,0.0
2010-09-08,1000000.0,1000000.0,0.0
2010-09-09,1000000.0,1000000.0,0.0
2010-09-10,1000000.0,1000000.0,0.0
2010-09-13,1000000.0,1000000.0,0.0
2010-09-14,1000000.0,1000000.0,0.0
2010-09-15,1000000.0,1000000.0,0.0
2010-09-16,1000000.0,1000000.0,0.0
2010-09-17,1000000.0,1000000.0,0.0
2010-09-20,1000000.0,1000000.0,0.0
2010-09-21,1000000.0,1000000.0,0.0
2010-09-22,1000000.0,1000000.0,0.0
2010-09-23,1000000.0,1000000.0,0.0
2010-09-24,1000000.0,1000000.0,0.0
2010-09-27,1000000.0,1000000.0,0.0
2010-09-28,1000000.0,1000000.0,0.0
2010-09-29,1000000.0,1000000.0,0.0
2010-09-30,1000000.0,1000000.0,0.0
2010-10-01,1000000.0,1000000.0,0.0
2010-10-04,1000000.0,1000000.0,0.0
2010-10-05,1000000.0,1000000.0,0.0
2010-10-06,1000000.0,1000000.0,0.0
2010-10-07,1000000.0,1000000.0,0.0
2010-10-08,1000000.0,1000000.0,0.0
2010-10-11,1000000.0,1000000.0,0.0
2010-10-12,1000000.0,1000000.0,0.0
2010-10-13,1000000.0,1000000.0,0.0
2010-10-14,1000000.0,1000000.0,0.0
2010-10-15,1000000.0,1000000.0,0.0
2010-10-18,1000000.0,1000000.0,0.0
2010-10-19,1000000.0,1000000.0,0.0
2010-10-20,1000000.0,1000000.0,0.0
2010-10-21,1000000.0,1000000.0,0.0
2010-10-22,1000000.0,1000000.0,0.0
2010-10-25,1000000.0,1000000.0,0.0
2010-10-26,1000000.0,1000000.0,0.0
2010-10-27,1000000.0,1000000.0,0.0
2010-10-28,1000000.0,1000000.0,0.0
2010-10-29,1000000.0,1000000.0,0.0
2010-11-01,1000000.0,1000000.0,0.0
2010-11-02,1000000.0,1000000.0,0.0
2010-11-03,1000000.0,1000000.0,0.0
2010-11-04,1000000.0,1000000.0,0.0
2010-11-05,1000000.0,1000000.0,0.0
2010-11-08,1000000.0,1000000.0,0.0
2010-11-09,1000000.0,1000000.0,0.0
2010-11-10,1000000.0,1000000.0,0.0
2010-11-11,1000000.0,1000000.0,0.0
2010-11-12,1000000.0,1000000.0,0.0
2010-11-15,1000000.0,1000000.0,0.0
2010-11-16,1000000.0,1000000.0,0.0
2010-11-17,1000000.0,1000000.0,0.0
2010-11-18,1000000.0,1000000.0,0.0
2010-11-19,1000000.0,1000000.0,0.0
2010-11-22,1000000.0,1000000.0,0.0
2010-11-23,1000000.0,1000000.0,0.0
2010-11-24,1000000.0,1000000.0,0.0
2010-11-26,1000000.0,1000000.0,0.0
2010-11-29,1000000.0,1000000.0,0.0
2010-11-30,1000000.0,1000000.0,0.0
2010-12-01,1000000.0,1000000.0,0.0
2010-12-02,1000000.0,1000000.0,0.0
2010-12-03,1000000.0,1000000.0,0.0
2010-12-06,1000000.0,1000000.0,0.0
2010-12-07,1000000.0,1000000.0,0.0
2010-12-08,1000000.0,1000000.0,0.0
2010-12-09,1000000.0,1000000.0,0.0
2010-12-10,1000000.0,1000000.0,0.0
2010-12-13,1000000.0,1000000.0,0.0
2010-12-14,1000000.0,1000000.0,0.0
2010-12-15,1000000.0,1000000.0,0.0
2010-12-16,1000000.0,1000000.0,0.0
2010-12-17,1000000.0,1000000.0,0.0
2010-12-20,1000000.0,1000000.0,0.0
2010-12-21,1000000.0,1000000.0,0.0
2010-12-22,1000000.0,1000000.0,0.0
2010-12-23,1000000.0,1000000.0,0.0
2010-12-27,1000000.0,1000000.0,0.0
2010-12-28,1000000.0,1000000.0,0.0
2010-12-29,1000000.0,1000000.0,0.0
2010-12-30,1000000.0,1000000.0,0.0
2010-12-31,1000000.0,1000000.0,0.0
2011-01-03,1000000.0,1000000.0,0.0
2011-01-04,1000000.0,1000000.0,0.0
2011-01-05,1000000.0,1000000.0,0.0
2011-01-06,1000000.0,1000000.0,0.0
2011-01-07,1000000.0,1000000.0,0.0
2011-01-10,1000000.0,1000000.0,0.0
2011-01-11,1000000.0,1000000.0,0.0
2011-01-12,1000000.0,1000000.0,0.0
2011-01-13,1000000.0,1000000.0,0.0
2011-01-14,1000000.0,1000000.0,0.0
2011-01-18,1000000.0,1000000.0,0.0
2011-01-19,1000000.0,1000000.0,0.0
2011-01-20,1000000.0,1000000.0,0.0
2011-01-21,1000000.0,1000000.0,0.0
2011-01-24,1000000.0,1000000.0,0.0
2011-01-25,1000000.0,1000000.0,0.0
2011-01-26,1000000.0,1000000.0,0.0
2011-01-27,1000000.0,1000000.0,0.0
2011-01-28,1000000.0,1000000.0,0.0
2011-01-31,1000000.0,1000000.0,0.0
2011-02-01,1000000.0,1000000.0,0.0
2011-02-02,1000000.0,1000000.0,0.0
2011-02-03,1000000.0,1000000.0,0.0
2011-02-04,1000000.0,1000000.0,0.0
2011-02-07,1000000.0,1000000.0,0.0
2011-02-08,1000000.0,1000000.0,0.0
2011-02-09,1000000.0,1000000.0,0.0
2011-02-10,1000000.0,1000000.0,0.0
2011-02-11,1000000.0,1000000.0,0.0
2011-02-14,1000000.0,1000000.0,0.0
2011-02-15,1000000.0,1000000.0,0.0
2011-02-16,1000000.0,1000000.0,0.0
2011-02-17,1000000.0,1000000.0,0.0
2011-02-18,1000000.0,1000000.0,0.0
2011-02-22,1000000.0,1000000.0,0.0
2011-02-23,1000000.0,1000000.0,0.0
2011-02-24,1000000.0,1000000.0,0.0
2011-02-25,1000000.0,1000000.0,0.0
2011-02-28,1000000.0,1000000.0,0.0
2011-03-01,1000000.0,1000000.0,0.0
2011-03-02,1000000.0,1000000.0,0.0
2011-03-03,1000000.0,1000000.0,0.0
2011-03-04,1000000.0,1000000.0,0.0
2011-03-07,1000000.0,1000000.0,0.0
2011-03-08,1000000.0,1000000.0,0.0
2011-03-09,1000000.0,1000000.0,0.0
2011-03-10,1000000.0,1000000.0,0.0
2011-03-11,1000000.0,1000000.0,0.0
2011-03-14,1000000.0,1000000.0,0.0
2011-03-15,1000000.0,1000000.0,0.0
2011-03-16,1000000.0,1000000.0,0.0
2011-03-17,1000000.0,1000000.0,0.0
2011-03-18,1000000.0,1000000.0,0.0
2011-03-21,1000000.0,1000000.0,0.0
2011-03-22,1000000.0,1000000.0,0.0
2011-03-23,1000000.0,1000000.0,0.0
2011-03-24,1000000.0,1000000.0,0.0
2011-03-25,1000000.0,1000000.0,0.0
2011-03-28,1000000.0,1000000.0,0.0
2011-03-29,1000000.0,1000000.0,0.0
2011-03-30,1000000.0,1000000.0,0.0
2011-03-31,1000000.0,1000000.0,0.0
2011-04-01,1000000.0,1000000.0,0.0
2011-04-04,1000000.0,1000000.0,0.0
2011-04-05,1000000.0,1000000.0,0.0
2011-04-06,1000000.0,1000000.0,0.0
2011-04-07,1000000.0,1000000.0,0.0
2011-04-08,1000000.0,1000000.0,0.0
2011-04-11,1000000.0,1000000.0,0.0
2011-04-12,1000000.0,1000000.0,0.0
2011-04-13,1000000.0,1000000.0,0.0
2011-04-14,1000000.0,1000000.0,0.0
2011-04-15,1000000.0,1000000.0,0.0
2011-04-18,1000000.0,1000000.0,0.0
2011-04-19,1000000.0,1000000.0,0.0
2011-04-20,1000000.0,1000000.0,0.0
2011-04-21,1000000.0,1000000.0,0.0
2011-04-25,1000000.0,1000000.0,0.0
2011-04-26,1000000.0,1000000.0,0.0
2011-04-27,1000000.0,1000000.0,0.0
2011-04-28,1000000.0,1000000.0,0.0
2011-04-29,1000000.0,1000000.0,0.0
2011-05-02,1000000.0,1000000.0,0.0
2011-05-03,1000000.0,1000000.0,0.0
2011-05-04,1000000.0,1000000.0,0.0
2011-05-05,1000000.0,1000000.0,0.0
2011-05-06,1000000.0,1000000.0,0.0
2011-05-09,1000000.0,1000000.0,0.0
2011-05-10,1000000.0,1000000.0,0.0
2011-05-11,1000000.0,1000000.0,0.0
2011-05-12,1000000.0,1000000.0,0.0
2011-05-13,1000000.0,1000000.0,0.0
2011-05-16,1000000.0,1000000.0,0.0
2011-05-17,1000000.0,1000000.0,0.0
2011-05-18,1000000.0,1000000.0,0.0
2011-05-19,1000000.0,1000000.0,0.0
2011-05-20,1000000.0,1000000.0,0.0
2011-05-23,1000000.0,1000000.0,0.0
2011-05-24,1000000.0,1000000.0,0.0
2011-05-25,1000000.0,1000000.0,0.0
2011-05-26,1000000.0,1000000.0,0.0
2011-05-27,1000000.0,1000000.0,0.0
2011-05-31,1000000.0,1000000.0,0.0
2011-06-01,1000000.0,1000000.0,0.0
2011-06-02,1000000.0,1000000.0,0.0
2011-06-03,1000000.0,1000000.0,0.0
2011-06-06,1000000.0,1000000.0,0.0
2011-06-07,1000000.0,1000000.0,0.0
2011-06-08,1000000.0,1000000.0,0.0
2011-06-09,1000000.0,1000000.0,0.0
2011-06-10,1000000.0,1000000.0,0.0
2011-06-13,1000000.0,1000000.0,0.0
2011-06-14,1000000.0,1000000.0,0.0
2011-06-15,1000000.0,1000000.0,0.0
2011-06-16,1000000.0,1000000.0,0.0
2011-06-17,1000000.0,1000000.0,0.0
2011-06-20,1000000.0,1000000.0,0.0
2011-06-21,1000000.0,1000000.0,0.0
2011-06-22,1000000.0,1000000.0,0.0
2011-06-23,1000000.0,1000000.0,0.0
2011-06-24,1000000.0,1000000.0,0.0
2011-06-27,1000000.0,1000000.0,0.0
2011-06-28,1000000.0,1000000.0,0.0
2011-06-29,1000000.0,1000000.0,0.0
2011-06-30,1000000.0,1000000.0,0.0
2011-07-01,1000000.0,1000000.0,0.0
2011-07-05,1000000.0,1000000.0,0.0
2011-07-06,1000000.0,1000000.0,0.0
2011-07-07,1000000.0,1000000.0,0.0
2011-07-08,1000000.0,1000000.0,0.0
2011-07-11,1000000.0,1000000.0,0.0
2011-07-12,1000000.0,1000000.0,0.0
2011-07-13,1000000.0,1000000.0,0.0
2011-07-14,1000000.0,1000000.0,0.0
2011-07-15,1000000.0,1000000.0,0.0
2011-07-18,1000000.0,1000000.0,0.0
2011-07-19,1000000.0,1000000.0,0.0
2011-07-20,1000000.0,1000000.0,0.0
2011-07-21,1000000.0,1000000.0,0.0
2011-07-22,1000000.0,1000000.0,0.0
2011-07-25,1000000.0,1000000.0,0.0
2011-07-26,1000000.0,1000000.0,0.0
2011-07-27,1000000.0,1000000.0,0.0
2011-07-28,1000000.0,1000000.0,0.0
2011-07-29,1000000.0,1000000.0,0.0
2011-08-01,1000000.0,1000000.0,0.0
2011-08-02,1000000.0,1000000.0,0.0
2011-08-03,1000000.0,1000000.0,0.0
2011-08-04,1000000.0,1000000.0,0.0
2011-08-05,1000000.0,1000000.0,0.0
2011-08-08,1000000.0,1000000.0,0.0
2011-08-09,1000000.0,1000000.0,0.0
2011-08-10,1000000.0,1000000.0,0.0
2011-08-11,1000000.0,1000000.0,0.0
2011-08-12,1000000.0,1000000.0,0.0
2011-08-15,1000000.0,1000000.0,0.0
2011-08-16,1000000.0,1000000.0,0.0
2011-08-17,1000000.0,1000000.0,0.0
2011-08-18,1000000.0,1000000.0,0.0
2011-08-19,1000000.0,1000000.0,0.0
2011-08-22,1000000.0,1000000.0,0.0
2011-08-23,1000000.0,1000000.0,0.0
2011-08-24,1000000.0,1000000.0,0.0
2011-08-25,1000000.0,1000000.0,0.0
2011-08-26,1000000.0,1000000.0,0.0
2011-08-29,1000000.0,1000000.0,0.0
2011-08-30,1000000.0,1000000.0,0.0
2011-08-31,1000000.0,1000000.0,0.0
2011-09-01,1000000.0,1000000.0,0.0
2011-09-02,1000000.0,1000000.0,0.0
2011-09-06,1000000.0,1000000.0,0.0
2011-09-07,1000000.0,1000000.0,0.0
2011-09-08,1000000.0,1000000.0,0.0
2011-09-09,1000000.0,1000000.0,0.0
2011-09-12,1000000.0,1000000.0,0.0
2011-09-13,1000000.0,1000000.0,0.0
2011-09-14,1000000.0,1000000.0,0.0
2011-09-15,1000000.0,1000000.0,0.0
2011-09-16,1000000.0,1000000.0,0.0
2011-09-19,1000000.0,1000000.0,0.0
2011-09-20,1000000.0,1000000.0,0.0
2011-09-21,1000000.0,1000000.0,0.0
2011-09-22,1000000.0,1000000.0,0.0
2011-09-23,1000000.0,1000000.0,0.0
2011-09-26,1000000.0,1000000.0,0.0
2011-09-27,1000000.0,1000000.0,0.0
2011-09-28,1000000.0,1000000.0,0.0
2011-09-29,1000000.0,1000000.0,0.0
2011-09-30,1000000.0,1000000.0,0.0
2011-10-03,1000000.0,1000000.0,0.0
2011-10-04,1000000.0,1000000.0,0.0
2011-10-05,1000000.0,1000000.0,0.0
2011-10-06,1000000.0,1000000.0,0.0
2011-10-07,1000000.0,1000000.0,0.0
2011-10-10,1000000.0,1000000.0,0.0
2011-10-11,1000000.0,1000000.0,0.0
2011-10-12,1000000.0,1000000.0,0.0
2011-10-13,1000000.0,1000000.0,0.0
2011-10-14,1000000.0,1000000.0,0.0
2011-10-17,1000000.0,1000000.0,0.0
2011-10-18,1000000.0,1000000.0,0.0
2011-10-19,1000000.0,1000000.0,0.0
2011-10-20,1000000.0,1000000.0,0.0
2011-10-21,1000000.0,1000000.0,0.0
2011-10-24,1000000.0,1000000.0,0.0
2011-10-25,1000000.0,1000000.0,0.0
2011-10-26,1000000.0,1000000.0,0.0
2011-10-27,1000000.0,1000000.0,0.0
2011-10-28,1000000.0,1000000.0,0.0
2011-10-31,1000000.0,1000000.0,0.0
2011-11-01,1000000.0,1000000.0,0.0
2011-11-02,1000000.0,1000000.0,0.0
2011-11-03,1000000.0,1000000.0,0.0
2011-11-04,1000000.0,1000000.0,0.0
2011-11-07,1000000.0,1000000.0,0.0
2011-11-08,1000000.0,1000000.0,0.0
2011-11-09,1000000.0,1000000.0,0.0
2011-11-10,1000000.0,1000000.0,0.0
2011-11-11,1000000.0,1000000.0,0.0
2011-11-14,1000000.0,1000000.0,0.0
2011-11-15,1000000.0,1000000.0,0.0
2011-11-16,1000000.0,1000000.0,0.0
2011-11-17,1000000.0,1000000.0,0.0
2011-11-18,1000000.0,1000000.0,0.0
2011-11-21,1000000.0,1000000.0,0.0
2011-11-22,1000000.0,1000000.0,0.0
2011-11-23,1000000.0,1000000.0,0.0
2011-11-25,1000000.0,1000000.0,0.0
2011-11-28,1000000.0,1000000.0,0.0
2011-11-29,1000000.0,1000000.0,0.0
2011-11-30,1000000.0,1000000.0,0.0
2011-12-01,1000000.0,1000000.0,0.0
2011-12-02,1000000.0,1000000.0,0.0
2011-12-05,1000000.0,1000000.0,0.0
2011-12-06,1000000.0,1000000.0,0.0
2011-12-07,1000000.0,1000000.0,0.0
2011-12-08,1000000.0,1000000.0,0.0
2011-12-09,1000000.0,1000000.0,0.0
2011-12-12,1000000.0,1000000.0,0.0
2011-12-13,1000000.0,1000000.0,0.0
2011-12-14,1000000.0,1000000.0,0.0
2011-12-15,1000000.0,1000000.0,0.0
2011-12-16,1000000.0,1000000.0,0.0
2011-12-19,1000000.0,1000000.0,0.0
2011-12-20,1000000.0,1000000.0,0.0
2011-12-21,1000000.0,1000000.0,0.0
2011-12-22,1000000.0,1000000.0,0.0
2011-12-23,1000000.0,1000000.0,0.0
2011-12-27,1000000.0,1000000.0,0.0
2011-12-28,1000000.0,1000000.0,0.0
2011-12-29,1000000.0,1000000.0,0.0
2011-12-30,1000000.0,1000000.0,0.0
2012-01-03,1000000.0,1000000.0,0.0
2012-01-04,1000000.0,1000000.0,0.0
2012-01-05,1000000.0,1000000.0,0.0
2012-01-06,1000000.0,1000000.0,0.0
2012-01-09,1000000.0,1000000.0,0.0
2012-01-10,1000000.0,1000000.0,0.0
2012-01-11,1000000.0,1000000.0,0.0
2012-01-12,1000000.0,1000000.0,0.0
2012-01-13,1000000.0,1000000.0,0.0
2012-01-17,1000000.0,1000000.0,0.0
2012-01-18,1000000.0,1000000.0,0.0
2012-01-19,1000000.0,1000000.0,0.0
2012-01-20,1000000.0,1000000.0,0.0
2012-01-23,1000000.0,1000000.0,0.0
2012-01-24,1000000.0,1000000.0,0.0
2012-01-25,1000000.0,1000000.0,0.0
2012-01-26,1000000.0,1000000.0,0.0
2012-01-27,1000000.0,1000000.0,0.0
2012-01-30,1000000.0,1000000.0,0.0
2012-01-31,1000000.0,1000000.0,0.0
2012-02-01,1000000.0,1000000.0,0.0
2012-02-02,1000000.0,1000000.0,0.0
2012-02-03,1000000.0,1000000.0,0.0
2012-02-06,1000000.0,1000000.0,0.0
2012-02-07,1000000.0,1000000.0,0.0
2012-02-08,1000000.0,1000000.0,0.0
2012-02-09,1000000.0,1000000.0,0.0
2012-02-10,1000000.0,1000000.0,0.0
2012-02-13,1000000.0,1000000.0,0.0
2012-02-14,1000000.0,1000000.0,0.0
2012-02-15,1000000.0,1000000.0,0.0
2012-02-16,1000000.0,1000000.0,0.0
2012-02-17,1000000.0,1000000.0,0.0
2012-02-21,1000000.0,1000000.0,0.0
2012-02-22,1000000.0,1000000.0,0.0
2012-02-23,1000000.0,1000000.0,0.0
2012-02-24,1000000.0,1000000.0,0.0
2012-02-27,1000000.0,1000000.0,0.0
2012-02-28,1000000.0,1000000.0,0.0
2012-02-29,1000000.0,1000000.0,0.0
2012-03-01,1000000.0,1000000.0,0.0
2012-03-02,1000000.0,1000000.0,0.0
2012-03-05,1000000.0,1000000.0,0.0
2012-03-06,1000000.0,1000000.0,0.0
2012-03-07,1000000.0,1000000.0,0.0
2012-03-08,1000000.0,1000000.0,0.0
2012-03-09,1000000.0,1000000.0,0.0
2012-03-12,1000000.0,1000000.0,0.0
2012-03-13,1000000.0,1000000.0,0.0
2012-03-14,1000000.0,1000000.0,0.0
2012-03-15,1000000.0,1000000.0,0.0
2012-03-16,1000000.0,1000000.0,0.0
2012-03-19,1000000.0,1000000.0,0.0
2012-03-20,1000000.0,1000000.0,0.0
2012-03-21,1000000.0,1000000.0,0.0
2012-03-22,1000000.0,1000000.0,0.0
2012-03-23,1000000.0,1000000.0,0.0
2012-03-26,1000000.0,1000000.0,0.0
2012-03-27,1000000.0,1000000.0,0.0
2012-03-28,1000000.0,1000000.0,0.0
2012-03-29,1000000.0,1000000.0,0.0
2012-03-30,1000000.0,1000000.0,0.0
2012-04-02,1000000.0,1000000.0,0.0
2012-04-03,1000000.0,1000000.0,0.0
2012-04-04,1000000.0,1000000.0,0.0
2012-04-05,1000000.0,1000000.0,0.0
2012-04-09,1000000.0,1000000.0,0.0
2012-04-10,1000000.0,1000000.0,0.0
2012-04-11,1000000.0,1000000.0,0.0
2012-04-12,1000000.0,1000000.0,0.0
2012-04-13,1000000.0,1000000.0,0.0
2012-04-16,1000000.0,1000000.0,0.0
2012-04-17,1000000.0,1000000.0,0.0
2012-04-18,1000000.0,1000000.0,0.0
2012-04-19,1000000.0,1000000.0,0.0
2012-04-20,1000000.0,1000000.0,0.0
2012-04-23,1000000.0,1000000.0,0.0
2012-04-24,1000000.0,1000000.0,0.0
2012-04-25,1000000.0,1000000.0,0.0
2012-04-26,1000000.0,1000000.0,0.0
2012-04-27,1000000.0,1000000.0,0.0
2012-04-30,1000000.0,1000000.0,0.0
2012-05-01,1000000.0,1000000.0,0.0
2012-05-02,1000000.0,1000000.0,0.0
2012-05-03,1000000.0,1000000.0,0.0
2012-05-04,1000000.0,1000000.0,0.0
2012-05-07,1000000.0,1000000.0,0.0
2012-05-08,1000000.0,1000000.0,0.0
2012-05-09,1000000.0,1000000.0,0.0
2012-05-10,1000000.0,1000000.0,0.0
2012-05-11,1000000.0,1000000.0,0.0
2012-05-14,1000000.0,1000000.0,0.0
2012-05-15,1000000.0,1000000.0,0.0
2012-05-16,1000000.0,1000000.0,0.0
2012-05-17,1000000.0,1000000.0,0.0
2012-05-18,1000000.0,1000000.0,0.0
2012-05-21,1000000.0,1000000.0,0.0
2012-05-22,1000000.0,1000000.0,0.0
2012-05-23,1000000.0,1000000.0,0.0
2012-05-24,1000000.0,1000000.0,0.0
2012-05-25,1000000.0,1000000.0,0.0
2012-05-29,1000000.0,1000000.0,0.0
2012-05-30,1000000.0,1000000.0,0.0
2012-05-31,1000000.0,1000000.0,0.0
2012-06-01,1000000.0,1000000.0,0.0
2012-06-04,1000000.0,1000000.0,0.0
2012-06-05,1000000.0,1000000.0,0.0
2012-06-06,1000000.0,1000000.0,0.0
2012-06-07,1000000.0,1000000.0,0.0
2012-06-08,1000000.0,1000000.0,0.0
2012-06-11,1000000.0,1000000.0,0.0
2012-06-12,1000000.0,1000000.0,0.0
2012-06-13,1000000.0,1000000.0,0.0
2012-06-14,1000000.0,1000000.0,0.0
2012-06-15,1000000.0,1000000.0,0.0
2012-06-18,1000000.0,1000000.0,0.0
2012-06-19,1000000.0,1000000.0,0.0
2012-06-20,1000000.0,1000000.0,0.0
2012-06-21,1000000.0,1000000.0,0.0
2012-06-22,1000000.0,1000000.0,0.0
2012-06-25,1000000.0,1000000.0,0.0
2012-06-26,1000000.0,1000000.0,0.0
2012-06-27,1000000.0,1000000.0,0.0
2012-06-28,1000000.0,1000000.0,0.0
2012-06-29,1000000.0,1000000.0,0.0
2012-07-02,1000000.0,1000000.0,0.0
2012-07-03,1000000.0,1000000.0,0.0
2012-07-05,1000000.0,1000000.0,0.0
2012-07-06,1000000.0,1000000.0,0.0
2012-07-09,1000000.0,1000000.0,0.0
2012-07-10,1000000.0,1000000.0,0.0
2012-07-11,1000000.0,1000000.0,0.0
2012-07-12,1000000.0,1000000.0,0.0
2012-07-13,1000000.0,1000000.0,0.0
2012-07-16,1000000.0,1000000.0,0.0
2012-07-17,1000000.0,1000000.0,0.0
2012-07-18,1000000.0,1000000.0,0.0
2012-07-19,1000000.0,1000000.0,0.0
2012-07-20,1000000.0,1000000.0,0.0
2012-07-23,1000000.0,1000000.0,0.0
2012-07-24,1000000.0,1000000.0,0.0
2012-07-25,1000000.0,1000000.0,0.0
2012-07-26,1000000.0,1000000.0,0.0
2012-07-27,1000000.0,1000000.0,0.0
2012-07-30,1000000.0,1000000.0,0.0
2012-07-31,1000000.0,1000000.0,0.0
2012-08-01,1000000.0,1000000.0,0.0
2012-08-02,1000000.0,1000000.0,0.0
2012-08-03,1000000.0,1000000.0,0.0
2012-08-06,1000000.0,1000000.0,0.0
2012-08-07,1000000.0,1000000.0,0.0
2012-08-08,1000000.0,1000000.0,0.0
2012-08-09,1000000.0,1000000.0,0.0
2012-08-10,1000000.0,1000000.0,0.0
2012-08-13,1000000.0,1000000.0,0.0
2012-08-14,1000000.0,1000000.0,0.0
2012-08-15,1000000.0,1000000.0,0.0
2012-08-16,1000000.0,1000000.0,0.0
2012-08-17,1000000.0,1000000.0,0.0
2012-08-20,1000000.0,1000000.0,0.0
2012-08-21,1000000.0,1000000.0,0.0
2012-08-22,1000000.0,1000000.0,0.0
2012-08-23,1000000.0,1000000.0,0.0
2012-08-24,1000000.0,1000000.0,0.0
2012-08-27,1000000.0,1000000.0,0.0
2012-08-28,1000000.0,1000000.0,0.0
2012-08-29,1000000.0,1000000.0,0.0
2012-08-30,1000000.0,1000000.0,0.0
2012-08-31,1000000.0,1000000.0,0.0
2012-09-04,1000000.0,1000000.0,0.0
2012-09-05,1000000.0,1000000.0,0.0
2012-09-06,1000000.0,1000000.0,0.0
2012-09-07,1000000.0,1000000.0,0.0
2012-09-10,1000000.0,1000000.0,0.0
2012-09-11,1000000.0,1000000.0,0.0
2012-09-12,1000000.0,1000000.0,0.0
2012-09-13,1000000.0,1000000.0,0.0
2012-09-14,1000000.0,1000000.0,0.0
2012-09-17,1000000.0,1000000.0,0.0
2012-09-18,1000000.0,1000000.0,0.0
2012-09-19,1000000.0,1000000.0,0.0
2012-09-20,1000000.0,1000000.0,0.0
2012-09-21,1000000.0,1000000.0,0.0
2012-09-24,1000000.0,1000000.0,0.0
2012-09-25,1000000.0,1000000.0,0.0
2012-09-26,1000000.0,1000000.0,0.0
2012-09-27,1000000.0,1000000.0,0.0
2012-09-28,1000000.0,1000000.0,0.0
2012-10-01,1000000.0,1000000.0,0.0
2012-10-02,1000000.0,1000000.0,0.0
2012-10-03,1000000.0,1000000.0,0.0
2012-10-04,1000000.0,1000000.0,0.0
2012-10-05,1000000.0,1000000.0,0.0
2012-10-08,1000000.0,1000000.0,0.0
2012-10-09,1000000.0,1000000.0,0.0
2012-10-10,1000000.0,1000000.0,0.0
2012-10-11,1000000.0,1000000.0,0.0
2012-10-12,1000000.0,1000000.0,0.0
2012-10-15,1000000.0,1000000.0,0.0
2012-10-16,1000000.0,1000000.0,0.0
2012-10-17,1000000.0,1000000.0,0.0
2012-10-18,1000000.0,1000000.0,0.0
2012-10-19,1000000.0,1000000.0,0.0
2012-10-22,1000000.0,1000000.0,0.0
2012-10-23,1000000.0,1000000.0,0.0
2012-10-24,1000000.0,1000000.0,0.0
2012-10-25,1000000.0,1000000.0,0.0
2012-10-26,1000000.0,1000000.0,0.0
2012-10-31,1000000.0,1000000.0,0.0
2012-11-01,1000000.0,1000000.0,0.0
2012-11-02,1000000.0,1000000.0,0.0
2012-11-05,1000000.0,1000000.0,0.0
2012-11-06,1000000.0,1000000.0,0.0
2012-11-07,1000000.0,1000000.0,0.0
2012-11-08,1000000.0,1000000.0,0.0
2012-11-09,1000000.0,1000000.0,0.0
2012-11-12,1000000.0,1000000.0,0.0
2012-11-13,1000000.0,1000000.0,0.0
2012-11-14,1000000.0,1000000.0,0.0
2012-11-15,1000000.0,1000000.0,0.0
2012-11-16,1000000.0,1000000.0,0.0
2012-11-19,1000000.0,1000000.0,0.0
2012-11-20,1000000.0,1000000.0,0.0
2012-11-21,1000000.0,1000000.0,0.0
2012-11-23,1000000.0,1000000.0,0.0
2012-11-26,1000000.0,1000000.0,0.0
2012-11-27,1000000.0,1000000.0,0.0
2012-11-28,1000000.0,1000000.0,0.0
2012-11-29,1000000.0,1000000.0,0.0
2012-11-30,1000000.0,1000000.0,0.0
2012-12-03,1000000.0,1000000.0,0.0
2012-12-04,1000000.0,1000000.0,0.0
2012-12-05,1000000.0,1000000.0,0.0
2012-12-06,1000000.0,1000000.0,0.0
2012-12-07,1000000.0,1000000.0,0.0
2012-12-10,1000000.0,1000000.0,0.0
2012-12-11,1000000.0,1000000.0,0.0
2012-12-12,1000000.0,1000000.0,0.0
2012-12-13,1000000.0,1000000.0,0.0
2012-12-14,1000000.0,1000000.0,0.0
2012-12-17,1000000.0,1000000.0,0.0
2012-12-18,1000000.0,1000000.0,0.0
2012-12-19,1000000.0,1000000.0,0.0
2012-12-20,1000000.0,1000000.0,0.0
2012-12-21,1000000.0,1000000.0,0.0
2012-12-24,1000000.0,1000000.0,0.0
2012-12-26,1000000.0,1000000.0,0.0
2012-12-27,1000000.0,1000000.0,0.0
2012-12-28,1000000.0,1000000.0,0.0
2012-12-31,1000000.0,1000000.0,0.0
2013-01-02,1000000.0,1000000.0,0.0
2013-01-03,1000000.0,1000000.0,0.0
2013-01-04,1000000.0,1000000.0,0.0
2013-01-07,1000000.0,1000000.0,0.0
2013-01-08,1000000.0,1000000.0,0.0
2013-01-09,1000000.0,1000000.0,0.0
2013-01-10,1000000.0,1000000.0,0.0
2013-01-11,1000000.0,1000000.0,0.0
2013-01-14,1000000.0,1000000.0,0.0
2013-01-15,1000000.0,1000000.0,0.0
2013-01-16,1000000.0,1000000.0,0.0
2013-01-17,1000000.0,1000000.0,0.0
2013-01-18,1000000.0,1000000.0,0.0
2013-01-22,1000000.0,1000000.0,0.0
2013-01-23,1000000.0,1000000.0,0.0
2013-01-24,1000000.0,1000000.0,0.0
2013-01-25,1000000.0,1000000.0,0.0
2013-01-28,1000000.0,1000000.0,0.0
2013-01-29,1000000.0,1000000.0,0.0
2013-01-30,1000000.0,1000000.0,0.0
2013-01-31,1000000.0,1000000.0,0.0
2013-02-01,1000000.0,1000000.0,0.0
2013-02-04,1000000.0,1000000.0,0.0
2013-02-05,1000000.0,1000000.0,0.0
2013-02-06,1000000.0,1000000.0,0.0
2013-02-07,1000000.0,1000000.0,0.0
2013-02-08,1000000.0,1000000.0,0.0
2013-02-11,1000000.0,1000000.0,0.0
2013-02-12,1000000.0,1000000.0,0.0
2013-02-13,1000000.0,1000000.0,0.0
2013-02-14,1000000.0,1000000.0,0.0
2013-02-15,1000000.0,1000000.0,0.0
2013-02-19,1000000.0,1000000.0,0.0
2013-02-20,1000000.0,1000000.0,0.0
2013-02-21,1000000.0,1000000.0,0.0
2013-02-22,1000000.0,1000000.0,0.0
2013-02-25,1000000.0,1000000.0,0.0
2013-02-26,1000000.0,1000000.0,0.0
2013-02-27,1000000.0,1000000.0,0.0
2013-02-28,1000000.0,1000000.0,0.0
2013-03-01,1000000.0,1000000.0,0.0
2013-03-04,1000000.0,1000000.0,0.0
2013-03-05,1000000.0,1000000.0,0.0
2013-03-06,1000000.0,1000000.0,0.0
2013-03-07,1000000.0,1000000.0,0.0
2013-03-08,1000000.0,1000000.0,0.0
2013-03-11,1000000.0,1000000.0,0.0
2013-03-12,1000000.0,1000000.0,0.0
2013-03-13,1000000.0,1000000.0,0.0
2013-03-14,1000000.0,1000000.0,0.0
2013-03-15,1000000.0,1000000.0,0.0
2013-03-18,1000000.0,1000000.0,0.0
2013-03-19,1000000.0,1000000.0,0.0
2013-03-20,1000000.0,1000000.0,0.0
2013-03-21,1000000.0,1000000.0,0.0
2013-03-22,1000000.0,1000000.0,0.0
2013-03-25,1000000.0,1000000.0,0.0
2013-03-26,1000000.0,1000000.0,0.0
2013-03-27,1000000.0,1000000.0,0.0
2013-03-28,1000000.0,1000000.0,0.0
2013-04-01,1000000.0,1000000.0,0.0
2013-04-02,1000000.0,1000000.0,0.0
2013-04-03,1000000.0,1000000.0,0.0
2013-04-04,1000000.0,1000000.0,0.0
2013-04-05,1000000.0,1000000.0,0.0
2013-04-08,1000000.0,1000000.0,0.0
2013-04-09,1000000.0,1000000.0,0.0
2013-04-10,1000000.0,1000000.0,0.0
2013-04-11,1000000.0,1000000.0,0.0
2013-04-12,1000000.0,1000000.0,0.0
2013-04-15,1000000.0,1000000.0,0.0
2013-04-16,1000000.0,1000000.0,0.0
2013-04-17,1000000.0,1000000.0,0.0
2013-04-18,1000000.0,1000000.0,0.0
2013-04-19,1000000.0,1000000.0,0.0
2013-04-22,1000000.0,1000000.0,0.0
2013-04-23,1000000.0,1000000.0,0.0
2013-04-24,1000000.0,1000000.0,0.0
2013-04-25,1000000.0,1000000.0,0.0
2013-04-26,1000000.0,1000000.0,0.0
2013-04-29,1000000.0,1000000.0,0.0
2013-04-30,1000000.0,1000000.0,0.0
2013-05-01,1000000.0,1000000.0,0.0
2013-05-02,1000000.0,1000000.0,0.0
2013-05-03,1000000.0,1000000.0,0.0
2013-05-06,1000000.0,1000000.0,0.0
2013-05-07,1000000.0,1000000.0,0.0
2013-05-08,1000000.0,1000000.0,0.0
2013-05-09,1000000.0,1000000.0,0.0
2013-05-10,1000000.0,1000000.0,0.0
2013-05-13,1000000.0,1000000.0,0.0
2013-05-14,1000000.0,1000000.0,0.0
2013-05-15,1000000.0,1000000.0,0.0
2013-05-16,1000000.0,1000000.0,0.0
2013-05-17,1000000.0,1000000.0,0.0
2013-05-20,1000000.0,1000000.0,0.0
2013-05-21,1000000.0,1000000.0,0.0
2013-05-22,1000000.0,1000000.0,0.0
2013-05-23,1000000.0,1000000.0,0.0
2013-05-24,1000000.0,1000000.0,0.0
2013-05-28,1000000.0,1000000.0,0.0
2013-05-29,1000000.0,1000000.0,0.0
2013-05-30,1000000.0,1000000.0,0.0
2013-05-31,1000000.0,1000000.0,0.0
2013-06-03,1000000.0,1000000.0,0.0
2013-06-04,1000000.0,1000000.0,0.0
2013-06-05,1000000.0,1000000.0,0.0
2013-06-06,1000000.0,1000000.0,0.0
2013-06-07,1000000.0,1000000.0,0.0
2013-06-10,1000000.0,1000000.0,0.0
2013-06-11,1000000.0,1000000.0,0.0
2013-06-12,1000000.0,1000000.0,0.0
2013-06-13,1000000.0,1000000.0,0.0
2013-06-14,1000000.0,1000000.0,0.0
2013-06-17,1000000.0,1000000.0,0.0
2013-06-18,1000000.0,1000000.0,0.0
2013-06-19,1000000.0,1000000.0,0.0
2013-06-20,1000000.0,1000000.0,0.0
2013-06-21,1000000.0,1000000.0,0.0
2013-06-24,1000000.0,1000000.0,0.0
2013-06-25,1000000.0,1000000.0,0.0
2013-06-26,1000000.0,1000000.0,0.0
2013-06-27,1000000.0,1000000.0,0.0
2013-06-28,1000000.0,1000000.0,0.0
2013-07-01,1000000.0,1000000.0,0.0
2013-07-02,1000000.0,1000000.0,0.0
2013-07-03,1000000.0,1000000.0,0.0
2013-07-05,1000000.0,1000000.0,0.0
2013-07-08,1000000.0,1000000.0,0.0
2013-07-09,1000000.0,1000000.0,0.0
2013-07-10,1000000.0,1000000.0,0.0
2013-07-11,1000000.0,1000000.0,0.0
2013-07-12,1000000.0,1000000.0,0.0
2013-07-15,1000000.0,1000000.0,0.0
2013-07-16,1000000.0,1000000.0,0.0
2013-07-17,1000000.0,1000000.0,0.0
2013-07-18,1000000.0,1000000.0,0.0
2013-07-19,1000000.0,1000000.0,0.0
2013-07-22,1000000.0,1000000.0,0.0
2013-07-23,1000000.0,1000000.0,0.0
2013-07-24,1000000.0,1000000.0,0.0
2013-07-25,1000000.0,1000000.0,0.0
2013-07-26,1000000.0,1000000.0,0.0
2013-07-29,1000000.0,1000000.0,0.0
2013-07-30,1000000.0,1000000.0,0.0
2013-07-31,1000000.0,1000000.0,0.0
2013-08-01,1000000.0,1000000.0,0.0
2013-08-02,1000000.0,1000000.0,0.0
2013-08-05,1000000.0,1000000.0,0.0
2013-08-06,1000000.0,1000000.0,0.0
2013-08-07,1000000.0,1000000.0,0.0
2013-08-08,1000000.0,1000000.0,0.0
2013-08-09,1000000.0,1000000.0,0.0
2013-08-12,1000000.0,1000000.0,0.0
2013-08-13,1000000.0,1000000.0,0.0
2013-08-14,1000000.0,1000000.0,0.0
2013-08-15,1000000.0,1000000.0,0.0
2013-08-16,1000000.0,1000000.0,0.0
2013-08-19,1000000.0,1000000.0,0.0
2013-08-20,1000000.0,1000000.0,0.0
2013-08-21,1000000.0,1000000.0,0.0
2013-08-22,1000000.0,1000000.0,0.0
2013-08-23,1000000.0,1000000.0,0.0
2013-08-26,1000000.0,1000000.0,0.0
2013-08-27,1000000.0,1000000.0,0.0
2013-08-28,1000000.0,1000000.0,0.0
2013-08-29,1000000.0,1000000.0,0.0
2013-08-30,1000000.0,1000000.0,0.0
2013-09-03,1000000.0,1000000.0,0.0
2013-09-04,1000000.0,1000000.0,0.0
2013-09-05,1000000.0,1000000.0,0.0
2013-09-06,1000000.0,1000000.0,0.0
2013-09-09,1000000.0,1000000.0,0.0
2013-09-10,1000000.0,1000000.0,0.0
2013-09-11,1000000.0,1000000.0,0.0
2013-09-12,1000000.0,1000000.0,0.0
2013-09-13,1000000.0,1000000.0,0.0
2013-09-16,1000000.0,1000000.0,0.0
2013-09-17,1000000.0,1000000.0,0.0
2013-09-18,1000000.0,1000000.0,0.0
2013-09-19,1000000.0,1000000.0,0.0
2013-09-20,1000000.0,1000000.0,0.0
2013-09-23,1000000.0,1000000.0,0.0
2013-09-24,1000000.0,1000000.0,0.0
2013-09-25,1000000.0,1000000.0,0.0
2013-09-26,1000000.0,1000000.0,0.0
2013-09-27,1000000.0,1000000.0,0.0
2013-09-30,1000000.0,1000000.0,0.0
2013-10-01,1000000.0,1000000.0,0.0
2013-10-02,1000000.0,1000000.0,0.0
2013-10-03,1000000.0,1000000.0,0.0
2013-10-04,1000000.0,1000000.0,0.0
2013-10-07,1000000.0,1000000.0,0.0
2013-10-08,1000000.0,1000000.0,0.0
2013-10-09,1000000.0,1000000.0,0.0
2013-10-10,1000000.0,1000000.0,0.0
2013-10-11,1000000.0,1000000.0,0.0
2013-10-14,1000000.0,1000000.0,0.0
2013-10-15,1000000.0,1000000.0,0.0
2013-10-16,1000000.0,1000000.0,0.0
2013-10-17,1000000.0,1000000.0,0.0
2013-10-18,1000000.0,1000000.0,0.0
2013-10-21,1000000.0,1000000.0,0.0
2013-10-22,1000000.0,1000000.0,0.0
2013-10-23,1000000.0,1000000.0,0.0
2013-10-24,1000000.0,1000000.0,0.0
2013-10-25,1000000.0,1000000.0,0.0
2013-10-28,1000000.0,1000000.0,0.0
2013-10-29,1000000.0,1000000.0,0.0
2013-10-30,1000000.0,1000000.0,0.0
2013-10-31,1000000.0,1000000.0,0.0
2013-11-01,1000000.0,1000000.0,0.0
2013-11-04,1000000.0,1000000.0,0.0
2013-11-05,1000000.0,1000000.0,0.0
2013-11-06,1000000.0,1000000.0,0.0
2013-11-07,1000000.0,1000000.0,0.0
2013-11-08,1000000.0,1000000.0,0.0
2013-11-11,1000000.0,1000000.0,0.0
2013-11-12,1000000.0,1000000.0,0.0
2013-11-13,1000000.0,1000000.0,0.0
2013-11-14,1000000.0,1000000.0,0.0
2013-11-15,1000000.0,1000000.0,0.0
2013-11-18,1000000.0,1000000.0,0.0
2013-11-19,1000000.0,1000000.0,0.0
2013-11-20,1000000.0,1000000.0,0.0
2013-11-21,1000000.0,1000000.0,0.0
2013-11-22,1000000.0,1000000.0,0.0
2013-11-25,1000000.0,1000000.0,0.0
2013-11-26,1000000.0,1000000.0,0.0
2013-11-27,1000000.0,1000000.0,0.0
2013-11-29,1000000.0,1000000.0,0.0
2013-12-02,1000000.0,1000000.0,0.0
2013-12-03,1000000.0,1000000.0,0.0
2013-12-04,1000000.0,1000000.0,0.0
2013-12-05,1000000.0,1000000.0,0.0
2013-12-06,1000000.0,1000000.0,0.0
2013-12-09,1000000.0,1000000.0,0.0
2013-12-10,1000000.0,1000000.0,0.0
2013-12-11,1000000.0,1000000.0,0.0
2013-12-12,1000000.0,1000000.0,0.0
2013-12-13,1000000.0,1000000.0,0.0
2013-12-16,1000000.0,1000000.0,0.0
2013-12-17,1000000.0,1000000.0,0.0
2013-12-18,1000000.0,1000000.0,0.0
2013-12-19,1000000.0,1000000.0,0.0
2013-12-20,1000000.0,1000000.0,0.0
2013-12-23,1000000.0,1000000.0,0.0
2013-12-24,1000000.0,1000000.0,0.0
2013-12-26,1000000.0,1000000.0,0.0
2013-12-27,1000000.0,1000000.0,0.0
2013-12-30,1000000.0,1000000.0,0.0
2013-12-31,1000000.0,1000000.0,0.0
2014-01-02,1000000.0,1000000.0,0.0
2014-01-03,1000000.0,1000000.0,0.0
2014-01-06,1000000.0,1000000.0,0.0
2014-01-07,1000000.0,1000000.0,0.0
2014-01-08,1000000.0,1000000.0,0.0
2014-01-09,1000000.0,1000000.0,0.0
2014-01-10,1000000.0,1000000.0,0.0
2014-01-13,1000000.0,1000000.0,0.0
2014-01-14,1000000.0,1000000.0,0.0
2014-01-15,1000000.0,1000000.0,0.0
2014-01-16,1000000.0,1000000.0,0.0
2014-01-17,1000000.0,1000000.0,0.0
2014-01-21,1000000.0,1000000.0,0.0
2014-01-22,1000000.0,1000000.0,0.0
2014-01-23,1000000.0,1000000.0,0.0
2014-01-24,1000000.0,1000000.0,0.0
2014-01-27,1000000.0,1000000.0,0.0
2014-01-28,1000000.0,1000000.0,0.0
2014-01-29,1000000.0,1000000.0,0.0
2014-01-30,1000000.0,1000000.0,0.0
2014-01-31,1000000.0,1000000.0,0.0
2014-02-03,1000000.0,1000000.0,0.0
2014-02-04,1000000.0,1000000.0,0.0
2014-02-05,1000000.0,1000000.0,0.0
2014-02-06,1000000.0,1000000.0,0.0
2014-02-07,1000000.0,1000000.0,0.0
2014-02-10,1000000.0,1000000.0,0.0
2014-02-11,1000000.0,1000000.0,0.0
2014-02-12,1000000.0,1000000.0,0.0
2014-02-13,1000000.0,1000000.0,0.0
2014-02-14,1000000.0,1000000.0,0.0
2014-02-18,1000000.0,1000000.0,0.0
2014-02-19,1000000.0,1000000.0,0.0
2014-02-20,1000000.0,1000000.0,0.0
2014-02-21,1000000.0,1000000.0,0.0
2014-02-24,1000000.0,1000000.0,0.0
2014-02-25,1000000.0,1000000.0,0.0
2014-02-26,1000000.0,1000000.0,0.0
2014-02-27,1000000.0,1000000.0,0.0
2014-02-28,1000000.0,1000000.0,0.0
2014-03-03,1000000.0,1000000.0,0.0
2014-03-04,1000000.0,1000000.0,0.0
2014-03-05,1000000.0,1000000.0,0.0
2014-03-06,1000000.0,1000000.0,0.0
2014-03-07,1000000.0,1000000.0,0.0
2014-03-10,1000000.0,1000000.0,0.0
2014-03-11,1000000.0,1000000.0,0.0
2014-03-12,1000000.0,1000000.0,0.0
2014-03-13,1000000.0,1000000.0,0.0
2014-03-14,1000000.0,1000000.0,0.0
2014-03-17,1000000.0,1000000.0,0.0
2014-03-18,1000000.0,1000000.0,0.0
2014-03-19,1000000.0,1000000.0,0.0
2014-03-20,1000000.0,1000000.0,0.0
2014-03-21,1000000.0,1000000.0,0.0
2014-03-24,1000000.0,1000000.0,0.0
2014-03-25,1000000.0,1000000.0,0.0
2014-03-26,1000000.0,1000000.0,0.0
2014-03-27,1000000.0,1000000.0,0.0
2014-03-28,1000000.0,1000000.0,0.0
2014-03-31,1000000.0,1000000.0,0.0
2014-04-01,1000000.0,1000000.0,0.0
2014-04-02,1000000.0,1000000.0,0.0
2014-04-03,1000000.0,1000000.0,0.0
2014-04-04,1000000.0,1000000.0,0.0
2014-04-07,1000000.0,1000000.0,0.0
2014-04-08,1000000.0,1000000.0,0.0
2014-04-09,1000000.0,1000000.0,0.0
2014-04-10,1000000.0,1000000.0,0.0
2014-04-11,1000000.0,1000000.0,0.0
2014-04-14,1000000.0,1000000.0,0.0
2014-04-15,1000000.0,1000000.0,0.0
2014-04-16,1000000.0,1000000.0,0.0
2014-04-17,1000000.0,1000000.0,0.0
2014-04-21,1000000.0,1000000.0,0.0
2014-04-22,1000000.0,1000000.0,0.0
2014-04-23,1000000.0,1000000.0,0.0
2014-04-24,1000000.0,1000000.0,0.0
2014-04-25,1000000.0,1000000.0,0.0
2014-04-28,1000000.0,1000000.0,0.0
2014-04-29,1000000.0,1000000.0,0.0
2014-04-30,1000000.0,1000000.0,0.0
2014-05-01,1000000.0,1000000.0,0.0
2014-05-02,1000000.0,1000000.0,0.0
2014-05-05,1000000.0,1000000.0,0.0
2014-05-06,1000000.0,1000000.0,0.0
2014-05-07,1000000.0,1000000.0,0.0
2014-05-08,1000000.0,1000000.0,0.0
2014-05-09,1000000.0,1000000.0,0.0
2014-05-12,1000000.0,1000000.0,0.0
2014-05-13,1000000.0,1000000.0,0.0
2014-05-14,1000000.0,1000000.0,0.0
2014-05-15,1000000.0,1000000.0,0.0
2014-05-16,1000000.0,1000000.0,0.0
2014-05-19,1000000.0,1000000.0,0.0
2014-05-20,1000000.0,1000000.0,0.0
2014-05-21,1000000.0,1000000.0,0.0
2014-05-22,1000000.0,1000000.0,0.0
2014-05-23,1000000.0,1000000.0,0.0
2014-05-27,1000000.0,1000000.0,0.0
2014-05-28,1000000.0,1000000.0,0.0
2014-05-29,1000000.0,1000000.0,0.0
2014-05-30,1000000.0,1000000.0,0.0
2014-06-02,1000000.0,1000000.0,0.0
2014-06-03,1000000.0,1000000.0,0.0
2014-06-04,1000000.0,1000000.0,0.0
2014-06-05,1000000.0,1000000.0,0.0
2014-06-06,1000000.0,1000000.0,0.0
2014-06-09,1000000.0,1000000.0,0.0
2014-06-10,1000000.0,1000000.0,0.0
2014-06-11,1000000.0,1000000.0,0.0
2014-06-12,1000000.0,1000000.0,0.0
2014-06-13,1000000.0,1000000.0,0.0
2014-06-16,1000000.0,1000000.0,0.0
2014-06-17,1000000.0,1000000.0,0.0
2014-06-18,1000000.0,1000000.0,0.0
2014-06-19,1000000.0,1000000.0,0.0
2014-06-20,1000000.0,1000000.0,0.0
2014-06-23,1000000.0,1000000.0,0.0
2014-06-24,1000000.0,1000000.0,0.0
2014-06-25,1000000.0,1000000.0,0.0
2014-06-26,1000000.0,1000000.0,0.0
2014-06-27,1000000.0,1000000.0,0.0
2014-06-30,1000000.0,1000000.0,0.0
2014-07-01,1000000.0,1000000.0,0.0
2014-07-02,1000000.0,1000000.0,0.0
2014-07-03,1000000.0,1000000.0,0.0
2014-07-07,1000000.0,1000000.0,0.0
2014-07-08,1000000.0,1000000.0,0.0
2014-07-09,1000000.0,1000000.0,0.0
2014-07-10,1000000.0,1000000.0,0.0
2014-07-11,1000000.0,1000000.0,0.0
2014-07-14,1000000.0,1000000.0,0.0
2014-07-15,1000000.0,1000000.0,0.0
2014-07-16,1000000.0,1000000.0,0.0
2014-07-17,1000000.0,1000000.0,0.0
2014-07-18,1000000.0,1000000.0,0.0
2014-07-21,1000000.0,1000000.0,0.0
2014-07-22,1000000.0,1000000.0,0.0
2014-07-23,1000000.0,1000000.0,0.0
2014-07-24,1000000.0,1000000.0,0.0
2014-07-25,1000000.0,1000000.0,0.0
2014-07-28,1000000.0,1000000.0,0.0
2014-07-29,1000000.0,1000000.0,0.0
2014-07-30,1000000.0,1000000.0,0.0
2014-07-31,1000000.0,1000000.0,0.0
2014-08-01,1000000.0,1000000.0,0.0
2014-08-04,1000000.0,1000000.0,0.0
2014-08-05,1000000.0,1000000.0,0.0
2014-08-06,1000000.0,1000000.0,0.0
2014-08-07,1000000.0,1000000.0,0.0
2014-08-08,1000000.0,1000000.0,0.0
2014-08-11,1000000.0,1000000.0,0.0
2014-08-12,1000000.0,1000000.0,0.0
2014-08-13,1000000.0,1000000.0,0.0
2014-08-14,1000000.0,1000000.0,0.0
2014-08-15,1000000.0,1000000.0,0.0
2014-08-18,1000000.0,1000000.0,0.0
2014-08-19,1000000.0,1000000.0,0.0
2014-08-20,1000000.0,1000000.0,0.0
2014-08-21,1000000.0,1000000.0,0.0
2014-08-22,1000000.0,1000000.0,0.0
2014-08-25,1000000.0,1000000.0,0.0
2014-08-26,1000000.0,1000000.0,0.0
2014-08-27,1000000.0,1000000.0,0.0
2014-08-28,1000000.0,1000000.0,0.0
2014-08-29,1000000.0,1000000.0,0.0
2014-09-02,1000000.0,1000000.0,0.0
2014-09-03,1000000.0,1000000.0,0.0
2014-09-04,1000000.0,1000000.0,0.0
2014-09-05,1000000.0,1000000.0,0.0
2014-09-08,1000000.0,1000000.0,0.0
2014-09-09,1000000.0,1000000.0,0.0
2014-09-10,1000000.0,1000000.0,0.0
2014-09-11,1000000.0,1000000.0,0.0
2014-09-12,1000000.0,1000000.0,0.0
2014-09-15,1000000.0,1000000.0,0.0
2014-09-16,1000000.0,1000000.0,0.0
2014-09-17,1000000.0,1000000.0,0.0
2014-09-18,1000000.0,1000000.0,0.0
2014-09-19,1000000.0,1000000.0,0.0
2014-09-22,1000000.0,1000000.0,0.0
2014-09-23,1000000.0,1000000.0,0.0
2014-09-24,1000000.0,1000000.0,0.0
2014-09-25,1000000.0,1000000.0,0.0
2014-09-26,1000000.0,1000000.0,0.0
2014-09-29,1000000.0,1000000.0,0.0
2014-09-30,1000000.0,1000000.0,0.0
2014-10-01,1000000.0,1000000.0,0.0
2014-10-02,1000000.0,1000000.0,0.0
2014-10-03,1000000.0,1000000.0,0.0
2014-10-06,1000000.0,1000000.0,0.0
2014-10-07,1000000.0,1000000.0,0.0
2014-10-08,1000000.0,1000000.0,0.0
2014-10-09,1000000.0,1000000.0,0.0
2014-10-10,1000000.0,1000000.0,0.0
2014-10-13,1000000.0,1000000.0,0.0
2014-10-14,1000000.0,1000000.0,0.0
2014-10-15,1000000.0,1000000.0,0.0
2014-10-16,1000000.0,1000000.0,0.0
2014-10-17,1000000.0,1000000.0,0.0
2014-10-20,1000000.0,1000000.0,0.0
2014-10-21,1000000.0,1000000.0,0.0
2014-10-22,1000000.0,1000000.0,0.0
2014-10-23,1000000.0,1000000.0,0.0
2014-10-24,1000000.0,1000000.0,0.0
2014-10-27,1000000.0,1000000.0,0.0
2014-10-28,1000000.0,1000000.0,0.0
2014-10-29,1000000.0,1000000.0,0.0
2014-10-30,1000000.0,1000000.0,0.0
2014-10-31,1000000.0,1000000.0,0.0
2014-11-03,1000000.0,1000000.0,0.0
2014-11-04,1000000.0,1000000.0,0.0
2014-11-05,1000000.0,1000000.0,0.0
2014-11-06,1000000.0,1000000.0,0.0
2014-11-07,1000000.0,1000000.0,0.0
2014-11-10,1000000.0,1000000.0,0.0
2014-11-11,1000000.0,1000000.0,0.0
2014-11-12,1000000.0,1000000.0,0.0
2014-11-13,1000000.0,1000000.0,0.0
2014-11-14,1000000.0,1000000.0,0.0
2014-11-17,1000000.0,1000000.0,0.0
2014-11-18,1000000.0,1000000.0,0.0
2014-11-19,1000000.0,1000000.0,0.0
2014-11-20,1000000.0,1000000.0,0.0
2014-11-21,1000000.0,1000000.0,0.0
2014-11-24,1000000.0,1000000.0,0.0
2014-11-25,1000000.0,1000000.0,0.0
2014-11-26,1000000.0,1000000.0,0.0
2014-11-28,1000000.0,1000000.0,0.0
2014-12-01,1000000.0,1000000.0,0.0
2014-12-02,1000000.0,1000000.0,0.0
2014-12-03,1000000.0,1000000.0,0.0
2014-12-04,1000000.0,1000000.0,0.0
2014-12-05,1000000.0,1000000.0,0.0
2014-12-08,1000000.0,1000000.0,0.0
2014-12-09,1000000.0,1000000.0,0.0
2014-12-10,1000000.0,1000000.0,0.0
2014-12-11,1000000.0,1000000.0,0.0
2014-12-12,1000000.0,1000000.0,0.0
2014-12-15,1000000.0,1000000.0,0.0
2014-12-16,1000000.0,1000000.0,0.0
2014-12-17,1000000.0,1000000.0,0.0
2014-12-18,1000000.0,1000000.0,0.0
2014-12-19,1000000.0,1000000.0,0.0
2014-12-22,1000000.0,1000000.0,0.0
2014-12-23,1000000.0,1000000.0,0.0
2014-12-24,1000000.0,1000000.0,0.0
2014-12-26,1000000.0,1000000.0,0.0
2014-12-29,1000000.0,1000000.0,0.0
2014-12-30,1000000.0,1000000.0,0.0
2014-12-31,1000000.0,1000000.0,0.0
2015-01-02,1000000.0,1000000.0,0.0
2015-01-05,1000000.0,1000000.0,0.0
2015-01-06,1000000.0,1000000.0,0.0
2015-01-07,1000000.0,1000000.0,0.0
2015-01-08,1000000.0,1000000.0,0.0
2015-01-09,1000000.0,1000000.0,0.0
2015-01-12,1000000.0,1000000.0,0.0
2015-01-13,1000000.0,1000000.0,0.0
2015-01-14,1000000.0,1000000.0,0.0
2015-01-15,1000000.0,1000000.0,0.0
2015-01-16,1000000.0,1000000.0,0.0
2015-01-20,1000000.0,1000000.0,0.0
2015-01-21,1000000.0,1000000.0,0.0
2015-01-22,1000000.0,1000000.0,0.0
2015-01-23,1000000.0,1000000.0,0.0
2015-01-26,1000000.0,1000000.0,0.0
2015-01-27,1000000.0,1000000.0,0.0
2015-01-28,1000000.0,1000000.0,0.0
2015-01-29,1000000.0,1000000.0,0.0
2015-01-30,1000000.0,1000000.0,0.0
2015-02-02,1000000.0,1000000.0,0.0
2015-02-03,1000000.0,1000000.0,0.0
2015-02-04,1000000.0,1000000.0,0.0
2015-02-05,1000000.0,1000000.0,0.0
2015-02-06,1000000.0,1000000.0,0.0
2015-02-09,1000000.0,1000000.0,0.0
2015-02-10,1000000.0,1000000.0,0.0
2015-02-11,1000000.0,1000000.0,0.0
2015-02-12,1000000.0,1000000.0,0.0
2015-02-13,1000000.0,1000000.0,0.0
2015-02-17,1000000.0,1000000.0,0.0
2015-02-18,1000000.0,1000000.0,0.0
2015-02-19,1000000.0,1000000.0,0.0
2015-02-20,1000000.0,1000000.0,0.0
2015-02-23,1000000.0,1000000.0,0.0
2015-02-24,1000000.0,1000000.0,0.0
2015-02-25,1000000.0,1000000.0,0.0
2015-02-26,1000000.0,1000000.0,0.0
2015-02-27,1000000.0,1000000.0,0.0
2015-03-02,1000000.0,1000000.0,0.0
2015-03-03,1000000.0,1000000.0,0.0
2015-03-04,1000000.0,1000000.0,0.0
2015-03-05,1000000.0,1000000.0,0.0
2015-03-06,1000000.0,1000000.0,0.0
2015-03-09,1000000.0,1000000.0,0.0
2015-03-10,1000000.0,1000000.0,0.0
2015-03-11,1000000.0,1000000.0,0.0
2015-03-12,1000000.0,1000000.0,0.0
2015-03-13,1000000.0,1000000.0,0.0
2015-03-16,1000000.0,1000000.0,0.0
2015-03-17,1000000.0,1000000.0,0.0
2015-03-18,1000000.0,1000000.0,0.0
2015-03-19,1000000.0,1000000.0,0.0
2015-03-20,1000000.0,1000000.0,0.0
2015-03-23,1000000.0,1000000.0,0.0
2015-03-24,1000000.0,1000000.0,0.0
2015-03-25,1000000.0,1000000.0,0.0
2015-03-26,1000000.0,1000000.0,0.0
2015-03-27,1000000.0,1000000.0,0.0
2015-03-30,1000000.0,1000000.0,0.0
2015-03-31,1000000.0,1000000.0,0.0
2015-04-01,1000000.0,1000000.0,0.0
2015-04-02,1000000.0,1000000.0,0.0
2015-04-06,1000000.0,1000000.0,0.0
2015-04-07,1000000.0,1000000.0,0.0
2015-04-08,1000000.0,1000000.0,0.0
2015-04-09,1000000.0,1000000.0,0.0
2015-04-10,1000000.0,1000000.0,0.0
2015-04-13,1000000.0,1000000.0,0.0
2015-04-14,1000000.0,1000000.0,0.0
2015-04-15,1000000.0,1000000.0,0.0
2015-04-16,1000000.0,1000000.0,0.0
2015-04-17,1000000.0,1000000.0,0.0
2015-04-20,1000000.0,1000000.0,0.0
2015-04-21,1000000.0,1000000.0,0.0
2015-04-22,1000000.0,1000000.0,0.0
2015-04-23,1000000.0,1000000.0,0.0
2015-04-24,1000000.0,1000000.0,0.0
2015-04-27,1000000.0,1000000.0,0.0
2015-04-28,1000000.0,1000000.0,0.0
2015-04-29,1000000.0,1000000.0,0.0
2015-04-30,1000000.0,1000000.0,0.0
2015-05-01,1000000.0,1000000.0,0.0
2015-05-04,1000000.0,1000000.0,0.0
2015-05-05,1000000.0,1000000.0,0.0
2015-05-06,1000000.0,1000000.0,0.0
2015-05-07,1000000.0,1000000.0,0.0
2015-05-08,1000000.0,1000000.0,0.0
2015-05-11,1000000.0,1000000.0,0.0
2015-05-12,1000000.0,1000000.0,0.0
2015-05-13,1000000.0,1000000.0,0.0
2015-05-14,1000000.0,1000000.0,0.0
2015-05-15,1000000.0,1000000.0,0.0
2015-05-18,1000000.0,1000000.0,0.0
2015-05-19,1000000.0,1000000.0,0.0
2015-05-20,1000000.0,1000000.0,0.0
2015-05-21,1000000.0,1000000.0,0.0
2015-05-22,1000000.0,1000000.0,0.0
2015-05-26,1000000.0,1000000.0,0.0
2015-05-27,1000000.0,1000000.0,0.0
2015-05-28,1000000.0,1000000.0,0.0
2015-05-29,1000000.0,1000000.0,0.0
2015-06-01,1000000.0,1000000.0,0.0
2015-06-02,1000000.0,1000000.0,0.0
2015-06-03,1000000.0,1000000.0,0.0
2015-06-04,1000000.0,1000000.0,0.0
2015-06-05,1000000.0,1000000.0,0.0
2015-06-08,1000000.0,1000000.0,0.0
2015-06-09,1000000.0,1000000.0,0.0
2015-06-10,1000000.0,1000000.0,0.0
2015-06-11,1000000.0,1000000.0,0.0
2015-06-12,1000000.0,1000000.0,0.0
2015-06-15,1000000.0,1000000.0,0.0
2015-06-16,1000000.0,1000000.0,0.0
2015-06-17,1000000.0,1000000.0,0.0
2015-06-18,1000000.0,1000000.0,0.0
2015-06-19,1000000.0,1000000.0,0.0
2015-06-22,1000000.0,1000000.0,0.0
2015-06-23,1000000.0,1000000.0,0.0
2015-06-24,1000000.0,1000000.0,0.0
2015-06-25,1000000.0,1000000.0,0.0
2015-06-26,1000000.0,1000000.0,0.0
2015-06-29,1000000.0,1000000.0,0.0
2015-06-30,1000000.0,1000000.0,0.0
2015-07-01,1000000.0,1000000.0,0.0
2015-07-02,1000000.0,1000000.0,0.0
2015-07-06,1000000.0,1000000.0,0.0
2015-07-07,1000000.0,1000000.0,0.0
2015-07-08,1000000.0,1000000.0,0.0
2015-07-09,1000000.0,1000000.0,0.0
2015-07-10,1000000.0,1000000.0,0.0
2015-07-13,1000000.0,1000000.0,0.0
2015-07-14,1000000.0,1000000.0,0.0
2015-07-15,1000000.0,1000000.0,0.0
2015-07-16,1000000.0,1000000.0,0.0
2015-07-17,1000000.0,1000000.0,0.0
2015-07-20,1000000.0,1000000.0,0.0
2015-07-21,1000000.0,1000000.0,0.0
2015-07-22,1000000.0,1000000.0,0.0
2015-07-23,1000000.0,1000000.0,0.0
2015-07-24,1000000.0,1000000.0,0.0
2015-07-27,1000000.0,1000000.0,0.0
2015-07-28,1000000.0,1000000.0,0.0
2015-07-29,1000000.0,1000000.0,0.0
2015-07-30,1000000.0,1000000.0,0.0
2015-07-31,1000000.0,1000000.0,0.0
2015-08-03,1000000.0,1000000.0,0.0
2015-08-04,1000000.0,1000000.0,0.0
2015-08-05,1000000.0,1000000.0,0.0
2015-08-06,1000000.0,1000000.0,0.0
2015-08-07,1000000.0,1000000.0,0.0
2015-08-10,1000000.0,1000000.0,0.0
2015-08-11,1000000.0,1000000.0,0.0
2015-08-12,1000000.0,1000000.0,0.0
2015-08-13,1000000.0,1000000.0,0.0
2015-08-14,1000000.0,1000000.0,0.0
2015-08-17,1000000.0,1000000.0,0.0
2015-08-18,1000000.0,1000000.0,0.0
2015-08-19,1000000.0,1000000.0,0.0
2015-08-20,1000000.0,1000000.0,0.0
2015-08-21,1000000.0,1000000.0,0.0
2015-08-24,1000000.0,1000000.0,0.0
2015-08-25,1000000.0,1000000.0,0.0
2015-08-26,1000000.0,1000000.0,0.0
2015-08-27,1000000.0,1000000.0,0.0
2015-08-28,1000000.0,1000000.0,0.0
2015-08-31,1000000.0,1000000.0,0.0
2015-09-01,1000000.0,1000000.0,0.0
2015-09-02,1000000.0,1000000.0,0.0
2015-09-03,1000000.0,1000000.0,0.0
2015-09-04,1000000.0,1000000.0,0.0
2015-09-08,1000000.0,1000000.0,0.0
2015-09-09,1000000.0,1000000.0,0.0
2015-09-10,1000000.0,1000000.0,0.0
2015-09-11,1000000.0,1000000.0,0.0
2015-09-14,1000000.0,1000000.0,0.0
2015-09-15,1000000.0,1000000.0,0.0
2015-09-16,1000000.0,1000000.0,0.0
2015-09-17,1000000.0,1000000.0,0.0
2015-09-18,1000000.0,1000000.0,0.0
2015-09-21,1000000.0,1000000.0,0.0
2015-09-22,1000000.0,1000000.0,0.0
2015-09-23,1000000.0,1000000.0,0.0
2015-09-24,1000000.0,1000000.0,0.0
2015-09-25,1000000.0,1000000.0,0.0
2015-09-28,1000000.0,1000000.0,0.0
2015-09-29,1000000.0,1000000.0,0.0
2015-09-30,1000000.0,1000000.0,0.0
2015-10-01,1000000.0,1000000.0,0.0
2015-10-02,1000000.0,1000000.0,0.0
2015-10-05,1000000.0,1000000.0,0.0
2015-10-06,1000000.0,1000000.0,0.0
2015-10-07,1000000.0,1000000.0,0.0
2015-10-08,1000000.0,1000000.0,0.0
2015-10-09,1000000.0,1000000.0,0.0
2015-10-12,1000000.0,1000000.0,0.0
2015-10-13,1000000.0,1000000.0,0.0
2015-10-14,1000000.0,1000000.0,0.0
2015-10-15,1000000.0,1000000.0,0.0
2015-10-16,1000000.0,1000000.0,0.0
2015-10-19,1000000.0,1000000.0,0.0
2015-10-20,1000000.0,1000000.0,0.0
2015-10-21,1000000.0,1000000.0,0.0
2015-10-22,1000000.0,1000000.0,0.0
2015-10-23,1000000.0,1000000.0,0.0
2015-10-26,1000000.0,1000000.0,0.0
2015-10-27,1000000.0,1000000.0,0.0
2015-10-28,1000000.0,1000000.0,0.0
2015-10-29,1000000.0,1000000.0,0.0
2015-10-30,1000000.0,1000000.0,0.0
2015-11-02,1000000.0,1000000.0,0.0
2015-11-03,1000000.0,1000000.0,0.0
2015-11-04,1000000.0,1000000.0,0.0
2015-11-05,1000000.0,1000000.0,0.0
2015-11-06,1000000.0,1000000.0,0.0
2015-11-09,1000000.0,1000000.0,0.0
2015-11-10,1000000.0,1000000.0,0.0
2015-11-11,1000000.0,1000000.0,0.0
2015-11-12,1000000.0,1000000.0,0.0
2015-11-13,1000000.0,1000000.0,0.0
2015-11-16,1000000.0,1000000.0,0.0
2015-11-17,1000000.0,1000000.0,0.0
2015-11-18,1000000.0,1000000.0,0.0
2015-11-19,1000000.0,1000000.0,0.0
2015-11-20,1000000.0,1000000.0,0.0
2015-11-23,1000000.0,1000000.0,0.0
2015-11-24,1000000.0,1000000.0,0.0
2015-11-25,1000000.0,1000000.0,0.0
2015-11-27,1000000.0,1000000.0,0.0
2015-11-30,1000000.0,1000000.0,0.0
2015-12-01,1000000.0,1000000.0,0.0
2015-12-02,1000000.0,1000000.0,0.0
2015-12-03,1000000.0,1000000.0,0.0
2015-12-04,1000000.0,1000000.0,0.0
2015-12-07,1000000.0,1000000.0,0.0
2015-12-08,1000000.0,1000000.0,0.0
2015-12-09,1000000.0,1000000.0,0.0
2015-12-10,1000000.0,1000000.0,0.0
2015-12-11,1000000.0,1000000.0,0.0
2015-12-14,1000000.0,1000000.0,0.0
2015-12-15,1000000.0,1000000.0,0.0
2015-12-16,1000000.0,1000000.0,0.0
2015-12-17,1000000.0,1000000.0,0.0
2015-12-18,1000000.0,1000000.0,0.0
2015-12-21,1000000.0,1000000.0,0.0
2015-12-22,1000000.0,1000000.0,0.0
2015-12-23,1000000.0,1000000.0,0.0
2015-12-24,1000000.0,1000000.0,0.0
2015-12-28,1000000.0,1000000.0,0.0
2015-12-29,1000000.0,1000000.0,0.0
2015-12-30,1000000.0,1000000.0,0.0
2015-12-31,1000000.0,1000000.0,0.0
2016-01-04,1000000.0,1000000.0,0.0
2016-01-05,1000000.0,1000000.0,0.0
2016-01-06,1000000.0,1000000.0,0.0
2016-01-07,1000000.0,1000000.0,0.0
2016-01-08,1000000.0,1000000.0,0.0
2016-01-11,1000000.0,1000000.0,0.0
2016-01-12,1000000.0,1000000.0,0.0
2016-01-13,1000000.0,1000000.0,0.0
2016-01-14,1000000.0,1000000.0,0.0
2016-01-15,1000000.0,1000000.0,0.0
2016-01-19,1000000.0,1000000.0,0.0
2016-01-20,1000000.0,1000000.0,0.0
2016-01-21,1000000.0,1000000.0,0.0
2016-01-22,1000000.0,1000000.0,0.0
2016-01-25,1000000.0,1000000.0,0.0
2016-01-26,1000000.0,1000000.0,0.0
2016-01-27,1000000.0,1000000.0,0.0
2016-01-28,1000000.0,1000000.0,0.0
2016-01-29,1000000.0,1000000.0,0.0
2016-02-01,1000000.0,1000000.0,0.0
2016-02-02,1000000.0,1000000.0,0.0
2016-02-03,1000000.0,1000000.0,0.0
2016-02-04,1000000.0,1000000.0,0.0
2016-02-05,1000000.0,1000000.0,0.0
2016-02-08,1000000.0,1000000.0,0.0
2016-02-09,1000000.0,1000000.0,0.0
2016-02-10,1000000.0,1000000.0,0.0
2016-02-11,1000000.0,1000000.0,0.0
2016-02-12,1000000.0,1000000.0,0.0
2016-02-16,1000000.0,1000000.0,0.0
2016-02-17,1000000.0,1000000.0,0.0
2016-02-18,1000000.0,1000000.0,0.0
2016-02-19,1000000.0,1000000.0,0.0
2016-02-22,1000000.0,1000000.0,0.0
2016-02-23,1000000.0,1000000.0,0.0
2016-02-24,1000000.0,1000000.0,0.0
2016-02-25,1000000.0,1000000.0,0.0
2016-02-26,1000000.0,1000000.0,0.0
2016-02-29,1000000.0,1000000.0,0.0
2016-03-01,1000000.0,1000000.0,0.0
2016-03-02,1000000.0,1000000.0,0.0
2016-03-03,1000000.0,1000000.0,0.0
2016-03-04,1000000.0,1000000.0,0.0
2016-03-07,1000000.0,1000000.0,0.0
2016-03-08,1000000.0,1000000.0,0.0
2016-03-09,1000000.0,1000000.0,0.0
2016-03-10,1000000.0,1000000.0,0.0
2016-03-11,1000000.0,1000000.0,0.0
2016-03-14,1000000.0,1000000.0,0.0
2016-03-15,1000000.0,1000000.0,0.0
2016-03-16,1000000.0,1000000.0,0.0
2016-03-17,1000000.0,1000000.0,0.0
2016-03-18,1000000.0,1000000.0,0.0
2016-03-21,1000000.0,1000000.0,0.0
2016-03-22,1000000.0,1000000.0,0.0
2016-03-23,1000000.0,1000000.0,0.0
2016-03-24,1000000.0,1000000.0,0.0
2016-03-28,1000000.0,1000000.0,0.0
2016-03-29,1000000.0,1000000.0,0.0
2016-03-30,1000000.0,1000000.0,0.0
2016-03-31,1000000.0,1000000.0,0.0
2016-04-01,1000000.0,1000000.0,0.0
2016-04-04,1000000.0,1000000.0,0.0
2016-04-05,1000000.0,1000000.0,0.0
2016-04-06,1000000.0,1000000.0,0.0
2016-04-07,1000000.0,1000000.0,0.0
2016-04-08,1000000.0,1000000.0,0.0
2016-04-11,1000000.0,1000000.0,0.0
2016-04-12,1000000.0,1000000.0,0.0
2016-04-13,1000000.0,1000000.0,0.0
2016-04-14,1000000.0,1000000.0,0.0
2016-04-15,1000000.0,1000000.0,0.0
2016-04-18,1000000.0,1000000.0,0.0
2016-04-19,1000000.0,1000000.0,0.0
2016-04-20,1000000.0,1000000.0,0.0
2016-04-21,1000000.0,1000000.0,0.0
2016-04-22,1000000.0,1000000.0,0.0
2016-04-25,1000000.0,1000000.0,0.0
2016-04-26,1000000.0,1000000.0,0.0
2016-04-27,1000000.0,1000000.0,0.0
2016-04-28,1000000.0,1000000.0,0.0
2016-04-29,1000000.0,1000000.0,0.0
2016-05-02,1000000.0,1000000.0,0.0
2016-05-03,1000000.0,1000000.0,0.0
2016-05-04,1000000.0,1000000.0,0.0
2016-05-05,1000000.0,1000000.0,0.0
2016-05-06,1000000.0,1000000.0,0.0
2016-05-09,1000000.0,1000000.0,0.0
2016-05-10,1000000.0,1000000.0,0.0
2016-05-11,1000000.0,1000000.0,0.0
2016-05-12,1000000.0,1000000.0,0.0
2016-05-13,1000000.0,1000000.0,0.0
2016-05-16,1000000.0,1000000.0,0.0
2016-05-17,1000000.0,1000000.0,0.0
2016-05-18,1000000.0,1000000.0,0.0
2016-05-19,1000000.0,1000000.0,0.0
2016-05-20,1000000.0,1000000.0,0.0
2016-05-23,1000000.0,1000000.0,0.0
2016-05-24,1000000.0,1000000.0,0.0
2016-05-25,1000000.0,1000000.0,0.0
2016-05-26,1000000.0,1000000.0,0.0
2016-05-27,1000000.0,1000000.0,0.0
2016-05-31,1000000.0,1000000.0,0.0
2016-06-01,1000000.0,1000000.0,0.0
2016-06-02,1001197.2567029616,1954.5178902142652,0.0011972567029616688
2016-06-03,1003678.6961046637,1954.5178902142652,0.0024784720344457334
2016-06-06,1004488.6601606457,1954.5178902142652,0.0008069953652753981
2016-06-07,1004381.2181829424,1954.5178902142652,-0.00010696186225356286
2016-06-08,1011213.5970253941,1954.5178902142652,0.006802575275961953
2016-06-09,1013176.4574197305,1954.5178902142652,0.0019410937512216453
2016-06-10,1006779.4556480472,1954.5178902142652,-0.006313808147471844
2016-06-13,998912.0474446744,1954.5178902142652,-0.007814430617586021
2016-06-14,1004879.7646110776,1954.5178902142652,0.005974216830870516
2016-06-15,1004735.9665589173,1954.5178902142652,-0.00014309975902038197
2016-06-16,1008284.8739032918,1954.5178902142652,0.00353217906245451
2016-06-17,1004536.3902943699,1954.5178902142652,-0.0037176830734459987
2016-06-20,1012880.7659029679,1954.5178902142652,0.008306693206159288
2016-06-21,1014758.3876570634,1954.5178902142652,0.001853744110168476
2016-06-22,1014427.4489901407,1954.5178902142652,-0.0003261255791999762
2016-06-23,1025320.0422045757,1954.5178902142652,0.010737675942501967
2016-06-24,1005182.1785328268,191393.32024165746,-0.01964056376821599
2016-06-27,1002290.6525159745,191393.32024165746,-0.0028766188643265522
2016-06-28,1009550.1318955513,191393.32024165746,0.007242888438951267
2016-06-29,1013296.2800377676,191393.32024165746,0.003710710368768355
2016-06-30,1029377.2712046768,191393.32024165746,0.015869979475607865
2016-07-01,1027960.7308812691,191393.32024165746,-0.001376113853524208
2016-07-05,1031316.3044399109,91775.22024165747,0.003264301308246509
2016-07-06,1032431.7010502706,197069.56518301758,0.0010815271760542533
2016-07-07,1029540.2052542546,197069.56518301758,-0.0028006654513557105
2016-07-08,1040464.2213118011,197069.56518301758,0.010610577422616174
2016-07-11,1042908.651940566,197069.56518301758,0.0023493653877717513
2016-07-12,1039924.4640912802,197069.56518301758,-0.0028614086609916045
2016-07-13,1042745.2169738295,197069.56518301758,0.0027124593948408826
2016-07-14,1042727.067223493,197069.56518301758,-1.740573827724301e-05
2016-07-15,1042094.4170695059,197069.56518301758,-0.0006067265096241226
2016-07-18,1041786.270791806,197069.56518301758,-0.00029569900063985965
2016-07-19,1042217.1853785457,197069.56518301758,0.00041363051023135533
2016-07-20,1042646.9503842895,197069.56518301758,0.000412356475956388
2016-07-21,1040362.0151585436,197069.56518301758,-0.0021914754796950042
2016-07-22,1046221.6731584931,197069.56518301758,0.005632325973624175
2016-07-25,1043538.3583350247,197069.56518301758,-0.0025647670014019575
2016-07-26,1042835.4730397961,197069.56518301758,-0.0006735596153361056
2016-07-27,1036309.6996989972,197069.56518301758,-0.0062577209056542404
2016-07-28,1038531.1239217704,197069.56518301758,0.002143591074577733
2016-07-29,1035007.9117476805,197069.56518301758,-0.0033924955092200504
2016-08-01,1038415.7278806062,197069.56518301758,0.0032925508049221897
2016-08-02,1033157.1432187909,97414.81713350378,-0.005064045661700489
2016-08-03,1034081.0877502391,203336.68927021738,0.000894292351858228
2016-08-04,1039823.0834475702,203336.68927021738,0.005552751873475925
2016-08-05,1044790.5931372668,203336.68927021738,0.004777264295024786
2016-08-08,1046144.7750406412,203336.68927021738,0.0012961275802723105
2016-08-09,1056091.8043770907,203336.68927021738,0.009508272252340078
2016-08-10,1046592.476605368,298110.4075931797,-0.008994793570361703
2016-08-11,1050021.6992293661,298110.4075931797,0.003276559597600981
2016-08-12,1048356.9280190152,298110.4075931797,-0.0015854636257257582
2016-08-15,1048150.3301629915,298110.4075931797,-0.0001970682412659741
2016-08-16,1043604.751349325,298110.4075931797,-0.004336762278135953
2016-08-17,1045122.3607544281,298110.4075931797,0.0014541994017762683
2016-08-18,1044977.5860497212,298110.4075931797,-0.00013852416725856909
2016-08-19,1043624.6108887932,298110.4075931797,-0.001294740843239106
2016-08-22,1044643.467103615,298110.4075931797,0.0009762669490460674
2016-08-23,1045625.0784070824,298110.4075931797,0.0009396615538015407
2016-08-24,1045758.3145139822,298110.4075931797,0.00012742244773122913
2016-08-25,1045894.6162326243,298110.4075931797,0.00013033768582126903
2016-08-26,1044294.9932762532,298110.4075931797,-0.0015294303379560503
2016-08-29,1047658.8962570237,298110.4075931797,0.003221219102293116
2016-08-30,1049484.980409253,298110.4075931797,0.001743014027517198
2016-08-31,1048835.0550818464,298110.4075931797,-0.0006192802560671673
2016-09-01,1055478.9773756831,298110.4075931797,0.006334573069087801
2016-09-02,1058566.6547967033,97426.99637258323,0.0029253803128292954
2016-09-06,1062494.8115581619,329662.28070021584,0.003710826090788766
2016-09-07,1058678.9311317597,329662.28070021584,-0.003591434409741856
2016-09-08,1054070.7362120263,329662.28070021584,-0.0043527785282427844
2016-09-09,1033678.7456831288,424975.0794196642,-0.01934594124316491
2016-09-12,1040031.4928647102,424975.0794196642,0.006145765508009049
2016-09-13,1032669.3208845648,424975.0794196642,-0.007078797162061612
2016-09-14,1031327.394489774,520028.8167311744,-0.0012994734787330486
2016-09-15,1034834.2511286988,520028.8167311744,0.0034003330636434015
2016-09-16,1032573.5336615352,520028.8167311744,-0.0021846179373148367
2016-09-19,1033037.1995915952,520028.8167311744,0.00044903913856453315
2016-09-20,1034646.7996216146,520028.8167311744,0.0015581239771962352
2016-09-21,1039948.9376832152,520028.8167311744,0.005124587505165756
2016-09-22,1043200.4582620341,520028.8167311744,0.0031266156067841777
2016-09-23,1040512.9433099314,520028.8167311744,-0.0025762210233113425
2016-09-26,1037243.6335785482,520028.8167311744,-0.0031420173601910406
2016-09-27,1040933.702195145,520028.8167311744,0.003557571719062569
2016-09-28,1041511.9146788274,520028.8167311744,0.0005554748419260847
2016-09-29,1035403.0365067674,520028.8167311744,-0.0058653944193656216
2016-09-30,1039926.3888246287,520028.8167311744,0.004368687514305636
2016-10-03,1039861.8705296366,520028.8167311744,-6.20412133833792e-05
2016-10-04,1031121.7568623961,18979.10945866788,-0.008405071783994633
2016-10-05,1030623.4836750833,18979.10945866788,-0.00048323409335193634
2016-10-06,1033041.2199074109,114200.9251229204,0.002345896702941719
2016-10-07,1031142.5015956007,114200.9251229204,-0.0018379889158540719
2016-10-10,1031979.4283042331,114200.9251229204,0.000811649900316791
2016-10-11,1020352.0485029635,209127.08186776523,-0.01126706548828782
2016-10-12,1022594.2706769721,209127.08186776523,0.002197498576396617
2016-10-13,1019089.5718003379,304265.21184276504,-0.003427262382678986
2016-10-14,1017531.2014750845,304265.21184276504,-0.0015291789538188771
2016-10-17,1015373.0626684788,304265.21184276504,-0.0021209559013788404
2016-10-18,1013305.8999298301,304265.21184276504,-0.002035865254506608
2016-10-19,1008993.2454824059,304265.21184276504,-0.004256024215118948
2016-10-20,1006217.5429247407,399109.3350905309,-0.002750962476798402
2016-10-21,1013841.3804697904,399109.3350905309,0.007576728907836117
2016-10-24,1018193.7462436614,399109.3350905309,0.0042929454821170054
2016-10-25,1014931.1688783296,399109.3350905309,-0.0032042795169074934
2016-10-26,1015047.4771053536,399109.3350905309,0.00011459715751227506
2016-10-27,1011813.4077761646,399109.3350905309,-0.0031861261686120246
2016-10-28,1015072.5441775986,399109.3350905309,0.003221084417725839
2016-10-31,1016218.1453082806,399109.3350905309,0.0011285904019895376
2016-11-01,1010286.3460249808,399109.3350905309,-0.0058371318310798115
2016-11-02,1004647.9899688901,399109.3350905309,-0.0055809484887874294
2016-11-03,1004938.0684050729,1004938.0684050729,0.0002887363923276265
2016-11-04,1004938.0684050729,1004938.0684050729,0.0
2016-11-07,1004938.0684050729,1004938.0684050729,0.0
2016-11-08,1004938.0684050729,1004938.0684050729,0.0
2016-11-09,1004938.0684050729,1004938.0684050729,0.0
2016-11-10,1004938.0684050729,1004938.0684050729,0.0
2016-11-11,1004938.0684050729,1004938.0684050729,0.0
2016-11-14,1004938.0684050729,1004938.0684050729,0.0
2016-11-15,1004938.0684050729,1004938.0684050729,0.0
2016-11-16,1004938.0684050729,1004938.0684050729,0.0
2016-11-17,1004938.0684050729,1004938.0684050729,0.0
2016-11-18,1004938.0684050729,1004938.0684050729,0.0
2016-11-21,1004938.0684050729,1004938.0684050729,0.0
2016-11-22,1004938.0684050729,1004938.0684050729,0.0
2016-11-23,1004938.0684050729,1004938.0684050729,0.0
2016-11-25,1004938.0684050729,1004938.0684050729,0.0
2016-11-28,1004938.0684050729,1004938.0684050729,0.0
2016-11-29,1004938.0684050729,1004938.0684050729,0.0
2016-11-30,1004938.0684050729,1004938.0684050729,0.0
2016-12-01,1004938.0684050729,1004938.0684050729,0.0
2016-12-02,1009048.1423825546,5537.03385067654,0.004089877880738113
2016-12-05,1016888.3663807487,5537.03385067654,0.007769920649853157
2016-12-06,1019590.8973830594,5537.03385067654,0.0026576476746700273
2016-12-07,1033131.287878455,5537.03385067654,0.013280219086056144
2016-12-08,1030222.4770262137,5537.03385067654,-0.0028155287584161748
2016-12-09,1031156.5564910846,5537.03385067654,0.0009066774271584421
2016-12-12,1022486.1169891302,99907.50103903894,-0.008408460817491248
2016-12-13,1033273.7522847359,99907.50103903894,0.01055039781603262
2016-12-14,1032623.1781386852,99907.50103903894,-0.0006296241868257724
2016-12-15,1036220.4053737659,99907.50103903894,0.0034835817278136005
2016-12-16,1035473.1930834034,99907.50103903894,-0.0007210939743007572
2016-12-19,1035561.5469336195,99907.50103903894,8.5327028074067e-05
2016-12-20,1042057.4766111688,99907.50103903894,0.006272857172791246
2016-12-21,1041966.1996917804,99907.50103903894,-8.759297969362922e-05
2016-12-22,1040446.5608492771,194923.21364942333,-0.0014584339136459734
2016-12-23,1044532.7254075458,194923.21364942333,0.003927318049793405
2016-12-27,1052214.5626084283,323764.4149535758,0.007354328891787665
2016-12-28,1043565.5184470532,323764.4149535758,-0.008219848373828165
2016-12-29,1046175.3017871918,323764.4149535758,0.002500833243342715
2016-12-30,1039600.0848989089,323764.4149535758,-0.006285004890719925
2017-01-03,1045514.6116605528,323764.4149535758,0.0056892326650965774
2017-01-04,1051730.5238045638,21433.26358408814,0.005945313508472605
2017-01-05,1055293.4674744704,225127.81432211126,0.0033876963625796286
2017-01-06,1053992.7609048272,225127.81432211126,-0.0012325543649540638
2017-01-09,1054856.8339313783,225127.81432211126,0.0008198092611275687
2017-01-10,1048377.1887235008,225127.81432211126,-0.006142677375211458
2017-01-11,1047259.4851273894,225127.81432211126,-0.001066127352000401
2017-01-12,1041930.2351132489,225127.81432211126,-0.005088757934230803
2017-01-13,1046331.0702376189,225127.81432211126,0.0042237330063576994
2017-01-17,1049514.9538001309,225127.81432211126,0.003042902627166555
2017-01-18,1052879.118875784,225127.81432211126,0.003205447491216873
2017-01-19,1053938.2043280634,225127.81432211126,0.0010058946305346872
2017-01-20,1056006.6215497216,225127.81432211126,0.0019625602460979774
2017-01-23,1053160.6577322604,225127.81432211126,-0.002695024594907003
2017-01-24,1060927.5769938612,225127.81432211126,0.0073748665073807285
2017-01-25,1062301.7820755634,225127.81432211126,0.0012952864186979163
2017-01-26,1065050.8788937964,225127.81432211126,0.002587868028293805
2017-01-27,1065745.3668758697,225127.81432211126,0.0006520702398693512
2017-01-30,1059879.8584786132,225127.81432211126,-0.005503667742371432
2017-01-31,1054805.0737091447,320273.5094401074,-0.004788075486926391
2017-02-01,1059275.1490589092,320273.5094401074,0.004237821244114537
2017-02-02,1061279.1176025788,320273.5094401074,0.0018918300362753548
2017-02-03,1065339.6710939393,1065339.6710939393,0.0038260938371550424
2017-02-06,1065339.6710939393,1065339.6710939393,0.0
2017-02-07,1065339.6710939393,1065339.6710939393,0.0
2017-02-08,1065339.6710939393,1065339.6710939393,0.0
2017-02-09,1065339.6710939393,1065339.6710939393,0.0
2017-02-10,1065339.6710939393,1065339.6710939393,0.0
2017-02-13,1065339.6710939393,1065339.6710939393,0.0
2017-02-14,1065339.6710939393,1065339.6710939393,0.0
2017-02-15,1065339.6710939393,1065339.6710939393,0.0
2017-02-16,1065339.6710939393,1065339.6710939393,0.0
2017-02-17,1065339.6710939393,1065339.6710939393,0.0
2017-02-21,1065339.6710939393,1065339.6710939393,0.0
2017-02-22,1065339.6710939393,1065339.6710939393,0.0
2017-02-23,1065339.6710939393,1065339.6710939393,0.0
2017-02-24,1065339.6710939393,1065339.6710939393,0.0
2017-02-27,1065339.6710939393,1065339.6710939393,0.0
2017-02-28,1065339.6710939393,1065339.6710939393,0.0
2017-03-01,1065339.6710939393,1065339.6710939393,0.0
2017-03-02,1065339.6710939393,1065339.6710939393,0.0
2017-03-03,1065339.6710939393,1065339.6710939393,0.0
2017-03-06,1065339.6710939393,1065339.6710939393,0.0
2017-03-07,1065339.6710939393,1065339.6710939393,0.0
2017-03-08,1065339.6710939393,1065339.6710939393,0.0
2017-03-09,1065339.6710939393,1065339.6710939393,0.0
2017-03-10,1065339.6710939393,1065339.6710939393,0.0
2017-03-13,1065339.6710939393,1065339.6710939393,0.0
2017-03-14,1065339.6710939393,1065339.6710939393,0.0
2017-03-15,1065339.6710939393,1065339.6710939393,0.0
2017-03-16,1065339.6710939393,1065339.6710939393,0.0
2017-03-17,1065339.6710939393,1065339.6710939393,0.0
2017-03-20,1065339.6710939393,1065339.6710939393,0.0
2017-03-21,1065339.6710939393,1065339.6710939393,0.0
2017-03-22,1065339.6710939393,1065339.6710939393,0.0
2017-03-23,1065339.6710939393,1065339.6710939393,0.0
2017-03-24,1065339.6710939393,1065339.6710939393,0.0
2017-03-27,1065339.6710939393,1065339.6710939393,0.0
2017-03-28,1065339.6710939393,1065339.6710939393,0.0
2017-03-29,1065339.6710939393,1065339.6710939393,0.0
2017-03-30,1065339.6710939393,1065339.6710939393,0.0
2017-03-31,1065339.6710939393,1065339.6710939393,0.0
2017-04-03,1065339.6710939393,1065339.6710939393,0.0
2017-04-04,1068750.9228806496,66177.07474329305,0.0032020320647661027
2017-04-05,1064793.1659299082,66177.07474329305,-0.003703161200622751
2017-04-06,1066699.8618514764,66177.07474329305,0.0017906725762115716
2017-04-07,1067860.4747973464,66177.07474329305,0.0010880407763955713
2017-04-10,1069521.5795134667,66177.07474329305,0.0015555447133068778
2017-04-11,1074870.8041768307,66177.07474329305,0.005001511671973269
2017-04-12,1068286.181985531,66177.07474329305,-0.0061259661772490315
2017-04-13,1058798.9384301198,66177.07474329305,-0.008880807142687241
2017-04-17,1068687.3872826556,66177.07474329305,0.009339307486648352
2017-04-18,1069527.8926209765,66177.07474329305,0.0007864838196116608
2017-04-19,1067127.570990079,66177.07474329305,-0.002244281469850451
2017-04-20,1063562.7288150582,157966.77748488873,-0.0033405960748567054
2017-04-21,1066653.6209100392,157966.77748488873,0.002906168118945507
2017-04-24,1072714.6917162833,157966.77748488873,0.005682323377923737
2017-04-25,1082254.658010194,157966.77748488873,0.008893293219138565
2017-04-26,1074163.8704353294,157966.77748488873,-0.007475863018912898
2017-04-27,1074717.0899178144,157966.77748488873,0.0005150233569677365
2017-04-28,1077341.9436495989,157966.77748488873,0.0024423671647253453
2017-05-01,1078105.6317023025,157966.77748488873,0.0007088631953904301
2017-05-02,1072861.7915869122,58990.23408476643,-0.0048639390809139815
2017-05-03,1072524.674074887,155167.35517744342,-0.0003142226842904883
2017-05-04,1075402.2084120251,155167.35517744342,0.002682953974574076
2017-05-05,1079721.3919145302,155167.35517744342,0.004016342414697949
2017-05-08,1077462.9644746582,155167.35517744342,-0.0020916761090260527
2017-05-09,1078312.6945957248,155167.35517744342,0.0007886397482634866
2017-05-10,1095963.0091637664,155167.35517744342,0.016368456623483407
2017-05-11,1099018.2039809648,155167.35517744342,0.002787680598389519
2017-05-12,1098453.6644602388,155167.35517744342,-0.0005136762236340742
2017-05-15,1108614.9291365887,155167.35517744342,0.009250517345529508
2017-05-16,1114659.9025477618,283836.86159760243,0.005452725966698768
2017-05-17,1103410.980676956,283836.86159760243,-0.010091797368053101
2017-05-18,1102498.2895051125,283836.86159760243,-0.0008271543312752261
2017-05-19,1112051.3295893276,283836.86159760243,0.008664902408604513
2017-05-22,1117690.4766528164,283836.86159760243,0.005070941343662039
2017-05-23,1117951.4635392954,283836.86159760243,0.00023350551152634402
2017-05-24,1124596.8312136994,283836.86159760243,0.005944236302858563
2017-05-25,1129604.0644180689,283836.86159760243,0.004452469601008424
2017-05-26,1129763.355371482,283836.86159760243,0.00014101485505468858
2017-05-30,1129135.725266545,283836.86159760243,-0.0005555412130804349
2017-05-31,1133580.9803775246,283836.86159760243,0.003936865171749071
2017-06-01,1135089.8968014587,283836.86159760243,0.0013311059818872373
2017-06-02,1141831.4021220815,283836.86159760243,0.005939181856537967
2017-06-05,1141010.5044980668,1141010.5044980668,-0.0007189306779346039
2017-06-06,1141010.5044980668,1141010.5044980668,0.0
2017-06-07,1141010.5044980668,1141010.5044980668,0.0
2017-06-08,1141010.5044980668,1141010.5044980668,0.0
2017-06-09,1141010.5044980668,1141010.5044980668,0.0
2017-06-12,1141010.5044980668,1141010.5044980668,0.0
2017-06-13,1141010.5044980668,1141010.5044980668,0.0
2017-06-14,1141010.5044980668,1141010.5044980668,0.0
2017-06-15,1141010.5044980668,1141010.5044980668,0.0
2017-06-16,1141010.5044980668,1141010.5044980668,0.0
2017-06-19,1141010.5044980668,1141010.5044980668,0.0
2017-06-20,1141010.5044980668,1141010.5044980668,0.0
2017-06-21,1141010.5044980668,1141010.5044980668,0.0
2017-06-22,1141010.5044980668,1141010.5044980668,0.0
2017-06-23,1141010.5044980668,1141010.5044980668,0.0
2017-06-26,1141010.5044980668,1141010.5044980668,0.0
2017-06-27,1141010.5044980668,1141010.5044980668,0.0
2017-06-28,1141010.5044980668,1141010.5044980668,0.0
2017-06-29,1141010.5044980668,1141010.5044980668,0.0
2017-06-30,1141010.5044980668,1141010.5044980668,0.0
2017-07-03,1141010.5044980668,1141010.5044980668,0.0
2017-07-05,1150543.2644726734,136522.31279291477,0.008354664516257104
2017-07-06,1144598.8971633434,136522.31279291477,-0.00516657434177803
2017-07-07,1153153.0873080825,136522.31279291477,0.007473526460613389
2017-07-10,1164179.8809075158,136522.31279291477,0.0095622981205159
2017-07-11,1167753.346769273,136522.31279291477,0.0030695135007587915
2017-07-12,1174700.5137975453,136522.31279291477,0.005949173297162824
2017-07-13,1171650.3740605703,136522.31279291477,-0.0025965254132005455
2017-07-14,1176261.5416080626,136522.31279291477,0.003935617356150001
2017-07-17,1175899.232260858,136522.31279291477,-0.00030801767667187896
2017-07-18,1178426.8183734284,136522.31279291477,0.002149492102066164
2017-07-19,1184374.3421435861,136522.31279291477,0.005047003070048017
2017-07-20,1184110.3506538002,136522.31279291477,-0.0002228953130715139
2017-07-21,1190840.864555632,136522.31279291477,0.005684025900217549
2017-07-24,1188684.8778798694,136522.31279291477,-0.0018104742119066097
2017-07-25,1181123.8530753017,326864.00022321386,-0.006360831996158223
2017-07-26,1188156.0201221365,326864.00022321386,0.005953793100126559
2017-07-27,1183540.2977682604,326864.00022321386,-0.00388477798850162
2017-07-28,1182185.2475018098,326864.00022321386,-0.0011449126565489243
2017-07-31,1180150.1302305884,423193.5885631305,-0.0017214876226226972
2017-08-01,1180757.907399426,423193.5885631305,0.0005149998743962936
2017-08-02,1175426.014378676,423193.5885631305,-0.0045156530287341345
2017-08-03,1174428.0660815167,1174428.0660815167,-0.0008490098780796762
2017-08-04,1174428.0660815167,1174428.0660815167,0.0
2017-08-07,1174428.0660815167,1174428.0660815167,0.0
2017-08-08,1174428.0660815167,1174428.0660815167,0.0
2017-08-09,1174428.0660815167,1174428.0660815167,0.0
2017-08-10,1174428.0660815167,1174428.0660815167,0.0
2017-08-11,1174428.0660815167,1174428.0660815167,0.0
2017-08-14,1174428.0660815167,1174428.0660815167,0.0
2017-08-15,1174428.0660815167,1174428.0660815167,0.0
2017-08-16,1174428.0660815167,1174428.0660815167,0.0
2017-08-17,1174428.0660815167,1174428.0660815167,0.0
2017-08-18,1174428.0660815167,1174428.0660815167,0.0
2017-08-21,1174428.0660815167,1174428.0660815167,0.0
2017-08-22,1174428.0660815167,1174428.0660815167,0.0
2017-08-23,1174428.0660815167,1174428.0660815167,0.0
2017-08-24,1174428.0660815167,1174428.0660815167,0.0
2017-08-25,1174428.0660815167,1174428.0660815167,0.0
2017-08-28,1174428.0660815167,1174428.0660815167,0.0
2017-08-29,1174428.0660815167,1174428.0660815167,0.0
2017-08-30,1174428.0660815167,1174428.0660815167,0.0
2017-08-31,1174428.0660815167,1174428.0660815167,0.0
2017-09-01,1174428.0660815167,1174428.0660815167,0.0
2017-09-05,1174428.0660815167,1174428.0660815167,0.0
2017-09-06,1174428.0660815167,1174428.0660815167,0.0
2017-09-07,1174428.0660815167,1174428.0660815167,0.0
2017-09-08,1174428.0660815167,1174428.0660815167,0.0
2017-09-11,1174428.0660815167,1174428.0660815167,0.0
2017-09-12,1174428.0660815167,1174428.0660815167,0.0
2017-09-13,1174428.0660815167,1174428.0660815167,0.0
2017-09-14,1174428.0660815167,1174428.0660815167,0.0
2017-09-15,1174428.0660815167,1174428.0660815167,0.0
2017-09-18,1174428.0660815167,1174428.0660815167,0.0
2017-09-19,1174428.0660815167,1174428.0660815167,0.0
2017-09-20,1174428.0660815167,1174428.0660815167,0.0
2017-09-21,1174428.0660815167,1174428.0660815167,0.0
2017-09-22,1174428.0660815167,1174428.0660815167,0.0
2017-09-25,1174428.0660815167,1174428.0660815167,0.0
2017-09-26,1174428.0660815167,1174428.0660815167,0.0
2017-09-27,1174428.0660815167,1174428.0660815167,0.0
2017-09-28,1174428.0660815167,1174428.0660815167,0.0
2017-09-29,1174428.0660815167,1174428.0660815167,0.0
2017-10-02,1174428.0660815167,1174428.0660815167,0.0
2017-10-03,1174428.0660815167,1174428.0660815167,0.0
2017-10-04,1174428.0660815167,1174428.0660815167,0.0
2017-10-05,1174428.0660815167,1174428.0660815167,0.0
2017-10-06,1174428.0660815167,1174428.0660815167,0.0
2017-10-09,1174428.0660815167,1174428.0660815167,0.0
2017-10-10,1174428.0660815167,1174428.0660815167,0.0
2017-10-11,1174428.0660815167,1174428.0660815167,0.0
2017-10-12,1174428.0660815167,1174428.0660815167,0.0
2017-10-13,1174428.0660815167,1174428.0660815167,0.0
2017-10-16,1174428.0660815167,1174428.0660815167,0.0
2017-10-17,1174428.0660815167,1174428.0660815167,0.0
2017-10-18,1174428.0660815167,1174428.0660815167,0.0
2017-10-19,1174428.0660815167,1174428.0660815167,0.0
2017-10-20,1174428.0660815167,1174428.0660815167,0.0
2017-10-23,1174428.0660815167,1174428.0660815167,0.0
2017-10-24,1174428.0660815167,1174428.0660815167,0.0
2017-10-25,1174428.0660815167,1174428.0660815167,0.0
2017-10-26,1174428.0660815167,1174428.0660815167,0.0
2017-10-27,1174428.0660815167,1174428.0660815167,0.0
2017-10-30,1174428.0660815167,1174428.0660815167,0.0
2017-10-31,1174428.0660815167,1174428.0660815167,0.0
2017-11-01,1174428.0660815167,1174428.0660815167,0.0
2017-11-02,1171782.414989163,177476.8588271535,-0.002252714464821115
2017-11-03,1174180.5788067642,177476.8588271535,0.0020465948173693516
2017-11-06,1173506.1610784023,177476.8588271535,-0.0005743730909323341
2017-11-07,1180890.143639256,177476.8588271535,0.00629224013111962
2017-11-08,1185019.806960798,177476.8588271535,0.0034970766279878163
2017-11-09,1175839.0044937262,272530.58591399394,-0.007747383134985575
2017-11-10,1184355.409114803,272530.58591399394,0.007242832214724437
2017-11-13,1188360.3779528402,272530.58591399394,0.0033815599668942653
2017-11-14,1190599.6729075823,272530.58591399394,0.001884356796378217
2017-11-15,1182169.5474953384,272530.58591399394,-0.007080570912350814
2017-11-16,1192562.7860967356,272530.58591399394,0.008791664971760982
2017-11-17,1189442.6610428018,272530.58591399394,-0.002616319316944282
2017-11-20,1202653.9052059473,272530.58591399394,0.01110708787892567
2017-11-21,1215587.6687791354,272530.58591399394,0.010754352118428567
2017-11-22,1211637.6346347176,272530.58591399394,-0.0032494852044567812
2017-11-24,1216162.473540872,272530.58591399394,0.003734481974488002
2017-11-27,1213288.3953797312,272530.58591399394,-0.002363235360134941
2017-11-28,1216930.3228642542,272530.58591399394,0.0030016997594237704
2017-11-29,1203465.4766118252,366976.7021967996,-0.01106459917995739
2017-11-30,1207607.3597537123,461303.80988051236,0.003441630210737623
2017-12-01,1206523.9806587903,461303.80988051236,-0.0008971285957903863
2017-12-04,1205595.998589147,161950.89937382579,-0.000769136863020714
2017-12-05,1199036.5852891307,256653.21483966958,-0.0054408054669164985
2017-12-06,1193041.8741763702,256653.21483966958,-0.004999606506014054
2017-12-07,1193712.461706087,349726.61483966955,0.0005620821399749953
2017-12-08,1199655.7881376906,349726.61483966955,0.004978859333603092
2017-12-11,1200257.7976244942,349726.61483966955,0.0005018185155745147
2017-12-12,1197281.3861483443,349726.61483966955,-0.0024798101558187735
2017-12-13,1200128.375407129,349726.61483966955,0.0023778781594054887
2017-12-14,1194780.0730902096,349726.61483966955,-0.004456441849485571
2017-12-15,1202188.1743816468,349726.61483966955,0.006200389057608557
2017-12-18,1207778.0244597406,349726.61483966955,0.004649729715540563
2017-12-19,1209155.1379206004,349726.61483966955,0.0011402041045378564
2017-12-20,1209384.5829966995,349726.61483966955,0.00018975652412445143
2017-12-21,1209186.224261383,349726.61483966955,-0.0001640162592654315
2017-12-22,1208150.7838857104,349726.61483966955,-0.0008563117532248699
2017-12-26,1210773.44523452,349726.61483966955,0.0021708063130783106
2017-12-27,1215354.9371045062,349726.61483966955,0.00378393818267031
2017-12-28,1214666.2038626461,349726.61483966955,-0.000566693087618475
2017-12-29,1211990.858061459,349726.61483966955,-0.002202535801753225
2018-01-02,1210170.0748514086,349726.61483966955,-0.0015023077096163462
2018-01-03,1215446.4332047636,150702.11416391953,0.004360013904659565
2018-01-04,1220601.1720153217,150702.11416391953,0.004241025083241645
2018-01-05,1229020.1678036356,150702.11416391953,0.006897417421297014
2018-01-08,1236915.5417127984,150702.11416391953,0.0064241207068818085
2018-01-09,1240609.3067922136,150702.11416391953,0.00298627105477256
2018-01-10,1229862.0672292307,150702.11416391953,-0.008662871948600492
2018-01-11,1245502.0647507294,150702.11416391953,0.012716871215268988
2018-01-12,1251118.5145284801,150702.11416391953,0.004509386163783491
2018-01-16,1249468.343678129,150702.11416391953,-0.0013189564627081873
2018-01-17,1269343.2244660738,150702.11416391953,0.01590667013574598
2018-01-18,1272294.457104745,150702.11416391953,0.002325007595886941
2018-01-19,1284327.00094201,150702.11416391953,0.009457357744563577
2018-01-22,1297417.9465117552,150702.11416391953,0.010192844626129904
2018-01-23,1293756.931077553,280981.57223855634,-0.002821770304661908
2018-01-24,1293355.9116235585,280981.57223855634,-0.0003099650671324339
2018-01-25,1296065.248224069,375198.7722385563,0.0020948113169478866
2018-01-26,1313249.5176254397,504686.8822145452,0.013258799605125882
2018-01-29,1312497.6630368833,504686.8822145452,-0.0005725146504647061
2018-01-30,1303787.286947882,504686.8822145452,-0.0066364888367473895
2018-01-31,1301434.6059834745,504686.8822145452,-0.0018044975495312698
2018-02-01,1292856.141456135,504686.8822145452,-0.006591544813622674
2018-02-02,1276509.975153864,504686.8822145452,-0.01264345334188588
2018-02-05,1268816.7946112861,1268816.7946112861,-0.006026729670992603
2018-02-06,1268816.7946112861,1268816.7946112861,0.0
2018-02-07,1268816.7946112861,1268816.7946112861,0.0
2018-02-08,1268816.7946112861,1268816.7946112861,0.0
2018-02-09,1268816.7946112861,1268816.7946112861,0.0
2018-02-12,1268816.7946112861,1268816.7946112861,0.0
2018-02-13,1268816.7946112861,1268816.7946112861,0.0
2018-02-14,1268816.7946112861,1268816.7946112861,0.0
2018-02-15,1268816.7946112861,1268816.7946112861,0.0
2018-02-16,1268816.7946112861,1268816.7946112861,0.0
2018-02-20,1268816.7946112861,1268816.7946112861,0.0
2018-02-21,1268816.7946112861,1268816.7946112861,0.0
2018-02-22,1268816.7946112861,1268816.7946112861,0.0
2018-02-23,1268816.7946112861,1268816.7946112861,0.0
2018-02-26,1268816.7946112861,1268816.7946112861,0.0
2018-02-27,1268816.7946112861,1268816.7946112861,0.0
2018-02-28,1268816.7946112861,1268816.7946112861,0.0
2018-03-01,1268816.7946112861,1268816.7946112861,0.0
2018-03-02,1285156.5013097683,279306.7380380907,0.012877908590016807
2018-03-05,1297735.8625438453,279306.7380380907,0.009788194061389976
2018-03-06,1310507.8776995253,279306.7380380907,0.009841767900783838
2018-03-07,1309192.8235769372,279306.7380380907,-0.0010034690710113425
2018-03-08,1322782.0696091617,279306.7380380907,0.010379865965882917
2018-03-09,1337815.37351622,279306.7380380907,0.01136491358058711
2018-03-12,1353355.1212596183,405835.76156466844,0.011615764066572831
2018-03-13,1347244.2366057397,405835.76156466844,-0.004515359315440448
2018-03-14,1342535.5689416968,405835.76156466844,-0.0034950364129268108
2018-03-15,1342322.9439397734,405835.76156466844,-0.00015837569360710457
2018-03-16,1344274.5688893904,405835.76156466844,0.0014539161074673679
2018-03-19,1327410.5615039696,405835.76156466844,-0.012545061682862513
2018-03-20,1336453.7753646697,405835.76156466844,0.0068126728255455404
2018-03-21,1330346.3880411251,405835.76156466844,-0.004569845539085793
2018-03-22,1306432.3731684468,497349.4387708092,-0.01797578065956984
2018-03-23,1290568.8679587827,592061.7073382881,-0.012142614907184934
2018-03-26,1304673.081123277,592061.7073382881,0.01092867921632279
2018-03-27,1289671.4683351594,592061.7073382881,-0.011498369212310178
2018-03-28,1285015.5129343919,686834.6286860477,-0.0036101871795131135
2018-03-29,1301203.5863786736,686834.6286860477,0.012597570442799855
2018-04-02,1287518.4353256715,686834.6286860477,-0.01051730197815448
2018-04-03,1298912.1757641977,184493.8395049243,0.008849380425099973
2018-04-04,1305537.5385587276,374581.6147011949,0.005100701123716744
2018-04-05,1302735.7468925358,374581.6147011949,-0.0021460828076110827
2018-04-06,1281344.8420494641,469880.9198971245,-0.016419987625346355
2018-04-09,1285649.3961036475,469880.9198971245,0.003359403271408601
2018-04-10,1299104.5076760815,469880.9198971245,0.010465614974978221
2018-04-11,1295134.7775886767,469880.9198971245,-0.003055743447850978
2018-04-12,1306271.1857634564,469880.9198971245,0.008598648084729765
2018-04-13,1299486.5156114968,469880.9198971245,-0.005193921618958708
2018-04-16,1310407.777217882,469880.9198971245,0.008404290060098019
2018-04-17,1317844.3736807068,469880.9198971245,0.005675024669506534
2018-04-18,1321420.306905439,469880.9198971245,0.002713471557149516
2018-04-19,1316916.5880332857,469880.9198971245,-0.003408241002970658
2018-04-20,1315523.5270710513,469880.9198971245,-0.0010578201952143873
2018-04-23,1317042.39571016,469880.9198971245,0.001154573527461178
2018-04-24,1300608.7881386853,469880.9198971245,-0.012477660267430912
2018-04-25,1301443.178010271,469880.9198971245,0.0006415379314634873
2018-04-26,1317358.175373503,469880.9198971245,0.01222873009912262
2018-04-27,1319859.1074319826,469880.9198971245,0.0018984450130812291
2018-04-30,1316154.3615506187,469880.9198971245,-0.0028069252699041147
2018-05-01,1337343.6259791031,469880.9198971245,0.016099376370656504
2018-05-02,1333964.671526615,72951.9476339789,-0.0025266164857324913
2018-05-03,1336912.04812624,494619.74340472906,0.002209486249926007
2018-05-04,1344865.392878619,494619.74340472906,0.005949041123180843
2018-05-07,1355429.1969681317,623921.5760425125,0.00785491555173512
2018-05-08,1357324.052454374,623921.5760425125,0.0013979745238488217
2018-05-09,1372850.9074379224,623921.5760425125,0.011439313224776315
2018-05-10,1380533.7866445982,623921.5760425125,0.0055962953916197655
2018-05-11,1376980.2549892277,623921.5760425125,-0.002574027299981796
2018-05-14,1375931.8649168368,623921.5760425125,-0.0007613689946477376
2018-05-15,1374260.8121370124,623921.5760425125,-0.001214488029845473
2018-05-16,1380375.6911584083,623921.5760425125,0.004449576796042853
2018-05-17,1375413.3601888358,623921.5760425125,-0.0035949133278405654
2018-05-18,1374341.2368814682,623921.5760425125,-0.0007794917065662155
2018-05-21,1390835.6990517904,623921.5760425125,0.012001722518164337
2018-05-22,1392721.1574739073,751433.9612629656,0.0013556298730341698
2018-05-23,1397243.3203941232,751433.9612629656,0.003246998077072405
2018-05-24,1396417.3677058043,751433.9612629656,-0.0005911301748688924
2018-05-25,1396740.4230069024,751433.9612629656,0.0002313458057521256
2018-05-29,1389439.7007694067,751433.9612629656,-0.005226971395142055
2018-05-30,1397363.7269322574,751433.9612629656,0.005703037100827535
2018-05-31,1388482.0422648527,751433.9612629656,-0.006356029211451952
2018-06-01,1390356.6049233302,751433.9612629656,0.0013500805926303094
2018-06-04,1391768.1450790805,252373.57893337976,0.001015236055808888
2018-06-05,1389640.7537610305,364402.69817852776,-0.0015285529601837267
2018-06-06,1392681.8387862742,459547.38724771026,0.0021883965456632737
2018-06-07,1394080.972756763,459547.38724771026,0.0010046328827753026
2018-06-08,1399097.9729697332,459547.38724771026,0.003598786807232024
2018-06-11,1401341.1062180968,459547.38724771026,0.001603271030121256
2018-06-12,1400967.2446081322,555173.5355002668,-0.000266788441661836
2018-06-13,1395809.2951818968,555173.5355002668,-0.0036817059400116037
2018-06-14,1391939.0477319835,555173.5355002668,-0.0027727623417272973
2018-06-15,1393067.440207626,555173.5355002668,0.0008106622753927262
2018-06-18,1390236.7984274402,555173.5355002668,-0.002031948847906362
2018-06-19,1382752.507901243,555173.5355002668,-0.005383464554141515
2018-06-20,1380732.6294751298,555173.5355002668,-0.0014607664166734757
2018-06-21,1377978.8854291383,555173.5355002668,-0.0019944078869478243
2018-06-22,1370414.1808915467,555173.5355002668,-0.005489710051134633
2018-06-25,1363420.0787746422,743222.0593916342,-0.005103641084883037
2018-06-26,1364153.547443171,743222.0593916342,0.0005379623492034469
2018-06-27,1358541.9935725764,743222.0593916342,-0.004113579355573549
2018-06-28,1363223.9424590617,743222.0593916342,0.0034463041323979926
2018-06-29,1364309.9760055488,743222.0593916342,0.0007966655460349692
2018-07-02,1365460.4037438338,743222.0593916342,0.0008432304670622504
2018-07-03,1357005.2289086673,342150.88165812124,-0.006192178705427098
2018-07-05,1367086.426370424,342150.88165812124,0.007429004138667983
2018-07-06,1374131.2314118706,342150.88165812124,0.005153152650451132
2018-07-09,1386433.3869893881,342150.88165812124,0.008952678824480031
2018-07-10,1395010.3461109966,342150.88165812124,0.006186347791460101
2018-07-11,1389646.9554059373,342150.88165812124,-0.003844696005310122
2018-07-12,1400353.8827920824,342150.88165812124,0.007704782386989351
2018-07-13,1406163.5966693077,342150.88165812124,0.004148746933626324
2018-07-16,1410408.556735982,342150.88165812124,0.003018823753316413
2018-07-17,1416862.2019524581,342150.88165812124,0.00457572749800339
2018-07-18,1417474.1031360948,342150.88165812124,0.00043187063836791495
2018-07-19,1414816.0376296618,342150.88165812124,-0.0018752127467810409
2018-07-20,1413852.3868016615,342150.88165812124,-0.0006811138708993081
2018-07-23,1411761.8392563858,342150.88165812124,-0.0014786179694507018
2018-07-24,1409960.258694118,342150.88165812124,-0.001276122156139925
2018-07-25,1420204.8903988192,342150.88165812124,0.007265901036239031
2018-07-26,1418006.0532504972,342150.88165812124,-0.001548253469050187
2018-07-27,1407032.3303145263,342150.88165812124,-0.007738840684647141
2018-07-30,1399250.9363515726,342150.88165812124,-0.005530359036749588
2018-07-31,1411471.8808563931,342150.88165812124,0.00873391911867194
2018-08-01,1411604.0420623075,342150.88165812124,9.363360879288685e-05
2018-08-02,1420589.3702385135,342150.88165812124,0.006365331855439305
2018-08-03,1421369.5623510384,1421369.5623510384,0.0005492031186984381
2018-08-06,1421369.5623510384,1421369.5623510384,0.0
2018-08-07,1421369.5623510384,1421369.5623510384,0.0
2018-08-08,1421369.5623510384,1421369.5623510384,0.0
2018-08-09,1421369.5623510384,1421369.5623510384,0.0
2018-08-10,1421369.5623510384,1421369.5623510384,0.0
2018-08-13,1421369.5623510384,1421369.5623510384,0.0
2018-08-14,1421369.5623510384,1421369.5623510384,0.0
2018-08-15,1421369.5623510384,1421369.5623510384,0.0
2018-08-16,1421369.5623510384,1421369.5623510384,0.0
2018-08-17,1421369.5623510384,1421369.5623510384,0.0
2018-08-20,1421369.5623510384,1421369.5623510384,0.0
2018-08-21,1421369.5623510384,1421369.5623510384,0.0
2018-08-22,1421369.5623510384,1421369.5623510384,0.0
2018-08-23,1421369.5623510384,1421369.5623510384,0.0
2018-08-24,1421369.5623510384,1421369.5623510384,0.0
2018-08-27,1421369.5623510384,1421369.5623510384,0.0
2018-08-28,1421369.5623510384,1421369.5623510384,0.0
2018-08-29,1421369.5623510384,1421369.5623510384,0.0
2018-08-30,1421369.5623510384,1421369.5623510384,0.0
2018-08-31,1421369.5623510384,1421369.5623510384,0.0
2018-09-04,1421369.5623510384,1421369.5623510384,0.0
2018-09-05,1421369.5623510384,1421369.5623510384,0.0
2018-09-06,1421369.5623510384,1421369.5623510384,0.0
2018-09-07,1421369.5623510384,1421369.5623510384,0.0
2018-09-10,1421369.5623510384,1421369.5623510384,0.0
2018-09-11,1421369.5623510384,1421369.5623510384,0.0
2018-09-12,1421369.5623510384,1421369.5623510384,0.0
2018-09-13,1421369.5623510384,1421369.5623510384,0.0
2018-09-14,1421369.5623510384,1421369.5623510384,0.0
2018-09-17,1421369.5623510384,1421369.5623510384,0.0
2018-09-18,1421369.5623510384,1421369.5623510384,0.0
2018-09-19,1421369.5623510384,1421369.5623510384,0.0
2018-09-20,1421369.5623510384,1421369.5623510384,0.0
2018-09-21,1421369.5623510384,1421369.5623510384,0.0
2018-09-24,1421369.5623510384,1421369.5623510384,0.0
2018-09-25,1421369.5623510384,1421369.5623510384,0.0
2018-09-26,1421369.5623510384,1421369.5623510384,0.0
2018-09-27,1421369.5623510384,1421369.5623510384,0.0
2018-09-28,1421369.5623510384,1421369.5623510384,0.0
2018-10-01,1421369.5623510384,1421369.5623510384,0.0
2018-10-02,1412083.3731101223,424375.58802419825,-0.006533268677539561
2018-10-03,1414667.1557854193,516780.8680241982,0.0018297663753423787
2018-10-04,1403105.7383767068,516780.8680241982,-0.00817253539917917
2018-10-05,1400608.1845935364,707261.099064914,-0.0017800182230456318
2018-10-08,1398030.6086226765,802020.5111888591,-0.0018403262234313322
2018-10-09,1394193.8598133037,896041.2057016061,-0.0027443954271878512
2018-10-10,1383169.745410837,991236.093317992,-0.007907160345651643
2018-10-11,1372991.1988017806,1181023.0441266368,-0.007358855731790959
2018-10-12,1374465.2324046912,1276030.6019518946,0.0010735929000833533
2018-10-15,1374575.8904984007,1276030.6019518946,8.050992567909532e-05
2018-10-16,1376031.470039054,1276030.6019518946,0.0010589299221053228
2018-10-17,1376482.614574991,1276030.6019518946,0.00032785917020050626
2018-10-18,1373690.6257486092,1276030.6019518946,-0.0020283502289230038
2018-10-19,1375188.76609441,1276030.6019518946,0.001090595158560248
2018-10-22,1374465.2324046912,1276030.6019518946,-0.0005261340897757538
2018-10-23,1373273.529856837,1276030.6019518946,-0.0008670299690078931
2018-10-24,1370575.1748020821,1370575.1748020821,-0.001964907206094657
2018-10-25,1370575.1748020821,1370575.1748020821,0.0
2018-10-26,1370575.1748020821,1370575.1748020821,0.0
2018-10-29,1370575.1748020821,1370575.1748020821,0.0
2018-10-30,1370575.1748020821,1370575.1748020821,0.0
2018-10-31,1370575.1748020821,1370575.1748020821,0.0
2018-11-01,1370575.1748020821,1370575.1748020821,0.0
2018-11-02,1370575.1748020821,1370575.1748020821,0.0
2018-11-05,1370575.1748020821,1370575.1748020821,0.0
2018-11-06,1370575.1748020821,1370575.1748020821,0.0
2018-11-07,1370575.1748020821,1370575.1748020821,0.0
2018-11-08,1370575.1748020821,1370575.1748020821,0.0
2018-11-09,1370575.1748020821,1370575.1748020821,0.0
2018-11-12,1370575.1748020821,1370575.1748020821,0.0
2018-11-13,1370575.1748020821,1370575.1748020821,0.0
2018-11-14,1370575.1748020821,1370575.1748020821,0.0
2018-11-15,1370575.1748020821,1370575.1748020821,0.0
2018-11-16,1370575.1748020821,1370575.1748020821,0.0
2018-11-19,1370575.1748020821,1370575.1748020821,0.0
2018-11-20,1370575.1748020821,1370575.1748020821,0.0
2018-11-21,1370575.1748020821,1370575.1748020821,0.0
2018-11-23,1370575.1748020821,1370575.1748020821,0.0
2018-11-26,1370575.1748020821,1370575.1748020821,0.0
2018-11-27,1370575.1748020821,1370575.1748020821,0.0
2018-11-28,1370575.1748020821,1370575.1748020821,0.0
2018-11-29,1370575.1748020821,1370575.1748020821,0.0
2018-11-30,1370575.1748020821,1370575.1748020821,0.0
2018-12-03,1370575.1748020821,1370575.1748020821,0.0
2018-12-04,1335855.2836608454,371616.15432435425,-0.02533235081122087
2018-12-06,1322079.93816308,1123223.6143095493,-0.010312004351260784
2018-12-07,1320018.3987871003,1123223.6143095493,-0.0015593152247994624
2018-12-10,1319538.9918030414,1218275.6382095492,-0.0003631820469316427
2018-12-11,1321382.7348053977,1218275.6382095492,0.001397262993977133
2018-12-12,1319743.8521366878,1218275.6382095492,-0.001240278554836105
2018-12-13,1323734.1751562406,1218275.6382095492,0.003023558710345542
2018-12-14,1322861.291995717,1218275.6382095492,-0.0006594097039314128
2018-12-17,1319975.4333833032,1218275.6382095492,-0.0021815277458606674
2018-12-18,1319316.317527454,1218275.6382095492,-0.0004993394870688173
2018-12-19,1319708.2242525753,1218275.6382095492,0.0002970528901329317
2018-12-20,1319877.4567021092,1218275.6382095492,0.00012823474645662358
2018-12-21,1321551.9672549316,1218275.6382095492,0.0012686863801782966
2018-12-24,1313748.7188578118,1313748.7188578118,-0.0059046095730374
2018-12-26,1313748.7188578118,1313748.7188578118,0.0
2018-12-27,1313748.7188578118,1313748.7188578118,0.0
2018-12-28,1313748.7188578118,1313748.7188578118,0.0
2018-12-31,1313748.7188578118,1313748.7188578118,0.0
2019-01-02,1313748.7188578118,1313748.7188578118,0.0
2019-01-03,1313748.7188578118,1313748.7188578118,0.0
2019-01-04,1313748.7188578118,1313748.7188578118,0.0
2019-01-07,1313748.7188578118,1313748.7188578118,0.0
2019-01-08,1313748.7188578118,1313748.7188578118,0.0
2019-01-09,1313748.7188578118,1313748.7188578118,0.0
2019-01-10,1313748.7188578118,1313748.7188578118,0.0
2019-01-11,1313748.7188578118,1313748.7188578118,0.0
2019-01-14,1313748.7188578118,1313748.7188578118,0.0
2019-01-15,1313748.7188578118,1313748.7188578118,0.0
2019-01-16,1313748.7188578118,1313748.7188578118,0.0
2019-01-17,1313748.7188578118,1313748.7188578118,0.0
2019-01-18,1313748.7188578118,1313748.7188578118,0.0
2019-01-22,1313748.7188578118,1313748.7188578118,0.0
2019-01-23,1313748.7188578118,1313748.7188578118,0.0
2019-01-24,1313748.7188578118,1313748.7188578118,0.0
2019-01-25,1313748.7188578118,1313748.7188578118,0.0
2019-01-28,1313748.7188578118,1313748.7188578118,0.0
2019-01-29,1313748.7188578118,1313748.7188578118,0.0
2019-01-30,1313748.7188578118,1313748.7188578118,0.0
2019-01-31,1313748.7188578118,1313748.7188578118,0.0
2019-02-01,1313748.7188578118,1313748.7188578118,0.0
2019-02-04,1313748.7188578118,1313748.7188578118,0.0
2019-02-05,1313748.7188578118,1313748.7188578118,0.0
2019-02-06,1313748.7188578118,1313748.7188578118,0.0
2019-02-07,1313748.7188578118,1313748.7188578118,0.0
2019-02-08,1313748.7188578118,1313748.7188578118,0.0
2019-02-11,1313748.7188578118,1313748.7188578118,0.0
2019-02-12,1313748.7188578118,1313748.7188578118,0.0
2019-02-13,1313748.7188578118,1313748.7188578118,0.0
2019-02-14,1313748.7188578118,1313748.7188578118,0.0
2019-02-15,1313748.7188578118,1313748.7188578118,0.0
2019-02-19,1313748.7188578118,1313748.7188578118,0.0
2019-02-20,1313748.7188578118,1313748.7188578118,0.0
2019-02-21,1313748.7188578118,1313748.7188578118,0.0
2019-02-22,1313748.7188578118,1313748.7188578118,0.0
2019-02-25,1313748.7188578118,1313748.7188578118,0.0
2019-02-26,1313748.7188578118,1313748.7188578118,0.0
2019-02-27,1313748.7188578118,1313748.7188578118,0.0
2019-02-28,1313748.7188578118,1313748.7188578118,0.0
2019-03-01,1313748.7188578118,1313748.7188578118,0.0
2019-03-04,1313748.7188578118,1313748.7188578118,0.0
2019-03-05,1313748.7188578118,1313748.7188578118,0.0
2019-03-06,1313748.7188578118,1313748.7188578118,0.0
2019-03-07,1313748.7188578118,1313748.7188578118,0.0
2019-03-08,1313748.7188578118,1313748.7188578118,0.0
2019-03-11,1313748.7188578118,1313748.7188578118,0.0
2019-03-12,1313748.7188578118,1313748.7188578118,0.0
2019-03-13,1313748.7188578118,1313748.7188578118,0.0
2019-03-14,1313748.7188578118,1313748.7188578118,0.0
2019-03-15,1313748.7188578118,1313748.7188578118,0.0
2019-03-18,1313748.7188578118,1313748.7188578118,0.0
2019-03-19,1313748.7188578118,1313748.7188578118,0.0
2019-03-20,1313748.7188578118,1313748.7188578118,0.0
2019-03-21,1313748.7188578118,1313748.7188578118,0.0
2019-03-22,1313748.7188578118,1313748.7188578118,0.0
2019-03-25,1313748.7188578118,1313748.7188578118,0.0
2019-03-26,1313748.7188578118,1313748.7188578118,0.0
2019-03-27,1313748.7188578118,1313748.7188578118,0.0
2019-03-28,1313748.7188578118,1313748.7188578118,0.0
2019-03-29,1313748.7188578118,1313748.7188578118,0.0
2019-04-01,1313748.7188578118,1313748.7188578118,0.0
2019-04-02,1313850.5433201212,312369.60065131064,7.75068023648462e-05
2019-04-03,1313069.4685228062,312369.60065131064,-0.0005944928829889617
2019-04-04,1316564.001213743,312369.60065131064,0.002661346390810504
2019-04-05,1325513.582462843,312369.60065131064,0.006797680356480651
2019-04-08,1329563.7966061658,312369.60065131064,0.003055581019243414
2019-04-09,1330719.6073216237,312369.60065131064,0.0008693157247574579
2019-04-10,1334888.6986162332,312369.60065131064,0.0031329599952318876
2019-04-11,1338175.7115043108,312369.60065131064,0.002462387232347485
2019-04-12,1346384.9037079958,312369.60065131064,0.006134614560038942
2019-04-15,1350079.3898468786,312369.60065131064,0.0027440044289772647
2019-04-16,1346481.560566023,407351.8419084429,-0.002664902010883763
2019-04-17,1346723.7065717503,407351.8419084429,0.00017983610976868292
2019-04-18,1351360.6354395926,407351.8419084429,0.0034431181728034055
2019-04-22,1348771.7793270093,407351.8419084429,-0.0019157403617438007
2019-04-23,1361007.9648743037,407351.8419084429,0.009072094875383518
2019-04-24,1364713.1105678114,407351.8419084429,0.002722354158926521
2019-04-25,1356586.4171225799,502705.4319084429,-0.005954873139491057
2019-04-26,1352880.5541796125,502705.4319084429,-0.002731755895675092
2019-04-29,1347201.0315999307,502705.4319084429,-0.004198096101045601
2019-04-30,1349707.630705576,502705.4319084429,0.001860597673881248
2019-05-01,1342645.3108374034,502705.4319084429,-0.005232481248165333
2019-05-02,1345654.8574475076,202456.45400431874,0.0022415053222262227
2019-05-03,1356572.61503726,307313.43745104194,0.008113341641304617
2019-05-06,1357972.7121698158,307313.43745104194,0.0010320841781972234
2019-05-07,1334590.6737810078,307313.43745104194,-0.017218341855667618
2019-05-08,1338205.0951760632,307313.43745104194,0.002708262140642459
2019-05-09,1332299.5963853756,402679.7827844966,-0.004412999780060378
2019-05-10,1336536.687518631,402679.7827844966,0.003180284032773928
2019-05-13,1312012.1120138816,497527.4661179571,-0.018349347035344743
2019-05-14,1326252.1056774384,497527.4661179571,0.010853553510035141
2019-05-15,1331464.4053485724,497527.4661179571,0.003930097188024062
2019-05-16,1343623.6092356076,497527.4661179571,0.009132203488272594
2019-05-17,1340906.4781997437,497527.4661179571,-0.0020222412118894306
2019-05-20,1337915.8965264142,497527.4661179571,-0.0022302686443461672
2019-05-21,1345898.018086027,497527.4661179571,0.005966086194458375
2019-05-22,1342903.8359666432,497527.4661179571,-0.002224672359382507
2019-05-23,1326627.6294373786,497527.4661179571,-0.012120157894663142
2019-05-24,1326792.432227313,497527.4661179571,0.00012422686387458803
2019-05-28,1331800.3529836803,497527.4661179571,0.003774456828910644
2019-05-29,1326403.0290997552,497527.4661179571,-0.0040526523903025025
2019-05-30,1328650.3642048303,497527.4661179571,0.0016943078806148648
2019-05-31,1324544.6559669361,593399.1937934192,-0.003090134431529945
2019-06-03,1323240.4586950042,593399.1937934192,-0.0009846382045759494
2019-06-04,1339535.7073032786,91272.52264497122,0.0123146541516308
2019-06-05,1364051.7886283763,293739.3725549182,0.01830192445892531
2019-06-06,1374186.648645066,293739.3725549182,0.007429967176598717
2019-06-07,1382803.7064893192,293739.3725549182,0.006270660432299735
2019-06-10,1387993.1263520198,293739.3725549182,0.00375282466943605
2019-06-11,1377532.7097317046,293739.3725549182,-0.0075363605350177165
2019-06-12,1383056.6869100437,423770.1624966062,0.004010051550365823
2019-06-13,1382828.1836448198,423770.1624966062,-0.0001652161241014749
2019-06-14,1385374.030025643,423770.1624966062,0.001841043168582912
2019-06-17,1381055.7113633973,423770.1624966062,-0.003117077820612657
2019-06-18,1386278.4874725426,423770.1624966062,0.0037817273164086895
2019-06-19,1390479.1547436612,423770.1624966062,0.0030301756170054706
2019-06-20,1395406.9288818971,423770.1624966062,0.0035439395991121447
2019-06-21,1387778.5300085614,423770.1624966062,-0.005466791597092069
2019-06-24,1390220.0128761136,423770.1624966062,0.0017592741311087678
2019-06-25,1386747.6548780361,423770.1624966062,-0.002497703936007789
2019-06-26,1377093.8366961335,423770.1624966062,-0.006961481526898017
2019-06-27,1380309.614736292,423770.1624966062,0.0023351916583067567
2019-06-28,1386799.734824292,423770.1624966062,0.0047019306528846005
2019-07-01,1393879.4213686571,423770.1624966062,0.00510505328677624
2019-07-02,1406909.137294764,423770.1624966062,0.009347807081700577
2019-07-03,1409385.5938086486,1409385.5938086486,0.0017602106975056486
2019-07-05,1409385.5938086486,1409385.5938086486,0.0
2019-07-08,1409385.5938086486,1409385.5938086486,0.0
2019-07-09,1409385.5938086486,1409385.5938086486,0.0
2019-07-10,1409385.5938086486,1409385.5938086486,0.0
2019-07-11,1409385.5938086486,1409385.5938086486,0.0
2019-07-12,1409385.5938086486,1409385.5938086486,0.0
2019-07-15,1409385.5938086486,1409385.5938086486,0.0
2019-07-16,1409385.5938086486,1409385.5938086486,0.0
2019-07-17,1409385.5938086486,1409385.5938086486,0.0
2019-07-18,1409385.5938086486,1409385.5938086486,0.0
2019-07-19,1409385.5938086486,1409385.5938086486,0.0
2019-07-22,1409385.5938086486,1409385.5938086486,0.0
2019-07-23,1409385.5938086486,1409385.5938086486,0.0
2019-07-24,1409385.5938086486,1409385.5938086486,0.0
2019-07-25,1409385.5938086486,1409385.5938086486,0.0
2019-07-26,1409385.5938086486,1409385.5938086486,0.0
2019-07-29,1409385.5938086486,1409385.5938086486,0.0
2019-07-30,1409385.5938086486,1409385.5938086486,0.0
2019-07-31,1409385.5938086486,1409385.5938086486,0.0
2019-08-01,1409385.5938086486,1409385.5938086486,0.0
2019-08-02,1409385.5938086486,1409385.5938086486,0.0
2019-08-05,1409385.5938086486,1409385.5938086486,0.0
2019-08-06,1409385.5938086486,1409385.5938086486,0.0
2019-08-07,1409385.5938086486,1409385.5938086486,0.0
2019-08-08,1409385.5938086486,1409385.5938086486,0.0
2019-08-09,1409385.5938086486,1409385.5938086486,0.0
2019-08-12,1409385.5938086486,1409385.5938086486,0.0
2019-08-13,1409385.5938086486,1409385.5938086486,0.0
2019-08-14,1409385.5938086486,1409385.5938086486,0.0
2019-08-15,1409385.5938086486,1409385.5938086486,0.0
2019-08-16,1409385.5938086486,1409385.5938086486,0.0
2019-08-19,1409385.5938086486,1409385.5938086486,0.0
2019-08-20,1409385.5938086486,1409385.5938086486,0.0
2019-08-21,1409385.5938086486,1409385.5938086486,0.0
2019-08-22,1409385.5938086486,1409385.5938086486,0.0
2019-08-23,1409385.5938086486,1409385.5938086486,0.0
2019-08-26,1409385.5938086486,1409385.5938086486,0.0
2019-08-27,1409385.5938086486,1409385.5938086486,0.0
2019-08-28,1409385.5938086486,1409385.5938086486,0.0
2019-08-29,1409385.5938086486,1409385.5938086486,0.0
2019-08-30,1409385.5938086486,1409385.5938086486,0.0
2019-09-03,1409385.5938086486,1409385.5938086486,0.0
2019-09-04,1409385.5938086486,1409385.5938086486,0.0
2019-09-05,1409385.5938086486,1409385.5938086486,0.0
2019-09-06,1409385.5938086486,1409385.5938086486,0.0
2019-09-09,1409385.5938086486,1409385.5938086486,0.0
2019-09-10,1409385.5938086486,1409385.5938086486,0.0
2019-09-11,1409385.5938086486,1409385.5938086486,0.0
2019-09-12,1409385.5938086486,1409385.5938086486,0.0
2019-09-13,1409385.5938086486,1409385.5938086486,0.0
2019-09-16,1409385.5938086486,1409385.5938086486,0.0
2019-09-17,1409385.5938086486,1409385.5938086486,0.0
2019-09-18,1409385.5938086486,1409385.5938086486,0.0
2019-09-19,1409385.5938086486,1409385.5938086486,0.0
2019-09-20,1409385.5938086486,1409385.5938086486,0.0
2019-09-23,1409385.5938086486,1409385.5938086486,0.0
2019-09-24,1409385.5938086486,1409385.5938086486,0.0
2019-09-25,1409385.5938086486,1409385.5938086486,0.0
2019-09-26,1409385.5938086486,1409385.5938086486,0.0
2019-09-27,1409385.5938086486,1409385.5938086486,0.0
2019-09-30,1409385.5938086486,1409385.5938086486,0.0
2019-10-01,1409385.5938086486,1409385.5938086486,0.0
2019-10-02,1401038.206494472,417617.5345870935,-0.005922713663915835
2019-10-03,1409841.669343741,417617.5345870935,0.0062835280354673895
2019-10-04,1428198.9450840768,417617.5345870935,0.01302080661928584
2019-10-07,1424592.6194589378,417617.5345870935,-0.002525086324669412
2019-10-08,1409899.8730472391,417617.5345870935,-0.010313647713041663
2019-10-09,1427133.2122632377,417617.5345870935,0.012223094380987343
2019-10-10,1430894.690574645,417617.5345870935,0.0026356883009135412
2019-10-11,1440646.0557598895,417617.5345870935,0.006814872715285913
2019-10-14,1435953.4202136616,417617.5345870935,-0.0032573132918152226
2019-10-15,1446867.2732654926,417617.5345870935,0.0076004227561972115
2019-10-16,1438123.165077011,417617.5345870935,-0.006043476378276624
2019-10-17,1441136.3644665745,417617.5345870935,0.0020952304105343877
2019-10-18,1431965.0841878718,417617.5345870935,-0.006363922599439409
2019-10-21,1440502.8078889558,417617.5345870935,0.005962242931311534
2019-10-22,1420833.1440276902,512089.8567997047,-0.013654720944342613
2019-10-23,1423013.566022032,512089.8567997047,0.001534608059719611
2019-10-24,1459097.1476494577,605995.7515857929,0.025357159263277973
2019-10-25,1464374.5916081057,605995.7515857929,0.0036169243200494527
2019-10-28,1472580.37245679,605995.7515857929,0.005603607776117681
2019-10-29,1471916.1460531596,605995.7515857929,-0.0004510629206079253
2019-10-30,1472594.392027268,605995.7515857929,0.0004607911774914264
2019-10-31,1470667.4394921628,605995.7515857929,-0.0013085426275815104
2019-11-01,1474834.2487526697,605995.7515857929,0.0028332777000528164
2019-11-04,1475515.9885210479,304742.9822149857,0.0004622483977130276
2019-11-05,1462968.805333112,413548.1773626529,-0.008503590124097737
2019-11-06,1467912.4183592808,413548.1773626529,0.003379165029457454
2019-11-07,1466913.5407247634,413548.1773626529,-0.0006804749534266019
2019-11-08,1468906.0674187439,413548.1773626529,0.0013583122922131707
2019-11-11,1466606.1285140673,507595.9353626529,-0.0015657494755387802
2019-11-12,1468152.002520207,507595.9353626529,0.0010540485111063536
2019-11-13,1473260.7301448472,507595.9353626529,0.0034796993879859794
2019-11-14,1479523.0189722178,507595.9353626529,0.004250631744426414
2019-11-15,1489453.2216513243,507595.9353626529,0.006711759500710457
2019-11-18,1494003.5025036759,507595.9353626529,0.003055000846086786
2019-11-19,1491180.4299585922,507595.9353626529,-0.0018896023606054246
2019-11-20,1486779.3241627826,507595.9353626529,-0.0029514240580073015
2019-11-21,1469207.9586345502,507595.9353626529,-0.011818408584694962
2019-11-22,1469746.656063117,507595.9353626529,0.0003666583926400513
2019-11-25,1482576.4353778313,507595.9353626529,0.008729245453145129
2019-11-26,1486920.621278441,507595.9353626529,0.002930159819721334
2019-11-27,1493960.0523267502,507595.9353626529,0.0047342345970404764
2019-11-29,1485226.8252166598,507595.9353626529,-0.005845689847254643
2019-12-02,1477082.171749882,507595.9353626529,-0.005483777513639931
2019-12-03,1468676.3717510737,211162.4643959013,-0.005690814065442251
2019-12-04,1481537.697913558,414323.2415597509,0.008757086591615781
2019-12-05,1487624.5864464531,414323.2415597509,0.004108493858419715
2019-12-06,1493436.7465298562,414323.2415597509,0.003907007276134689
2019-12-09,1488024.1401790178,414323.2415597509,-0.003624262201539552
2019-12-10,1489694.508138619,414323.2415597509,0.0011225409013861931
2019-12-11,1496246.4559730638,414323.2415597509,0.004398182176714727
2019-12-12,1498459.0848128442,414323.2415597509,0.0014787863529750478
2019-12-13,1500958.1718322288,414323.2415597509,0.001667771275647878
2019-12-16,1505471.395873576,414323.2415597509,0.0030068952793254056
2019-12-17,1512815.0295363583,414323.2415597509,0.004877962931020052
2019-12-18,1506776.2092332526,414323.2415597509,-0.003991777041610023
2019-12-19,1514328.3596792314,414323.2415597509,0.005012124826301756
2019-12-20,1521862.0599022103,544106.6484495646,0.00497494494825057
2019-12-23,1522691.7748843762,544106.6484495646,0.0005451972317511711
2019-12-24,1525756.5325570926,544106.6484495646,0.0020127236012350558
2019-12-26,1528023.9475985924,544106.6484495646,0.001486092304451514
2019-12-27,1530173.341315627,544106.6484495646,0.0014066492350546245
2019-12-30,1524407.8180267,544106.6484495646,-0.0037678889922170278
2019-12-31,1523015.0145135187,544106.6484495646,-0.0009136685713041492
2020-01-02,1532283.2636390429,544106.6484495646,0.006085461428287031
2020-01-03,1533284.8920003674,249416.35864011885,0.0006536835486579129
2020-01-06,1530588.2299735462,454009.8143933428,-0.0017587481888658996
2020-01-07,1533646.3949936666,454009.8143933428,0.0019980324951101025
2020-01-08,1545266.2075814884,454009.8143933428,0.007576591726588866
2020-01-09,1555610.1324356901,454009.8143933428,0.006693943608843345
2020-01-10,1554230.662713104,454009.8143933428,-0.0008867708520426953
2020-01-13,1565325.0274045463,454009.8143933428,0.007138171287957906
2020-01-14,1561808.7223588154,454009.8143933428,-0.002246373746135788
2020-01-15,1568921.785870221,454009.8143933428,0.004554375583626369
2020-01-16,1581417.0324068563,454009.8143933428,0.007964225271883008
2020-01-17,1584610.2614899673,454009.8143933428,0.002019220115677456
2020-01-21,1584020.1261381009,454009.8143933428,-0.0003724167173521087
2020-01-22,1590130.947274032,454009.8143933428,0.0038577926095102466
2020-01-23,1595125.9228467061,454009.8143933428,0.0031412353688462513
2020-01-24,1575784.4485348356,454009.8143933428,-0.012125358904175543
2020-01-27,1558640.7773040757,454009.8143933428,-0.010879451974983079
2020-01-28,1576714.3152798985,582779.4493269989,0.011595704564514087
2020-01-29,1573552.573665748,582779.4493269989,-0.0020052723461125854
2020-01-30,1566155.3738858087,582779.4493269989,-0.004700954962506665
2020-01-31,1539477.7119833138,582779.4493269989,-0.017033853950457423
2020-02-03,1543642.4946502077,582779.4493269989,0.002705321833811114
2020-02-04,1565012.7336863223,582779.4493269989,0.013844033906929454
2020-02-05,1577823.5152450535,1577823.5152450535,0.008185736309349823
2020-02-06,1577823.5152450535,1577823.5152450535,0.0
2020-02-07,1577823.5152450535,1577823.5152450535,0.0
2020-02-10,1577823.5152450535,1577823.5152450535,0.0
2020-02-11,1577823.5152450535,1577823.5152450535,0.0
2020-02-12,1577823.5152450535,1577823.5152450535,0.0
2020-02-13,1577823.5152450535,1577823.5152450535,0.0
2020-02-14,1577823.5152450535,1577823.5152450535,0.0
2020-02-18,1577823.5152450535,1577823.5152450535,0.0
2020-02-19,1577823.5152450535,1577823.5152450535,0.0
2020-02-20,1577823.5152450535,1577823.5152450535,0.0
2020-02-21,1577823.5152450535,1577823.5152450535,0.0
2020-02-24,1577823.5152450535,1577823.5152450535,0.0
2020-02-25,1577823.5152450535,1577823.5152450535,0.0
2020-02-26,1577823.5152450535,1577823.5152450535,0.0
2020-02-27,1577823.5152450535,1577823.5152450535,0.0
2020-02-28,1577823.5152450535,1577823.5152450535,0.0
2020-03-02,1577823.5152450535,1577823.5152450535,0.0
2020-03-03,1564667.8878546339,572448.0047168868,-0.008337831996613643
2020-03-04,1613261.9326413828,572448.0047168868,0.031057098547205397
2020-03-05,1583614.2045588377,859409.6805738742,-0.018377504286612112
2020-03-06,1571174.3714111159,1047223.9437493152,-0.007855343247055169
2020-03-09,1539892.8152899516,1236483.4303509332,-0.019909665464482695
2020-03-10,1547620.064356823,1236483.4303509332,0.005018043457405419
2020-03-11,1537896.882471574,1236483.4303509332,-0.006282667244489226
2020-03-12,1510725.1550238803,1510725.1550238803,-0.017668107502777253
2020-03-13,1510725.1550238803,1510725.1550238803,0.0
2020-03-16,1510725.1550238803,1510725.1550238803,0.0
2020-03-17,1510725.1550238803,1510725.1550238803,0.0
2020-03-18,1510725.1550238803,1510725.1550238803,0.0
2020-03-19,1510725.1550238803,1510725.1550238803,0.0
2020-03-20,1510725.1550238803,1510725.1550238803,0.0
2020-03-23,1510725.1550238803,1510725.1550238803,0.0
2020-03-24,1510725.1550238803,1510725.1550238803,0.0
2020-03-25,1510725.1550238803,1510725.1550238803,0.0
2020-03-26,1510725.1550238803,1510725.1550238803,0.0
2020-03-27,1510725.1550238803,1510725.1550238803,0.0
2020-03-30,1510725.1550238803,1510725.1550238803,0.0
2020-03-31,1510725.1550238803,1510725.1550238803,0.0
2020-04-01,1510725.1550238803,1510725.1550238803,0.0
2020-04-02,1544185.8863967233,520621.2612741915,0.02214878812441179
2020-04-03,1536956.8541793758,614533.3497741915,-0.00468145207194981
2020-04-06,1581809.2007059176,614533.3497741915,0.029182567099770518
2020-04-07,1568526.5446987224,614533.3497741915,-0.008397129060361719
2020-04-08,1593826.7690720577,614533.3497741915,0.016129930640220502
2020-04-09,1623913.4628867984,614533.3497741915,0.01887701624704019
2020-04-13,1609830.347958272,614533.3497741915,-0.008672330915645676
2020-04-14,1642495.7190117247,614533.3497741915,0.02029118850621847
2020-04-15,1629679.1918481868,614533.3497741915,-0.007803081015790747
2020-04-16,1645934.7543062447,614533.3497741915,0.00997470087325758
2020-04-17,1660479.7484811097,614533.3497741915,0.008836920258723069
2020-04-20,1652134.432929331,614533.3497741915,-0.0050258460299876795
2020-04-21,1616133.3081265867,614533.3497741915,-0.021790675192763898
2020-04-22,1630062.159215002,614533.3497741915,0.008618627571361337
2020-04-23,1631914.3954535746,614533.3497741915,0.0011362979185189914
2020-04-24,1650430.978052314,614533.3497741915,0.011346540388592397
2020-04-27,1662110.4479194554,742905.4220821445,0.007076618181830696
2020-04-28,1663102.4265111447,872200.2115858698,0.0005968186969349532
2020-04-29,1671437.7173804152,872200.2115858698,0.005011892675038876
2020-04-30,1663231.3023390286,872200.2115858698,-0.004909794098848175
2020-05-01,1651368.9649900328,872200.2115858698,-0.0071321032332144485
2020-05-04,1668156.6460617422,274610.09815639554,0.010165917749223707
2020-05-05,1695944.4812237488,602403.7010943715,0.01665780922169957
2020-05-06,1692640.0053267067,602403.7010943715,-0.0019484575902258827
2020-05-07,1694706.5131404656,602403.7010943715,0.0012208785135974232
2020-05-08,1705042.7207066219,602403.7010943715,0.006099113614074891
2020-05-11,1717631.3270744202,732073.0842852669,0.007383161849798814
2020-05-12,1698849.826616577,732073.0842852669,-0.010934535346320717
2020-05-13,1691543.5070109179,732073.0842852669,-0.004300744828170333
2020-05-14,1701200.3692370562,732073.0842852669,0.005708905615559701
2020-05-15,1701551.385011965,732073.0842852669,0.00020633417512483376
2020-05-18,1712882.0257064328,732073.0842852669,0.006659005889726899
2020-05-19,1707946.9283876964,732073.0842852669,-0.0028811659207533813
2020-05-20,1712501.1436833672,732073.0842852669,0.002666485251956896
2020-05-21,1703059.623101393,732073.0842852669,-0.005513293008182596
2020-05-22,1708659.255433524,732073.0842852669,0.003287983730090316
2020-05-26,1701367.121434785,732073.0842852669,-0.004267752025777005
2020-05-27,1721135.53467142,732073.0842852669,0.011619134393501263
2020-05-28,1739617.290007093,732073.0842852669,0.010738117343676468
2020-05-29,1764520.7634822163,732073.0842852669,0.014315489744886278
2020-06-01,1757221.7917663686,732073.0842852669,-0.004136517895909297
2020-06-02,1764867.726709877,230681.97887270345,0.004351149626833806
2020-06-03,1764222.547288782,689711.5777578822,-0.0003655681450404069
2020-06-04,1768693.2918109815,916302.8203755075,0.0025341159646044
2020-06-05,1781283.6806936036,916302.8203755075,0.007118469290812168
2020-06-08,1784776.0783597846,916302.8203755075,0.0019606072317583934
2020-06-09,1776500.0456668334,916302.8203755075,-0.004637014577513199
2020-06-10,1782913.7621164592,916302.8203755075,0.003610310320717236
2020-06-11,1740456.019736496,1107458.257967918,-0.02381368256957217
2020-06-12,1740781.3561474795,1107458.257967918,0.00018692595922797928
2020-06-15,1743172.9729762948,1202368.615967918,0.0013738754843446443
2020-06-16,1760975.8136428175,1202368.615967918,0.010212893925337863
2020-06-17,1761955.1914650383,1202368.615967918,0.0005561563166474048
2020-06-18,1760784.679535427,1202368.615967918,-0.0006643255942497817
2020-06-19,1772210.3880603712,1202368.615967918,0.00648898678966181
2020-06-22,1773061.1953229867,1202368.615967918,0.00048008253892861674
2020-06-23,1770962.396147598,1202368.615967918,-0.0011837150240076033
2020-06-24,1754656.3246447295,1202368.615967918,-0.009207463432503893
2020-06-25,1766988.0904657631,1202368.615967918,0.007028023464099364
2020-06-26,1757155.1937880735,1202368.615967918,-0.0055647781276769726
2020-06-29,1759046.0992010823,1202368.615967918,0.001076117476528804
2020-06-30,1770936.426773942,1202368.615967918,0.006759531531470353
2020-07-01,1769354.381774076,1202368.615967918,-0.000893338109684727
2020-07-02,1762304.5782817462,494205.4955193065,-0.003984393157724142
2020-07-06,1785279.4862543908,735568.90758357,0.013036854273535958
2020-07-07,1778237.6391108772,735568.90758357,-0.003944394811978613
2020-07-08,1799532.3841172135,735568.90758357,0.011975196418057887
2020-07-09,1809984.76557759,735568.90758357,0.005808387530355175
2020-07-10,1810079.3231501915,735568.90758357,5.2242192530860265e-05
2020-07-13,1786639.4427063875,735568.90758357,-0.012949642672570927
2020-07-14,1798644.7762601501,928040.09508357,0.006719505495511147
2020-07-15,1800612.6044733739,928040.09508357,0.0010940616175003637
2020-07-16,1796975.2372298664,928040.09508357,-0.0020200720768425162
2020-07-17,1803756.609177861,928040.09508357,0.003773770393435294
2020-07-20,1817781.5920208422,928040.09508357,0.007775429773407172
2020-07-21,1810528.9061357416,928040.09508357,-0.003989855501307926
2020-07-22,1829850.919375237,928040.09508357,0.010672026927609268
2020-07-23,1812759.9994465313,928040.09508357,-0.009340061393930954
2020-07-24,1823713.9900617162,1154620.022069356,0.006042714213977174
2020-07-27,1834471.56124475,1154620.022069356,0.005898716159253414
2020-07-28,1823111.7909486853,1154620.022069356,-0.006192393785792283
2020-07-29,1841121.120888526,1154620.022069356,0.009878346478396471
2020-07-30,1843137.2043677918,1154620.022069356,0.0010950303358057134
2020-07-31,1842584.533374686,1154620.022069356,-0.00029985341937432963
2020-08-03,1852066.436447751,1154620.022069356,0.005145979954417124
2020-08-04,1862427.5705357392,256489.24435755285,0.005594364156752851
2020-08-05,1870464.9373304932,844624.4551763394,0.004315532545752676
2020-08-06,1867920.5418646152,844624.4551763394,-0.0013603010754691391
2020-08-07,1869969.884652393,844624.4551763394,0.0010971252480216354
2020-08-10,1864009.8767627322,844624.4551763394,-0.0031872213229618973
2020-08-11,1847459.86792327,1034754.4051704612,-0.008878713061437726
2020-08-12,1862714.346018992,1034754.4051704612,0.00825700106431504
2020-08-13,1861225.042385606,1034754.4051704612,-0.0007995340974147336
2020-08-14,1858901.8982453467,1034754.4051704612,-0.0012481801433756878
2020-08-17,1867705.3675240537,1034754.4051704612,0.004735843934000394
2020-08-18,1866731.8546405924,1129393.6208367634,-0.0005212347195595601
2020-08-19,1869509.841834004,1129393.6208367634,0.0014881554554853071
2020-08-20,1870906.252995969,1129393.6208367634,0.0007469397222295004
2020-08-21,1881185.5769213345,1129393.6208367634,0.0054943019773998625
2020-08-24,1886386.6162121263,1129393.6208367634,0.0027647667272165943
2020-08-25,1883811.7982994504,1224252.538516658,-0.0013649470848379197
2020-08-26,1893452.9069956595,1224252.538516658,0.005117872552296454
2020-08-27,1881704.7452578973,1224252.538516658,-0.006204623148723054
2020-08-28,1880900.518995442,1224252.538516658,-0.00042739237623867776
2020-08-31,1889510.9203150608,1224252.538516658,0.004577807934370348
2020-09-01,1894878.8599494055,1224252.538516658,0.002840914850838594
2020-09-02,1904251.7100007092,615857.2826793558,0.004946411218896607
2020-09-03,1848603.5414561643,1311592.3715629892,-0.0292231159632379
2020-09-04,1845454.446075813,1311592.3715629892,-0.0017034995929255947
2020-09-08,1830463.7001217273,1406319.7849766053,-0.008123064747527109
2020-09-09,1845741.6478253184,1406319.7849766053,0.008346490401626161
2020-09-10,1837444.306228432,1406319.7849766053,-0.004495397070691021
2020-09-11,1838848.4588436587,1406319.7849766053,0.0007641878507373967
2020-09-14,1848600.7271672941,1406319.7849766053,0.0053034649357501795
2020-09-15,1853308.4937233627,1406319.7849766053,0.0025466648838132766
2020-09-16,1846512.4175226586,1406319.7849766053,-0.0036669967378450963
2020-09-17,1840673.180446941,1406319.7849766053,-0.0031623058801585335
2020-09-18,1833130.2702442748,1406319.7849766053,-0.004097908462399991
2020-09-21,1825783.1984660756,1596491.4081062176,-0.004007937623123792
2020-09-22,1828250.5102467372,1596491.4081062176,0.0013513717196731445
2020-09-23,1821692.5607927989,1596491.4081062176,-0.003587008135473302
2020-09-24,1823044.350095206,1596491.4081062176,0.0007420512832410076
2020-09-25,1825396.2458563382,1596491.4081062176,0.0012900924549692494
2020-09-28,1833489.4605298336,1596491.4081062176,0.004433675533116244
2020-09-29,1831992.8813054352,1596491.4081062176,-0.0008162464287991833
2020-09-30,1838031.909208252,1596491.4081062176,0.0032964254197940246
2020-10-01,1840547.8715840452,1596491.4081062176,0.00136883498223761
2020-10-02,1842685.216484125,808340.8524809973,0.0011612547182704436
2020-10-05,1862908.4884451283,808340.8524809973,0.010974892390784863
2020-10-06,1849841.9222772708,937925.5524809973,-0.007014067652224565
2020-10-07,1861387.5018286693,937925.5524809973,0.006241387121979081
2020-10-08,1871735.369510762,937925.5524809973,0.005559222715273648
2020-10-09,1876174.8568416578,937925.5524809973,0.0023718563014900607
2020-10-12,1889477.9984639501,937925.5524809973,0.00709056598524449
2020-10-13,1893271.7042053565,937925.5524809973,0.0020078062536268426
2020-10-14,1887792.8188903567,937925.5524809973,-0.002893871652351887
2020-10-15,1894537.376463158,937925.5524809973,0.0035727212781568873
2020-10-16,1893362.4876902527,1069354.1751757064,-0.0006201454706049603
2020-10-19,1880852.6607497358,1163197.929693444,-0.006607201221028647
2020-10-20,1886178.802755781,1163197.929693444,0.002831769929241723
2020-10-21,1880118.3989856835,1163197.929693444,-0.0032130589959143974
2020-10-22,1908232.9434833662,1390127.06243788,0.014953603194804321
2020-10-23,1915813.8170146658,1390127.06243788,0.003972719136407621
2020-10-26,1908235.8612498292,1390127.06243788,-0.003955476099783528
2020-10-27,1909334.0176268658,1390127.06243788,0.0005754825173012179
2020-10-28,1886093.8538384377,1390127.06243788,-0.012171869130218282
2020-10-29,1889537.6864113614,1390127.06243788,0.0018259073194661912
2020-10-30,1881581.448672194,1669915.4347839912,-0.004210679573307674
2020-11-02,1884969.865257773,1669915.4347839912,0.0018008343927764514
2020-11-03,1901450.5877182882,760565.8624347588,0.00874322861297383
2020-11-04,1904340.4681622232,875746.6424347588,0.0015198293674318908
2020-11-05,1914025.7435700535,875746.6424347588,0.005085894864785834
2020-11-06,1912803.9132536724,875746.6424347588,-0.0006383562606122606
2020-11-09,1904766.5266787265,971933.1999131483,-0.004201887354608247
2020-11-10,1914596.86862742,971933.1999131483,0.005160917000066156
2020-11-11,1920008.5305854948,971933.1999131483,0.0028265281567887435
2020-11-12,1905893.2139633638,971933.1999131483,-0.00735169474368258
2020-11-13,1920777.4812917337,971933.1999131483,0.007809601933267629
2020-11-16,1932037.6161518884,971933.1999131483,0.005862279712162355
2020-11-17,1922165.8853115155,971933.1999131483,-0.005109492050177966
2020-11-18,1913021.0860987897,1067473.5195699965,-0.00475754943036244
2020-11-19,1914065.5278103957,1067473.5195699965,0.0005459645579422023
2020-11-20,1906612.8522584592,1067473.5195699965,-0.003893636578086279
2020-11-23,1914263.6267998274,1067473.5195699965,0.004012757247652932
2020-11-24,1929312.7262161006,1067473.5195699965,0.00786156055288556
2020-11-25,1924526.7463284084,1067473.5195699965,-0.002480665691289352
2020-11-27,1925370.3737447755,1067473.5195699965,0.00043835577654438573
2020-11-30,1927772.395904127,1067473.5195699965,0.0012475636854636374
2020-12-01,1928571.4698091142,1067473.5195699965,0.0004145063528686599
2020-12-02,1935724.3186245342,601275.5068447161,0.003708884491653297
2020-12-03,1932247.8142455383,1027282.3042161753,-0.0017959708133781227
2020-12-04,1942221.4401986122,1027282.3042161753,0.005161670195480639
2020-12-07,1943398.649660274,1027282.3042161753,0.0006061149554303924
2020-12-08,1941241.5753136321,1027282.3042161753,-0.0011099494933882736
2020-12-09,1940726.668031776,1027282.3042161753,-0.00026524637036628995
2020-12-10,1941808.7949408474,1027282.3042161753,0.000557588519236818
2020-12-11,1931288.8416547412,1122196.1638433582,-0.0054176051285351745
2020-12-14,1934058.587683832,1122196.1638433582,0.0014341438573826082
2020-12-15,1945020.5638030688,1122196.1638433582,0.005667861454168532
2020-12-16,1948437.41143642,1122196.1638433582,0.001756715428586686
2020-12-17,1952393.4337249952,1122196.1638433582,0.0020303563590780005
2020-12-18,1958574.1457732576,1122196.1638433582,0.003165710323287607
2020-12-21,1953054.6293521887,1218082.5088809042,-0.0028181299303784435
2020-12-22,1955531.6473340667,1218082.5088809042,0.001268278902520903
2020-12-23,1951006.8636732316,1218082.5088809042,-0.0023138381150740184
2020-12-24,1953245.4056319587,1218082.5088809042,0.0011473777977963895
2020-12-28,1951307.6377724446,1218082.5088809042,-0.0009920759848848215
2020-12-29,1949167.524453973,1218082.5088809042,-0.0010967585413209635
2020-12-30,1947842.4581167204,1218082.5088809042,-0.000679811417247822
2020-12-31,1949646.252831255,1218082.5088809042,0.0009260475389156753
2021-01-04,1950922.9427994322,1218082.5088809042,0.0006548315964103324
2021-01-05,1971674.9215736908,520880.72439004807,0.01063700585963745
2021-01-06,1963586.226251468,939347.9906977123,-0.004102448752437704
2021-01-07,1987588.9646018296,939347.9906977123,0.012223928865188416
2021-01-08,2002852.217139442,939347.9906977123,0.007679280177866232
2021-01-11,2003809.082623681,939347.9906977123,0.0004777514167300101
2021-01-12,2012026.7733610277,939347.9906977123,0.004101034778516421
2021-01-13,2001597.2617665436,939347.9906977123,-0.005183584896865878
2021-01-14,1991076.2883949406,939347.9906977123,-0.005256288851193558
2021-01-15,1989649.37444478,939347.9906977123,-0.0007166545844965455
2021-01-19,1998599.1036499646,939347.9906977123,0.004498143904215324
2021-01-20,2006337.776947379,939347.9906977123,0.0038720488182355517
2021-01-21,2007471.564218443,939347.9906977123,0.000565102887505331
2021-01-22,2004737.2040202217,939347.9906977123,-0.0013620916215995038
2021-01-25,1993240.8353064265,939347.9906977123,-0.005734601368568848
2021-01-26,1980700.4770738147,1033913.8236988788,-0.006291441561141808
2021-01-27,1950903.6853611711,1129253.3460988787,-0.015043562647424569
2021-01-28,1964601.0259092457,1129253.3460988787,0.007021023462538967
2021-01-29,1948919.459497749,1129253.3460988787,-0.007982061601662371
2021-02-01,1970732.3306277741,1129253.3460988787,0.011192289667858457
2021-02-02,1987395.532027721,425195.0517430265,0.00845533466974624
2021-02-03,1986284.808757695,956573.753721317,-0.0005588838518182371
2021-02-04,1993264.6789960517,1049430.416685975,0.003514032936053235
2021-02-05,2003480.190738927,1049430.416685975,0.005125015182640302
2021-02-08,2011169.853031757,1049430.416685975,0.003838152395204686
2021-02-09,2010670.6687267874,1049430.416685975,-0.0002482059405460868
2021-02-10,2011951.4797841357,1049430.416685975,0.0006370068839565146
2021-02-11,2016214.9545951174,1180037.916685975,0.0021190743682542035
2021-02-12,2024195.116403347,1180037.916685975,0.003957991577258291
2021-02-16,2021182.3062800758,1275408.2255603906,-0.0014883990672918124
2021-02-17,2027633.6879325106,1275408.2255603906,0.003191885082503232
2021-02-18,2030401.8515493567,1275408.2255603906,0.0013652187933752558
2021-02-19,2037607.7438407098,1405673.7144628672,0.0035489980891489914
2021-02-22,2032286.942857372,1501197.5064628671,-0.0026112979789272295
2021-02-23,2025810.5714139366,1501197.5064628671,-0.0031867406648442564
2021-02-24,2028890.8321842118,1501197.5064628671,0.0015205077975901649
2021-02-25,2017702.741912612,1501197.5064628671,-0.005514387513671837
2021-02-26,2017812.0516347652,1501197.5064628671,5.4175335089112764e-05
2021-03-01,2029259.1985028656,1501197.5064628671,0.005673049112193684
2021-03-02,2011174.4746395433,602273.0716825394,-0.008911983189069606
2021-03-03,1994160.6975369419,1592883.5647689279,-0.008459622632019936
2021-03-04,1985105.6169282077,1877558.8169282076,-0.004540797850403178
2021-03-05,1987940.3169282076,1877558.8169282076,0.001427984473887367
2021-03-08,1993094.3169282076,1877558.8169282076,0.002592633167158631
2021-03-09,1985809.9969282076,1877558.8169282076,-0.0036547793740272505
2021-03-10,1990637.5769282077,1877558.8169282076,0.0024310382199039804
2021-03-11,1992613.2769282076,1877558.8169282076,0.0009924960841183328
2021-03-12,1999708.6169282077,1877558.8169282076,0.003560821400798053
2021-03-15,2004123.8769282077,1877558.8169282076,0.0022079516798714227
2021-03-16,2006291.9929282076,2006291.9929282076,0.0010818273385990729
2021-03-17,2006291.9929282076,2006291.9929282076,0.0
2021-03-18,2006291.9929282076,2006291.9929282076,0.0
2021-03-19,2006291.9929282076,2006291.9929282076,0.0
2021-03-22,2006291.9929282076,2006291.9929282076,0.0
2021-03-23,2006291.9929282076,2006291.9929282076,0.0
2021-03-24,2006291.9929282076,2006291.9929282076,0.0
2021-03-25,2006291.9929282076,2006291.9929282076,0.0
2021-03-26,2006291.9929282076,2006291.9929282076,0.0
2021-03-29,2006291.9929282076,2006291.9929282076,0.0
2021-03-30,2006291.9929282076,2006291.9929282076,0.0
2021-03-31,2006291.9929282076,2006291.9929282076,0.0
2021-04-01,2006291.9929282076,2006291.9929282076,0.0
2021-04-05,2004935.7527133985,995879.5796227257,-0.0006759934344500174
2021-04-06,2012633.9846469555,995879.5796227257,0.0038396402094873494
2021-04-07,2012293.3032075383,995879.5796227257,-0.0001692714333634271
2021-04-08,2025756.2819604906,1093565.0491227256,0.006690366027404027
2021-04-09,2033444.7854986663,1093565.0491227256,0.003795374402460139
2021-04-12,2038192.793118653,1093565.0491227256,0.0023349577297826496
2021-04-13,2040263.644969292,1093565.0491227256,0.0010160235369445214
2021-04-14,2035855.165020776,1093565.0491227256,-0.0021607403334299446
2021-04-15,2046060.8213040838,1093565.0491227256,0.0050129579248352485
2021-04-16,2046520.6148183686,1093565.0491227256,0.00022472133257100957
2021-04-19,2024183.7463146723,1093565.0491227256,-0.010914558271224006
2021-04-20,2015997.1037080784,1284689.606563278,-0.004044416729211964
2021-04-21,2024418.940974438,1284689.606563278,0.004177504645651142
2021-04-22,2021406.4212914794,1284689.606563278,-0.0014880910378701762
2021-04-23,2027570.3402962554,1284689.606563278,0.003049321967047991
2021-04-26,2031990.3478394412,1380155.5854401668,0.002179952751991676
2021-04-27,2034400.3961048177,1380155.5854401668,0.001186053008538801
2021-04-28,2033627.916779467,1380155.5854401668,-0.00037970859956082403
2021-04-29,2036490.3699984066,1380155.5854401668,0.0014075599549561169
2021-04-30,2029364.0253749893,1380155.5854401668,-0.0034993264531975043
2021-05-03,2027898.1221772416,1380155.5854401668,-0.0007223461042070722
2021-05-04,2016863.821886762,682626.7201146673,-0.005441249819114535
2021-05-05,2025443.3254228665,1007025.0439084652,0.004253883402042691
2021-05-06,2031562.0702060685,1007025.0439084652,0.0030209409991388547
2021-05-07,2040379.317817736,1007025.0439084652,0.004340132029917898
2021-05-10,2031324.0115753906,1007025.0439084652,-0.004438050397428284
2021-05-11,2009860.311648381,1191967.9739084651,-0.010566359578629503
2021-05-12,1985680.887971239,1191967.9739084651,-0.012030400091492588
2021-05-13,1999950.0764936116,1191967.9739084651,0.007186043139565834
2021-05-14,2003254.321755506,1191967.9739084651,0.0016521638718540732
2021-05-17,1996802.1001070081,1191967.9739084651,-0.0032208699506729443
2021-05-18,1988354.5713326628,1286520.7626155152,-0.004230528790956645
2021-05-19,1986257.8747706518,1381126.0612492228,-0.0010544882649404785
2021-05-20,1992003.905003574,1381126.0612492228,0.002892892361011201
2021-05-21,1991557.2580611785,1381126.0612492228,-0.0002242199130602085
2021-05-24,1991505.088891517,1381126.0612492228,-2.6195164337106114e-05
2021-05-25,1992793.4181050719,1381126.0612492228,0.0006469123381813713
2021-05-26,1991928.4634912042,1381126.0612492228,-0.0004340412839631824
2021-05-27,1993286.2846190115,1381126.0612492228,0.0006816615921172442
2021-05-28,1993658.980916386,1381126.0612492228,0.00018697579983895096
2021-06-01,1987800.6010678627,1381126.0612492228,-0.002938506487117687
2021-06-02,1980841.6517360536,881011.1006456531,-0.0035008286686656342
2021-06-03,1977086.4890513516,1080712.0467326709,-0.001895740975262239
2021-06-04,1980060.5394486291,1271381.9887214084,0.0015042591276341888
2021-06-07,1975933.9895905885,1271381.9887214084,-0.002084052369019873
2021-06-08,1976089.840062826,1271381.9887214084,7.887433135844724e-05
2021-06-09,1973362.896162372,1271381.9887214084,-0.0013799695971146164
2021-06-10,1978391.5417628132,1271381.9887214084,0.0025482619594299205
2021-06-11,1982267.9990119333,1271381.9887214084,0.0019593984139589793
2021-06-14,1983538.979715378,1271381.9887214084,0.0006411750096748658
2021-06-15,1983522.4108425411,1271381.9887214084,-8.353187412213359e-06
2021-06-16,1977973.3077097025,1271381.9887214084,-0.002797600421606261
2021-06-17,1983983.7869802688,1271381.9887214084,0.0030387059558076857
2021-06-18,1975726.0974190477,1271381.9887214084,-0.004162175928760892
2021-06-21,1983846.285536325,1271381.9887214084,0.004109976644983915
2021-06-22,1988822.2833921064,1271381.9887214084,0.002508257767781741
2021-06-23,1984713.016858381,1366460.1565933141,-0.0020661808589135244
2021-06-24,1989012.6226929533,1366460.1565933141,0.002166361483020962
2021-06-25,1991033.3640952848,1366460.1565933141,0.0010159520252794874
2021-06-28,1993886.0586006232,1366460.1565933141,0.0014327708198071942
2021-06-29,1996892.279415155,1366460.1565933141,0.0015077194614829814
2021-06-30,1996190.921251763,1366460.1565933141,-0.0003512248360224568
2021-07-01,2000207.90841253,1366460.1565933141,0.002012326134740672
2021-07-02,2001490.4878123747,765931.1519173642,0.0006412230420900222
2021-07-06,1987181.0734488238,1271270.1253063467,-0.007149379150530488
2021-07-07,1991315.5365298083,1366821.127389112,0.0020805668573569136
2021-07-08,1986846.9066586804,1366821.127389112,-0.0022440591604659943
2021-07-09,1992427.177578975,1366821.127389112,0.0028086063911583192
2021-07-12,1993107.0386894399,1366821.127389112,0.00034122256417479235
2021-07-13,1989705.1398382068,1366821.127389112,-0.0017068319890486405
2021-07-14,1993931.7133181295,1366821.127389112,0.0021242210191336763
2021-07-15,1997073.2187571675,1366821.127389112,0.0015755331128215477
2021-07-16,2000537.859085972,1366821.127389112,0.0017348589407055748
2021-07-19,1995835.70670132,1366821.127389112,-0.002350444088471515
2021-07-20,2001135.474222296,1366821.127389112,0.0026554127191837917
2021-07-21,1998774.0091357864,1366821.127389112,-0.001180062577935792
2021-07-22,1999991.0624871834,1366821.127389112,0.0006088999285733809
2021-07-23,2010156.468404493,1366821.127389112,0.0050827256721177605
2021-07-26,2008433.4251084034,1366821.127389112,-0.0008571687444098863
2021-07-27,2006781.226760855,1366821.127389112,-0.0008226303779321764
2021-07-28,2005353.3861972066,1366821.127389112,-0.0007115078338424397
2021-07-29,2004878.2485594884,1366821.127389112,-0.0002369346176033238
2021-07-30,2002510.5398144713,1366821.127389112,-0.0011809738305647022
2021-08-02,2000057.2627114113,1366821.127389112,-0.0012251007194634678
2021-08-03,2009003.6734199151,864198.5183166948,0.004473077283985161
2021-08-04,2001775.2568940064,965708.2767475788,-0.0035980106067222684
2021-08-05,2009566.0835806685,965708.2767475788,0.003891958730047662
2021-08-06,2012859.2824995983,965708.2767475788,0.001638761196179228
2021-08-09,2005764.3283862532,965708.2767475788,-0.003524813768667645
2021-08-10,2009542.5499670883,965708.2767475788,0.0018836817104403991
2021-08-11,2022107.0395722513,965708.2767475788,0.0062524128216985275
2021-08-12,2018311.6276217476,1060757.7880532884,-0.0018769589721158164
2021-08-13,2014381.3286544522,1060757.7880532884,-0.001947320182625334
2021-08-16,2020244.3828332755,1060757.7880532884,0.0029105979565147155
2021-08-17,1994376.2532501891,1060757.7880532884,-0.012804455640563539
2021-08-18,1993653.002075043,1060757.7880532884,-0.00036264530023732977
2021-08-19,1992763.4944069327,1251804.224118988,-0.0004461697533043596
2021-08-20,2000869.8063975966,1251804.224118988,0.004067874593957521
2021-08-23,2002137.637338004,1251804.224118988,0.000633639898185212
2021-08-24,1999765.2152030373,1251804.224118988,-0.0011849445765982347
2021-08-25,2006682.9013293143,1251804.224118988,0.0034592491526934666
2021-08-26,2004141.0268385734,1251804.224118988,-0.0012667046143948202
2021-08-27,2006486.7147571193,1251804.224118988,0.0011704205877398621
2021-08-30,2011707.2205214675,1381442.564118988,0.0026018142686681234
2021-08-31,2007296.3828573916,1381442.564118988,-0.002192584298093103
2021-09-01,2008271.3813725244,1381442.564118988,0.000485727231643196
2021-09-02,2008304.828511294,878745.3450616859,1.6654690735418143e-05
2021-09-03,2007674.619668689,1085947.145061686,-0.000313801387945678
2021-09-07,1997561.0074785652,1085947.145061686,-0.005037475739865127
2021-09-08,1992747.6662839756,1372043.4769322926,-0.0024096091065900493
2021-09-09,1992059.7462372552,1372043.4769322926,-0.00034521181901736586
2021-09-10,1992032.5595834032,1372043.4769322926,-1.3647509269465452e-05
2021-09-13,1990503.618647053,1372043.4769322926,-0.0007675280853191024
2021-09-14,1989286.6600996978,1372043.4769322926,-0.0006113822330965357
2021-09-15,1990326.5717140043,1372043.4769322926,0.0005227560387170982
2021-09-16,1989683.2799850747,1467575.4769322926,-0.00032320913465755385
2021-09-17,1986324.3563967869,1467575.4769322926,-0.0016881699826682972
2021-09-20,1981636.5241002874,1467575.4769322926,-0.002360053775408155
2021-09-21,1983559.7516555553,1467575.4769322926,0.0009705248827815982
2021-09-22,1987487.7750675995,1467575.4769322926,0.0019802899351863967
2021-09-23,1988433.4736394659,1467575.4769322926,0.0004758261075765713
2021-09-24,1987324.882593501,1467575.4769322926,-0.0005575198067531151
2021-09-27,1989379.4376631738,1467575.4769322926,0.0010338294899179257
2021-09-28,1982286.8103401759,1562507.0179774205,-0.003565246120835197
2021-09-29,1988079.6903813523,1562507.0179774205,0.0029223218410974194
2021-09-30,1978012.7104016733,1562507.0179774205,-0.005063670248423469
2021-10-01,1977443.9786798682,1657622.7000095707,-0.00028752682872790203
2021-10-04,1968960.5579813118,964681.3591402669,-0.004290094076000006
2021-10-05,1980398.7359268032,964681.3591402669,0.005809246863339057
2021-10-06,1974584.767545411,964681.3591402669,-0.0029357564595048347
2021-10-07,1986701.9099495132,964681.3591402669,0.00613655215175446
2021-10-08,1981857.4061268175,964681.3591402669,-0.002438465377434862
2021-10-11,1981809.7829807517,964681.3591402669,-2.402955223645975e-05
2021-10-12,1979135.8636138272,1058869.3276402669,-0.0013492310865994561
2021-10-13,1986251.622013859,1058869.3276402669,0.003595386517345256
2021-10-14,2006729.9323138483,1058869.3276402669,0.010310028232589419
2021-10-15,2014084.382883061,1058869.3276402669,0.0036648930435461136
2021-10-18,2022467.3839023598,1058869.3276402669,0.004162189573854391
2021-10-19,2030888.2563483717,1058869.3276402669,0.004163662916414346
2021-10-20,2036579.8879968892,1058869.3276402669,0.002802533143182906
2021-10-21,2048871.5136117528,1058869.3276402669,0.006035425218184454
2021-10-22,2060633.572661628,1058869.3276402669,0.005740749955150282
2021-10-25,2065052.874975774,1058869.3276402669,0.0021446327832259637
2021-10-26,2063363.6971323714,1058869.3276402669,-0.0008179828535491707
2021-10-27,2059119.1741306274,1058869.3276402669,-0.002057089115042099
2021-10-28,2066146.2686059491,1058869.3276402669,0.0034126701181773633
2021-10-29,2070428.1671960019,1058869.3276402669,0.0020724082583667425
2021-11-01,2063938.874365163,1058869.3276402669,-0.003134275766556671
2021-11-02,2075986.3485532943,565684.4546465412,0.005837127415818877
2021-11-03,2081096.82452569,1130640.8121261846,0.002461709816134805
2021-11-04,2083237.9940280677,1224476.2975965037,0.0010288658735835288
2021-11-05,2084169.8836043745,1224476.2975965037,0.00044732746761444453
2021-11-08,2083222.703055776,1224476.2975965037,-0.00045446417590511157
2021-11-09,2083733.7185528614,1224476.2975965037,0.0002453004646769674
2021-11-10,2079988.1434562872,1224476.2975965037,-0.0017975305881096082
2021-11-11,2080380.5245108772,1224476.2975965037,0.0001886458131141744
2021-11-12,2087255.3031042712,1224476.2975965037,0.003304577461861413
2021-11-15,2083841.1172266519,1224476.2975965037,-0.001635729885338666
2021-11-16,2097966.112920673,1224476.2975965037,0.0067783458044152756
2021-11-17,2092741.759363512,1486562.0513775446,-0.002490199210075872
2021-11-18,2098107.0334977354,1486562.0513775446,0.0025637535592806238
2021-11-19,2087409.0112625007,1486562.0513775446,-0.005098892508548558
2021-11-22,2088851.2034072182,1486562.0513775446,0.0006909006030615394
2021-11-23,2097105.792105007,1580687.6087578312,0.003951736095095804
2021-11-24,2100071.4800427933,1580687.6087578312,0.0014141813679364734
2021-11-26,2081217.1495161843,1675688.1316883494,-0.0089779470393192
2021-11-29,2086349.185105502,1675688.1316883494,0.0024658818473173305
2021-11-30,2074741.561298174,1766795.7346883493,-0.005563605502949764
2021-12-01,2071255.1418364714,1766795.7346883493,-0.0016804114433998096
2021-12-02,2093897.0372756156,865839.0285681076,0.01093148544658229
2021-12-03,2092648.330473838,1065689.248343866,-0.0005963553983544534
2021-12-06,2105126.8008826077,1065689.248343866,0.005963004020816287
2021-12-07,2134211.9378637793,1065689.248343866,0.013816334944278585
2021-12-08,2126195.4940624028,1065689.248343866,-0.0037561610724567984
2021-12-09,2114258.7144384626,1065689.248343866,-0.0056141496194844764
2021-12-10,2124024.5499186674,1065689.248343866,0.0046190352266319845
2021-12-13,2104799.0836882433,1065689.248343866,-0.009051433153708266
2021-12-14,2101305.2504231725,1065689.248343866,-0.0016599367094689566
2021-12-15,2102635.182018755,1160529.1807595515,0.0006329073776001337
2021-12-16,2109475.387996332,1160529.1807595515,0.0032531587201016787
2021-12-17,2094323.7747701975,1160529.1807595515,-0.007182645179153235
2021-12-20,2077338.9511290707,1349391.7940938221,-0.008109932115434426
2021-12-21,2094204.9943252886,1349391.7940938221,0.008119061738601108
2021-12-22,2100420.7726740353,1349391.7940938221,0.0029680849609230453
2021-12-23,2101981.942824955,1349391.7940938221,0.0007432654310175479
2021-12-27,2117508.289048095,1349391.7940938221,0.007386526928139681
2021-12-28,2117493.497363935,1349391.7940938221,-6.985419719995889e-06
2021-12-29,2122968.2645589453,1349391.7940938221,0.002585494218436013
2021-12-30,2119458.6842964953,1349391.7940938221,-0.0016531477747638856
2021-12-31,2121022.9315230455,1349391.7940938221,0.0007380409149468914
2022-01-03,2119664.043241757,1349391.7940938221,-0.0006406759026941211
2022-01-04,2151309.0810219105,542622.387394832,0.014929270457292088
2022-01-05,2138993.1470032716,1296173.9574540812,-0.0057248556831214215
2022-01-06,2144811.350100599,1296173.9574540812,0.002720066263643295
2022-01-07,2135500.352715425,1296173.9574540812,-0.004341173122166309
2022-01-10,2128618.320665647,1390747.339827825,-0.0032226789571949688
2022-01-11,2133128.6410375256,1486560.3019348877,0.0021188957776461237
2022-01-12,2134436.9664202877,1486560.3019348877,0.000613336372496498
2022-01-13,2136691.2759864507,1486560.3019348877,0.0010561612273534138
2022-01-14,2138144.6258197175,1486560.3019348877,0.0006801870956278933
2022-01-18,2123457.679816135,1486560.3019348877,-0.006869014296893794
2022-01-19,2108780.088439161,1486560.3019348877,-0.006912118624490371
2022-01-20,2099437.399133921,1676994.642456386,-0.00443037629028209
2022-01-21,2089700.715702621,1774414.9170129043,-0.004637758399139158
2022-01-24,2095471.867915849,1774414.9170129043,0.002761712320746179
2022-01-25,2099153.470248526,1774414.9170129043,0.001756932359267882
2022-01-26,2097367.0863413997,1774414.9170129043,-0.0008510020503240678
2022-01-27,2102419.0577751957,1774414.9170129043,0.002408720660630026
2022-01-28,2105280.7857061257,1774414.9170129043,0.0013611596224580857
2022-01-31,2103822.1145960726,1774414.9170129043,-0.0006928629757877447
2022-02-01,2108433.2593142926,1774414.9170129043,0.0021917940144409176
2022-02-02,2119141.1923448252,966955.1190626869,0.005078620811556966
2022-02-03,2098764.3476124336,1278391.8156229516,-0.009615614479111079
2022-02-04,2080106.8854618403,1558564.2588503398,-0.008889736559427486
2022-02-07,2077372.385818234,1558564.2588503398,-0.0013145957367470817
2022-02-08,2085971.4452554462,1558564.2588503398,0.004139392386226071
2022-02-09,2095487.837086019,1558564.2588503398,0.004562091131313339
2022-02-10,2093451.6727210945,1558564.2588503398,-0.0009716898990719258
2022-02-11,2087278.201089338,1653420.7363436609,-0.0029489439437272447
2022-02-14,2083838.0451568998,1653420.7363436609,-0.0016481540077613044
2022-02-15,2092468.7959260638,1653420.7363436609,0.0041417569802140175
2022-02-16,2094170.5349997827,1653420.7363436609,0.0008132685548438712
2022-02-17,2088391.8637490887,1748537.5260769168,-0.002759408154262122
2022-02-18,2089570.7122870565,1748537.5260769168,0.0005644766954089331
2022-02-22,2080616.5383426668,1748537.5260769168,-0.004285173931534159
2022-02-23,2076100.993337947,1748537.5260769168,-0.0021702917964483426
2022-02-24,2079072.1790633693,1748537.5260769168,0.0014311373747986078
2022-02-25,2094168.549021358,1748537.5260769168,0.007261109118775089
2022-02-28,2094698.6992696205,1748537.5260769168,0.00025315548192628157
2022-03-01,2094091.619840767,1748537.5260769168,-0.0002898170648910625
2022-03-02,2117362.532815783,845093.564171594,0.011112652739035944
2022-03-03,2121086.416444432,1085989.9655609517,0.0017587369054352653
2022-03-04,2115463.354515572,1182244.0895207515,-0.0026510291543357933
2022-03-07,2103223.2534515895,1182244.0895207515,-0.005786014226082159
2022-03-08,2087352.0819522021,1277968.0211347588,-0.007546118308335181
2022-03-09,2093492.0431707618,1374246.086668337,0.0029415072194323155
2022-03-10,2092280.04616144,1374246.086668337,-0.0005789355700087651
2022-03-11,2089814.097736942,1374246.086668337,-0.0011785938641540872
2022-03-14,2092692.0738859805,1374246.086668337,0.0013771445757566614
2022-03-15,2113867.0100136753,1374246.086668337,0.010118514994121641
2022-03-16,2113180.0287159844,1374246.086668337,-0.00032498794599500336
2022-03-17,2119148.336635145,1374246.086668337,0.0028243253476074592
2022-03-18,2116540.487347655,1374246.086668337,-0.0012306119597228493
2022-03-21,2112109.9498511506,1374246.086668337,-0.0020932921070914157
2022-03-22,2115747.6681923987,1374246.086668337,0.0017223148546336997
2022-03-23,2105009.626842429,1374246.086668337,-0.005075293954663329
2022-03-24,2109473.9425805886,1374246.086668337,0.0021208053783849934
2022-03-25,2110088.8432246353,1374246.086668337,0.0002914947805869872
2022-03-28,2106939.450200669,1468687.940691406,-0.0014925404842923706
2022-03-29,2112288.378782806,1468687.940691406,0.0025387196493129593
2022-03-30,2108137.246185261,1468687.940691406,-0.0019652300506132203
2022-03-31,2103043.2073214585,1563678.333300059,-0.002416369651938033
2022-04-01,2102007.2853077278,1563678.333300059,-0.0004925823730698164
2022-04-04,2102123.565628349,756128.1686694976,5.5318704855977785e-05
2022-04-05,2092906.1312989737,1166070.3263611458,-0.004384820416881596
2022-04-06,2095364.4103174736,1260502.6361969733,0.0011745768153368363
2022-04-07,2114689.488549631,1356473.4430741582,0.009222776781452335
2022-04-08,2129055.2726520724,1356473.4430741582,0.006793330264432296
2022-04-11,2119411.455593551,1356473.4430741582,-0.00452962268401258
2022-04-12,2128965.312077313,1356473.4430741582,0.004507787507964878
2022-04-13,2133644.21685385,1356473.4430741582,0.002197736501385883
2022-04-14,2135576.676780167,1356473.4430741582,0.0009057086045800578
2022-04-18,2147163.886524236,1356473.4430741582,0.0054257989750754465
2022-04-19,2144570.8560311156,1356473.4430741582,-0.0012076537377487817
2022-04-20,2146626.293380145,1356473.4430741582,0.0009584376022124808
2022-04-21,2123709.6318582883,1356473.4430741582,-0.01067566422368349
2022-04-22,2094735.5626582848,1549701.16065607,-0.013643140646610208
2022-04-25,2087692.2738666013,1646359.5060458905,-0.0033623760999910157
2022-04-26,2085602.7901446815,1646359.5060458905,-0.001000858099670987
2022-04-27,2090491.859187772,1646359.5060458905,0.0023441995120996317
2022-04-28,2074623.9438335588,1646359.5060458905,-0.007590517649936457
2022-04-29,2060007.557999127,1646359.5060458905,-0.007045318202306583
2022-05-02,2055606.1142445784,1646359.5060458905,-0.0021366153427241352
2022-05-03,2077273.2144974149,943383.9419494316,0.010540492219152098
2022-05-04,2114332.294865117,1042310.2567882525,0.017840253322993105
2022-05-05,2082910.4523040964,1137412.7979714908,-0.014861354876587685
2022-05-06,2097279.770587754,1231806.140450664,0.006898673088784113
2022-05-09,2041559.1347840526,1420746.5024939291,-0.026568050951106925
2022-05-10,2050540.4438839634,1420746.5024939291,0.004399240240895885
2022-05-11,2052400.8491705712,1516339.499081065,0.0009072755878367644
2022-05-12,2047110.4534211156,1516339.499081065,-0.0025776620349741153
2022-05-13,2069428.9191475608,1516339.499081065,0.010902423798943905
2022-05-16,2084498.95397297,1516339.499081065,0.007282219111742538
2022-05-17,2092522.3663783304,1516339.499081065,0.0038490843999072766
2022-05-18,2066539.0954614053,1516339.499081065,-0.012417201046169057
2022-05-19,2064457.2606274642,1516339.499081065,-0.0010074016206678138
2022-05-20,2059921.8937538187,1516339.499081065,-0.0021968809721286675
2022-05-23,2072677.7778889458,1516339.499081065,0.006192411553955557
2022-05-24,2076729.7962406536,1516339.499081065,0.001954967817445752
2022-05-25,2085609.7838051002,1516339.499081065,0.004275947492312859
2022-05-26,2099883.533805302,1516339.499081065,0.006843921672710973
2022-05-27,2110752.4904445587,1516339.499081065,0.005175980698110649
2022-05-31,2108297.3802886102,1651975.3980735994,-0.0011631445027604492
2022-06-01,2108191.6112006144,1651975.3980735994,-5.0168011868079176e-05
2022-06-02,2113296.3126395945,751242.7666923791,0.0024213650276661003
2022-06-03,2108338.6467591473,1100837.654923315,-0.0023459397770182466
2022-06-06,2111481.7312645307,1100837.654923315,0.0014907873126619453
2022-06-07,2112715.925410471,1196931.7763286342,0.0005845156638892846
2022-06-08,2103332.6709395503,1291147.9790948231,-0.004441323302420641
2022-06-09,2091724.275149476,1291147.9790948231,-0.005519048864908727
2022-06-10,2084057.248513156,1385581.3554982725,-0.0036654097900986615
2022-06-13,2069038.5825636452,1576072.8815379916,-0.007206455561729719
2022-06-14,2063302.8087125828,1766398.443151758,-0.002772192794952888
2022-06-15,2059341.476102336,1860664.6668166732,-0.0019198988115168847
2022-06-16,2056516.221375418,1860664.6668166732,-0.0013719214417345915
2022-06-17,2058114.8696652343,1860664.6668166732,0.0007773574908869207
2022-06-21,2064242.9131960194,1860664.6668166732,0.0029775031613186176
2022-06-22,2065404.0349856575,1860664.6668166732,0.0005624928065468549
2022-06-23,2066637.0600498687,1860664.6668166732,0.0005969897624509279
2022-06-24,2070719.1695473704,1860664.6668166732,0.001975242569879798
2022-06-27,2071255.539623093,1860664.6668166732,0.00025902598653204656
2022-06-28,2065789.6553479864,1860664.6668166732,-0.0026389231896037924
2022-06-29,2066298.363822006,1860664.6668166732,0.0002462537619465355
2022-06-30,2063029.5595169745,1860664.6668166732,-0.0015819614254474201
2022-07-01,2066983.6374608946,1860664.6668166732,0.0019166365918896755
2022-07-05,2082984.4625423644,979289.6712004871,0.007741147434106033
2022-07-06,2084311.7641338522,1083629.8857868155,0.0006372114700594622
2022-07-07,2110414.608809772,1083629.8857868155,0.012523483830532811
2022-07-08,2111354.2199860164,1083629.8857868155,0.0004452258680933685
2022-07-11,2107835.2037280295,1083629.8857868155,-0.0016667105048864261
2022-07-12,2102592.03319488,1083629.8857868155,-0.0024874670106449503
2022-07-13,2100014.0055809384,1083629.8857868155,-0.0012261187968187759
2022-07-14,2095056.5758355893,1177839.7715649582,-0.0023606650870776624
2022-07-15,2115786.3156152884,1177839.7715649582,0.0098945966513726
2022-07-18,2108219.542400347,1177839.7715649582,-0.0035763409372183697
2022-07-19,2137518.982438042,1303261.353564958,0.013897717694209222
2022-07-20,2149979.3318768763,1303261.353564958,0.005829351477675493
2022-07-21,2181368.7444579983,1440772.8085649582,0.014599867131615651
2022-07-22,2162714.3053490445,1440772.8085649582,-0.008551712843757997
2022-07-25,2169995.956418412,1440772.8085649582,0.00336690382606597
2022-07-26,2166943.9039888848,1440772.8085649582,-0.0014064783948097848
2022-07-27,2184900.294336674,1440772.8085649582,0.0082865044705287
2022-07-28,2198784.4453177215,1440772.8085649582,0.006354592480506183
2022-07-29,2209317.1737926155,1440772.8085649582,0.0047902505847370325
2022-08-01,2213392.6862552976,1440772.8085649582,0.0018446932432458762
2022-08-02,2211378.9481044966,639880.6655401434,-0.0009097970564851954
2022-08-03,2199720.764477689,1408142.6453638256,-0.005271906760621281
2022-08-04,2189726.8171656304,1693718.4515585238,-0.004543279980553039
2022-08-05,2192918.9926012587,1693718.4515585238,0.001457796201153716
2022-08-08,2193263.40650939,1693718.4515585238,0.00015705728724757506
2022-08-09,2199763.557115918,1693718.4515585238,0.002963688988397939
2022-08-10,2204147.0037051127,1693718.4515585238,0.0019926898847899555
2022-08-11,2206703.2392629525,1693718.4515585238,0.0011597391433251225
2022-08-12,2213895.509595179,1693718.4515585238,0.003259282990235146
2022-08-15,2213194.9624998127,1693718.4515585238,-0.0003164318696750046
2022-08-16,2217051.8513195184,1693718.4515585238,0.0017426791968429
2022-08-17,2217224.93828352,1693718.4515585238,7.807077849730781e-05
2022-08-18,2222238.7204206176,1693718.4515585238,0.0022612870938476526
2022-08-19,2223050.9079294526,1693718.4515585238,0.0003654816655707105
2022-08-22,2217938.510152979,1693718.4515585238,-0.0022997214135934696
2022-08-23,2220794.20050509,1693718.4515585238,0.0012875426162801684
2022-08-24,2221404.267989733,1693718.4515585238,0.00027470689742625787
2022-08-25,2225321.514361685,1693718.4515585238,0.0017634099422600968
2022-08-26,2215176.2750502857,1788267.8345251046,-0.00455899933826398
2022-08-29,2218885.798015775,1788267.8345251046,0.0016745949328142995
2022-08-30,2208603.2585817375,1788267.8345251046,-0.004634100341366243
2022-08-31,2206833.8428343544,1788267.8345251046,-0.0008011469423074846
2022-09-01,2203916.8502130765,1788267.8345251046,-0.0013217998404136955
2022-09-02,2193780.5073711923,877582.6132827931,-0.004599240139619654
2022-09-06,2184045.8686016733,1384857.9807660053,-0.004437380465734941
2022-09-07,2196142.2211780488,1384857.9807660053,0.005538506654221509
2022-09-08,2198569.588344712,1384857.9807660053,0.0011052868722505327
2022-09-09,2215017.2044232315,1384857.9807660053,0.007481053211012112
2022-09-12,2215066.7173621478,1481617.7895964952,2.235329767064087e-05
2022-09-13,2182842.902689431,1578251.5995964953,-0.014547559412156796
2022-09-14,2175437.632580402,1769801.9434462013,-0.003392488804350169
2022-09-15,2174822.2604175415,1769801.9434462013,-0.00028287281310401813
2022-09-16,2173678.5817526556,1769801.9434462013,-0.000525872245149106
2022-09-19,2175756.3884548955,1769801.9434462013,0.0009558941785057229
2022-09-20,2167418.206856851,1865578.4354462014,-0.003832313967817802
2022-09-21,2165848.7764429045,1865578.4354462014,-0.0007241013335503865
2022-09-22,2161980.8438594486,1961573.8454462013,-0.0017858737994664864
2022-09-23,2161416.5446005696,1961573.8454462013,-0.0002610102954805349
2022-09-26,2158590.2034723926,1961573.8454462013,-0.0013076337068101962
2022-09-27,2156353.8779117023,1961573.8454462013,-0.0010360120958081698
2022-09-28,2159859.472324121,1961573.8454462013,0.0016257045971570516
2022-09-29,2157381.4594537523,1961573.8454462013,-0.0011473028232258375
2022-09-30,2156319.628118639,1961573.8454462013,-0.0004921852509950364
2022-10-03,2163171.9488127744,1961573.8454462013,0.00317778524332879
2022-10-04,2181055.5966258254,1048211.0578428855,0.00826732605462377
2022-10-05,2182554.9561423417,1151306.9278428855,0.0006874467202193646
2022-10-06,2167184.573970214,1151306.9278428855,-0.007042380366584111
2022-10-07,2146075.8989940602,1151306.9278428855,-0.009740137148301686
2022-10-10,2140769.9006785946,1343293.3740624397,-0.0024724187611224746
2022-10-11,2146116.633386664,1343293.3740624397,0.002497574683937076
2022-10-12,2137559.6312247226,1343293.3740624397,-0.0039872027590774906
2022-10-13,2134976.410824068,1726900.4105533827,-0.001208490450006594
2022-10-14,2122506.167446067,1726900.4105533827,-0.005840927944111285
2022-10-17,2125912.1992366035,1824438.2988525438,0.0016047217401655711
2022-10-18,2136774.088913454,1824438.2988525438,0.005109284231376687
2022-10-19,2136449.3710539336,1824438.2988525438,-0.0001519663970118712
2022-10-20,2135939.4444245524,1824438.2988525438,-0.00023867948208367018
2022-10-21,2143742.9749315945,1824438.2988525438,0.0036534418273943547
2022-10-24,2146911.159689753,1824438.2988525438,0.0014778752841204668
2022-10-25,2150520.696519388,1824438.2988525438,0.0016812697690558043
2022-10-26,2153430.274788221,1824438.2988525438,0.0013529645511165533
2022-10-27,2156344.313380346,1824438.2988525438,0.0013532077756321925
2022-10-28,2163986.485606661,1824438.2988525438,0.0035440408003928336
2022-10-31,2161826.6788615305,1824438.2988525438,-0.0009980684997323852
2022-11-01,2160785.7272602185,1824438.2988525438,-0.0004815148279417869
2022-11-02,2131530.2466827016,1026530.3454880249,-0.013539278887505168
2022-11-03,2119603.4355357485,1513749.5155805543,-0.005595421958245694
2022-11-04,2125533.1569052404,1610420.0050805542,0.0027975616901154687
2022-11-07,2130691.9880833137,1705421.3920805543,0.002427076313212817
2022-11-08,2131561.1689506583,1705421.3920805543,0.0004079336066431516
2022-11-09,2121321.5107503124,1705421.3920805543,-0.004803830333138803
2022-11-10,2131886.9366623377,1705421.3920805543,0.004980586798598141
2022-11-11,2127486.7512953305,1705421.3920805543,-0.002063986270255058
2022-11-14,2127822.503549076,1705421.3920805543,0.00015781637819434202
2022-11-15,2132167.9872214706,1705421.3920805543,0.00204222093955031
2022-11-16,2128936.1064031497,1705421.3920805543,-0.0015157721331950924
2022-11-17,2129602.6087528653,1705421.3920805543,0.0003130682727918721
2022-11-18,2133377.5078213057,1705421.3920805543,0.001772583792358784
2022-11-21,2133738.092474094,1705421.3920805543,0.00016902055612133537
2022-11-22,2143501.5118667036,1705421.3920805543,0.004575734682267685
2022-11-23,2144491.4297452956,1705421.3920805543,0.00046182280400164366
2022-11-25,2144286.157511253,1705421.3920805543,-9.572070617558381e-05
2022-11-28,2140395.355327206,1705421.3920805543,-0.0018144976454833595
2022-11-29,2141620.406406219,1705421.3920805543,0.0005723480365269484
2022-11-30,2148282.6004143613,1705421.3920805543,0.003110819260133013
2022-12-01,2148952.4301142963,1705421.3920805543,0.00031179775873324544
2022-12-02,2149115.4472170672,1111834.7659530689,7.585886987837576e-05
2022-12-05,2132867.8604886723,1301885.8975089816,-0.007560127469854794
2022-12-06,2124608.4296279694,1491560.4720185238,-0.003872453148040078
2022-12-07,2124123.2747313175,1491560.4720185238,-0.00022835026439993467
2022-12-08,2131967.9975882983,1491560.4720185238,0.0036931579961962946
2022-12-09,2124206.3140344205,1491560.4720185238,-0.003640619166262238
2022-12-12,2133513.28089589,1491560.4720185238,0.004381385555621176
2022-12-13,2137092.7821769314,1491560.4720185238,0.0016777497065958435
2022-12-14,2130166.6510105813,1491560.4720185238,-0.003240912712874744
2022-12-15,2117284.1459440463,1491560.4720185238,-0.006047651276684496
2022-12-16,2115756.7695737295,1491560.4720185238,-0.0007213846914420063
2022-12-19,2111921.1161639034,1491560.4720185238,-0.0018128990368769804
2022-12-20,2112667.1284982814,1491560.4720185238,0.0003532387306837137
2022-12-21,2120636.2551910887,1491560.4720185238,0.0037720692414389134
2022-12-22,2117544.2210511724,1491560.4720185238,-0.0014580690735374047
2022-12-23,2119345.9444879647,1491560.4720185238,0.0008508551646198015
2022-12-27,2122854.462753078,1491560.4720185238,0.0016554721867085842
2022-12-28,2115703.60075804,1491560.4720185238,-0.003368512594954076
2022-12-29,2125303.1172847846,1491560.4720185238,0.00453726907838381
2022-12-30,2119690.207014707,1491560.4720185238,-0.0026409928185907594
2023-01-03,2119052.48828563,1491560.4720185238,-0.00030085468478668886
2023-01-04,2132114.846336294,995609.3693840671,0.006164244690905152
2023-01-05,2121730.9359124345,1094714.3528802558,-0.004870239725455083
2023-01-06,2139649.6488568154,1094714.3528802558,0.00844532765257311
2023-01-09,2141175.2422440983,1094714.3528802558,0.0007130108371238286
2023-01-10,2148386.1614153422,1094714.3528802558,0.0033677389075759123
2023-01-11,2152589.6471275673,1094714.3528802558,0.0019565782854680247
2023-01-12,2160619.377159702,1094714.3528802558,0.0037302650985289176
2023-01-13,2166067.6076321234,1094714.3528802558,0.002521605855253961
2023-01-17,2162745.9254624024,1094714.3528802558,-0.00153350807611774
2023-01-18,2144198.5967352227,1094714.3528802558,-0.008575824145045652
2023-01-19,2142518.544437708,1094714.3528802558,-0.0007835339040296319
2023-01-20,2155078.3263668614,1094714.3528802558,0.00586215786171862
2023-01-23,2156357.068357679,1094714.3528802558,0.0005933621878948525
2023-01-24,2150526.4892609203,1094714.3528802558,-0.0027039024205761653
2023-01-25,2144643.4332330683,1189148.1555461157,-0.0027356352303634646
2023-01-26,2158744.943387139,1189148.1555461157,0.006575223617854675
2023-01-27,2148932.061896263,1318802.956704916,-0.004545641911489207
2023-01-30,2144289.9521719906,1318802.956704916,-0.0021601938035100687
2023-01-31,2157468.88308503,1318802.956704916,0.006146058232325391
2023-02-01,2152538.108943316,1411383.0337449594,-0.00228544392012886
2023-02-02,2149107.401754573,712307.7000916188,-0.0015937962605583333
2023-02-03,2145857.815633854,1126635.5987809151,-0.0015120631561112985
2023-02-06,2129870.61326358,1411024.2573448773,-0.007450261733931152
2023-02-07,2138217.771200532,1411024.2573448773,0.00391909155653436
2023-02-08,2138503.1153284125,1411024.2573448773,0.00013344951656635295
2023-02-09,2134301.7096180385,1411024.2573448773,-0.001964647926046559
2023-02-10,2141470.552605623,1506658.01412655,0.003358870470504982
2023-02-13,2145273.887630306,1506658.01412655,0.0017760389093632867
2023-02-14,2145097.1051406832,1506658.01412655,-8.240555699778884e-05
2023-02-15,2142203.3951743273,1506658.01412655,-0.0013489878660603027
2023-02-16,2141950.018451475,1506658.01412655,-0.00011827855535240239
2023-02-17,2133155.305564349,1601199.95784999,-0.004105937492175582
2023-02-21,2123791.014130141,1601199.95784999,-0.004389877947368004
2023-02-22,2120874.5453380486,1601199.95784999,-0.0013732371842090085
2023-02-23,2129590.681110119,1601199.95784999,0.004109689463353439
2023-02-24,2129873.6811684105,1601199.95784999,0.00013288941429068224
2023-02-27,2132363.6667836853,1601199.95784999,0.001169076662757229
2023-02-28,2127340.350479682,1601199.95784999,-0.002355750279491531
2023-03-01,2130990.4837677227,1601199.95784999,0.0017158200789157974
2023-03-02,2137268.9349693493,1002677.6143123825,0.0029462596146960784
2023-03-03,2148957.2695473637,1126171.5343123826,0.005468817885654564
2023-03-06,2149746.328530479,1126171.5343123826,0.0003671822582500539
2023-03-07,2131757.5663211094,1126171.5343123826,-0.008367853439557482
2023-03-08,2123516.55974057,1220605.5130613933,-0.003865827292341417
2023-03-09,2114876.16742168,1315643.6633933587,-0.004068907435290092
2023-03-10,2105363.168162841,1315643.6633933587,-0.004498135354391364
2023-03-13,2098468.2388902525,1410251.4859197442,-0.0032749358290545816
2023-03-14,2106335.6293328404,1410251.4859197442,0.003749111040512343
2023-03-15,2101334.8981182994,1598706.8887541196,-0.0023741378842482286
2023-03-16,2105748.410779561,1598706.8887541196,0.0021003375831305515
2023-03-17,2099454.1230125427,1598706.8887541196,-0.0029890977168958166
2023-03-20,2107355.1690207347,1598706.8887541196,0.0037633811196857714
2023-03-21,2109002.628324527,1598706.8887541196,0.0007817663239735317
2023-03-22,2102044.0572342263,1598706.8887541196,-0.003299460606091653
2023-03-23,2099573.5508162277,1598706.8887541196,-0.001175287648941703
2023-03-24,2109198.521376471,1598706.8887541196,0.004584250242865462
2023-03-27,2113748.2652052836,1598706.8887541196,0.0021570960640744374
2023-03-28,2114284.3762003924,1598706.8887541196,0.0002536304837874592
2023-03-29,2116583.5569300367,1598706.8887541196,0.0010874510333260812
2023-03-30,2119506.3113521757,1598706.8887541196,0.0013808830804573624
2023-03-31,2123340.6865021745,1598706.8887541196,0.001809088809720416
2023-04-03,2128150.9620490503,1598706.8887541196,0.002265428048100926
2023-04-04,2109869.65603698,898200.4600113729,-0.008590229893498003
2023-04-05,2110094.418960225,1391191.8853882686,0.00010652929322052529
2023-04-06,2105767.903303655,1485703.9843882686,-0.0020503896023297274
2023-04-10,2109200.516505818,1485703.9843882686,0.0016301004478118664
2023-04-11,2111907.6641942603,1485703.9843882686,0.0012834947020243792
2023-04-12,2110823.920778013,1485703.9843882686,-0.0005131585223262514
2023-04-13,2118870.5544781922,1485703.9843882686,0.003812081917857757
2023-04-14,2117810.4954267116,1485703.9843882686,-0.0005002943899712342
2023-04-17,2122358.0751692755,1485703.9843882686,0.002147302486404712
2023-04-18,2125652.399905384,1485703.9843882686,0.0015522002505847787
2023-04-19,2123437.607345034,1485703.9843882686,-0.0010419354361271838
2023-04-20,2123814.969589959,1485703.9843882686,0.00017771289517520827
2023-04-21,2128517.988567276,1485703.9843882686,0.0022144202977461003
2023-04-24,2132305.502375036,1485703.9843882686,0.0017794135770068387
2023-04-25,2120214.2967065945,1485703.9843882686,-0.005670484672564036
2023-04-26,2113146.2949181306,1485703.9843882686,-0.0033336261336615047
2023-04-27,2118901.8616401837,1485703.9843882686,0.00272369534276673
2023-04-28,2124304.2345873555,1485703.9843882686,0.0025496097978743304
2023-05-01,2127311.358262741,1485703.9843882686,0.0014155805116915499
2023-05-02,2117717.0742505053,985819.4920062015,-0.004510051608087484
2023-05-03,2114172.892191982,1178758.0200429098,-0.0016735861941226116
2023-05-04,2102986.610679437,1275548.0575429099,-0.005291091165655293
2023-05-05,2105478.1290559424,1275548.0575429099,0.001184752372579645
2023-05-08,2104191.25186871,1368673.0995429098,-0.0006112042530735939
2023-05-09,2107467.217145124,1368673.0995429098,0.001556876198161472
2023-05-10,2096453.532113464,1558832.2878036853,-0.0052260291130789005
2023-05-11,2097483.6244603987,1558832.2878036853,0.0004913499541752131
2023-05-12,2099275.3332306743,1558832.2878036853,0.0008542182400763654
2023-05-15,2098717.761812267,1558832.2878036853,-0.0002656018529734183
2023-05-16,2093457.414436177,1653340.1718575398,-0.002506457739009038
2023-05-17,2092710.5738772918,1653340.1718575398,-0.00035674982148437007
2023-05-18,2091347.1487645914,1653340.1718575398,-0.0006515115514393877
2023-05-19,2087596.7053520817,1653340.1718575398,-0.0017933146176737358
2023-05-22,2082019.0437174428,1653340.1718575398,-0.0026718099431461972
2023-05-23,2076269.410364095,1748214.4905505232,-0.002761566168521634
2023-05-24,2073485.9737914023,1748214.4905505232,-0.0013405950879007422
2023-05-25,2074664.0827643273,1748214.4905505232,0.0005681779321471403
2023-05-26,2069593.117444957,1843608.4682172318,-0.002444234399919698
2023-05-30,2066131.429739173,1843608.4682172318,-0.0016726416785042275
2023-05-31,2068298.4651738699,1843608.4682172318,0.001048837166651273
2023-06-01,2070762.5788474518,1843608.4682172318,0.0011913723841470159
2023-06-02,2089964.1587790847,1037741.571924437,0.009272709545639968
2023-06-05,2089468.8657835973,1037741.571924437,-0.00023698635854918493
2023-06-06,2095099.5068886233,1037741.571924437,0.0026947714786429433
2023-06-07,2093551.5860557305,1037741.571924437,-0.00073882926696478
2023-06-08,2098249.6622218513,1037741.571924437,0.0022440699323640345
2023-06-09,2096138.6193188787,1037741.571924437,-0.0010060971013035047
2023-06-12,2103351.9759955322,1037741.571924437,0.0034412593757742194
2023-06-13,2108627.5495048743,1037741.571924437,0.002508174366225635
2023-06-14,2103058.806081497,1037741.571924437,-0.0026409326885086237
2023-06-15,2116339.6521254275,1037741.571924437,0.006315014114453454
2023-06-16,2115010.8802595274,1168226.8083435432,-0.0006278632376262028
2023-06-20,2112182.4983403077,1168226.8083435432,-0.0013372895362470105
2023-06-21,2119545.240724853,1168226.8083435432,0.0034858457497544126
2023-06-22,2115025.4656200074,1168226.8083435432,-0.002132426814017707
2023-06-23,2103232.4491201686,1168226.8083435432,-0.005575827190516414
2023-06-26,2107903.363138655,1168226.8083435432,0.002220826338258819
2023-06-27,2122699.712807132,1168226.8083435432,0.007019463001588955
2023-06-28,2121285.7235693694,1168226.8083435432,-0.0006661277755074524
2023-06-29,2129231.814450072,1168226.8083435432,0.003745884296685986
2023-06-30,2139739.906718823,1168226.8083435432,0.00493515651862686
2023-07-03,2138508.6546572074,1168226.8083435432,-0.0005754213667509278
2023-07-05,2132404.764992451,765873.8887685498,-0.002854274006075963
2023-07-06,2114631.7006000937,1182571.9201438148,-0.00833475177139742
2023-07-07,2113914.3866667026,1182571.9201438148,-0.00033921459381680563
2023-07-10,2127130.3596915137,1182571.9201438148,0.006251896059826123
2023-07-11,2136370.3237928017,1182571.9201438148,0.004343863580898777
2023-07-12,2143939.4307747683,1182571.9201438148,0.0035429751563524903
2023-07-13,2150377.1070627286,1182571.9201438148,0.003002732351274462
2023-07-14,2150256.3009254117,1182571.9201438148,-5.617904734944723e-05
2023-07-17,2151022.0310528995,1182571.9201438148,0.00035611109576016986
2023-07-18,2162485.435830969,1182571.9201438148,0.005329282830477622
2023-07-19,2161571.9162598383,1182571.9201438148,-0.0004224396409771014
2023-07-20,2151221.6863710284,1182571.9201438148,-0.004788288472362678
2023-07-21,2155977.9580593347,1182571.9201438148,0.0022109630627282773
2023-07-24,2160238.23647203,1182571.9201438148,0.001976030597516054
2023-07-25,2170145.3188139442,1182571.9201438148,0.004586106372273857
2023-07-26,2169148.708731566,1182571.9201438148,-0.0004592365652834607
2023-07-27,2163308.226802876,1182571.9201438148,-0.0026925226035355854
2023-07-28,2166258.079012042,1182571.9201438148,0.0013635838724310734
2023-07-31,2168189.567970098,1182571.9201438148,0.0008916245837786718
2023-08-01,2166970.944836125,1182571.9201438148,-0.0005620463966691247
2023-08-02,2169697.7106234706,1018873.4328079155,0.001258330571456856
2023-08-03,2175112.512656373,1228822.69959442,0.002495648129409833
2023-08-04,2172127.293204381,1362510.463130787,-0.0013724436941177087
2023-08-07,2180930.705452501,1362510.463130787,0.004052898868156518
2023-08-08,2174292.071622197,1362510.463130787,-0.0030439453274268002
2023-08-09,2174927.5677223853,1362510.463130787,0.0002922772466875667
2023-08-10,2177550.3583861757,1362510.463130787,0.0012059209247767821
2023-08-11,2180924.7119338256,1362510.463130787,0.0015496098791261126
2023-08-14,2179287.5518608796,1362510.463130787,-0.0007506724390748953
2023-08-15,2173412.082726306,1362510.463130787,-0.0026960504269190055
2023-08-16,2171337.563752966,1362510.463130787,-0.0009544986842704439
2023-08-17,2158735.105109934,1457665.064449083,-0.005804007102999442
2023-08-18,2161779.760899151,1552777.2594490831,0.0014103887883278876
2023-08-21,2157139.3725345633,1552777.2594490831,-0.00214655926034657
2023-08-22,2159035.8869161014,1552777.2594490831,0.000879180272580049
2023-08-23,2162496.9723136644,1552777.2594490831,0.0016030698787996567
2023-08-24,2156578.4459310863,1552777.2594490831,-0.002736894644641219
2023-08-25,2158174.1372379996,1552777.2594490831,0.0007399180446803211
2023-08-28,2161715.4410601472,1552777.2594490831,0.001640879556957131
2023-08-29,2167696.780048191,1552777.2594490831,0.0027669409555175495
2023-08-30,2169791.2449771534,1552777.2594490831,0.0009662167459212334
2023-08-31,2167606.0055537242,1552777.2594490831,-0.0010071196611599609
2023-09-01,2168394.065280876,1552777.2594490831,0.0003635622549176265
2023-09-05,2160325.4585999297,1053652.8388077575,-0.003721005701932345
2023-09-06,2158841.89620899,1152136.076356276,-0.0006867309668707744
2023-09-07,2162350.904359468,1152136.076356276,0.0016254122900987156
2023-09-08,2165708.663344625,1152136.076356276,0.0015528279792089705
2023-09-11,2166754.437232362,1247804.5135122281,0.00048287837853600024
2023-09-12,2161319.7992867865,1342628.3225170225,-0.0025081928308025025
2023-09-13,2156157.9772147182,1342628.3225170225,-0.002388273162431398
2023-09-14,2167832.336387107,1342628.3225170225,0.005414426630960367
2023-09-15,2161055.49780373,1342628.3225170225,-0.0031260898131408865
2023-09-18,2162628.5750629026,1342628.3225170225,0.0007279208057227038
2023-09-19,2158656.83105118,1342628.3225170225,-0.0018365354354050734
2023-09-20,2158573.6949551804,1342628.3225170225,-3.851288208656101e-05
2023-09-21,2148027.4422189924,1342628.3225170225,-0.0048857506050572486
2023-09-22,2147593.4706296744,1342628.3225170225,-0.00020203260944828827
2023-09-25,2149410.8778827135,1437123.687413981,0.0008462529235135907
2023-09-26,2140746.912808769,1437123.687413981,-0.0040308556931092365
2023-09-27,2139966.9613927417,1437123.687413981,-0.00036433611622210815
2023-09-28,2141229.697866515,1437123.687413981,0.000590072882691306
2023-09-29,2135096.8043422997,1437123.687413981,-0.002864192258460574
2023-10-02,2132970.1054604873,1437123.687413981,-0.0009960667251653899
2023-10-03,2125730.563540776,1233179.364508059,-0.0033941131669769087
2023-10-04,2128195.6801235806,1327920.8491981556,0.001159656178955526
2023-10-05,2125499.6840037038,1327920.8491981556,-0.0012667989814358904
2023-10-06,2126906.971791661,1422950.124586181,0.0006620973875217651
2023-10-09,2128186.137375945,1517117.3132527536,0.0006014205610538337
2023-10-10,2133637.6387469275,1517117.3132527536,0.0025615716949007883
2023-10-11,2135190.220996878,1517117.3132527536,0.000727669132637887
2023-10-12,2132676.673916542,1517117.3132527536,-0.0011772005396140095
2023-10-13,2131187.5868929015,1517117.3132527536,-0.0006982244621759337
2023-10-16,2135957.4359718924,1517117.3132527536,0.0022381178964847592
2023-10-17,2133969.320960568,1517117.3132527536,-0.0009307840024537217
2023-10-18,2131852.0298878485,1517117.3132527536,-0.0009921844011169245
2023-10-19,2127975.987138401,1517117.3132527536,-0.0018181574964429847
2023-10-20,2123695.6179109686,1517117.3132527536,-0.0020114744025792053
2023-10-23,2120120.017969001,1517117.3132527536,-0.0016836687479181434
2023-10-24,2118507.8777483497,1517117.3132527536,-0.0007604004523271701
2023-10-25,2113380.250981184,1611541.3757527536,-0.0024203954212411727
2023-10-26,2110205.203111307,1611541.3757527536,-0.0015023552285031716
2023-10-27,2104140.3265877534,1707162.5077257608,-0.0028740695523884474
2023-10-30,2107911.5266127535,1707162.5077257608,0.0017922759130404309
2023-10-31,2108897.942218446,1707162.5077257608,0.0004679587322518053
2023-11-01,2110786.835266351,1707162.5077257608,0.0008956777898496693
2023-11-02,2109379.759619949,1089843.9410987934,-0.0006666119112043178
2023-11-03,2128756.3193702404,1191708.1712251394,0.009185903895172709
2023-11-06,2130695.4864349365,1191708.1712251394,0.000910938958607499
2023-11-07,2135421.9454089347,1191708.1712251394,0.002218270514998233
2023-11-08,2143041.875116981,1191708.1712251394,0.003568348505750274
2023-11-09,2139865.5204836437,1191708.1712251394,-0.0014821710533136079
2023-11-10,2159476.715395923,1191708.1712251394,0.009164685689148522
2023-11-13,2156934.1012431746,1191708.1712251394,-0.001177421425579972
2023-11-14,2187112.52365724,1191708.1712251394,0.01399135114822081
2023-11-15,2184541.691107548,1191708.1712251394,-0.001175445946143272
2023-11-16,2183044.519836629,1191708.1712251394,-0.0006853479963387921
2023-11-17,2191036.4576902036,1191708.1712251394,0.0036609138205632163
2023-11-20,2203046.350724372,1191708.1712251394,0.005481375260560251
2023-11-21,2192305.6853470188,1191708.1712251394,-0.00487536967791069
2023-11-22,2190957.585900022,1191708.1712251394,-0.0006149231177052794
2023-11-24,2195408.324372501,1191708.1712251394,0.002031412429488233
2023-11-27,2193011.7326740413,1191708.1712251394,-0.001091638248727489
2023-11-28,2189809.785260315,1191708.1712251394,-0.0014600685285992565
2023-11-29,2195290.548862726,1191708.1712251394,0.002502849169504273
2023-11-30,2193959.098603977,1191708.1712251394,-0.000606502979498047
2023-12-01,2203927.193378462,1191708.1712251394,0.004543427806301237
2023-12-04,2195517.9600271517,697121.9367511964,-0.0038155676723692356
2023-12-05,2192034.5535740694,1138650.815745575,-0.001586598933146166
2023-12-06,2181427.054575704,1138650.815745575,-0.004839111217964209
2023-12-07,2192317.2471303786,1138650.815745575,0.0049922331951608445
2023-12-08,2209020.7454979825,1138650.815745575,0.0076191063996180475
2023-12-11,2219499.4541772883,1138650.815745575,0.004743599036207247
2023-12-12,2238731.098646532,1138650.815745575,0.00866485658874483
2023-12-13,2249732.899912748,1138650.815745575,0.004914302245976554
2023-12-14,2259413.9543905254,1269959.160864638,0.004303201717036131
2023-12-15,2265288.230311389,1269959.160864638,0.0025999113218933
2023-12-18,2277784.296247273,1269959.160864638,0.00551632492884413
2023-12-19,2281633.688032257,1269959.160864638,0.0016899720449059519
2023-12-20,2265840.3504284937,1269959.160864638,-0.006921942679319337
2023-12-21,2276507.674122805,1269959.160864638,0.004707888484859035
2023-12-22,2273072.920620054,1269959.160864638,-0.0015087818687341548
2023-12-26,2279995.5171360057,1269959.160864638,0.003045479295078257
2023-12-27,2279508.031062783,1269959.160864638,-0.00021381010162457859
2023-12-28,2278782.05626261,1269959.160864638,-0.00031847872009238554
2023-12-29,2274957.8220420326,1269959.160864638,-0.0016781921772938135
2024-01-02,2268456.8360414873,1269959.160864638,-0.002857629243741333
2024-01-03,2259460.840455449,879194.6374561893,-0.003965689557371643
2024-01-04,2263474.0581451114,1206749.2333822798,0.001776183777034701
2024-01-05,2267582.969323502,1206749.2333822798,0.0018153118051451589
2024-01-08,2301885.8388162274,1206749.2333822798,0.015127503582794688
2024-01-09,2305307.83164456,1341124.0765822798,0.0014866040576941852
2024-01-10,2314382.7821002076,1341124.0765822798,0.00393654605735394
2024-01-11,2315054.042213601,1431514.9615822798,0.0002900385012303275
2024-01-12,2315299.933434647,1431514.9615822798,0.00010621403067156976
2024-01-16,2314554.8076991625,1431514.9615822798,-0.00032182687207149563
2024-01-17,2309290.3594274847,1431514.9615822798,-0.0022744971318744422
2024-01-18,2320518.9538423885,1431514.9615822798,0.004862357117226157
2024-01-19,2337194.908180439,1431514.9615822798,0.007186303869846755
2024-01-22,2342937.821821572,1563490.4540409637,0.0024571821635550606
2024-01-23,2343179.2785510076,1563490.4540409637,0.00010305725025516743
2024-01-24,2342334.6713108853,1563490.4540409637,-0.0003604535290379074
2024-01-25,2348409.1436366127,1563490.4540409637,0.002593340909020414
2024-01-26,2351833.4546520505,1563490.4540409637,0.0014581407267624247
2024-01-29,2360774.3026520796,1563490.4540409637,0.003801650147608804
2024-01-30,2366521.2926963316,1563490.4540409637,0.002434366571084645
2024-01-31,2353405.143260351,1563490.4540409637,-0.005542375416802914
2024-02-01,2375456.2032957203,1691653.0969641656,0.00936985291228698
2024-02-02,2391473.9554639384,1179359.0690144005,0.006743021465095866
2024-02-05,2390861.567370847,1286792.5490144005,-0.00025607140386885163
2024-02-06,2402860.0703291446,1286792.5490144005,0.005018485018976726
2024-02-07,2428643.6904786546,1427438.6990144004,0.010730387702509114
2024-02-08,2447478.8767345645,1427438.6990144004,0.007755434166712982
2024-02-09,2452272.1479604114,1552482.5686144005,0.0019584525412705833
2024-02-12,2453240.728431137,1552482.5686144005,0.00039497266709620504
2024-02-13,2442272.697257188,1552482.5686144005,-0.004470833639291016
2024-02-14,2449460.5469406894,1552482.5686144005,0.0029430987340495207
2024-02-15,2451704.319487494,1552482.5686144005,0.000916027224691085
2024-02-16,2447242.6293028835,1552482.5686144005,-0.0018198320854380112
2024-02-20,2439885.855748165,1552482.5686144005,-0.003006148007814957
2024-02-21,2436835.147174796,1552482.5686144005,-0.001250348890781794
2024-02-22,2474384.2243169453,1552482.5686144005,0.01540895254473118
2024-02-23,2464884.9323205994,1552482.5686144005,-0.0038390529259731965
2024-02-26,2464355.589546113,1552482.5686144005,-0.00021475354388578172
2024-02-27,2468365.698550313,1552482.5686144005,0.0016272444695932808
2024-02-28,2468439.583235358,1552482.5686144005,2.9932633194729164e-05
2024-02-29,2473209.762328171,1552482.5686144005,0.001932467428091167
2024-03-01,2487763.9718648884,1552482.5686144005,0.005884745304828742
2024-03-04,2491191.638588382,1270237.3989862886,0.0013778102594370623
2024-03-05,2470409.3454216383,1595406.007285794,-0.00834231009964359
2024-03-06,2476456.8601551363,1595406.007285794,0.002447980835526664
2024-03-07,2483722.942448929,1595406.007285794,0.0029340637467585307
2024-03-08,2477442.4764472223,1595406.007285794,-0.002528649993269405
2024-03-11,2472825.253794579,1595406.007285794,-0.0018637052914604046
2024-03-12,2494152.3787094997,1595406.007285794,0.008624598475850398
2024-03-13,2493225.089292393,1595406.007285794,-0.00037178539090965135
2024-03-14,2489409.019775254,1595406.007285794,-0.0015305756120967962
2024-03-15,2487408.283657852,1691388.613334292,-0.0008036992320300529
2024-03-18,2491292.3677500654,1691388.613334292,0.00156149841492903
2024-03-19,2500956.9056951087,1691388.613334292,0.003879327079451267
2024-03-20,2505481.5293281307,1691388.613334292,0.0018091569761633508
2024-03-21,2513275.3452069643,1691388.613334292,0.003110705781544265
2024-03-22,2510280.4432816976,1691388.613334292,-0.0011916330341513737
2024-03-25,2502696.9540934544,1691388.613334292,-0.0030209728990794327
2024-03-26,2499638.279298097,1691388.613334292,-0.0012221514835644154
2024-03-27,2504796.917785533,1691388.613334292,0.0020637539959920126
2024-03-28,2502738.6616652636,1691388.613334292,-0.0008217257477659556
2024-04-01,2496460.65273963,1691388.613334292,-0.0025084556457269924
2024-04-02,2499230.612101797,1203857.7767123966,0.0011095545844581611
2024-04-03,2514911.2743910076,1442688.4964379645,0.0062741958318217605
2024-04-04,2488269.8848521602,1442688.4964379645,-0.010593371547590102
2024-04-05,2512356.757492429,1534268.4964379645,0.009680168854231841
2024-04-08,2505351.181182875,1534268.4964379645,-0.0027884480532719413
2024-04-09,2488619.5172902998,1627233.0677466856,-0.006678370688406043
2024-04-10,2481999.2231214014,1719490.4477466857,-0.002660227536954607
2024-04-11,2485596.729614857,1719490.4477466857,0.001449439008659903
2024-04-12,2473686.3279619836,1719490.4477466857,-0.004791767510379241
2024-04-15,2460013.788018273,1719490.4477466857,-0.0055271922673295615
2024-04-16,2460498.687660886,1812100.5237057735,0.00019711257106536095
2024-04-17,2455461.088657815,1812100.5237057735,-0.00204738942895355
2024-04-18,2453359.888624806,1812100.5237057735,-0.0008557252414688188
2024-04-19,2440519.048562737,1905049.1532287654,-0.005233981415285305
2024-04-22,2440074.6618153905,1905049.1532287654,-0.00018208698170518733
2024-04-23,2449184.384763309,1905049.1532287654,0.0037333787733941914
2024-04-24,2445136.72896518,1905049.1532287654,-0.0016526545830153339
2024-04-25,2428492.349093165,2011791.4863396073,-0.006807136662275504
2024-04-26,2432524.032321519,2011791.4863396073,0.0016601589170581743
2024-04-29,2432006.6054038736,2011791.4863396073,-0.00021271194478267308
2024-04-30,2425243.671209927,2011791.4863396073,-0.002780804204610021
2024-05-01,2417980.0375994146,2106813.7923792764,-0.0029950118813788507
2024-05-02,2421240.078943294,1400006.7006735587,0.0013482498999934922
2024-05-03,2428351.3498674184,1507143.1683427787,0.00293703668048817
2024-05-06,2440034.586711813,1507143.1683427787,0.004811180575262641
2024-05-07,2443734.0926037845,1507143.1683427787,0.0015161694478096344
2024-05-08,2448033.6873593125,1507143.1683427787,0.0017594364168103116
2024-05-09,2456017.680164948,1507143.1683427787,0.003261390089058791
2024-05-10,2453920.1564495405,1507143.1683427787,-0.0008540344527433463
2024-05-13,2446406.9073410574,1507143.1683427787,-0.003061733320351201
2024-05-14,2447034.1080683945,1602437.9097180718,0.0002563762902463296
2024-05-15,2452943.0194684085,1602437.9097180718,0.002414723759072812
2024-05-16,2447224.6984839183,1602437.9097180718,-0.0023312082421422797
2024-05-17,2449407.5880925134,1602437.9097180718,0.0008919857706353174
2024-05-20,2447874.302104302,1602437.9097180718,-0.0006259823786228802
2024-05-21,2446443.6187934866,1602437.9097180718,-0.0005844594673777292
2024-05-22,2447334.6022534254,1602437.9097180718,0.0003641953785871177
2024-05-23,2442464.0708537195,1697528.5552826328,-0.0019901371047592598
2024-05-24,2446745.769201783,1697528.5552826328,0.0017530240870919922
2024-05-28,2441261.2625376126,1697528.5552826328,-0.002241551506170447
2024-05-29,2429486.4881962594,1697528.5552826328,-0.004823234006963162
2024-05-30,2418703.428579607,1697528.5552826328,-0.004438411025968758
2024-05-31,2425144.8688873965,1697528.5552826328,0.0026631790535693867
2024-06-03,2424359.460490344,1697528.5552826328,-0.0003238604040231019
2024-06-04,2417170.344857728,802644.3001893533,-0.0029653670380884734
2024-06-05,2458970.323783223,1416553.407205644,0.01729293883421157
2024-06-06,2430930.980128756,1603860.1369827166,-0.011402880052382103
2024-06-07,2432008.192829663,1603860.1369827166,0.00044312763698872715
2024-06-10,2442583.016453244,1603860.1369827166,0.004348185855113096
2024-06-11,2433228.8457793975,1603860.1369827166,-0.003829622416448686
2024-06-12,2465699.761363681,1734123.1830183743,0.013344784910225949
2024-06-13,2482223.6165708313,1734123.1830183743,0.006701487125915007
2024-06-14,2471367.9272995912,1734123.1830183743,-0.004373372809270526
2024-06-17,2491321.184765852,1734123.1830183743,0.008073770500074184
2024-06-18,2512039.884001904,1734123.1830183743,0.008316350120869398
2024-06-20,2513228.461247426,1862098.1730183742,0.0004731522190755122
2024-06-21,2502205.0192854553,1956742.3677989978,-0.004386167884036785
2024-06-24,2498585.0387344793,1956742.3677989978,-0.0014467162055369354
2024-06-25,2515481.6951992894,2086518.1437989979,0.006762490050515879
2024-06-26,2510110.651905169,2086518.1437989979,-0.0021351947439613994
2024-06-27,2509512.7680132496,2086518.1437989979,-0.00023819025327243004
2024-06-28,2505629.3789846115,2086518.1437989979,-0.0015474673323588872
2024-07-01,2507722.107649045,2086518.1437989979,0.0008352107785716267
2024-07-02,2519884.492901044,1389663.4554004427,0.004849973294449583
2024-07-03,2551054.0859674495,1501440.8950621502,0.012369453105575134
2024-07-05,2537539.0319706826,1501440.8950621502,-0.005297831226358185
2024-07-08,2549958.2587793046,1501440.8950621502,0.004894201291941069
2024-07-09,2551944.8114737794,1501440.8950621502,0.0007790530247446803
2024-07-10,2569877.392497358,1501440.8950621502,0.007027025405468068
2024-07-11,2570458.7995167766,1501440.8950621502,0.00022623920546416265
2024-07-12,2580832.34305558,1501440.8950621502,0.0040356778100287816
2024-07-15,2568504.3023534827,1501440.8950621502,-0.004776769298970196
2024-07-16,2582125.1472527925,1501440.8950621502,0.005303025923230509
2024-07-17,2518443.9691012907,1784957.2854873263,-0.024662312831449817
2024-07-18,2513325.642767709,1784957.2854873263,-0.0020323367906445178
2024-07-19,2511762.328131399,1784957.2854873263,-0.0006220103792792253
2024-07-22,2524324.680861535,1784957.2854873263,0.005001409802766421
2024-07-23,2531451.321627521,1784957.2854873263,0.002823187056727461
2024-07-24,2498346.7742022476,1878443.1184873264,-0.013077299627468175
2024-07-25,2493587.183531669,1974029.1648116368,-0.0019050960898325808
2024-07-26,2515783.263995443,1974029.1648116368,0.008901265057168706
2024-07-29,2510903.383958424,1974029.1648116368,-0.0019397060576947789
2024-07-30,2506742.261014207,1974029.1648116368,-0.0016572214489819492
2024-07-31,2529914.739818637,1974029.1648116368,0.009244061172469564
2024-08-01,2530769.1312656635,1974029.1648116368,0.0003377155101629281
2024-08-02,2503971.1557464087,1174719.0689609926,-0.010588866123024343
2024-08-05,2445097.6708947322,1948760.514789483,-0.02351204594212941
2024-08-06,2448927.3177173035,1948760.514789483,0.0015662551513411227
2024-08-07,2449762.353888425,1948760.514789483,0.00034098038152463594
2024-08-08,2456083.5920070685,1948760.514789483,0.002580347480893419
2024-08-09,2454904.0520855,1948760.514789483,-0.00048025235191784255
2024-08-12,2451730.0953601925,1948760.514789483,-0.0012929045934041428
2024-08-13,2453988.9862510627,1948760.514789483,0.000921345663270623
2024-08-14,2460423.628168665,1948760.514789483,0.0026221152391692204
2024-08-15,2462713.2026582262,1948760.514789483,0.0009305610884844384
2024-08-16,2464209.373536014,1948760.514789483,0.0006075294825937938
2024-08-19,2464369.4449946247,1948760.514789483,6.495854627042164e-05
2024-08-20,2467842.167236646,1948760.514789483,0.0014091727395317832
2024-08-21,2470365.0178040313,1948760.514789483,0.001022290080329613
2024-08-22,2470866.5787237408,1948760.514789483,0.00020303109706243383
2024-08-23,2473345.6934021087,1948760.514789483,0.0010033381404384034
2024-08-26,2474580.9268442104,1948760.514789483,0.0004994180333937059
2024-08-27,2474774.9097937886,1948760.514789483,7.839022255207162e-05
2024-08-28,2475397.639693765,1948760.514789483,0.00025163092510438467
2024-08-29,2474886.1549616717,1948760.514789483,-0.00020662730055631684
2024-08-30,2479439.2980660796,1948760.514789483,0.00183973840383711
2024-09-03,2479079.3264582427,1948760.514789483,-0.0001451826661446054
2024-09-04,2481504.106361118,1158495.797572507,0.0009780969398585082
2024-09-05,2469766.8154138178,1473115.3194379057,-0.004729909943414157
2024-09-06,2457934.6144763953,1658730.2676379057,-0.0047908170372917835
2024-09-09,2466546.4334471803,1658730.2676379057,0.0035036810662352202
2024-09-10,2468311.092873624,1658730.2676379057,0.0007154373428832628
2024-09-11,2479688.362614394,1658730.2676379057,0.0046093337965453784
2024-09-12,2488904.14825618,1658730.2676379057,0.003716509614970054
2024-09-13,2503312.505448901,1658730.2676379057,0.005789036593802255
2024-09-16,2504941.9892383837,1658730.2676379057,0.0006509310307585281
2024-09-17,2502661.0048097167,1658730.2676379057,-0.0009105937137332543
2024-09-18,2498981.152964362,1658730.2676379057,-0.0014703756674526725
2024-09-19,2507374.81610114,1658730.2676379057,0.003358834109981723
2024-09-20,2510228.7246245136,1658730.2676379057,0.001138205786006763
2024-09-23,2515305.1584799383,1658730.2676379057,0.0020222993250083032
2024-09-24,2524174.2396386154,1658730.2676379057,0.003526045787635823
2024-09-25,2521919.4097392783,1658730.2676379057,-0.0008932940776941178
2024-09-26,2528665.126757843,1658730.2676379057,0.0026748344901561527
2024-09-27,2524751.381618905,1658730.2676379057,-0.001547751458871982
2024-09-30,2529087.4812974483,1658730.2676379057,0.0017174363028817918
2024-10-01,2516489.607008433,1658730.2676379057,-0.004981193565733233
2024-10-02,2528245.5230679344,1061656.0040834162,0.004671553590668953
2024-10-03,2519720.9830566733,1591030.3153190268,-0.0033717215885413765
2024-10-04,2529262.7768827025,1591030.3153190268,0.003786845404785355
2024-10-07,2548393.298123978,1591030.3153190268,0.007563674844752066
2024-10-08,2556526.4230173873,1591030.3153190268,0.003191471622294939
2024-10-09,2575504.6962940013,1591030.3153190268,0.007423460640087809
2024-10-10,2568238.5022474695,1591030.3153190268,-0.0028212699658390905
2024-10-11,2580941.8277274957,1591030.3153190268,0.004946318447024867
2024-10-14,2587281.8705746764,1717862.7406999595,0.0024564842101704176
2024-10-15,2587313.1259196154,1717862.7406999595,1.2080378753553944e-05
2024-10-16,2591892.3630798613,1717862.7406999595,0.0017698813160151872
2024-10-17,2589553.3913709237,1717862.7406999595,-0.0009024185349110203
2024-10-18,2587412.791820898,1717862.7406999595,-0.0008266288531291188
2024-10-21,2588210.966200997,1717862.7406999595,0.00030848358739743453
2024-10-22,2578310.279252349,1717862.7406999595,-0.003825301367600842
2024-10-23,2575756.4594414732,1717862.7406999595,-0.0009905013494404535
2024-10-24,2583581.1163910218,1717862.7406999595,0.0030378093087439773
2024-10-25,2564852.4766127625,1908722.9084488659,-0.007249100738288772
2024-10-28,2568028.2688789507,2038012.721665461,0.001238196853482254
2024-10-29,2570346.2492129984,2038012.721665461,0.0009026303807238012
2024-10-30,2533665.1110511045,2123952.821665461,-0.014270893726137102
2024-10-31,2533751.050425295,2123952.821665461,3.3918994982951034e-05
2024-11-01,2534098.266272307,2123952.821665461,0.00013703629129380168
2024-11-04,2545032.2926847795,1230207.9832549335,0.004314760227730474
2024-11-05,2570187.5055025793,1541443.3447987367,0.009884044650475987
2024-11-06,2561343.7508301856,1621542.4047987368,-0.003440898632282585
2024-11-07,2578951.6003504577,1621542.4047987368,0.006874457797616973
2024-11-08,2595808.5843658973,1621542.4047987368,0.006536370831135008
2024-11-11,2585853.968960738,1704227.0975931012,-0.0038348803779733043
2024-11-12,2585564.188380607,1704227.0975931012,-0.00011206378380579363
2024-11-13,2586283.0690070055,1704227.0975931012,0.00027803627139832976
2024-11-14,2574741.651409566,1704227.0975931012,-0.004462550033964674
2024-11-15,2578753.828526902,1704227.0975931012,0.0015582833777283422
2024-11-18,2584392.863703497,1704227.0975931012,0.0021867287657373335
2024-11-19,2607537.7351423036,1961412.9449544603,0.008955632003115443
2024-11-20,2611231.2988992524,1961412.9449544603,0.0014164948438406544
2024-11-21,2619030.7149899164,1961412.9449544603,0.0029868729338347055
2024-11-22,2623055.021932329,1961412.9449544603,0.0015365634772359638
2024-11-25,2620254.321346455,1961412.9449544603,-0.0010677246807468954
2024-11-26,2626380.9204299105,1961412.9449544603,0.002338169632445153
2024-11-27,2623499.768644166,1961412.9449544603,-0.0010970045370543025
2024-11-29,2625999.7958584395,1961412.9449544603,0.0009529359385327396
2024-12-02,2623886.7600665377,1961412.9449544603,-0.0008046595415713842
2024-12-03,2618106.045850019,1255878.8281321118,-0.0022031111648934676
2024-12-04,2627126.2120481674,1774105.9297739887,0.003445302077219603
2024-12-05,2629451.29064057,1774105.9297739887,0.0008850273663061348
2024-12-06,2631867.3733371124,1774105.9297739887,0.0009188543271907434
2024-12-09,2616696.16507027,1774105.9297739887,-0.005764427349393975
2024-12-10,2597943.9725175793,1964482.447914058,-0.007166362225393241
2024-12-11,2604089.574110357,2059583.1423838048,0.0023655635601802505
2024-12-12,2602426.022929401,2059583.1423838048,-0.0006388225648974455
2024-12-13,2596938.547032237,2059583.1423838048,-0.002108600148021611
2024-12-16,2595649.777517149,2059583.1423838048,-0.000496264925698986
2024-12-17,2590705.124148468,2154820.9735138295,-0.001904977093408533
2024-12-18,2574637.1029819464,2154820.9735138295,-0.0062021806406095115
2024-12-19,2575938.8608136447,2154820.9735138295,0.0005056082778387427
2024-12-20,2583356.851840412,2154820.9735138295,0.0028797232494965908
2024-12-23,2581949.60981482,2154820.9735138295,-0.000544733889392579
2024-12-24,2586774.6056444887,2154820.9735138295,0.0018687412842324225
2024-12-26,2585322.7488071825,2154820.9735138295,-0.0005612614389124415
2024-12-27,2580880.8260181313,2154820.9735138295,-0.0017181308566215359
2024-12-30,2576538.844366155,2154820.9735138295,-0.001682364256498925
2024-12-31,2573810.985757752,2154820.9735138295,-0.0010587298593879302
2025-01-02,2574142.8999339673,2154820.9735138295,0.00012895825608483236
2025-01-03,2590355.6974791666,1450108.9458914974,0.006298328482702065
2025-01-06,2595910.100546522,1548887.0158914975,0.0021442626866885472
2025-01-07,2584636.0239784396,1548887.0158914975,-0.004343015024175445
2025-01-08,2589174.5920152534,1548887.0158914975,0.0017559795633537156
2025-01-10,2586798.386448413,1738859.0318948275,-0.0009177463637131122
2025-01-13,2577968.127890617,1832811.625822517,-0.0034135859230682852
2025-01-14,2591480.39148151,1832811.625822517,0.005241439350900379
2025-01-15,2598348.451371343,1832811.625822517,0.0026502457484953723
2025-01-16,2607340.2055385066,1832811.625822517,0.0034605651764751943
2025-01-17,2610072.8436243003,1832811.625822517,0.0010480558233210147
2025-01-21,2634286.218172789,1832811.625822517,0.0092768960864964
2025-01-22,2630341.6859165602,1832811.625822517,-0.001497381806508824
2025-01-23,2630148.7575581716,1832811.625822517,-7.334726108843004e-05
2025-01-24,2628620.517975793,1832811.625822517,-0.0005810468240576849
2025-01-27,2592536.656732767,1930670.8103374366,-0.013727299546004157
2025-01-28,2601755.1131456965,2060632.0703374366,0.003555767047300762
2025-01-29,2601614.1648939652,2060632.0703374366,-5.417429604315238e-05
2025-01-30,2607885.8659554645,2060632.0703374366,0.002410696077123742
2025-01-31,2604175.988016806,2060632.0703374366,-0.0014225614652423335
2025-02-03,2606226.0239472073,2060632.0703374366,0.0007872109795323823
2025-02-04,2611781.1405610666,1458762.53452656,0.002131479220457644
2025-02-05,2626662.3913362143,1574828.550917165,0.00569774034433479
2025-02-06,2628045.6689460324,1574828.550917165,0.0005266293888321893
2025-02-07,2627516.877447718,1574828.550917165,-0.0002012109243622051
2025-02-10,2631165.835180116,1671254.5579171649,0.0013887475904408308
2025-02-11,2627560.5117368163,1671254.5579171649,-0.0013702380120228508
2025-02-12,2624122.6719862837,1766970.762917165,-0.0013083770041361076
2025-02-13,2635198.1645158213,1766970.762917165,0.004220645874437823
2025-02-14,2642566.3280545822,1766970.762917165,0.0027960567208860088
2025-02-18,2648630.6409058403,1766970.762917165,0.00229485738423163
2025-02-19,2653627.113601869,1766970.762917165,0.0018864361904080695
2025-02-20,2644627.841434931,1766970.762917165,-0.0033913100001163876
2025-02-21,2618814.3202425847,1766970.762917165,-0.009760738652112244
2025-02-24,2618202.3114814186,1766970.762917165,-0.00023369688963259527
2025-02-25,2608020.699648652,1861071.1490681523,-0.0038887796363625826
2025-02-26,2609658.000294433,1861071.1490681523,0.0006277943445776035
2025-02-27,2588134.6466664337,1861071.1490681523,-0.008247576358883402
2025-02-28,2599286.494952526,1861071.1490681523,0.004308836211615263
2025-03-03,2581972.713229988,1955960.7590681524,-0.006660974754479465
2025-03-04,2570633.345591271,1265742.7383783879,-0.0043917457301597684
2025-03-05,2578974.7398328725,1561867.8033372974,0.0032448790318182485
2025-03-06,2547571.3552497476,1748679.0148055817,-0.012176693357283552
2025-03-07,2550491.268334983,1935484.3358055816,0.0011461555646785637
2025-03-10,2543477.1874411795,1935484.3358055816,-0.002750090141803274
2025-03-11,2535954.450101872,1935484.3358055816,-0.0029576586636799185
2025-03-12,2529354.24751459,2030383.123991534,-0.0026026502909058946
2025-03-13,2521825.380185185,2030383.123991534,-0.002976596630069994
2025-03-14,2527734.8804962006,2030383.123991534,0.0023433423889887006
2025-03-17,2532976.5406790473,2030383.123991534,0.0020736589993242127
2025-03-18,2529443.568102462,2030383.123991534,-0.0013947908793652264
2025-03-19,2535060.177297647,2030383.123991534,0.002220491995161833
2025-03-20,2532854.2523570466,2030383.123991534,-0.0008701666967733113
2025-03-21,2532753.2246001144,2030383.123991534,-3.9886920788378966e-05
2025-03-24,2538820.294212944,2030383.123991534,0.002395444433315186
2025-03-25,2538770.260838047,2030383.123991534,-1.970733218525922e-05
2025-03-26,2539955.569434215,2030383.123991534,0.00046688296867647416
2025-03-27,2538499.716018967,2030383.123991534,-0.0005731806622004676
2025-03-28,2531034.512864887,2123664.448320106,-0.0029407933776677275
2025-03-31,2533457.996333737,2123664.448320106,0.0009575070812080089
2025-04-01,2535013.061522115,2123664.448320106,0.0006138113166385128
2025-04-02,2560907.339266507,1436573.9031364974,0.010214652593878215
2025-04-03,2507082.4086255864,2003188.0459758807,-0.0210179141648823
2025-04-04,2484791.7562260213,2187585.36814597,-0.008891072875336858
2025-04-07,2479003.3947919826,2376563.843523093,-0.00232951571073714
2025-04-08,2478325.7477996117,2376563.843523093,-0.00027335460443278503
2025-04-09,2480197.891185349,2376563.843523093,0.0007554065027164381
2025-04-10,2482001.121317589,2376563.843523093,0.00072705090938463
2025-04-11,2484527.9406110803,2376563.843523093,0.0010180572731368631
2025-04-14,2485653.523750949,2376563.843523093,0.0004530370222328717
2025-04-15,2484826.5647094515,2376563.843523093,-0.00033269280436554194
2025-04-16,2483942.177956706,2376563.843523093,-0.0003559148816686397
2025-04-17,2486848.0201443154,2376563.843523093,0.0011698509785762479
2025-04-21,2485924.173638555,2376563.843523093,-0.00037149294941896116
2025-04-22,2487206.010665253,2376563.843523093,0.0005156380231909896
2025-04-23,2484988.779051429,2376563.843523093,-0.0008914547505578518
2025-04-24,2483614.5573741556,2376563.843523093,-0.0005530092082741689
2025-04-25,2485011.875214162,2376563.843523093,0.0005626146117791997
2025-04-28,2481605.191224216,2376563.843523093,-0.001370892438754323
2025-04-29,2483187.2783652563,2376563.843523093,0.0006375257219137787
2025-04-30,2483025.605226837,2376563.843523093,-6.510710643037321e-05
2025-05-01,2481293.3930286258,2376563.843523093,-0.0006976215607946701
2025-05-02,2496319.6975092394,1473183.242173031,0.006055835445671676
2025-05-05,2498583.3747394523,1473183.242173031,0.0009068058199723783
2025-05-06,2495636.824410491,1473183.242173031,-0.001179288375465326
2025-05-07,2502105.8241454638,1473183.242173031,0.002592123850593042
2025-05-08,2506809.239227578,1566781.6421730309,0.0018797826361802716
2025-05-09,2503372.4487817492,1566781.6421730309,-0.0013709820404554929
2025-05-12,2532422.5014794646,1566781.6421730309,0.01160436702571066
2025-05-13,2547992.1814308153,1702294.2011730308,0.006148136790861125
2025-05-14,2549804.112676795,1702294.2011730308,0.0007111211954200503
2025-05-15,2558692.2665904807,1702294.2011730308,0.0034858183299244505
2025-05-16,2567672.0400261087,1702294.2011730308,0.0035095167765499813
2025-05-19,2566587.2034377432,1702294.2011730308,-0.00042249811169592366
2025-05-20,2554435.097582812,1702294.2011730308,-0.004734733282646508
2025-05-21,2539431.8114011437,1702294.2011730308,-0.005873426260023407
2025-05-22,2534295.870434502,1702294.2011730308,-0.0020224764231049353
2025-05-23,2531952.9409638746,1798273.2989350474,-0.0009244893218509631
2025-05-27,2539550.5434982306,1798273.2989350474,0.003000688682414321
2025-05-28,2529749.95976998,1798273.2989350474,-0.0038591804181027367
2025-05-29,2528433.973312225,1798273.2989350474,-0.0005202041619458697
2025-05-30,2531033.0302049676,1798273.2989350474,0.0010279314865151434
2025-06-02,2531847.5476251068,1798273.2989350474,0.00032181224441507617
2025-06-03,2533956.626446983,1099440.7459373076,0.0008330196752384111
2025-06-04,2539420.0984008284,1520802.2606950325,0.002156103185359637
2025-06-05,2541053.799229393,1615292.8981286022,0.000643336181198606
2025-06-06,2545820.33373247,1615292.8981286022,0.0018758101479483535
2025-06-09,2530557.840702745,1615292.8981286022,-0.005995117890879698
2025-06-10,2530000.605049548,1709982.8941286022,-0.0002202026937436763
2025-06-11,2528317.3823965844,1709982.8941286022,-0.000665305237320668
2025-06-12,2528696.440198444,1709982.8941286022,0.00014992492813536984
2025-06-13,2521296.4942679564,1709982.8941286022,-0.0029263876093829078
2025-06-16,2524194.655996793,1709982.8941286022,0.0011494727952168216
2025-06-17,2523823.075316051,1709982.8941286022,-0.00014720761723319153
2025-06-18,2521423.2326772213,1709982.8941286022,-0.0009508759398790811
2025-06-20,2522190.561803928,1709982.8941286022,0.0003043238107598434
2025-06-23,2528137.543836227,1804660.0171912534,0.0023578638832291166
2025-06-24,2540072.0295759435,1804660.0171912534,0.004720663149365922
2025-06-25,2534647.677201174,1804660.0171912534,-0.00213551124204725
2025-06-26,2541018.280549808,1804660.0171912534,0.002513407842019477
2025-06-27,2544580.9321205076,1804660.0171912534,0.0014020566471204532
2025-06-30,2551324.7244516495,1804660.0171912534,0.0026502565691719493
2025-07-01,2549597.8720821366,1804660.0171912534,-0.0006768453866192736
2025-07-02,2537700.451560025,1403059.1855391276,-0.004666390983608437
2025-07-03,2547224.318730282,1513752.0355391277,0.0037529516789116535
2025-07-07,2550465.7852406735,1513752.0355391277,0.0012725485095899103
2025-07-08,2546346.4571554824,1513752.0355391277,-0.0016151277578508871
2025-07-09,2547861.2187958723,1513752.0355391277,0.0005948764890706393
2025-07-10,2539361.916753595,1513752.0355391277,-0.003335857533988351
2025-07-11,2527137.676296332,1608118.1955391276,-0.0048139024124970176
2025-07-14,2542822.893950421,1608118.1955391276,0.006206712756970489
2025-07-15,2530845.0565291136,1608118.1955391276,-0.004710448946249279
2025-07-16,2535904.7742860387,1608118.1955391276,0.0019992206729020356
2025-07-17,2545561.0295813777,1608118.1955391276,0.0038078146282356506
2025-07-18,2542764.736555461,1608118.1955391276,-0.0010984977352426206
2025-07-21,2541029.3003444737,1608118.1955391276,-0.0006824997161704038
2025-07-22,2546055.700727401,1608118.1955391276,0.0019780961920610185
2025-07-23,2557700.168609577,1608118.1955391276,0.004573532259663393
2025-07-24,2548973.2988303094,1608118.1955391276,-0.0034119987504289684
2025-07-25,2551157.5456632474,1608118.1955391276,0.0008569124023152241
2025-07-28,2547987.488653031,1608118.1955391276,-0.0012425955486774498
2025-07-29,2545407.744316267,1608118.1955391276,-0.001012463502373051
2025-07-30,2535699.823229319,1799254.1074135776,-0.0038138962642134677
2025-07-31,2531795.3152830424,1799254.1074135776,-0.0015398147330010215
2025-08-01,2523605.697513857,1893972.4324135776,-0.003234707687366889
2025-08-04,2541354.1951791663,1391169.5879954896,0.0070329915972191515
2025-08-05,2530908.5303830043,1498331.4229472612,-0.0041102750714469005
2025-08-06,2523490.397583835,1688767.7480488934,-0.0029310157637529866
2025-08-07,2520740.5620680386,1897324.6810488934,-0.0010896952563913542
2025-08-08,2524583.9928030823,1993442.2579550978,0.0015247228504509103
2025-08-11,2522931.0543173836,1993442.2579550978,-0.0006547369746504605
2025-08-12,2524900.0826507015,1993442.2579550978,0.0007804526920973665
2025-08-13,2523999.952151401,1993442.2579550978,-0.00035650143365495435
2025-08-14,2526366.417954376,1993442.2579550978,0.0009375855181605885
2025-08-15,2530363.8121355996,1993442.2579550978,0.0015822701540104678
2025-08-18,2528154.2083148025,1993442.2579550978,-0.0008732356233518423
2025-08-19,2526166.632342929,1993442.2579550978,-0.0007861767155407096
2025-08-20,2523783.6729870155,1993442.2579550978,-0.0009433104393843372
2025-08-21,2524691.0419157366,1993442.2579550978,0.0003595272203529287
2025-08-22,2529851.9317473704,1993442.2579550978,0.0020441668885224917
2025-08-25,2524092.4717897307,1993442.2579550978,-0.0022765996244142883
2025-08-26,2524692.8070589476,1993442.2579550978,0.0002378420267588055
2025-08-27,2519217.191648643,1993442.2579550978,-0.0021688244189530526
2025-08-28,2517196.1180028254,2088875.7035147266,-0.0008022625649418691
2025-08-29,2518925.2200565636,2088875.7035147266,0.0006869159066993369
2025-09-02,2514191.7194858254,2088875.7035147266,-0.0018791747103281686
2025-09-03,2512914.6483478863,1288673.088659337,-0.0005079450099375604
2025-09-04,2531006.5873689824,1488171.938660509,0.007199583572403023
2025-09-05,2520929.3285858193,1584435.656210509,-0.003981522147533556
2025-09-08,2541820.1556712417,1584435.656210509,0.00828695467521956
2025-09-09,2547632.9760166565,1679510.3832105089,0.002286873181190696
2025-09-10,2598686.747948696,1951348.2172982332,0.02003968876704687
2025-09-11,2597722.735454212,1951348.2172982332,-0.00037096140781300857
2025-09-12,2597979.6862111446,1951348.2172982332,9.891384997540165e-05
2025-09-15,2604943.427167471,1951348.2172982332,0.0026804447291435274
2025-09-16,2597634.313921887,1951348.2172982332,-0.002805862564751238
2025-09-17,2596613.232651991,1951348.2172982332,-0.00039308122179615435
2025-09-18,2610103.193853296,1951348.2172982332,0.005195213916216357
2025-09-19,2615146.9419210576,2082585.5962982331,0.001932394121289871
2025-09-22,2625771.8263192913,2082585.5962982331,0.004062825009147897
2025-09-23,2618438.8862216985,2082585.5962982331,-0.002792679860485703
2025-09-24,2614439.5553550133,2082585.5962982331,-0.0015273722398982947
2025-09-25,2607262.9848589334,2082585.5962982331,-0.0027449747236958366
2025-09-26,2611293.5636156304,2082585.5962982331,0.0015459041838523646
2025-09-29,2602936.501192104,2082585.5962982331,-0.003200353472305517
2025-09-30,2607492.631079292,2082585.5962982331,0.0017503807277285954
2025-10-01,2605909.919475936,2082585.5962982331,-0.0006069860311362918
2025-10-02,2615049.233348608,1080520.5533117543,0.0035071488098521453
2025-10-03,2615515.33188814,1609125.3241658304,0.00017823700356700556
2025-10-06,2622528.049562371,1609125.3241658304,0.002681199222475339
2025-10-07,2609949.3347677262,1704843.1407033915,-0.00479640810581361
2025-10-08,2609471.062618045,1704843.1407033915,-0.00018324959159554677
2025-10-09,2610470.9491062304,1704843.1407033915,0.0003831759250021438
2025-10-10,2587315.999835724,1799379.6901045134,-0.008870027562817406
2025-10-13,2602688.4882792262,1799379.6901045134,0.005941480841334501
2025-10-14,2619389.231682034,1799379.6901045134,0.006416727732887262
2025-10-15,2617207.6636134256,1799379.6901045134,-0.0008328537210973153
2025-10-16,2597977.952731633,1894222.3422982825,-0.007347415013772007
2025-10-17,2603496.7941142805,1894222.3422982825,0.002124283378480696
2025-10-20,2611689.4798281365,1894222.3422982825,0.0031468007690185207
2025-10-21,2618363.98285648,1894222.3422982825,0.002555626570423186
2025-10-22,2612372.8676659632,1894222.3422982825,-0.002288113963430205
2025-10-23,2605532.73729062,1894222.3422982825,-0.002618359140077353
2025-10-24,2615402.4700554116,1894222.3422982825,0.0037879903113613445
2025-10-27,2618642.025338542,1894222.3422982825,0.0012386450346442146
2025-10-28,2608387.4482089663,1894222.3422982825,-0.003915990437161843
2025-10-29,2603253.554970771,1989865.0362982824,-0.0019682249436219212
2025-10-30,2600691.780770962,1989865.0362982824,-0.0009840663407210126
2025-10-31,2603975.4992426108,1989865.0362982824,0.0012626326948574906
2025-11-03,2602485.9182848237,1989865.0362982824,-0.0005720410803482512
2025-11-04,2579745.5923295096,1002034.9053141819,-0.008737924687908127
2025-11-05,2586443.7790854336,1692011.9978542363,0.002596452447032105
2025-11-06,2561429.3861187203,1882263.9948542363,-0.00967134610424758
2025-11-07,2563802.958890681,1972805.8350615234,0.0009266594600749745
2025-11-10,2567175.1779928235,1972805.8350615234,0.001315319139658655
2025-11-11,2566520.472641767,2067576.9990615235,-0.00025502948013400584
2025-11-12,2567607.879125185,2067576.9990615235,0.0004236889964484014
2025-11-13,2554996.1905054376,2252994.4272394474,-0.004911843713473973
2025-11-14,2551743.7025097143,2346511.71260295,-0.0012729913288362926
2025-11-17,2550347.4977968866,2346511.71260295,-0.0005471571112155571
2025-11-18,2550442.7675894927,2346511.71260295,3.735561239737173e-05
2025-11-19,2549539.6470663827,2346511.71260295,-0.0003541034265056586
2025-11-20,2547132.9295815644,2346511.71260295,-0.0009439811958160682
2025-11-21,2551361.090922756,2346511.71260295,0.0016599688583534
2025-11-24,2548868.2579273237,2346511.71260295,-0.0009770600501439741
2025-11-25,2553757.6953073842,2346511.71260295,0.0019182777944108942
2025-11-26,2553453.3657061467,2346511.71260295,-0.00011916933301725496
2025-11-28,2553752.9791766615,2346511.71260295,0.00011733657427970279
2025-12-01,2552249.419161706,2346511.71260295,-0.0005887648598807971
2025-12-02,2549851.493369039,1348086.3148210808,-0.000939534269129072
2025-12-03,2549615.0438859416,1650011.4249858304,-9.273068792925443e-05
2025-12-04,2543865.476159999,1650011.4249858304,-0.0022550728745227566
2025-12-05,2542918.8279017545,1650011.4249858304,-0.0003721298422091346
2025-12-08,2533720.9427109966,1743688.5614018345,-0.003617058118346339
2025-12-09,2530936.348101002,1743688.5614018345,-0.0010990139296930268
2025-12-10,2539423.463500087,1743688.5614018345,0.0033533499984907955
2025-12-11,2543239.2446409306,1743688.5614018345,0.0015026171080518846
2025-12-12,2540435.3330699215,1743688.5614018345,-0.0011024961874576134
2025-12-15,2545146.5315539865,1743688.5614018345,0.0018544847108434848
2025-12-16,2543155.416661298,1838259.5103241485,-0.0007823183726372029
2025-12-17,2542061.340785547,1934082.0937659713,-0.0004302040955039832
2025-12-18,2540670.4823311623,1934082.0937659713,-0.0005471380379652446
2025-12-19,2545936.1005381783,1934082.0937659713,0.002072530949462026
2025-12-22,2548108.4729861347,1934082.0937659713,0.0008532706093828946
2025-12-23,2548960.8062209478,1934082.0937659713,0.0003344964485809676
2025-12-24,2550264.3901616447,1934082.0937659713,0.0005114178050582563
2025-12-26,2550666.63625876,1934082.0937659713,0.00015772721395745926
2025-12-29,2551930.141711167,1934082.0937659713,0.0004953628335611082
2025-12-30,2549921.801629133,1934082.0937659713,-0.0007869886597630105
2025-12-31,2545042.202565373,1934082.0937659713,-0.0019136269436351716
2026-01-02,2538952.5466622496,2028955.2402659713,-0.0023927524254745425
2026-01-05,2543312.593922523,1013827.1498248304,0.001717262209569581
2026-01-06,2576010.2042530444,1707425.4983507686,0.012856308111183656
2026-01-07,2559383.9975702725,1707425.4983507686,-0.006454247213509401
2026-01-08,2535657.3198716165,1805189.9496998894,-0.00927046419028199
2026-01-09,2568748.3865465326,1805189.9496998894,0.013050291305369166
2026-01-12,2580275.2111165384,1805189.9496998894,0.004487331118289362
2026-01-13,2582258.4248297494,1805189.9496998894,0.0007686054978426338
2026-01-14,2565518.0684492067,1805189.9496998894,-0.006482835420179356
2026-01-15,2572095.8320891354,1902314.7576998894,0.0025639124201939367
2026-01-16,2577338.1194251706,1996791.9726998894,0.002038138420284774
2026-01-20,2575955.0984778693,1996791.9726998894,-0.0005366082691585783
2026-01-21,2592601.2876813984,1996791.9726998894,0.006462142610081045
2026-01-22,2598179.1953378385,1996791.9726998894,0.002151471451836029
2026-01-23,2599643.7728501083,1996791.9726998894,0.0005636938032980154
2026-01-26,2602999.9743769616,1996791.9726998894,0.0012910236248151463
2026-01-27,2625880.876743497,1996791.9726998894,0.008790204606902385
2026-01-28,2612363.1381282494,2226256.626133972,-0.005147887223281633
2026-01-29,2622602.1836566944,2491536.0345945554,0.003919457206773114
2026-01-30,2602626.13134224,2491536.0345945554,-0.007616882361701438
2026-02-02,2601265.453868318,2491536.0345945554,-0.0005228094260394389
2026-02-03,2588881.1807758966,1577329.152941838,-0.004760864783716956
2026-02-04,2544830.6488941987,2236275.410148829,-0.01701527756808674
2026-02-05,2542133.4020708217,2336250.0985562047,-0.0010598924626080697
2026-02-06,2552386.084994361,2336250.0985562047,0.004033101848702092
2026-02-09,2551593.9261531215,2336250.0985562047,-0.00031036011593088553
2026-02-10,2550579.79324071,2336250.0985562047,-0.00039745074716501794
2026-02-11,2555611.991368774,2336250.0985562047,0.001972962438344217
2026-02-12,2551793.2607901082,2336250.0985562047,-0.001494252880156588
2026-02-13,2553404.532260427,2336250.0985562047,0.0006314271203222699
2026-02-17,2554692.252724061,2336250.0985562047,0.0005043151006292046
2026-02-18,2557864.5517348726,2336250.0985562047,0.0012417538775675308
2026-02-19,2555699.4408327974,2336250.0985562047,-0.0008464525225179154
2026-02-20,2557588.0482018506,2336250.0985562047,0.0007389786681792909
2026-02-23,2552801.1985177705,2336250.0985562047,-0.0018716265457392467
2026-02-24,2553070.040029828,2336250.0985562047,0.00010531235734823063
2026-02-25,2556224.429379125,2336250.0985562047,0.001235527932974545
2026-02-26,2556071.6847304082,2336250.0985562047,-5.975400554092403e-05
2026-02-27,2557481.484576,2336250.0985562047,0.0005515494162442458
2026-03-02,2557641.237293256,2336250.0985562047,6.246485779848321e-05
2026-03-03,2548340.793076501,1371126.7033271734,-0.0036363365123864844
2026-03-04,2568163.532570524,1587350.8075564352,0.007778684682943071
2026-03-05,2541897.7559457435,1865232.9902657152,-0.010227454868690034
2026-03-06,2518586.298791756,1953764.076471992,-0.009170887027009633
2026-03-09,2523262.8860541936,2130301.659826562,0.001856830264137077
2026-03-10,2526560.066510821,2130301.659826562,0.0013067130162500717
2026-03-11,2528041.654072306,2130301.659826562,0.0005864050418287192
2026-03-12,2521903.7008421603,2130301.659826562,-0.002427947822876475
2026-03-13,2517431.6111834343,2224830.1244459087,-0.001773299137961759
2026-03-16,2523009.437568346,2224830.1244459087,0.0022156813953289056
2026-03-17,2523042.3813165314,2224830.1244459087,1.3057322614251632e-05
2026-03-18,2522128.170689523,2224830.1244459087,-0.0003623445383946766
2026-03-19,2523884.369408372,2224830.1244459087,0.0006963162059954175
2026-03-20,2513695.887932318,2224830.1244459087,-0.004036825775200814
2026-03-23,2516519.2138081794,2224830.1244459087,0.0011231771867932228
2026-03-24,2519984.3122368697,2224830.1244459087,0.0013769409785060471
2026-03-25,2522692.264477448,2224830.1244459087,0.0010745909121054886
2026-03-26,2509587.013918561,2224830.1244459087,-0.0051949461864314594
2026-03-27,2511782.2449234826,2317747.023719289,0.0008747379520002152
2026-03-30,2504697.7606460513,2317747.023719289,-0.002820500977642304
2026-03-31,2515998.5756810675,2317747.023719289,0.00451184778162661
2026-04-01,2519944.5286868075,2317747.023719289,0.0015683446898104858
2026-04-02,2568926.6349045765,1361691.223442051,0.019437771609716492
2026-04-06,2572916.423524865,1561536.076655949,0.0015530955871134733
2026-04-07,2588091.718106072,1561536.076655949,0.005898090758974961
2026-04-08,2649761.029902892,1650646.4781065874,0.023828101363404963
2026-04-09,2670877.923780998,1770397.3431065874,0.007969357855217574
2026-04-10,2685631.4124487992,1893513.8431065874,0.005523834892054991
2026-04-13,2696903.388329787,1893513.8431065874,0.004197141807598337
2026-04-14,2712559.3320884174,2257245.7101065875,0.005805155581908306
2026-04-15,2708747.0894976915,2257245.7101065875,-0.001405404315263703
2026-04-16,2703283.6941675562,2257245.7101065875,-0.0020169455285500293
2026-04-17,2718127.5421840027,2377842.1850962066,0.005491043373831772
2026-04-20,2722908.100136486,2377842.1850962066,0.0017587688135642932
2026-04-21,2719682.596714534,2377842.1850962066,-0.0011845803469424654
2026-04-22,2721426.8229079368,2377842.1850962066,0.0006413344687759004
2026-04-23,2733707.9122614535,2627877.1522614537,0.0045127391448263054
2026-04-24,2734754.9122614535,2627877.1522614537,0.00038299629426541415
2026-04-27,2733079.7122614537,2627877.1522614537,-0.0006125594628201281
2026-04-28,2730301.6722614537,2627877.1522614537,-0.0010164504121621398
2026-04-29,2731139.272261454,2627877.1522614537,0.0003067792868860497
2026-04-30,2732172.312261454,2627877.1522614537,0.00037824508273609503
2026-05-01,2731250.9522614535,2627877.1522614537,-0.0003372261683003419
2026-05-04,2737855.9055475295,1622152.2457547942,0.002418288689513215
2026-05-05,2764118.5913655255,1723432.0457547943,0.009592428061967029
2026-05-06,2794062.589436516,1723432.0457547943,0.010833109029594112
2026-05-07,2767016.1534029525,1819693.5821047942,-0.00967996784890146
2026-05-08,2796443.43649946,1953789.1021047942,0.010635023962660028
2026-05-11,2818275.8968838206,1953789.1021047942,0.007807224025846882
2026-05-12,2802586.368886309,1953789.1021047942,-0.005567066026026524
2026-05-13,2809510.1304492634,1953789.1021047942,0.002470489987327573
2026-05-14,2817674.45723203,1953789.1021047942,0.002905960969594723
2026-05-15,2794323.09285501,1953789.1021047942,-0.008287460006987213
2026-05-18,2776060.845261279,2048314.845261279,-0.0065354817560028255
2026-05-19,2762020.0992612788,2144906.969261279,-0.0050577947612235885
2026-05-20,2771736.059261279,2144906.969261279,0.003517700686754166
2026-05-21,2777596.5792612787,2144906.969261279,0.0021143860290799843
2026-05-22,2774831.339261279,2144906.969261279,-0.0009955513412732708
2026-05-26,2790895.219261279,2144906.969261279,0.0057891374415126595
2026-05-27,2795059.359261279,2144906.969261279,0.0014920445494555068
2026-05-28,2805739.029261279,2144906.969261279,0.003820909908268444
2026-05-29,2816265.799261279,2144906.969261279,0.003751870680136493
