month,ticker,is_buy,status,exectype,size,price,value,commission
2010-06-30,BMY,True,Completed,0,7511,13.2558353535,99564.5793401385,0.0
2010-06-30,CPB,True,Completed,0,4689,21.1627097541,99231.9460369749,0.0
2010-06-30,DECK,True,Completed,0,12437,7.993880895,99419.896691115,0.0
2010-06-30,GRMN,True,Completed,0,5288,18.9141213296,100017.8735909248,0.0
2010-06-30,HSY,True,Completed,0,3122,31.8531105919,99445.4112679118,0.0
2010-06-30,MO,True,Completed,0,13210,7.555026746699999,99801.903323907,0.0
2010-06-30,MSFT,True,Completed,0,5162,19.1685916054,98948.26986707479,0.0
2010-06-30,NFLX,True,Completed,0,62978,1.560855582,98299.562843196,0.0
2010-06-30,STX,True,Completed,0,12594,7.8624861482,99020.1505504308,0.0
2010-06-30,WSM,True,Completed,0,9593,10.2980587906,98789.2779782258,0.0
2010-07-31,BA,True,Margin,0,0,0.0,0.0,0.0
2010-07-31,CMI,True,Margin,0,0,0.0,0.0,0.0
2010-07-31,BMY,False,Completed,0,-7511,14.4309740028,99564.5793401385,0.0
2010-07-31,CPB,False,Completed,0,-4689,21.3862840431,99231.9460369749,0.0
2010-07-31,HSY,False,Completed,0,-3122,32.6263439962,99445.4112679118,0.0
2010-07-31,IT,True,Completed,0,4301,23.25,99998.25,0.0
2010-07-31,MO,False,Completed,0,-13210,7.6487538935,99801.903323907,0.0
2010-07-31,MSFT,False,Completed,0,-5162,17.3365757998,98948.26986707479,0.0
2010-07-31,RCL,True,Completed,0,5362,18.7555329619,100567.16774170779,0.0
2010-07-31,STX,False,Completed,0,-12594,6.7200736309,99020.1505504308,0.0
2010-07-31,TT,True,Completed,0,4667,21.635431279,100972.557779093,0.0
2010-07-31,WSM,False,Completed,0,-9593,8.6793937233,98789.2779782258,0.0
2010-07-31,YUM,True,Completed,0,4874,20.4675017348,99758.6034554152,0.0
2010-08-31,CNC,True,Margin,0,0,0.0,0.0,0.0
2010-08-31,GPN,True,Margin,0,0,0.0,0.0,0.0
2010-08-31,GRMN,False,Margin,0,0,0.0,0.0,0.0
2010-08-31,STX,True,Margin,0,0,0.0,0.0,0.0
2010-08-31,WSM,True,Margin,0,0,0.0,0.0,0.0
2010-08-31,AKAM,True,Completed,0,2606,38.88,101321.28000000001,0.0
2010-08-31,CL,True,Completed,0,3669,27.4575460673,100741.7365209237,0.0
2010-08-31,RCL,False,Completed,0,-5362,24.2101988801,100567.16774170779,0.0
2010-08-31,TT,False,Completed,0,-4667,23.6418178145,100972.557779093,0.0
2010-09-30,AKAM,False,Completed,0,-2606,47.07,101321.28000000001,0.0
2010-09-30,BMY,True,Completed,0,6600,15.2443139225,100612.4718885,0.0
2010-09-30,CLX,True,Completed,0,2478,40.5285388165,100429.719187287,0.0
2010-09-30,CPB,True,Completed,0,4472,22.4724000396,100496.5729770912,0.0
2010-09-30,GRMN,False,Completed,0,-5288,15.282204611,100017.8735909248,0.0
2010-09-30,MO,True,Completed,0,11802,8.5787512652,101246.42243189039,0.0
2010-09-30,TPR,True,Completed,0,4223,24.2395600351,102363.66202822729,0.0
2010-10-31,AAPL,True,Margin,0,0,0.0,0.0,0.0
2010-10-31,AKAM,True,Margin,0,0,0.0,0.0,0.0
2010-10-31,BKNG,True,Margin,0,0,0.0,0.0,0.0
2010-10-31,BMY,False,Margin,0,0,0.0,0.0,0.0
2010-10-31,CL,False,Margin,0,0,0.0,0.0,0.0
2010-10-31,CPB,False,Completed,0,-4472,21.5483013464,100496.5729770912,0.0
2010-10-31,DECK,False,Completed,0,-12437,8.4566666667,99419.896691115,0.0
2010-10-31,FFIV,True,Completed,0,963,104.82,100941.65999999999,0.0
2010-10-31,TPR,False,Completed,0,-4223,28.8516107282,102363.66202822729,0.0
2010-10-31,UAL,True,Completed,0,4226,25.0,105650.0,0.0
2010-11-30,BKNG,True,Margin,0,0,0.0,0.0,0.0
2010-11-30,DECK,True,Margin,0,0,0.0,0.0,0.0
2010-11-30,BA,True,Completed,0,1785,56.0592950105,100065.8415937425,0.0
2010-11-30,BMY,False,Completed,0,-6600,15.8780506514,100612.4718885,0.0
2010-11-30,CL,False,Completed,0,-3669,26.729988147599997,100741.7365209237,0.0
2010-11-30,CMI,True,Completed,0,1655,60.2697188279,99746.3846601745,0.0
2010-11-30,FFIV,False,Completed,0,-963,117.98,100941.65999999999,0.0
2010-11-30,MO,False,Completed,0,-11802,9.8517146337,101246.42243189039,0.0
2010-11-30,STX,True,Completed,0,13150,7.6608839392,100740.62380048,0.0
2010-11-30,UAL,False,Completed,0,-4226,28.91,105650.0,0.0
2010-11-30,VRSN,True,Completed,0,3430,28.989793239299996,99434.99081079899,0.0
2010-12-31,AFL,True,Completed,0,5646,18.1498396559,102473.9946972114,0.0
2010-12-31,AMD,True,Completed,0,13717,7.41,101642.97,0.0
2010-12-31,BA,False,Completed,0,-1785,51.5751263145,100065.8415937425,0.0
2010-12-31,CDNS,True,Completed,0,12722,7.950000000000001,101139.90000000001,0.0
2010-12-31,CMI,False,Completed,0,-1655,68.5793246354,99746.3846601745,0.0
2010-12-31,IT,False,Completed,0,-4301,32.46,99998.25,0.0
2010-12-31,MO,True,Completed,0,10801,9.342542225,100908.798572225,0.0
2010-12-31,NFLX,False,Completed,0,-62978,2.968854174,98299.562843196,0.0
2010-12-31,STX,False,Completed,0,-13150,7.0302308754,100740.62380048,0.0
2010-12-31,TER,True,Completed,0,9166,11.2040688293,102696.4948893638,0.0
2010-12-31,TPL,True,Completed,0,26688,3.7303328663,99555.1235358144,0.0
2010-12-31,UAL,True,Completed,0,3612,28.13,101605.56,0.0
2011-01-31,LVS,True,Margin,0,0,0.0,0.0,0.0
2011-01-31,NFLX,True,Margin,0,0,0.0,0.0,0.0
2011-01-31,TER,False,Margin,0,0,0.0,0.0,0.0
2011-01-31,AFL,False,Completed,0,-5646,19.5941239786,102473.9946972114,0.0
2011-01-31,AIG,True,Completed,0,2737,36.9797552362,101213.5900814794,0.0
2011-01-31,AMD,False,Completed,0,-13717,8.44,101642.97,0.0
2011-01-31,CMG,True,Completed,0,23511,4.3052,101219.55720000001,0.0
2011-01-31,CMI,True,Completed,0,1322,76.376492686,100969.72333089201,0.0
2011-01-31,DECK,True,Completed,0,7524,13.4133333333,100921.91999974921,0.0
2011-01-31,TPL,False,Completed,0,-26688,3.5209277577,99555.1235358144,0.0
2011-01-31,UAL,False,Completed,0,-3612,24.13,101605.56,0.0
2011-01-31,YUM,False,Completed,0,-4874,26.1746575262,99758.6034554152,0.0
2011-02-28,AIG,False,Completed,0,-2737,30.7650030258,101213.5900814794,0.0
2011-02-28,BA,True,Completed,0,1804,55.8345011138,100725.4400092952,0.0
2011-02-28,CDNS,False,Completed,0,-12722,8.68,101139.90000000001,0.0
2011-02-28,CL,True,Completed,0,3723,26.937299086199996,100287.56449792259,0.0
2011-02-28,CLX,False,Completed,0,-2478,39.8589254916,100429.719187287,0.0
2011-02-28,CMG,False,Completed,0,-23511,4.3988,101219.55720000001,0.0
2011-02-28,DECK,False,Completed,0,-7524,12.2933333333,100921.91999974921,0.0
2011-02-28,FCX,True,Completed,0,2466,41.2155099159,101637.4474526094,0.0
2011-02-28,HSY,True,Completed,0,3087,32.454234948,100186.223284476,0.0
2011-02-28,LRCX,True,Completed,0,23576,4.2891365128,101120.6824257728,0.0
2011-02-28,RCL,True,Completed,0,2719,37.044225147,100723.248174693,0.0
2011-02-28,TER,False,Completed,0,-9166,15.481484269,102696.4948893638,0.0
2011-02-28,YUM,True,Completed,0,4007,25.0430989617,100347.6975395319,0.0
2011-03-31,BA,False,Completed,0,-1804,57.7057163188,100725.4400092952,0.0
2011-03-31,CB,True,Completed,0,2393,41.7755990025,99969.0084129825,0.0
2011-03-31,CDNS,True,Completed,0,10050,10.0,100500.0,0.0
2011-03-31,CL,False,Completed,0,-3723,27.3885277035,100287.56449792259,0.0
2011-03-31,CLX,True,Completed,0,2331,43.0423233199,100331.6556586869,0.0
2011-03-31,CMG,True,Completed,0,20408,4.86,99182.88,0.0
2011-03-31,CMI,False,Completed,0,-1322,70.5610269309,100969.72333089201,0.0
2011-03-31,FCX,False,Completed,0,-2466,39.6161020684,101637.4474526094,0.0
2011-03-31,HSY,False,Completed,0,-3087,36.6217467263,100186.223284476,0.0
2011-03-31,LRCX,False,Completed,0,-23576,4.7023219133,101120.6824257728,0.0
2011-03-31,NFLX,True,Completed,0,33870,2.94571134,99771.2430858,0.0
2011-03-31,RCL,False,Completed,0,-2719,35.9139790558,100723.248174693,0.0
2011-03-31,SNA,True,Completed,0,2439,41.2415498478,100588.1400787842,0.0
2011-03-31,TPR,True,Completed,0,2738,36.6949998115,100470.909483887,0.0
2011-04-30,CB,False,Completed,0,-2393,43.5516361903,99969.0084129825,0.0
2011-04-30,CMG,False,Completed,0,-20408,5.4652,99182.88,0.0
2011-04-30,CPB,True,Completed,0,4952,20.276627191,100409.857849832,0.0
2011-04-30,IT,True,Completed,0,2399,41.85,100398.15000000001,0.0
2011-04-30,MKC,True,Completed,0,5675,17.6793964551,100330.57488269251,0.0
2011-04-30,SNA,False,Completed,0,-2439,43.133364061,100588.1400787842,0.0
2011-04-30,TER,True,Completed,0,6103,16.5301409574,100883.4502630122,0.0
2011-04-30,TPR,False,Completed,0,-2738,35.0005611703,100470.909483887,0.0
2011-05-31,BIIB,True,Completed,0,1024,97.44,99778.56,0.0
2011-05-31,CBRE,True,Completed,0,3743,26.94,100836.42,0.0
2011-05-31,CDNS,False,Completed,0,-10050,10.41,100500.0,0.0
2011-05-31,CMG,True,Completed,0,18741,5.376,100751.61600000001,0.0
2011-05-31,CPB,False,Completed,0,-4952,20.6802754902,100409.857849832,0.0
2011-05-31,IT,False,Completed,0,-2399,43.07,100398.15000000001,0.0
2011-05-31,MKC,False,Completed,0,-5675,18.2769216376,100330.57488269251,0.0
2011-05-31,MO,False,Completed,0,-10801,10.6629946551,100908.798572225,0.0
2011-05-31,ROK,True,Completed,0,1558,64.5514759449,100571.1995221542,0.0
2011-05-31,SWKS,True,Completed,0,4057,24.7502515636,100411.7705935252,0.0
2011-05-31,TPL,True,Completed,0,21380,4.677264442,99999.91376996001,0.0
2011-05-31,YUM,False,Completed,0,-4007,28.8473541408,100347.6975395319,0.0
2011-06-30,MO,True,Margin,0,0,0.0,0.0,0.0
2011-06-30,BKNG,True,Completed,0,4942,20.1912241272,99785.0296366224,0.0
2011-06-30,CBRE,False,Completed,0,-3743,26.4,100836.42,0.0
2011-06-30,CL,True,Completed,0,3242,30.6681643434,99426.18880130281,0.0
2011-06-30,CMG,False,Completed,0,-18741,5.77,100751.61600000001,0.0
2011-06-30,DAL,True,Completed,0,11539,8.6661999589,99999.2813257471,0.0
2011-06-30,IBM,True,Completed,0,1062,94.1344617936,99970.7984248032,0.0
2011-06-30,LLY,True,Completed,0,3661,27.1804013911,99507.44949281709,0.0
2011-06-30,NFLX,False,Completed,0,-33870,3.849567579,99771.2430858,0.0
2011-06-30,ROK,False,Completed,0,-1558,61.5735622794,100571.1995221542,0.0
2011-06-30,SWKS,False,Completed,0,-4057,19.8221387958,100411.7705935252,0.0
2011-06-30,TER,False,Completed,0,-6103,14.6719948955,100883.4502630122,0.0
2011-07-31,AMD,True,Completed,0,14306,6.99,99998.94,0.0
2011-07-31,BA,True,Completed,0,1677,59.5284328549,99829.1818976673,0.0
2011-07-31,BIIB,False,Completed,0,-1024,107.35,99778.56,0.0
2011-07-31,CLX,False,Completed,0,-2331,42.8518298189,100331.6556586869,0.0
2011-07-31,COO,True,Completed,0,5069,19.7589783409,100158.2612100221,0.0
2011-07-31,DAL,False,Completed,0,-11539,7.944016629,99999.2813257471,0.0
2011-07-31,IBM,False,Completed,0,-1062,95.6448489544,99970.7984248032,0.0
2011-07-31,LLY,False,Completed,0,-3661,26.5984711263,99507.44949281709,0.0
2011-07-31,LMT,True,Completed,0,1942,51.4108092402,99839.7915444684,0.0
2011-07-31,MO,True,Completed,0,9391,10.6239589579,99769.5985736389,0.0
2011-07-31,NFLX,True,Completed,0,26647,3.7437105420000005,99758.65481267401,0.0
2011-07-31,ON,True,Completed,0,9551,10.55,100763.05,0.0
2011-07-31,TPL,False,Completed,0,-21380,4.4941126133,99999.91376996001,0.0
2011-08-31,A,True,Completed,0,3712,27.2326469348,101087.58542197761,0.0
2011-08-31,AMD,False,Completed,0,-14306,7.54,99998.94,0.0
2011-08-31,BA,False,Completed,0,-1677,57.7541129486,99829.1818976673,0.0
2011-08-31,CL,False,Completed,0,-3242,30.1335265842,99426.18880130281,0.0
2011-08-31,COHR,True,Completed,0,3995,25.59,102232.05,0.0
2011-08-31,COO,False,Completed,0,-5069,19.2359321477,100158.2612100221,0.0
2011-08-31,DECK,True,Completed,0,6045,16.785,101465.325,0.0
2011-08-31,LMT,False,Completed,0,-1942,48.3847742213,99839.7915444684,0.0
2011-08-31,MO,False,Completed,0,-9391,10.6965324916,99769.5985736389,0.0
2011-08-31,NDSN,True,Completed,0,2295,44.1569009194,101340.08761002301,0.0
2011-08-31,ON,False,Completed,0,-9551,8.88,100763.05,0.0
2011-08-31,PH,True,Completed,0,1625,62.680604064899995,101855.9816054625,0.0
2011-08-31,ROK,True,Completed,0,1884,54.0811876741,101888.9575780044,0.0
2011-08-31,WAT,True,Completed,0,1137,88.64,100783.68000000001,0.0
2011-09-30,MO,True,Margin,0,0,0.0,0.0,0.0
2011-09-30,A,False,Completed,0,-3712,23.5138762834,101087.58542197761,0.0
2011-09-30,BKNG,False,Completed,0,-4942,21.0975476964,99785.0296366224,0.0
2011-09-30,CL,True,Completed,0,3134,31.9173519193,100028.9809150862,0.0
2011-09-30,COHR,False,Completed,0,-3995,19.83,102232.05,0.0
2011-09-30,DECK,False,Completed,0,-6045,15.0233333333,101465.325,0.0
2011-09-30,EL,True,Completed,0,2602,38.2809410164,99607.0085246728,0.0
2011-09-30,HSY,True,Completed,0,2411,41.560804072,100203.09861759201,0.0
2011-09-30,IBM,True,Completed,0,1039,96.6922458693,100463.24345820269,0.0
2011-09-30,LMT,True,Completed,0,2099,47.7764117732,100282.68831194681,0.0
2011-09-30,MA,True,Completed,0,3293,30.3980201474,100100.6803453882,0.0
2011-09-30,NDSN,False,Completed,0,-2295,37.6183925607,101340.08761002301,0.0
2011-09-30,NFLX,False,Completed,0,-26647,3.350425221,99758.65481267401,0.0
2011-09-30,PH,False,Completed,0,-1625,57.4345233437,101855.9816054625,0.0
2011-09-30,ROK,False,Completed,0,-1884,47.5930277424,101888.9575780044,0.0
2011-09-30,TPL,True,Completed,0,24093,4.1248548942,99380.12896596061,0.0
2011-09-30,WAT,False,Completed,0,-1137,80.08,100783.68000000001,0.0
2011-09-30,YUM,True,Completed,0,3414,29.2680125303,99920.99477844419,0.0
2011-10-31,DRI,True,Margin,0,0,0.0,0.0,0.0
2011-10-31,FCX,True,Margin,0,0,0.0,0.0,0.0
2011-10-31,HSY,False,Margin,0,0,0.0,0.0,0.0
2011-10-31,NFLX,True,Margin,0,0,0.0,0.0,0.0
2011-10-31,TPL,False,Margin,0,0,0.0,0.0,0.0
2011-10-31,AMD,True,Completed,0,19685,5.03,99015.55,0.0
2011-10-31,CF,True,Completed,0,5781,16.9620750676,98057.7559657956,0.0
2011-10-31,DPZ,True,Completed,0,4625,21.5468584224,99654.2202036,0.0
2011-10-31,IBM,False,Completed,0,-1039,97.6160036464,100463.24345820269,0.0
2011-10-31,LMT,False,Completed,0,-2099,46.6076877218,100282.68831194681,0.0
2011-10-31,LULU,True,Completed,0,2053,48.0,98544.0,0.0
2011-10-31,MA,False,Completed,0,-3293,28.958826330100003,100100.6803453882,0.0
2011-10-31,MGM,True,Completed,0,11408,8.5483443292,97519.51210751361,0.0
2011-10-31,VRSN,False,Completed,0,-3430,27.9458637058,99434.99081079899,0.0
2011-10-31,YUM,False,Completed,0,-3414,26.5421494086,99920.99477844419,0.0
2011-11-30,AMD,False,Completed,0,-19685,5.56,99015.55,0.0
2011-11-30,CF,False,Completed,0,-5781,21.7264824022,98057.7559657956,0.0
2011-11-30,CLX,True,Completed,0,2302,42.8286533717,98591.5600616534,0.0
2011-11-30,DLTR,True,Completed,0,2501,39.635,99127.135,0.0
2011-11-30,DPZ,False,Completed,0,-4625,24.8788468382,99654.2202036,0.0
2011-11-30,EL,False,Completed,0,-2602,37.671183966,99607.0085246728,0.0
2011-11-30,EQT,True,Completed,0,3254,29.7721105895,96878.44785823299,0.0
2011-11-30,IRM,True,Completed,0,8582,11.3013794259,96988.4382330738,0.0
2011-11-30,LMT,True,Completed,0,2051,47.8759459644,98193.56517298441,0.0
2011-11-30,LULU,False,Completed,0,-2053,54.5099,98544.0,0.0
2011-11-30,MGM,False,Completed,0,-11408,10.3410434711,97519.51210751361,0.0
2011-11-30,ROST,True,Completed,0,5487,17.9912222822,98717.8366624314,0.0
2011-11-30,TPL,False,Completed,0,-24093,3.9643508723,99380.12896596061,0.0
2011-11-30,TSCO,True,Completed,0,17207,5.682051442,97771.059162494,0.0
2011-11-30,ULTA,True,Completed,0,1502,64.9270238893,97520.38988172861,0.0
2011-12-31,BIIB,True,Completed,0,869,114.95,99891.55,0.0
2011-12-31,CLX,False,Completed,0,-2302,42.2511154702,98591.5600616534,0.0
2011-12-31,CPB,True,Completed,0,4901,20.346846417,99719.89428971699,0.0
2011-12-31,DLTR,False,Completed,0,-2501,40.565,99127.135,0.0
2011-12-31,EQT,False,Completed,0,-3254,29.9157705331,96878.44785823299,0.0
2011-12-31,GILD,True,Completed,0,7266,13.6993634803,99539.5750478598,0.0
2011-12-31,IBM,True,Completed,0,946,105.1174983262,99441.1534165852,0.0
2011-12-31,IRM,False,Completed,0,-8582,11.4558316114,96988.4382330738,0.0
2011-12-31,LMT,False,Completed,0,-2051,50.8339123083,98193.56517298441,0.0
2011-12-31,MO,True,Completed,0,8511,11.7035249226,99608.70061624859,0.0
2011-12-31,ROST,False,Completed,0,-5487,18.5696685652,98717.8366624314,0.0
2011-12-31,SPGI,True,Completed,0,2898,34.3396720192,99516.3695116416,0.0
2011-12-31,TPL,True,Completed,0,25181,3.9141318225,98561.7534223725,0.0
2011-12-31,ULTA,False,Completed,0,-1502,68.9713663764,97520.38988172861,0.0
2012-01-31,ALGN,True,Completed,0,4214,24.24,102147.36,0.0
2012-01-31,BA,True,Completed,0,1667,61.0693987149,101802.6876577383,0.0
2012-01-31,BIIB,False,Completed,0,-869,111.44,99891.55,0.0
2012-01-31,CL,False,Completed,0,-3134,32.6104464597,100028.9809150862,0.0
2012-01-31,CPB,False,Completed,0,-4901,21.1497583473,99719.89428971699,0.0
2012-01-31,DECK,True,Completed,0,7939,12.8333333333,101883.8333330687,0.0
2012-01-31,F,True,Completed,0,17644,5.7938374914,102226.4686982616,0.0
2012-01-31,GILD,False,Completed,0,-7266,14.3175097023,99539.5750478598,0.0
2012-01-31,HSY,False,Completed,0,-2411,44.1694967941,100203.09861759201,0.0
2012-01-31,HUM,True,Completed,0,1295,78.6075431455,101796.7683734225,0.0
2012-01-31,IBM,False,Completed,0,-946,104.960111558,99441.1534165852,0.0
2012-01-31,LULU,True,Completed,0,2143,47.5,101792.5,0.0
2012-01-31,MNST,True,Completed,0,13023,7.7974922025,101546.7409531575,0.0
2012-01-31,MO,False,Completed,0,-8511,11.8934977352,99608.70061624859,0.0
2012-01-31,SPGI,False,Completed,0,-2898,36.8686878644,99516.3695116416,0.0
2012-01-31,TDG,True,Completed,0,2427,42.5731863429,103325.1232542183,0.0
2012-01-31,TSCO,False,Completed,0,-17207,5.8122221421,97771.059162494,0.0
2012-01-31,ULTA,True,Completed,0,1557,65.1643447198,101460.8847287286,0.0
2012-02-29,ALGN,False,Completed,0,-4214,23.58,102147.36,0.0
2012-02-29,BIIB,True,Completed,0,847,118.46,100335.62,0.0
2012-02-29,CL,True,Completed,0,3069,32.7152181702,100403.00456434379,0.0
2012-02-29,DECK,False,Completed,0,-7939,13.6383333333,101883.8333330687,0.0
2012-02-29,FICO,True,Completed,0,2777,36.1003832045,100250.76415889649,0.0
2012-02-29,HUM,False,Completed,0,-1295,78.9864383765,101796.7683734225,0.0
2012-02-29,LULU,False,Completed,0,-2143,63.61000000000001,101792.5,0.0
2012-02-29,MO,True,Completed,0,8481,11.8270768055,100305.43838744551,0.0
2012-02-29,ROST,True,Completed,0,4730,21.2171305524,100357.027512852,0.0
2012-02-29,TDG,False,Completed,0,-2427,45.315538421,103325.1232542183,0.0
2012-02-29,TJX,True,Completed,0,7101,14.1097098289,100193.0494950189,0.0
2012-02-29,ULTA,False,Completed,0,-1557,75.6855682072,101460.8847287286,0.0
2012-03-31,BIIB,False,Completed,0,-847,116.01,100335.62,0.0
2012-03-31,CNP,True,Completed,0,8443,11.7768270437,99431.75072995911,0.0
2012-03-31,DAL,True,Completed,0,11856,8.4254721823,99892.3981933488,0.0
2012-03-31,FICO,False,Completed,0,-2777,40.4418508005,100250.76415889649,0.0
2012-03-31,HSY,True,Completed,0,2301,43.4961739219,100084.6961942919,0.0
2012-03-31,MNST,False,Completed,0,-13023,9.541657125,101546.7409531575,0.0
2012-03-31,MO,False,Completed,0,-8481,12.524496568,100305.43838744551,0.0
2012-03-31,POOL,True,Completed,0,3313,30.412164835099997,100755.5020986863,0.0
2012-03-31,ROST,False,Completed,0,-4730,22.6139302463,100357.027512852,0.0
2012-03-31,STX,True,Completed,0,7045,14.2914941575,100683.57633958751,0.0
2012-03-31,TJX,False,Completed,0,-7101,15.3005503032,100193.0494950189,0.0
2012-03-31,TPL,False,Completed,0,-25181,4.3976132627,98561.7534223725,0.0
2012-03-31,URI,True,Completed,0,2488,40.5627876101,100920.21557392881,0.0
2012-03-31,VRSN,True,Completed,0,2747,36.594601222,100525.369556834,0.0
2012-04-30,BA,False,Completed,0,-1667,60.849881516,101802.6876577383,0.0
2012-04-30,CF,True,Completed,0,3887,25.7983034402,100278.00547205741,0.0
2012-04-30,CL,False,Completed,0,-3069,35.0820343711,100403.00456434379,0.0
2012-04-30,CNP,False,Completed,0,-8443,11.9895148386,99431.75072995911,0.0
2012-04-30,DAL,False,Completed,0,-11856,8.494251547,99892.3981933488,0.0
2012-04-30,EXPE,True,Completed,0,3294,30.1777904624,99405.6417831456,0.0
2012-04-30,HSY,False,Completed,0,-2301,43.8969943497,100084.6961942919,0.0
2012-04-30,LULU,True,Completed,0,1338,74.58,99788.04,0.0
2012-04-30,MGM,True,Completed,0,7781,12.9074338216,100432.7425658696,0.0
2012-04-30,PM,True,Completed,0,2215,45.2624644034,100256.358653531,0.0
2012-04-30,POOL,False,Completed,0,-3313,30.7142150701,100755.5020986863,0.0
2012-04-30,TPR,True,Completed,0,1912,52.3692564891,100130.01840715921,0.0
2012-05-31,BALL,True,Completed,0,5540,18.0432709822,99959.72124138799,0.0
2012-05-31,CF,False,Completed,0,-3887,27.1896093244,100278.00547205741,0.0
2012-05-31,CL,True,Completed,0,2796,35.7682186786,100007.9394253656,0.0
2012-05-31,DLTR,True,Completed,0,1967,50.935,100189.145,0.0
2012-05-31,EXPE,False,Completed,0,-3294,37.0755711396,99405.6417831456,0.0
2012-05-31,F,False,Completed,0,-17644,6.0000583831,102226.4686982616,0.0
2012-05-31,LMT,True,Completed,0,1678,59.6108180999,100026.9527716322,0.0
2012-05-31,LULU,False,Completed,0,-1338,73.93,99788.04,0.0
2012-05-31,MGM,False,Completed,0,-7781,12.6809876142,100432.7425658696,0.0
2012-05-31,ODFL,True,Completed,0,10551,9.4645089963,99860.03441996129,0.0
2012-05-31,TPL,True,Completed,0,17669,5.6327928794,99525.81738611861,0.0
2012-05-31,TPR,False,Completed,0,-1912,49.4335477166,100130.01840715921,0.0
2012-05-31,VRSN,False,Completed,0,-2747,40.4855480545,100525.369556834,0.0
2012-05-31,YUM,True,Completed,0,2516,39.902763535,100395.35305405999,0.0
2012-06-30,BALL,False,Completed,0,-5540,17.0615657798,99959.72124138799,0.0
2012-06-30,BKNG,True,Completed,0,4071,23.8765996461,97201.6371592731,0.0
2012-06-30,CL,False,Completed,0,-2796,35.3128488136,100007.9394253656,0.0
2012-06-30,FICO,True,Completed,0,2473,39.2979065946,97183.7230084458,0.0
2012-06-30,LEN,True,Completed,0,4336,22.1668043665,96115.26373314399,0.0
2012-06-30,LMT,False,Completed,0,-1678,54.3582703937,100026.9527716322,0.0
2012-06-30,MO,True,Completed,0,7382,13.4440940647,99244.3023856154,0.0
2012-06-30,ODFL,False,Completed,0,-10551,9.0574562563,99860.03441996129,0.0
2012-06-30,ROST,True,Completed,0,3791,26.1516652154,99140.9628315814,0.0
2012-06-30,TJX,True,Completed,0,5667,17.4418374199,98842.8926585733,0.0
2012-06-30,TPL,False,Completed,0,-17669,5.602109945,99525.81738611861,0.0
2012-06-30,TSCO,True,Completed,0,13293,7.4689080355,99284.1945159015,0.0
2012-06-30,URI,False,Completed,0,-2488,31.6248973998,100920.21557392881,0.0
2012-06-30,YUM,False,Completed,0,-2516,37.0174363443,100395.35305405999,0.0
2012-07-31,AAPL,True,Completed,0,5720,17.5035955535,100120.56656601999,0.0
2012-07-31,BKNG,False,Completed,0,-4071,26.1325913729,97201.6371592731,0.0
2012-07-31,FICO,False,Completed,0,-2473,42.3208224865,97183.7230084458,0.0
2012-07-31,LEN,False,Completed,0,-4336,26.3162137999,96115.26373314399,0.0
2012-07-31,MNST,True,Completed,0,8426,11.98998801,101027.63897226,0.0
2012-07-31,MO,False,Completed,0,-7382,14.7258150444,99244.3023856154,0.0
2012-07-31,ORLY,True,Completed,0,17906,5.6166666667,100572.03333393019,0.0
2012-07-31,PM,False,Completed,0,-2215,44.8960819144,100256.358653531,0.0
2012-07-31,STZ,True,Completed,0,4374,22.5896396862,98807.0839874388,0.0
2012-07-31,TPL,True,Completed,0,17700,5.6387315118,99805.54775885999,0.0
2012-08-31,CL,True,Completed,0,2562,39.1955390238,100418.9709789756,0.0
2012-08-31,DHI,True,Completed,0,6584,15.1870271794,99991.3869491696,0.0
2012-08-31,DLTR,False,Completed,0,-1967,50.38,100189.145,0.0
2012-08-31,LMT,True,Completed,0,1682,59.83138385070001,100636.3876368774,0.0
2012-08-31,MNST,False,Completed,0,-8426,11.07665559,101027.63897226,0.0
2012-08-31,MO,True,Completed,0,6526,15.3945894042,100465.0904518092,0.0
2012-08-31,PM,True,Completed,0,2127,47.0087782354,99987.6713066958,0.0
2012-08-31,STX,False,Completed,0,-7045,16.4238461589,100683.57633958751,0.0
2012-08-31,STZ,False,Completed,0,-4374,24.0511234804,98807.0839874388,0.0
2012-08-31,TSCO,False,Completed,0,-13293,7.5314920499,99284.1945159015,0.0
2012-09-30,AIG,True,Completed,0,3856,25.9610398722,100105.7697472032,0.0
2012-09-30,CL,False,Completed,0,-2562,38.5956629512,100418.9709789756,0.0
2012-09-30,DHI,False,Completed,0,-6584,16.400382219,99991.3869491696,0.0
2012-09-30,FICO,True,Completed,0,2354,42.2014968591,99342.3236063214,0.0
2012-09-30,LEN,True,Completed,0,3644,27.4158344089,99903.3005860316,0.0
2012-09-30,MO,False,Completed,0,-6526,14.491531033,100465.0904518092,0.0
2012-09-30,MPWR,True,Completed,0,5421,17.6488911343,95674.6388390403,0.0
2012-09-30,ORLY,False,Completed,0,-17906,5.6546666667,100572.03333393019,0.0
2012-09-30,PM,False,Completed,0,-2127,45.9755617864,99987.6713066958,0.0
2012-09-30,ROST,False,Completed,0,-3791,28.960093011,99140.9628315814,0.0
2012-09-30,STX,True,Completed,0,5679,17.6006471064,99954.0749172456,0.0
2012-09-30,TJX,False,Completed,0,-5667,19.0903268505,98842.8926585733,0.0
2012-09-30,URI,True,Completed,0,3210,31.788806929000003,102042.07024209,0.0
2012-09-30,WDC,True,Completed,0,3948,25.4803119118,100596.2714277864,0.0
2012-10-31,AAPL,False,Completed,0,-5720,20.1868260049,100120.56656601999,0.0
2012-10-31,AIG,False,Completed,0,-3856,24.9413307123,100105.7697472032,0.0
2012-10-31,DHI,True,Completed,0,5617,17.9541026398,100848.1945277566,0.0
2012-10-31,EXPE,True,Completed,0,1896,52.75721503650001,100027.679709204,0.0
2012-10-31,F,True,Completed,0,18913,5.3034161311,100303.5092874943,0.0
2012-10-31,LII,True,Completed,0,2442,41.0564870145,100259.941289409,0.0
2012-10-31,LMT,False,Completed,0,-1682,62.8521388724,100636.3876368774,0.0
2012-10-31,MPWR,False,Completed,0,-5421,16.9131642135,95674.6388390403,0.0
2012-10-31,PHM,True,Completed,0,7587,13.1023383772,99407.44126781641,0.0
2012-10-31,WDC,False,Completed,0,-3948,23.5975934162,100596.2714277864,0.0
2012-11-30,CL,True,Completed,0,2605,38.2765982993,99710.5385696765,0.0
2012-11-30,EXPE,False,Completed,0,-1896,53.8876616693,100027.679709204,0.0
2012-11-30,F,False,Completed,0,-18913,6.0274125519,100303.5092874943,0.0
2012-11-30,FICO,False,Completed,0,-2354,46.0104441299,99342.3236063214,0.0
2012-11-30,LII,False,Completed,0,-2442,43.0322229116,100259.941289409,0.0
2012-11-30,LMT,True,Completed,0,1585,63.1213994009,100047.41805042651,0.0
2012-11-30,PM,True,Completed,0,2176,46.1655121932,100456.1545324032,0.0
2012-11-30,REGN,True,Completed,0,708,142.8326865183,101125.5420549564,0.0
2012-11-30,SHW,True,Completed,0,2401,41.7678042011,100284.4978868411,0.0
2012-11-30,TJX,True,Completed,0,5765,17.9070765612,103234.29637531801,0.0
2012-11-30,TPL,False,Completed,0,-17700,5.206201115,99805.54775885999,0.0
2012-11-30,URI,False,Completed,0,-3210,39.4057791686,102042.07024209,0.0
2012-12-31,GILD,True,Completed,0,3861,25.8896213793,99959.8281454773,0.0
2012-12-31,MCO,True,Completed,0,2381,42.1664040415,100398.20802281151,0.0
2012-12-31,PHM,False,Completed,0,-7587,14.4202244567,99407.44126781641,0.0
2012-12-31,PM,False,Completed,0,-2176,46.7051562607,100456.1545324032,0.0
2012-12-31,REGN,False,Completed,0,-708,178.702052061,101125.5420549564,0.0
2012-12-31,TJX,False,Completed,0,-5765,18.612557707,103234.29637531801,0.0
2012-12-31,TPL,True,Completed,0,17632,5.6664451299,99910.76053039679,0.0
2012-12-31,WDC,True,Completed,0,4908,20.4711560654,100472.4339689832,0.0
2013-01-31,AIG,True,Completed,0,3750,27.4112928997,102792.34837387501,0.0
2013-01-31,CL,False,Completed,0,-2605,38.6166559648,99710.5385696765,0.0
2013-01-31,GILD,False,Completed,0,-3861,25.6617015432,99959.8281454773,0.0
2013-01-31,LMT,False,Completed,0,-1585,63.9152266985,100047.41805042651,0.0
2013-01-31,PHM,True,Completed,0,6476,16.052702697,103957.302665772,0.0
2013-01-31,PPG,True,Completed,0,1870,54.6290681862,102156.357508194,0.0
2013-01-31,REGN,True,Completed,0,589,175.0020317769,103076.1967165941,0.0
2013-01-31,SHW,False,Completed,0,-2401,45.6840004982,100284.4978868411,0.0
2013-01-31,URI,True,Completed,0,2278,45.3161639571,103230.2214942738,0.0
2013-01-31,WDC,False,Completed,0,-4908,26.704187684,100472.4339689832,0.0
2013-02-28,AIG,False,Completed,0,-3750,28.8464391248,102792.34837387501,0.0
2013-02-28,AXON,True,Completed,0,11947,8.4,100354.8,0.0
2013-02-28,DHI,False,Completed,0,-5617,20.7987536084,100848.1945277566,0.0
2013-02-28,EQIX,True,Completed,0,630,160.1301601376,100882.000886688,0.0
2013-02-28,EXPE,True,Completed,0,1662,60.8032899919,101055.0679665378,0.0
2013-02-28,F,True,Completed,0,14232,7.1074264777,101152.8936306264,0.0
2013-02-28,LMT,True,Completed,0,1689,59.6423994099,100736.0126033211,0.0
2013-02-28,PHM,False,Completed,0,-6476,17.7191909008,103957.302665772,0.0
2013-02-28,PPG,False,Completed,0,-1870,55.027906981,102156.357508194,0.0
2013-02-28,REGN,False,Completed,0,-589,173.7323197222,103076.1967165941,0.0
2013-02-28,SHW,True,Completed,0,2105,47.6491241814,100301.406401847,0.0
2013-02-28,TPL,False,Completed,0,-17632,5.2024971679,99910.76053039679,0.0
2013-02-28,URI,False,Completed,0,-2278,49.0860831288,103230.2214942738,0.0
2013-02-28,WDC,True,Completed,0,3468,29.0783022334,100843.5521454312,0.0
2013-03-31,CDNS,True,Completed,0,7062,14.04,99150.48,0.0
2013-03-31,CL,True,Completed,0,2376,41.9558698692,99687.14680921921,0.0
2013-03-31,EQIX,False,Completed,0,-630,154.6980269185,100882.000886688,0.0
2013-03-31,F,False,Completed,0,-14232,6.8144485923,101152.8936306264,0.0
2013-03-31,GILD,True,Completed,0,3389,29.4430988235,99782.6619128415,0.0
2013-03-31,LEN,False,Completed,0,-3644,32.5944222363,99903.3005860316,0.0
2013-03-31,LMT,False,Completed,0,-1689,60.5776843483,100736.0126033211,0.0
2013-03-31,MO,True,Completed,0,6811,14.6714476533,99927.2299666263,0.0
2013-03-31,OKE,True,Completed,0,5501,18.1112850891,99630.1792751391,0.0
2013-03-31,REGN,True,Completed,0,603,165.310557735,99682.266314205,0.0
2013-03-31,SHW,False,Completed,0,-2105,47.152626739,100301.406401847,0.0
2013-03-31,STX,False,Completed,0,-5679,18.0550427865,99954.0749172456,0.0
2013-03-31,TSN,True,Completed,0,5846,17.0904334422,99910.6739031012,0.0
2013-03-31,WDC,False,Completed,0,-3468,28.832915716700004,100843.5521454312,0.0
2013-04-30,CDNS,False,Completed,0,-7062,13.96,99150.48,0.0
2013-04-30,CL,False,Completed,0,-2376,43.3459407616,99687.14680921921,0.0
2013-04-30,DHI,True,Completed,0,4713,21.2332510486,100072.3121920518,0.0
2013-04-30,EG,True,Completed,0,1027,96.979283117,99597.723761159,0.0
2013-04-30,GILD,False,Completed,0,-3389,33.8495489875,99782.6619128415,0.0
2013-04-30,LMT,True,Completed,0,1500,66.3696703504,99554.5055256,0.0
2013-04-30,MO,False,Completed,0,-6811,15.1542409539,99927.2299666263,0.0
2013-04-30,NDSN,True,Completed,0,1744,57.1837773207,99728.50764730081,0.0
2013-04-30,OKE,False,Completed,0,-5501,19.2505628931,99630.1792751391,0.0
2013-04-30,PHM,True,Completed,0,5810,17.1665289965,99737.533469665,0.0
2013-04-30,PPG,True,Completed,0,1882,53.0138108687,99771.9920548934,0.0
2013-04-30,TSN,False,Completed,0,-5846,18.6825223854,99910.6739031012,0.0
2013-05-31,AXON,False,Completed,0,-11947,8.81,100354.8,0.0
2013-05-31,DECK,True,Completed,0,10885,9.23,100468.55,0.0
2013-05-31,DHI,False,Completed,0,-4713,22.6738293476,100072.3121920518,0.0
2013-05-31,EG,False,Completed,0,-1027,100.6954237556,99597.723761159,0.0
2013-05-31,FSLR,True,Completed,0,2147,46.7,100264.90000000001,0.0
2013-05-31,KLAC,True,Completed,0,2985,33.488042615,99961.807205775,0.0
2013-05-31,NDSN,False,Completed,0,-1744,60.0699150633,99728.50764730081,0.0
2013-05-31,PHM,False,Completed,0,-5810,17.7617033549,99737.533469665,0.0
2013-05-31,REGN,False,Completed,0,-603,213.0239560372,99682.266314205,0.0
2013-05-31,RJF,True,Completed,0,4362,22.9228258131,99989.36619674221,0.0
2013-05-31,STX,True,Completed,0,4833,20.7438518433,100255.0359586689,0.0
2013-05-31,STZ,True,Completed,0,2398,41.3692840475,99203.543145905,0.0
2013-06-30,CL,True,Completed,0,2337,42.8339858573,100103.0249485101,0.0
2013-06-30,CLX,True,Completed,0,1764,56.7355983914,100081.5955624296,0.0
2013-06-30,DECK,False,Completed,0,-10885,8.955,100468.55,0.0
2013-06-30,DHI,True,Completed,0,4701,21.3030972692,100145.86026250919,0.0
2013-06-30,EXPE,False,Completed,0,-1662,53.2554913055,101055.0679665378,0.0
2013-06-30,FSLR,False,Completed,0,-2147,54.24,100264.90000000001,0.0
2013-06-30,KLAC,False,Completed,0,-2985,35.2592732831,99961.807205775,0.0
2013-06-30,LEN,True,Completed,0,2996,33.5956701826,100652.6278670696,0.0
2013-06-30,MO,True,Completed,0,6249,15.9830923896,99878.34434261039,0.0
2013-06-30,PHM,True,Completed,0,5447,18.5524350026,101055.1134591622,0.0
2013-06-30,PPG,False,Completed,0,-1882,61.513222074199994,99771.9920548934,0.0
2013-06-30,RJF,False,Completed,0,-4362,24.4558105428,99989.36619674221,0.0
2013-06-30,STZ,False,Completed,0,-2398,44.9511865258,99203.543145905,0.0
2013-06-30,WYNN,True,Completed,0,919,108.9872619703,100159.29375070569,0.0
2013-07-31,AXON,True,Completed,0,11737,8.58,100703.46,0.0
2013-07-31,CL,False,Completed,0,-2337,42.6046897838,100103.0249485101,0.0
2013-07-31,DHI,False,Completed,0,-4701,18.6664024433,100145.86026250919,0.0
2013-07-31,LEN,False,Completed,0,-2996,30.811592411000003,100652.6278670696,0.0
2013-07-31,PHM,False,Completed,0,-5447,16.2652649679,101055.1134591622,0.0
2013-07-31,PPG,True,Completed,0,1715,58.5584210915,100427.6921719225,0.0
2013-07-31,RMD,True,Completed,0,2638,37.9488306454,100109.0152425652,0.0
2013-07-31,TPL,True,Completed,0,11862,8.4518077515,100255.343548293,0.0
2013-08-31,AXON,False,Completed,0,-11737,8.98,100703.46,0.0
2013-08-31,BIIB,True,Completed,0,458,218.82,100219.56,0.0
2013-08-31,DECK,True,Completed,0,10931,9.2533333333,101148.18666630231,0.0
2013-08-31,MO,False,Completed,0,-6249,15.8261519624,99878.34434261039,0.0
2013-08-31,PPG,False,Completed,0,-1715,62.2260379447,100427.6921719225,0.0
2013-08-31,RMD,False,Completed,0,-2638,40.7284418301,100109.0152425652,0.0
2013-08-31,TPR,True,Completed,0,2709,37.2435737869,100892.8413887121,0.0
2013-08-31,TYL,True,Completed,0,1340,75.21,100781.4,0.0
2013-09-30,AXON,True,Completed,0,8591,11.92,102404.72,0.0
2013-09-30,BIIB,False,Completed,0,-458,216.0,100219.56,0.0
2013-09-30,CPB,True,Completed,0,3495,28.6875215297,100262.8877463015,0.0
2013-09-30,DECK,False,Completed,0,-10931,9.885,101148.18666630231,0.0
2013-09-30,PPG,True,Completed,0,1601,63.3719586333,101458.50577191329,0.0
2013-09-30,TPR,False,Completed,0,-2709,37.0490903729,100892.8413887121,0.0
2013-09-30,TSN,True,Completed,0,4560,22.099790852,100775.04628512001,0.0
2013-09-30,TYL,False,Completed,0,-1340,74.7,100781.4,0.0
2013-09-30,WDC,True,Completed,0,2605,38.8087012887,101096.6668570635,0.0
2013-09-30,WYNN,False,Completed,0,-919,114.6850371526,100159.29375070569,0.0
2013-10-31,AXON,False,Completed,0,-8591,14.89,102404.72,0.0
2013-10-31,BAX,True,Completed,0,3453,28.9579499237,99991.8010865361,0.0
2013-10-31,CPB,False,Completed,0,-3495,26.872191067999996,100262.8877463015,0.0
2013-10-31,CSCO,True,Completed,0,6289,15.9459850245,100284.29981908051,0.0
2013-10-31,EA,True,Completed,0,4033,24.9290363662,100538.80366488459,0.0
2013-10-31,LLY,True,Completed,0,2534,39.5234458107,100152.41168431379,0.0
2013-10-31,LMT,False,Completed,0,-1500,89.99102608550001,99554.5055256,0.0
2013-10-31,PPG,False,Completed,0,-1601,66.805572388,101458.50577191329,0.0
2013-10-31,STX,False,Completed,0,-4833,25.0937404544,100255.0359586689,0.0
2013-10-31,VRSK,True,Completed,0,1615,61.9956012948,100122.896091102,0.0
2013-11-30,BA,True,Completed,0,900,111.399021351,100259.1192159,0.0
2013-11-30,BAX,False,Completed,0,-3453,29.1034229558,99991.8010865361,0.0
2013-11-30,CLX,False,Completed,0,-1764,62.1015700767,100081.5955624296,0.0
2013-11-30,CMI,True,Completed,0,1095,91.6068580652,100309.509581394,0.0
2013-11-30,CSCO,False,Completed,0,-6289,15.4880420341,100284.29981908051,0.0
2013-11-30,DECK,True,Completed,0,8722,11.465,99997.73,0.0
2013-11-30,EA,False,Completed,0,-4033,25.4627448132,100538.80366488459,0.0
2013-11-30,JBL,True,Completed,0,5373,18.7001161621,100475.7241389633,0.0
2013-11-30,LLY,False,Completed,0,-2534,39.1314259158,100152.41168431379,0.0
2013-11-30,LMT,True,Completed,0,1064,94.0549551809,100074.47231247759,0.0
2013-11-30,PCAR,True,Completed,0,4293,23.3661996513,100311.09510303091,0.0
2013-11-30,REGN,True,Completed,0,350,288.4726270322,100965.41946127001,0.0
2013-11-30,STX,True,Completed,0,3575,27.9770221454,100017.854169805,0.0
2013-11-30,TSN,False,Completed,0,-4560,20.9713231217,100775.04628512001,0.0
2013-11-30,VRSK,False,Completed,0,-1615,65.5700709266,100122.896091102,0.0
2013-11-30,WDC,False,Completed,0,-2605,42.7972015082,101096.6668570635,0.0
2013-12-31,BA,False,Completed,0,-900,115.2983478355,100259.1192159,0.0
2013-12-31,BMY,True,Completed,0,2934,34.0124437335,99792.509914089,0.0
2013-12-31,CL,True,Completed,0,2031,49.096288197,99714.561328107,0.0
2013-12-31,CLX,True,Completed,0,1547,64.7850568587,100222.4829604089,0.0
2013-12-31,CMG,True,Completed,0,9544,10.43,99543.92,0.0
2013-12-31,CMI,False,Completed,0,-1095,95.7531501152,100309.509581394,0.0
2013-12-31,DECK,False,Completed,0,-8722,13.92,99997.73,0.0
2013-12-31,FSLR,True,Completed,0,1671,59.769999999999996,99875.67,0.0
2013-12-31,JBL,False,Completed,0,-5373,18.1186790967,100475.7241389633,0.0
2013-12-31,MO,True,Completed,0,5943,16.8376999257,100066.4506584351,0.0
2013-12-31,PCAR,False,Completed,0,-4293,24.0457195086,100311.09510303091,0.0
2013-12-31,REGN,False,Completed,0,-350,290.0597671005,100965.41946127001,0.0
2013-12-31,SPGI,True,Completed,0,1524,65.5280588226,99864.7616456424,0.0
2013-12-31,STX,False,Completed,0,-3575,28.418184716,100017.854169805,0.0
2014-01-31,AXON,True,Completed,0,6297,15.84,99744.48,0.0
2014-01-31,BA,True,Completed,0,857,116.1695554419,99557.3090137083,0.0
2014-01-31,BKNG,True,Completed,0,2190,45.5506131137,99755.842719003,0.0
2014-01-31,BMY,False,Completed,0,-2934,35.0640063911,99792.509914089,0.0
2014-01-31,CL,False,Completed,0,-2031,48.5353159827,99714.561328107,0.0
2014-01-31,CLX,False,Completed,0,-1547,64.3135398014,100222.4829604089,0.0
2014-01-31,CMG,False,Completed,0,-9544,10.6,99543.92,0.0
2014-01-31,FSLR,False,Completed,0,-1671,54.28,99875.67,0.0
2014-01-31,MU,True,Completed,0,4714,21.1406640527,99657.0903444278,0.0
2014-01-31,NFLX,True,Completed,0,19012,5.240137617,99625.496374404,0.0
2014-01-31,SPGI,False,Completed,0,-1524,68.2055493981,99864.7616456424,0.0
2014-01-31,STZ,True,Completed,0,1681,59.1520781909,99434.6434389029,0.0
2014-02-28,AAPL,True,Completed,0,6451,15.5614941602,100387.19882745021,0.0
2014-02-28,AXON,False,Completed,0,-6297,16.75,99744.48,0.0
2014-02-28,BKNG,False,Completed,0,-2190,44.9168149157,99755.842719003,0.0
2014-02-28,CL,True,Completed,0,2171,46.0335148697,99938.7607821187,0.0
2014-02-28,CLX,True,Completed,0,1620,61.8717790544,100232.282068128,0.0
2014-02-28,NFLX,False,Completed,0,-19012,5.88427983,99625.496374404,0.0
2014-02-28,STX,True,Completed,0,3263,30.7250249193,100255.7563116759,0.0
2014-02-28,STZ,False,Completed,0,-1681,64.4573488427,99434.6434389029,0.0
2014-03-31,AAPL,False,Completed,0,-6451,16.3022426622,100387.19882745021,0.0
2014-03-31,BA,False,Completed,0,-857,109.24651916870002,99557.3090137083,0.0
2014-03-31,DAL,True,Completed,0,3477,28.0426801082,97504.3987362114,0.0
2014-03-31,FSLR,True,Completed,0,1752,55.71,97603.92,0.0
2014-03-31,MNST,True,Completed,0,8108,12.22332111,99106.68755988001,0.0
2014-03-31,MO,False,Completed,0,-5943,16.6165708404,100066.4506584351,0.0
2014-03-31,SPGI,True,Completed,0,1419,69.3272106563,98375.3119212897,0.0
2014-03-31,STX,False,Completed,0,-3263,30.2569209819,100255.7563116759,0.0
2014-04-30,ACN,True,Completed,0,1572,63.48684578660001,99801.3215765352,0.0
2014-04-30,AXON,True,Completed,0,5467,18.4,100592.79999999999,0.0
2014-04-30,CL,False,Completed,0,-2171,48.7780808493,99938.7607821187,0.0
2014-04-30,CLX,False,Completed,0,-1620,61.50128935950001,100232.282068128,0.0
2014-04-30,GNRC,True,Completed,0,1695,58.809999999999995,99682.95,0.0
2014-04-30,MNST,False,Completed,0,-8108,11.62332171,99106.68755988001,0.0
2014-05-31,ACN,False,Completed,0,-1572,64.7072490046,99801.3215765352,0.0
2014-05-31,AVGO,True,Completed,0,20836,4.7554358536,99084.26144560959,0.0
2014-05-31,BKNG,True,Completed,0,2199,45.7057248164,100506.8888712636,0.0
2014-05-31,BX,True,Completed,0,6317,15.925433779199999,100600.9651832064,0.0
2014-05-31,FSLR,False,Completed,0,-1752,66.96,97603.92,0.0
2014-05-31,GNRC,False,Completed,0,-1695,55.190000000000005,99682.95,0.0
2014-05-31,ROK,True,Completed,0,1065,93.4782839102,99554.37236436301,0.0
2014-05-31,SPGI,False,Completed,0,-1419,65.4285496133,98375.3119212897,0.0
2014-06-30,AXON,False,Completed,0,-5467,13.28,100592.79999999999,0.0
2014-06-30,BKNG,False,Completed,0,-2199,50.3033142224,100506.8888712636,0.0
2014-06-30,BX,False,Completed,0,-6317,16.7562793651,100600.9651832064,0.0
2014-06-30,CF,True,Completed,0,2845,35.1433097881,99982.7163471445,0.0
2014-06-30,CL,True,Completed,0,1933,51.5049009624,99558.9735603192,0.0
2014-06-30,CLX,True,Completed,0,1583,63.0361387414,99786.2076276362,0.0
2014-06-30,GNRC,True,Completed,0,2054,48.94,100522.76,0.0
2014-06-30,MU,False,Completed,0,-4714,27.898265615700005,99657.0903444278,0.0
2014-06-30,ROK,False,Completed,0,-1065,95.7880597335,99554.37236436301,0.0
2014-06-30,TDG,True,Completed,0,970,103.2503882429,100152.87659561301,0.0
2014-07-31,AVGO,False,Completed,0,-20836,5.5001964438,99084.26144560959,0.0
2014-07-31,CF,False,Completed,0,-2845,34.9931000142,99982.7163471445,0.0
2014-07-31,CL,False,Completed,0,-1933,51.78461347310001,99558.9735603192,0.0
2014-07-31,GNRC,False,Completed,0,-2054,46.92,100522.76,0.0
2014-07-31,MO,True,Completed,0,5049,19.7719368682,99828.5092475418,0.0
2014-07-31,MU,True,Completed,0,3112,32.4130845532,100869.51912955841,0.0
2014-07-31,SMCI,True,Completed,0,39572,2.534,100275.44799999999,0.0
2014-07-31,SWKS,True,Completed,0,2710,37.1337986115,100632.59423716499,0.0
2014-07-31,TDG,False,Completed,0,-970,104.9134152569,100152.87659561301,0.0
2014-07-31,VLO,True,Completed,0,3115,32.2302349588,100397.18189666199,0.0
2014-08-31,CL,True,Completed,0,2075,47.9191958979,99432.3314881425,0.0
2014-08-31,LMT,False,Completed,0,-1064,120.4596737195,100074.47231247759,0.0
2014-08-31,LUV,True,Completed,0,4037,24.7051744507,99734.7892574759,0.0
2014-08-31,NXPI,True,Completed,0,1813,55.345482574,100341.35990666201,0.0
2014-08-31,SMCI,False,Completed,0,-39572,2.628,100275.44799999999,0.0
2014-08-31,SWKS,False,Completed,0,-2710,39.5062139236,100632.59423716499,0.0
2014-08-31,UPS,True,Completed,0,1595,62.4057537951,99537.1773031845,0.0
2014-08-31,VLO,False,Completed,0,-3115,32.4993542169,100397.18189666199,0.0
2014-09-30,BLDR,True,Completed,0,14492,6.91,100139.72,0.0
2014-09-30,CL,False,Completed,0,-2075,48.9678557511,99432.3314881425,0.0
2014-09-30,CLX,False,Completed,0,-1583,62.9668136321,99786.2076276362,0.0
2014-09-30,DECK,True,Completed,0,6504,15.436666666700003,100400.08000021681,0.0
2014-09-30,FSLR,True,Completed,0,1435,69.71,100033.84999999999,0.0
2014-09-30,LMT,True,Completed,0,789,127.51005072240001,100605.4300199736,0.0
2014-09-30,LUV,False,Completed,0,-4037,28.1491818428,99734.7892574759,0.0
2014-09-30,NXPI,False,Completed,0,-1813,61.9175927789,100341.35990666201,0.0
2014-09-30,UPS,False,Completed,0,-1595,63.46503098830001,99537.1773031845,0.0
2014-09-30,URI,True,Completed,0,881,114.2063749088,100615.8162946528,0.0
2014-10-31,BLDR,False,Completed,0,-14492,5.459999999999999,100139.72,0.0
2014-10-31,CL,True,Completed,0,2017,49.5605765376,99963.6828763392,0.0
2014-10-31,CLX,True,Completed,0,1465,68.1874123935,99894.5591564775,0.0
2014-10-31,DECK,False,Completed,0,-6504,16.2366666667,100400.08000021681,0.0
2014-10-31,FSLR,False,Completed,0,-1435,65.82,100033.84999999999,0.0
2014-10-31,GILD,True,Completed,0,1360,73.8943735192,100496.347986112,0.0
2014-10-31,HPQ,True,Completed,0,8488,11.7534169459,99763.0030367992,0.0
2014-10-31,LMT,False,Completed,0,-789,131.8856097314,100605.4300199736,0.0
2014-10-31,LUV,True,Completed,0,3374,28.930128595899998,97610.2538825666,0.0
2014-10-31,MO,False,Completed,0,-5049,21.9741873813,99828.5092475418,0.0
2014-10-31,MU,False,Completed,0,-3112,33.3979586626,100869.51912955841,0.0
2014-10-31,PHM,True,Completed,0,6552,15.2620674569,99997.0659776088,0.0
2014-10-31,STZ,True,Completed,0,1358,73.2093558415,99418.305232757,0.0
2014-10-31,URI,False,Completed,0,-881,106.9461469387,100615.8162946528,0.0
2014-11-30,CL,False,Completed,0,-2017,51.0488603074,99963.6828763392,0.0
2014-11-30,HPQ,False,Completed,0,-8488,11.9659681424,99763.0030367992,0.0
2014-11-30,MAS,True,Completed,0,6117,16.3675839555,100120.5110557935,0.0
2014-11-30,MO,True,Completed,0,4328,23.078153733,99882.249356424,0.0
2014-11-30,MU,True,Completed,0,3099,32.3643284091,100297.05373980089,0.0
2014-11-30,NXPI,True,Completed,0,1646,60.5288696266,99630.5194053836,0.0
2014-11-30,PHM,False,Completed,0,-6552,16.6188877234,99997.0659776088,0.0
2014-11-30,STZ,False,Completed,0,-1358,77.3995059104,99418.305232757,0.0
2014-12-31,GILD,False,Completed,0,-1360,69.0666169915,100496.347986112,0.0
2014-12-31,IRM,True,Completed,0,4985,19.9881561276,99640.958296086,0.0
2014-12-31,MU,False,Completed,0,-3099,35.0849212462,100297.05373980089,0.0
2014-12-31,NXPI,False,Completed,0,-1646,68.6666103918,99630.5194053836,0.0
2014-12-31,SMCI,True,Completed,0,30048,3.312,99518.976,0.0
2014-12-31,VZ,True,Completed,0,3614,27.712074559,100151.437456226,0.0
2015-01-31,CLX,False,Completed,0,-1465,74.3967651705,99894.5591564775,0.0
2015-01-31,DAL,False,Completed,0,-3477,43.4890915258,97504.3987362114,0.0
2015-01-31,EA,True,Completed,0,2191,45.7921847459,100330.6767782669,0.0
2015-01-31,EW,True,Completed,0,4710,21.365,100629.15,0.0
2015-01-31,IRM,False,Completed,0,-4985,20.8130984987,99640.958296086,0.0
2015-01-31,LMT,True,Completed,0,707,140.9668197257,99663.5415460699,0.0
2015-01-31,LUV,False,Completed,0,-3374,37.5143017176,97610.2538825666,0.0
2015-01-31,MAS,False,Completed,0,-6117,18.8042061824,100120.5110557935,0.0
2015-01-31,NXPI,True,Completed,0,1479,67.7201557593,100158.1103680047,0.0
2015-01-31,STX,True,Completed,0,2509,39.9559950406,100249.5915568654,0.0
2015-01-31,SWKS,True,Completed,0,1743,58.0603100574,101199.1204300482,0.0
2015-01-31,VZ,False,Completed,0,-3614,25.6998323653,100151.437456226,0.0
2015-02-28,CLX,True,Completed,0,1300,76.8296164148,99878.50133924,0.0
2015-02-28,EA,False,Completed,0,-2191,53.399956062,100330.6767782669,0.0
2015-02-28,GILD,True,Completed,0,1381,73.279680628,101199.238947268,0.0
2015-02-28,KR,True,Completed,0,3617,27.627068261899996,99927.1059032923,0.0
2015-02-28,LMT,False,Completed,0,-707,138.2590239694,99663.5415460699,0.0
2015-02-28,MAS,True,Completed,0,5416,18.6270760918,100884.24411318879,0.0
2015-02-28,NXPI,False,Completed,0,-1479,70.7010455831,100158.1103680047,0.0
2015-02-28,RCL,True,Completed,0,1522,65.1272310734,99123.64569371479,0.0
2015-02-28,RMD,True,Completed,0,1847,53.9416169827,99630.1665670469,0.0
2015-02-28,SMCI,False,Completed,0,-30048,3.7,99518.976,0.0
2015-02-28,STX,False,Completed,0,-2509,33.8670058459,100249.5915568654,0.0
2015-02-28,SWKS,False,Completed,0,-1743,65.5308417998,101199.1204300482,0.0
2015-02-28,TPL,False,Completed,0,-11862,11.7004366235,100255.343548293,0.0
2015-02-28,TRGP,True,Completed,0,1955,51.3965300099,100480.21616935449,0.0
2015-03-31,AAPL,True,Completed,0,3504,28.712874860800003,100609.9135122432,0.0
2015-03-31,EA,True,Completed,0,1802,55.4862709,99986.2601618,0.0
2015-03-31,GILD,False,Completed,0,-1381,72.0364815222,101199.238947268,0.0
2015-03-31,KR,False,Completed,0,-3617,28.5050893641,99927.1059032923,0.0
2015-03-31,LUV,True,Completed,0,2631,38.3403369393,100873.4264872983,0.0
2015-03-31,MNST,True,Completed,0,4251,23.69664297,100734.42926547,0.0
2015-03-31,RCL,False,Completed,0,-1522,66.686541668,99123.64569371479,0.0
2015-03-31,RMD,False,Completed,0,-1847,56.0490473147,99630.1665670469,0.0
2015-03-31,STX,True,Completed,0,2705,37.0142470067,100123.5381531235,0.0
2015-03-31,TRGP,False,Completed,0,-1955,58.491594583399994,100480.21616935449,0.0
2015-04-30,AAPL,False,Completed,0,-3504,27.728750794,100609.9135122432,0.0
2015-04-30,BBY,True,Completed,0,3953,25.1892807719,99573.2268913207,0.0
2015-04-30,CL,True,Completed,0,1877,53.2690381652,99985.98463608041,0.0
2015-04-30,EA,False,Completed,0,-1802,57.1941379302,99986.2601618,0.0
2015-04-30,GILD,True,Completed,0,1475,67.7957912389,99998.7920773775,0.0
2015-04-30,LUV,False,Completed,0,-2631,38.7798493104,100873.4264872983,0.0
2015-04-30,MNST,False,Completed,0,-4251,23.11997688,100734.42926547,0.0
2015-04-30,STX,False,Completed,0,-2705,31.4751112024,100123.5381531235,0.0
2015-04-30,TPL,True,Completed,0,6883,14.491982946,99748.318617318,0.0
2015-04-30,WYNN,True,Completed,0,922,108.5607656922,100093.0259682084,0.0
2015-05-31,BBY,False,Completed,0,-3953,23.2681211701,99573.2268913207,0.0
2015-05-31,CHRW,True,Completed,0,2009,50.0245004503,100499.22140465271,0.0
2015-05-31,CL,False,Completed,0,-1877,51.9710942185,99985.98463608041,0.0
2015-05-31,CNC,True,Completed,0,3226,31.075,100247.95,0.0
2015-05-31,EA,True,Completed,0,1774,56.524576424,100274.59857617601,0.0
2015-05-31,EW,False,Completed,0,-4710,21.1866666667,100629.15,0.0
2015-05-31,GILD,False,Completed,0,-1475,71.2767487353,99998.7920773775,0.0
2015-05-31,IDXX,True,Completed,0,1595,62.5,99687.5,0.0
2015-05-31,MAS,False,Completed,0,-5416,19.7498644399,100884.24411318879,0.0
2015-05-31,UAL,True,Completed,0,1673,60.34,100948.82,0.0
2015-06-30,CHRW,False,Completed,0,-2009,47.9530285528,100499.22140465271,0.0
2015-06-30,CL,True,Completed,0,1938,51.530792142,99866.67517119601,0.0
2015-06-30,EA,False,Completed,0,-1774,61.1920993871,100274.59857617601,0.0
2015-06-30,HUM,True,Completed,0,509,194.7871364775,99146.6524670475,0.0
2015-06-30,IDXX,False,Completed,0,-1595,67.89,99687.5,0.0
2015-06-30,IT,True,Completed,0,1143,87.88,100446.84,0.0
2015-06-30,LMT,True,Completed,0,713,141.1853518561,100665.1558733993,0.0
2015-06-30,MAS,True,Completed,0,4952,20.2943282254,100497.51337218081,0.0
2015-06-30,TPL,False,Completed,0,-6883,14.9543223328,99748.318617318,0.0
2015-06-30,UAL,False,Completed,0,-1673,54.76,100948.82,0.0
2015-06-30,URI,True,Completed,0,1166,86.4670975249,100820.6357140334,0.0
2015-06-30,WYNN,False,Completed,0,-922,87.3524705787,100093.0259682084,0.0
2015-07-31,AVGO,True,Completed,0,9786,10.3324159717,101113.0226990562,0.0
2015-07-31,AXON,True,Completed,0,3002,33.5,100567.0,0.0
2015-07-31,CNC,False,Completed,0,-3226,40.655,100247.95,0.0
2015-07-31,GILD,True,Completed,0,1232,81.87270363,100867.17087216,0.0
2015-07-31,HUM,False,Completed,0,-509,175.6005033265,99146.6524670475,0.0
2015-07-31,LMT,False,Completed,0,-713,138.5997851951,100665.1558733993,0.0
2015-07-31,SWKS,True,Completed,0,1214,83.8640886127,101811.0035758178,0.0
2015-07-31,URI,False,Completed,0,-1166,84.5001831744,100820.6357140334,0.0
2015-08-31,AVGO,False,Completed,0,-9786,9.7182056926,101113.0226990562,0.0
2015-08-31,AXON,False,Completed,0,-3002,27.029999999999998,100567.0,0.0
2015-08-31,EA,True,Completed,0,1440,69.1686147211,99602.805198384,0.0
2015-08-31,EXPE,True,Completed,0,874,114.7958935322,100331.61094714279,0.0
2015-08-31,FIX,True,Completed,0,3886,25.974934552,100938.595669072,0.0
2015-08-31,GILD,False,Completed,0,-1232,82.1430478381,100867.17087216,0.0
2015-08-31,LII,True,Completed,0,960,103.9531923465,99795.06465264001,0.0
2015-08-31,MAS,False,Completed,0,-4952,22.4126612979,100497.51337218081,0.0
2015-08-31,MCO,False,Completed,0,-2381,98.9255815647,100398.20802281151,0.0
2015-08-31,SWKS,False,Completed,0,-1214,75.2957105025,101811.0035758178,0.0
2015-08-31,TPL,True,Completed,0,7625,13.0788892456,99726.53049769999,0.0
2015-08-31,UAL,True,Completed,0,1773,56.86,100812.78,0.0
2015-09-30,CI,True,Completed,0,781,125.1704674341,97758.1350660321,0.0
2015-09-30,EA,False,Completed,0,-1440,62.4827034497,99602.805198384,0.0
2015-09-30,EXPE,False,Completed,0,-874,105.04155364670001,100331.61094714279,0.0
2015-09-30,IDXX,True,Completed,0,1399,69.94,97846.06,0.0
2015-09-30,LMT,True,Completed,0,662,148.9869088719,98629.3336731978,0.0
2015-09-30,MAS,True,Completed,0,4483,21.8684995669,98036.4835584127,0.0
2015-09-30,TPL,False,Completed,0,-7625,11.4983103444,99726.53049769999,0.0
2015-09-30,UAL,False,Completed,0,-1773,56.01,100812.78,0.0
2015-10-31,CI,False,Completed,0,-781,122.3444772074,97758.1350660321,0.0
2015-10-31,CL,False,Completed,0,-1938,49.3917939966,99866.67517119601,0.0
2015-10-31,CNC,True,Completed,0,3687,27.035,99678.045,0.0
2015-10-31,EA,True,Completed,0,1521,66.0245867792,100423.3964911632,0.0
2015-10-31,GILD,True,Completed,0,1467,68.5755752755,100600.3689291585,0.0
2015-10-31,IT,False,Completed,0,-1143,83.77,100446.84,0.0
2015-10-31,LMT,False,Completed,0,-662,154.856613277,98629.3336731978,0.0
2015-10-31,UAL,True,Completed,0,1885,52.95,99810.75,0.0
2015-11-30,CL,True,Completed,0,1929,52.1648649915,100626.02456860349,0.0
2015-11-30,CNC,False,Completed,0,-3687,29.75,99678.045,0.0
2015-11-30,EA,False,Completed,0,-1521,70.4495149937,100423.3964911632,0.0
2015-11-30,EXPE,True,Completed,0,777,128.5991874758,99921.5686686966,0.0
2015-11-30,FIX,False,Completed,0,-3886,30.0374483468,100938.595669072,0.0
2015-11-30,GILD,False,Completed,0,-1467,75.687838106,100600.3689291585,0.0
2015-11-30,IT,True,Completed,0,1102,90.61,99852.22,0.0
2015-11-30,MAS,False,Completed,0,-4483,24.7874618692,98036.4835584127,0.0
2015-11-30,NXPI,True,Completed,0,1442,68.6754557622,99030.00720909241,0.0
2015-11-30,VRSK,True,Completed,0,1465,68.1627528996,99858.43299791399,0.0
2015-12-31,EXPE,False,Completed,0,-777,117.39760612649998,99921.5686686966,0.0
2015-12-31,GPN,True,Completed,0,1490,67.3125794977,100295.743451573,0.0
2015-12-31,IT,False,Completed,0,-1102,93.77,99852.22,0.0
2015-12-31,LUV,True,Completed,0,2467,40.6340678283,100244.24533241609,0.0
2015-12-31,NI,True,Completed,0,7257,13.808236151,100206.369747807,0.0
2015-12-31,NXPI,False,Completed,0,-1442,82.0142743209,99030.00720909241,0.0
2015-12-31,UPS,True,Completed,0,1442,69.6369832982,100416.5299160044,0.0
2015-12-31,VRSK,False,Completed,0,-1465,71.7944140456,99858.43299791399,0.0
2016-01-31,GPN,False,Completed,0,-1490,60.15227133669999,100295.743451573,0.0
2016-01-31,LULU,True,Completed,0,1905,53.71,102317.55,0.0
2016-01-31,LUV,False,Completed,0,-2467,36.8970040892,100244.24533241609,0.0
2016-01-31,MAS,True,Completed,0,4141,23.7464737976,98334.1479958616,0.0
2016-01-31,NI,False,Completed,0,-7257,13.9374864114,100206.369747807,0.0
2016-01-31,TPL,True,Completed,0,7616,12.6366079668,96240.4062751488,0.0
2016-02-29,BA,True,Completed,0,928,107.2357342032,99514.7613405696,0.0
2016-02-29,EXPE,True,Completed,0,1046,94.7581934857,99117.0703860422,0.0
2016-02-29,GPN,True,Completed,0,1791,55.3882038698,99200.27313081181,0.0
2016-02-29,LDOS,True,Completed,0,3475,28.6434989619,99536.1588926025,0.0
2016-02-29,LMT,True,Completed,0,626,158.2181012944,99044.5314102944,0.0
2016-02-29,LULU,False,Completed,0,-1905,61.25,102317.55,0.0
2016-02-29,MAS,False,Completed,0,-4141,22.4588994249,98334.1479958616,0.0
2016-02-29,TPL,False,Completed,0,-7616,12.035877664699997,96240.4062751488,0.0
2016-02-29,UAL,False,Completed,0,-1885,47.71,99810.75,0.0
2016-02-29,UPS,False,Completed,0,-1442,61.9503957352,100416.5299160044,0.0
2016-03-31,BA,False,Completed,0,-928,107.67029153,99514.7613405696,0.0
2016-03-31,DAL,True,Completed,0,2349,42.9964735779,100998.7164344871,0.0
2016-03-31,EXPE,False,Completed,0,-1046,99.3560850625,99117.0703860422,0.0
2016-03-31,GPN,False,Completed,0,-1791,58.0508233373,99200.27313081181,0.0
2016-03-31,HRL,True,Completed,0,3069,32.8111189979,100697.32420455512,0.0
2016-03-31,IDXX,False,Completed,0,-1399,73.42,97846.06,0.0
2016-03-31,KMB,True,Completed,0,1091,92.0705203456,100448.93769704961,0.0
2016-03-31,LDOS,False,Completed,0,-3475,27.2334726571,99536.1588926025,0.0
2016-03-31,LMT,False,Completed,0,-626,165.0040013086,99044.5314102944,0.0
2016-03-31,MAS,True,Completed,0,4141,24.3511665896,100838.18084753359,0.0
2016-03-31,UPS,True,Completed,0,1526,66.1031452733,100873.3996870558,0.0
2016-03-31,VZ,True,Completed,0,3395,29.601135856,100495.85623112,0.0
2016-04-30,DAL,False,Completed,0,-2349,41.9111942325,100998.7164344871,0.0
2016-04-30,HRL,False,Completed,0,-3069,33.0026832143,100697.32420455512,0.0
2016-04-30,KLAC,True,Completed,0,1629,61.2969276632,99852.69516335281,0.0
2016-04-30,TSN,True,Completed,0,1935,51.6066831181,99858.9318335235,0.0
2016-05-31,CHRW,True,Completed,0,1779,56.4448573523,100415.40122974169,0.0
2016-05-31,COHR,True,Completed,0,4791,20.88,100036.08,0.0
2016-05-31,FIX,True,Completed,0,3618,27.8123830479,100625.2018673022,0.0
2016-05-31,MAS,False,Completed,0,-4141,26.4164990042,100838.18084753359,0.0
2016-05-31,TSN,False,Completed,0,-1935,51.1340092938,99858.9318335235,0.0
2016-05-31,VZ,False,Completed,0,-3395,30.0485602216,100495.85623112,0.0
2016-06-30,CHRW,False,Completed,0,-1779,59.3924679041,100415.40122974169,0.0
2016-06-30,COHR,False,Completed,0,-4791,20.31,100036.08,0.0
2016-06-30,EW,True,Completed,0,3045,32.8466666667,100018.1000001015,0.0
2016-06-30,KLAC,False,Completed,0,-1629,61.8364984882,99852.69516335281,0.0
2016-06-30,MSI,True,Completed,0,1682,59.2074728336,99586.9693061152,0.0
2016-06-30,SPGI,True,Completed,0,980,101.2807481127,99255.133150446,0.0
2016-07-31,CHTR,True,Completed,0,437,228.68,99933.16,0.0
2016-07-31,EW,False,Completed,0,-3045,33.2766666667,100018.1000001015,0.0
2016-07-31,FIX,False,Completed,0,-3618,30.532918316,100625.2018673022,0.0
2016-07-31,HSY,True,Completed,0,1120,88.1845114168,98766.652786816,0.0
2016-07-31,KLAC,True,Completed,0,1607,61.9808374247,99603.2057414929,0.0
2016-07-31,SPGI,False,Completed,0,-980,97.7137536511,99255.133150446,0.0
2016-08-31,CL,False,Completed,0,-1929,59.1384092535,100626.02456860349,0.0
2016-08-31,HSY,False,Completed,0,-1120,85.8717329728,98766.652786816,0.0
2016-08-31,MCD,True,Completed,0,1081,92.6276468523,100130.4862473363,0.0
2016-08-31,MSI,False,Completed,0,-1682,59.9074187468,99586.9693061152,0.0
2016-08-31,SPGI,True,Completed,0,897,111.4891031062,100005.7254862614,0.0
2016-08-31,TAP,True,Completed,0,1267,78.8693027594,99927.4065961598,0.0
2016-09-30,CHTR,False,Completed,0,-437,267.0,99933.16,0.0
2016-09-30,HSY,True,Completed,0,1265,79.1433887872,100116.386815808,0.0
2016-09-30,KLAC,False,Completed,0,-1607,59.5150106828,99603.2057414929,0.0
2016-09-30,LMT,True,Completed,0,532,187.7809102054,99899.4442292728,0.0
2016-09-30,MCD,False,Completed,0,-1081,91.4656030427,100130.4862473363,0.0
2016-09-30,TAP,False,Completed,0,-1267,79.1279902443,99927.4065961598,0.0
2016-09-30,ULTA,True,Completed,0,404,246.67,99654.68,0.0
2016-09-30,YUM,True,Completed,0,1844,54.1456849771,99844.6430977724,0.0
2016-10-31,AMAT,True,Completed,0,3686,27.1561651059,100097.6245803474,0.0
2016-10-31,HSY,False,Completed,0,-1265,75.3784224607,100116.386815808,0.0
2016-10-31,KLAC,True,Completed,0,1676,59.8486917375,100306.40735205,0.0
2016-10-31,LMT,False,Completed,0,-532,184.3671331186,99899.4442292728,0.0
2016-10-31,PAYX,True,Completed,0,2333,42.5675065677,99309.9928224441,0.0
2016-10-31,ULTA,False,Completed,0,-404,236.81,99654.68,0.0
2016-11-30,EW,True,Completed,0,3150,31.833333333300004,100274.99999989501,0.0
2016-11-30,GEN,True,Completed,0,8138,12.336787136,100396.773712768,0.0
2016-11-30,GRMN,True,Completed,0,2640,37.9766817198,100258.43974027199,0.0
2016-11-30,KLAC,False,Completed,0,-1676,64.2036572978,100306.40735205,0.0
2016-11-30,KMB,False,Completed,0,-1091,82.0717108785,100448.93769704961,0.0
2016-11-30,MO,False,Completed,0,-4328,34.221870448,99882.249356424,0.0
2016-11-30,NVDA,True,Completed,0,57147,1.7562399005,100363.8415938735,0.0
2016-11-30,PAYX,False,Completed,0,-2333,41.3251568938,99309.9928224441,0.0
2016-11-30,TPL,True,Completed,0,3750,26.8768759006,100788.28462725,0.0
2016-11-30,YUM,False,Completed,0,-1844,52.3458232363,99844.6430977724,0.0
2016-12-31,AMAT,False,Completed,0,-3686,29.0111021948,100097.6245803474,0.0
2016-12-31,BBY,True,Completed,0,3078,32.3753207191,99651.2371733898,0.0
2016-12-31,CLX,False,Completed,0,-1300,86.7622203161,99878.50133924,0.0
2016-12-31,DECK,True,Completed,0,10087,10.0583333333,101458.4083329971,0.0
2016-12-31,EW,False,Completed,0,-3150,27.6,100274.99999989501,0.0
2016-12-31,GRMN,False,Completed,0,-2640,40.8353100613,100258.43974027199,0.0
2016-12-31,LMT,True,Completed,0,484,206.2950072694,99846.7835183896,0.0
2016-12-31,OKE,True,Completed,0,3264,31.1707485368,101741.3232241152,0.0
2017-01-31,ALB,True,Completed,0,1316,76.9323557507,101242.9801679212,0.0
2017-01-31,DECK,False,Completed,0,-10087,9.3816666667,101458.4083329971,0.0
2017-01-31,GEN,False,Completed,0,-8138,11.7895827336,100396.773712768,0.0
2017-01-31,GRMN,True,Completed,0,2606,38.3984237492,100066.2922904152,0.0
2017-01-31,LMT,False,Completed,0,-484,195.3383309814,99846.7835183896,0.0
2017-01-31,NDSN,True,Completed,0,983,102.978385746,101227.753188318,0.0
2017-01-31,RF,True,Completed,0,10040,10.0980393055,101384.31462722001,0.0
2017-01-31,SPGI,False,Completed,0,-897,99.4911663953,100005.7254862614,0.0
2017-01-31,STLD,True,Completed,0,3380,29.8821646972,101001.716676536,0.0
2017-01-31,UPS,False,Completed,0,-1526,80.0881817153,100873.3996870558,0.0
2017-02-28,ALB,False,Completed,0,-1316,82.264213797,101242.9801679212,0.0
2017-02-28,APO,True,Completed,0,6779,14.7848014901,100226.1693013879,0.0
2017-02-28,BLDR,True,Completed,0,9293,10.92,101479.56,0.0
2017-02-28,CLX,True,Completed,0,1098,90.7570717617,99651.2647943466,0.0
2017-02-28,GRMN,False,Completed,0,-2606,38.311388377,100066.2922904152,0.0
2017-02-28,KMB,True,Completed,0,1140,87.2265734943,99438.293783502,0.0
2017-02-28,NDSN,False,Completed,0,-983,104.3844507381,101227.753188318,0.0
2017-02-28,NVDA,False,Completed,0,-57147,2.7232475783,100363.8415938735,0.0
2017-02-28,PKG,True,Completed,0,1419,70.2777933336,99724.1887403784,0.0
2017-02-28,RF,False,Completed,0,-10040,10.0911038389,101384.31462722001,0.0
2017-02-28,SPGI,True,Completed,0,906,110.7425426521,100332.7436428026,0.0
2017-02-28,STLD,False,Completed,0,-3380,28.4603922533,101001.716676536,0.0
2017-03-31,APO,False,Completed,0,-6779,16.3171806349,100226.1693013879,0.0
2017-03-31,BA,True,Completed,0,593,169.9805510104,100798.4667491672,0.0
2017-03-31,BAC,True,Completed,0,4995,20.6394432222,103094.018894889,0.0
2017-03-31,BBY,False,Completed,0,-3078,30.423467335,99651.2371733898,0.0
2017-03-31,BLDR,False,Completed,0,-9293,13.99,101479.56,0.0
2017-03-31,CLX,False,Completed,0,-1098,103.5088803234,99651.2647943466,0.0
2017-03-31,MO,True,Completed,0,2558,39.1176851559,100063.0386287922,0.0
2017-03-31,MS,True,Completed,0,2850,36.0705042356,102800.93707146,0.0
2017-03-31,NVDA,True,Completed,0,39963,2.5592614296,102275.76451110479,0.0
2017-03-31,PKG,False,Completed,0,-1419,71.3323040958,99724.1887403784,0.0
2017-04-30,BAC,False,Completed,0,-4995,19.240158936,103094.018894889,0.0
2017-04-30,CLX,True,Completed,0,977,102.5075485386,100149.8749222122,0.0
2017-04-30,COHR,True,Completed,0,2773,36.05,99966.65,0.0
2017-04-30,FFIV,True,Completed,0,701,142.73,100053.73,0.0
2017-04-30,MCD,True,Completed,0,959,104.1071508039,99838.7576209401,0.0
2017-04-30,MS,False,Completed,0,-2850,32.8898463541,102800.93707146,0.0
2017-04-30,NVDA,False,Completed,0,-39963,2.686497088,102275.76451110479,0.0
2017-04-30,OKE,False,Completed,0,-3264,31.3279918635,101741.3232241152,0.0
2017-05-31,COHR,False,Completed,0,-2773,33.3,99966.65,0.0
2017-05-31,FFIV,False,Completed,0,-701,128.91,100053.73,0.0
2017-05-31,LMT,True,Completed,0,474,211.0239396919,100025.34741396061,0.0
2017-05-31,STX,True,Completed,0,3427,29.139790862,99862.063284074,0.0
2017-06-30,CLX,False,Completed,0,-977,103.6336238628,100149.8749222122,0.0
2017-06-30,IT,True,Completed,0,836,119.6,99985.59999999999,0.0
2017-06-30,MCD,False,Completed,0,-959,121.9702742463,99838.7576209401,0.0
2017-06-30,MO,False,Completed,0,-2558,39.4857001607,100063.0386287922,0.0
2017-06-30,OKE,True,Completed,0,3528,28.445283674399995,100354.96080328319,0.0
2017-06-30,WYNN,True,Completed,0,860,119.0767357613,102405.992754718,0.0
2017-07-31,CLX,True,Completed,0,983,101.4893746686,99764.05529923379,0.0
2017-07-31,IT,False,Completed,0,-836,124.24,99985.59999999999,0.0
2017-07-31,MO,True,Completed,0,2532,39.610892496,100294.77979987199,0.0
2017-07-31,NVDA,True,Completed,0,28025,3.580335384,100338.8991366,0.0
2017-07-31,OKE,False,Completed,0,-3528,29.7859659174,100354.96080328319,0.0
2017-07-31,TPL,False,Completed,0,-3750,29.5114344944,100788.28462725,0.0
2017-08-31,CLX,False,Completed,0,-983,102.690746292,99764.05529923379,0.0
2017-08-31,COHR,True,Completed,0,2624,38.45,100892.8,0.0
2017-08-31,MO,False,Completed,0,-2532,34.5687349851,100294.77979987199,0.0
2017-08-31,NVDA,False,Completed,0,-28025,4.0018054059,100338.8991366,0.0
2017-08-31,STX,False,Completed,0,-3427,23.23134147,99862.063284074,0.0
2017-08-31,TER,True,Completed,0,3027,33.2561249718,100666.2902896386,0.0
2017-08-31,UPS,True,Completed,0,1287,78.0274252686,100421.2963206882,0.0
2017-08-31,WDC,True,Completed,0,1719,58.2576870662,100144.9640667978,0.0
2017-09-30,BBY,True,Completed,0,2543,39.4459056031,100310.9379486833,0.0
2017-09-30,COHR,False,Completed,0,-2624,36.0,100892.8,0.0
2017-09-30,NVDA,True,Completed,0,23889,4.1985664561,100299.5540697729,0.0
2017-09-30,NVR,True,Completed,0,36,2715.2,97747.2,0.0
2017-09-30,TER,False,Completed,0,-3027,34.0581676068,100666.2902896386,0.0
2017-09-30,WDC,False,Completed,0,-1719,60.5664100383,100144.9640667978,0.0
2017-10-31,APO,True,Completed,0,4523,22.048496395,99725.349194585,0.0
2017-10-31,BBY,False,Completed,0,-2543,41.6258477516,100310.9379486833,0.0
2017-10-31,CLX,True,Completed,0,987,101.3391480758,100021.7391508146,0.0
2017-10-31,HD,True,Completed,0,751,133.5847874268,100322.17535752681,0.0
2017-10-31,NVDA,False,Completed,0,-23889,4.4666126229,100299.5540697729,0.0
2017-10-31,NVR,False,Completed,0,-36,2862.0,97747.2,0.0
2017-11-30,APO,False,Completed,0,-4523,24.2959447284,99725.349194585,0.0
2017-11-30,BA,False,Completed,0,-593,244.7773303036,100798.4667491672,0.0
2017-11-30,MCK,True,Completed,0,775,129.7341799633,100543.98947155749,0.0
2017-11-30,MU,True,Completed,0,2314,43.6757538248,101065.69435058719,0.0
2017-12-31,AMAT,True,Completed,0,2080,47.3621836706,98513.342034848,0.0
2017-12-31,APTV,True,Completed,0,1406,70.7430297237,99464.6997915222,0.0
2017-12-31,CLX,False,Completed,0,-987,107.6823162675,100021.7391508146,0.0
2017-12-31,KMB,False,Completed,0,-1140,88.5571338082,99438.293783502,0.0
2017-12-31,LRCX,True,Completed,0,5841,16.9109644682,98776.9434587562,0.0
2017-12-31,MCK,False,Completed,0,-775,137.7721173746,100543.98947155749,0.0
2017-12-31,NVDA,True,Completed,0,20153,4.9273333087,99300.5481702311,0.0
2017-12-31,UPS,False,Completed,0,-1287,87.11343199,100421.2963206882,0.0
2018-01-31,ALLE,True,Completed,0,1400,71.8756469258,100625.90569612,0.0
2018-01-31,AMAT,False,Completed,0,-2080,47.0707240788,98513.342034848,0.0
2018-01-31,APO,True,Completed,0,4015,25.03673576,100522.49407639999,0.0
2018-01-31,APTV,False,Completed,0,-1406,82.9828191963,99464.6997915222,0.0
2018-01-31,CLX,True,Completed,0,869,115.0183190053,99950.9192156057,0.0
2018-01-31,KMB,True,Completed,0,1110,90.1775994156,100097.135351316,0.0
2018-01-31,LII,False,Completed,0,-960,189.8723548244,99795.06465264001,0.0
2018-01-31,LRCX,False,Completed,0,-5841,16.5249312654,98776.9434587562,0.0
2018-01-31,MSCI,True,Completed,0,865,116.4167139273,100700.45754711449,0.0
2018-01-31,NVDA,False,Completed,0,-20153,4.8400647995,99300.5481702311,0.0
2018-02-28,ALLE,False,Completed,0,-1400,77.0551458987,100625.90569612,0.0
2018-02-28,BLDR,True,Completed,0,4668,21.36,99708.48,0.0
2018-02-28,LII,True,Completed,0,506,196.9503133523,99656.85855626379,0.0
2018-02-28,LMT,False,Completed,0,-474,282.5619058379,100025.34741396061,0.0
2018-02-28,MSCI,False,Completed,0,-865,131.2438446165,100700.45754711449,0.0
2018-02-28,MU,False,Completed,0,-2314,41.9692887837,101065.69435058719,0.0
2018-02-28,NVR,True,Completed,0,31,3110.05,96411.55,0.0
2018-02-28,UPS,True,Completed,0,1098,85.2052125839,93555.32341712221,0.0
2018-03-31,ABBV,True,Completed,0,1226,81.5767293123,100013.0701368798,0.0
2018-03-31,BLDR,False,Completed,0,-4668,20.98,99708.48,0.0
2018-03-31,CLX,False,Completed,0,-869,100.36601402089998,99950.9192156057,0.0
2018-03-31,HLT,True,Completed,0,1274,78.3492322888,99816.9219359312,0.0
2018-03-31,KMB,False,Completed,0,-1110,82.8550081544,100097.135351316,0.0
2018-03-31,ORLY,True,Completed,0,6142,16.242,99758.364,0.0
2018-03-31,TPL,True,Completed,0,1837,55.1705228721,101348.2505160477,0.0
2018-03-31,UPS,False,Completed,0,-1098,75.655313595,93555.32341712221,0.0
2018-04-30,ALGN,True,Completed,0,398,251.0,99898.0,0.0
2018-04-30,APO,False,Completed,0,-4015,22.3801366753,100522.49407639999,0.0
2018-04-30,HD,False,Completed,0,-751,145.6793201181,100322.17535752681,0.0
2018-04-30,HLT,False,Completed,0,-1274,76.6072732055,99816.9219359312,0.0
2018-04-30,LII,False,Completed,0,-506,185.2947480424,99656.85855626379,0.0
2018-04-30,LRCX,True,Completed,0,5501,18.0265437564,99164.01720395639,0.0
2018-04-30,MSCI,True,Completed,0,730,136.8435111543,99895.76314263899,0.0
2018-04-30,MU,True,Completed,0,1966,50.2578332693,98806.9002074438,0.0
2018-04-30,NVDA,True,Completed,0,17455,5.6584034443,98767.4321202565,0.0
2018-04-30,NVR,False,Completed,0,-31,2930.0,96411.55,0.0
2018-04-30,ON,True,Completed,0,4088,24.33,99461.04,0.0
2018-04-30,ORLY,False,Completed,0,-6142,16.3653333333,99758.364,0.0
2018-05-31,ABBV,False,Completed,0,-1226,72.606177087,100013.0701368798,0.0
2018-05-31,ALGN,False,Completed,0,-398,249.21,99898.0,0.0
2018-05-31,ALLE,True,Completed,0,1439,69.4968465192,100005.96214112881,0.0
2018-05-31,BA,True,Completed,0,313,318.4515744721,99675.3428097673,0.0
2018-05-31,EME,True,Completed,0,1400,71.4852338891,100079.32744474,0.0
2018-05-31,ITW,True,Completed,0,855,116.1696865244,99325.08197836201,0.0
2018-05-31,LMT,True,Completed,0,388,257.0771705334,99745.94216695921,0.0
2018-05-31,LRCX,False,Completed,0,-5501,16.4743052623,99164.01720395639,0.0
2018-05-31,MGM,True,Completed,0,3314,30.257637069,100273.809246666,0.0
2018-05-31,MSCI,False,Completed,0,-730,136.9625055118,99895.76314263899,0.0
2018-05-31,MU,False,Completed,0,-1966,44.4558521293,98806.9002074438,0.0
2018-05-31,NVDA,False,Completed,0,-17455,5.5552490229,98767.4321202565,0.0
2018-05-31,ODFL,True,Completed,0,2322,43.0426823296,99945.1083693312,0.0
2018-05-31,ON,False,Completed,0,-4088,22.0,99461.04,0.0
2018-06-30,ALLE,False,Completed,0,-1439,69.3798636104,100005.96214112881,0.0
2018-06-30,EME,False,Completed,0,-1400,74.28990842,100079.32744474,0.0
2018-06-30,GWW,True,Completed,0,359,278.9238544252,100133.66373864679,0.0
2018-06-30,HD,True,Completed,0,648,154.7997260022,100310.22244942561,0.0
2018-06-30,IBKR,True,Completed,0,5775,17.4867001114,100985.69314333501,0.0
2018-06-30,ITW,False,Completed,0,-855,119.4389404799,99325.08197836201,0.0
2018-06-30,LULU,True,Completed,0,951,113.95,108366.45,0.0
2018-06-30,LYB,True,Completed,0,1726,59.107998117,102020.404749942,0.0
2018-06-30,MGM,False,Completed,0,-3314,30.1616115626,100273.809246666,0.0
2018-06-30,ODFL,False,Completed,0,-2322,50.680635896,99945.1083693312,0.0
2018-06-30,UPS,True,Completed,0,1185,84.77369041,100456.82313585,0.0
2018-06-30,WYNN,False,Completed,0,-860,176.8374960175,102405.992754718,0.0
2018-07-31,CPRT,True,Completed,0,7072,14.1425,100015.76,0.0
2018-07-31,GWW,False,Completed,0,-359,276.5110338905,100133.66373864679,0.0
2018-07-31,IBKR,False,Completed,0,-5775,15.1979646682,100985.69314333501,0.0
2018-07-31,LULU,False,Completed,0,-951,124.99,108366.45,0.0
2018-07-31,LYB,False,Completed,0,-1726,56.7797051063,102020.404749942,0.0
2018-07-31,MU,True,Completed,0,1955,50.2383308117,98215.93673687351,0.0
2018-07-31,ON,True,Completed,0,4497,22.02,99023.94,0.0
2018-07-31,ORLY,True,Completed,0,5483,18.1633333333,99589.5566664839,0.0
2018-08-31,ALGN,True,Completed,0,280,356.65,99862.0,0.0
2018-08-31,CPRT,False,Completed,0,-7072,13.99,100015.76,0.0
2018-08-31,DECK,True,Completed,0,5317,18.8,99959.6,0.0
2018-08-31,GWW,True,Completed,0,320,311.5599530757,99699.18498422399,0.0
2018-08-31,INTC,True,Completed,0,2445,40.8554363442,99891.541861569,0.0
2018-08-31,LMT,False,Completed,0,-388,262.8287087896,99745.94216695921,0.0
2018-08-31,LULU,True,Completed,0,833,120.18,100109.94,0.0
2018-08-31,MU,False,Completed,0,-1955,51.3499708956,98215.93673687351,0.0
2018-08-31,ON,False,Completed,0,-4497,22.0,99023.94,0.0
2018-08-31,ORLY,False,Completed,0,-5483,20.1773333333,99589.5566664839,0.0
2018-08-31,STX,True,Completed,0,2557,39.1051595122,99991.89287269539,0.0
2018-08-31,UPS,False,Completed,0,-1185,87.0984466814,100456.82313585,0.0
2018-09-30,ALGN,False,Completed,0,-280,386.64,99862.0,0.0
2018-09-30,BBY,True,Completed,0,1693,59.019222859699994,99919.5443014721,0.0
2018-09-30,DECK,False,Completed,0,-5317,20.4766666667,99959.6,0.0
2018-09-30,INTC,False,Completed,0,-2445,41.377734438,99891.541861569,0.0
2018-09-30,KMB,True,Completed,0,1138,87.5030856447,99578.51146366859,0.0
2018-09-30,ORLY,True,Completed,0,4472,22.368,100029.696,0.0
2018-09-30,SPGI,False,Completed,0,-906,194.0247469424,100332.7436428026,0.0
2018-09-30,UPS,True,Completed,0,1111,90.6036472171,100660.6520581981,0.0
2018-10-31,BBY,False,Completed,0,-1693,59.4087586658,99919.5443014721,0.0
2018-10-31,CAG,True,Completed,0,4102,24.4098035535,100129.014176457,0.0
2018-10-31,CTAS,True,Completed,0,2194,45.8374101897,100567.2779562018,0.0
2018-10-31,DVN,True,Completed,0,3520,28.459759174299997,100178.352293536,0.0
2018-10-31,GWW,False,Completed,0,-320,322.8795335566,99699.18498422399,0.0
2018-10-31,KMB,False,Completed,0,-1138,87.2522583892,99578.51146366859,0.0
2018-10-31,POOL,True,Completed,0,658,152.2194780826,100160.4165783508,0.0
2018-10-31,SPGI,True,Completed,0,547,183.7568092066,100514.9746360102,0.0
2018-10-31,TPL,False,Completed,0,-1837,88.2473358987,101348.2505160477,0.0
2018-10-31,UPS,False,Completed,0,-1111,86.7684173002,100660.6520581981,0.0
2018-11-30,AMD,True,Completed,0,5491,18.41,101089.31,0.0
2018-11-30,AMZN,True,Completed,0,1251,81.1765,101551.8015,0.0
2018-11-30,BA,False,Completed,0,-313,345.779835299,99675.3428097673,0.0
2018-11-30,CAG,False,Completed,0,-4102,25.8039580142,100129.014176457,0.0
2018-11-30,CTAS,False,Completed,0,-2194,42.0089878702,100567.2779562018,0.0
2018-11-30,DVN,False,Completed,0,-3520,23.1333324823,100178.352293536,0.0
2018-11-30,LMT,True,Completed,0,418,240.21469337729997,100409.74183171139,0.0
2018-11-30,LULU,False,Completed,0,-833,141.66,100109.94,0.0
2018-11-30,MA,True,Completed,0,527,190.6687063345,100482.4082382815,0.0
2018-11-30,MCO,True,Completed,0,737,135.5989498053,99936.42600650611,0.0
2018-11-30,POOL,False,Completed,0,-658,133.0078408344,100160.4165783508,0.0
2018-11-30,TPL,True,Completed,0,1295,76.8342831837,99500.3967228915,0.0
2018-12-31,ABBV,True,Completed,0,1461,68.4642099894,100026.2107945134,0.0
2018-12-31,AMD,False,Completed,0,-5491,22.48,101089.31,0.0
2018-12-31,AMZN,False,Completed,0,-1251,88.473,101551.8015,0.0
2018-12-31,CME,True,Completed,0,700,142.7642311237,99934.96178659,0.0
2018-12-31,KMB,True,Completed,0,1130,88.5255660721,100033.889661473,0.0
2018-12-31,MA,False,Completed,0,-527,197.4943948513,100482.4082382815,0.0
2018-12-31,TPL,False,Completed,0,-1295,60.410696250200004,99500.3967228915,0.0
2018-12-31,UPS,True,Completed,0,1175,86.0613712538,101122.111223215,0.0
2019-01-31,AES,True,Completed,0,9100,10.8445541133,98685.44243103,0.0
2019-01-31,AMD,True,Completed,0,5417,18.01,97560.17000000001,0.0
2019-01-31,CME,False,Completed,0,-700,141.8889528325,99934.96178659,0.0
2019-01-31,NRG,True,Completed,0,3054,32.320914348,98708.07241879201,0.0
2019-01-31,STX,False,Completed,0,-2557,29.0270306605,99991.89287269539,0.0
2019-01-31,UPS,False,Completed,0,-1175,70.9331075709,101122.111223215,0.0
2019-02-28,AES,False,Completed,0,-9100,12.5670548182,98685.44243103,0.0
2019-02-28,AMD,False,Completed,0,-5417,24.61,97560.17000000001,0.0
2019-02-28,CIEN,True,Completed,0,2625,38.15,100143.75,0.0
2019-02-28,VZ,True,Completed,0,2729,36.7414892497,100267.5241624313,0.0
2019-03-31,ABBV,False,Completed,0,-1461,58.6337357804,100026.2107945134,0.0
2019-03-31,AES,True,Completed,0,7573,13.2490474273,100335.03616694291,0.0
2019-03-31,AMD,True,Completed,0,4249,23.97,101848.53,0.0
2019-03-31,CIEN,False,Completed,0,-2625,43.0,100143.75,0.0
2019-03-31,KMB,False,Completed,0,-1130,90.408464375,100033.889661473,0.0
2019-03-31,MSCI,True,Completed,0,583,173.5843631991,101199.68374507531,0.0
2019-03-31,NRG,False,Completed,0,-3054,34.5367700946,98708.07241879201,0.0
2019-03-31,OKE,True,Completed,0,2485,40.5008010429,100644.4905916065,0.0
2019-03-31,SBUX,True,Completed,0,1668,60.2595156752,100512.8721462336,0.0
2019-03-31,VZ,False,Completed,0,-2729,37.9460191454,100267.5241624313,0.0
2019-04-30,ELV,True,Completed,0,383,263.2166969674,100811.99493851421,0.0
2019-04-30,FTNT,True,Completed,0,5954,16.918,100729.772,0.0
2019-04-30,LLY,True,Completed,0,845,119.14733766019998,100679.50032286899,0.0
2019-04-30,LMT,False,Completed,0,-418,249.3224681375,100409.74183171139,0.0
2019-04-30,OKE,False,Completed,0,-2485,43.8382974801,100644.4905916065,0.0
2019-04-30,SBUX,False,Completed,0,-1668,63.7831147087,100512.8721462336,0.0
2019-05-31,AES,False,Completed,0,-7573,13.2156529838,100335.03616694291,0.0
2019-05-31,AMD,False,Completed,0,-4249,28.95,101848.53,0.0
2019-05-31,ELV,False,Completed,0,-383,238.20293632390002,100811.99493851421,0.0
2019-05-31,FIX,True,Completed,0,1926,52.2673311876,100666.8798673176,0.0
2019-05-31,FTNT,False,Completed,0,-5954,18.728,100729.772,0.0
2019-05-31,INTU,True,Completed,0,417,240.68243875819996,100364.57696216939,0.0
2019-05-31,KEYS,True,Completed,0,1149,88.0,101112.0,0.0
2019-05-31,LLY,False,Completed,0,-845,106.69570708529999,100679.50032286899,0.0
2019-05-31,LMT,True,Completed,0,364,275.4363926989,100258.84694239961,0.0
2019-05-31,MCO,False,Completed,0,-737,184.65997623119998,99936.42600650611,0.0
2019-05-31,SPGI,False,Completed,0,-547,207.8272278079,100514.9746360102,0.0
2019-05-31,TGT,True,Completed,0,1580,63.5836544364,100462.174009512,0.0
2019-05-31,TPL,True,Completed,0,1224,81.4224415551,99661.0684634424,0.0
2019-05-31,UPS,True,Completed,0,1264,78.9462418957,99788.0497561648,0.0
2019-06-30,FIX,False,Completed,0,-1926,45.2383872407,100666.8798673176,0.0
2019-06-30,GIS,True,Completed,0,2611,38.2782878108,99944.6094739988,0.0
2019-06-30,HD,False,Completed,0,-648,159.6139607463,100310.22244942561,0.0
2019-06-30,INTU,False,Completed,0,-417,233.7333517506,100364.57696216939,0.0
2019-06-30,JNJ,True,Completed,0,925,108.2838509517,100162.5621303225,0.0
2019-06-30,KEYS,False,Completed,0,-1149,75.15,101112.0,0.0
2019-06-30,LMT,False,Completed,0,-364,280.4029090311,100258.84694239961,0.0
2019-06-30,LULU,True,Completed,0,603,165.83,99995.49,0.0
2019-06-30,MSCI,False,Completed,0,-583,204.5204630795,101199.68374507531,0.0
2019-06-30,SPG,True,Completed,0,898,111.3670870276,100007.64415078479,0.0
2019-06-30,TAP,True,Completed,0,2208,45.1589520768,99710.96618557439,0.0
2019-06-30,TGT,False,Completed,0,-1580,66.463621607,100462.174009512,0.0
2019-06-30,TPL,False,Completed,0,-1224,74.8068681788,99661.0684634424,0.0
2019-06-30,TSN,True,Completed,0,1613,62.16669791470001,100274.88373641111,0.0
2019-06-30,ULTA,True,Completed,0,299,333.89,99833.11,0.0
2019-06-30,UPS,False,Completed,0,-1264,69.7732958788,99788.0497561648,0.0
2019-06-30,WSM,True,Completed,0,3943,25.1835461795,99298.7225857685,0.0
2019-06-30,ZBRA,True,Completed,0,583,171.14,99774.62,0.0
2019-07-31,CHD,True,Completed,0,1487,67.3841576499,100200.2424254013,0.0
2019-07-31,CINF,True,Completed,0,1144,88.0731615728,100755.6968392832,0.0
2019-07-31,ERIE,True,Completed,0,451,223.7061282896,100891.4638586096,0.0
2019-07-31,HSY,True,Completed,0,879,114.1974648772,100379.5716270588,0.0
2019-07-31,JNJ,False,Completed,0,-925,115.4478775927,100162.5621303225,0.0
2019-07-31,LLY,True,Completed,0,984,102.0241136246,100391.7278066064,0.0
2019-07-31,LMT,True,Completed,0,331,303.0703590542,100316.28884694021,0.0
2019-07-31,LULU,False,Completed,0,-603,182.33,99995.49,0.0
2019-07-31,MSCI,True,Completed,0,450,225.1110192233,101299.958650485,0.0
2019-07-31,PAYX,True,Completed,0,1502,67.3943031295,101226.243300509,0.0
2019-07-31,SPG,False,Completed,0,-898,110.37108211680001,100007.64415078479,0.0
2019-07-31,TAP,False,Completed,0,-2208,46.361433748,99710.96618557439,0.0
2019-07-31,TSN,False,Completed,0,-1613,66.5605081457,100274.88373641111,0.0
2019-07-31,ULTA,False,Completed,0,-299,350.55,99833.11,0.0
2019-07-31,WSM,False,Completed,0,-3943,28.7335159422,99298.7225857685,0.0
2019-07-31,ZBRA,False,Completed,0,-583,214.09,99774.62,0.0
2019-08-31,CHD,False,Completed,0,-1487,69.0862424622,100200.2424254013,0.0
2019-08-31,CINF,False,Completed,0,-1144,90.2975291855,100755.6968392832,0.0
2019-08-31,DECK,True,Completed,0,3839,26.05,100005.95,0.0
2019-08-31,GIS,False,Completed,0,-2611,41.6780191521,99944.6094739988,0.0
2019-08-31,HLT,True,Completed,0,1054,94.7244502428,99839.57055591121,0.0
2019-08-31,HSY,False,Completed,0,-879,129.2129604817,100379.5716270588,0.0
2019-08-31,LLY,False,Completed,0,-984,99.9251537809,100391.7278066064,0.0
2019-08-31,MCO,True,Completed,0,496,200.1420677875,99270.4656226,0.0
2019-08-31,PAYX,False,Completed,0,-1502,67.742577875,101226.243300509,0.0
2019-08-31,PFE,True,Completed,0,3803,26.177237798,99552.03534579401,0.0
2019-08-31,SPGI,True,Completed,0,432,238.2422301532,102920.6434261824,0.0
2019-08-31,VEEV,True,Completed,0,602,165.52,99643.04000000001,0.0
2019-09-30,DECK,False,Completed,0,-3839,24.3133333333,100005.95,0.0
2019-09-30,FICO,True,Completed,0,283,350.89,99301.87,0.0
2019-09-30,HSY,True,Completed,0,740,135.0237182424,99917.551499376,0.0
2019-09-30,MCK,True,Completed,0,756,131.5262112886,99433.8157341816,0.0
2019-09-30,MSCI,False,Completed,0,-450,217.2588870417,101299.958650485,0.0
2019-09-30,PFE,False,Completed,0,-3803,24.332326755099995,99552.03534579401,0.0
2019-09-30,SJM,True,Completed,0,1191,83.6178223456,99588.82641360961,0.0
2019-09-30,VEEV,False,Completed,0,-602,159.68,99643.04000000001,0.0
2019-10-31,FDS,True,Completed,0,441,226.9676681354,100092.7416477114,0.0
2019-10-31,FICO,False,Completed,0,-283,303.25,99301.87,0.0
2019-10-31,IDXX,True,Completed,0,367,273.4,100337.79999999999,0.0
2019-10-31,MCK,False,Completed,0,-756,131.3828220038,99433.8157341816,0.0
2019-10-31,MU,True,Completed,0,2393,42.0277961565,100572.5162025045,0.0
2019-10-31,SJM,False,Completed,0,-1191,87.798314561,99588.82641360961,0.0
2019-11-30,BLDR,True,Completed,0,4422,23.5,103917.0,0.0
2019-11-30,ERIE,False,Completed,0,-451,162.3300916054,100891.4638586096,0.0
2019-11-30,FDS,False,Completed,0,-441,237.5854929458,100092.7416477114,0.0
2019-11-30,GNRC,True,Completed,0,1035,95.33,98666.55,0.0
2019-11-30,HSY,False,Completed,0,-740,125.4643661558,99917.551499376,0.0
2019-11-30,KLAC,True,Completed,0,640,157.2183620229,100619.751694656,0.0
2019-11-30,MU,False,Completed,0,-2393,46.2988343738,100572.5162025045,0.0
2019-11-30,NVR,True,Completed,0,27,3651.9,98601.3,0.0
2019-12-31,BLDR,False,Completed,0,-4422,25.46,103917.0,0.0
2019-12-31,GNRC,False,Completed,0,-1035,98.29,98666.55,0.0
2019-12-31,KLAC,False,Completed,0,-640,152.2314391585,100619.751694656,0.0
2019-12-31,NTAP,True,Completed,0,1959,50.6106598768,99146.2826986512,0.0
2019-12-31,NVR,False,Completed,0,-27,3771.11,98601.3,0.0
2019-12-31,QCOM,True,Completed,0,1385,72.5419163961,100470.5542085985,0.0
2019-12-31,STX,True,Completed,0,2105,47.7583004407,100531.22242767349,0.0
2019-12-31,TGT,True,Completed,0,956,105.0753306346,100452.0160866776,0.0
2020-01-31,LRCX,True,Completed,0,3669,27.5678795656,101146.5501261864,0.0
2020-01-31,MU,True,Completed,0,1906,53.4854900043,101943.34394819579,0.0
2020-01-31,QCOM,False,Completed,0,-1385,77.5024157675,100470.5542085985,0.0
2020-01-31,STX,False,Completed,0,-2105,48.1272304349,100531.22242767349,0.0
2020-01-31,TER,True,Completed,0,1505,67.0644711375,100932.02906193752,0.0
2020-01-31,TGT,False,Completed,0,-956,107.6165319483,100452.0160866776,0.0
2020-02-29,APO,True,Completed,0,2512,40.186303789,100947.995117968,0.0
2020-02-29,BLDR,True,Completed,0,4033,24.95,100623.34999999999,0.0
2020-02-29,LRCX,False,Completed,0,-3669,27.961200451999996,101146.5501261864,0.0
2020-02-29,MU,False,Completed,0,-1906,51.9252933952,101943.34394819579,0.0
2020-02-29,NTAP,False,Completed,0,-1959,45.3972672837,99146.2826986512,0.0
2020-02-29,QCOM,True,Completed,0,1346,74.456279269,100218.151896074,0.0
2020-02-29,STX,True,Completed,0,2180,46.5339865583,101444.090697094,0.0
2020-02-29,TER,False,Completed,0,-1505,64.6679197285,100932.02906193752,0.0
2020-03-31,AAPL,True,Completed,0,1515,68.1510055216,103248.773365224,0.0
2020-03-31,APO,False,Completed,0,-2512,35.8707238959,100947.995117968,0.0
2020-03-31,BX,True,Completed,0,2308,43.8407374888,101184.4221241504,0.0
2020-03-31,HLT,False,Completed,0,-1054,95.7574579686,99839.57055591121,0.0
2020-03-31,IDXX,False,Completed,0,-367,254.93,100337.79999999999,0.0
2020-03-31,LOW,True,Completed,0,1051,95.6194418827,100496.0334187177,0.0
2020-03-31,MA,True,Completed,0,356,288.5108255606,102709.85389957359,0.0
2020-03-31,ORLY,False,Completed,0,-4472,24.4673333333,100029.696,0.0
2020-03-31,PHM,True,Completed,0,2654,37.9414930456,100696.72254302239,0.0
2020-03-31,STX,False,Completed,0,-2180,39.4368092897,101444.090697094,0.0
2020-04-30,BX,False,Completed,0,-2308,34.2199077573,101184.4221241504,0.0
2020-04-30,GNRC,True,Completed,0,1073,88.04,94466.92000000001,0.0
2020-04-30,LOW,False,Completed,0,-1051,72.0178520299,100496.0334187177,0.0
2020-04-30,NEM,True,Completed,0,2634,37.7555412096,99448.09554608639,0.0
2020-04-30,ODFL,True,Completed,0,1566,61.7563341566,96710.4192892356,0.0
2020-04-30,PHM,False,Completed,0,-2654,19.6521914058,100696.72254302239,0.0
2020-04-30,QCOM,False,Completed,0,-1346,56.9998849567,100218.151896074,0.0
2020-04-30,TER,True,Completed,0,1892,51.1139299492,96707.5554638864,0.0
2020-05-31,AAPL,False,Completed,0,-1515,69.1094846626,103248.773365224,0.0
2020-05-31,BLDR,False,Completed,0,-4033,16.99,100623.34999999999,0.0
2020-05-31,CPB,True,Completed,0,2486,39.9393572229,99289.2420561294,0.0
2020-05-31,GEN,True,Completed,0,5367,18.3851722396,98673.2194099332,0.0
2020-05-31,GNRC,False,Completed,0,-1073,95.29,94466.92000000001,0.0
2020-05-31,IDXX,True,Completed,0,360,277.51,99903.59999999999,0.0
2020-05-31,LLY,True,Completed,0,693,143.2845989821,99296.22709459529,0.0
2020-05-31,LMT,False,Completed,0,-331,325.7555118963,100316.28884694021,0.0
2020-05-31,MA,False,Completed,0,-356,259.7520988575,102709.85389957359,0.0
2020-05-31,ODFL,False,Completed,0,-1566,69.6600943365,96710.4192892356,0.0
2020-05-31,ORLY,True,Completed,0,3882,25.2926666667,98186.13200012941,0.0
2020-05-31,REGN,True,Completed,0,191,520.016523741,99323.156034531,0.0
2020-05-31,TER,False,Completed,0,-1892,59.25079148329999,96707.5554638864,0.0
2020-05-31,WAT,True,Completed,0,534,184.39,98464.26,0.0
2020-06-30,AAPL,True,Completed,0,1299,76.9173831432,99915.6807030168,0.0
2020-06-30,CPB,False,Completed,0,-2486,41.4278304473,99289.2420561294,0.0
2020-06-30,FTNT,True,Completed,0,3591,27.962,100411.542,0.0
2020-06-30,IDXX,False,Completed,0,-360,308.65,99903.59999999999,0.0
2020-06-30,LOW,True,Completed,0,855,116.5462903967,99647.0782891785,0.0
2020-06-30,NVDA,True,Completed,0,11310,8.7992190044,99519.16693976399,0.0
2020-06-30,ORLY,False,Completed,0,-3882,27.93,98186.13200012941,0.0
2020-06-30,WAT,False,Completed,0,-534,199.43,98464.26,0.0
2020-07-31,FTNT,False,Completed,0,-3591,27.454,100411.542,0.0
2020-07-31,LLY,False,Completed,0,-693,153.880643753,99296.22709459529,0.0
2020-07-31,LRCX,True,Completed,0,3288,30.2889780917,99590.15996550959,0.0
2020-07-31,META,True,Completed,0,443,226.7380834655,100444.9709752165,0.0
2020-07-31,NEM,False,Completed,0,-2634,52.0108235139,99448.09554608639,0.0
2020-07-31,NKE,True,Completed,0,1116,89.9476393384,100381.56550165439,0.0
2020-07-31,REGN,False,Completed,0,-191,619.9765891653,99323.156034531,0.0
2020-07-31,SMCI,True,Completed,0,35223,2.838,99962.874,0.0
2020-08-31,ALGN,True,Completed,0,340,296.01,100643.4,0.0
2020-08-31,AMGN,True,Completed,0,491,203.4188157018,99878.6385095838,0.0
2020-08-31,EBAY,True,Completed,0,1997,50.4222501857,100693.2336208429,0.0
2020-08-31,GEN,False,Completed,0,-5367,18.8903693468,98673.2194099332,0.0
2020-08-31,LLY,True,Completed,0,710,143.0925168297,101595.686949087,0.0
2020-08-31,LRCX,False,Completed,0,-3288,35.8033303036,99590.15996550959,0.0
2020-08-31,MCO,False,Completed,0,-496,270.2631232745,99270.4656226,0.0
2020-08-31,META,False,Completed,0,-443,250.7018677792,100444.9709752165,0.0
2020-08-31,NEM,True,Completed,0,1716,58.2669416734,99986.07191155439,0.0
2020-08-31,NKE,False,Completed,0,-1116,89.5184475568,100381.56550165439,0.0
2020-08-31,NVDA,False,Completed,0,-11310,10.6960301351,99519.16693976399,0.0
2020-08-31,REGN,True,Completed,0,159,629.7375005851,100128.26259303089,0.0
2020-08-31,ROK,True,Completed,0,507,198.2232808527,100499.20339231889,0.0
2020-08-31,SMCI,False,Completed,0,-35223,3.1,99962.874,0.0
2020-08-31,SPGI,False,Completed,0,-432,335.5923691781,102920.6434261824,0.0
2020-08-31,STX,True,Completed,0,2672,37.5880529885,100435.27758527201,0.0
2020-09-30,ALGN,False,Completed,0,-340,297.1,100643.4,0.0
2020-09-30,AMD,True,Completed,0,1101,91.92,101203.92,0.0
2020-09-30,AMGN,False,Completed,0,-491,209.1255228611,99878.6385095838,0.0
2020-09-30,GNRC,True,Completed,0,526,189.71,99787.46,0.0
2020-09-30,IDXX,True,Completed,0,255,393.95,100457.25,0.0
2020-09-30,LLY,False,Completed,0,-710,139.8531768554,101595.686949087,0.0
2020-09-30,NEM,False,Completed,0,-1716,57.6691161158,99986.07191155439,0.0
2020-09-30,NRG,True,Completed,0,3415,29.210836617899997,99755.0070501285,0.0
2020-09-30,ORLY,True,Completed,0,3221,31.1566666667,100355.6233334407,0.0
2020-09-30,REGN,False,Completed,0,-159,610.6819001405,100128.26259303089,0.0
2020-09-30,ROK,False,Completed,0,-507,208.1670500071,100499.20339231889,0.0
2020-09-30,SPGI,True,Completed,0,286,349.0484358172,99827.8526437192,0.0
2020-09-30,STX,False,Completed,0,-2672,39.7314492289,100435.27758527201,0.0
2020-09-30,TER,True,Completed,0,1204,84.0346704376,101177.7432068704,0.0
2020-10-31,AAPL,False,Completed,0,-1299,114.11808452239998,99915.6807030168,0.0
2020-10-31,ALGN,True,Completed,0,305,333.64,101760.2,0.0
2020-10-31,AMD,False,Completed,0,-1101,83.06,101203.92,0.0
2020-10-31,CLX,True,Completed,0,573,173.8331765527,99606.4101646971,0.0
2020-10-31,EBAY,False,Completed,0,-1997,47.554783206,100693.2336208429,0.0
2020-10-31,GEN,True,Completed,0,5416,18.6316557488,100909.0475355008,0.0
2020-10-31,GNRC,False,Completed,0,-526,195.5,99787.46,0.0
2020-10-31,IDXX,False,Completed,0,-255,396.29,100457.25,0.0
2020-10-31,LLY,True,Completed,0,717,139.5896758156,100085.7975597852,0.0
2020-10-31,MCO,True,Completed,0,363,279.4770436301,101450.1668377263,0.0
2020-10-31,MTD,True,Completed,0,103,974.64,100387.92,0.0
2020-10-31,TER,False,Completed,0,-1204,79.0819786805,101177.7432068704,0.0
2020-11-30,ALGN,False,Completed,0,-305,432.1,101760.2,0.0
2020-11-30,CHRW,True,Completed,0,1284,79.2303703665,101731.795550586,0.0
2020-11-30,CL,True,Completed,0,1442,70.4408802313,101575.7492935346,0.0
2020-11-30,CLX,False,Completed,0,-573,178.3712736068,99606.4101646971,0.0
2020-11-30,EBAY,True,Completed,0,2312,43.7591178671,101171.0805087352,0.0
2020-11-30,FIX,True,Completed,0,2242,45.3557452877,101687.5809350234,0.0
2020-11-30,GEN,False,Completed,0,-5416,18.2772733285,100909.0475355008,0.0
2020-11-30,KMB,True,Completed,0,923,109.6298549892,101188.3561550316,0.0
2020-11-30,LLY,False,Completed,0,-717,124.7300993231,100085.7975597852,0.0
2020-11-30,MCO,False,Completed,0,-363,253.3140845334,101450.1668377263,0.0
2020-11-30,MTD,False,Completed,0,-103,1018.88,100387.92,0.0
2020-11-30,UPS,True,Completed,0,811,124.6444652993,101086.6613577323,0.0
2020-12-31,BBY,True,Completed,0,1162,86.0387051023,99976.9753288726,0.0
2020-12-31,CHRW,False,Completed,0,-1284,82.7969258849,101731.795550586,0.0
2020-12-31,FIX,False,Completed,0,-2242,49.8734519725,101687.5809350234,0.0
2020-12-31,GEN,True,Completed,0,6149,16.3150019069,100320.9467255281,0.0
2020-12-31,IDXX,True,Completed,0,216,461.99,99789.84,0.0
2020-12-31,KMB,False,Completed,0,-923,113.9000876666,101188.3561550316,0.0
2020-12-31,LOW,False,Completed,0,-855,140.8182992915,99647.0782891785,0.0
2020-12-31,MTD,True,Completed,0,86,1156.8,99484.8,0.0
2020-12-31,NRG,False,Completed,0,-3415,28.2940296386,99755.0070501285,0.0
2020-12-31,NTAP,True,Completed,0,2137,46.1976803096,98724.4428216152,0.0
2020-12-31,QCOM,True,Completed,0,764,132.179271667,100984.963553588,0.0
2020-12-31,UPS,False,Completed,0,-811,136.9648726749,101086.6613577323,0.0
2021-01-31,BBY,False,Completed,0,-1162,79.2215617253,99976.9753288726,0.0
2021-01-31,COHR,True,Completed,0,1316,77.0314,101373.3224,0.0
2021-01-31,EBAY,False,Completed,0,-2312,45.9839939935,101171.0805087352,0.0
2021-01-31,FSLR,True,Completed,0,1010,101.58,102595.8,0.0
2021-01-31,GEN,False,Completed,0,-6149,18.6699283713,100320.9467255281,0.0
2021-01-31,GNRC,True,Completed,0,439,229.16000000000003,100601.24,0.0
2021-01-31,MTD,False,Completed,0,-86,1155.0,99484.8,0.0
2021-01-31,PYPL,True,Completed,0,429,236.5390833495,101475.2667569355,0.0
2021-01-31,QCOM,False,Completed,0,-764,136.5172567351,100984.963553588,0.0
2021-01-31,ROL,True,Completed,0,2742,36.6828173373,100584.2851388766,0.0
2021-01-31,SPGI,False,Completed,0,-286,316.7903711686,99827.8526437192,0.0
2021-01-31,TTD,True,Completed,0,1248,80.6,100588.79999999999,0.0
2021-02-28,ABBV,True,Completed,0,1192,84.2848912674,100467.59039074079,0.0
2021-02-28,AMD,True,Completed,0,1167,86.83,101330.61,0.0
2021-02-28,CL,False,Completed,0,-1442,69.4767172069,101575.7492935346,0.0
2021-02-28,COHR,False,Completed,0,-1316,85.805,101373.3224,0.0
2021-02-28,EBAY,True,Completed,0,1942,51.7638759644,100525.4471228648,0.0
2021-02-28,FSLR,False,Completed,0,-1010,99.58,102595.8,0.0
2021-02-28,LRCX,True,Completed,0,2183,46.4646663779,101432.36670295571,0.0
2021-02-28,MTD,True,Completed,0,85,1179.41,100249.85,0.0
2021-02-28,NTAP,False,Completed,0,-2137,59.0868745673,98724.4428216152,0.0
2021-02-28,PYPL,False,Completed,0,-429,237.10606096729998,101475.2667569355,0.0
2021-02-28,QCOM,True,Completed,0,717,140.4072981661,100672.03278509369,0.0
2021-02-28,ROL,False,Completed,0,-2742,34.1446015358,100584.2851388766,0.0
2021-02-28,TER,True,Completed,0,899,114.071049378,102549.873390822,0.0
2021-02-28,TTD,False,Completed,0,-1248,78.247,100588.79999999999,0.0
2021-03-31,ABBV,False,Completed,0,-1192,88.8100897986,100467.59039074079,0.0
2021-03-31,ALGN,True,Completed,0,176,567.5737,99892.9712,0.0
2021-03-31,AMD,False,Completed,0,-1167,85.365,101330.61,0.0
2021-03-31,FCX,True,Completed,0,3146,32.8521808092,103352.9608257432,0.0
2021-03-31,LOW,True,Completed,0,690,145.793176975,100597.29211275,0.0
2021-03-31,LRCX,False,Completed,0,-2183,54.5558864614,101432.36670295571,0.0
2021-03-31,MTD,False,Completed,0,-85,1126.79,100249.85,0.0
2021-03-31,NTAP,True,Completed,0,1806,55.6964628973,100587.8119925238,0.0
2021-03-31,ORLY,False,Completed,0,-3221,30.0066666667,100355.6233334407,0.0
2021-03-31,PYPL,True,Completed,0,386,267.469204446,103243.112916156,0.0
2021-03-31,QCOM,False,Completed,0,-717,122.6790588921,100672.03278509369,0.0
2021-03-31,TER,False,Completed,0,-899,128.8232413471,102549.873390822,0.0
2021-03-31,TTD,True,Completed,0,1241,81.98,101737.18000000001,0.0
2021-03-31,WBD,True,Completed,0,1885,54.3236,102399.986,0.0
2021-04-30,ADSK,True,Completed,0,360,277.84,100022.4,0.0
2021-04-30,ALGN,False,Completed,0,-176,546.24,99892.9712,0.0
2021-04-30,APTV,True,Completed,0,725,139.71,101289.75,0.0
2021-04-30,CL,True,Completed,0,1435,69.3795346167,99559.6321749645,0.0
2021-04-30,EBAY,False,Completed,0,-1942,56.1098443549,100525.4471228648,0.0
2021-04-30,FCX,False,Completed,0,-3146,31.2494067954,103352.9608257432,0.0
2021-04-30,GNRC,False,Completed,0,-439,330.0,100601.24,0.0
2021-04-30,HD,True,Completed,0,370,271.476869068,100446.44155516,0.0
2021-04-30,IDXX,False,Completed,0,-216,487.49,99789.84,0.0
2021-04-30,LOW,False,Completed,0,-690,173.3992002838,100597.29211275,0.0
2021-04-30,NTAP,False,Completed,0,-1806,65.1825430066,100587.8119925238,0.0
2021-04-30,ORLY,True,Completed,0,2957,33.9737533333,100460.38860656811,0.0
2021-04-30,PYPL,False,Completed,0,-386,246.72478651810002,103243.112916156,0.0
2021-04-30,SPGI,True,Completed,0,296,344.0859762766,101849.44897787359,0.0
2021-04-30,TPL,True,Completed,0,602,165.0891383436,99383.66128284721,0.0
2021-04-30,TPR,True,Completed,0,2754,36.6783377859,101012.1422623686,0.0
2021-04-30,TRGP,True,Completed,0,3500,28.86667406,101033.35921000001,0.0
2021-04-30,WBD,False,Completed,0,-1885,43.98,102399.986,0.0
2021-05-31,APTV,False,Completed,0,-725,145.05,101289.75,0.0
2021-05-31,F,True,Completed,0,11104,9.0209190087,100168.2846726048,0.0
2021-05-31,GNRC,True,Completed,0,308,325.84,100358.71999999999,0.0
2021-05-31,KMB,True,Completed,0,903,110.6545522117,99921.0606471651,0.0
2021-05-31,MAS,True,Completed,0,1724,58.6206893034,101062.0683590616,0.0
2021-05-31,ON,True,Completed,0,2564,38.22,97996.08,0.0
2021-05-31,TPL,False,Completed,0,-602,164.5803134083,99383.66128284721,0.0
2021-05-31,TPR,False,Completed,0,-2754,42.7223780744,101012.1422623686,0.0
2021-05-31,TRGP,False,Completed,0,-3500,31.692980189,101033.35921000001,0.0
2021-05-31,TTD,False,Completed,0,-1241,73.236,101737.18000000001,0.0
2021-06-30,F,False,Completed,0,-11104,11.4868449661,100168.2846726048,0.0
2021-06-30,GNRC,False,Completed,0,-308,331.57,100358.71999999999,0.0
2021-06-30,NUE,True,Completed,0,1052,97.3084861777,102368.5274589404,0.0
2021-06-30,ON,False,Completed,0,-2564,40.48,97996.08,0.0
2021-06-30,TPL,True,Completed,0,658,154.409038778,101601.14751592399,0.0
2021-06-30,WAT,True,Completed,0,310,323.03,100139.29999999999,0.0
2021-07-31,ADSK,False,Completed,0,-360,291.78,100022.4,0.0
2021-07-31,DVN,True,Completed,0,4292,24.183014964,103793.50022548801,0.0
2021-07-31,MOS,True,Completed,0,3532,28.8210740364,101796.03349656479,0.0
2021-07-31,NUE,False,Completed,0,-1052,90.279239186,102368.5274589404,0.0
2021-07-31,SPGI,False,Completed,0,-296,395.1453994682,101849.44897787359,0.0
2021-07-31,STLD,True,Completed,0,1804,56.1825526857,101353.3250450028,0.0
2021-07-31,TPL,False,Completed,0,-658,169.7782530898,101601.14751592399,0.0
2021-07-31,TPR,True,Completed,0,2610,38.5373647551,100582.52201081101,0.0
2021-08-31,DVN,False,Completed,0,-4292,20.6792712118,103793.50022548801,0.0
2021-08-31,GNRC,True,Completed,0,238,421.32,100274.16,0.0
2021-08-31,IVZ,True,Completed,0,5155,19.6422442396,101255.76905513801,0.0
2021-08-31,LOW,True,Completed,0,568,177.0128453724,100543.2961715232,0.0
2021-08-31,MOS,False,Completed,0,-3532,27.8630327942,101796.03349656479,0.0
2021-08-31,STLD,False,Completed,0,-1804,60.380206589,101353.3250450028,0.0
2021-09-30,ADSK,True,Completed,0,322,311.8,100399.6,0.0
2021-09-30,COF,True,Completed,0,655,152.5569544043,99924.8051348165,0.0
2021-09-30,GNRC,False,Completed,0,-238,440.47,100274.16,0.0
2021-09-30,IVZ,False,Completed,0,-5155,20.3038472543,101255.76905513801,0.0
2021-10-31,ADSK,False,Completed,0,-322,283.8,100399.6,0.0
2021-10-31,AMAT,True,Completed,0,808,124.1363982392,100302.2097772736,0.0
2021-10-31,BX,True,Completed,0,1013,98.952597837,100238.981608881,0.0
2021-10-31,CL,False,Completed,0,-1435,67.7492874954,99559.6321749645,0.0
2021-10-31,COF,False,Completed,0,-655,149.4775027457,99924.8051348165,0.0
2021-10-31,COR,True,Completed,0,887,113.0043901161,100234.8940329807,0.0
2021-10-31,IT,True,Completed,0,329,305.48,100502.92000000001,0.0
2021-10-31,KMB,False,Completed,0,-903,111.9518983677,99921.0606471651,0.0
2021-10-31,MTD,True,Completed,0,72,1369.77,98623.44,0.0
2021-10-31,TPR,False,Completed,0,-2610,32.95063502,100582.52201081101,0.0
2021-11-30,AMAT,False,Completed,0,-808,131.5503932446,100302.2097772736,0.0
2021-11-30,APA,True,Completed,0,4396,23.3668423261,102720.6388655356,0.0
2021-11-30,COF,True,Completed,0,720,139.9725683727,100780.24922834401,0.0
2021-11-30,DVN,True,Completed,0,3072,33.3184756278,102354.3571286016,0.0
2021-11-30,EBAY,True,Completed,0,1418,70.252441172,99617.961581896,0.0
2021-11-30,IT,False,Completed,0,-329,331.89,100502.92000000001,0.0
2021-11-30,MAS,False,Completed,0,-1724,60.0954542869,101062.0683590616,0.0
2021-11-30,MTD,False,Completed,0,-72,1484.11,98623.44,0.0
2021-12-31,BX,False,Completed,0,-1013,123.1045809646,100238.981608881,0.0
2021-12-31,CL,True,Completed,0,1483,67.8407484121,100607.8298951443,0.0
2021-12-31,COF,False,Completed,0,-720,133.338357367,100780.24922834401,0.0
2021-12-31,COR,False,Completed,0,-887,111.39037715849999,100234.8940329807,0.0
2021-12-31,DVN,False,Completed,0,-3072,35.681545676,102354.3571286016,0.0
2021-12-31,EBAY,False,Completed,0,-1418,63.22733351050001,99617.961581896,0.0
2021-12-31,EOG,True,Completed,0,1439,71.4288723633,102786.1473307887,0.0
2021-12-31,NUE,True,Completed,0,1007,101.1493198392,101857.3650780744,0.0
2021-12-31,SPG,True,Completed,0,835,122.566270629,102342.835975215,0.0
2021-12-31,STLD,True,Completed,0,1790,57.5203635435,102961.450742865,0.0
2021-12-31,STX,True,Completed,0,1120,90.5345953669,101398.746810928,0.0
2021-12-31,WAT,False,Completed,0,-310,328.89,100139.29999999999,0.0
2022-01-31,APA,False,Completed,0,-4396,23.5013589672,102720.6388655356,0.0
2022-01-31,BX,True,Completed,0,904,111.1360800375,100467.01635389999,0.0
2022-01-31,CL,False,Completed,0,-1483,75.9726526919,100607.8298951443,0.0
2022-01-31,EOG,False,Completed,0,-1439,72.2044569925,102786.1473307887,0.0
2022-01-31,F,True,Completed,0,6138,16.6830365985,102400.478641593,0.0
2022-01-31,FANG,True,Completed,0,1135,87.8208919304,99676.712341004,0.0
2022-01-31,KKR,True,Completed,0,1394,71.7005605676,99950.58143123439,0.0
2022-01-31,MCK,True,Completed,0,411,242.0064831444,99464.6645723484,0.0
2022-01-31,NUE,False,Completed,0,-1007,107.8351996211,101857.3650780744,0.0
2022-01-31,NVDA,True,Completed,0,3406,29.7566144002,101351.0286470812,0.0
2022-01-31,ORCL,True,Completed,0,1218,82.1873889325,100104.239719785,0.0
2022-01-31,SPG,False,Completed,0,-835,126.9967769824,102342.835975215,0.0
2022-01-31,STLD,False,Completed,0,-1790,58.4465634931,102961.450742865,0.0
2022-01-31,STX,False,Completed,0,-1120,98.8722378028,101398.746810928,0.0
2022-02-28,BLDR,True,Completed,0,1470,68.71,101003.7,0.0
2022-02-28,BX,False,Completed,0,-904,115.1198810604,100467.01635389999,0.0
2022-02-28,FANG,False,Completed,0,-1135,101.8944388432,99676.712341004,0.0
2022-02-28,FCX,True,Completed,0,2843,36.0901532317,102604.3056377231,0.0
2022-02-28,KKR,False,Completed,0,-1394,68.9950606992,99950.58143123439,0.0
2022-02-28,NOC,True,Completed,0,290,344.1334270151,99798.693834379,0.0
2022-02-28,NVDA,False,Completed,0,-3406,25.054839775400005,101351.0286470812,0.0
2022-02-28,TXT,True,Completed,0,1480,67.4763733812,99865.03260417601,0.0
2022-03-31,BLDR,False,Completed,0,-1470,76.5,101003.7,0.0
2022-03-31,CL,True,Completed,0,1438,69.5606928266,100028.27628465081,0.0
2022-03-31,COR,True,Completed,0,730,136.733282179,99815.29599067001,0.0
2022-03-31,EOG,True,Completed,0,1056,95.5202441483,100869.3778206048,0.0
2022-03-31,F,False,Completed,0,-6138,13.7253462053,102400.478641593,0.0
2022-03-31,FCX,False,Completed,0,-2843,44.8859471215,102604.3056377231,0.0
2022-03-31,KMB,True,Completed,0,902,110.44085752020001,99617.6534832204,0.0
2022-03-31,MCK,False,Completed,0,-411,269.0575794558,99464.6645723484,0.0
2022-03-31,MO,True,Completed,0,2729,36.6097986131,99908.14041514989,0.0
2022-03-31,NOC,False,Completed,0,-290,414.9741980741,99798.693834379,0.0
2022-03-31,STX,True,Completed,0,1108,89.9236136082,99635.3638778856,0.0
2022-03-31,TXT,False,Completed,0,-1480,72.4272203621,99865.03260417601,0.0
2022-04-30,ADM,True,Completed,0,1255,80.0215323397,100427.0230863235,0.0
2022-04-30,CF,True,Completed,0,1061,93.2880801104,98978.6529971344,0.0
2022-04-30,CL,False,Completed,0,-1438,68.5398670747,100028.27628465081,0.0
2022-04-30,COP,True,Completed,0,1166,85.8680990347,100122.2034744602,0.0
2022-04-30,DVN,True,Completed,0,2007,50.0069198961,100363.88823147271,0.0
2022-04-30,EOG,False,Completed,0,-1056,99.0690650689,100869.3778206048,0.0
2022-04-30,FANG,True,Completed,0,889,112.4852639047,99999.3996112783,0.0
2022-04-30,HD,False,Completed,0,-370,271.3179350846,100446.44155516,0.0
2022-04-30,KMB,False,Completed,0,-902,106.0519851504,99617.6534832204,0.0
2022-04-30,LOW,False,Completed,0,-568,187.707798243,100543.2961715232,0.0
2022-04-30,MO,False,Completed,0,-2729,38.1817692089,99908.14041514989,0.0
2022-04-30,MOS,True,Completed,0,1683,59.2694150347,99750.42550340011,0.0
2022-04-30,NUE,True,Completed,0,714,142.4468238546,101707.03223218441,0.0
2022-04-30,ORCL,False,Completed,0,-1218,78.4396602635,100104.239719785,0.0
2022-04-30,STLD,True,Completed,0,1273,80.0187069822,101863.8139883406,0.0
2022-04-30,STX,False,Completed,0,-1108,79.7560312274,99635.3638778856,0.0
2022-05-31,ADM,False,Completed,0,-1255,79.6243374406,100427.0230863235,0.0
2022-05-31,CF,False,Completed,0,-1061,87.9779620988,98978.6529971344,0.0
2022-05-31,CL,True,Completed,0,1428,70.0252943119,99996.1202773932,0.0
2022-05-31,COP,False,Completed,0,-1166,80.8266170344,100122.2034744602,0.0
2022-05-31,DVN,False,Completed,0,-2007,48.3897178378,100363.88823147271,0.0
2022-05-31,FANG,False,Completed,0,-889,101.6778883524,99999.3996112783,0.0
2022-05-31,HD,True,Completed,0,368,272.6632386562,100340.0718254816,0.0
2022-05-31,IT,True,Completed,0,344,289.03,99426.31999999999,0.0
2022-05-31,KMB,True,Completed,0,838,120.0462082212,100598.72248936561,0.0
2022-05-31,MOS,False,Completed,0,-1683,55.3758690116,99750.42550340011,0.0
2022-05-31,MTD,True,Completed,0,78,1272.45,99251.1,0.0
2022-05-31,OXY,True,Completed,0,1928,51.3363473006,98976.4775955568,0.0
2022-05-31,STLD,False,Completed,0,-1273,80.2729139582,101863.8139883406,0.0
2022-05-31,STX,True,Completed,0,1382,72.3612571971,100003.2574463922,0.0
2022-06-30,BG,True,Completed,0,945,106.0525017181,100219.61412360451,0.0
2022-06-30,CF,True,Completed,0,1103,90.7664713182,100115.41786397461,0.0
2022-06-30,COP,True,Completed,0,1033,98.4792044504,101729.0181972632,0.0
2022-06-30,DVN,True,Completed,0,1585,64.3174735265,101943.1955395025,0.0
2022-06-30,HD,False,Completed,0,-368,274.179268596,100340.0718254816,0.0
2022-06-30,IT,False,Completed,0,-344,264.05,99426.31999999999,0.0
2022-06-30,MOS,True,Completed,0,1787,55.3293862725,98873.6132689575,0.0
2022-06-30,MPC,True,Completed,0,1071,94.2809258431,100974.87157796009,0.0
2022-06-30,MTD,False,Completed,0,-78,1301.37,99251.1,0.0
2022-06-30,NRG,True,Completed,0,2402,41.58950533,99897.99180266,0.0
2022-06-30,NUE,False,Completed,0,-714,125.3920044707,101707.03223218441,0.0
2022-06-30,ORLY,False,Completed,0,-2957,42.6666666667,100460.38860656811,0.0
2022-06-30,OXY,False,Completed,0,-1928,66.4934203162,98976.4775955568,0.0
2022-06-30,STX,False,Completed,0,-1382,75.0053957061,100003.2574463922,0.0
2022-07-31,BG,False,Completed,0,-945,80.9491497904,100219.61412360451,0.0
2022-07-31,BX,True,Completed,0,1252,79.1800400508,99133.4101436016,0.0
2022-07-31,CF,False,Completed,0,-1103,77.8391532057,100115.41786397461,0.0
2022-07-31,COP,False,Completed,0,-1033,79.764817063,101729.0181972632,0.0
2022-07-31,DVN,False,Completed,0,-1585,47.4889092961,101943.1955395025,0.0
2022-07-31,IT,True,Completed,0,413,239.75,99016.75,0.0
2022-07-31,MOS,False,Completed,0,-1787,41.6671462317,98873.6132689575,0.0
2022-07-31,MPC,False,Completed,0,-1071,76.0773560663,100974.87157796009,0.0
2022-07-31,MTD,True,Completed,0,87,1151.33,100165.70999999999,0.0
2022-07-31,NRG,False,Completed,0,-2402,34.6820309665,99897.99180266,0.0
2022-07-31,PFE,True,Completed,0,2385,41.5995005037,99214.8087013245,0.0
2022-07-31,PWR,True,Completed,0,802,124.5180625713,99863.4861821826,0.0
2022-07-31,STX,True,Completed,0,1572,63.2059914551,99359.8185674172,0.0
2022-07-31,VRTX,True,Completed,0,354,280.17,99180.18000000001,0.0
2022-08-31,BG,True,Completed,0,1211,82.6381969653,100074.8565249783,0.0
2022-08-31,BX,False,Completed,0,-1252,88.8607321392,99133.4101436016,0.0
2022-08-31,COP,True,Completed,0,1182,82.6975384996,97748.4905065272,0.0
2022-08-31,CVX,True,Completed,0,717,137.1847947707,98361.4978505919,0.0
2022-08-31,DLTR,True,Completed,0,604,166.53,100584.12,0.0
2022-08-31,IT,False,Completed,0,-413,262.06,99016.75,0.0
2022-08-31,MPC,True,Completed,0,1190,82.5118505191,98189.102117729,0.0
2022-08-31,MTD,False,Completed,0,-87,1339.34,100165.70999999999,0.0
2022-08-31,OXY,True,Completed,0,1612,61.4755630816,99098.6076875392,0.0
2022-08-31,PFE,False,Completed,0,-2385,40.5418031675,99214.8087013245,0.0
2022-08-31,PWR,False,Completed,0,-802,137.2373822765,99863.4861821826,0.0
2022-08-31,VRTX,False,Completed,0,-354,279.79,99180.18000000001,0.0
2022-09-30,BG,False,Completed,0,-1211,88.4295850722,100074.8565249783,0.0
2022-09-30,BLDR,True,Completed,0,1706,58.09,99101.54000000001,0.0
2022-09-30,CF,True,Completed,0,1049,94.1807429562,98795.59936105381,0.0
2022-09-30,CL,False,Completed,0,-1428,71.4296749807,99996.1202773932,0.0
2022-09-30,COP,False,Completed,0,-1182,93.9442645641,97748.4905065272,0.0
2022-09-30,CVX,False,Completed,0,-717,134.3737904692,98361.4978505919,0.0
2022-09-30,DLTR,False,Completed,0,-604,134.86,100584.12,0.0
2022-09-30,IT,True,Completed,0,350,283.95,99382.5,0.0
2022-09-30,MOS,True,Completed,0,2067,47.367424224,97908.465871008,0.0
2022-09-30,MPC,False,Completed,0,-1190,91.222874938,98189.102117729,0.0
2022-09-30,MTD,True,Completed,0,82,1207.82,99041.23999999999,0.0
2022-09-30,ON,True,Completed,0,1454,66.712,96999.248,0.0
2022-09-30,OXY,False,Completed,0,-1612,65.3148379281,99098.6076875392,0.0
2022-09-30,SMCI,True,Completed,0,15365,6.39,98182.34999999999,0.0
2022-10-31,AAPL,True,Completed,0,737,135.6902550286,100003.71795607821,0.0
2022-10-31,BLDR,False,Completed,0,-1706,59.13,99101.54000000001,0.0
2022-10-31,CF,False,Completed,0,-1049,93.0571315108,98795.59936105381,0.0
2022-10-31,CL,True,Completed,0,1557,64.7557132841,100824.64558334369,0.0
2022-10-31,ED,True,Completed,0,1326,76.677845925,101674.82369655,0.0
2022-10-31,LMT,True,Completed,0,286,352.7349512566,100882.19605938761,0.0
2022-10-31,MOS,False,Completed,0,-2067,44.2880029752,97908.465871008,0.0
2022-10-31,ON,False,Completed,0,-1454,63.01,96999.248,0.0
2022-10-31,QCOM,True,Completed,0,959,106.0901343437,101740.4388356083,0.0
2022-10-31,SMCI,False,Completed,0,-15365,5.655,98182.34999999999,0.0
2022-11-30,AAPL,False,Completed,0,-737,152.252693364,100003.71795607821,0.0
2022-11-30,CF,True,Completed,0,1021,99.4672427075,101556.05480435751,0.0
2022-11-30,DVA,True,Completed,0,1369,73.04,99991.76000000001,0.0
2022-11-30,DVN,True,Completed,0,1475,68.941864925,101689.250764375,0.0
2022-11-30,ED,False,Completed,0,-1326,77.345679559,101674.82369655,0.0
2022-11-30,EQT,True,Completed,0,2525,40.0924483974,101233.43220343499,0.0
2022-11-30,KMB,False,Completed,0,-838,108.88996386680002,100598.72248936561,0.0
2022-11-30,LMT,False,Completed,0,-286,439.8824045754,100882.19605938761,0.0
2022-11-30,QCOM,False,Completed,0,-959,110.47249922880002,101740.4388356083,0.0
2022-11-30,VRTX,True,Completed,0,320,312.44,99980.8,0.0
2022-12-31,AON,True,Completed,0,333,301.1735388386,100290.7884332538,0.0
2022-12-31,CF,False,Completed,0,-1021,100.3911073886,101556.05480435751,0.0
2022-12-31,DVA,False,Completed,0,-1369,74.35,99991.76000000001,0.0
2022-12-31,DVN,False,Completed,0,-1475,60.9341302013,101689.250764375,0.0
2022-12-31,OXY,True,Completed,0,1522,66.4461437376,101131.0307686272,0.0
2022-12-31,TPL,True,Completed,0,360,276.8438088895,99663.77120022,0.0
2022-12-31,VLO,True,Completed,0,830,121.46188062130001,100813.360915679,0.0
2022-12-31,VRTX,False,Completed,0,-320,318.55,99980.8,0.0
2023-01-31,CF,True,Completed,0,1269,78.288424353,99348.01050395699,0.0
2023-01-31,DVN,True,Completed,0,1814,54.411536053,98702.526400142,0.0
2023-01-31,ERIE,True,Completed,0,426,234.2682437271,99798.27182774461,0.0
2023-01-31,IT,False,Completed,0,-350,339.41,99382.5,0.0
2023-01-31,MTD,False,Completed,0,-82,1455.19,99041.23999999999,0.0
2023-01-31,STLD,True,Completed,0,1072,93.3141618545,100032.781508024,0.0
2023-01-31,STX,False,Completed,0,-1572,48.235260186,99359.8185674172,0.0
2023-01-31,VLO,False,Completed,0,-830,113.2737428666,100813.360915679,0.0
2023-02-28,CF,False,Completed,0,-1269,77.6598244172,99348.01050395699,0.0
2023-02-28,DVN,False,Completed,0,-1814,56.0511393952,98702.526400142,0.0
2023-02-28,EQT,False,Completed,0,-2525,30.449707213599996,101233.43220343499,0.0
2023-02-28,ERIE,False,Completed,0,-426,230.6260636921,99798.27182774461,0.0
2023-02-28,KLAC,True,Completed,0,263,380.2844176272,100014.8018359536,0.0
2023-02-28,KMB,True,Completed,0,871,114.1016459636,99382.5336342956,0.0
2023-02-28,MPC,True,Completed,0,838,119.55453711949998,100186.70210614099,0.0
2023-02-28,MTD,True,Completed,0,65,1534.89,99767.85,0.0
2023-02-28,OXY,False,Completed,0,-1522,60.8633891041,101131.0307686272,0.0
2023-02-28,SMCI,True,Completed,0,13825,7.2,99540.0,0.0
2023-02-28,STLD,False,Completed,0,-1072,115.1065489378,100032.781508024,0.0
2023-02-28,VLO,True,Completed,0,792,126.9026234198,100506.8777484816,0.0
2023-03-31,ADSK,True,Completed,0,503,199.48,100338.43999999999,0.0
2023-03-31,APA,True,Completed,0,2936,34.0302331374,99912.76449140641,0.0
2023-03-31,IT,True,Completed,0,305,325.69,99335.45,0.0
2023-03-31,KLAC,False,Completed,0,-263,363.3294572952,100014.8018359536,0.0
2023-03-31,MPC,False,Completed,0,-838,115.4252919249,100186.70210614099,0.0
2023-03-31,MRNA,True,Completed,0,720,138.39,99640.79999999999,0.0
2023-03-31,SMCI,False,Completed,0,-13825,9.916,99540.0,0.0
2023-03-31,STLD,True,Completed,0,831,121.0317119758,100577.3526518898,0.0
2023-03-31,TPL,False,Completed,0,-360,191.80529470299996,99663.77120022,0.0
2023-03-31,VLO,False,Completed,0,-792,120.22486667050002,100506.8777484816,0.0
2023-04-30,ADSK,False,Completed,0,-503,205.09,100338.43999999999,0.0
2023-04-30,DECK,True,Completed,0,1334,75.0133333333,100067.7866666222,0.0
2023-04-30,GWW,True,Completed,0,149,665.9741123643,99230.1427422807,0.0
2023-04-30,HD,True,Completed,0,365,273.2285858506,99728.433835469,0.0
2023-04-30,KMB,False,Completed,0,-871,119.5112898145,99382.5336342956,0.0
2023-04-30,MRNA,False,Completed,0,-720,153.5,99640.79999999999,0.0
2023-04-30,SMCI,True,Completed,0,9385,10.657,100015.945,0.0
2023-04-30,STLD,False,Completed,0,-831,108.2955357511,100577.3526518898,0.0
2023-05-31,AON,False,Completed,0,-333,315.1833723927,100290.7884332538,0.0
2023-05-31,BLDR,True,Completed,0,1055,93.78,98937.9,0.0
2023-05-31,DECK,False,Completed,0,-1334,80.24,100067.7866666222,0.0
2023-05-31,GE,True,Completed,0,1286,78.1474944492,100497.6778616712,0.0
2023-05-31,GWW,False,Completed,0,-149,678.4351260261,99230.1427422807,0.0
2023-05-31,MAR,True,Completed,0,609,163.6981990984,99692.20325092561,0.0
2023-06-30,AMGN,True,Completed,0,497,200.5762804374,99686.41137738779,0.0
2023-06-30,BKNG,True,Completed,0,1015,98.2944823548,99768.89959012199,0.0
2023-06-30,GE,False,Completed,0,-1286,79.4985215922,100497.6778616712,0.0
2023-06-30,KMB,True,Completed,0,835,120.22393912760002,100386.98917154601,0.0
2023-06-30,MTD,False,Completed,0,-65,1324.88,99767.85,0.0
2023-06-30,SMCI,False,Completed,0,-9385,22.663,100015.945,0.0
2023-07-31,ALB,True,Completed,0,468,214.6687484955,100464.974295894,0.0
2023-07-31,AMGN,False,Completed,0,-497,201.716125639,99686.41137738779,0.0
2023-07-31,BKNG,False,Completed,0,-1015,105.7783274949,99768.89959012199,0.0
2023-07-31,BLDR,False,Completed,0,-1055,136.01,98937.9,0.0
2023-07-31,HSY,True,Completed,0,436,227.98988388350003,99403.589373206,0.0
2023-07-31,VRT,True,Completed,0,4050,24.7170679744,100104.12529632,0.0
2023-08-31,ALB,False,Completed,0,-468,201.018626523,100464.974295894,0.0
2023-08-31,ANET,True,Completed,0,2579,44.375,114443.125,0.0
2023-08-31,BLDR,True,Completed,0,692,144.43,99945.56,0.0
2023-08-31,HSY,False,Completed,0,-436,212.6567485025,99403.589373206,0.0
2023-08-31,JBL,True,Completed,0,909,108.7196797585,98826.18890047651,0.0
2023-08-31,VRT,False,Completed,0,-4050,25.5841586654,100104.12529632,0.0
2023-09-30,ANET,False,Completed,0,-2579,49.445,114443.125,0.0
2023-09-30,BKNG,True,Completed,0,820,123.1260988642,100963.401068644,0.0
2023-09-30,BLDR,False,Completed,0,-692,146.65,99945.56,0.0
2023-09-30,JBL,False,Completed,0,-909,114.5195526229,98826.18890047651,0.0
2023-09-30,LLY,True,Completed,0,183,545.8041239646,99882.15468552179,0.0
2023-09-30,MSI,True,Completed,0,363,275.7792710241,100107.87538174831,0.0
2023-10-31,APA,False,Completed,0,-2936,36.9540373656,99912.76449140641,0.0
2023-10-31,APO,True,Completed,0,1162,86.2891416888,100267.9826423856,0.0
2023-10-31,GE,True,Completed,0,1149,86.8813271784,99826.6449279816,0.0
2023-10-31,LLY,False,Completed,0,-183,525.878035099,99882.15468552179,0.0
2023-11-30,ANET,True,Completed,0,1996,50.7325,101262.07,0.0
2023-11-30,APO,False,Completed,0,-1162,80.0119995512,100267.9826423856,0.0
2023-11-30,CHTR,True,Completed,0,248,402.85,99906.8,0.0
2023-11-30,CL,False,Completed,0,-1557,70.9315134175,100824.64558334369,0.0
2023-11-30,HD,False,Completed,0,-365,268.2660317394,99728.433835469,0.0
2023-11-30,IT,False,Completed,0,-305,331.86,99335.45,0.0
2023-11-30,KMB,False,Completed,0,-835,108.8345962612,100386.98917154601,0.0
2023-11-30,ON,True,Completed,0,1596,62.5,99750.0,0.0
2023-11-30,SMCI,True,Completed,0,4175,24.13,100742.75,0.0
2023-11-30,WST,True,Completed,0,316,315.8608930325,99812.04219826999,0.0
2023-12-31,ANET,False,Completed,0,-1996,54.7525,101262.07,0.0
2023-12-31,CHTR,False,Completed,0,-248,400.13,99906.8,0.0
2023-12-31,CL,True,Completed,0,1345,74.4332554638,100112.728598811,0.0
2023-12-31,FTNT,True,Completed,0,1902,52.048,98995.296,0.0
2023-12-31,GE,False,Completed,0,-1149,95.7307154152,99826.6449279816,0.0
2023-12-31,HD,True,Completed,0,337,296.7739428425,100012.8187379225,0.0
2023-12-31,JBL,True,Completed,0,871,114.2307753847,99495.0053600737,0.0
2023-12-31,MAR,False,Completed,0,-609,198.0229053863,99692.20325092561,0.0
2023-12-31,META,True,Completed,0,308,322.9702906186,99474.8495105288,0.0
2023-12-31,ON,False,Completed,0,-1596,71.25,99750.0,0.0
2023-12-31,VRT,True,Completed,0,2298,43.3545345518,99628.7204000364,0.0
2023-12-31,WST,False,Completed,0,-316,347.7704749047,99812.04219826999,0.0
2024-01-31,JBL,False,Completed,0,-871,125.32645571870002,99495.0053600737,0.0
2024-01-31,META,False,Completed,0,-308,348.6110436897,99474.8495105288,0.0
2024-01-31,NVDA,True,Completed,0,2020,49.2143034423,99412.892953446,0.0
2024-01-31,ORCL,True,Completed,0,975,101.5903535752,99050.59473581999,0.0
2024-02-29,KLAC,True,Completed,0,171,587.0343306794,100382.8705461774,0.0
2024-02-29,SMCI,False,Completed,0,-4175,54.0,100742.75,0.0
2024-02-29,VRT,False,Completed,0,-2298,57.3081948484,99628.7204000364,0.0
2024-02-29,WSM,True,Completed,0,1069,94.5594460895,101084.0478696755,0.0
2024-03-31,AMGN,True,Completed,0,391,258.1757539853,100946.7198082523,0.0
2024-03-31,BKNG,False,Completed,0,-820,136.7555089347,100963.401068644,0.0
2024-03-31,FTNT,False,Completed,0,-1902,69.09,98995.296,0.0
2024-03-31,KLAC,False,Completed,0,-171,676.2784825952,100382.8705461774,0.0
2024-03-31,LII,True,Completed,0,216,460.589096408,99487.24482412799,0.0
2024-03-31,META,True,Completed,0,205,488.8371120278,100211.607965699,0.0
2024-03-31,SMCI,True,Completed,0,1154,88.188,101768.952,0.0
2024-03-31,WSM,False,Completed,0,-1069,114.23898727,101084.0478696755,0.0
2024-04-30,AMGN,False,Completed,0,-391,263.413967294,100946.7198082523,0.0
2024-04-30,APA,True,Completed,0,3189,31.487973755599995,100415.14830660839,0.0
2024-04-30,CL,False,Completed,0,-1345,85.2842878154,100112.728598811,0.0
2024-04-30,MSI,False,Completed,0,-363,346.5781845513,100107.87538174831,0.0
2024-04-30,NRG,True,Completed,0,1530,65.2524028398,99836.176344894,0.0
2024-04-30,SMCI,False,Completed,0,-1154,101.0,101768.952,0.0
2024-04-30,VST,True,Completed,0,1454,69.0915936034,100459.1770993436,0.0
2024-04-30,WSM,True,Completed,0,651,152.9696391829,99583.23510806791,0.0
2024-05-31,APA,False,Completed,0,-3189,28.5700594666,100415.14830660839,0.0
2024-05-31,CINF,True,Completed,0,906,110.34707122410002,99974.44652903461,0.0
2024-05-31,FIX,True,Completed,0,325,307.7776691013,100027.74245792249,0.0
2024-05-31,HD,False,Completed,0,-337,316.7888013267,100012.8187379225,0.0
2024-05-31,HIG,True,Completed,0,1072,93.2632036106,99978.1542705632,0.0
2024-05-31,IBM,True,Completed,0,642,155.2061413841,99642.34276859219,0.0
2024-05-31,NRG,False,Completed,0,-1530,70.8017664465,99836.176344894,0.0
2024-05-31,NVDA,False,Completed,0,-2020,85.0296507179,99412.892953446,0.0
2024-05-31,ODFL,True,Completed,0,557,178.0219568829,99158.22998377531,0.0
2024-05-31,ORCL,False,Completed,0,-975,111.50408641109999,99050.59473581999,0.0
2024-05-31,PSX,True,Completed,0,754,132.3514819359,99793.01737966861,0.0
2024-05-31,VST,False,Completed,0,-1454,74.6880126852,100459.1770993436,0.0
2024-06-30,BLDR,True,Completed,0,621,161.5,100291.5,0.0
2024-06-30,CINF,False,Completed,0,-906,111.90179268750002,99974.44652903461,0.0
2024-06-30,CL,True,Completed,0,1126,88.2852171512,99409.1545122512,0.0
2024-06-30,COR,False,Completed,0,-730,221.1294723517,99815.29599067001,0.0
2024-06-30,CVNA,True,Completed,0,5001,20.656,103300.65599999999,0.0
2024-06-30,FIX,False,Completed,0,-325,329.5688912923,100027.74245792249,0.0
2024-06-30,GWW,True,Completed,0,110,907.4733200836,99822.06520919601,0.0
2024-06-30,HIG,False,Completed,0,-1072,99.2816659379,99978.1542705632,0.0
2024-06-30,IBM,False,Completed,0,-642,157.5692313275,99642.34276859219,0.0
2024-06-30,META,False,Completed,0,-205,467.72843992080004,100211.607965699,0.0
2024-06-30,MPC,True,Completed,0,590,169.2007728079,99828.455956661,0.0
2024-06-30,ODFL,False,Completed,0,-557,174.3479392429,99158.22998377531,0.0
2024-06-30,PSX,False,Completed,0,-754,132.6776134237,99793.01737966861,0.0
2024-06-30,SMCI,True,Completed,0,1274,80.2,102174.8,0.0
2024-06-30,URI,True,Completed,0,152,663.2857109851,100819.4280697352,0.0
2024-06-30,VLO,True,Completed,0,673,148.3333457265,99828.3416739345,0.0
2024-07-31,ADP,True,Completed,0,436,229.8708321056,100223.6827980416,0.0
2024-07-31,BLDR,False,Completed,0,-621,139.55,100291.5,0.0
2024-07-31,CL,False,Completed,0,-1126,93.0504224901,99409.1545122512,0.0
2024-07-31,COR,True,Completed,0,451,222.79246989660004,100479.40392336661,0.0
2024-07-31,EME,True,Completed,0,275,366.3534378382,100747.195405505,0.0
2024-07-31,GWW,False,Completed,0,-110,893.6550277567,99822.06520919601,0.0
2024-07-31,HD,True,Completed,0,303,329.403609314,99809.293622142,0.0
2024-07-31,MPC,False,Completed,0,-590,167.886461651,99828.455956661,0.0
2024-07-31,NRG,True,Completed,0,1323,76.5191013021,101234.7710226783,0.0
2024-07-31,SMCI,False,Completed,0,-1274,83.144,102174.8,0.0
2024-07-31,URI,False,Completed,0,-152,637.8057132283,100819.4280697352,0.0
2024-07-31,VLO,False,Completed,0,-673,149.561192587,99828.3416739345,0.0
2024-07-31,VRT,True,Completed,0,1157,87.2164899855,100909.4789132235,0.0
2024-07-31,VST,True,Completed,0,1175,87.8059210953,103171.95728697749,0.0
2024-08-31,ADP,False,Completed,0,-436,250.12021422330002,100223.6827980416,0.0
2024-08-31,ANET,True,Completed,0,1154,87.625,101119.25,0.0
2024-08-31,COR,False,Completed,0,-451,236.2637340319,100479.40392336661,0.0
2024-08-31,EME,False,Completed,0,-275,374.2164390387,100747.195405505,0.0
2024-08-31,HD,False,Completed,0,-303,354.3732304317,99809.293622142,0.0
2024-08-31,KMB,True,Completed,0,793,127.003532136,100713.800983848,0.0
2024-08-31,LII,False,Completed,0,-216,575.0405339229,99487.24482412799,0.0
2024-08-31,NTAP,True,Completed,0,815,122.1364512472,99541.207766468,0.0
2024-08-31,NVDA,True,Completed,0,854,117.47430416699999,100323.055758618,0.0
2024-08-31,SMCI,True,Completed,0,1425,70.456,100399.8,0.0
2024-09-30,ANET,False,Completed,0,-1154,87.7725,101119.25,0.0
2024-09-30,CL,True,Completed,0,978,102.2207442132,99971.8878405096,0.0
2024-09-30,HD,True,Completed,0,281,354.5314087404,99623.32585605241,0.0
2024-09-30,LII,True,Completed,0,172,579.6262155028,99695.7090664816,0.0
2024-09-30,VRT,False,Completed,0,-1157,82.0679132972,100909.4789132235,0.0
2024-09-30,VST,False,Completed,0,-1175,84.1052884054,103171.95728697749,0.0
2024-10-31,CLX,True,Completed,0,657,154.9930051881,101830.4044085817,0.0
2024-10-31,CVNA,False,Completed,0,-5001,34.862,103300.65599999999,0.0
2024-10-31,GE,True,Completed,0,534,185.8468295223,99242.2069649082,0.0
2024-10-31,KMB,False,Completed,0,-793,133.9192457283,100713.800983848,0.0
2024-10-31,MSI,True,Completed,0,225,442.7461936045,99617.89356101249,0.0
2024-10-31,NRG,False,Completed,0,-1323,88.6366192111,101234.7710226783,0.0
2024-10-31,NTAP,False,Completed,0,-815,119.3156141228,99541.207766468,0.0
2024-10-31,TRGP,True,Completed,0,700,141.9178259675,99342.47817725,0.0
2024-10-31,VST,True,Completed,0,850,116.9954934273,99446.169413205,0.0
2024-10-31,WSM,False,Completed,0,-651,150.0814415041,99583.23510806791,0.0
2024-11-30,COR,True,Completed,0,444,227.4712701892,100997.2439640048,0.0
2024-11-30,DVA,True,Completed,0,715,141.64,101272.59999999999,0.0
2024-11-30,GDDY,True,Completed,0,599,167.79,100506.20999999999,0.0
2024-11-30,GE,False,Completed,0,-534,171.24592388,99242.2069649082,0.0
2024-11-30,KMB,True,Completed,0,792,126.6470590793,100304.4707908056,0.0
2024-11-30,LII,False,Completed,0,-172,597.2829520524,99695.7090664816,0.0
2024-11-30,SMCI,False,Completed,0,-1425,27.6,100399.8,0.0
2024-11-30,TRGP,False,Completed,0,-700,163.0615271738,99342.47817725,0.0
2024-12-31,CL,False,Completed,0,-978,93.34398547079999,99971.8878405096,0.0
2024-12-31,CLX,False,Completed,0,-657,157.2829117399,101830.4044085817,0.0
2024-12-31,COR,False,Completed,0,-444,248.10578452239997,100997.2439640048,0.0
2024-12-31,DVA,False,Completed,0,-715,166.46,101272.59999999999,0.0
2024-12-31,FTNT,True,Completed,0,1052,95.36,100318.72,0.0
2024-12-31,GM,True,Completed,0,1825,54.6815165182,99793.767645715,0.0
2024-12-31,KMB,False,Completed,0,-792,131.4826398523,100304.4707908056,0.0
2024-12-31,LII,True,Completed,0,152,661.2793146375,100514.4558249,0.0
2024-12-31,MSI,False,Completed,0,-225,490.7896824328001,99617.89356101249,0.0
2024-12-31,ORCL,True,Completed,0,549,182.2994208754,100082.3820605946,0.0
2024-12-31,TPL,True,Completed,0,189,529.8094922748,100133.99403993721,0.0
2024-12-31,VRT,True,Completed,0,785,128.7512812292,101069.755764922,0.0
2025-01-31,APO,True,Completed,0,619,163.2396263091,101045.3286853329,0.0
2025-01-31,CL,True,Completed,0,1140,87.8361405081,100133.200179234,0.0
2025-01-31,CVNA,True,Completed,0,2458,40.141,98666.578,0.0
2025-01-31,GM,False,Completed,0,-1825,52.6516970382,99793.767645715,0.0
2025-01-31,HD,False,Completed,0,-281,379.8712398222,99623.32585605241,0.0
2025-01-31,LII,False,Completed,0,-152,607.2707059393,100514.4558249,0.0
2025-01-31,LYV,True,Completed,0,772,130.6,100823.2,0.0
2025-01-31,ORCL,False,Completed,0,-549,165.8000885419,100082.3820605946,0.0
2025-01-31,UAL,True,Completed,0,1029,97.29,100111.41,0.0
2025-01-31,VRT,False,Completed,0,-785,114.8318257106,101069.755764922,0.0
2025-02-28,APO,False,Completed,0,-619,162.5455719664,101045.3286853329,0.0
2025-02-28,CLX,True,Completed,0,664,150.458697317,99904.575018488,0.0
2025-02-28,CVNA,False,Completed,0,-2458,48.193,98666.578,0.0
2025-02-28,HD,True,Completed,0,250,393.4238847234,98355.97118085,0.0
2025-02-28,KMB,True,Completed,0,810,123.0189214543,99645.326377983,0.0
2025-02-28,LII,True,Completed,0,170,567.9766028744,96556.022488648,0.0
2025-02-28,LMT,True,Completed,0,225,440.3795832886,99085.406239935,0.0
2025-02-28,NVDA,False,Completed,0,-854,114.7131559668,100323.055758618,0.0
2025-02-28,TPL,False,Completed,0,-189,423.3923509889,100133.99403993721,0.0
2025-02-28,UAL,False,Completed,0,-1029,101.96,100111.41,0.0
2025-02-28,VRSK,True,Completed,0,351,284.8255837698,99973.7799031998,0.0
2025-02-28,VST,False,Completed,0,-850,156.4063936027,99446.169413205,0.0
2025-03-31,AAPL,True,Completed,0,415,240.5336843791,99821.4790173265,0.0
2025-03-31,EBAY,True,Completed,0,1577,63.6381272244,100357.3266328788,0.0
2025-03-31,HD,False,Completed,0,-250,384.5405570791,98355.97118085,0.0
2025-03-31,LII,False,Completed,0,-170,592.928061985,96556.022488648,0.0
2025-03-31,LMT,False,Completed,0,-225,437.8616935596,99085.406239935,0.0
2025-03-31,VST,True,Completed,0,753,132.7319274218,99947.1413486154,0.0
2025-04-30,AAPL,False,Completed,0,-415,218.6629161461,99821.4790173265,0.0
2025-04-30,CL,False,Completed,0,-1140,91.4187078563,100133.200179234,0.0
2025-04-30,CLX,False,Completed,0,-664,140.3990415194,99904.575018488,0.0
2025-04-30,EBAY,False,Completed,0,-1577,66.4676368179,100357.3266328788,0.0
2025-04-30,HD,True,Completed,0,279,355.0927332056,99070.87256436239,0.0
2025-04-30,KMB,False,Completed,0,-810,136.7962096849,99645.326377983,0.0
2025-04-30,MMM,True,Completed,0,697,142.3037653034,99185.7244164698,0.0
2025-04-30,NVDA,True,Completed,0,922,108.4895306518,100027.34726095959,0.0
2025-04-30,TRGP,True,Completed,0,513,192.7849508773,98898.6798000549,0.0
2025-04-30,UAL,True,Completed,0,1448,67.45,97667.6,0.0
2025-05-31,CL,True,Completed,0,1112,88.9124234186,98870.6148414832,0.0
2025-05-31,CLX,True,Completed,0,734,134.7917661195,98937.156331713,0.0
2025-05-31,FFIV,True,Completed,0,377,264.54,99731.58,0.0
2025-05-31,KMB,True,Completed,0,792,124.8172051829,98855.2265048568,0.0
2025-05-31,MMM,False,Completed,0,-697,135.0567238583,99185.7244164698,0.0
2025-05-31,NVDA,False,Completed,0,-922,113.0534592094,100027.34726095959,0.0
2025-05-31,TMUS,True,Completed,0,414,239.8978026937,99317.6903151918,0.0
2025-05-31,TRGP,False,Completed,0,-513,165.2862174849,98898.6798000549,0.0
2025-05-31,UAL,False,Completed,0,-1448,69.85,97667.6,0.0
2025-05-31,VST,False,Completed,0,-753,136.9457411548,99947.1413486154,0.0
2025-06-30,APP,True,Completed,0,254,392.31,99646.74,0.0
2025-06-30,COR,True,Completed,0,345,288.1152555721,99399.7631723745,0.0
2025-06-30,DVA,True,Completed,0,733,135.67,99446.10999999999,0.0
2025-06-30,FFIV,False,Completed,0,-377,283.99,99731.58,0.0
2025-06-30,HD,False,Completed,0,-279,356.0776391774,99070.87256436239,0.0
2025-06-30,KMB,False,Completed,0,-792,137.5047998793,98855.2265048568,0.0
2025-06-30,NRG,True,Completed,0,648,154.7635967148,100286.8106711904,0.0
2025-06-30,TMUS,False,Completed,0,-414,235.17402966900002,99317.6903151918,0.0
2025-07-31,CL,False,Completed,0,-1112,88.8539027362,98870.6148414832,0.0
2025-07-31,COR,False,Completed,0,-345,298.1693653897,99399.7631723745,0.0
2025-07-31,CVNA,True,Completed,0,1483,67.18,99627.94000000002,0.0
2025-07-31,KMB,True,Completed,0,802,125.3182021902,100505.1981565404,0.0
2025-07-31,MA,True,Completed,0,179,556.0153139117,99526.7411901943,0.0
2025-07-31,NRG,False,Completed,0,-648,158.4413824551,100286.8106711904,0.0
2025-08-31,CARR,True,Completed,0,1474,67.2110325586,99069.0619913764,0.0
2025-08-31,CVNA,False,Completed,0,-1483,76.198,99627.94000000002,0.0
2025-08-31,DVA,False,Completed,0,-733,140.2,99446.10999999999,0.0
2025-08-31,EBAY,True,Completed,0,1104,88.0401964201,97196.37684779041,0.0
2025-08-31,GDDY,False,Completed,0,-599,160.47,100506.20999999999,0.0
2025-08-31,HOOD,True,Completed,0,970,97.8,94866.0,0.0
2025-08-31,KMB,False,Completed,0,-802,128.2517983618,100505.1981565404,0.0
2025-08-31,MA,False,Completed,0,-179,561.2823282375,99526.7411901943,0.0
2025-08-31,PYPL,True,Completed,0,1462,67.6394351041,98888.8541221942,0.0
2025-08-31,RCL,True,Completed,0,318,305.7837450668,97239.2309312424,0.0
2025-09-30,CARR,False,Completed,0,-1474,63.41558601409999,99069.0619913764,0.0
2025-09-30,CLX,False,Completed,0,-734,114.7141965116,98937.156331713,0.0
2025-09-30,COR,True,Completed,0,344,290.3269646605,99872.475843212,0.0
2025-09-30,FTNT,False,Completed,0,-1052,75.235,100318.72,0.0
2025-09-30,KMB,True,Completed,0,801,125.0282256329,100147.6087319529,0.0
2025-09-30,MA,True,Completed,0,168,592.8971381988,99606.71921739841,0.0
2025-09-30,PYPL,False,Completed,0,-1462,68.5545568732,98888.8541221942,0.0
2025-09-30,RCL,False,Completed,0,-318,351.2768091878,97239.2309312424,0.0
2025-09-30,UAL,True,Completed,0,952,102.99,98046.48,0.0
2025-09-30,WSM,True,Completed,0,536,185.4943660471,99424.98020124559,0.0
2025-10-31,APP,False,Completed,0,-254,714.835,99646.74,0.0
2025-10-31,CL,True,Completed,0,1274,78.7401037676,100314.89219992241,0.0
2025-10-31,HOOD,False,Completed,0,-970,141.26,94866.0,0.0
2025-10-31,JBL,True,Completed,0,460,214.3373242644,98595.169161624,0.0
2025-10-31,LYV,False,Completed,0,-772,161.0,100823.2,0.0
2025-10-31,NTAP,True,Completed,0,856,115.767164808,99096.693075648,0.0
2025-10-31,ORCL,True,Completed,0,358,276.6288146489,99033.1156443062,0.0
2025-10-31,VRSK,False,Completed,0,-351,251.6544661149,99973.7799031998,0.0
2025-10-31,WBD,True,Completed,0,5120,19.53,99993.6,0.0
2025-10-31,WSM,False,Completed,0,-536,194.1926614729,99424.98020124559,0.0
2025-11-30,APP,True,Completed,0,156,646.985,100929.66,0.0
2025-11-30,CLX,True,Completed,0,910,109.377074793,99533.13806163,0.0
2025-11-30,COIN,True,Completed,0,290,340.87,98852.3,0.0
2025-11-30,COR,False,Completed,0,-344,336.3564717815,99872.475843212,0.0
2025-11-30,EBAY,False,Completed,0,-1104,79.8839452377,97196.37684779041,0.0
2025-11-30,GDDY,True,Completed,0,751,133.11,99965.61000000002,0.0
2025-11-30,GRMN,True,Completed,0,471,211.8251196224,99769.6313421504,0.0
2025-11-30,HOOD,True,Completed,0,681,148.79,101325.98999999999,0.0
2025-11-30,JBL,False,Completed,0,-460,222.1898989298,98595.169161624,0.0
2025-11-30,KMB,False,Completed,0,-801,102.17376869829998,100147.6087319529,0.0
2025-11-30,NTAP,False,Completed,0,-856,116.0019378339,99096.693075648,0.0
2025-11-30,ORCL,False,Completed,0,-358,263.6175288738,99033.1156443062,0.0
2025-11-30,RCL,True,Completed,0,351,283.1560724475,99387.7814290725,0.0
2025-11-30,UAL,False,Completed,0,-952,94.0,98046.48,0.0
2025-11-30,VRSK,True,Completed,0,459,216.3850130514,99320.7209905926,0.0
2025-11-30,WBD,False,Completed,0,-5120,22.5,99993.6,0.0
2025-12-31,AAPL,True,Completed,0,359,277.4910513806,99619.2874456354,0.0
2025-12-31,ABBV,True,Completed,0,446,223.515747116,99688.023213736,0.0
2025-12-31,COIN,False,Completed,0,-290,260.525,98852.3,0.0
2025-12-31,COR,True,Completed,0,272,367.4819453914,99955.0891464608,0.0
2025-12-31,GRMN,False,Completed,0,-471,192.3446675275,99769.6313421504,0.0
2025-12-31,HOOD,False,Completed,0,-681,123.44999999999999,101325.98999999999,0.0
2025-12-31,NVDA,True,Completed,0,565,174.7410774153,98728.7087396445,0.0
2025-12-31,RCL,False,Completed,0,-351,260.1808632648,99387.7814290725,0.0
2026-01-31,AAPL,False,Completed,0,-359,271.7467939773,99619.2874456354,0.0
2026-01-31,ABBV,False,Completed,0,-446,225.0406795868,99688.023213736,0.0
2026-01-31,C,True,Completed,0,865,116.0537837783,100386.5229682295,0.0
2026-01-31,CL,False,Completed,0,-1274,77.9539304514,100314.89219992241,0.0
2026-01-31,CLX,False,Completed,0,-910,98.69709265949999,99533.13806163,0.0
2026-01-31,COR,False,Completed,0,-272,335.8383584417,99955.0891464608,0.0
2026-01-31,FIX,True,Completed,0,107,937.5103458965,100313.6070109255,0.0
2026-01-31,GDDY,False,Completed,0,-751,123.61,99965.61000000002,0.0
2026-01-31,HII,True,Completed,0,296,337.5061607599,99901.8235849304,0.0
2026-01-31,HOOD,True,Completed,0,884,115.478,102082.552,0.0
2026-01-31,KLAC,True,Completed,0,82,1256.4388593325,103027.986465265,0.0
2026-01-31,LITE,True,Completed,0,271,379.38,102811.98,0.0
2026-01-31,LRCX,True,Completed,0,584,177.6428734602,103743.4381007568,0.0
2026-01-31,MA,False,Completed,0,-168,568.8657940274,99606.71921739841,0.0
2026-01-31,NEM,True,Completed,0,1006,100.5251979962,101128.3491841772,0.0
2026-01-31,NVDA,False,Completed,0,-565,189.8247960116,98728.7087396445,0.0
2026-01-31,VRSK,False,Completed,0,-459,221.3898810232,99320.7209905926,0.0
2026-01-31,WDC,True,Completed,0,580,177.1145299145,102726.42735041,0.0
2026-02-28,ABBV,True,Completed,0,452,222.9989864383,100795.5418701116,0.0
2026-02-28,APH,True,Completed,0,695,143.7250229148,99888.890925786,0.0
2026-02-28,APP,False,Completed,0,-156,502.55,100929.66,0.0
2026-02-28,C,False,Completed,0,-865,114.4135688822,100386.5229682295,0.0
2026-02-28,CL,True,Completed,0,1114,89.9790804187,100236.69558643179,0.0
2026-02-28,CLX,True,Completed,0,897,111.4925272709,100008.7969619973,0.0
2026-02-28,CVNA,True,Completed,0,1246,78.238,97484.548,0.0
2026-02-28,DG,True,Completed,0,700,143.0039162562,100102.74137934,0.0
2026-02-28,FIX,False,Completed,0,-107,1141.6965825699,100313.6070109255,0.0
2026-02-28,GDDY,True,Completed,0,994,100.055,99454.67000000001,0.0
2026-02-28,HII,False,Completed,0,-296,414.6302932992,99901.8235849304,0.0
2026-02-28,HOOD,False,Completed,0,-884,95.88,102082.552,0.0
2026-02-28,KLAC,False,Completed,0,-82,1396.3944846284,103027.986465265,0.0
2026-02-28,LITE,False,Completed,0,-271,405.49,102811.98,0.0
2026-02-28,LRCX,False,Completed,0,-584,233.0582606943,103743.4381007568,0.0
2026-02-28,NEM,False,Completed,0,-1006,110.5488512671,101128.3491841772,0.0
2026-02-28,TXT,True,Completed,0,1135,87.6407488745,99472.2499725575,0.0
2026-02-28,ULTA,True,Completed,0,154,647.04,99644.15999999999,0.0
2026-02-28,VRSK,True,Completed,0,460,216.9209855245,99783.65334127,0.0
2026-02-28,WDC,False,Completed,0,-580,243.63742798709998,102726.42735041,0.0
2026-03-31,ABBV,False,Completed,0,-452,231.7364606234,100795.5418701116,0.0
2026-03-31,APH,False,Completed,0,-695,141.2248063703,99888.890925786,0.0
2026-03-31,CVNA,False,Completed,0,-1246,64.496,97484.548,0.0
2026-03-31,DG,False,Completed,0,-700,153.8759954844,100102.74137934,0.0
2026-03-31,FIX,True,Completed,0,70,1404.1874907976,98293.124355832,0.0
2026-03-31,FSLR,True,Completed,0,507,193.1,97901.7,0.0
2026-03-31,HII,True,Completed,0,225,449.1785569375,101065.1753109375,0.0
2026-03-31,LRCX,True,Completed,0,428,229.0129773796,98017.5543184688,0.0
2026-03-31,MU,True,Completed,0,242,401.2829507688,97110.4740860496,0.0
2026-03-31,NEM,True,Completed,0,772,130.9644549001,101104.5591828772,0.0
2026-03-31,TXT,False,Completed,0,-1135,99.3181838146,99472.2499725575,0.0
2026-03-31,ULTA,False,Completed,0,-154,680.83,99644.15999999999,0.0
2026-03-31,VRSK,False,Completed,0,-460,209.4794765021,99783.65334127,0.0
2026-03-31,WDC,True,Completed,0,357,270.3695278887,96521.9214562659,0.0
2026-04-30,APP,True,Completed,0,251,402.005,100903.255,0.0
2026-04-30,CL,False,Completed,0,-1114,84.2553973352,100236.69558643179,0.0
2026-04-30,CLX,False,Completed,0,-897,102.0237587929,100008.7969619973,0.0
2026-04-30,COHR,True,Completed,0,419,244.14,102294.65999999999,0.0
2026-04-30,FSLR,False,Completed,0,-507,198.02,97901.7,0.0
2026-04-30,GDDY,False,Completed,0,-994,82.12,99454.67000000001,0.0
2026-04-30,HII,False,Completed,0,-225,377.8081570021,101065.1753109375,0.0
2026-04-30,KLAC,True,Completed,0,68,1482.2690288557,100794.2939621876,0.0
2026-04-30,LITE,True,Completed,0,142,734.875,104352.25,0.0
2026-04-30,NEM,False,Completed,0,-772,112.3176639687,101104.5591828772,0.0
2026-04-30,TER,True,Completed,0,337,301.8589721979,101726.4736306923,0.0
2026-04-30,VRT,True,Completed,0,399,257.0,102543.0,0.0
2026-05-31,AMAT,True,Completed,0,253,388.9676131716,98408.8061324148,0.0
2026-05-31,APP,False,Completed,0,-251,459.055,100903.255,0.0
2026-05-31,COHR,False,Completed,0,-419,317.01,102294.65999999999,0.0
2026-05-31,GLW,True,Completed,0,609,161.7699691358,98517.91120370221,0.0
2026-05-31,KLAC,False,Completed,0,-68,1730.7336744847,100794.2939621876,0.0
2026-05-31,NEM,True,Completed,0,902,109.7838077961,99024.9946320822,0.0
2026-05-31,STX,True,Completed,0,148,667.01,98717.48,0.0
2026-05-31,VRT,False,Completed,0,-399,330.6499999999999,102543.0,0.0
