strategy,month,portfolio_return,pnl,equity,prev_equity,n_positions,regime_on
base_equal_top10,2006-06-30,0.0,0.0,1000000.0,1000000.0,0,False
base_equal_top10,2006-07-31,0.0,0.0,1000000.0,1000000.0,0,False
base_equal_top10,2006-08-31,0.0,0.0,1000000.0,1000000.0,0,False
base_equal_top10,2006-09-30,0.0,0.0,1000000.0,1000000.0,0,False
base_equal_top10,2006-10-31,0.0,0.0,1000000.0,1000000.0,0,False
base_equal_top10,2006-11-30,0.0,0.0,1000000.0,1000000.0,0,False
base_equal_top10,2006-12-31,0.0,0.0,1000000.0,1000000.0,0,False
base_equal_top10,2007-01-31,0.0,0.0,1000000.0,1000000.0,0,False
base_equal_top10,2007-02-28,0.0,0.0,1000000.0,1000000.0,0,False
base_equal_top10,2007-03-31,0.0,0.0,1000000.0,1000000.0,0,True
base_equal_top10,2007-04-30,0.0,0.0,1000000.0,1000000.0,0,True
base_equal_top10,2007-05-31,0.0,0.0,1000000.0,1000000.0,0,True
base_equal_top10,2007-06-30,0.0,0.0,1000000.0,1000000.0,0,True
base_equal_top10,2007-07-31,0.0,0.0,1000000.0,1000000.0,0,True
base_equal_top10,2007-08-31,0.0,0.0,1000000.0,1000000.0,0,True
base_equal_top10,2007-09-30,0.0,0.0,1000000.0,1000000.0,0,True
base_equal_top10,2007-10-31,0.0,0.0,1000000.0,1000000.0,0,True
base_equal_top10,2007-11-30,0.0,0.0,1000000.0,1000000.0,0,False
base_equal_top10,2007-12-31,0.0,0.0,1000000.0,1000000.0,0,False
base_equal_top10,2008-01-31,0.0,0.0,1000000.0,1000000.0,0,False
base_equal_top10,2008-02-29,0.0,0.0,1000000.0,1000000.0,0,False
base_equal_top10,2008-03-31,0.0,0.0,1000000.0,1000000.0,0,False
base_equal_top10,2008-04-30,0.0,0.0,1000000.0,1000000.0,0,False
base_equal_top10,2008-05-31,0.0,0.0,1000000.0,1000000.0,0,False
base_equal_top10,2008-06-30,0.0,0.0,1000000.0,1000000.0,0,False
base_equal_top10,2008-07-31,0.0,0.0,1000000.0,1000000.0,0,False
base_equal_top10,2008-08-31,0.0,0.0,1000000.0,1000000.0,0,False
base_equal_top10,2008-09-30,0.0,0.0,1000000.0,1000000.0,0,False
base_equal_top10,2008-10-31,0.0,0.0,1000000.0,1000000.0,0,False
base_equal_top10,2008-11-30,0.0,0.0,1000000.0,1000000.0,0,False
base_equal_top10,2008-12-31,0.0,0.0,1000000.0,1000000.0,0,False
base_equal_top10,2009-01-31,0.0,0.0,1000000.0,1000000.0,0,False
base_equal_top10,2009-02-28,0.0,0.0,1000000.0,1000000.0,0,False
base_equal_top10,2009-03-31,0.0,0.0,1000000.0,1000000.0,0,False
base_equal_top10,2009-04-30,0.0,0.0,1000000.0,1000000.0,0,False
base_equal_top10,2009-05-31,0.0,0.0,1000000.0,1000000.0,0,False
base_equal_top10,2009-06-30,0.0,0.0,1000000.0,1000000.0,0,True
base_equal_top10,2009-07-31,0.0,0.0,1000000.0,1000000.0,0,True
base_equal_top10,2009-08-31,0.0,0.0,1000000.0,1000000.0,0,True
base_equal_top10,2009-09-30,0.0,0.0,1000000.0,1000000.0,0,True
base_equal_top10,2009-10-31,0.0,0.0,1000000.0,1000000.0,0,True
base_equal_top10,2009-11-30,0.0,0.0,1000000.0,1000000.0,0,True
base_equal_top10,2009-12-31,0.0,0.0,1000000.0,1000000.0,0,True
base_equal_top10,2010-01-31,0.0,0.0,1000000.0,1000000.0,0,True
base_equal_top10,2010-02-28,0.0,0.0,1000000.0,1000000.0,0,True
base_equal_top10,2010-03-31,0.0,0.0,1000000.0,1000000.0,0,True
base_equal_top10,2010-04-30,0.0,0.0,1000000.0,1000000.0,0,True
base_equal_top10,2010-05-31,-0.04068337958609249,-40683.379586092495,959316.6204139075,1000000.0,10,False
base_equal_top10,2010-06-30,0.08237786738582342,79026.45733747317,1038343.0777513806,959316.6204139075,9,False
base_equal_top10,2010-07-31,-0.0062796918567702255,-6520.474569889078,1031822.6031814915,1038343.0777513806,10,True
base_equal_top10,2010-08-31,0.07667718466093697,79117.25228147591,1110939.8554629674,1031822.6031814915,10,False
base_equal_top10,2010-09-30,0.06585369874123527,73159.49856128971,1184099.354024257,1110939.8554629674,10,True
base_equal_top10,2010-10-31,0.03280301918399204,38842.033825810286,1222941.3878500673,1184099.354024257,10,True
base_equal_top10,2010-11-30,0.016262840448432844,19888.500668390672,1242829.888518458,1222941.3878500673,10,True
base_equal_top10,2010-12-31,-0.003266823945574768,-4060.1064400881182,1238769.78207837,1242829.888518458,10,True
base_equal_top10,2011-01-31,0.027055529380605323,33515.57223482739,1272285.3543131973,1238769.78207837,10,True
base_equal_top10,2011-02-28,0.029309716244101135,37290.32271644549,1309575.6770296427,1272285.3543131973,10,True
base_equal_top10,2011-03-31,0.007198930594288987,9427.544406905408,1319003.221436548,1309575.6770296427,10,True
base_equal_top10,2011-04-30,-0.00658745498268049,-8688.874343223806,1310314.3470933242,1319003.221436548,10,True
base_equal_top10,2011-05-31,-0.008644191110250743,-11326.607630778119,1298987.739462546,1310314.3470933242,10,True
base_equal_top10,2011-06-30,-0.023305752387335302,-30273.88661009852,1268713.8528524477,1298987.739462546,10,True
base_equal_top10,2011-07-31,-0.08478320311873275,-107565.62428593908,1161148.2285665085,1268713.8528524477,10,True
base_equal_top10,2011-08-31,-0.03953471281933036,-45905.661757051086,1115242.5668094575,1161148.2285665085,10,False
base_equal_top10,2011-09-30,0.1326235630471293,147907.4428720964,1263150.0096815538,1115242.5668094575,10,False
base_equal_top10,2011-10-31,0.02290443819945487,28931.74133339197,1292081.7510149458,1263150.0096815538,10,False
base_equal_top10,2011-11-30,0.0151580910747654,19585.4928579269,1311667.2438728728,1292081.7510149458,10,False
base_equal_top10,2011-12-31,0.06829794447260899,89584.17658856953,1401251.4204614423,1311667.2438728728,10,False
base_equal_top10,2012-01-31,0.02724393128865324,38175.597417179284,1439427.0178786216,1401251.4204614423,10,True
base_equal_top10,2012-02-29,0.012578145683903369,18105.32273222388,1457532.3406108455,1439427.0178786216,10,True
base_equal_top10,2012-03-31,0.03284950528813864,47879.21633052906,1505411.5569413744,1457532.3406108455,10,True
base_equal_top10,2012-04-30,-0.04546611652548859,-68445.21726671373,1436966.3396746607,1505411.5569413744,10,True
base_equal_top10,2012-05-31,0.03944287547983365,56678.08440449998,1493644.4240791607,1436966.3396746607,10,True
base_equal_top10,2012-06-30,0.024390675352059334,36430.99623912844,1530075.4203182892,1493644.4240791607,10,True
base_equal_top10,2012-07-31,0.012725298878804383,19470.66703066247,1549546.0873489517,1530075.4203182892,10,True
base_equal_top10,2012-08-31,-0.008879931210055996,-13759.862662470112,1535786.2246864815,1549546.0873489517,10,True
base_equal_top10,2012-09-30,0.03319802975968581,50985.07679165734,1586771.301478139,1535786.2246864815,10,True
base_equal_top10,2012-10-31,0.01333540440743878,21160.237007328942,1607931.538485468,1586771.301478139,10,True
base_equal_top10,2012-11-30,0.02647666218440809,42572.66016013531,1650504.1986456031,1607931.538485468,10,True
base_equal_top10,2012-12-31,0.03038744848293058,50154.611307203886,1700658.8099528071,1650504.1986456031,10,True
base_equal_top10,2013-01-31,-0.02737056590135165,-46547.994033527575,1654110.8159192796,1700658.8099528071,10,True
base_equal_top10,2013-02-28,0.03507351964354439,58015.48819474409,1712126.3041140237,1654110.8159192796,10,True
base_equal_top10,2013-03-31,0.04193295187881618,71794.50992086876,1783920.8140348925,1712126.3041140237,10,True
base_equal_top10,2013-04-30,0.04374615698152699,78039.67997338383,1861960.4940082764,1783920.8140348925,10,True
base_equal_top10,2013-05-31,-0.02466745425153587,-45929.82530411629,1816030.66870416,1861960.4940082764,10,True
base_equal_top10,2013-06-30,0.01931409141316397,35074.98234446144,1851105.6510486214,1816030.66870416,10,True
base_equal_top10,2013-07-31,-0.004153398095393777,-7688.378685438002,1843417.2723631833,1851105.6510486214,10,True
base_equal_top10,2013-08-31,0.02360291696101271,43510.024804084765,1886927.297167268,1843417.2723631833,10,True
base_equal_top10,2013-09-30,0.015210378749342328,28700.87886238697,1915628.1760296552,1886927.297167268,10,True
base_equal_top10,2013-10-31,0.02842850951620694,54458.45383177319,1970086.6298614284,1915628.1760296552,10,True
base_equal_top10,2013-11-30,0.008591000523524829,16925.015268528798,1987011.6451299572,1970086.6298614284,10,True
base_equal_top10,2013-12-31,0.005842203493946438,11608.526375690497,1998620.1715056477,1987011.6451299572,10,True
base_equal_top10,2014-01-31,0.034293387063419264,68539.45513420057,2067159.6266398483,1998620.1715056477,10,True
base_equal_top10,2014-02-28,0.013824465409173712,28577.376753723027,2095737.0033935714,2067159.6266398483,10,True
base_equal_top10,2014-03-31,-0.0011672830952244471,-2446.318376097656,2093290.6850174738,2095737.0033935714,10,True
base_equal_top10,2014-04-30,0.029384660313989352,61510.635717676545,2154801.3207351505,2093290.6850174738,10,True
base_equal_top10,2014-05-31,-0.0005586880621161367,-1203.861774126813,2153597.4589610235,2154801.3207351505,10,True
base_equal_top10,2014-06-30,0.0009864771473816073,2124.4746779241486,2155721.9336389476,2153597.4589610235,10,True
base_equal_top10,2014-07-31,0.03385111895644069,72973.59961262035,2228695.5332515677,2155721.9336389476,10,True
base_equal_top10,2014-08-31,-0.010789652074637687,-24046.849384083525,2204648.6838674843,2228695.5332515677,10,True
base_equal_top10,2014-09-30,0.01660101945430526,36599.4156907926,2241248.099558277,2204648.6838674843,10,True
base_equal_top10,2014-10-31,0.024619296445941262,55177.951371927695,2296426.050930205,2241248.099558277,10,True
base_equal_top10,2014-11-30,-0.003772333335001605,-8662.884543290105,2287763.166386915,2296426.050930205,10,True
base_equal_top10,2014-12-31,0.008003358338210307,18309.78841355313,2306072.954800468,2287763.166386915,10,True
base_equal_top10,2015-01-31,0.020123483255341055,46406.22049152209,2352479.17529199,2306072.954800468,10,True
base_equal_top10,2015-02-28,-0.003943152391207452,-9276.183885318345,2343202.9914066717,2352479.17529199,10,True
base_equal_top10,2015-03-31,-0.010979339482851206,-25726.821119886325,2317476.1702867853,2343202.9914066717,10,True
base_equal_top10,2015-04-30,0.005201532730534662,12054.428151980834,2329530.5984387663,2317476.1702867853,10,True
base_equal_top10,2015-05-31,-0.009431514705293654,-21971.00209560675,2307559.5963431597,2329530.5984387663,10,True
base_equal_top10,2015-06-30,0.0012031109898443808,2776.2503100813187,2310335.846653241,2307559.5963431597,10,True
base_equal_top10,2015-07-31,-0.01468324386232031,-33923.2246402698,2276412.6220129714,2310335.846653241,10,True
base_equal_top10,2015-08-31,0.00757783520111083,17250.279699342896,2293662.901712314,2276412.6220129714,10,False
base_equal_top10,2015-09-30,0.04286030797604415,98307.09836061687,2391970.000072931,2293662.901712314,10,False
base_equal_top10,2015-10-31,0.003530073377866744,8443.829617913367,2400413.8296908443,2391970.000072931,10,True
base_equal_top10,2015-11-30,-0.007578633033323478,-18191.85554334155,2382221.974147503,2400413.8296908443,10,True
base_equal_top10,2015-12-31,-0.00029591983179392655,-704.9467258855246,2381517.0274216174,2382221.974147503,10,False
base_equal_top10,2016-01-31,0.006903819737270922,16441.564258560138,2397958.5916801775,2381517.0274216174,10,False
base_equal_top10,2016-02-29,0.017250816073930038,41366.74261797504,2439325.3342981525,2397958.5916801775,10,False
base_equal_top10,2016-03-31,-0.005290760616058773,-12905.886408459066,2426419.4478896935,2439325.3342981525,10,True
base_equal_top10,2016-04-30,0.00816480945854138,19811.252458518524,2446230.700348212,2426419.4478896935,10,True
base_equal_top10,2016-05-31,0.014645099697075437,35825.292488646235,2482055.992836858,2446230.700348212,10,True
base_equal_top10,2016-06-30,0.004302752902793786,10679.673628075503,2492735.6664649337,2482055.992836858,10,True
base_equal_top10,2016-07-31,0.0015434534770482648,3847.4215317675253,2496583.0879967012,2492735.6664649337,10,True
base_equal_top10,2016-08-31,-0.006987367870195375,-17444.544454341303,2479138.54354236,2496583.0879967012,10,True
base_equal_top10,2016-09-30,-0.009264634497354245,-22968.31247422311,2456170.2310681366,2479138.54354236,10,True
base_equal_top10,2016-10-31,0.019250347029851837,47282.129312453006,2503452.3603805895,2456170.2310681366,10,True
base_equal_top10,2016-11-30,-0.005104069565225299,-12777.795000610004,2490674.5653799796,2503452.3603805895,10,True
base_equal_top10,2016-12-31,0.004353279779184276,10842.60322199725,2501517.1686019767,2490674.5653799796,10,True
base_equal_top10,2017-01-31,0.019414512343389055,48565.73594702272,2550082.9045489994,2501517.1686019767,10,True
base_equal_top10,2017-02-28,-0.00819763561215679,-20904.650432283102,2529178.2541167163,2550082.9045489994,10,True
base_equal_top10,2017-03-31,0.001528999939804546,3867.1133982994265,2533045.367515016,2529178.2541167163,10,True
base_equal_top10,2017-04-30,0.012205305884445468,30916.593529698355,2563961.9610447143,2533045.367515016,10,True
base_equal_top10,2017-05-31,0.005161025912054729,13232.67411847443,2577194.635163189,2563961.9610447143,10,True
base_equal_top10,2017-06-30,0.0009387682458821293,2419.388486948981,2579614.0236501377,2577194.635163189,10,True
base_equal_top10,2017-07-31,0.004198145453664419,10829.594885595805,2590443.6185357333,2579614.0236501377,10,True
base_equal_top10,2017-08-31,0.014684899766196661,38040.40488818102,2628484.0234239143,2590443.6185357333,10,True
base_equal_top10,2017-09-30,0.001373123779016507,3609.2339153283583,2632093.257339243,2628484.0234239143,10,True
base_equal_top10,2017-10-31,0.0195390545633742,51428.6137710408,2683521.871110284,2632093.257339243,10,True
base_equal_top10,2017-11-30,0.008196325128914292,21995.017746172318,2705516.888856456,2683521.871110284,10,True
base_equal_top10,2017-12-31,0.01613761536622073,43660.590919179645,2749177.479775636,2705516.888856456,10,True
base_equal_top10,2018-01-31,-0.021583660830525955,-59337.31428639745,2689840.1654892387,2749177.479775636,10,True
base_equal_top10,2018-02-28,-0.011782750310048398,-31693.715043898963,2658146.4504453395,2689840.1654892387,10,True
base_equal_top10,2018-03-31,-0.007208890463208229,-19162.286596426213,2638984.1638489133,2658146.4504453395,10,True
base_equal_top10,2018-04-30,0.022260953264678106,58746.30313766629,2697730.4669865794,2638984.1638489133,10,True
base_equal_top10,2018-05-31,-0.008792684047186135,-23720.2916406809,2674010.1753458986,2697730.4669865794,10,True
base_equal_top10,2018-06-30,0.02075463997656943,55498.118482987426,2729508.293828886,2674010.1753458986,10,True
base_equal_top10,2018-07-31,0.02359184336974591,64394.13214443347,2793902.4259733194,2729508.293828886,10,True
base_equal_top10,2018-08-31,0.004218702908620542,11786.644290855631,2805689.070264175,2793902.4259733194,10,True
base_equal_top10,2018-09-30,-0.036219661864219994,-101621.10942110619,2704067.960843069,2805689.070264175,10,True
base_equal_top10,2018-10-31,0.01018687178592593,27545.993617538523,2731613.9544606074,2704067.960843069,10,False
base_equal_top10,2018-11-30,-0.026887655064118627,-73446.69377586986,2658167.2606847375,2731613.9544606074,10,True
base_equal_top10,2018-12-31,0.035880376391610715,95376.04182522518,2753543.3025099626,2658167.2606847375,10,False
base_equal_top10,2019-01-31,0.018046656323280785,49692.24965166888,2803235.5521616316,2753543.3025099626,10,False
base_equal_top10,2019-02-28,0.01521943150007465,42663.65146469789,2845899.2036263295,2803235.5521616316,10,True
base_equal_top10,2019-03-31,0.005818192401243962,16557.989121244955,2862457.1927475743,2845899.2036263295,10,True
base_equal_top10,2019-04-30,-0.01902639568422365,-54462.2431783674,2807994.9495692067,2862457.1927475743,10,True
base_equal_top10,2019-05-31,0.023210362863436876,65174.58169819942,2873169.531267406,2807994.9495692067,10,False
base_equal_top10,2019-06-30,-9.583065755185354e-06,-27.533772543930635,2873141.997494862,2873169.531267406,10,True
base_equal_top10,2019-07-31,-0.0020445360198610755,-5874.242304053845,2867267.7551908083,2873141.997494862,10,True
base_equal_top10,2019-08-31,-0.009265559992821736,-26566.841401203743,2840700.913789605,2867267.7551908083,10,True
base_equal_top10,2019-09-30,0.012383789928049407,35178.643364788455,2875879.5571543933,2840700.913789605,10,True
base_equal_top10,2019-10-31,0.005843070201820414,16803.966144433325,2892683.5232988265,2875879.5571543933,10,True
base_equal_top10,2019-11-30,0.009480450576374144,27423.943175726352,2920107.466474553,2892683.5232988265,10,True
base_equal_top10,2019-12-31,-0.0012306028980055873,-3593.492710731339,2916513.9737638216,2920107.466474553,10,True
base_equal_top10,2020-01-31,-0.03535437339266062,-103111.52403335855,2813402.4497304633,2916513.9737638216,10,True
base_equal_top10,2020-02-29,-0.07225949516958242,-203295.04072638977,2610107.4090040736,2813402.4497304633,10,False
base_equal_top10,2020-03-31,0.09192364718959398,239930.5925922357,2850038.0015963092,2610107.4090040736,10,False
base_equal_top10,2020-04-30,0.028663310972145053,81691.52552218585,2931729.527118495,2850038.0015963092,10,False
base_equal_top10,2020-05-31,0.010556639889450482,30949.212871058906,2962678.739989554,2931729.527118495,10,True
base_equal_top10,2020-06-30,0.030106281432391354,89195.23993988812,3051873.979929442,2962678.739989554,10,True
base_equal_top10,2020-07-31,0.011868527462075595,36221.250141586526,3088095.2300710287,3051873.979929442,10,True
base_equal_top10,2020-08-31,-0.015173385731405285,-46856.860101180464,3041238.369969848,3088095.2300710287,10,True
base_equal_top10,2020-09-30,-0.004802280796032233,-14604.880620262573,3026633.4893495855,3041238.369969848,10,True
base_equal_top10,2020-10-31,0.01441480543537631,43628.33287316837,3070261.822222754,3026633.4893495855,10,True
base_equal_top10,2020-11-30,0.011410440479848965,35033.039780025356,3105294.8620027793,3070261.822222754,10,True
base_equal_top10,2020-12-31,-0.005950394176539093,-18477.728463298103,3086817.133539481,3105294.8620027793,10,True
base_equal_top10,2021-01-31,0.017018232509773048,52532.17169372605,3139349.305233207,3086817.133539481,10,True
base_equal_top10,2021-02-28,-0.009496691924918383,-29813.433196506332,3109535.8720367006,3139349.305233207,10,True
base_equal_top10,2021-03-31,0.02027396999645757,63042.63697258059,3172578.509009281,3109535.8720367006,10,True
base_equal_top10,2021-04-30,0.004945975361229333,15691.4951371256,3188270.004146407,3172578.509009281,10,True
base_equal_top10,2021-05-31,0.005239734309104672,16705.68772741522,3204975.691873822,3188270.004146407,10,True
base_equal_top10,2021-06-30,0.0022289745649671524,7143.80929852475,3212119.5011723465,3204975.691873822,10,True
base_equal_top10,2021-07-31,0.0034905081086475274,11211.929164786927,3223331.4303371334,3212119.5011723465,10,True
base_equal_top10,2021-08-31,-0.014112691019137036,-45489.880528621,3177841.5498085124,3223331.4303371334,10,True
base_equal_top10,2021-09-30,0.029458105740024828,93613.19239930353,3271454.742207816,3177841.5498085124,10,True
base_equal_top10,2021-10-31,-0.006484269117839957,-21212.99295530922,3250241.7492525065,3271454.742207816,10,True
base_equal_top10,2021-11-30,0.015844541601127846,51498.59060975388,3301740.3398622605,3250241.7492525065,10,True
base_equal_top10,2021-12-31,-0.011519205754815257,-38033.42632384703,3263706.9135384136,3301740.3398622605,10,True
base_equal_top10,2022-01-31,0.0068316222769558375,22296.412855983806,3286003.3263943973,3263706.9135384136,10,True
base_equal_top10,2022-02-28,2.848113698471983e-05,93.58911087128385,3286096.9155052686,3286003.3263943973,10,False
base_equal_top10,2022-03-31,-0.01154692593080615,-37944.317684789894,3248152.5978204785,3286096.9155052686,10,True
base_equal_top10,2022-04-30,0.0040429864559821905,13132.23695995156,3261284.83478043,3248152.5978204785,10,False
base_equal_top10,2022-05-31,-0.04629711938468006,-150988.09334327615,3110296.741437154,3261284.83478043,10,False
base_equal_top10,2022-06-30,0.01992557493432477,61974.45078949216,3172271.192226646,3110296.741437154,10,False
base_equal_top10,2022-07-31,0.0020545198006178805,6517.493977359334,3178788.6862040055,3172271.192226646,10,False
base_equal_top10,2022-08-31,-0.025756932414995094,-81875.84535210762,3096912.840851898,3178788.6862040055,10,False
base_equal_top10,2022-09-30,0.027457750161412126,85034.25905578048,3181947.0999076786,3096912.840851898,10,False
base_equal_top10,2022-10-31,0.010947071141368048,34833.0012707591,3216780.1011784375,3181947.0999076786,10,False
base_equal_top10,2022-11-30,-0.01824008107388923,-58674.3298423683,3158105.7713360693,3216780.1011784375,10,True
base_equal_top10,2022-12-31,0.006519510902375071,20589.30500707914,3178695.0763431485,3158105.7713360693,10,False
base_equal_top10,2023-01-31,-0.002358193460376259,-7495.977941562626,3171199.098401586,3178695.0763431485,10,True
base_equal_top10,2023-02-28,0.007870506023089497,24958.941604385665,3196158.0400059717,3171199.098401586,10,True
base_equal_top10,2023-03-31,0.0035871346369996345,11465.049210630285,3207623.089216602,3196158.0400059717,10,True
base_equal_top10,2023-04-30,0.036972483212307644,118593.7908174712,3326216.8800340733,3207623.089216602,10,True
base_equal_top10,2023-05-31,0.022169856369690533,73741.75048479557,3399958.630518869,3326216.8800340733,10,True
base_equal_top10,2023-06-30,0.006713188724041468,22824.563940606746,3422783.1944594756,3399958.630518869,10,True
base_equal_top10,2023-07-31,0.005805499740244379,19870.96694634731,3442654.1614058227,3422783.1944594756,10,True
base_equal_top10,2023-08-31,-0.011360549270511814,-39110.44222198338,3403543.7191838394,3442654.1614058227,10,True
base_equal_top10,2023-09-30,-0.007529151359468,-25625.795820301777,3377917.9233635375,3403543.7191838394,10,True
base_equal_top10,2023-10-31,0.03029264954180382,102326.08383342937,3480244.007196967,3377917.9233635375,10,False
base_equal_top10,2023-11-30,0.02126801279123451,74017.87406168235,3554261.8812586493,3480244.007196967,10,True
base_equal_top10,2023-12-31,0.04933596912235046,175352.954426524,3729614.835685173,3554261.8812586493,10,True
base_equal_top10,2024-01-31,0.021414141449550096,79866.49964370283,3809481.335328876,3729614.835685173,10,True
base_equal_top10,2024-02-29,0.016167968811075833,61591.57541597278,3871072.9107448487,3809481.335328876,10,True
base_equal_top10,2024-03-31,-0.011696302710776285,-45277.24057955762,3825795.670165291,3871072.9107448487,10,True
base_equal_top10,2024-04-30,0.008403069299758899,32148.42614311648,3857944.0963084074,3825795.670165291,10,True
base_equal_top10,2024-05-31,0.00295986302143124,11418.986069412218,3869363.08237782,3857944.0963084074,10,True
base_equal_top10,2024-06-30,0.005296144438939249,20492.70577097212,3889855.788148792,3869363.08237782,10,True
base_equal_top10,2024-07-31,-0.004674855673356844,-18184.514399767337,3871671.2737490246,3889855.788148792,10,True
base_equal_top10,2024-08-31,0.013531903642388153,52391.082611374004,3924062.3563603987,3871671.2737490246,10,True
base_equal_top10,2024-09-30,-0.006497254695167047,-25495.632568990866,3898566.723791408,3924062.3563603987,10,True
base_equal_top10,2024-10-31,0.02732994603082838,106547.61815880258,4005114.3419502103,3898566.723791408,10,True
base_equal_top10,2024-11-30,-0.023484901655291296,-94059.7164388974,3911054.625511313,4005114.3419502103,10,True
base_equal_top10,2024-12-31,0.01995498040944051,78045.01843232993,3989099.6439436427,3911054.625511313,10,True
base_equal_top10,2025-01-31,0.00326998237846312,13044.285541629219,4002143.929485272,3989099.6439436427,10,True
base_equal_top10,2025-02-28,-0.009088672644978795,-36374.17605318074,3965769.7534320913,4002143.929485272,10,True
base_equal_top10,2025-03-31,0.0020876077907624317,8278.971833634841,3974048.725265726,3965769.7534320913,10,False
base_equal_top10,2025-04-30,0.004285077187810321,17029.10553588285,3991077.830801609,3974048.725265726,10,False
base_equal_top10,2025-05-31,0.0010607776230100738,4233.6460546059325,3995311.476856215,3991077.830801609,10,True
base_equal_top10,2025-06-30,0.0003238561000267338,1293.9059932867037,3996605.3828495014,3995311.476856215,10,True
base_equal_top10,2025-07-31,0.008531366798454648,34096.506469767366,4030701.889319269,3996605.3828495014,10,True
base_equal_top10,2025-08-31,0.02237474230036831,90185.91606312631,4120887.805382395,4030701.889319269,10,True
base_equal_top10,2025-09-30,-0.0003258159302935167,-1342.6508939458736,4119545.1544884495,4120887.805382395,10,True
base_equal_top10,2025-10-31,-0.013415965911998203,-55267.67736555441,4064277.477122895,4119545.1544884495,10,True
base_equal_top10,2025-11-30,0.00129070454993843,5245.781431934804,4069523.2585548298,4064277.477122895,10,True
base_equal_top10,2025-12-31,0.024530731009161734,99828.38039113587,4169351.6389459656,4069523.2585548298,10,True
base_equal_top10,2026-01-31,0.005235006562929302,21826.58319304217,4191178.222139008,4169351.6389459656,10,True
base_equal_top10,2026-02-28,-0.021802925856106325,-91379.94802702432,4099798.2741119834,4191178.222139008,10,True
base_equal_top10,2026-03-31,0.06808011163613172,279114.724187164,4378912.998299147,4099798.2741119834,10,False
base_equal_top10,2026-04-30,0.04710359525853774,206262.54554423297,4585175.54384338,4378912.998299147,10,True
base_equal_top10,2026-05-31,0.0,0.0,4585175.54384338,4585175.54384338,0,True
equal_top5,2006-06-30,0.0,0.0,1000000.0,1000000.0,0,False
equal_top5,2006-07-31,0.0,0.0,1000000.0,1000000.0,0,False
equal_top5,2006-08-31,0.0,0.0,1000000.0,1000000.0,0,False
equal_top5,2006-09-30,0.0,0.0,1000000.0,1000000.0,0,False
equal_top5,2006-10-31,0.0,0.0,1000000.0,1000000.0,0,False
equal_top5,2006-11-30,0.0,0.0,1000000.0,1000000.0,0,False
equal_top5,2006-12-31,0.0,0.0,1000000.0,1000000.0,0,False
equal_top5,2007-01-31,0.0,0.0,1000000.0,1000000.0,0,False
equal_top5,2007-02-28,0.0,0.0,1000000.0,1000000.0,0,False
equal_top5,2007-03-31,0.0,0.0,1000000.0,1000000.0,0,True
equal_top5,2007-04-30,0.0,0.0,1000000.0,1000000.0,0,True
equal_top5,2007-05-31,0.0,0.0,1000000.0,1000000.0,0,True
equal_top5,2007-06-30,0.0,0.0,1000000.0,1000000.0,0,True
equal_top5,2007-07-31,0.0,0.0,1000000.0,1000000.0,0,True
equal_top5,2007-08-31,0.0,0.0,1000000.0,1000000.0,0,True
equal_top5,2007-09-30,0.0,0.0,1000000.0,1000000.0,0,True
equal_top5,2007-10-31,0.0,0.0,1000000.0,1000000.0,0,True
equal_top5,2007-11-30,0.0,0.0,1000000.0,1000000.0,0,False
equal_top5,2007-12-31,0.0,0.0,1000000.0,1000000.0,0,False
equal_top5,2008-01-31,0.0,0.0,1000000.0,1000000.0,0,False
equal_top5,2008-02-29,0.0,0.0,1000000.0,1000000.0,0,False
equal_top5,2008-03-31,0.0,0.0,1000000.0,1000000.0,0,False
equal_top5,2008-04-30,0.0,0.0,1000000.0,1000000.0,0,False
equal_top5,2008-05-31,0.0,0.0,1000000.0,1000000.0,0,False
equal_top5,2008-06-30,0.0,0.0,1000000.0,1000000.0,0,False
equal_top5,2008-07-31,0.0,0.0,1000000.0,1000000.0,0,False
equal_top5,2008-08-31,0.0,0.0,1000000.0,1000000.0,0,False
equal_top5,2008-09-30,0.0,0.0,1000000.0,1000000.0,0,False
equal_top5,2008-10-31,0.0,0.0,1000000.0,1000000.0,0,False
equal_top5,2008-11-30,0.0,0.0,1000000.0,1000000.0,0,False
equal_top5,2008-12-31,0.0,0.0,1000000.0,1000000.0,0,False
equal_top5,2009-01-31,0.0,0.0,1000000.0,1000000.0,0,False
equal_top5,2009-02-28,0.0,0.0,1000000.0,1000000.0,0,False
equal_top5,2009-03-31,0.0,0.0,1000000.0,1000000.0,0,False
equal_top5,2009-04-30,0.0,0.0,1000000.0,1000000.0,0,False
equal_top5,2009-05-31,0.0,0.0,1000000.0,1000000.0,0,False
equal_top5,2009-06-30,0.0,0.0,1000000.0,1000000.0,0,True
equal_top5,2009-07-31,0.0,0.0,1000000.0,1000000.0,0,True
equal_top5,2009-08-31,0.0,0.0,1000000.0,1000000.0,0,True
equal_top5,2009-09-30,0.0,0.0,1000000.0,1000000.0,0,True
equal_top5,2009-10-31,0.0,0.0,1000000.0,1000000.0,0,True
equal_top5,2009-11-30,0.0,0.0,1000000.0,1000000.0,0,True
equal_top5,2009-12-31,0.0,0.0,1000000.0,1000000.0,0,True
equal_top5,2010-01-31,0.0,0.0,1000000.0,1000000.0,0,True
equal_top5,2010-02-28,0.0,0.0,1000000.0,1000000.0,0,True
equal_top5,2010-03-31,0.0,0.0,1000000.0,1000000.0,0,True
equal_top5,2010-04-30,0.0,0.0,1000000.0,1000000.0,0,True
equal_top5,2010-05-31,-0.027975098193015024,-27975.098193015023,972024.901806985,1000000.0,5,False
equal_top5,2010-06-30,0.06418090964679297,62385.44239730691,1034410.3442042919,972024.901806985,5,False
equal_top5,2010-07-31,0.028538389456629357,29520.40526086811,1063930.74946516,1034410.3442042919,5,True
equal_top5,2010-08-31,0.05285010645492535,56228.85336990222,1120159.6028350622,1063930.74946516,5,False
equal_top5,2010-09-30,0.028870980752294634,32340.106332949083,1152499.7091680113,1120159.6028350622,5,True
equal_top5,2010-10-31,-0.01162188427156902,-13394.218242967581,1139105.4909250438,1152499.7091680113,5,True
equal_top5,2010-11-30,0.029270855910943368,33342.59269223137,1172448.083617275,1139105.4909250438,5,True
equal_top5,2010-12-31,0.011816964935326642,13854.77789259626,1186302.8615098714,1172448.083617275,5,True
equal_top5,2011-01-31,0.016091213026427315,19089.052058415644,1205391.9135682872,1186302.8615098714,5,True
equal_top5,2011-02-28,0.009141450780598474,11019.030849215906,1216410.944417503,1205391.9135682872,5,True
equal_top5,2011-03-31,0.004869600569291169,5923.435427427481,1222334.3798449305,1216410.944417503,5,True
equal_top5,2011-04-30,-0.009437840299032888,-11536.196668993858,1210798.1831759366,1222334.3798449305,5,True
equal_top5,2011-05-31,-0.001514147624357808,-1833.3271926325945,1208964.855983304,1210798.1831759366,5,True
equal_top5,2011-06-30,-0.008327140673579682,-10067.220425186973,1198897.6355581172,1208964.855983304,5,True
equal_top5,2011-07-31,-0.05290483662153056,-63427.48353514148,1135470.1520229757,1198897.6355581172,5,True
equal_top5,2011-08-31,-0.022343693884071623,-25370.59749130164,1110099.5545316741,1135470.1520229757,5,False
equal_top5,2011-09-30,0.0888590149920146,98642.35295875875,1208741.907490433,1110099.5545316741,5,False
equal_top5,2011-10-31,0.009485459836817771,11465.472816579004,1220207.380307012,1208741.907490433,5,False
equal_top5,2011-11-30,0.0008147466385105187,994.1598613908642,1221201.540168403,1220207.380307012,5,False
equal_top5,2011-12-31,0.05651058555700122,69010.8141180282,1290212.354286431,1221201.540168403,5,False
equal_top5,2012-01-31,0.005332725066531575,6880.347762851969,1297092.702049283,1290212.354286431,5,True
equal_top5,2012-02-29,0.00973457592311068,12626.647387411527,1309719.3494366945,1297092.702049283,5,True
equal_top5,2012-03-31,0.04569691188352155,59850.1297033518,1369569.4791400463,1309719.3494366945,5,True
equal_top5,2012-04-30,-0.04179005381966099,-57234.382243027605,1312335.0968970186,1369569.4791400463,5,True
equal_top5,2012-05-31,0.023366500346748243,30664.678496694076,1342999.7753937128,1312335.0968970186,5,True
equal_top5,2012-06-30,0.000882494880213887,1185.1904259133516,1344184.965819626,1342999.7753937128,5,True
equal_top5,2012-07-31,0.009615159669869523,12924.553072193812,1357109.51889182,1344184.965819626,5,True
equal_top5,2012-08-31,0.0048156277538589694,6535.334264201642,1363644.8531560216,1357109.51889182,5,True
equal_top5,2012-09-30,0.022459824910318133,30627.224641740726,1394272.0777977624,1363644.8531560216,5,True
equal_top5,2012-10-31,0.011380100764059795,15866.956737853554,1410139.034535616,1394272.0777977624,5,True
equal_top5,2012-11-30,0.014278919611938043,20135.261915789983,1430274.2964514059,1410139.034535616,5,True
equal_top5,2012-12-31,0.01268718885418748,18146.160112369114,1448420.456563775,1430274.2964514059,5,True
equal_top5,2013-01-31,-0.02196657807789912,-31816.841048734455,1416603.6155150405,1448420.456563775,5,True
equal_top5,2013-02-28,0.017472767195504415,24751.98518220415,1441355.6006972445,1416603.6155150405,5,True
equal_top5,2013-03-31,0.039124313367061195,56392.048195047726,1497747.6488922923,1441355.6006972445,5,True
equal_top5,2013-04-30,0.022951123123876396,34374.990698223395,1532122.6395905158,1497747.6488922923,5,True
equal_top5,2013-05-31,-0.016482885068040094,-25253.801378512686,1506868.838212003,1532122.6395905158,5,True
equal_top5,2013-06-30,0.021067065857218042,31745.30505280191,1538614.143264805,1506868.838212003,5,True
equal_top5,2013-07-31,-0.006363742978339597,-9791.344950575398,1528822.7983142296,1538614.143264805,5,True
equal_top5,2013-08-31,0.026160564772791398,39994.867841419604,1568817.666155649,1528822.7983142296,5,True
equal_top5,2013-09-30,0.01877936531042908,29461.40005819171,1598279.0662138409,1568817.666155649,5,True
equal_top5,2013-10-31,0.02141352635686642,34224.79090999793,1632503.8571238387,1598279.0662138409,5,True
equal_top5,2013-11-30,0.005579296504721297,9108.223063995069,1641612.0801878339,1632503.8571238387,5,True
equal_top5,2013-12-31,0.012675686505615182,20808.560092291795,1662420.6402801257,1641612.0801878339,5,True
equal_top5,2014-01-31,0.033808514210845096,56203.97184131283,1718624.6121214386,1662420.6402801257,5,True
equal_top5,2014-02-28,0.0006148084602606757,1056.6249515444827,1719681.237072983,1718624.6121214386,5,True
equal_top5,2014-03-31,0.00849082877563465,14601.518932658275,1734282.7560056413,1719681.237072983,5,True
equal_top5,2014-04-30,0.029954633754677936,51949.80478320246,1786232.5607888438,1734282.7560056413,5,True
equal_top5,2014-05-31,-0.0035742469069166985,-6384.436205433419,1779848.1245834103,1786232.5607888438,5,True
equal_top5,2014-06-30,0.0002743726795009934,488.34169904676816,1780336.466282457,1779848.1245834103,5,True
equal_top5,2014-07-31,0.02201859230929088,39200.50282443701,1819536.9691068942,1780336.466282457,5,True
equal_top5,2014-08-31,-0.007541011827689884,-13721.149804954091,1805815.81930194,1819536.9691068942,5,True
equal_top5,2014-09-30,0.005576453974460437,10070.048802689835,1815885.86810463,1805815.81930194,5,True
equal_top5,2014-10-31,0.013979130403614912,25384.50534831609,1841270.373452946,1815885.86810463,5,True
equal_top5,2014-11-30,-0.007183409107408818,-13226.598369863928,1828043.7750830823,1841270.373452946,5,True
equal_top5,2014-12-31,0.01622138137923606,29653.3952535611,1857697.1703366435,1828043.7750830823,5,True
equal_top5,2015-01-31,0.010096067389241013,18755.435820521092,1876452.6061571646,1857697.1703366435,5,True
equal_top5,2015-02-28,-0.001858867785671584,-3488.077300925041,1872964.5288562395,1876452.6061571646,5,True
equal_top5,2015-03-31,0.0018300868864330906,3427.687823014136,1876392.2166792536,1872964.5288562395,5,True
equal_top5,2015-04-30,0.0006594449058046282,1237.377288580588,1877629.5939678343,1876392.2166792536,5,True
equal_top5,2015-05-31,-0.01055367008629328,-19815.883278997328,1857813.7106888369,1877629.5939678343,5,True
equal_top5,2015-06-30,-0.006937104103289092,-12887.847115566265,1844925.8635732706,1857813.7106888369,5,True
equal_top5,2015-07-31,-0.006025205266464798,-11116.057029438785,1833809.806543832,1844925.8635732706,5,True
equal_top5,2015-08-31,0.0030092530327072205,5518.397721750268,1839328.2042655821,1833809.806543832,5,False
equal_top5,2015-09-30,0.022046694527972158,40551.107056126864,1879879.311321709,1839328.2042655821,5,False
equal_top5,2015-10-31,0.0124698181227406,23441.753104884567,1903321.0644265937,1879879.311321709,5,True
equal_top5,2015-11-30,-5.433862075429245e-05,-103.4238414935329,1903217.6405851003,1903321.0644265937,5,True
equal_top5,2015-12-31,-0.0010105775650630468,-1923.3490490075278,1901294.2915360928,1903217.6405851003,5,False
equal_top5,2016-01-31,0.0017162872380102013,3263.167128265043,1904557.458664358,1901294.2915360928,5,False
equal_top5,2016-02-29,0.012813707731697689,24404.442633549985,1928961.9012979078,1904557.458664358,5,False
equal_top5,2016-03-31,-0.0026701840875973026,-5150.683374427112,1923811.2179234808,1928961.9012979078,5,True
equal_top5,2016-04-30,0.0030215257358095584,5812.845105794928,1929624.0630292757,1923811.2179234808,5,True
equal_top5,2016-05-31,0.011310768121516712,21825.530338623088,1951449.5933678988,1929624.0630292757,5,True
equal_top5,2016-06-30,0.002374620433438844,4633.952079237336,1956083.5454471363,1951449.5933678988,5,True
equal_top5,2016-07-31,0.003909187245602144,7646.696847194167,1963730.2422943304,1956083.5454471363,5,True
equal_top5,2016-08-31,-0.0032774014039867,-6435.932253146581,1957294.3100411838,1963730.2422943304,5,True
equal_top5,2016-09-30,-0.007741485902507615,-15152.366308242194,1942141.9437329418,1957294.3100411838,5,True
equal_top5,2016-10-31,0.018441283070096324,35815.58934668627,1977957.5330796281,1942141.9437329418,5,True
equal_top5,2016-11-30,-0.00389210708586506,-7698.422530039395,1970259.1105495887,1977957.5330796281,5,True
equal_top5,2016-12-31,-0.00028202581856909286,-555.6639384459605,1969703.4466111427,1970259.1105495887,5,True
equal_top5,2017-01-31,0.008004780874250196,15767.044477377567,1985470.4910885203,1969703.4466111427,5,True
equal_top5,2017-02-28,0.0018155100796605952,3604.6416894398803,1989075.13277796,1985470.4910885203,5,True
equal_top5,2017-03-31,0.003952039744985919,7860.903980501644,1996936.0367584617,1989075.13277796,5,True
equal_top5,2017-04-30,0.009695360637344922,19361.01504608356,2016297.0518045453,1996936.0367584617,5,True
equal_top5,2017-05-31,0.0062915127355075845,12685.558579994693,2028982.61038454,2016297.0518045453,5,True
equal_top5,2017-06-30,0.006115960762433886,12409.178032772528,2041391.7884173125,2028982.61038454,5,True
equal_top5,2017-07-31,0.0016442919784111203,3356.644142488918,2044748.4325598015,2041391.7884173125,5,True
equal_top5,2017-08-31,0.0060904312588525526,12453.399770151975,2057201.8323299536,2044748.4325598015,5,True
equal_top5,2017-09-30,-0.0030769069068163775,-6329.818526611341,2050872.0138033421,2057201.8323299536,5,True
equal_top5,2017-10-31,0.008423440304196827,17275.397979820384,2068147.4117831625,2050872.0138033421,5,True
equal_top5,2017-11-30,0.0005193684477079134,1074.1305108889599,2069221.5422940515,2068147.4117831625,5,True
equal_top5,2017-12-31,0.012850688919793993,26590.922346157207,2095812.4646402088,2069221.5422940515,5,True
equal_top5,2018-01-31,-0.008354775847337976,-17510.043360125892,2078302.4212800828,2095812.4646402088,5,True
equal_top5,2018-02-28,0.000974585457032441,2025.4833150948782,2080327.9045951776,2078302.4212800828,5,True
equal_top5,2018-03-31,-0.005139792637723089,-10692.454048088195,2069635.4505470893,2080327.9045951776,5,True
equal_top5,2018-04-30,0.014939816347315643,30919.97353706738,2100555.4240841568,2069635.4505470893,5,True
equal_top5,2018-05-31,-0.010805280903177927,-22697.091409923352,2077858.3326742335,2100555.4240841568,5,True
equal_top5,2018-06-30,0.015301996768405018,31795.38149178456,2109653.714166018,2077858.3326742335,5,True
equal_top5,2018-07-31,0.01018805186032783,21493.261447256617,2131146.9756132746,2109653.714166018,5,True
equal_top5,2018-08-31,0.005033248452183566,10726.592216381203,2141873.567829656,2131146.9756132746,5,True
equal_top5,2018-09-30,-0.02458963843809386,-52667.89661304135,2089205.6712166145,2141873.567829656,5,True
equal_top5,2018-10-31,0.002321741856830286,4850.596254390826,2094056.2674710054,2089205.6712166145,5,False
equal_top5,2018-11-30,-0.017365408820034563,-36364.14317678966,2057692.1242942158,2094056.2674710054,5,True
equal_top5,2018-12-31,0.0016194125813576152,3332.252514642531,2061024.3768088582,2057692.1242942158,5,False
equal_top5,2019-01-31,0.0075486859717338204,15558.025800618469,2076582.4026094768,2061024.3768088582,5,False
equal_top5,2019-02-28,0.011752078768170122,24404.15996406253,2100986.5625735396,2076582.4026094768,5,True
equal_top5,2019-03-31,-0.003786410762233478,-7955.198131836371,2093031.364441703,2100986.5625735396,5,True
equal_top5,2019-04-30,-0.020998672865019555,-43950.88091813685,2049080.4835235663,2093031.364441703,5,True
equal_top5,2019-05-31,0.015032112002577987,30802.007330622906,2079882.4908541893,2049080.4835235663,5,False
equal_top5,2019-06-30,-0.007968927790957956,-16574.433383294807,2063308.0574708944,2079882.4908541893,5,True
equal_top5,2019-07-31,-0.0026014797997085163,-5367.65423208635,2057940.403238808,2063308.0574708944,5,True
equal_top5,2019-08-31,-0.0036534856957596822,-7518.655825958897,2050421.7474128492,2057940.403238808,5,True
equal_top5,2019-09-30,0.0105771988800593,21687.71861038442,2072109.4660232337,2050421.7474128492,5,True
equal_top5,2019-10-31,0.010987402139083235,22767.0999793983,2094876.566002632,2072109.4660232337,5,True
equal_top5,2019-11-30,0.004858047262555502,10177.009366860757,2105053.5753694926,2094876.566002632,5,True
equal_top5,2019-12-31,0.00045330305169266643,954.2272096915494,2106007.802579184,2105053.5753694926,5,True
equal_top5,2020-01-31,-0.02677780770666322,-56394.27196619775,2049613.5306129863,2106007.802579184,5,True
equal_top5,2020-02-29,-0.050683364824197774,-103881.31032067003,1945732.2202923163,2049613.5306129863,5,False
equal_top5,2020-03-31,0.04669050116083271,90847.212490228,2036579.4327825443,1945732.2202923163,5,False
equal_top5,2020-04-30,0.020902628812997395,42569.8639316383,2079149.2967141825,2036579.4327825443,5,False
equal_top5,2020-05-31,0.001576521708622999,3277.82400173815,2082427.1207159206,2079149.2967141825,5,True
equal_top5,2020-06-30,0.017586900593150753,36623.43876451204,2119050.5594804324,2082427.1207159206,5,True
equal_top5,2020-07-31,0.00878183824573211,18609.159247885287,2137659.718728318,2119050.5594804324,5,True
equal_top5,2020-08-31,-0.016551599923913755,-35381.68843785713,2102278.0302904607,2137659.718728318,5,True
equal_top5,2020-09-30,-0.012472824708688794,-26221.345360740466,2076056.6849297201,2102278.0302904607,5,True
equal_top5,2020-10-31,0.005490917787134612,11399.456578380317,2087456.1415081006,2076056.6849297201,5,True
equal_top5,2020-11-30,0.018186885519928194,37964.325873478854,2125420.4673815793,2087456.1415081006,5,True
equal_top5,2020-12-31,0.001838693436802145,3907.9966638194574,2129328.464045399,2125420.4673815793,5,True
equal_top5,2021-01-31,0.017740544863609965,37775.4471457591,2167103.911191158,2129328.464045399,5,True
equal_top5,2021-02-28,-0.0015065545614937135,-3264.8602826359065,2163839.050908522,2167103.911191158,5,True
equal_top5,2021-03-31,0.016043963026385524,34716.55372782547,2198555.604636348,2163839.050908522,5,True
equal_top5,2021-04-30,-0.0029138000395868393,-6406.151407823258,2192149.4532285244,2198555.604636348,5,True
equal_top5,2021-05-31,0.0021782740886748726,4775.102352470484,2196924.555580995,2192149.4532285244,5,True
equal_top5,2021-06-30,0.009586066587173203,21059.865076795315,2217984.4206577903,2196924.555580995,5,True
equal_top5,2021-07-31,0.003908733649276598,8669.510338596365,2226653.930996387,2217984.4206577903,5,True
equal_top5,2021-08-31,-0.006204861922308756,-13816.08019059859,2212837.8508057883,2226653.930996387,5,True
equal_top5,2021-09-30,0.016433295282179627,36364.217813875264,2249202.0686196634,2212837.8508057883,5,True
equal_top5,2021-10-31,0.0006973023053496307,1568.3737876456494,2250770.442407309,2249202.0686196634,5,True
equal_top5,2021-11-30,0.009124351732991256,20536.821186744626,2271307.2635940537,2250770.442407309,5,True
equal_top5,2021-12-31,-0.013397307059252026,-30429.40083627902,2240877.8627577745,2271307.2635940537,5,True
equal_top5,2022-01-31,-0.009657030219891888,-21640.225239738575,2219237.637518036,2240877.8627577745,5,True
equal_top5,2022-02-28,-0.004696124795420191,-10421.816896478176,2208815.820621558,2219237.637518036,5,False
equal_top5,2022-03-31,-0.005653228043864081,-12486.939540868447,2196328.8810806894,2208815.820621558,5,True
equal_top5,2022-04-30,-0.004734360851745428,-10398.213472146255,2185930.6676085433,2196328.8810806894,5,False
equal_top5,2022-05-31,-0.028043946353406755,-61302.1223746806,2124628.5452338625,2185930.6676085433,5,False
equal_top5,2022-06-30,0.010246343253946813,21769.673361599816,2146398.2185954624,2124628.5452338625,5,False
equal_top5,2022-07-31,0.006224295929974967,13359.817696109256,2159758.036291572,2146398.2185954624,5,False
equal_top5,2022-08-31,-0.024896996896460626,-53771.48912665716,2105986.5471649147,2159758.036291572,5,False
equal_top5,2022-09-30,0.018094694577897634,38107.18335611034,2144093.730521025,2105986.5471649147,5,False
equal_top5,2022-10-31,0.014278759948154904,30614.999684453647,2174708.7302054786,2144093.730521025,5,False
equal_top5,2022-11-30,-0.006140879889659922,-13354.62510718669,2161354.1050982918,2174708.7302054786,5,True
equal_top5,2022-12-31,0.007596440479104955,16418.597813648328,2177772.70291194,2161354.1050982918,5,False
equal_top5,2023-01-31,0.007412070298521372,16141.8043681842,2193914.5072801244,2177772.70291194,5,True
equal_top5,2023-02-28,0.0041275832758654,9055.56482892792,2202970.0721090524,2193914.5072801244,5,True
equal_top5,2023-03-31,-0.0026288131492816225,-5791.196693034161,2197178.875416018,2202970.0721090524,5,True
equal_top5,2023-04-30,-0.005580999686837913,-12262.454615623674,2184916.4208003944,2197178.875416018,5,True
equal_top5,2023-05-31,0.013040908323759122,28493.294738733854,2213409.715539128,2184916.4208003944,5,True
equal_top5,2023-06-30,0.000700332917892724,1550.1236845756216,2214959.839223704,2213409.715539128,5,True
equal_top5,2023-07-31,0.0012184948254376751,2698.9171026463478,2217658.7563263504,2214959.839223704,5,True
equal_top5,2023-08-31,-0.008437525502069453,-18711.55231139121,2198947.2040149593,2217658.7563263504,5,True
equal_top5,2023-09-30,-0.005595337643141191,-12303.852065904974,2186643.3519490543,2198947.2040149593,5,True
equal_top5,2023-10-31,0.018893429095011405,41313.19112612752,2227956.543075182,2186643.3519490543,5,False
equal_top5,2023-11-30,0.015414848278095672,34343.61208169445,2262300.1551568764,2227956.543075182,5,True
equal_top5,2023-12-31,0.01005659719983553,22751.04140553813,2285051.1965624145,2262300.1551568764,5,True
equal_top5,2024-01-31,0.005856505876684342,13382.415761192367,2298433.612323607,2285051.1965624145,5,True
equal_top5,2024-02-29,0.020355659984046013,46786.13310836197,2345219.745431969,2298433.612323607,5,True
equal_top5,2024-03-31,-0.009464583513224047,-22196.52813750291,2323023.217294466,2345219.745431969,5,True
equal_top5,2024-04-30,0.006040461191007228,14032.131589875973,2337055.3488843422,2323023.217294466,5,True
equal_top5,2024-05-31,0.007946101218785803,18570.478356139753,2355625.827240482,2337055.3488843422,5,True
equal_top5,2024-06-30,-0.005040527422121666,-11873.596578463685,2343752.230662018,2355625.827240482,5,True
equal_top5,2024-07-31,-0.016825816063718115,-39435.543932048146,2304316.68672997,2343752.230662018,5,True
equal_top5,2024-08-31,0.011549700847769358,26614.16839025421,2330930.855120224,2304316.68672997,5,True
equal_top5,2024-09-30,0.005816458509688365,13557.762607759205,2344488.6177279833,2330930.855120224,5,True
equal_top5,2024-10-31,0.021265144696717607,49855.88969579302,2394344.507423776,2344488.6177279833,5,True
equal_top5,2024-11-30,-0.020970253834971968,-50210.01208904751,2344134.4953347286,2394344.507423776,5,True
equal_top5,2024-12-31,0.015796713235842544,37029.62040904919,2381164.1157437777,2344134.4953347286,5,True
equal_top5,2025-01-31,-0.0005201276724210055,-1238.5093491742327,2379925.6063946034,2381164.1157437777,5,True
equal_top5,2025-02-28,-0.007357586336041826,-17510.50812240499,2362415.0982721983,2379925.6063946034,5,True
equal_top5,2025-03-31,0.00874126310001572,20650.49192544678,2383065.590197645,2362415.0982721983,5,False
equal_top5,2025-04-30,0.01006287364368228,23980.487918766037,2407046.0781164113,2383065.590197645,5,False
equal_top5,2025-05-31,0.0067605793189144895,16273.025935388041,2423319.1040517995,2407046.0781164113,5,True
equal_top5,2025-06-30,0.010629772118888724,25759.32984742022,2449078.4338992196,2423319.1040517995,5,True
equal_top5,2025-07-31,0.019367823062350673,47433.31777357897,2496511.751672799,2449078.4338992196,5,True
equal_top5,2025-08-31,0.041251017149775956,102983.64908287184,2599495.4007556704,2496511.751672799,5,True
equal_top5,2025-09-30,0.0003419247066687841,888.8317023902359,2600384.2324580606,2599495.4007556704,5,True
equal_top5,2025-10-31,-0.010840315281066966,-28188.984931760708,2572195.2475262997,2600384.2324580606,5,True
equal_top5,2025-11-30,0.005783201406952419,14875.523174450422,2587070.77070075,2572195.2475262997,5,True
equal_top5,2025-12-31,0.004300012462475263,11124.436555318707,2598195.2072560685,2587070.77070075,5,True
equal_top5,2026-01-31,0.00745376129732209,19366.32687873303,2617561.5341348015,2598195.2072560685,5,True
equal_top5,2026-02-28,-0.015268830549371639,-39967.10351725755,2577594.430617544,2617561.5341348015,5,True
equal_top5,2026-03-31,0.06751130812225016,174016.77181961696,2751611.202437161,2577594.430617544,5,False
equal_top5,2026-04-30,0.05636104346669689,155083.67858401092,2906694.881021172,2751611.202437161,5,True
equal_top5,2026-05-31,0.0,0.0,2906694.881021172,2906694.881021172,0,True
trend_momentum_heavy_top10,2006-06-30,0.0,0.0,1000000.0,1000000.0,0,False
trend_momentum_heavy_top10,2006-07-31,0.0,0.0,1000000.0,1000000.0,0,False
trend_momentum_heavy_top10,2006-08-31,0.0,0.0,1000000.0,1000000.0,0,False
trend_momentum_heavy_top10,2006-09-30,0.0,0.0,1000000.0,1000000.0,0,False
trend_momentum_heavy_top10,2006-10-31,0.0,0.0,1000000.0,1000000.0,0,False
trend_momentum_heavy_top10,2006-11-30,0.0,0.0,1000000.0,1000000.0,0,False
trend_momentum_heavy_top10,2006-12-31,0.0,0.0,1000000.0,1000000.0,0,False
trend_momentum_heavy_top10,2007-01-31,0.0,0.0,1000000.0,1000000.0,0,False
trend_momentum_heavy_top10,2007-02-28,0.0,0.0,1000000.0,1000000.0,0,False
trend_momentum_heavy_top10,2007-03-31,0.0,0.0,1000000.0,1000000.0,0,True
trend_momentum_heavy_top10,2007-04-30,0.0,0.0,1000000.0,1000000.0,0,True
trend_momentum_heavy_top10,2007-05-31,0.0,0.0,1000000.0,1000000.0,0,True
trend_momentum_heavy_top10,2007-06-30,0.0,0.0,1000000.0,1000000.0,0,True
trend_momentum_heavy_top10,2007-07-31,0.0,0.0,1000000.0,1000000.0,0,True
trend_momentum_heavy_top10,2007-08-31,0.0,0.0,1000000.0,1000000.0,0,True
trend_momentum_heavy_top10,2007-09-30,0.0,0.0,1000000.0,1000000.0,0,True
trend_momentum_heavy_top10,2007-10-31,0.0,0.0,1000000.0,1000000.0,0,True
trend_momentum_heavy_top10,2007-11-30,0.0,0.0,1000000.0,1000000.0,0,False
trend_momentum_heavy_top10,2007-12-31,0.0,0.0,1000000.0,1000000.0,0,False
trend_momentum_heavy_top10,2008-01-31,0.0,0.0,1000000.0,1000000.0,0,False
trend_momentum_heavy_top10,2008-02-29,0.0,0.0,1000000.0,1000000.0,0,False
trend_momentum_heavy_top10,2008-03-31,0.0,0.0,1000000.0,1000000.0,0,False
trend_momentum_heavy_top10,2008-04-30,0.0,0.0,1000000.0,1000000.0,0,False
trend_momentum_heavy_top10,2008-05-31,0.0,0.0,1000000.0,1000000.0,0,False
trend_momentum_heavy_top10,2008-06-30,0.0,0.0,1000000.0,1000000.0,0,False
trend_momentum_heavy_top10,2008-07-31,0.0,0.0,1000000.0,1000000.0,0,False
trend_momentum_heavy_top10,2008-08-31,0.0,0.0,1000000.0,1000000.0,0,False
trend_momentum_heavy_top10,2008-09-30,0.0,0.0,1000000.0,1000000.0,0,False
trend_momentum_heavy_top10,2008-10-31,0.0,0.0,1000000.0,1000000.0,0,False
trend_momentum_heavy_top10,2008-11-30,0.0,0.0,1000000.0,1000000.0,0,False
trend_momentum_heavy_top10,2008-12-31,0.0,0.0,1000000.0,1000000.0,0,False
trend_momentum_heavy_top10,2009-01-31,0.0,0.0,1000000.0,1000000.0,0,False
trend_momentum_heavy_top10,2009-02-28,0.0,0.0,1000000.0,1000000.0,0,False
trend_momentum_heavy_top10,2009-03-31,0.0,0.0,1000000.0,1000000.0,0,False
trend_momentum_heavy_top10,2009-04-30,0.0,0.0,1000000.0,1000000.0,0,False
trend_momentum_heavy_top10,2009-05-31,0.0,0.0,1000000.0,1000000.0,0,False
trend_momentum_heavy_top10,2009-06-30,0.0,0.0,1000000.0,1000000.0,0,True
trend_momentum_heavy_top10,2009-07-31,0.0,0.0,1000000.0,1000000.0,0,True
trend_momentum_heavy_top10,2009-08-31,0.0,0.0,1000000.0,1000000.0,0,True
trend_momentum_heavy_top10,2009-09-30,0.0,0.0,1000000.0,1000000.0,0,True
trend_momentum_heavy_top10,2009-10-31,0.0,0.0,1000000.0,1000000.0,0,True
trend_momentum_heavy_top10,2009-11-30,0.0,0.0,1000000.0,1000000.0,0,True
trend_momentum_heavy_top10,2009-12-31,0.0,0.0,1000000.0,1000000.0,0,True
trend_momentum_heavy_top10,2010-01-31,0.0,0.0,1000000.0,1000000.0,0,True
trend_momentum_heavy_top10,2010-02-28,0.0,0.0,1000000.0,1000000.0,0,True
trend_momentum_heavy_top10,2010-03-31,0.0,0.0,1000000.0,1000000.0,0,True
trend_momentum_heavy_top10,2010-04-30,0.0,0.0,1000000.0,1000000.0,0,True
trend_momentum_heavy_top10,2010-05-31,-0.059407144799719945,-59407.14479971994,940592.8552002801,1000000.0,10,False
trend_momentum_heavy_top10,2010-06-30,0.08482017065619551,79781.24649608595,1020374.101696366,940592.8552002801,9,False
trend_momentum_heavy_top10,2010-07-31,0.039384190694575,40186.60820101534,1060560.7098973813,1020374.101696366,10,True
trend_momentum_heavy_top10,2010-08-31,0.09037300831368887,95846.06185272781,1156406.771750109,1060560.7098973813,10,False
trend_momentum_heavy_top10,2010-09-30,0.04607065150358914,53276.41337768982,1209683.185127799,1156406.771750109,10,True
trend_momentum_heavy_top10,2010-10-31,0.0652758994766286,78963.1579909701,1288646.3431187691,1209683.185127799,10,True
trend_momentum_heavy_top10,2010-11-30,0.010853167640852333,13985.894791639319,1302632.2379104085,1288646.3431187691,10,True
trend_momentum_heavy_top10,2010-12-31,-0.01354764466812792,-17647.598692458487,1284984.63921795,1302632.2379104085,10,True
trend_momentum_heavy_top10,2011-01-31,0.03587866317220975,46103.531051964295,1331088.1702699142,1284984.63921795,10,True
trend_momentum_heavy_top10,2011-02-28,0.0218394121321459,29070.18313474865,1360158.3534046628,1331088.1702699142,10,True
trend_momentum_heavy_top10,2011-03-31,0.005076858938072349,6905.332093676231,1367063.6854983391,1360158.3534046628,10,True
trend_momentum_heavy_top10,2011-04-30,-0.007833909760578418,-10709.453549157744,1356354.2319491813,1367063.6854983391,10,True
trend_momentum_heavy_top10,2011-05-31,0.003954575233969423,5363.804854155851,1361718.036803337,1356354.2319491813,10,True
trend_momentum_heavy_top10,2011-06-30,-0.02082077503740638,-28352.024908660944,1333366.0118946761,1361718.036803337,10,True
trend_momentum_heavy_top10,2011-07-31,-0.09152847605170278,-122040.9590878563,1211325.0528068198,1333366.0118946761,10,True
trend_momentum_heavy_top10,2011-08-31,-0.0695647430722015,-84265.51607542732,1127059.5367313924,1211325.0528068198,10,False
trend_momentum_heavy_top10,2011-09-30,0.15759680774982532,177620.98513286444,1304680.5218642568,1127059.5367313924,10,False
trend_momentum_heavy_top10,2011-10-31,0.033292688275619674,43436.3219136995,1348116.8437779564,1304680.5218642568,10,False
trend_momentum_heavy_top10,2011-11-30,0.015031102161072143,20263.682003888596,1368380.525781845,1348116.8437779564,10,False
trend_momentum_heavy_top10,2011-12-31,0.059949773735120185,82034.1029041664,1450414.6286860113,1368380.525781845,10,False
trend_momentum_heavy_top10,2012-01-31,0.02644423394349566,38355.10375604127,1488769.7324420526,1450414.6286860113,10,True
trend_momentum_heavy_top10,2012-02-29,0.015202459628460311,22632.961753523963,1511402.6941955765,1488769.7324420526,10,True
trend_momentum_heavy_top10,2012-03-31,0.03182040149709388,48093.44055309264,1559496.134748669,1511402.6941955765,10,True
trend_momentum_heavy_top10,2012-04-30,-0.04925260839651423,-76809.25242065378,1482686.8823280153,1559496.134748669,10,True
trend_momentum_heavy_top10,2012-05-31,0.0321850056059578,47720.28561960726,1530407.1679476225,1482686.8823280153,10,True
trend_momentum_heavy_top10,2012-06-30,0.016008103540034135,24498.916402915947,1554906.0843505384,1530407.1679476225,10,True
trend_momentum_heavy_top10,2012-07-31,0.01987870095906922,30909.513070241614,1585815.59742078,1554906.0843505384,10,True
trend_momentum_heavy_top10,2012-08-31,-0.003092941391976878,-4904.834701305272,1580910.7627194747,1585815.59742078,10,True
trend_momentum_heavy_top10,2012-09-30,0.010105074400172128,15975.220877313157,1596885.9835967878,1580910.7627194747,10,True
trend_momentum_heavy_top10,2012-10-31,0.016245812161068407,25942.709732156378,1622828.6933289443,1596885.9835967878,10,True
trend_momentum_heavy_top10,2012-11-30,0.033031530383237084,53604.515290483956,1676433.2086194283,1622828.6933289443,10,True
trend_momentum_heavy_top10,2012-12-31,0.02705646860904372,45358.36248417,1721791.5711035982,1676433.2086194283,10,True
trend_momentum_heavy_top10,2013-01-31,-0.027166130244525345,-46774.41407452627,1675017.157029072,1721791.5711035982,10,True
trend_momentum_heavy_top10,2013-02-28,0.026836435308323116,44951.489574941996,1719968.646604014,1675017.157029072,10,True
trend_momentum_heavy_top10,2013-03-31,0.04010962216746558,68987.29255517414,1788955.9391591882,1719968.646604014,10,True
trend_momentum_heavy_top10,2013-04-30,0.030551783988981104,54655.79541899634,1843611.7345781846,1788955.9391591882,10,True
trend_momentum_heavy_top10,2013-05-31,-0.032579967660057996,-60064.810690260674,1783546.9238879238,1843611.7345781846,10,True
trend_momentum_heavy_top10,2013-06-30,0.03308167745532051,59002.72406248937,1842549.6479504132,1783546.9238879238,10,True
trend_momentum_heavy_top10,2013-07-31,-0.020844357191446696,-38406.76300485277,1804142.8849455605,1842549.6479504132,10,True
trend_momentum_heavy_top10,2013-08-31,0.04103822734776965,74038.82588025693,1878181.7108258174,1804142.8849455605,10,True
trend_momentum_heavy_top10,2013-09-30,0.004921143300441924,9242.801343243023,1887424.5121690605,1878181.7108258174,10,True
trend_momentum_heavy_top10,2013-10-31,0.02715619724654943,51255.272340435346,1938679.7845094958,1887424.5121690605,10,True
trend_momentum_heavy_top10,2013-11-30,0.004965919281732952,9627.32732300159,1948307.1118324974,1938679.7845094958,10,True
trend_momentum_heavy_top10,2013-12-31,0.01670341524086185,32543.382705662472,1980850.4945381598,1948307.1118324974,10,True
trend_momentum_heavy_top10,2014-01-31,0.04141831574617355,82043.49122874552,2062893.9857669054,1980850.4945381598,10,True
trend_momentum_heavy_top10,2014-02-28,0.01327017768097386,27374.969728139196,2090268.9554950446,2062893.9857669054,10,True
trend_momentum_heavy_top10,2014-03-31,-0.001170336654365269,-2446.318376097656,2087822.637118947,2090268.9554950446,10,True
trend_momentum_heavy_top10,2014-04-30,0.02836426453402595,59219.55357936948,2147042.1906983163,2087822.637118947,10,True
trend_momentum_heavy_top10,2014-05-31,0.00012262955417501043,263.29082664027226,2147305.4815249564,2147042.1906983163,10,True
trend_momentum_heavy_top10,2014-06-30,0.006006804445524852,12898.444112323992,2160203.9256372806,2147305.4815249564,10,True
trend_momentum_heavy_top10,2014-07-31,0.036367697873796206,78561.64371336515,2238765.569350646,2160203.9256372806,10,True
trend_momentum_heavy_top10,2014-08-31,-0.0053071514229529465,-11881.467877037343,2226884.1014736085,2238765.569350646,10,True
trend_momentum_heavy_top10,2014-09-30,0.008645397031277056,19252.29719987801,2246136.3986734864,2226884.1014736085,10,True
trend_momentum_heavy_top10,2014-10-31,0.02520847998157458,56621.684441846606,2302758.083115333,2246136.3986734864,10,True
trend_momentum_heavy_top10,2014-11-30,0.0011450842348162537,2636.8519775710643,2305394.935092904,2302758.083115333,10,True
trend_momentum_heavy_top10,2014-12-31,0.01177792348742251,27152.765153815606,2332547.7002467196,2305394.935092904,10,True
trend_momentum_heavy_top10,2015-01-31,0.017591429806807345,41032.84913992007,2373580.5493866396,2332547.7002467196,10,True
trend_momentum_heavy_top10,2015-02-28,0.0020073540525886646,4764.6165349569,2378345.1659215963,2373580.5493866396,10,True
trend_momentum_heavy_top10,2015-03-31,-0.009616856603151128,-22872.204413465668,2355472.9615081307,2378345.1659215963,10,True
trend_momentum_heavy_top10,2015-04-30,0.002719391412351893,6405.452943552292,2361878.414451683,2355472.9615081307,10,True
trend_momentum_heavy_top10,2015-05-31,-0.005592803046589927,-13209.520792020357,2348668.8936596625,2361878.414451683,10,True
trend_momentum_heavy_top10,2015-06-30,-0.013419268600458474,-31517.418737560653,2317151.474922102,2348668.8936596625,10,True
trend_momentum_heavy_top10,2015-07-31,-0.021964126512052085,-50894.20814277713,2266257.266779325,2317151.474922102,10,True
trend_momentum_heavy_top10,2015-08-31,-0.0005608545977310001,-1271.040807714474,2264986.2259716103,2266257.266779325,10,False
trend_momentum_heavy_top10,2015-09-30,0.038270936326586145,86683.14363475416,2351669.3696063645,2264986.2259716103,10,False
trend_momentum_heavy_top10,2015-10-31,0.006573574200858498,15458.873096993564,2367128.242703358,2351669.3696063645,10,True
trend_momentum_heavy_top10,2015-11-30,-0.00881249451652313,-20860.304658730376,2346267.9380446277,2367128.242703358,10,True
trend_momentum_heavy_top10,2015-12-31,-0.006361373769073527,-14925.487316295326,2331342.450728332,2346267.9380446277,10,False
trend_momentum_heavy_top10,2016-01-31,0.007728647930696062,18018.12500756541,2349360.5757358978,2331342.450728332,10,False
trend_momentum_heavy_top10,2016-02-29,0.02020667735655044,47472.77114809487,2396833.3468839927,2349360.5757358978,10,False
trend_momentum_heavy_top10,2016-03-31,-0.006772251685725083,-16231.95867383721,2380601.3882101555,2396833.3468839927,10,True
trend_momentum_heavy_top10,2016-04-30,0.007884465272219105,18769.768972339563,2399371.157182495,2380601.3882101555,10,True
trend_momentum_heavy_top10,2016-05-31,0.009868172407889968,23677.408249595323,2423048.5654320903,2399371.157182495,10,True
trend_momentum_heavy_top10,2016-06-30,0.0038077122550240388,9226.271717114187,2432274.8371492047,2423048.5654320903,10,True
trend_momentum_heavy_top10,2016-07-31,0.0046361985620941345,11276.509102608888,2443551.3462518137,2432274.8371492047,10,True
trend_momentum_heavy_top10,2016-08-31,-0.002091525655314393,-5110.750330763692,2438440.59592105,2443551.3462518137,10,True
trend_momentum_heavy_top10,2016-09-30,-0.012633933484133273,-30807.096293876846,2407633.499627173,2438440.59592105,10,True
trend_momentum_heavy_top10,2016-10-31,0.020891352226452616,50298.71947291804,2457932.219100091,2407633.499627173,10,True
trend_momentum_heavy_top10,2016-11-30,-0.002170507101787647,-5334.959337269418,2452597.2597628217,2457932.219100091,10,True
trend_momentum_heavy_top10,2016-12-31,0.004644392212132185,11390.823612739187,2463988.083375561,2452597.2597628217,10,True
trend_momentum_heavy_top10,2017-01-31,0.012973093102769975,31965.546809746902,2495953.630185308,2463988.083375561,10,True
trend_momentum_heavy_top10,2017-02-28,-0.011097625672585522,-27699.159083927505,2468254.4711013804,2495953.630185308,10,True
trend_momentum_heavy_top10,2017-03-31,3.1894525902473726e-05,78.72380616243957,2468333.194907543,2468254.4711013804,10,True
trend_momentum_heavy_top10,2017-04-30,0.02474137523644724,61069.95778378618,2529403.152691329,2468333.194907543,10,True
trend_momentum_heavy_top10,2017-05-31,0.003987713870660385,10086.536036479321,2539489.688727808,2529403.152691329,10,True
trend_momentum_heavy_top10,2017-06-30,0.0048579869365309855,12336.80773329483,2551826.496461103,2539489.688727808,10,True
trend_momentum_heavy_top10,2017-07-31,0.01126022427613043,28734.13866392418,2580560.6351250275,2551826.496461103,10,True
trend_momentum_heavy_top10,2017-08-31,0.01061718532396561,27398.29050285282,2607958.9256278803,2580560.6351250275,10,True
trend_momentum_heavy_top10,2017-09-30,0.01333664224952673,34781.41519255913,2642740.340820439,2607958.9256278803,10,True
trend_momentum_heavy_top10,2017-10-31,0.010166790714575033,26868.1879580861,2669608.528778525,2642740.340820439,10,True
trend_momentum_heavy_top10,2017-11-30,0.007914324454159915,21128.148062345754,2690736.6768408706,2669608.528778525,10,True
trend_momentum_heavy_top10,2017-12-31,0.01361712344763381,36640.0934936181,2727376.7703344887,2690736.6768408706,10,True
trend_momentum_heavy_top10,2018-01-31,-0.016336459976022438,-44555.68144810271,2682821.088886386,2727376.7703344887,10,True
trend_momentum_heavy_top10,2018-02-28,-0.01790860353923855,-48045.57924757454,2634775.5096388115,2682821.088886386,10,True
trend_momentum_heavy_top10,2018-03-31,0.0006756304835795967,1780.1346517009486,2636555.6442905124,2634775.5096388115,10,True
trend_momentum_heavy_top10,2018-04-30,0.02228145772871587,58746.30313766629,2695301.9474281785,2636555.6442905124,10,True
trend_momentum_heavy_top10,2018-05-31,-0.009211298249910514,-24827.23011132558,2670474.717316853,2695301.9474281785,10,True
trend_momentum_heavy_top10,2018-06-30,0.015213903307815644,40628.344135224914,2711103.0614520777,2670474.717316853,10,True
trend_momentum_heavy_top10,2018-07-31,0.02679349119083011,72639.91599444879,2783742.9774465263,2711103.0614520777,10,True
trend_momentum_heavy_top10,2018-08-31,0.008038774255490506,22377.88138099962,2806120.8588275257,2783742.9774465263,10,True
trend_momentum_heavy_top10,2018-09-30,-0.046426154602593646,-130277.40082548957,2675843.458002036,2806120.8588275257,10,True
trend_momentum_heavy_top10,2018-10-31,0.0023040570271410286,6165.295922938941,2682008.7539249747,2675843.458002036,10,False
trend_momentum_heavy_top10,2018-11-30,-0.020491329494261575,-54957.925083170565,2627050.828841804,2682008.7539249747,10,True
trend_momentum_heavy_top10,2018-12-31,0.031250765506441396,82097.34942563773,2709148.1782674417,2627050.828841804,10,False
trend_momentum_heavy_top10,2019-01-31,0.012071060730317624,32702.292187295647,2741850.4704547375,2709148.1782674417,10,False
trend_momentum_heavy_top10,2019-02-28,0.009470835192235912,25967.61392743132,2767818.084382169,2741850.4704547375,10,True
trend_momentum_heavy_top10,2019-03-31,0.005401548182009676,14950.50274182801,2782768.587123997,2767818.084382169,10,True
trend_momentum_heavy_top10,2019-04-30,-0.025645958424916956,-71366.76749154693,2711401.81963245,2782768.587123997,10,True
trend_momentum_heavy_top10,2019-05-31,0.029756195750320243,80681.00330275769,2792082.8229352077,2711401.81963245,10,False
trend_momentum_heavy_top10,2019-06-30,0.0003682566892525114,1028.2031764929256,2793111.0261117006,2792082.8229352077,10,True
trend_momentum_heavy_top10,2019-07-31,-0.0033519352311441267,-9362.327252920932,2783748.69885878,2793111.0261117006,10,True
trend_momentum_heavy_top10,2019-08-31,-0.012094090769989598,-33666.90944483852,2750081.7894139416,2783748.69885878,10,True
trend_momentum_heavy_top10,2019-09-30,0.012293363873924608,33807.75612031929,2783889.545534261,2750081.7894139416,10,True
trend_momentum_heavy_top10,2019-10-31,0.011075680169278885,30833.470232936623,2814723.0157671976,2783889.545534261,10,True
trend_momentum_heavy_top10,2019-11-30,0.00776789791753468,21864.48105261495,2836587.4968198123,2814723.0157671976,10,True
trend_momentum_heavy_top10,2019-12-31,-0.005978742412958416,-16959.225975304158,2819628.270844508,2836587.4968198123,10,True
trend_momentum_heavy_top10,2020-01-31,-0.030501932040841003,-86004.10989773321,2733624.1609467748,2819628.270844508,10,True
trend_momentum_heavy_top10,2020-02-29,-0.07547798223174734,-206328.4358482159,2527295.7250985587,2733624.1609467748,10,False
trend_momentum_heavy_top10,2020-03-31,0.08319040837259357,210246.76344925907,2737542.488547818,2527295.7250985587,10,False
trend_momentum_heavy_top10,2020-04-30,0.032956915937803644,90220.95767123622,2827763.446219054,2737542.488547818,10,False
trend_momentum_heavy_top10,2020-05-31,0.011600973107023332,32804.80769261086,2860568.2539116647,2827763.446219054,10,True
trend_momentum_heavy_top10,2020-06-30,0.04401980363381181,125921.65281830741,2986489.906729972,2860568.2539116647,10,True
trend_momentum_heavy_top10,2020-07-31,0.020261369860677975,60510.37658543763,3047000.2833154094,2986489.906729972,10,True
trend_momentum_heavy_top10,2020-08-31,-0.01375574832022145,-41913.769028930226,3005086.514286479,3047000.2833154094,10,True
trend_momentum_heavy_top10,2020-09-30,-0.004087837974015132,-12284.306768301034,2992802.207518178,3005086.514286479,10,True
trend_momentum_heavy_top10,2020-10-31,0.016333481911291917,48882.880720572684,3041685.0882387506,2992802.207518178,10,True
trend_momentum_heavy_top10,2020-11-30,0.014844894568812564,45153.49444643359,3086838.582685184,3041685.0882387506,10,True
trend_momentum_heavy_top10,2020-12-31,-0.007315885477009664,-22582.957556939633,3064255.6251282445,3086838.582685184,10,True
trend_momentum_heavy_top10,2021-01-31,0.023390161515803778,71673.43399745991,3135929.059125704,3064255.6251282445,10,True
trend_momentum_heavy_top10,2021-02-28,-0.008557834652347822,-26836.76236949045,3109092.296756214,3135929.059125704,10,True
trend_momentum_heavy_top10,2021-03-31,0.016320275421900645,50741.24259517107,3159833.539351385,3109092.296756214,10,True
trend_momentum_heavy_top10,2021-04-30,0.012881639660045786,40703.83703965165,3200537.376391037,3159833.539351385,10,True
trend_momentum_heavy_top10,2021-05-31,-0.0010554364003788408,-3377.9636478160955,3197159.412743221,3200537.376391037,10,True
trend_momentum_heavy_top10,2021-06-30,-0.0014247578275105664,-4555.17789910499,3192604.234844116,3197159.412743221,10,True
trend_momentum_heavy_top10,2021-07-31,0.0028694444899409364,9161.000630235549,3201765.235474352,3192604.234844116,10,True
trend_momentum_heavy_top10,2021-08-31,-0.018652535450696776,-59721.03955949386,3142044.195914858,3201765.235474352,10,True
trend_momentum_heavy_top10,2021-09-30,0.031473561902941725,98891.32250190504,3240935.5184167633,3142044.195914858,10,True
trend_momentum_heavy_top10,2021-10-31,-0.011553311524682594,-37443.53767567755,3203491.980741086,3240935.5184167633,10,True
trend_momentum_heavy_top10,2021-11-30,0.009369556798125091,30015.300065891857,3233507.280806978,3203491.980741086,10,True
trend_momentum_heavy_top10,2021-12-31,-0.00974978302609522,-31525.99440116718,3201981.2864058106,3233507.280806978,10,True
trend_momentum_heavy_top10,2022-01-31,0.006477939466808926,20742.240947191814,3222723.527353002,3201981.2864058106,10,True
trend_momentum_heavy_top10,2022-02-28,0.0005138183538014433,1655.8944975817003,3224379.421850584,3222723.527353002,10,False
trend_momentum_heavy_top10,2022-03-31,-0.007856355319925427,-25331.870424313907,3199047.55142627,3224379.421850584,10,True
trend_momentum_heavy_top10,2022-04-30,0.0009159188430421559,2930.067932139191,3201977.619358409,3199047.55142627,10,False
trend_momentum_heavy_top10,2022-05-31,-0.05382901552272319,-172359.30297585606,3029618.316382553,3201977.619358409,10,False
trend_momentum_heavy_top10,2022-06-30,0.01720310094395692,52118.82971838987,3081737.146100943,3029618.316382553,10,False
trend_momentum_heavy_top10,2022-07-31,0.008213423109224516,25311.611092341092,3107048.757193284,3081737.146100943,10,False
trend_momentum_heavy_top10,2022-08-31,-0.022541935035021433,-70038.89123529509,3037009.865957989,3107048.757193284,10,False
trend_momentum_heavy_top10,2022-09-30,0.028074106238825697,85261.33762526637,3122271.2035832554,3037009.865957989,10,False
trend_momentum_heavy_top10,2022-10-31,-0.0031985075942956758,-9986.608156111743,3112284.595427144,3122271.2035832554,10,False
trend_momentum_heavy_top10,2022-11-30,-0.02576632867716799,-80192.14782266259,3032092.447604481,3112284.595427144,10,True
trend_momentum_heavy_top10,2022-12-31,0.0034312834134561897,10403.968523531037,3042496.4161280124,3032092.447604481,10,False
trend_momentum_heavy_top10,2023-01-31,-0.0028462352493635133,-8659.66054564571,3033836.7555823666,3042496.4161280124,10,True
trend_momentum_heavy_top10,2023-02-28,0.00677384511645122,20550.74029091183,3054387.4958732785,3033836.7555823666,10,True
trend_momentum_heavy_top10,2023-03-31,0.006696515659673097,20453.753696825104,3074841.2495701034,3054387.4958732785,10,True
trend_momentum_heavy_top10,2023-04-30,0.038261416585079026,117647.78198278668,3192489.03155289,3074841.2495701034,10,True
trend_momentum_heavy_top10,2023-05-31,0.025539085005031697,81533.24875446057,3274022.28030735,3192489.03155289,10,True
trend_momentum_heavy_top10,2023-06-30,0.0025840070119638684,8460.096529640126,3282482.3768369905,3274022.28030735,10,True
trend_momentum_heavy_top10,2023-07-31,0.002161687318151342,7095.700526063797,3289578.0773630543,3282482.3768369905,10,True
trend_momentum_heavy_top10,2023-08-31,-0.00924403564545943,-30408.977005665973,3259169.100357388,3289578.0773630543,10,True
trend_momentum_heavy_top10,2023-09-30,-0.009472896657399655,-30873.77207667574,3228295.3282807125,3259169.100357388,10,True
trend_momentum_heavy_top10,2023-10-31,0.02603945881283263,84063.0632364256,3312358.391517138,3228295.3282807125,10,False
trend_momentum_heavy_top10,2023-11-30,0.026631995805824996,88214.71479027365,3400573.1063074116,3312358.391517138,10,True
trend_momentum_heavy_top10,2023-12-31,0.05156570641027475,175352.954426524,3575926.060733936,3400573.1063074116,10,True
trend_momentum_heavy_top10,2024-01-31,0.02233449413864859,79866.49964370283,3655792.560377639,3575926.060733936,10,True
trend_momentum_heavy_top10,2024-02-29,0.01341600665992636,49046.13733733564,3704838.6977149746,3655792.560377639,10,True
trend_momentum_heavy_top10,2024-03-31,-0.009102450835960845,-33723.11210111576,3671115.585613859,3704838.6977149746,10,True
trend_momentum_heavy_top10,2024-04-30,0.014909291240844903,54733.73144472191,3725849.317058581,3671115.585613859,10,True
trend_momentum_heavy_top10,2024-05-31,-0.001439786063388166,-5364.425920985261,3720484.8911375958,3725849.317058581,10,True
trend_momentum_heavy_top10,2024-06-30,0.004230022188345747,15737.73364091714,3736222.624778513,3720484.8911375958,10,True
trend_momentum_heavy_top10,2024-07-31,-0.005927704638247967,-22147.224182426584,3714075.4005960864,3736222.624778513,10,True
trend_momentum_heavy_top10,2024-08-31,0.023958245929415645,88982.73184787396,3803058.1324439603,3714075.4005960864,10,True
trend_momentum_heavy_top10,2024-09-30,-0.000626524435556385,-2382.7088498175717,3800675.423594143,3803058.1324439603,10,True
trend_momentum_heavy_top10,2024-10-31,0.029691527093151877,112847.85731192198,3913523.280906065,3800675.423594143,10,True
trend_momentum_heavy_top10,2024-11-30,-0.022078322997283614,-86404.0310532332,3827119.2498528315,3913523.280906065,10,True
trend_momentum_heavy_top10,2024-12-31,0.021221086749459907,81215.62960165486,3908334.8794544865,3827119.2498528315,10,True
trend_momentum_heavy_top10,2025-01-31,0.0018665253780101175,7295.006238263913,3915629.8856927506,3908334.8794544865,10,True
trend_momentum_heavy_top10,2025-02-28,-0.015379708540665936,-60221.24639507558,3855408.639297675,3915629.8856927506,10,True
trend_momentum_heavy_top10,2025-03-31,0.008841415162942769,34087.26840282701,3889495.907700502,3855408.639297675,10,False
trend_momentum_heavy_top10,2025-04-30,0.010121966155417389,39369.345939378916,3928865.2536398806,3889495.907700502,10,False
trend_momentum_heavy_top10,2025-05-31,0.003891439258682362,15288.940490087267,3944154.194129968,3928865.2536398806,10,True
trend_momentum_heavy_top10,2025-06-30,-0.0009483279892270285,-3740.351816120624,3940413.8423138475,3944154.194129968,10,True
trend_momentum_heavy_top10,2025-07-31,0.012699147421775508,50039.89628634842,3990453.738600196,3940413.8423138475,10,True
trend_momentum_heavy_top10,2025-08-31,0.026811601094305863,106990.45382462993,4097444.192424826,3990453.738600196,10,True
trend_momentum_heavy_top10,2025-09-30,0.0069253537224169305,28376.2503904049,4125820.4428152307,4097444.192424826,10,True
trend_momentum_heavy_top10,2025-10-31,-0.009524089607455166,-39294.68360164261,4086525.759213588,4125820.4428152307,10,True
trend_momentum_heavy_top10,2025-11-30,0.011232733963347634,45902.85668761345,4132428.6159012015,4086525.759213588,10,True
trend_momentum_heavy_top10,2025-12-31,0.02415731514562781,99828.38039113587,4232256.996292338,4132428.6159012015,10,True
trend_momentum_heavy_top10,2026-01-31,0.010064729156319008,42596.5203876186,4274853.516679957,4232256.996292338,10,True
trend_momentum_heavy_top10,2026-02-28,-0.01628329664616503,-69608.70793100153,4205244.808748955,4274853.516679957,10,True
trend_momentum_heavy_top10,2026-03-31,0.06549769598802421,275433.8460386561,4480678.654787611,4205244.808748955,10,False
trend_momentum_heavy_top10,2026-04-30,0.04789577003946871,214605.55447046342,4695284.209258075,4480678.654787611,10,True
trend_momentum_heavy_top10,2026-05-31,0.0,0.0,4695284.209258075,4695284.209258075,0,True
value_quality_heavy_top10,2006-06-30,0.0,0.0,1000000.0,1000000.0,0,False
value_quality_heavy_top10,2006-07-31,0.0,0.0,1000000.0,1000000.0,0,False
value_quality_heavy_top10,2006-08-31,0.0,0.0,1000000.0,1000000.0,0,False
value_quality_heavy_top10,2006-09-30,0.0,0.0,1000000.0,1000000.0,0,False
value_quality_heavy_top10,2006-10-31,0.0,0.0,1000000.0,1000000.0,0,False
value_quality_heavy_top10,2006-11-30,0.0,0.0,1000000.0,1000000.0,0,False
value_quality_heavy_top10,2006-12-31,0.0,0.0,1000000.0,1000000.0,0,False
value_quality_heavy_top10,2007-01-31,0.0,0.0,1000000.0,1000000.0,0,False
value_quality_heavy_top10,2007-02-28,0.0,0.0,1000000.0,1000000.0,0,False
value_quality_heavy_top10,2007-03-31,0.0,0.0,1000000.0,1000000.0,0,True
value_quality_heavy_top10,2007-04-30,0.0,0.0,1000000.0,1000000.0,0,True
value_quality_heavy_top10,2007-05-31,0.0,0.0,1000000.0,1000000.0,0,True
value_quality_heavy_top10,2007-06-30,0.0,0.0,1000000.0,1000000.0,0,True
value_quality_heavy_top10,2007-07-31,0.0,0.0,1000000.0,1000000.0,0,True
value_quality_heavy_top10,2007-08-31,0.0,0.0,1000000.0,1000000.0,0,True
value_quality_heavy_top10,2007-09-30,0.0,0.0,1000000.0,1000000.0,0,True
value_quality_heavy_top10,2007-10-31,0.0,0.0,1000000.0,1000000.0,0,True
value_quality_heavy_top10,2007-11-30,0.0,0.0,1000000.0,1000000.0,0,False
value_quality_heavy_top10,2007-12-31,0.0,0.0,1000000.0,1000000.0,0,False
value_quality_heavy_top10,2008-01-31,0.0,0.0,1000000.0,1000000.0,0,False
value_quality_heavy_top10,2008-02-29,0.0,0.0,1000000.0,1000000.0,0,False
value_quality_heavy_top10,2008-03-31,0.0,0.0,1000000.0,1000000.0,0,False
value_quality_heavy_top10,2008-04-30,0.0,0.0,1000000.0,1000000.0,0,False
value_quality_heavy_top10,2008-05-31,0.0,0.0,1000000.0,1000000.0,0,False
value_quality_heavy_top10,2008-06-30,0.0,0.0,1000000.0,1000000.0,0,False
value_quality_heavy_top10,2008-07-31,0.0,0.0,1000000.0,1000000.0,0,False
value_quality_heavy_top10,2008-08-31,0.0,0.0,1000000.0,1000000.0,0,False
value_quality_heavy_top10,2008-09-30,0.0,0.0,1000000.0,1000000.0,0,False
value_quality_heavy_top10,2008-10-31,0.0,0.0,1000000.0,1000000.0,0,False
value_quality_heavy_top10,2008-11-30,0.0,0.0,1000000.0,1000000.0,0,False
value_quality_heavy_top10,2008-12-31,0.0,0.0,1000000.0,1000000.0,0,False
value_quality_heavy_top10,2009-01-31,0.0,0.0,1000000.0,1000000.0,0,False
value_quality_heavy_top10,2009-02-28,0.0,0.0,1000000.0,1000000.0,0,False
value_quality_heavy_top10,2009-03-31,0.0,0.0,1000000.0,1000000.0,0,False
value_quality_heavy_top10,2009-04-30,0.0,0.0,1000000.0,1000000.0,0,False
value_quality_heavy_top10,2009-05-31,0.0,0.0,1000000.0,1000000.0,0,False
value_quality_heavy_top10,2009-06-30,0.0,0.0,1000000.0,1000000.0,0,True
value_quality_heavy_top10,2009-07-31,0.0,0.0,1000000.0,1000000.0,0,True
value_quality_heavy_top10,2009-08-31,0.0,0.0,1000000.0,1000000.0,0,True
value_quality_heavy_top10,2009-09-30,0.0,0.0,1000000.0,1000000.0,0,True
value_quality_heavy_top10,2009-10-31,0.0,0.0,1000000.0,1000000.0,0,True
value_quality_heavy_top10,2009-11-30,0.0,0.0,1000000.0,1000000.0,0,True
value_quality_heavy_top10,2009-12-31,0.0,0.0,1000000.0,1000000.0,0,True
value_quality_heavy_top10,2010-01-31,0.0,0.0,1000000.0,1000000.0,0,True
value_quality_heavy_top10,2010-02-28,0.0,0.0,1000000.0,1000000.0,0,True
value_quality_heavy_top10,2010-03-31,0.0,0.0,1000000.0,1000000.0,0,True
value_quality_heavy_top10,2010-04-30,0.0,0.0,1000000.0,1000000.0,0,True
value_quality_heavy_top10,2010-05-31,-0.0135009700282674,-13500.9700282674,986499.0299717326,1000000.0,10,False
value_quality_heavy_top10,2010-06-30,0.02365138204557242,23332.065445448046,1009831.0954171807,986499.0299717326,9,False
value_quality_heavy_top10,2010-07-31,0.0015593404054111933,1574.670429724656,1011405.7658469053,1009831.0954171807,10,True
value_quality_heavy_top10,2010-08-31,0.0625522321633328,63265.68827658904,1074671.4541234944,1011405.7658469053,10,False
value_quality_heavy_top10,2010-09-30,0.031358954074780655,33700.57277533641,1108372.026898831,1074671.4541234944,10,True
value_quality_heavy_top10,2010-10-31,-0.041432251806495096,-45922.348913747715,1062449.677985083,1108372.026898831,10,True
value_quality_heavy_top10,2010-11-30,0.03896498798454535,41398.33893687284,1103848.0169219559,1062449.677985083,10,True
value_quality_heavy_top10,2010-12-31,0.022339463035519397,24659.37197085942,1128507.3888928152,1103848.0169219559,10,True
value_quality_heavy_top10,2011-01-31,0.07273713932132239,82084.39917103844,1210591.7880638537,1128507.3888928152,10,True
value_quality_heavy_top10,2011-02-28,0.005205565404714586,6301.814731176769,1216893.6027950305,1210591.7880638537,10,True
value_quality_heavy_top10,2011-03-31,0.02688934049608186,32721.466433059366,1249615.0692280899,1216893.6027950305,10,True
value_quality_heavy_top10,2011-04-30,0.01058920799986367,13232.433887820283,1262847.50311591,1249615.0692280899,10,True
value_quality_heavy_top10,2011-05-31,-0.017166459255089167,-21678.62020763036,1241168.8829082798,1262847.50311591,10,True
value_quality_heavy_top10,2011-06-30,-0.02399626624263086,-29783.418966335805,1211385.463941944,1241168.8829082798,10,True
value_quality_heavy_top10,2011-07-31,-0.05606901816630592,-67921.19358415979,1143464.2703577843,1211385.463941944,10,True
value_quality_heavy_top10,2011-08-31,-0.043641994902703145,-49903.061858377594,1093561.2084994067,1143464.2703577843,10,False
value_quality_heavy_top10,2011-09-30,0.08999304606134159,98412.90420738349,1191974.1127067902,1093561.2084994067,10,False
value_quality_heavy_top10,2011-10-31,0.019752007437711962,23543.881539744638,1215517.9942465348,1191974.1127067902,10,False
value_quality_heavy_top10,2011-11-30,0.018361748189936505,22319.03533069156,1237837.0295772264,1215517.9942465348,10,False
value_quality_heavy_top10,2011-12-31,0.09189206462601224,113747.40031838151,1351584.429895608,1237837.0295772264,10,False
value_quality_heavy_top10,2012-01-31,0.020607303415332855,27852.510438298472,1379436.9403339066,1351584.429895608,10,True
value_quality_heavy_top10,2012-02-29,0.015544999468612078,21443.346504474448,1400880.286838381,1379436.9403339066,10,True
value_quality_heavy_top10,2012-03-31,0.0386095676000962,54087.38213432863,1454967.6689727097,1400880.286838381,10,True
value_quality_heavy_top10,2012-04-30,-0.049503792830171506,-72026.41805942258,1382941.250913287,1454967.6689727097,10,True
value_quality_heavy_top10,2012-05-31,0.03386264648573225,46830.05069021298,1429771.3016035,1382941.250913287,10,True
value_quality_heavy_top10,2012-06-30,0.00803671579132365,11490.66559757822,1441261.9672010783,1429771.3016035,10,True
value_quality_heavy_top10,2012-07-31,0.007517057709229449,10834.049381568067,1452096.0165826464,1441261.9672010783,10,True
value_quality_heavy_top10,2012-08-31,0.0011273275772103212,1636.9878842508733,1453733.0044668973,1452096.0165826464,10,True
value_quality_heavy_top10,2012-09-30,0.006274681656431861,9121.711816478017,1462854.7162833754,1453733.0044668973,10,True
value_quality_heavy_top10,2012-10-31,0.020201275998167272,29551.531868861148,1492406.2481522365,1462854.7162833754,10,True
value_quality_heavy_top10,2012-11-30,0.014957783537590794,22323.089610009163,1514729.3377622457,1492406.2481522365,10,True
value_quality_heavy_top10,2012-12-31,0.015923271037780504,24119.445794066007,1538848.7835563116,1514729.3377622457,10,True
value_quality_heavy_top10,2013-01-31,-0.013214286305384924,-20334.788406606418,1518513.995149705,1538848.7835563116,10,True
value_quality_heavy_top10,2013-02-28,0.054743732169456195,83129.12344604636,1601643.1185957515,1518513.995149705,10,True
value_quality_heavy_top10,2013-03-31,0.04082290124274021,65383.71885654881,1667026.8374523004,1601643.1185957515,10,True
value_quality_heavy_top10,2013-04-30,0.03878152576535441,64649.84424819366,1731676.681700494,1667026.8374523004,10,True
value_quality_heavy_top10,2013-05-31,-0.010892034357447164,-18861.481913071875,1712815.199787422,1731676.681700494,10,True
value_quality_heavy_top10,2013-06-30,0.018787785614902113,32180.00477155182,1744995.204558974,1712815.199787422,10,True
value_quality_heavy_top10,2013-07-31,-0.016192121972693638,-28255.175193984393,1716740.0293649896,1744995.204558974,10,True
value_quality_heavy_top10,2013-08-31,0.01384212842553358,23763.335959724474,1740503.365324714,1716740.0293649896,10,True
value_quality_heavy_top10,2013-09-30,0.029142518895136398,50722.65221102397,1791226.017535738,1740503.365324714,10,True
value_quality_heavy_top10,2013-10-31,0.018408004437197152,32972.89647882085,1824198.9140145588,1791226.017535738,10,True
value_quality_heavy_top10,2013-11-30,0.01524512514293413,27810.140729756484,1852009.0547443153,1824198.9140145588,10,True
value_quality_heavy_top10,2013-12-31,-0.01227541259054869,-22734.175268418545,1829274.8794758967,1852009.0547443153,10,True
value_quality_heavy_top10,2014-01-31,0.03740444992049818,68423.02062018152,1897697.9000960782,1829274.8794758967,10,True
value_quality_heavy_top10,2014-02-28,0.008421720660655156,15981.881612921045,1913679.7817089993,1897697.9000960782,10,True
value_quality_heavy_top10,2014-03-31,0.013984046210242245,26760.98649902494,1940440.7682080243,1913679.7817089993,10,True
value_quality_heavy_top10,2014-04-30,0.03268981529300415,63432.6502997354,2003873.4185077597,1940440.7682080243,10,True
value_quality_heavy_top10,2014-05-31,-0.0008225863799188194,-1648.3589811458476,2002225.059526614,2003873.4185077597,10,True
value_quality_heavy_top10,2014-06-30,-0.01291328731367505,-25855.307460307296,1976369.7520663065,2002225.059526614,10,True
value_quality_heavy_top10,2014-07-31,0.028576786833710073,56478.29710939127,2032848.0491756978,1976369.7520663065,10,True
value_quality_heavy_top10,2014-08-31,-0.004477949384698549,-9102.990670991961,2023745.0585047058,2032848.0491756978,10,True
value_quality_heavy_top10,2014-09-30,0.00405045093872136,8197.0800719531,2031942.138576659,2023745.0585047058,10,True
value_quality_heavy_top10,2014-10-31,0.012206671739937964,24803.25068015281,2056745.3892568117,2031942.138576659,10,True
value_quality_heavy_top10,2014-11-30,-0.010594195870653295,-21789.56350984972,2034955.8257469619,2056745.3892568117,10,True
value_quality_heavy_top10,2014-12-31,-0.011554423455873042,-23512.74132467619,2011443.0844222857,2034955.8257469619,10,True
value_quality_heavy_top10,2015-01-31,0.03023719703820625,60820.40087481398,2072263.4852970997,2011443.0844222857,10,True
value_quality_heavy_top10,2015-02-28,-0.008868628660403213,-18378.135337612912,2053885.3499594869,2072263.4852970997,10,True
value_quality_heavy_top10,2015-03-31,-0.00037376695902387863,-767.6744814380521,2053117.6754780489,2053885.3499594869,10,True
value_quality_heavy_top10,2015-04-30,-0.0009711413836697956,-1993.8675402006668,2051123.8079378481,2053117.6754780489,10,True
value_quality_heavy_top10,2015-05-31,-0.00762315549672848,-15636.035730952059,2035487.772206896,2051123.8079378481,10,True
value_quality_heavy_top10,2015-06-30,0.02054580276674624,41820.730301886586,2077308.5025087825,2035487.772206896,10,True
value_quality_heavy_top10,2015-07-31,-0.012494365962836011,-25954.652648055577,2051353.8498607269,2077308.5025087825,10,True
value_quality_heavy_top10,2015-08-31,0.005280558211474688,10832.293416522276,2062186.143277249,2051353.8498607269,10,False
value_quality_heavy_top10,2015-09-30,0.040128297507333516,82752.01907293015,2144938.162350179,2062186.143277249,10,False
value_quality_heavy_top10,2015-10-31,0.008665401141091347,18586.749599599618,2163524.911949779,2144938.162350179,10,True
value_quality_heavy_top10,2015-11-30,-0.006107622840659116,-13213.994168559473,2150310.9177812194,2163524.911949779,10,True
value_quality_heavy_top10,2015-12-31,-0.017224625141263432,-37038.299495947635,2113272.618285272,2150310.9177812194,10,False
value_quality_heavy_top10,2016-01-31,0.018632644887857173,39375.85824774161,2152648.4765330134,2113272.618285272,10,False
value_quality_heavy_top10,2016-02-29,0.024959103859109173,53728.17689794062,2206376.653430954,2152648.4765330134,10,False
value_quality_heavy_top10,2016-03-31,-0.0010992014069951094,-2425.2523218124657,2203951.4011091418,2206376.653430954,10,True
value_quality_heavy_top10,2016-04-30,0.009399783837110426,20716.666757922587,2224668.0678670644,2203951.4011091418,10,True
value_quality_heavy_top10,2016-05-31,0.016862063979076698,37512.49529258338,2262180.563159648,2224668.0678670644,10,True
value_quality_heavy_top10,2016-06-30,0.011477136597225195,25963.355330971095,2288143.918490619,2262180.563159648,10,True
value_quality_heavy_top10,2016-07-31,0.007446089281138469,17037.72390517517,2305181.642395794,2288143.918490619,10,True
value_quality_heavy_top10,2016-08-31,-0.005945725778526877,-13705.977915379597,2291475.6644804142,2305181.642395794,10,True
value_quality_heavy_top10,2016-09-30,-0.006575599987886158,-15067.827351598839,2276407.8371288152,2291475.6644804142,10,True
value_quality_heavy_top10,2016-10-31,0.01776397357817842,40438.04867191456,2316845.88580073,2276407.8371288152,10,True
value_quality_heavy_top10,2016-11-30,0.0008435246959640194,1954.3167214155499,2318800.2025221456,2316845.88580073,10,True
value_quality_heavy_top10,2016-12-31,0.008306812028421866,19261.83741381802,2338062.0399359637,2318800.2025221456,10,True
value_quality_heavy_top10,2017-01-31,0.03328084759224235,77812.68641231605,2415874.72634828,2338062.0399359637,10,True
value_quality_heavy_top10,2017-02-28,-3.5690568476666774e-05,-86.22394235178189,2415788.502405928,2415874.72634828,10,True
value_quality_heavy_top10,2017-03-31,0.007425126146376892,17937.53437333093,2433726.036779259,2415788.502405928,10,True
value_quality_heavy_top10,2017-04-30,0.013435617542806318,32698.612234135904,2466424.649013395,2433726.036779259,10,True
value_quality_heavy_top10,2017-05-31,0.008618075299587195,21255.833345955354,2487680.48235935,2466424.649013395,10,True
value_quality_heavy_top10,2017-06-30,0.003388515909386781,8429.54489194564,2496110.0272512957,2487680.48235935,10,True
value_quality_heavy_top10,2017-07-31,0.012277479529319523,30645.93976250698,2526755.967013803,2496110.0272512957,10,True
value_quality_heavy_top10,2017-08-31,0.01086945861045837,27464.469402185245,2554220.436415988,2526755.967013803,10,True
value_quality_heavy_top10,2017-09-30,-8.377464794582341e-05,-213.97891783677682,2554006.4574981513,2554220.436415988,10,True
value_quality_heavy_top10,2017-10-31,0.02424205263897435,61914.35898295059,2615920.816481102,2554006.4574981513,10,True
value_quality_heavy_top10,2017-11-30,0.0022314175683475213,5837.211667301923,2621758.028148404,2615920.816481102,10,True
value_quality_heavy_top10,2017-12-31,0.014988111424604128,39295.20145423868,2661053.2296026424,2621758.028148404,10,True
value_quality_heavy_top10,2018-01-31,-0.016566986148726773,-44085.63199585162,2616967.5976067907,2661053.2296026424,10,True
value_quality_heavy_top10,2018-02-28,-0.007653758714659216,-20029.638556163765,2596937.959050627,2616967.5976067907,10,True
value_quality_heavy_top10,2018-03-31,-0.001097584070621731,-2850.3577362468777,2594087.6013143803,2596937.959050627,10,True
value_quality_heavy_top10,2018-04-30,0.02179682335780556,56542.86922052308,2650630.4705349035,2594087.6013143803,10,True
value_quality_heavy_top10,2018-05-31,-0.007438659882867076,-19717.138545473066,2630913.3319894304,2650630.4705349035,10,True
value_quality_heavy_top10,2018-06-30,0.02384931633476602,62745.48430396922,2693658.8162934,2630913.3319894304,10,True
value_quality_heavy_top10,2018-07-31,0.013976666166625346,37648.37004212004,2731307.18633552,2693658.8162934,10,True
value_quality_heavy_top10,2018-08-31,0.0012794855144114795,3494.6679803242732,2734801.8543158444,2731307.18633552,10,True
value_quality_heavy_top10,2018-09-30,-0.03991537134031738,-109160.63155720547,2625641.2227586387,2734801.8543158444,10,True
value_quality_heavy_top10,2018-10-31,0.018099528189326492,47522.86732637766,2673164.0900850166,2625641.2227586387,10,False
value_quality_heavy_top10,2018-11-30,-0.03012180128359532,-80520.51751998377,2592643.5725650326,2673164.0900850166,10,True
value_quality_heavy_top10,2018-12-31,0.023406881728704983,60685.70146771688,2653329.2740327497,2592643.5725650326,10,False
value_quality_heavy_top10,2019-01-31,0.016162281251022502,42883.85397848866,2696213.1280112383,2653329.2740327497,10,False
value_quality_heavy_top10,2019-02-28,0.012875398819541677,34714.81932562867,2730927.947336867,2696213.1280112383,10,True
value_quality_heavy_top10,2019-03-31,0.016223912526376727,44306.33613343088,2775234.2834702977,2730927.947336867,10,True
value_quality_heavy_top10,2019-04-30,-0.019467380386535033,-54026.541458069274,2721207.7420122284,2775234.2834702977,10,True
value_quality_heavy_top10,2019-05-31,0.02118072466045182,57637.15192745082,2778844.893939679,2721207.7420122284,10,False
value_quality_heavy_top10,2019-06-30,0.0035993729688771642,10002.099195948811,2788846.993135628,2778844.893939679,10,True
value_quality_heavy_top10,2019-07-31,-0.004048403504194237,-11290.377939671836,2777556.615195956,2788846.993135628,10,True
value_quality_heavy_top10,2019-08-31,-0.003924405927537663,-10900.259644746457,2766656.3555512098,2777556.615195956,10,True
value_quality_heavy_top10,2019-09-30,0.01125388680588126,31135.637456145294,2797791.993007355,2766656.3555512098,10,True
value_quality_heavy_top10,2019-10-31,0.00990297223542376,27706.45642724274,2825498.4494345975,2797791.993007355,10,True
value_quality_heavy_top10,2019-11-30,0.0131882601276268,37263.40854134965,2862761.857975947,2825498.4494345975,10,True
value_quality_heavy_top10,2019-12-31,-0.0027390671129846325,-7841.2968574887,2854920.5611184584,2862761.857975947,10,True
value_quality_heavy_top10,2020-01-31,-0.03693301403660299,-105440.8211571745,2749479.7399612837,2854920.5611184584,10,True
value_quality_heavy_top10,2020-02-29,-0.05335199346559027,-146690.22512018724,2602789.5148410965,2749479.7399612837,10,False
value_quality_heavy_top10,2020-03-31,0.07803407296872152,203106.2669233334,2805895.78176443,2602789.5148410965,10,False
value_quality_heavy_top10,2020-04-30,0.030041716245002424,84293.92488881625,2890189.706653246,2805895.78176443,10,False
value_quality_heavy_top10,2020-05-31,0.0030952495702547583,8945.858447473187,2899135.565100719,2890189.706653246,10,True
value_quality_heavy_top10,2020-06-30,0.027009068513005715,78302.95110629687,2977438.516207016,2899135.565100719,10,True
value_quality_heavy_top10,2020-07-31,0.011687326551467406,34798.29622582797,3012236.812432844,2977438.516207016,10,True
value_quality_heavy_top10,2020-08-31,-0.011156061138118054,-33604.698041990654,2978632.1143908533,3012236.812432844,10,True
value_quality_heavy_top10,2020-09-30,-0.01806377684415416,-53805.34581518744,2924826.768575666,2978632.1143908533,10,True
value_quality_heavy_top10,2020-10-31,0.01767694426912962,51701.99978497053,2976528.7683606367,2924826.768575666,10,True
value_quality_heavy_top10,2020-11-30,0.016682867159035476,49657.034037607984,3026185.802398245,2976528.7683606367,10,True
value_quality_heavy_top10,2020-12-31,0.0010946341018528514,3312.566177848053,3029498.368576093,3026185.802398245,10,True
value_quality_heavy_top10,2021-01-31,-0.005953840757011138,-18037.150860127094,3011461.217715966,3029498.368576093,10,True
value_quality_heavy_top10,2021-02-28,0.019466923966794433,58623.88655422689,3070085.104270193,3011461.217715966,10,True
value_quality_heavy_top10,2021-03-31,0.006795605004871488,20863.085699959927,3090948.189970153,3070085.104270193,10,True
value_quality_heavy_top10,2021-04-30,-0.0043408435093641885,-13417.322388212926,3077530.86758194,3090948.189970153,10,True
value_quality_heavy_top10,2021-05-31,0.0069157318554650075,21283.378257113283,3098814.2458390533,3077530.86758194,10,True
value_quality_heavy_top10,2021-06-30,0.005995131163964404,18577.797856566558,3117392.04369562,3098814.2458390533,10,True
value_quality_heavy_top10,2021-07-31,0.0004470044364623129,1393.4880737242584,3118785.531769344,3117392.04369562,10,True
value_quality_heavy_top10,2021-08-31,-0.015287946446507106,-47679.82618783092,3071105.7055815132,3118785.531769344,10,True
value_quality_heavy_top10,2021-09-30,0.022684557558957485,69666.67414790658,3140772.37972942,3071105.7055815132,10,True
value_quality_heavy_top10,2021-10-31,-0.001578851193298665,-4958.812219615283,3135813.567509805,3140772.37972942,10,True
value_quality_heavy_top10,2021-11-30,0.028991079562060682,90910.6206274661,3226724.188137271,3135813.567509805,10,True
value_quality_heavy_top10,2021-12-31,-0.007205238722874706,-23249.318068403114,3203474.8700688677,3226724.188137271,10,True
value_quality_heavy_top10,2022-01-31,-0.0072362053844876074,-23181.00210386308,3180293.8679650044,3203474.8700688677,10,True
value_quality_heavy_top10,2022-02-28,-0.001827387822584508,-5811.6302865594325,3174482.237678445,3180293.8679650044,10,False
value_quality_heavy_top10,2022-03-31,-0.006904362785570771,-21917.77702528248,3152564.4606531626,3174482.237678445,10,True
value_quality_heavy_top10,2022-04-30,-0.0005710514925923542,-1800.2766407495985,3150764.184012413,3152564.4606531626,10,False
value_quality_heavy_top10,2022-05-31,-0.03009190120011202,-94812.4845301531,3055951.69948226,3150764.184012413,10,False
value_quality_heavy_top10,2022-06-30,0.02734546018972161,83566.40553990423,3139518.105022164,3055951.69948226,10,False
value_quality_heavy_top10,2022-07-31,-0.007093096506964799,-22268.904904285457,3117249.2001178786,3139518.105022164,10,False
value_quality_heavy_top10,2022-08-31,-0.031042151282160382,-96766.12125425263,3020483.078863626,3117249.2001178786,10,False
value_quality_heavy_top10,2022-09-30,0.029066370345670445,87794.47979308106,3108277.558656707,3020483.078863626,10,False
value_quality_heavy_top10,2022-10-31,0.01638385691687612,50925.574778968505,3159203.1334356754,3108277.558656707,10,False
value_quality_heavy_top10,2022-11-30,-0.013526155311845325,-42731.872244519356,3116471.261191156,3159203.1334356754,10,True
value_quality_heavy_top10,2022-12-31,0.007407226493630662,23084.408492533694,3139555.6696836897,3116471.261191156,10,False
value_quality_heavy_top10,2023-01-31,-0.0013448372084351118,-4222.191282544041,3135333.478401146,3139555.6696836897,10,True
value_quality_heavy_top10,2023-02-28,0.01160313316665413,36379.69187175739,3171713.1702729035,3135333.478401146,10,True
value_quality_heavy_top10,2023-03-31,0.003313243558855301,10508.658231943224,3182221.828504847,3171713.1702729035,10,True
value_quality_heavy_top10,2023-04-30,-0.0033077069491278797,-10525.85725581191,3171695.971249035,3182221.828504847,10,True
value_quality_heavy_top10,2023-05-31,0.02058880685832804,65301.43576538354,3236997.407014419,3171695.971249035,10,True
value_quality_heavy_top10,2023-06-30,0.016187619694617333,52399.28297721185,3289396.6899916306,3236997.407014419,10,True
value_quality_heavy_top10,2023-07-31,0.006079832914492153,19998.982264632657,3309395.6722562634,3289396.6899916306,10,True
value_quality_heavy_top10,2023-08-31,-0.009598212320448468,-31764.282314688906,3277631.3899415745,3309395.6722562634,10,True
value_quality_heavy_top10,2023-09-30,-0.003975927860730171,-13031.62596047246,3264599.763981102,3277631.3899415745,10,True
value_quality_heavy_top10,2023-10-31,0.029781228786067787,97223.7924660641,3361823.556447166,3264599.763981102,10,False
value_quality_heavy_top10,2023-11-30,0.02088096194270509,70198.10974026275,3432021.666187429,3361823.556447166,10,True
value_quality_heavy_top10,2023-12-31,0.0038670795565396232,13271.900822914462,3445293.5670103435,3432021.666187429,10,True
value_quality_heavy_top10,2024-01-31,0.0033002272718759165,11370.25178946619,3456663.8187998096,3445293.5670103435,10,True
value_quality_heavy_top10,2024-02-29,0.018998344189723498,65670.8889777228,3522334.7077775323,3456663.8187998096,10,True
value_quality_heavy_top10,2024-03-31,-0.007869637956506935,-27719.49891184783,3494615.2088656845,3522334.7077775323,10,True
value_quality_heavy_top10,2024-04-30,0.008433722109953596,29472.613552790626,3524087.822418475,3494615.2088656845,10,True
value_quality_heavy_top10,2024-05-31,0.0197429844291947,69576.01100512261,3593663.8334235977,3524087.822418475,10,True
value_quality_heavy_top10,2024-06-30,0.010272220707134416,36914.90804417392,3630578.7414677716,3593663.8334235977,10,True
value_quality_heavy_top10,2024-07-31,0.0012304842440066534,4467.369938001598,3635046.111405773,3630578.7414677716,10,True
value_quality_heavy_top10,2024-08-31,0.009248507099696407,33618.74976906011,3668664.861174833,3635046.111405773,10,True
value_quality_heavy_top10,2024-09-30,-0.0010772666217055036,-3952.130201167503,3664712.7309736656,3668664.861174833,10,True
value_quality_heavy_top10,2024-10-31,0.023434472167175105,85880.60849469464,3750593.3394683604,3664712.7309736656,10,True
value_quality_heavy_top10,2024-11-30,-0.014296027516160045,-53618.58558296627,3696974.753885394,3750593.3394683604,10,True
value_quality_heavy_top10,2024-12-31,0.009290217473863188,34345.69945897715,3731320.453344371,3696974.753885394,10,True
value_quality_heavy_top10,2025-01-31,0.002534508361032183,9457.062886691703,3740777.516231063,3731320.453344371,10,True
value_quality_heavy_top10,2025-02-28,-0.011004163107178557,-41164.125936272896,3699613.39029479,3740777.516231063,10,True
value_quality_heavy_top10,2025-03-31,-0.002796436855468084,-10345.73523560358,3689267.6550591863,3699613.39029479,10,False
value_quality_heavy_top10,2025-04-30,0.0036328527710532037,13402.56622383872,3702670.221283025,3689267.6550591863,10,False
value_quality_heavy_top10,2025-05-31,-0.0030408578447823115,-11259.293789030344,3691410.9274939946,3702670.221283025,10,True
value_quality_heavy_top10,2025-06-30,-0.006070819821217331,-22409.890626888795,3669001.036867106,3691410.9274939946,10,True
value_quality_heavy_top10,2025-07-31,0.008174309529899186,29991.55014087278,3698992.5870079785,3669001.036867106,10,True
value_quality_heavy_top10,2025-08-31,0.011113936034161082,41110.36700284269,3740102.954010821,3698992.5870079785,10,True
value_quality_heavy_top10,2025-09-30,-0.006640139462271348,-24834.805217884892,3715268.148792936,3740102.954010821,10,True
value_quality_heavy_top10,2025-10-31,0.001358992438011898,5049.0213193960635,3720317.170112332,3715268.148792936,10,True
value_quality_heavy_top10,2025-11-30,-0.00043922896029047854,-1634.071042579255,3718683.0990697527,3720317.170112332,10,True
value_quality_heavy_top10,2025-12-31,0.018312038267882743,68096.66721629411,3786779.7662860467,3718683.0990697527,10,True
value_quality_heavy_top10,2026-01-31,0.001592366225053521,6029.940201549966,3792809.7064875965,3786779.7662860467,10,True
value_quality_heavy_top10,2026-02-28,-0.022595547835542247,-85700.61315404944,3707109.093333547,3792809.7064875965,10,True
value_quality_heavy_top10,2026-03-31,0.044782686186765265,166014.30318686014,3873123.396520407,3707109.093333547,10,False
value_quality_heavy_top10,2026-04-30,0.04792772421459747,185629.9899975351,4058753.386517942,3873123.396520407,10,True
value_quality_heavy_top10,2026-05-31,0.0,0.0,4058753.386517942,4058753.386517942,0,True
no_trend_top10,2006-06-30,0.0,0.0,1000000.0,1000000.0,0,False
no_trend_top10,2006-07-31,0.0,0.0,1000000.0,1000000.0,0,False
no_trend_top10,2006-08-31,0.0,0.0,1000000.0,1000000.0,0,False
no_trend_top10,2006-09-30,0.0,0.0,1000000.0,1000000.0,0,False
no_trend_top10,2006-10-31,0.0,0.0,1000000.0,1000000.0,0,False
no_trend_top10,2006-11-30,0.0,0.0,1000000.0,1000000.0,0,False
no_trend_top10,2006-12-31,0.0,0.0,1000000.0,1000000.0,0,False
no_trend_top10,2007-01-31,0.0,0.0,1000000.0,1000000.0,0,False
no_trend_top10,2007-02-28,0.0,0.0,1000000.0,1000000.0,0,False
no_trend_top10,2007-03-31,0.0,0.0,1000000.0,1000000.0,0,True
no_trend_top10,2007-04-30,0.0,0.0,1000000.0,1000000.0,0,True
no_trend_top10,2007-05-31,0.0,0.0,1000000.0,1000000.0,0,True
no_trend_top10,2007-06-30,-0.01606083033176786,-16060.830331767862,983939.1696682321,1000000.0,10,True
no_trend_top10,2007-07-31,0.020918429466175992,20582.462119712687,1004521.6317879448,983939.1696682321,9,True
no_trend_top10,2007-08-31,0.10141620546435377,101874.77220279413,1106396.403990739,1004521.6317879448,10,True
no_trend_top10,2007-09-30,0.029873796971149644,33052.2615424294,1139448.6655331685,1106396.403990739,10,True
no_trend_top10,2007-10-31,0.021887887216184513,24940.123879821942,1164388.7894129904,1139448.6655331685,10,True
no_trend_top10,2007-11-30,0.04608192701285707,53657.27920831843,1218046.0686213088,1164388.7894129904,10,False
no_trend_top10,2007-12-31,-0.10528466374975645,-128241.57076650727,1089804.4978548016,1218046.0686213088,10,False
no_trend_top10,2008-01-31,-0.015084865031261616,-16439.55376060152,1073364.9440942002,1089804.4978548016,10,False
no_trend_top10,2008-02-29,-0.005732976416653049,-6153.575910954168,1067211.3681832459,1073364.9440942002,10,False
no_trend_top10,2008-03-31,0.09428364940685094,100620.58248079487,1167831.9506640406,1067211.3681832459,10,False
no_trend_top10,2008-04-30,0.0520828213925893,60823.98290299439,1228655.933567035,1167831.9506640406,10,False
no_trend_top10,2008-05-31,-0.018726244490784506,-23008.111407029384,1205647.8221600056,1228655.933567035,10,False
no_trend_top10,2008-06-30,-0.03402453612578377,-41021.60788005564,1164626.21427995,1205647.8221600056,10,False
no_trend_top10,2008-07-31,-0.02940585149860619,-34246.82550850012,1130379.3887714497,1164626.21427995,10,False
no_trend_top10,2008-08-31,-0.09616281791798169,-108700.46734066836,1021678.9214307814,1130379.3887714497,10,False
no_trend_top10,2008-09-30,-0.12332210426171805,-125995.59447068647,895683.3269600949,1021678.9214307814,10,False
no_trend_top10,2008-10-31,-0.10978404375262873,-98331.73755548713,797351.5894046078,895683.3269600949,8,False
no_trend_top10,2008-11-30,0.07140461080369503,56934.579915143666,854286.1693197514,797351.5894046078,7,False
no_trend_top10,2008-12-31,-0.03570303785768243,-30500.611444517588,823785.5578752338,854286.1693197514,8,False
no_trend_top10,2009-01-31,-0.06315475562206609,-52025.97559259777,771759.5822826361,823785.5578752338,8,False
no_trend_top10,2009-02-28,0.05561267191183384,42919.612444298175,814679.1947269343,771759.5822826361,7,False
no_trend_top10,2009-03-31,0.028905908854650914,23549.042548557165,838228.2372754915,814679.1947269343,8,False
no_trend_top10,2009-04-30,0.017477385475676153,14650.038019460299,852878.2752949517,838228.2372754915,8,False
no_trend_top10,2009-05-31,0.002522073298278829,2151.021524803498,855029.2968197552,852878.2752949517,8,False
no_trend_top10,2009-06-30,0.05969509929296986,51041.05877205348,906070.3555918087,855029.2968197552,8,True
no_trend_top10,2009-07-31,-0.02642840970352561,-23945.998577799455,882124.3570140093,906070.3555918087,9,True
no_trend_top10,2009-08-31,0.03272296364293753,28865.72326311907,910990.0802771284,882124.3570140093,8,True
no_trend_top10,2009-09-30,-0.04215296093283549,-38400.92926412246,872589.1510130059,910990.0802771284,9,True
no_trend_top10,2009-10-31,0.09057909287020792,79038.33374714294,951627.4847601488,872589.1510130059,8,True
no_trend_top10,2009-11-30,0.05132750569738644,48844.66514581607,1000472.1499059648,951627.4847601488,9,True
no_trend_top10,2009-12-31,-0.05789022583877259,-57917.55870345865,942554.5912025062,1000472.1499059648,10,True
no_trend_top10,2010-01-31,0.041849284776821725,39445.23550493447,981999.8267074407,942554.5912025062,9,True
no_trend_top10,2010-02-28,0.09563772472281533,93916.22910449856,1075916.0558119393,981999.8267074407,9,True
no_trend_top10,2010-03-31,0.015935251036099413,17144.9924431332,1093061.0482550724,1075916.0558119393,10,True
no_trend_top10,2010-04-30,-0.056981652986612334,-62284.425344853255,1030776.6229102192,1093061.0482550724,10,True
no_trend_top10,2010-05-31,-0.03427266902926368,-35327.46604010408,995449.1568701152,1030776.6229102192,10,False
no_trend_top10,2010-06-30,0.05446495256202353,54217.09110683714,1049666.2479769522,995449.1568701152,9,False
no_trend_top10,2010-07-31,0.012742231675032394,13375.090513184328,1063041.3384901367,1049666.2479769522,10,True
no_trend_top10,2010-08-31,0.07998280222410076,85025.02513249996,1148066.3636226365,1063041.3384901367,10,False
no_trend_top10,2010-09-30,0.05867120636276376,67358.43853825149,1215424.802160888,1148066.3636226365,10,True
no_trend_top10,2010-10-31,0.012185215006243847,14810.21253825181,1230235.0146991399,1215424.802160888,10,True
no_trend_top10,2010-11-30,-0.023449300116918145,-28848.150074021338,1201386.8646251184,1230235.0146991399,10,True
no_trend_top10,2010-12-31,0.006913152832741173,8305.371006401174,1209692.2356315197,1201386.8646251184,10,True
no_trend_top10,2011-01-31,0.05166750997080672,62501.785646099015,1272194.0212776186,1209692.2356315197,10,True
no_trend_top10,2011-02-28,0.03436322755393902,43716.69264592355,1315910.713923542,1272194.0212776186,10,True
no_trend_top10,2011-03-31,0.023406008275332273,30800.217059692826,1346710.930983235,1315910.713923542,10,True
no_trend_top10,2011-04-30,0.012898741807792291,17370.87658848433,1364081.8075717192,1346710.930983235,10,True
no_trend_top10,2011-05-31,0.008569483104971031,11689.476003784193,1375771.2835755034,1364081.8075717192,10,True
no_trend_top10,2011-06-30,0.008442597702651945,11615.083478089062,1387386.3670535923,1375771.2835755034,10,True
no_trend_top10,2011-07-31,-0.03534295415237928,-49034.33276241116,1338352.0342911812,1387386.3670535923,10,True
no_trend_top10,2011-08-31,-0.09593990026039062,-128401.36068318681,1209950.6736079943,1338352.0342911812,10,False
no_trend_top10,2011-09-30,0.08406526233551645,101714.82078989089,1311665.4943978852,1209950.6736079943,10,False
no_trend_top10,2011-10-31,0.01552518517588316,20363.849689343504,1332029.3440872286,1311665.4943978852,10,False
no_trend_top10,2011-11-30,0.013957892470985318,18592.32235296664,1350621.6664401952,1332029.3440872286,10,False
no_trend_top10,2011-12-31,0.005611502148881034,7579.016383554438,1358200.6828237497,1350621.6664401952,10,False
no_trend_top10,2012-01-31,0.023140093234402893,31428.890431571243,1389629.573255321,1358200.6828237497,10,True
no_trend_top10,2012-02-29,0.030404593813166604,42251.12272559208,1431880.695980913,1389629.573255321,10,True
no_trend_top10,2012-03-31,0.0317719201027679,45493.59906940126,1477374.2950503142,1431880.695980913,10,True
no_trend_top10,2012-04-30,-0.02250441799296797,-33247.44866787866,1444126.8463824354,1477374.2950503142,10,True
no_trend_top10,2012-05-31,0.023982075966545037,34633.15973527068,1478760.0061177062,1444126.8463824354,10,True
no_trend_top10,2012-06-30,0.03190796499297584,47184.2225082165,1525944.2286259227,1478760.0061177062,10,True
no_trend_top10,2012-07-31,0.007949707113604782,12130.80968927166,1538075.0383151944,1525944.2286259227,10,True
no_trend_top10,2012-08-31,0.002214317387331798,3405.7863003623565,1541480.8246155567,1538075.0383151944,10,True
no_trend_top10,2012-09-30,-0.022381612754875897,-34500.82688561216,1506979.9977299445,1541480.8246155567,10,True
no_trend_top10,2012-10-31,-0.003471513153877174,-5231.500884749296,1501748.4968451953,1506979.9977299445,10,True
no_trend_top10,2012-11-30,0.02525445246230233,37925.83602391096,1539674.3328691062,1501748.4968451953,10,True
no_trend_top10,2012-12-31,0.02498636287568655,38470.86159144809,1578145.1944605543,1539674.3328691062,10,True
no_trend_top10,2013-01-31,0.0010428110965289435,1645.7073207172934,1579790.9017812717,1578145.1944605543,10,True
no_trend_top10,2013-02-28,0.059740939532304034,94378.19273699902,1674169.0945182708,1579790.9017812717,10,True
no_trend_top10,2013-03-31,0.023425719858199974,39218.61620344133,1713387.710721712,1674169.0945182708,10,True
no_trend_top10,2013-04-30,0.03724283519610268,63811.41613743637,1777199.1268591485,1713387.710721712,10,True
no_trend_top10,2013-05-31,-0.029453948618700102,-52345.531767708046,1724853.5950914405,1777199.1268591485,10,True
no_trend_top10,2013-06-30,0.044531910242143605,76811.02547745073,1801664.6205688913,1724853.5950914405,10,True
no_trend_top10,2013-07-31,-0.022171429707458105,-39945.48049135735,1761719.140077534,1801664.6205688913,10,True
no_trend_top10,2013-08-31,0.023375104297851713,41180.368642833986,1802899.508720368,1761719.140077534,10,True
no_trend_top10,2013-09-30,0.034291059436371445,61823.334211335015,1864722.842931703,1802899.508720368,10,True
no_trend_top10,2013-10-31,0.0238868943131136,44542.43747235832,1909265.2804040613,1864722.842931703,10,True
no_trend_top10,2013-11-30,0.021945941083149893,41900.62335585119,1951165.9037599126,1909265.2804040613,10,True
no_trend_top10,2013-12-31,-0.002259078958092822,-4407.837836932183,1946758.0659229804,1951165.9037599126,10,True
no_trend_top10,2014-01-31,0.039827751714254414,77534.9968973026,2024293.062820283,1946758.0659229804,10,True
no_trend_top10,2014-02-28,0.00838450651509727,16972.69837368287,2041265.7611939658,2024293.062820283,10,True
no_trend_top10,2014-03-31,0.006621724136943319,13516.69876081406,2054782.4599547798,2041265.7611939658,10,True
no_trend_top10,2014-04-30,0.025065749662813344,51504.66275276629,2106287.122707546,2054782.4599547798,10,True
no_trend_top10,2014-05-31,0.01126209047214759,23721.19613625182,2130008.3188437982,2106287.122707546,10,True
no_trend_top10,2014-06-30,-0.009151495817995549,-19492.76222219475,2110515.5566216037,2130008.3188437982,10,True
no_trend_top10,2014-07-31,0.03728836626496421,78697.67708321117,2189213.2337048147,2110515.5566216037,10,True
no_trend_top10,2014-08-31,-0.008997568358601936,-19697.595721815065,2169515.6379829994,2189213.2337048147,10,True
no_trend_top10,2014-09-30,0.01538277780111393,33373.17699513441,2202888.814978134,2169515.6379829994,10,True
no_trend_top10,2014-10-31,0.01766820346259577,38921.08778851016,2241809.902766644,2202888.814978134,10,True
no_trend_top10,2014-11-30,5.504722948496255e-05,123.40542417925704,2241933.308190823,2241809.902766644,10,True
no_trend_top10,2014-12-31,0.011016997101536162,24699.372758175676,2266632.680948999,2241933.308190823,10,True
no_trend_top10,2015-01-31,0.0233129211134888,52841.828884219634,2319474.5098332185,2266632.680948999,10,True
no_trend_top10,2015-02-28,-0.0003456135132575911,-801.6417342548876,2318672.8680989635,2319474.5098332185,10,True
no_trend_top10,2015-03-31,-0.008834335360958631,-20483.933709142042,2298188.9343898213,2318672.8680989635,10,True
no_trend_top10,2015-04-30,0.009092789345652344,20896.947856915882,2319085.8822467374,2298188.9343898213,10,True
no_trend_top10,2015-05-31,-0.003706153439745627,-8594.888119554267,2310490.994127183,2319085.8822467374,10,True
no_trend_top10,2015-06-30,0.00978690876531786,22612.564562611304,2333103.5586897945,2310490.994127183,10,True
no_trend_top10,2015-07-31,-0.017740721960837175,-41390.9415405554,2291712.617149239,2333103.5586897945,10,True
no_trend_top10,2015-08-31,0.011905032513151514,27282.913217961235,2318995.5303672003,2291712.617149239,10,False
no_trend_top10,2015-09-30,0.03532438736311074,81917.09640801343,2400912.6267752135,2318995.5303672003,10,False
no_trend_top10,2015-10-31,-0.00327452198036983,-7861.841169322903,2393050.7856058907,2400912.6267752135,10,True
no_trend_top10,2015-11-30,-0.011053432809107006,-26451.426067475448,2366599.3595384154,2393050.7856058907,10,True
no_trend_top10,2015-12-31,-0.005118981191693763,-12114.577609751654,2354484.7819286636,2366599.3595384154,10,False
no_trend_top10,2016-01-31,0.013563595833826284,31935.279978975006,2386420.061907639,2354484.7819286636,10,False
no_trend_top10,2016-02-29,0.021056861588964068,50250.516936716216,2436670.578844355,2386420.061907639,10,False
no_trend_top10,2016-03-31,0.001702892898149,4149.389023842665,2440819.9678681977,2436670.578844355,10,True
no_trend_top10,2016-04-30,0.007652411917621782,18678.15981088381,2459498.1276790816,2440819.9678681977,10,True
no_trend_top10,2016-05-31,0.01439023030524901,35392.74449263072,2494890.8721717126,2459498.1276790816,10,True
no_trend_top10,2016-06-30,0.010051565604021243,25077.559276507745,2519968.4314482203,2494890.8721717126,10,True
no_trend_top10,2016-07-31,0.0018770565440646373,4730.123235086181,2524698.5546833063,2519968.4314482203,10,True
no_trend_top10,2016-08-31,-0.004854094367594204,-12255.125034161463,2512443.429649145,2524698.5546833063,10,True
no_trend_top10,2016-09-30,-0.011087680697747095,-27857.170519102336,2484586.2591300425,2512443.429649145,10,True
no_trend_top10,2016-10-31,0.025008434721675844,62135.61327182645,2546721.872401869,2484586.2591300425,10,True
no_trend_top10,2016-11-30,0.0012147996281159298,3093.7567835084947,2549815.6291853776,2546721.872401869,10,True
no_trend_top10,2016-12-31,0.005210230378790312,13285.126851495988,2563100.7560368734,2549815.6291853776,10,True
no_trend_top10,2017-01-31,0.009247117786346478,23701.29458934668,2586802.05062622,2563100.7560368734,10,True
no_trend_top10,2017-02-28,-0.00626893133970555,-16216.484444785296,2570585.566181435,2586802.05062622,10,True
no_trend_top10,2017-03-31,0.0023605613251707212,6068.024870569977,2576653.5910520046,2570585.566181435,10,True
no_trend_top10,2017-04-30,0.02626195224653258,67667.95356406443,2644321.544616069,2576653.5910520046,10,True
no_trend_top10,2017-05-31,0.000865096234391088,2287.592610766587,2646609.137226836,2644321.544616069,10,True
no_trend_top10,2017-06-30,0.010339198815893099,27363.818057747558,2673972.9552845834,2646609.137226836,10,True
no_trend_top10,2017-07-31,0.015315770951874244,40953.95731464495,2714926.9125992283,2673972.9552845834,10,True
no_trend_top10,2017-08-31,0.013637037298087386,37023.55956869691,2751950.4721679254,2714926.9125992283,10,True
no_trend_top10,2017-09-30,0.010237985519786011,28174.429085223495,2780124.901253149,2751950.4721679254,10,True
no_trend_top10,2017-10-31,0.014146259946953406,39328.36953812521,2819453.270791274,2780124.901253149,10,True
no_trend_top10,2017-11-30,0.004260292099275967,12011.69449382985,2831464.965285104,2819453.270791274,10,True
no_trend_top10,2017-12-31,0.021080734730904455,59689.361833024865,2891154.3271181285,2831464.965285104,10,True
no_trend_top10,2018-01-31,-0.006161448688096973,-17813.69903590788,2873340.6280822204,2891154.3271181285,10,True
no_trend_top10,2018-02-28,-0.007837916756423681,-22521.00465575858,2850819.623426462,2873340.6280822204,10,True
no_trend_top10,2018-03-31,0.0007731972470564709,2204.2458846879053,2853023.86931115,2850819.623426462,10,True
no_trend_top10,2018-04-30,0.027949366820029783,79740.21066967805,2932764.0799808283,2853023.86931115,10,True
no_trend_top10,2018-05-31,-0.007836168483560389,-22981.63345326375,2909782.4465275644,2932764.0799808283,10,True
no_trend_top10,2018-06-30,0.020131031447402442,58576.92193614601,2968359.3684637104,2909782.4465275644,10,True
no_trend_top10,2018-07-31,0.020364114241956274,60448.00929057618,3028807.3777542864,2968359.3684637104,10,True
no_trend_top10,2018-08-31,0.00148570965824898,4499.9283741053105,3033307.3061283915,3028807.3777542864,10,True
no_trend_top10,2018-09-30,-0.039729114875206535,-120510.61441697815,2912796.691711413,3033307.3061283915,10,True
no_trend_top10,2018-10-31,0.006074314373138414,17693.24281049266,2930489.934521906,2912796.691711413,10,False
no_trend_top10,2018-11-30,-0.026601856036377894,-77956.47135420622,2852533.4631677,2930489.934521906,10,True
no_trend_top10,2018-12-31,0.01950352879548323,55634.46853897074,2908167.9317066707,2852533.4631677,10,False
no_trend_top10,2019-01-31,0.014746003320833707,42883.85397848866,2951051.7856851593,2908167.9317066707,10,False
no_trend_top10,2019-02-28,0.012319026698602296,36354.08573681346,2987405.8714219728,2951051.7856851593,10,True
no_trend_top10,2019-03-31,0.013161673498530965,39319.26068725038,3026725.132109223,2987405.8714219728,10,True
no_trend_top10,2019-04-30,-0.007916727190379887,-23961.757151175243,3002763.3749580476,3026725.132109223,10,True
no_trend_top10,2019-05-31,0.02142609615682519,64337.49680804406,3067100.871766092,3002763.3749580476,10,False
no_trend_top10,2019-06-30,0.0071186664801599735,21833.66816711071,3088934.5399332023,3067100.871766092,10,True
no_trend_top10,2019-07-31,0.0011444553249822804,3535.1475827482436,3092469.6875159508,3088934.5399332023,10,True
no_trend_top10,2019-08-31,-0.012850511350084064,-39739.81681921465,3052729.870696736,3092469.6875159508,10,True
no_trend_top10,2019-09-30,0.015231195621688643,46496.72584075426,3099226.5965374904,3052729.870696736,10,True
no_trend_top10,2019-10-31,0.0047186248593116846,14624.087663061746,3113850.6842005523,3099226.5965374904,10,True
no_trend_top10,2019-11-30,0.009493826149889192,29562.357052513555,3143413.0412530657,3113850.6842005523,10,True
no_trend_top10,2019-12-31,0.0029495239226218204,9271.571963857328,3152684.613216923,3143413.0412530657,10,True
no_trend_top10,2020-01-31,-0.03240105230391442,-102150.29905058772,3050534.3141663354,3152684.613216923,10,True
no_trend_top10,2020-02-29,-0.049347918583072185,-150537.51897034826,2899996.795195987,3050534.3141663354,10,False
no_trend_top10,2020-03-31,0.04939628305692524,143249.06255967703,3043245.857755664,2899996.795195987,10,False
no_trend_top10,2020-04-30,0.02353031484420364,71608.53318130934,3114854.390936973,3043245.857755664,10,False
no_trend_top10,2020-05-31,0.007957455444055923,24786.315030602913,3139640.705967576,3114854.390936973,10,True
no_trend_top10,2020-06-30,0.02394669849767835,75184.02937684354,3214824.7353444193,3139640.705967576,10,True
no_trend_top10,2020-07-31,0.026517929824001106,85250.49672832624,3300075.2320727454,3214824.7353444193,10,True
no_trend_top10,2020-08-31,-0.009353065072641347,-30865.818390188382,3269209.413682557,3300075.2320727454,10,True
no_trend_top10,2020-09-30,-0.003939069316408928,-12877.642490352182,3256331.771192205,3269209.413682557,10,True
no_trend_top10,2020-10-31,0.011500490027155487,37449.41105970552,3293781.1822519107,3256331.771192205,10,True
no_trend_top10,2020-11-30,0.0063316957463849565,20855.220301187237,3314636.402553098,3293781.1822519107,10,True
no_trend_top10,2020-12-31,-0.004306865243215709,-14275.69231605349,3300360.7102370444,3314636.402553098,10,True
no_trend_top10,2021-01-31,-0.006555768982123333,-21636.40237399055,3278724.307863054,3300360.7102370444,10,True
no_trend_top10,2021-02-28,-0.014430435377911333,-47313.41924660486,3231410.888616449,3278724.307863054,10,True
no_trend_top10,2021-03-31,0.013679403465052462,44203.77330674811,3275614.661923197,3231410.888616449,10,True
no_trend_top10,2021-04-30,-0.0012490636076985498,-4091.4510670520544,3271523.2108561452,3275614.661923197,10,True
no_trend_top10,2021-05-31,0.0011926844305112712,3901.8947976443674,3275425.10565379,3271523.2108561452,10,True
no_trend_top10,2021-06-30,0.02267962334452035,74285.40768941373,3349710.5133432033,3275425.10565379,10,True
no_trend_top10,2021-07-31,-0.00118272307243227,-3961.7799100999496,3345748.733433103,3349710.5133432033,10,True
no_trend_top10,2021-08-31,-0.016073046942927303,-53776.37645170984,3291972.3569813934,3345748.733433103,10,True
no_trend_top10,2021-09-30,0.01833494499981143,60358.13210615345,3352330.4890875467,3291972.3569813934,10,True
no_trend_top10,2021-10-31,0.006133412453911245,20561.225571395935,3372891.7146589425,3352330.4890875467,10,True
no_trend_top10,2021-11-30,0.004615381434426748,15567.181800168684,3388458.896459111,3372891.7146589425,10,True
no_trend_top10,2021-12-31,-0.020173346469050626,-68356.55531440659,3320102.3411447043,3388458.896459111,10,True
no_trend_top10,2022-01-31,0.01063036784687803,35293.90917564913,3355396.2503203535,3320102.3411447043,10,True
no_trend_top10,2022-02-28,0.002147954482718264,7207.238417171658,3362603.4887375254,3355396.2503203535,10,False
no_trend_top10,2022-03-31,-0.013377310199660033,-44982.58994730091,3317620.8987902245,3362603.4887375254,10,True
no_trend_top10,2022-04-30,0.021732443019340714,72100.00714273247,3389720.905932957,3317620.8987902245,10,False
no_trend_top10,2022-05-31,-0.04035147329131992,-136780.23260078247,3252940.6733321743,3389720.905932957,10,False
no_trend_top10,2022-06-30,0.02297438371947401,74734.30724581753,3327674.980577992,3252940.6733321743,10,False
no_trend_top10,2022-07-31,0.008446802624363495,28108.21375897492,3355783.1943369666,3327674.980577992,10,False
no_trend_top10,2022-08-31,-0.025056002639653872,-84082.51257541314,3271700.6817615535,3355783.1943369666,10,False
no_trend_top10,2022-09-30,0.030470451309691286,99690.1963234992,3371390.8780850526,3271700.6817615535,10,False
no_trend_top10,2022-10-31,0.014803759823497678,49909.26083030206,3421300.138915355,3371390.8780850526,10,False
no_trend_top10,2022-11-30,-0.012842561157287082,-43938.25627145523,3377361.8826438994,3421300.138915355,10,True
no_trend_top10,2022-12-31,0.01748769228975051,59062.26535480899,3436424.1479987083,3377361.8826438994,10,False
no_trend_top10,2023-01-31,-0.011318970809859734,-38896.78462149449,3397527.363377214,3436424.1479987083,10,True
no_trend_top10,2023-02-28,0.007068054236606604,24013.90767470518,3421541.271051919,3397527.363377214,10,True
no_trend_top10,2023-03-31,0.0001006523441786385,344.386149635334,3421885.6572015546,3421541.271051919,10,True
no_trend_top10,2023-04-30,0.02448768084181052,83794.0438507207,3505679.7010522755,3421885.6572015546,10,True
no_trend_top10,2023-05-31,0.02445969766442461,85747.86559604912,3591427.5666483245,3505679.7010522755,10,True
no_trend_top10,2023-06-30,0.01834561798212199,65886.95814819212,3657314.5247965166,3591427.5666483245,10,True
no_trend_top10,2023-07-31,-0.0032537548999625756,-11900.005055760965,3645414.5197407557,3657314.5247965166,10,True
no_trend_top10,2023-08-31,-0.015124089526913463,-55133.57555926943,3590280.944181486,3645414.5197407557,10,True
no_trend_top10,2023-09-30,-0.009956103613077354,-35745.209080328066,3554535.735101158,3590280.944181486,10,True
no_trend_top10,2023-10-31,0.028432263222156542,101063.49565295782,3655599.2307541156,3554535.735101158,10,False
no_trend_top10,2023-11-30,0.019007400297908015,69483.43790766809,3725082.668661784,3655599.2307541156,10,True
no_trend_top10,2023-12-31,0.037622512812760654,140146.97043032062,3865229.6390921045,3725082.668661784,10,True
no_trend_top10,2024-01-31,0.05757855395598706,222554.3333267451,4087783.97241885,3865229.6390921045,10,True
no_trend_top10,2024-02-29,0.021508430853070658,87921.81891306132,4175705.791331911,4087783.97241885,10,True
no_trend_top10,2024-03-31,-0.016358610105637637,-68308.74295625181,4107397.048375659,4175705.791331911,10,True
no_trend_top10,2024-04-30,0.02524481556668602,103690.48094539405,4211087.529321053,4107397.048375659,10,True
no_trend_top10,2024-05-31,0.0022104694091907365,9308.480162988786,4220396.0094840415,4211087.529321053,10,True
no_trend_top10,2024-06-30,-0.00816431486101764,-34456.64185961011,4185939.3676244314,4220396.0094840415,10,True
no_trend_top10,2024-07-31,0.010024775184868932,41963.10109792735,4227902.468722358,4185939.3676244314,10,True
no_trend_top10,2024-08-31,0.01748169020980297,73910.88119546547,4301813.349917823,4227902.468722358,10,True
no_trend_top10,2024-09-30,0.008365412813146152,35986.44451716573,4337799.794434989,4301813.349917823,10,True
no_trend_top10,2024-10-31,0.0458846750628142,199038.53405519167,4536838.328490181,4337799.794434989,10,True
no_trend_top10,2024-11-30,-0.01782455248932405,-80867.11292175042,4455971.215568431,4536838.328490181,10,True
no_trend_top10,2024-12-31,0.018727508747662474,83449.23991888997,4539420.455487321,4455971.215568431,10,True
no_trend_top10,2025-01-31,-0.005606117866900554,-25448.52612088132,4513971.92936644,4539420.455487321,10,True
no_trend_top10,2025-02-28,-0.014369256985234252,-64862.42267720005,4449109.506689239,4513971.92936644,10,True
no_trend_top10,2025-03-31,-0.000214378668583586,-953.7941724266142,4448155.712516813,4449109.506689239,10,False
no_trend_top10,2025-04-30,0.017713999621073014,78794.62860599658,4526950.341122809,4448155.712516813,10,False
no_trend_top10,2025-05-31,0.00831094169068716,37623.22032170802,4564573.561444517,4526950.341122809,10,True
no_trend_top10,2025-06-30,-0.004258554791314634,-19438.486610397653,4545135.0748341195,4564573.561444517,10,True
no_trend_top10,2025-07-31,0.004465702944262024,20297.223085755322,4565432.297919875,4545135.0748341195,10,True
no_trend_top10,2025-08-31,0.01945358112538886,88814.00758005476,4654246.30549993,4565432.297919875,10,True
no_trend_top10,2025-09-30,0.00343756868603658,15999.291356888001,4670245.596856818,4654246.30549993,10,True
no_trend_top10,2025-10-31,-0.0026668759977960146,-12454.96588606997,4657790.630970747,4670245.596856818,10,True
no_trend_top10,2025-11-30,0.011251380391702977,52406.57417396211,4710197.205144709,4657790.630970747,10,True
no_trend_top10,2025-12-31,0.025253870733987382,118950.71135031313,4829147.916495022,4710197.205144709,10,True
no_trend_top10,2026-01-31,0.014549449199727676,70261.44228901507,4899409.358784038,4829147.916495022,10,True
no_trend_top10,2026-02-28,-0.015727222616087427,-77054.10167293872,4822355.257111099,4899409.358784038,10,True
no_trend_top10,2026-03-31,0.05115772456562006,246700.72200085947,5069055.979111958,4822355.257111099,10,False
no_trend_top10,2026-04-30,0.05150563102203108,261084.92689016103,5330140.906002119,5069055.979111958,10,True
no_trend_top10,2026-05-31,0.0,0.0,5330140.906002119,5330140.906002119,0,True
hzz_trend_composite_top10,2006-06-30,0.0,0.0,1000000.0,1000000.0,0,False
hzz_trend_composite_top10,2006-07-31,0.0,0.0,1000000.0,1000000.0,0,False
hzz_trend_composite_top10,2006-08-31,0.0,0.0,1000000.0,1000000.0,0,False
hzz_trend_composite_top10,2006-09-30,0.0,0.0,1000000.0,1000000.0,0,False
hzz_trend_composite_top10,2006-10-31,0.0,0.0,1000000.0,1000000.0,0,False
hzz_trend_composite_top10,2006-11-30,0.0,0.0,1000000.0,1000000.0,0,False
hzz_trend_composite_top10,2006-12-31,0.0,0.0,1000000.0,1000000.0,0,False
hzz_trend_composite_top10,2007-01-31,0.0,0.0,1000000.0,1000000.0,0,False
hzz_trend_composite_top10,2007-02-28,0.0,0.0,1000000.0,1000000.0,0,False
hzz_trend_composite_top10,2007-03-31,0.0,0.0,1000000.0,1000000.0,0,True
hzz_trend_composite_top10,2007-04-30,0.0,0.0,1000000.0,1000000.0,0,True
hzz_trend_composite_top10,2007-05-31,0.0,0.0,1000000.0,1000000.0,0,True
hzz_trend_composite_top10,2007-06-30,0.0,0.0,1000000.0,1000000.0,0,True
hzz_trend_composite_top10,2007-07-31,0.0,0.0,1000000.0,1000000.0,0,True
hzz_trend_composite_top10,2007-08-31,0.0,0.0,1000000.0,1000000.0,0,True
hzz_trend_composite_top10,2007-09-30,0.0,0.0,1000000.0,1000000.0,0,True
hzz_trend_composite_top10,2007-10-31,0.0,0.0,1000000.0,1000000.0,0,True
hzz_trend_composite_top10,2007-11-30,0.0,0.0,1000000.0,1000000.0,0,False
hzz_trend_composite_top10,2007-12-31,0.0,0.0,1000000.0,1000000.0,0,False
hzz_trend_composite_top10,2008-01-31,0.0,0.0,1000000.0,1000000.0,0,False
hzz_trend_composite_top10,2008-02-29,0.0,0.0,1000000.0,1000000.0,0,False
hzz_trend_composite_top10,2008-03-31,0.0,0.0,1000000.0,1000000.0,0,False
hzz_trend_composite_top10,2008-04-30,0.0,0.0,1000000.0,1000000.0,0,False
hzz_trend_composite_top10,2008-05-31,0.0,0.0,1000000.0,1000000.0,0,False
hzz_trend_composite_top10,2008-06-30,0.0,0.0,1000000.0,1000000.0,0,False
hzz_trend_composite_top10,2008-07-31,0.0,0.0,1000000.0,1000000.0,0,False
hzz_trend_composite_top10,2008-08-31,0.0,0.0,1000000.0,1000000.0,0,False
hzz_trend_composite_top10,2008-09-30,0.0,0.0,1000000.0,1000000.0,0,False
hzz_trend_composite_top10,2008-10-31,0.0,0.0,1000000.0,1000000.0,0,False
hzz_trend_composite_top10,2008-11-30,0.0,0.0,1000000.0,1000000.0,0,False
hzz_trend_composite_top10,2008-12-31,0.0,0.0,1000000.0,1000000.0,0,False
hzz_trend_composite_top10,2009-01-31,0.0,0.0,1000000.0,1000000.0,0,False
hzz_trend_composite_top10,2009-02-28,0.0,0.0,1000000.0,1000000.0,0,False
hzz_trend_composite_top10,2009-03-31,0.0,0.0,1000000.0,1000000.0,0,False
hzz_trend_composite_top10,2009-04-30,0.0,0.0,1000000.0,1000000.0,0,False
hzz_trend_composite_top10,2009-05-31,0.0,0.0,1000000.0,1000000.0,0,False
hzz_trend_composite_top10,2009-06-30,0.0,0.0,1000000.0,1000000.0,0,True
hzz_trend_composite_top10,2009-07-31,0.0,0.0,1000000.0,1000000.0,0,True
hzz_trend_composite_top10,2009-08-31,0.0,0.0,1000000.0,1000000.0,0,True
hzz_trend_composite_top10,2009-09-30,0.0,0.0,1000000.0,1000000.0,0,True
hzz_trend_composite_top10,2009-10-31,0.0,0.0,1000000.0,1000000.0,0,True
hzz_trend_composite_top10,2009-11-30,0.0,0.0,1000000.0,1000000.0,0,True
hzz_trend_composite_top10,2009-12-31,0.0,0.0,1000000.0,1000000.0,0,True
hzz_trend_composite_top10,2010-01-31,0.0,0.0,1000000.0,1000000.0,0,True
hzz_trend_composite_top10,2010-02-28,0.0,0.0,1000000.0,1000000.0,0,True
hzz_trend_composite_top10,2010-03-31,0.0,0.0,1000000.0,1000000.0,0,True
hzz_trend_composite_top10,2010-04-30,0.0,0.0,1000000.0,1000000.0,0,True
hzz_trend_composite_top10,2010-05-31,0.0,0.0,1000000.0,1000000.0,0,False
hzz_trend_composite_top10,2010-06-30,0.0,0.0,1000000.0,1000000.0,0,False
hzz_trend_composite_top10,2010-07-31,0.0,0.0,1000000.0,1000000.0,0,True
hzz_trend_composite_top10,2010-08-31,0.0,0.0,1000000.0,1000000.0,0,False
hzz_trend_composite_top10,2010-09-30,0.0,0.0,1000000.0,1000000.0,0,True
hzz_trend_composite_top10,2010-10-31,0.0,0.0,1000000.0,1000000.0,0,True
hzz_trend_composite_top10,2010-11-30,-0.032588519743695296,-32588.5197436953,967411.4802563047,1000000.0,10,True
hzz_trend_composite_top10,2010-12-31,-0.018922881461017976,-18306.212764917986,949105.2674913867,967411.4802563047,9,True
hzz_trend_composite_top10,2011-01-31,0.04924172637890892,46735.58188659202,995840.8493779787,949105.2674913867,9,True
hzz_trend_composite_top10,2011-02-28,0.02533539537062208,25230.0216452072,1021070.8710231859,995840.8493779787,9,True
hzz_trend_composite_top10,2011-03-31,0.006733499061053086,6875.379751303279,1027946.2507744891,1021070.8710231859,10,True
hzz_trend_composite_top10,2011-04-30,0.0035194400659475603,3617.7952206163154,1031564.0459951054,1027946.2507744891,10,True
hzz_trend_composite_top10,2011-05-31,-0.008803988141594473,-9081.877628236123,1022482.1683668693,1031564.0459951054,10,True
hzz_trend_composite_top10,2011-06-30,0.004263671915067629,4359.528504923272,1026841.6968717925,1022482.1683668693,10,True
hzz_trend_composite_top10,2011-07-31,-0.07049534196898061,-72387.55656898534,954454.1403028072,1026841.6968717925,10,True
hzz_trend_composite_top10,2011-08-31,-0.09782185198496494,-93366.47163913817,861087.668663669,954454.1403028072,9,False
hzz_trend_composite_top10,2011-09-30,0.16555772831232093,142559.71830170954,1003647.3869653785,861087.668663669,8,False
hzz_trend_composite_top10,2011-10-31,0.012934416260904984,12981.593082179788,1016628.9800475583,1003647.3869653785,10,False
hzz_trend_composite_top10,2011-11-30,0.017577768271646806,17870.068629516623,1034499.048677075,1016628.9800475583,10,False
hzz_trend_composite_top10,2011-12-31,0.044539928666604826,46076.51383374747,1080575.5625108224,1034499.048677075,10,False
hzz_trend_composite_top10,2012-01-31,0.05646779421991554,61017.7185029306,1141593.281013753,1080575.5625108224,10,True
hzz_trend_composite_top10,2012-02-29,0.03456648376338323,39460.86561254928,1181054.1466263023,1141593.281013753,10,True
hzz_trend_composite_top10,2012-03-31,0.01942457225137173,22941.47160392479,1203995.6182302271,1181054.1466263023,10,True
hzz_trend_composite_top10,2012-04-30,-0.04454952778271986,-53637.436244620476,1150358.1819856067,1203995.6182302271,10,True
hzz_trend_composite_top10,2012-05-31,0.027444778896708048,31571.325956614015,1181929.5079422207,1150358.1819856067,10,True
hzz_trend_composite_top10,2012-06-30,0.027998336731909136,33092.06035674597,1215021.5682989666,1181929.5079422207,10,True
hzz_trend_composite_top10,2012-07-31,-0.003329082267842502,-4044.9067580702767,1210976.6615408964,1215021.5682989666,10,True
hzz_trend_composite_top10,2012-08-31,-0.0008966199336155232,-1085.7858138807464,1209890.8757270155,1210976.6615408964,10,True
hzz_trend_composite_top10,2012-09-30,-0.013905139591038599,-16823.701516908084,1193067.1742101074,1209890.8757270155,10,True
hzz_trend_composite_top10,2012-10-31,0.03030618391367072,36157.31320297494,1229224.4874130823,1193067.1742101074,10,True
hzz_trend_composite_top10,2012-11-30,-0.009298947204935605,-11430.493611468284,1217793.993801614,1229224.4874130823,10,True
hzz_trend_composite_top10,2012-12-31,0.020092814352668947,24468.90863725111,1242262.902438865,1217793.993801614,10,True
hzz_trend_composite_top10,2013-01-31,-0.020375842648053127,-25312.153427608086,1216950.749011257,1242262.902438865,10,True
hzz_trend_composite_top10,2013-02-28,0.07453029814183884,90699.70214774307,1307650.451159,1216950.749011257,10,True
hzz_trend_composite_top10,2013-03-31,0.08961482432897667,117184.86546432087,1424835.3166233208,1307650.451159,10,True
hzz_trend_composite_top10,2013-04-30,0.03556157667687006,50669.390364012645,1475504.7069873335,1424835.3166233208,10,True
hzz_trend_composite_top10,2013-05-31,-0.037338511943800085,-55093.150124979795,1420411.5568623536,1475504.7069873335,10,True
hzz_trend_composite_top10,2013-06-30,0.0558671922790265,79354.40556258049,1499765.9624249341,1420411.5568623536,10,True
hzz_trend_composite_top10,2013-07-31,-0.024005942707446222,-36003.29576855091,1463762.6666563833,1499765.9624249341,10,True
hzz_trend_composite_top10,2013-08-31,0.023074025881531072,33774.897654848326,1497537.5643112317,1463762.6666563833,10,True
hzz_trend_composite_top10,2013-09-30,0.027977958650687845,41898.04405215143,1539435.6083633832,1497537.5643112317,10,True
hzz_trend_composite_top10,2013-10-31,0.03977546718103917,61231.770517780824,1600667.3788811641,1539435.6083633832,10,True
hzz_trend_composite_top10,2013-11-30,0.008518601752559892,13635.447939002532,1614302.8268201665,1600667.3788811641,10,True
hzz_trend_composite_top10,2013-12-31,0.0023901554697634314,3858.4347313787903,1618161.2615515452,1614302.8268201665,10,True
hzz_trend_composite_top10,2014-01-31,0.04677877745669995,75695.60554317257,1693856.867094718,1618161.2615515452,10,True
hzz_trend_composite_top10,2014-02-28,0.022259167747565593,37703.844145027244,1731560.7112397451,1693856.867094718,10,True
hzz_trend_composite_top10,2014-03-31,0.00660293985278215,11433.391227756718,1742994.1024675018,1731560.7112397451,10,True
hzz_trend_composite_top10,2014-04-30,0.02528081261754699,44064.30729797041,1787058.4097654722,1742994.1024675018,10,True
hzz_trend_composite_top10,2014-05-31,0.017942480429607135,32064.26054378183,1819122.670309254,1787058.4097654722,10,True
hzz_trend_composite_top10,2014-06-30,-0.0069748652694960975,-12688.135534093015,1806434.534775161,1819122.670309254,10,True
hzz_trend_composite_top10,2014-07-31,0.046710321409794385,84379.13772510015,1890813.672500261,1806434.534775161,10,True
hzz_trend_composite_top10,2014-08-31,0.00640849986492393,12117.279164814243,1902930.9516650753,1890813.672500261,10,True
hzz_trend_composite_top10,2014-09-30,-0.00808103705225116,-15377.655528281031,1887553.2961367941,1902930.9516650753,10,True
hzz_trend_composite_top10,2014-10-31,0.011171991181177527,21087.728778442837,1908641.024915237,1887553.2961367941,10,True
hzz_trend_composite_top10,2014-11-30,-0.014203296797400615,-27108.994956566014,1881532.029958671,1908641.024915237,10,True
hzz_trend_composite_top10,2014-12-31,-0.0013996264902614915,-2633.442071405634,1878898.5878872653,1881532.029958671,10,True
hzz_trend_composite_top10,2015-01-31,0.01240669211369883,23310.916292780803,1902209.504180046,1878898.5878872653,10,True
hzz_trend_composite_top10,2015-02-28,0.005433184996051907,10335.056137458365,1912544.5603175045,1902209.504180046,10,True
hzz_trend_composite_top10,2015-03-31,-0.006654337586520113,-12726.717153615353,1899817.8431638891,1912544.5603175045,10,True
hzz_trend_composite_top10,2015-04-30,0.012644391857924094,24022.041267640394,1923839.8844315296,1899817.8431638891,10,True
hzz_trend_composite_top10,2015-05-31,-0.006660146221856806,-12813.054937754086,1911026.8294937755,1923839.8844315296,10,True
hzz_trend_composite_top10,2015-06-30,0.020240767230675107,38680.64922735855,1949707.4787211341,1911026.8294937755,10,True
hzz_trend_composite_top10,2015-07-31,-0.027457314497246976,-53533.73142088065,1896173.7473002535,1949707.4787211341,10,True
hzz_trend_composite_top10,2015-08-31,0.008531753796345328,16177.687567059285,1912351.4348673127,1896173.7473002535,10,False
hzz_trend_composite_top10,2015-09-30,0.04881924100540695,93359.54558582313,2005710.980453136,1912351.4348673127,10,False
hzz_trend_composite_top10,2015-10-31,0.010702614019878478,21466.35045922194,2027177.330912358,2005710.980453136,10,True
hzz_trend_composite_top10,2015-11-30,-0.011037236834676849,-22374.436307167776,2004802.89460519,2027177.330912358,10,True
hzz_trend_composite_top10,2015-12-31,-0.006236716139089972,-12503.386568478481,1992299.5080367115,2004802.89460519,10,False
hzz_trend_composite_top10,2016-01-31,0.012292206849975723,24489.75765989213,2016789.2656966036,1992299.5080367115,10,False
hzz_trend_composite_top10,2016-02-29,0.02339154464989404,47175.81615796912,2063965.0818545728,2016789.2656966036,10,False
hzz_trend_composite_top10,2016-03-31,-0.0095034145477021,-19614.715784845903,2044350.3660697269,2063965.0818545728,10,True
hzz_trend_composite_top10,2016-04-30,0.02535573964430423,51836.01562380204,2096186.381693529,2044350.3660697269,10,True
hzz_trend_composite_top10,2016-05-31,0.02161429405506772,45307.58884815236,2141493.970541681,2096186.381693529,10,True
hzz_trend_composite_top10,2016-06-30,0.005642586252340019,12083.564437647532,2153577.5349793285,2141493.970541681,10,True
hzz_trend_composite_top10,2016-07-31,0.007911358485330184,17037.72390517517,2170615.2588845035,2153577.5349793285,10,True
hzz_trend_composite_top10,2016-08-31,0.004369276250033601,9484.017698604597,2180099.276583108,2170615.2588845035,10,True
hzz_trend_composite_top10,2016-09-30,-0.01633116478228329,-35603.56052761533,2144495.716055493,2180099.276583108,10,True
hzz_trend_composite_top10,2016-10-31,0.015180815343591874,32555.19347056227,2177050.909526055,2144495.716055493,10,True
hzz_trend_composite_top10,2016-11-30,0.0024684185463793563,5373.872841486161,2182424.7823675415,2177050.909526055,10,True
hzz_trend_composite_top10,2016-12-31,0.017443703851763637,38069.5715823691,2220494.3539499105,2182424.7823675415,10,True
hzz_trend_composite_top10,2017-01-31,0.014000415880066987,31087.84441463941,2251582.19836455,2220494.3539499105,10,True
hzz_trend_composite_top10,2017-02-28,-0.004136134432902366,-9312.84665916562,2242269.351705384,2251582.19836455,10,True
hzz_trend_composite_top10,2017-03-31,0.0041019579520258495,9197.694597811746,2251467.046303196,2242269.351705384,10,True
hzz_trend_composite_top10,2017-04-30,0.015731761855770406,35419.54339855668,2286886.5897017526,2251467.046303196,10,True
hzz_trend_composite_top10,2017-05-31,0.004098905474840744,9373.731962868393,2296260.321664621,2286886.5897017526,10,True
hzz_trend_composite_top10,2017-06-30,0.004587307489447983,10533.65217129435,2306793.9738359153,2296260.321664621,10,True
hzz_trend_composite_top10,2017-07-31,0.01810670114012782,41768.42907609475,2348562.40291201,2306793.9738359153,10,True
hzz_trend_composite_top10,2017-08-31,0.010473085880756126,24596.695742012453,2373159.0986540224,2348562.40291201,10,True
hzz_trend_composite_top10,2017-09-30,0.0016414436679158112,3895.406975442439,2377054.505629465,2373159.0986540224,10,True
hzz_trend_composite_top10,2017-10-31,0.02365547401599939,56230.35109253208,2433284.8567219973,2377054.505629465,10,True
hzz_trend_composite_top10,2017-11-30,-0.005974106235535115,-14536.702235376053,2418748.1544866213,2433284.8567219973,10,True
hzz_trend_composite_top10,2017-12-31,0.029486054373005596,71319.33959779945,2490067.4940844206,2418748.1544866213,10,True
hzz_trend_composite_top10,2018-01-31,-0.004973077460846877,-12383.298530818698,2477684.1955536017,2490067.4940844206,10,True
hzz_trend_composite_top10,2018-02-28,-0.00811915933471236,-20116.712764798307,2457567.4827888035,2477684.1955536017,10,True
hzz_trend_composite_top10,2018-03-31,-0.004939875421002031,-12140.077203682242,2445427.4055851214,2457567.4827888035,10,True
hzz_trend_composite_top10,2018-04-30,0.04088627158241301,99984.40903982891,2545411.8146249503,2445427.4055851214,10,True
hzz_trend_composite_top10,2018-05-31,-0.01775672579105554,-45198.179617608344,2500213.635007342,2545411.8146249503,10,True
hzz_trend_composite_top10,2018-06-30,0.004356311754081288,10891.710045896785,2511105.345053239,2500213.635007342,10,True
hzz_trend_composite_top10,2018-07-31,0.030096033507056797,75574.3106044717,2586679.6556577105,2511105.345053239,10,True
hzz_trend_composite_top10,2018-08-31,0.0034610700156613855,8952.679396318219,2595632.335054029,2586679.6556577105,10,True
hzz_trend_composite_top10,2018-09-30,-0.05556440283919681,-144224.7606873871,2451407.5743666417,2595632.335054029,10,True
hzz_trend_composite_top10,2018-10-31,0.01928995718781437,47287.5471594164,2498695.1215260583,2451407.5743666417,10,False
hzz_trend_composite_top10,2018-11-30,-0.03411981174462463,-85255.00715368107,2413440.1143723773,2498695.1215260583,10,True
hzz_trend_composite_top10,2018-12-31,0.016892221650169806,40768.365351389366,2454208.4797237664,2413440.1143723773,10,False
hzz_trend_composite_top10,2019-01-31,0.017473598650150315,42883.85397848866,2497092.333702255,2454208.4797237664,10,False
hzz_trend_composite_top10,2019-02-28,0.012823754135987242,32022.098142256327,2529114.4318445115,2497092.333702255,10,True
hzz_trend_composite_top10,2019-03-31,0.01406792728435496,35579.3979210013,2564693.8297655126,2529114.4318445115,10,True
hzz_trend_composite_top10,2019-04-30,-0.021162986617833605,-54276.58119816796,2510417.2485673446,2564693.8297655126,10,True
hzz_trend_composite_top10,2019-05-31,0.03518638617920672,88332.51077903218,2598749.7593463766,2510417.2485673446,10,False
hzz_trend_composite_top10,2019-06-30,-0.0005693035505375916,-1479.4774649546039,2597270.281881422,2598749.7593463766,10,True
hzz_trend_composite_top10,2019-07-31,0.00304634153704766,7912.17234263486,2605182.4542240566,2597270.281881422,10,True
hzz_trend_composite_top10,2019-08-31,-0.006245827579835024,-16271.52042309491,2588910.933800962,2605182.4542240566,10,True
hzz_trend_composite_top10,2019-09-30,0.008744971560092699,22639.95248770244,2611550.8862886643,2588910.933800962,10,True
hzz_trend_composite_top10,2019-10-31,0.005134022976698016,13407.762255022071,2624958.6485436866,2611550.8862886643,10,True
hzz_trend_composite_top10,2019-11-30,0.014300686772169812,37538.71142272145,2662497.359966408,2624958.6485436866,10,True
hzz_trend_composite_top10,2019-12-31,0.01004193624620258,26736.62874446535,2689233.9887108733,2662497.359966408,10,True
hzz_trend_composite_top10,2020-01-31,-0.030923241646448496,-83159.83247674888,2606074.156234124,2689233.9887108733,10,True
hzz_trend_composite_top10,2020-02-29,-0.04205881955571891,-109608.40268587344,2496465.7535482505,2606074.156234124,10,False
hzz_trend_composite_top10,2020-03-31,0.07121940913506945,177796.8158936423,2674262.5694418927,2496465.7535482505,10,False
hzz_trend_composite_top10,2020-04-30,0.04507343061683574,120538.18837494001,2794800.7578168325,2674262.5694418927,10,False
hzz_trend_composite_top10,2020-05-31,-0.0015321763238396436,-4282.127550976044,2790518.6302658566,2794800.7578168325,10,True
hzz_trend_composite_top10,2020-06-30,0.028555924314200176,79685.83880323735,2870204.469069094,2790518.6302658566,10,True
hzz_trend_composite_top10,2020-07-31,0.023986389447398962,68845.84218875626,2939050.3112578504,2870204.469069094,10,True
hzz_trend_composite_top10,2020-08-31,-0.009843747275422,-28931.268493772644,2910119.042764078,2939050.3112578504,10,True
hzz_trend_composite_top10,2020-09-30,-0.002479783139630292,-7216.464136563405,2902902.5786275147,2910119.042764078,10,True
hzz_trend_composite_top10,2020-10-31,0.013188553014618458,38285.084554501605,2941187.6631820165,2902902.5786275147,10,True
hzz_trend_composite_top10,2020-11-30,0.017513802241583484,51511.37908835489,2992699.042270371,2941187.6631820165,10,True
hzz_trend_composite_top10,2020-12-31,-0.005358852450500907,-16037.432596282297,2976661.609674089,2992699.042270371,10,True
hzz_trend_composite_top10,2021-01-31,0.001397729865354425,4160.56883089545,2980822.1785049844,2976661.609674089,10,True
hzz_trend_composite_top10,2021-02-28,0.0026696177854533465,7957.655903010696,2988779.834407995,2980822.1785049844,10,True
hzz_trend_composite_top10,2021-03-31,0.019926732888716662,59556.61742343094,3048336.451831426,2988779.834407995,10,True
hzz_trend_composite_top10,2021-04-30,-0.008761808477102517,-26708.940164717198,3021627.5116667086,3048336.451831426,10,True
hzz_trend_composite_top10,2021-05-31,-0.00409033944334827,-12359.482194076621,3009268.029472632,3021627.5116667086,10,True
hzz_trend_composite_top10,2021-06-30,0.0027592682915894683,8303.377854617755,3017571.4073272496,3009268.029472632,10,True
hzz_trend_composite_top10,2021-07-31,0.0037863824475393064,11425.67941090038,3028997.08673815,3017571.4073272496,10,True
hzz_trend_composite_top10,2021-08-31,-0.023214350797784018,-70316.20093700524,2958680.885801145,3028997.08673815,10,True
hzz_trend_composite_top10,2021-09-30,0.02724940471367005,80622.2928757952,3039303.17867694,2958680.885801145,10,True
hzz_trend_composite_top10,2021-10-31,-0.004408240538993574,-13397.979482535715,3025905.1991944043,3039303.17867694,10,True
hzz_trend_composite_top10,2021-11-30,0.00046161467941921756,1396.8022584790685,3027302.0014528832,3025905.1991944043,10,True
hzz_trend_composite_top10,2021-12-31,-0.013828768299557231,-41863.85795087779,2985438.1435020054,3027302.0014528832,10,True
hzz_trend_composite_top10,2022-01-31,-0.008856601096626138,-26440.834735649365,2958997.308766356,2985438.1435020054,10,True
hzz_trend_composite_top10,2022-02-28,-0.002154163193807351,-6374.1630931194895,2952623.145673237,2958997.308766356,10,False
hzz_trend_composite_top10,2022-03-31,-0.014071617246753898,-41548.182779820265,2911074.9628934166,2952623.145673237,10,True
hzz_trend_composite_top10,2022-04-30,0.03589744629251534,104500.15713395251,3015575.1200273694,2911074.9628934166,10,False
hzz_trend_composite_top10,2022-05-31,-0.0505135320236591,-152327.35039525217,2863247.7696321174,3015575.1200273694,10,False
hzz_trend_composite_top10,2022-06-30,0.023021647654453387,65916.68129987012,2929164.4509319873,2863247.7696321174,10,False
hzz_trend_composite_top10,2022-07-31,0.01827348793772387,53526.05126171523,2982690.5021937024,2929164.4509319873,10,False
hzz_trend_composite_top10,2022-08-31,-0.025454784748721492,-75923.7447053967,2906766.7574883057,2982690.5021937024,10,False
hzz_trend_composite_top10,2022-09-30,0.04087130718744425,118803.3570675558,3025570.1145558613,2906766.7574883057,10,False
hzz_trend_composite_top10,2022-10-31,0.017714846308155494,53597.50957390549,3079167.6241297666,3025570.1145558613,10,False
hzz_trend_composite_top10,2022-11-30,-0.023737130768302753,-73090.60455149238,3006077.0195782743,3079167.6241297666,10,True
hzz_trend_composite_top10,2022-12-31,0.003931214579027905,11817.533805046865,3017894.553383321,3006077.0195782743,10,False
hzz_trend_composite_top10,2023-01-31,-0.0006046601590136996,-1824.8006005353368,3016069.752782786,3017894.553383321,10,True
hzz_trend_composite_top10,2023-02-28,-0.006598396145168589,-19901.223030321515,2996168.5297524645,3016069.752782786,10,True
hzz_trend_composite_top10,2023-03-31,-0.009881117423708596,-29605.493063704445,2966563.03668876,2996168.5297524645,10,True
hzz_trend_composite_top10,2023-04-30,-0.003894117836076938,-11552.146033016264,2955010.890655744,2966563.03668876,10,True
hzz_trend_composite_top10,2023-05-31,0.026586658886804202,78563.86655665573,3033574.7572123995,2955010.890655744,10,True
hzz_trend_composite_top10,2023-06-30,0.027198496028947607,82508.67098755715,3116083.4281999567,3033574.7572123995,10,True
hzz_trend_composite_top10,2023-07-31,0.009871756990724076,30761.218366012366,3146844.646565969,3116083.4281999567,10,True
hzz_trend_composite_top10,2023-08-31,-0.01828098980331377,-57527.43489648501,3089317.211669484,3146844.646565969,10,True
hzz_trend_composite_top10,2023-09-30,-0.014659800273547404,-45288.77330470701,3044028.4383647772,3089317.211669484,10,True
hzz_trend_composite_top10,2023-10-31,0.038330597060794454,116679.42751255966,3160707.865877337,3044028.4383647772,10,False
hzz_trend_composite_top10,2023-11-30,0.02090450640240225,66073.03781835594,3226780.903695693,3160707.865877337,10,True
hzz_trend_composite_top10,2023-12-31,0.021581870931029628,69639.96898627159,3296420.872681964,3226780.903695693,10,True
hzz_trend_composite_top10,2024-01-31,0.04872206244284423,160608.42359670572,3457029.29627867,3296420.872681964,10,True
hzz_trend_composite_top10,2024-02-29,0.01992460047705017,68879.9275658104,3525909.2238444802,3457029.29627867,10,True
hzz_trend_composite_top10,2024-03-31,-0.009004414946809574,-31748.74971627898,3494160.474128201,3525909.2238444802,10,True
hzz_trend_composite_top10,2024-04-30,0.027621449564982633,96513.77730808791,3590674.251436289,3494160.474128201,10,True
hzz_trend_composite_top10,2024-05-31,0.003680018452312506,13213.747501528938,3603887.9989378178,3590674.251436289,10,True
hzz_trend_composite_top10,2024-06-30,0.002786291052276927,10041.480884848641,3613929.4798226664,3603887.9989378178,10,True
hzz_trend_composite_top10,2024-07-31,-0.005822722787985192,-21042.909536334908,3592886.5702863317,3613929.4798226664,10,True
hzz_trend_composite_top10,2024-08-31,0.02987845147090919,107349.88703078152,3700236.4573171134,3592886.5702863317,10,True
hzz_trend_composite_top10,2024-09-30,-0.004496874401991265,-16639.49860622417,3683596.9587108893,3700236.4573171134,10,True
hzz_trend_composite_top10,2024-10-31,0.04359959472554532,160603.33453204605,3844200.2932429356,3683596.9587108893,10,True
hzz_trend_composite_top10,2024-11-30,-0.026758851827437858,-102866.38604188088,3741333.9072010545,3844200.2932429356,10,True
hzz_trend_composite_top10,2024-12-31,0.00928565273944474,34740.727444578966,3776074.6346456334,3741333.9072010545,10,True
hzz_trend_composite_top10,2025-01-31,-0.007659951880907425,-28924.550000100637,3747150.0846455325,3776074.6346456334,10,True
hzz_trend_composite_top10,2025-02-28,-0.009170881282286865,-34364.668573195355,3712785.416072337,3747150.0846455325,10,True
hzz_trend_composite_top10,2025-03-31,-0.003031663661017348,-11255.916627061679,3701529.4994452754,3712785.416072337,10,False
hzz_trend_composite_top10,2025-04-30,0.01159573763318087,42921.96491704673,3744451.4643623224,3701529.4994452754,10,False
hzz_trend_composite_top10,2025-05-31,0.0067585653990371065,25307.120105413018,3769758.584467735,3744451.4643623224,10,True
hzz_trend_composite_top10,2025-06-30,0.006360444181601127,23977.339054618707,3793735.9235223536,3769758.584467735,10,True
hzz_trend_composite_top10,2025-07-31,0.014865847836226022,56397.10096990771,3850133.0244922615,3793735.9235223536,10,True
hzz_trend_composite_top10,2025-08-31,0.01510898656361669,58171.608135190465,3908304.632627452,3850133.0244922615,10,True
hzz_trend_composite_top10,2025-09-30,0.0035480934372521043,13867.030017807458,3922171.6626452594,3908304.632627452,10,True
hzz_trend_composite_top10,2025-10-31,0.011996932165353701,47054.02737762772,3969225.690022887,3922171.6626452594,10,True
hzz_trend_composite_top10,2025-11-30,0.00274790627356225,10907.060174798344,3980132.7501976853,3969225.690022887,10,True
hzz_trend_composite_top10,2025-12-31,0.027288551205492468,108612.0563584271,4088744.8065561126,3980132.7501976853,10,True
hzz_trend_composite_top10,2026-01-31,0.028247441834188345,115496.58109803346,4204241.387654146,4088744.8065561126,10,True
hzz_trend_composite_top10,2026-02-28,-0.016517820145687524,-69444.90309032693,4134796.484563819,4204241.387654146,10,True
hzz_trend_composite_top10,2026-03-31,0.029595192380168202,122370.09741350941,4257166.581977328,4134796.484563819,10,False
hzz_trend_composite_top10,2026-04-30,0.05339974737314914,227331.62000300214,4484498.20198033,4257166.581977328,10,True
hzz_trend_composite_top10,2026-05-31,0.0,0.0,4484498.20198033,4484498.20198033,0,True
base_equal_top10_regime,2006-06-30,0.0,0.0,1000000.0,1000000.0,0,False
base_equal_top10_regime,2006-07-31,0.0,0.0,1000000.0,1000000.0,0,False
base_equal_top10_regime,2006-08-31,0.0,0.0,1000000.0,1000000.0,0,False
base_equal_top10_regime,2006-09-30,0.0,0.0,1000000.0,1000000.0,0,False
base_equal_top10_regime,2006-10-31,0.0,0.0,1000000.0,1000000.0,0,False
base_equal_top10_regime,2006-11-30,0.0,0.0,1000000.0,1000000.0,0,False
base_equal_top10_regime,2006-12-31,0.0,0.0,1000000.0,1000000.0,0,False
base_equal_top10_regime,2007-01-31,0.0,0.0,1000000.0,1000000.0,0,False
base_equal_top10_regime,2007-02-28,0.0,0.0,1000000.0,1000000.0,0,False
base_equal_top10_regime,2007-03-31,0.0,0.0,1000000.0,1000000.0,0,True
base_equal_top10_regime,2007-04-30,0.0,0.0,1000000.0,1000000.0,0,True
base_equal_top10_regime,2007-05-31,0.0,0.0,1000000.0,1000000.0,0,True
base_equal_top10_regime,2007-06-30,0.0,0.0,1000000.0,1000000.0,0,True
base_equal_top10_regime,2007-07-31,0.0,0.0,1000000.0,1000000.0,0,True
base_equal_top10_regime,2007-08-31,0.0,0.0,1000000.0,1000000.0,0,True
base_equal_top10_regime,2007-09-30,0.0,0.0,1000000.0,1000000.0,0,True
base_equal_top10_regime,2007-10-31,0.0,0.0,1000000.0,1000000.0,0,True
base_equal_top10_regime,2007-11-30,0.0,0.0,1000000.0,1000000.0,0,False
base_equal_top10_regime,2007-12-31,0.0,0.0,1000000.0,1000000.0,0,False
base_equal_top10_regime,2008-01-31,0.0,0.0,1000000.0,1000000.0,0,False
base_equal_top10_regime,2008-02-29,0.0,0.0,1000000.0,1000000.0,0,False
base_equal_top10_regime,2008-03-31,0.0,0.0,1000000.0,1000000.0,0,False
base_equal_top10_regime,2008-04-30,0.0,0.0,1000000.0,1000000.0,0,False
base_equal_top10_regime,2008-05-31,0.0,0.0,1000000.0,1000000.0,0,False
base_equal_top10_regime,2008-06-30,0.0,0.0,1000000.0,1000000.0,0,False
base_equal_top10_regime,2008-07-31,0.0,0.0,1000000.0,1000000.0,0,False
base_equal_top10_regime,2008-08-31,0.0,0.0,1000000.0,1000000.0,0,False
base_equal_top10_regime,2008-09-30,0.0,0.0,1000000.0,1000000.0,0,False
base_equal_top10_regime,2008-10-31,0.0,0.0,1000000.0,1000000.0,0,False
base_equal_top10_regime,2008-11-30,0.0,0.0,1000000.0,1000000.0,0,False
base_equal_top10_regime,2008-12-31,0.0,0.0,1000000.0,1000000.0,0,False
base_equal_top10_regime,2009-01-31,0.0,0.0,1000000.0,1000000.0,0,False
base_equal_top10_regime,2009-02-28,0.0,0.0,1000000.0,1000000.0,0,False
base_equal_top10_regime,2009-03-31,0.0,0.0,1000000.0,1000000.0,0,False
base_equal_top10_regime,2009-04-30,0.0,0.0,1000000.0,1000000.0,0,False
base_equal_top10_regime,2009-05-31,0.0,0.0,1000000.0,1000000.0,0,False
base_equal_top10_regime,2009-06-30,0.0,0.0,1000000.0,1000000.0,0,True
base_equal_top10_regime,2009-07-31,0.0,0.0,1000000.0,1000000.0,0,True
base_equal_top10_regime,2009-08-31,0.0,0.0,1000000.0,1000000.0,0,True
base_equal_top10_regime,2009-09-30,0.0,0.0,1000000.0,1000000.0,0,True
base_equal_top10_regime,2009-10-31,0.0,0.0,1000000.0,1000000.0,0,True
base_equal_top10_regime,2009-11-30,0.0,0.0,1000000.0,1000000.0,0,True
base_equal_top10_regime,2009-12-31,0.0,0.0,1000000.0,1000000.0,0,True
base_equal_top10_regime,2010-01-31,0.0,0.0,1000000.0,1000000.0,0,True
base_equal_top10_regime,2010-02-28,0.0,0.0,1000000.0,1000000.0,0,True
base_equal_top10_regime,2010-03-31,0.0,0.0,1000000.0,1000000.0,0,True
base_equal_top10_regime,2010-04-30,0.0,0.0,1000000.0,1000000.0,0,True
base_equal_top10_regime,2010-05-31,0.0,0.0,1000000.0,1000000.0,0,False
base_equal_top10_regime,2010-06-30,0.0,0.0,1000000.0,1000000.0,0,False
base_equal_top10_regime,2010-07-31,-0.006520474569889079,-6520.474569889078,993479.5254301109,1000000.0,10,True
base_equal_top10_regime,2010-08-31,0.0,0.0,993479.5254301109,993479.5254301109,0,False
base_equal_top10_regime,2010-09-30,0.06127128506846386,60871.767212310515,1054351.2926424213,993479.5254301109,9,True
base_equal_top10_regime,2010-10-31,0.036839746009571586,38842.033825810286,1093193.3264682316,1054351.2926424213,10,True
base_equal_top10_regime,2010-11-30,0.018193031540582348,19888.500668390672,1113081.8271366223,1093193.3264682316,10,True
base_equal_top10_regime,2010-12-31,-0.003647626204205175,-4060.1064400881182,1109021.7206965343,1113081.8271366223,10,True
base_equal_top10_regime,2011-01-31,0.03022084383863784,33515.57223482739,1142537.2929313616,1109021.7206965343,10,True
base_equal_top10_regime,2011-02-28,0.0326381667777086,37290.32271644549,1179827.615647807,1142537.2929313616,10,True
base_equal_top10_regime,2011-03-31,0.00799061174858925,9427.544406905408,1189255.1600547123,1179827.615647807,10,True
base_equal_top10_regime,2011-04-30,-0.007306148112759981,-8688.874343223806,1180566.2857114885,1189255.1600547123,10,True
base_equal_top10_regime,2011-05-31,-0.009594215731776505,-11326.607630778119,1169239.6780807103,1180566.2857114885,10,True
base_equal_top10_regime,2011-06-30,-0.02589194258254446,-30273.88661009852,1138965.791470612,1169239.6780807103,10,True
base_equal_top10_regime,2011-07-31,-0.09444148813903559,-107565.62428593908,1031400.1671846729,1138965.791470612,10,True
base_equal_top10_regime,2011-08-31,0.0,0.0,1031400.1671846729,1031400.1671846729,0,False
base_equal_top10_regime,2011-09-30,0.0,0.0,1031400.1671846729,1031400.1671846729,0,False
base_equal_top10_regime,2011-10-31,0.0,0.0,1031400.1671846729,1031400.1671846729,0,False
base_equal_top10_regime,2011-11-30,0.0,0.0,1031400.1671846729,1031400.1671846729,0,False
base_equal_top10_regime,2011-12-31,0.0,0.0,1031400.1671846729,1031400.1671846729,0,False
base_equal_top10_regime,2012-01-31,0.03701337136815096,38175.597417179284,1069575.7646018523,1031400.1671846729,10,True
base_equal_top10_regime,2012-02-29,0.016927573839487245,18105.32273222388,1087681.0873340762,1069575.7646018523,10,True
base_equal_top10_regime,2012-03-31,0.04401953558637467,47879.21633052906,1135560.3036646051,1087681.0873340762,10,True
base_equal_top10_regime,2012-04-30,-0.06027440114437944,-68445.21726671373,1067115.0863978914,1135560.3036646051,10,True
base_equal_top10_regime,2012-05-31,0.053113375611453614,56678.08440449998,1123793.1708023914,1067115.0863978914,10,True
base_equal_top10_regime,2012-06-30,0.03241788363344174,36430.99623912844,1160224.16704152,1123793.1708023914,10,True
base_equal_top10_regime,2012-07-31,0.016781814742155506,19470.66703066247,1179694.8340721824,1160224.16704152,10,True
base_equal_top10_regime,2012-08-31,-0.011663917027569337,-13759.862662470112,1165934.9714097122,1179694.8340721824,10,True
base_equal_top10_regime,2012-09-30,0.04372891974413646,50985.07679165734,1216920.0482013696,1165934.9714097122,10,True
base_equal_top10_regime,2012-10-31,0.01738835434472804,21160.237007328942,1238080.2852086986,1216920.0482013696,10,True
base_equal_top10_regime,2012-11-30,0.034386025420765826,42572.66016013531,1280652.9453688338,1238080.2852086986,10,True
base_equal_top10_regime,2012-12-31,0.03916331234670228,50154.611307203886,1330807.5566760376,1280652.9453688338,10,True
base_equal_top10_regime,2013-01-31,-0.03497725407405309,-46547.994033527575,1284259.56264251,1330807.5566760376,10,True
base_equal_top10_regime,2013-02-28,0.045174269970293716,58015.48819474409,1342275.0508372542,1284259.56264251,10,True
base_equal_top10_regime,2013-03-31,0.05348718198709452,71794.50992086876,1414069.560758123,1342275.0508372542,10,True
base_equal_top10_regime,2013-04-30,0.05518800640298383,78039.67997338383,1492109.2407315068,1414069.560758123,10,True
base_equal_top10_regime,2013-05-31,-0.030781811445386654,-45929.82530411629,1446179.4154273905,1492109.2407315068,10,True
base_equal_top10_regime,2013-06-30,0.02425354832899188,35074.98234446144,1481254.3977718519,1446179.4154273905,10,True
base_equal_top10_regime,2013-07-31,-0.005190451212838994,-7688.378685438002,1473566.0190864138,1481254.3977718519,10,True
base_equal_top10_regime,2013-08-31,0.029527027795510818,43510.024804084765,1517076.0438904986,1473566.0190864138,10,True
base_equal_top10_regime,2013-09-30,0.018918549915786936,28700.87886238697,1545776.9227528856,1517076.0438904986,10,True
base_equal_top10_regime,2013-10-31,0.03523047409375715,54458.45383177319,1600235.3765846589,1545776.9227528856,10,True
base_equal_top10_regime,2013-11-30,0.010576578618485127,16925.015268528798,1617160.3918531877,1600235.3765846589,10,True
base_equal_top10_regime,2013-12-31,0.007178339535256417,11608.526375690497,1628768.9182288782,1617160.3918531877,10,True
base_equal_top10_regime,2014-01-31,0.0420805274260331,68539.45513420057,1697308.3733630788,1628768.9182288782,10,True
base_equal_top10_regime,2014-02-28,0.016836879616106103,28577.376753723027,1725885.7501168018,1697308.3733630788,10,True
base_equal_top10_regime,2014-03-31,-0.0014174277619083985,-2446.318376097656,1723439.4317407042,1725885.7501168018,10,True
base_equal_top10_regime,2014-04-30,0.035690628045773394,61510.635717676545,1784950.0674583807,1723439.4317407042,10,True
base_equal_top10_regime,2014-05-31,-0.0006744512331602706,-1203.861774126813,1783746.205684254,1784950.0674583807,10,True
base_equal_top10_regime,2014-06-30,0.0011910184706513164,2124.4746779241486,1785870.680362178,1783746.205684254,10,True
base_equal_top10_regime,2014-07-31,0.04086163707991509,72973.59961262035,1858844.2799747984,1785870.680362178,10,True
base_equal_top10_regime,2014-08-31,-0.012936451774437795,-24046.849384083525,1834797.430590715,1858844.2799747984,10,True
base_equal_top10_regime,2014-09-30,0.019947387695550337,36599.4156907926,1871396.8462815075,1834797.430590715,10,True
base_equal_top10_regime,2014-10-31,0.029484901335367256,55177.951371927695,1926574.7976534353,1871396.8462815075,10,True
base_equal_top10_regime,2014-11-30,-0.004496521263457553,-8662.884543290105,1917911.9131101451,1926574.7976534353,10,True
base_equal_top10_regime,2014-12-31,0.009546730633661592,18309.78841355313,1936221.7015236982,1917911.9131101451,10,True
base_equal_top10_regime,2015-01-31,0.02396741057855254,46406.22049152209,1982627.9220152202,1936221.7015236982,10,True
base_equal_top10_regime,2015-02-28,-0.0046787315876645535,-9276.183885318345,1973351.7381299017,1982627.9220152202,10,True
base_equal_top10_regime,2015-03-31,-0.013037118838361283,-25726.821119886325,1947624.9170100153,1973351.7381299017,10,True
base_equal_top10_regime,2015-04-30,0.0061892965358477416,12054.428151980834,1959679.345161996,1947624.9170100153,10,True
base_equal_top10_regime,2015-05-31,-0.011211529146259653,-21971.00209560675,1937708.3430663894,1959679.345161996,10,True
base_equal_top10_regime,2015-06-30,0.001432749319584366,2776.2503100813187,1940484.5933764707,1937708.3430663894,10,True
base_equal_top10_regime,2015-07-31,-0.017481831474499318,-33923.2246402698,1906561.368736201,1940484.5933764707,10,True
base_equal_top10_regime,2015-08-31,0.0,0.0,1906561.368736201,1906561.368736201,0,False
base_equal_top10_regime,2015-09-30,0.0,0.0,1906561.368736201,1906561.368736201,0,False
base_equal_top10_regime,2015-10-31,0.004428826554641939,8443.829617913367,1915005.1983541143,1906561.368736201,10,True
base_equal_top10_regime,2015-11-30,-0.009499637681911708,-18191.85554334155,1896813.3428107728,1915005.1983541143,10,True
base_equal_top10_regime,2015-12-31,0.0,0.0,1896813.3428107728,1896813.3428107728,0,False
base_equal_top10_regime,2016-01-31,0.0,0.0,1896813.3428107728,1896813.3428107728,0,False
base_equal_top10_regime,2016-02-29,0.0,0.0,1896813.3428107728,1896813.3428107728,0,False
base_equal_top10_regime,2016-03-31,-0.006803983353119297,-12905.886408459066,1883907.4564023137,1896813.3428107728,10,True
base_equal_top10_regime,2016-04-30,0.010516043339173331,19811.252458518524,1903718.7088608323,1883907.4564023137,10,True
base_equal_top10_regime,2016-05-31,0.018818585078718777,35825.292488646235,1939544.0013494785,1903718.7088608323,10,True
base_equal_top10_regime,2016-06-30,0.005506280662178788,10679.673628075503,1950223.674977554,1939544.0013494785,10,True
base_equal_top10_regime,2016-07-31,0.0019728103915115313,3847.4215317675253,1954071.0965093216,1950223.674977554,10,True
base_equal_top10_regime,2016-08-31,-0.008927282372429322,-17444.544454341303,1936626.5520549803,1954071.0965093216,10,True
base_equal_top10_regime,2016-09-30,-0.011859959500116904,-22968.31247422311,1913658.2395807572,1936626.5520549803,10,True
base_equal_top10_regime,2016-10-31,0.024707718616889262,47282.129312453006,1960940.3688932103,1913658.2395807572,10,True
base_equal_top10_regime,2016-11-30,-0.006516156841537215,-12777.795000610004,1948162.5738926004,1960940.3688932103,10,True
base_equal_top10_regime,2016-12-31,0.005565553597681929,10842.60322199725,1959005.1771145975,1948162.5738926004,10,True
base_equal_top10_regime,2017-01-31,0.02479101970447816,48565.73594702272,2007570.9130616202,1959005.1771145975,10,True
base_equal_top10_regime,2017-02-28,-0.010412907607035775,-20904.650432283102,1986666.2626293371,2007570.9130616202,10,True
base_equal_top10_regime,2017-03-31,0.0019465339856233994,3867.1133982994265,1990533.3760276365,1986666.2626293371,10,True
base_equal_top10_regime,2017-04-30,0.015531813684730254,30916.593529698355,2021449.969557335,1990533.3760276365,10,True
base_equal_top10_regime,2017-05-31,0.006546129915533934,13232.67411847443,2034682.6436758093,2021449.969557335,10,True
base_equal_top10_regime,2017-06-30,0.001189074126360154,2419.388486948981,2037102.0321627583,2034682.6436758093,10,True
base_equal_top10_regime,2017-07-31,0.005316176958548414,10829.594885595805,2047931.6270483541,2037102.0321627583,10,True
base_equal_top10_regime,2017-08-31,0.018575036581181155,38040.40488818102,2085972.0319365351,2047931.6270483541,10,True
base_equal_top10_regime,2017-09-30,0.0017302407990473804,3609.2339153283583,2089581.2658518634,2085972.0319365351,10,True
base_equal_top10_regime,2017-10-31,0.02461192326495845,51428.6137710408,2141009.879622904,2089581.2658518634,10,True
base_equal_top10_regime,2017-11-30,0.01027319768839474,21995.017746172318,2163004.8973690765,2141009.879622904,10,True
base_equal_top10_regime,2017-12-31,0.020185155832187548,43660.590919179645,2206665.4882882563,2163004.8973690765,10,True
base_equal_top10_regime,2018-01-31,-0.026890035939441958,-59337.31428639745,2147328.174001859,2206665.4882882563,10,True
base_equal_top10_regime,2018-02-28,-0.014759604716047247,-31693.715043898963,2115634.45895796,2147328.174001859,10,True
base_equal_top10_regime,2018-03-31,-0.009057465723953302,-19162.286596426213,2096472.1723615336,2115634.45895796,10,True
base_equal_top10_regime,2018-04-30,0.028021503892175476,58746.30313766629,2155218.4754991997,2096472.1723615336,10,True
base_equal_top10_regime,2018-05-31,-0.011005980094517667,-23720.2916406809,2131498.183858519,2155218.4754991997,10,True
base_equal_top10_regime,2018-06-30,0.026037140872680747,55498.118482987426,2186996.3023415064,2131498.183858519,10,True
base_equal_top10_regime,2018-07-31,0.029444097402217793,64394.13214443347,2251390.43448594,2186996.3023415064,10,True
base_equal_top10_regime,2018-08-31,0.0052352733272347214,11786.644290855631,2263177.0787767954,2251390.43448594,10,True
base_equal_top10_regime,2018-09-30,-0.0449019700553129,-101621.10942110619,2161555.9693556894,2263177.0787767954,10,True
base_equal_top10_regime,2018-10-31,0.0,0.0,2161555.9693556894,2161555.9693556894,0,False
base_equal_top10_regime,2018-11-30,-0.033978622259669106,-73446.69377586986,2088109.2755798195,2161555.9693556894,10,True
base_equal_top10_regime,2018-12-31,0.0,0.0,2088109.2755798195,2088109.2755798195,0,False
base_equal_top10_regime,2019-01-31,0.0,0.0,2088109.2755798195,2088109.2755798195,0,False
base_equal_top10_regime,2019-02-28,0.02043171397380589,42663.65146469789,2130772.9270445174,2088109.2755798195,10,True
base_equal_top10_regime,2019-03-31,0.007770883941261478,16557.989121244955,2147330.916165762,2130772.9270445174,10,True
base_equal_top10_regime,2019-04-30,-0.025362762100782425,-54462.2431783674,2092868.6729873947,2147330.916165762,10,True
base_equal_top10_regime,2019-05-31,0.0,0.0,2092868.6729873947,2092868.6729873947,0,False
base_equal_top10_regime,2019-06-30,-1.3155996312290575e-05,-27.533772543930635,2092841.1392148507,2092868.6729873947,10,True
base_equal_top10_regime,2019-07-31,-0.0028068266596945925,-5874.242304053845,2086966.8969107969,2092841.1392148507,10,True
base_equal_top10_regime,2019-08-31,-0.012729881552279977,-26566.841401203743,2060400.055509593,2086966.8969107969,10,True
base_equal_top10_regime,2019-09-30,0.01707369560135632,35178.643364788455,2095578.6988743816,2060400.055509593,10,True
base_equal_top10_regime,2019-10-31,0.008018771212677148,16803.966144433325,2112382.665018815,2095578.6988743816,10,True
base_equal_top10_regime,2019-11-30,0.012982469336578316,27423.943175726352,2139806.6081945417,2112382.665018815,10,True
base_equal_top10_regime,2019-12-31,-0.0016793539644983817,-3593.492710731339,2136213.11548381,2139806.6081945417,10,True
base_equal_top10_regime,2020-01-31,-0.04826836952080309,-103111.52403335855,2033101.5914504516,2136213.11548381,10,True
base_equal_top10_regime,2020-02-29,0.0,0.0,2033101.5914504516,2033101.5914504516,0,False
base_equal_top10_regime,2020-03-31,0.0,0.0,2033101.5914504516,2033101.5914504516,0,False
base_equal_top10_regime,2020-04-30,0.0,0.0,2033101.5914504516,2033101.5914504516,0,False
base_equal_top10_regime,2020-05-31,0.015222659310880364,30949.212871058906,2064050.8043215105,2033101.5914504516,10,True
base_equal_top10_regime,2020-06-30,0.043213684349793974,89195.23993988812,2153246.0442613987,2064050.8043215105,10,True
base_equal_top10_regime,2020-07-31,0.01682169589402917,36221.250141586526,2189467.2944029854,2153246.0442613987,10,True
base_equal_top10_regime,2020-08-31,-0.0214010322149878,-46856.860101180464,2142610.4343018048,2189467.2944029854,10,True
base_equal_top10_regime,2020-09-30,-0.006816395732256269,-14604.880620262573,2128005.553681542,2142610.4343018048,10,True
base_equal_top10_regime,2020-10-31,0.020501982618273462,43628.33287316837,2171633.8865547106,2128005.553681542,10,True
base_equal_top10_regime,2020-11-30,0.016132111400971528,35033.039780025356,2206666.926334736,2171633.8865547106,10,True
base_equal_top10_regime,2020-12-31,-0.00837359197384153,-18477.728463298103,2188189.1978714378,2206666.926334736,10,True
base_equal_top10_regime,2021-01-31,0.024007143324181815,52532.17169372605,2240721.3695651637,2188189.1978714378,10,True
base_equal_top10_regime,2021-02-28,-0.013305283557987378,-29813.433196506332,2210907.9363686573,2240721.3695651637,10,True
base_equal_top10_regime,2021-03-31,0.028514365494623908,63042.63697258059,2273950.573341238,2210907.9363686573,10,True
base_equal_top10_regime,2021-04-30,0.006900543627062765,15691.4951371256,2289642.0684783636,2273950.573341238,10,True
base_equal_top10_regime,2021-05-31,0.007296200553529044,16705.68772741522,2306347.7562057786,2289642.0684783636,10,True
base_equal_top10_regime,2021-06-30,0.0030974553942711494,7143.80929852475,2313491.565504303,2306347.7562057786,10,True
base_equal_top10_regime,2021-07-31,0.004846323769649409,11211.929164786927,2324703.49466909,2313491.565504303,10,True
base_equal_top10_regime,2021-08-31,-0.019568035507726657,-45489.880528621,2279213.614140469,2324703.49466909,10,True
base_equal_top10_regime,2021-09-30,0.04107258390285049,93613.19239930353,2372826.8065397725,2279213.614140469,10,True
base_equal_top10_regime,2021-10-31,-0.008939966834850259,-21212.99295530922,2351613.813584463,2372826.8065397725,10,True
base_equal_top10_regime,2021-11-30,0.02189925501894242,51498.59060975388,2403112.404194217,2351613.813584463,10,True
base_equal_top10_regime,2021-12-31,-0.01582673630141739,-38033.42632384703,2365078.9778703703,2403112.404194217,10,True
base_equal_top10_regime,2022-01-31,0.009427343891940792,22296.412855983806,2387375.390726354,2365078.9778703703,10,True
base_equal_top10_regime,2022-02-28,0.0,0.0,2387375.390726354,2387375.390726354,0,False
base_equal_top10_regime,2022-03-31,-0.015893737462563614,-37944.317684789894,2349431.073041564,2387375.390726354,10,True
base_equal_top10_regime,2022-04-30,0.0,0.0,2349431.073041564,2349431.073041564,0,False
base_equal_top10_regime,2022-05-31,0.0,0.0,2349431.073041564,2349431.073041564,0,False
base_equal_top10_regime,2022-06-30,0.0,0.0,2349431.073041564,2349431.073041564,0,False
base_equal_top10_regime,2022-07-31,0.0,0.0,2349431.073041564,2349431.073041564,0,False
base_equal_top10_regime,2022-08-31,0.0,0.0,2349431.073041564,2349431.073041564,0,False
base_equal_top10_regime,2022-09-30,0.0,0.0,2349431.073041564,2349431.073041564,0,False
base_equal_top10_regime,2022-10-31,0.0,0.0,2349431.073041564,2349431.073041564,0,False
base_equal_top10_regime,2022-11-30,-0.024973846015584,-58674.3298423683,2290756.7431991957,2349431.073041564,10,True
base_equal_top10_regime,2022-12-31,0.0,0.0,2290756.7431991957,2290756.7431991957,0,False
base_equal_top10_regime,2023-01-31,-0.0032722714726549224,-7495.977941562626,2283260.7652576333,2290756.7431991957,10,True
base_equal_top10_regime,2023-02-28,0.010931270744088404,24958.941604385665,2308219.706862019,2283260.7652576333,10,True
base_equal_top10_regime,2023-03-31,0.004967052822808103,11465.049210630285,2319684.7560726493,2308219.706862019,10,True
base_equal_top10_regime,2023-04-30,0.0511249601942709,118593.7908174712,2438278.5468901205,2319684.7560726493,10,True
base_equal_top10_regime,2023-05-31,0.03024336599230994,73741.75048479557,2512020.2973749163,2438278.5468901205,10,True
base_equal_top10_regime,2023-06-30,0.009086138342297082,22824.563940606746,2534844.861315523,2512020.2973749163,10,True
base_equal_top10_regime,2023-07-31,0.007839125482430811,19870.96694634731,2554715.82826187,2534844.861315523,10,True
base_equal_top10_regime,2023-08-31,-0.015309116493239334,-39110.44222198338,2515605.3860398866,2554715.82826187,10,True
base_equal_top10_regime,2023-09-30,-0.010186731179106906,-25625.795820301777,2489979.5902195848,2515605.3860398866,10,True
base_equal_top10_regime,2023-10-31,0.0,0.0,2489979.5902195848,2489979.5902195848,0,False
base_equal_top10_regime,2023-11-30,0.029726297497544914,74017.87406168235,2563997.464281267,2489979.5902195848,10,True
base_equal_top10_regime,2023-12-31,0.06839045547795754,175352.954426524,2739350.418707791,2563997.464281267,10,True
base_equal_top10_regime,2024-01-31,0.029155269474935425,79866.49964370283,2819216.918351494,2739350.418707791,10,True
base_equal_top10_regime,2024-02-29,0.021847050865453722,61591.57541597278,2880808.4937674664,2819216.918351494,10,True
base_equal_top10_regime,2024-03-31,-0.015716851945387356,-45277.24057955762,2835531.253187909,2880808.4937674664,10,True
base_equal_top10_regime,2024-04-30,0.011337708271412245,32148.42614311648,2867679.679331025,2835531.253187909,10,True
base_equal_top10_regime,2024-05-31,0.0039819601023486865,11418.986069412218,2879098.6654004375,2867679.679331025,10,True
base_equal_top10_regime,2024-06-30,0.007117750432537506,20492.70577097212,2899591.3711714097,2879098.6654004375,10,True
base_equal_top10_regime,2024-07-31,-0.006271405888623869,-18184.514399767337,2881406.8567716423,2899591.3711714097,10,True
base_equal_top10_regime,2024-08-31,0.018182466140888382,52391.082611374004,2933797.9393830164,2881406.8567716423,10,True
base_equal_top10_regime,2024-09-30,-0.008690316475698612,-25495.632568990866,2908302.3068140256,2933797.9393830164,10,True
base_equal_top10_regime,2024-10-31,0.036635675015340104,106547.61815880258,3014849.924972828,2908302.3068140256,10,True
base_equal_top10_regime,2024-11-30,-0.031198805505963996,-94059.7164388974,2920790.2085339306,3014849.924972828,10,True
base_equal_top10_regime,2024-12-31,0.026720514949789585,78045.01843232993,2998835.2269662605,2920790.2085339306,10,True
base_equal_top10_regime,2025-01-31,0.004349784017585164,13044.285541629219,3011879.51250789,2998835.2269662605,10,True
base_equal_top10_regime,2025-02-28,-0.012076902778522237,-36374.17605318074,2975505.336454709,3011879.51250789,10,True
base_equal_top10_regime,2025-03-31,0.0,0.0,2975505.336454709,2975505.336454709,0,False
base_equal_top10_regime,2025-04-30,0.0,0.0,2975505.336454709,2975505.336454709,0,False
base_equal_top10_regime,2025-05-31,0.0014228326203072075,4233.6460546059325,2979738.982509315,2975505.336454709,10,True
base_equal_top10_regime,2025-06-30,0.00043423467655447865,1293.9059932867037,2981032.8885026015,2979738.982509315,10,True
base_equal_top10_regime,2025-07-31,0.011437816268741113,34096.506469767366,3015129.394972369,2981032.8885026015,10,True
base_equal_top10_regime,2025-08-31,0.029911126273223433,90185.91606312631,3105315.3110354953,3015129.394972369,10,True
base_equal_top10_regime,2025-09-30,-0.00043237183972089283,-1342.6508939458736,3103972.6601415495,3105315.3110354953,10,True
base_equal_top10_regime,2025-10-31,-0.017805465259166958,-55267.67736555441,3048704.982775995,3103972.6601415495,10,True
base_equal_top10_regime,2025-11-30,0.001720658922910364,5245.781431934804,3053950.76420793,3048704.982775995,10,True
base_equal_top10_regime,2025-12-31,0.032688274336677876,99828.38039113587,3153779.1445990657,3053950.76420793,10,True
base_equal_top10_regime,2026-01-31,0.00692077098373258,21826.58319304217,3175605.727792108,3153779.1445990657,10,True
base_equal_top10_regime,2026-02-28,-0.02877559617281511,-91379.94802702432,3084225.7797650835,3175605.727792108,10,True
base_equal_top10_regime,2026-03-31,0.0,0.0,3084225.7797650835,3084225.7797650835,0,False
base_equal_top10_regime,2026-04-30,0.066876603813338,206262.54554423297,3290488.3253093166,3084225.7797650835,10,True
base_equal_top10_regime,2026-05-31,0.0,0.0,3290488.3253093166,3290488.3253093166,0,True
trend_heavy_top10_regime,2006-06-30,0.0,0.0,1000000.0,1000000.0,0,False
trend_heavy_top10_regime,2006-07-31,0.0,0.0,1000000.0,1000000.0,0,False
trend_heavy_top10_regime,2006-08-31,0.0,0.0,1000000.0,1000000.0,0,False
trend_heavy_top10_regime,2006-09-30,0.0,0.0,1000000.0,1000000.0,0,False
trend_heavy_top10_regime,2006-10-31,0.0,0.0,1000000.0,1000000.0,0,False
trend_heavy_top10_regime,2006-11-30,0.0,0.0,1000000.0,1000000.0,0,False
trend_heavy_top10_regime,2006-12-31,0.0,0.0,1000000.0,1000000.0,0,False
trend_heavy_top10_regime,2007-01-31,0.0,0.0,1000000.0,1000000.0,0,False
trend_heavy_top10_regime,2007-02-28,0.0,0.0,1000000.0,1000000.0,0,False
trend_heavy_top10_regime,2007-03-31,0.0,0.0,1000000.0,1000000.0,0,True
trend_heavy_top10_regime,2007-04-30,0.0,0.0,1000000.0,1000000.0,0,True
trend_heavy_top10_regime,2007-05-31,0.0,0.0,1000000.0,1000000.0,0,True
trend_heavy_top10_regime,2007-06-30,0.0,0.0,1000000.0,1000000.0,0,True
trend_heavy_top10_regime,2007-07-31,0.0,0.0,1000000.0,1000000.0,0,True
trend_heavy_top10_regime,2007-08-31,0.0,0.0,1000000.0,1000000.0,0,True
trend_heavy_top10_regime,2007-09-30,0.0,0.0,1000000.0,1000000.0,0,True
trend_heavy_top10_regime,2007-10-31,0.0,0.0,1000000.0,1000000.0,0,True
trend_heavy_top10_regime,2007-11-30,0.0,0.0,1000000.0,1000000.0,0,False
trend_heavy_top10_regime,2007-12-31,0.0,0.0,1000000.0,1000000.0,0,False
trend_heavy_top10_regime,2008-01-31,0.0,0.0,1000000.0,1000000.0,0,False
trend_heavy_top10_regime,2008-02-29,0.0,0.0,1000000.0,1000000.0,0,False
trend_heavy_top10_regime,2008-03-31,0.0,0.0,1000000.0,1000000.0,0,False
trend_heavy_top10_regime,2008-04-30,0.0,0.0,1000000.0,1000000.0,0,False
trend_heavy_top10_regime,2008-05-31,0.0,0.0,1000000.0,1000000.0,0,False
trend_heavy_top10_regime,2008-06-30,0.0,0.0,1000000.0,1000000.0,0,False
trend_heavy_top10_regime,2008-07-31,0.0,0.0,1000000.0,1000000.0,0,False
trend_heavy_top10_regime,2008-08-31,0.0,0.0,1000000.0,1000000.0,0,False
trend_heavy_top10_regime,2008-09-30,0.0,0.0,1000000.0,1000000.0,0,False
trend_heavy_top10_regime,2008-10-31,0.0,0.0,1000000.0,1000000.0,0,False
trend_heavy_top10_regime,2008-11-30,0.0,0.0,1000000.0,1000000.0,0,False
trend_heavy_top10_regime,2008-12-31,0.0,0.0,1000000.0,1000000.0,0,False
trend_heavy_top10_regime,2009-01-31,0.0,0.0,1000000.0,1000000.0,0,False
trend_heavy_top10_regime,2009-02-28,0.0,0.0,1000000.0,1000000.0,0,False
trend_heavy_top10_regime,2009-03-31,0.0,0.0,1000000.0,1000000.0,0,False
trend_heavy_top10_regime,2009-04-30,0.0,0.0,1000000.0,1000000.0,0,False
trend_heavy_top10_regime,2009-05-31,0.0,0.0,1000000.0,1000000.0,0,False
trend_heavy_top10_regime,2009-06-30,0.0,0.0,1000000.0,1000000.0,0,True
trend_heavy_top10_regime,2009-07-31,0.0,0.0,1000000.0,1000000.0,0,True
trend_heavy_top10_regime,2009-08-31,0.0,0.0,1000000.0,1000000.0,0,True
trend_heavy_top10_regime,2009-09-30,0.0,0.0,1000000.0,1000000.0,0,True
trend_heavy_top10_regime,2009-10-31,0.0,0.0,1000000.0,1000000.0,0,True
trend_heavy_top10_regime,2009-11-30,0.0,0.0,1000000.0,1000000.0,0,True
trend_heavy_top10_regime,2009-12-31,0.0,0.0,1000000.0,1000000.0,0,True
trend_heavy_top10_regime,2010-01-31,0.0,0.0,1000000.0,1000000.0,0,True
trend_heavy_top10_regime,2010-02-28,0.0,0.0,1000000.0,1000000.0,0,True
trend_heavy_top10_regime,2010-03-31,0.0,0.0,1000000.0,1000000.0,0,True
trend_heavy_top10_regime,2010-04-30,0.0,0.0,1000000.0,1000000.0,0,True
trend_heavy_top10_regime,2010-05-31,0.0,0.0,1000000.0,1000000.0,0,False
trend_heavy_top10_regime,2010-06-30,0.0,0.0,1000000.0,1000000.0,0,False
trend_heavy_top10_regime,2010-07-31,0.04018660820101534,40186.60820101534,1040186.6082010154,1000000.0,10,True
trend_heavy_top10_regime,2010-08-31,0.0,0.0,1040186.6082010154,1040186.6082010154,0,False
trend_heavy_top10_regime,2010-09-30,0.05121813043702846,53276.41337768982,1093463.0215787052,1040186.6082010154,10,True
trend_heavy_top10_regime,2010-10-31,0.072213834791565,78963.1579909701,1172426.1795696754,1093463.0215787052,10,True
trend_heavy_top10_regime,2010-11-30,0.011929019528353308,13985.894791639319,1186412.0743613148,1172426.1795696754,10,True
trend_heavy_top10_regime,2010-12-31,-0.014874763224201656,-17647.598692458487,1168764.4756688562,1186412.0743613148,10,True
trend_heavy_top10_regime,2011-01-31,0.03944638292122999,46103.531051964295,1214868.0067208204,1168764.4756688562,10,True
trend_heavy_top10_regime,2011-02-28,0.02392867618039846,29070.18313474865,1243938.189855569,1214868.0067208204,10,True
trend_heavy_top10_regime,2011-03-31,0.005551185862762196,6905.332093676231,1250843.5219492454,1243938.189855569,10,True
trend_heavy_top10_regime,2011-04-30,-0.008561785196335929,-10709.453549157744,1240134.0684000875,1250843.5219492454,10,True
trend_heavy_top10_regime,2011-05-31,0.004325181438709899,5363.804854155851,1245497.8732542433,1240134.0684000875,10,True
trend_heavy_top10_regime,2011-06-30,-0.02276360764437327,-28352.024908660944,1217145.8483455824,1245497.8732542433,10,True
trend_heavy_top10_regime,2011-07-31,-0.10026814720170281,-122040.9590878563,1095104.889257726,1217145.8483455824,10,True
trend_heavy_top10_regime,2011-08-31,0.0,0.0,1095104.889257726,1095104.889257726,0,False
trend_heavy_top10_regime,2011-09-30,0.0,0.0,1095104.889257726,1095104.889257726,0,False
trend_heavy_top10_regime,2011-10-31,0.0,0.0,1095104.889257726,1095104.889257726,0,False
trend_heavy_top10_regime,2011-11-30,0.0,0.0,1095104.889257726,1095104.889257726,0,False
trend_heavy_top10_regime,2011-12-31,0.0,0.0,1095104.889257726,1095104.889257726,0,False
trend_heavy_top10_regime,2012-01-31,0.03502413707790016,38355.10375604127,1133459.9930137673,1095104.889257726,10,True
trend_heavy_top10_regime,2012-02-29,0.019968028772982954,22632.961753523963,1156092.9547672912,1133459.9930137673,10,True
trend_heavy_top10_regime,2012-03-31,0.041599977194544294,48093.44055309264,1204186.3953203838,1156092.9547672912,10,True
trend_heavy_top10_regime,2012-04-30,-0.06378518534933127,-76809.25242065378,1127377.14289973,1204186.3953203838,10,True
trend_heavy_top10_regime,2012-05-31,0.04232859067628937,47720.28561960726,1175097.4285193372,1127377.14289973,10,True
trend_heavy_top10_regime,2012-06-30,0.020848412913119396,24498.916402915947,1199596.3449222532,1175097.4285193372,10,True
trend_heavy_top10_regime,2012-07-31,0.025766594905926365,30909.513070241614,1230505.8579924947,1199596.3449222532,10,True
trend_heavy_top10_regime,2012-08-31,-0.003986031167139058,-4904.834701305272,1225601.0232911895,1230505.8579924947,10,True
trend_heavy_top10_regime,2012-09-30,0.013034601451632126,15975.220877313157,1241576.2441685025,1225601.0232911895,10,True
trend_heavy_top10_regime,2012-10-31,0.020894979147680535,25942.709732156378,1267518.953900659,1241576.2441685025,10,True
trend_heavy_top10_regime,2012-11-30,0.04229089839289707,53604.515290483956,1321123.469191143,1267518.953900659,10,True
trend_heavy_top10_regime,2012-12-31,0.03433317440945972,45358.36248417,1366481.831675313,1321123.469191143,10,True
trend_heavy_top10_regime,2013-01-31,-0.034229810444812596,-46774.41407452627,1319707.4176007868,1366481.831675313,10,True
trend_heavy_top10_regime,2013-02-28,0.0340617086601387,44951.489574941996,1364658.9071757288,1319707.4176007868,10,True
trend_heavy_top10_regime,2013-03-31,0.050552773438418304,68987.29255517414,1433646.199730903,1364658.9071757288,10,True
trend_heavy_top10_regime,2013-04-30,0.03812362870926962,54655.79541899634,1488301.9951498993,1433646.199730903,10,True
trend_heavy_top10_regime,2013-05-31,-0.040357945421023944,-60064.810690260674,1428237.1844596385,1488301.9951498993,10,True
trend_heavy_top10_regime,2013-06-30,0.04131157254865378,59002.72406248937,1487239.908522128,1428237.1844596385,10,True
trend_heavy_top10_regime,2013-07-31,-0.02582418800408444,-38406.76300485277,1448833.1455172752,1487239.908522128,10,True
trend_heavy_top10_regime,2013-08-31,0.05110238270661798,74038.82588025693,1522871.9713975322,1448833.1455172752,10,True
trend_heavy_top10_regime,2013-09-30,0.006069322646184728,9242.801343243023,1532114.7727407753,1522871.9713975322,10,True
trend_heavy_top10_regime,2013-10-31,0.033453937820040476,51255.272340435346,1583370.0450812106,1532114.7727407753,10,True
trend_heavy_top10_regime,2013-11-30,0.006080276277114872,9627.32732300159,1592997.3724042121,1583370.0450812106,10,True
trend_heavy_top10_regime,2013-12-31,0.02042902472371738,32543.382705662472,1625540.7551098745,1592997.3724042121,10,True
trend_heavy_top10_regime,2014-01-31,0.05047150677141896,82043.49122874552,1707584.24633862,1625540.7551098745,10,True
trend_heavy_top10_regime,2014-02-28,0.016031402132478237,27374.969728139196,1734959.2160667593,1707584.24633862,10,True
trend_heavy_top10_regime,2014-03-31,-0.0014100149176091781,-2446.318376097656,1732512.8976906617,1734959.2160667593,10,True
trend_heavy_top10_regime,2014-04-30,0.03418130604297704,59219.55357936948,1791732.4512700313,1732512.8976906617,10,True
trend_heavy_top10_regime,2014-05-31,0.00014694762404601433,263.29082664027226,1791995.7420966716,1791732.4512700313,10,True
trend_heavy_top10_regime,2014-06-30,0.007197809575837802,12898.444112323992,1804894.1862089955,1791995.7420966716,10,True
trend_heavy_top10_regime,2014-07-31,0.043527008017226886,78561.64371336515,1883455.8299223606,1804894.1862089955,10,True
trend_heavy_top10_regime,2014-08-31,-0.006308333696111747,-11881.467877037343,1871574.3620453232,1883455.8299223606,10,True
trend_heavy_top10_regime,2014-09-30,0.01028668568575518,19252.29719987801,1890826.6592452012,1871574.3620453232,10,True
trend_heavy_top10_regime,2014-10-31,0.029945465474053242,56621.684441846606,1947448.3436870477,1890826.6592452012,10,True
trend_heavy_top10_regime,2014-11-30,0.0013540035534800314,2636.8519775710643,1950085.1956646189,1947448.3436870477,10,True
trend_heavy_top10_regime,2014-12-31,0.013923886614893011,27152.765153815606,1977237.9608184344,1950085.1956646189,10,True
trend_heavy_top10_regime,2015-01-31,0.020752610435890793,41032.84913992007,2018270.8099583543,1977237.9608184344,10,True
trend_heavy_top10_regime,2015-02-28,0.002360741933861301,4764.6165349569,2023035.4264933113,2018270.8099583543,10,True
trend_heavy_top10_regime,2015-03-31,-0.011305884273668843,-22872.204413465668,2000163.2220798456,2023035.4264933113,10,True
trend_heavy_top10_regime,2015-04-30,0.0032024651152677726,6405.452943552292,2006568.675023398,2000163.2220798456,10,True
trend_heavy_top10_regime,2015-05-31,-0.00658313914517096,-13209.520792020357,1993359.1542313776,2006568.675023398,10,True
trend_heavy_top10_regime,2015-06-30,-0.01581120926986863,-31517.418737560653,1961841.735493817,1993359.1542313776,10,True
trend_heavy_top10_regime,2015-07-31,-0.025942055988510463,-50894.20814277713,1910947.5273510397,1961841.735493817,10,True
trend_heavy_top10_regime,2015-08-31,0.0,0.0,1910947.5273510397,1910947.5273510397,0,False
trend_heavy_top10_regime,2015-09-30,0.0,0.0,1910947.5273510397,1910947.5273510397,0,False
trend_heavy_top10_regime,2015-10-31,0.008089637667038766,15458.873096993564,1926406.4004480334,1910947.5273510397,10,True
trend_heavy_top10_regime,2015-11-30,-0.010828610543382121,-20860.304658730376,1905546.095789303,1926406.4004480334,10,True
trend_heavy_top10_regime,2015-12-31,0.0,0.0,1905546.095789303,1905546.095789303,0,False
trend_heavy_top10_regime,2016-01-31,0.0,0.0,1905546.095789303,1905546.095789303,0,False
trend_heavy_top10_regime,2016-02-29,0.0,0.0,1905546.095789303,1905546.095789303,0,False
trend_heavy_top10_regime,2016-03-31,-0.008518271328993337,-16231.95867383721,1889314.137115466,1905546.095789303,10,True
trend_heavy_top10_regime,2016-04-30,0.009934699901730765,18769.768972339563,1908083.9060878055,1889314.137115466,10,True
trend_heavy_top10_regime,2016-05-31,0.012408997410465944,23677.408249595323,1931761.314337401,1908083.9060878055,10,True
trend_heavy_top10_regime,2016-06-30,0.004776093013478128,9226.271717114187,1940987.586054515,1931761.314337401,10,True
trend_heavy_top10_regime,2016-07-31,0.005809676055440869,11276.509102608888,1952264.0951571239,1940987.586054515,10,True
trend_heavy_top10_regime,2016-08-31,-0.0026178580774197783,-5110.750330763692,1947153.3448263602,1952264.0951571239,10,True
trend_heavy_top10_regime,2016-09-30,-0.015821607669335415,-30807.096293876846,1916346.2485324834,1947153.3448263602,10,True
trend_heavy_top10_regime,2016-10-31,0.026247198026680324,50298.71947291804,1966644.9680054013,1916346.2485324834,10,True
trend_heavy_top10_regime,2016-11-30,-0.0027127211184844453,-5334.959337269418,1961310.008668132,1966644.9680054013,10,True
trend_heavy_top10_regime,2016-12-31,0.005807762955573944,11390.823612739187,1972700.832280871,1961310.008668132,10,True
trend_heavy_top10_regime,2017-01-31,0.01620395058727064,31965.546809746902,2004666.3790906179,1972700.832280871,10,True
trend_heavy_top10_regime,2017-02-28,-0.013817341066244025,-27699.159083927505,1976967.2200066904,2004666.3790906179,10,True
trend_heavy_top10_regime,2017-03-31,3.9820491389924595e-05,78.72380616243957,1977045.9438128527,1976967.2200066904,10,True
trend_heavy_top10_regime,2017-04-30,0.03088949853436844,61069.95778378618,2038115.9015966388,1977045.9438128527,10,True
trend_heavy_top10_regime,2017-05-31,0.004948951150706216,10086.536036479321,2048202.4376331181,2038115.9015966388,10,True
trend_heavy_top10_regime,2017-06-30,0.006023236525170393,12336.80773329483,2060539.245366413,2048202.4376331181,10,True
trend_heavy_top10_regime,2017-07-31,0.013944960635202347,28734.13866392418,2089273.384030337,2060539.245366413,10,True
trend_heavy_top10_regime,2017-08-31,0.01311378908680674,27398.29050285282,2116671.6745331897,2089273.384030337,10,True
trend_heavy_top10_regime,2017-09-30,0.016432125780787336,34781.41519255913,2151453.0897257486,2116671.6745331897,10,True
trend_heavy_top10_regime,2017-10-31,0.012488391258166386,26868.1879580861,2178321.2776838345,2151453.0897257486,10,True
trend_heavy_top10_regime,2017-11-30,0.009699280027604968,21128.148062345754,2199449.42574618,2178321.2776838345,10,True
trend_heavy_top10_regime,2017-12-31,0.016658756989235007,36640.0934936181,2236089.519239798,2199449.42574618,10,True
trend_heavy_top10_regime,2018-01-31,-0.019925714540824948,-44555.68144810271,2191533.8377916953,2236089.519239798,10,True
trend_heavy_top10_regime,2018-02-28,-0.021923265987983918,-48045.57924757454,2143488.258544121,2191533.8377916953,10,True
trend_heavy_top10_regime,2018-03-31,0.0008304849091685877,1780.1346517009486,2145268.393195822,2143488.258544121,10,True
trend_heavy_top10_regime,2018-04-30,0.027384127470480045,58746.30313766629,2204014.696333488,2145268.393195822,10,True
trend_heavy_top10_regime,2018-05-31,-0.01126454835016626,-24827.23011132558,2179187.4662221624,2204014.696333488,10,True
trend_heavy_top10_regime,2018-06-30,0.01864380406228115,40628.344135224914,2219815.810357387,2179187.4662221624,10,True
trend_heavy_top10_regime,2018-07-31,0.032723397885319985,72639.91599444879,2292455.7263518358,2219815.810357387,10,True
trend_heavy_top10_regime,2018-08-31,0.009761532632349369,22377.88138099962,2314833.607732835,2292455.7263518358,10,True
trend_heavy_top10_regime,2018-09-30,-0.05627938025017885,-130277.40082548957,2184556.2069073454,2314833.607732835,10,True
trend_heavy_top10_regime,2018-10-31,0.0,0.0,2184556.2069073454,2184556.2069073454,0,False
trend_heavy_top10_regime,2018-11-30,-0.02515747816851733,-54957.925083170565,2129598.281824175,2184556.2069073454,10,True
trend_heavy_top10_regime,2018-12-31,0.0,0.0,2129598.281824175,2129598.281824175,0,False
trend_heavy_top10_regime,2019-01-31,0.0,0.0,2129598.281824175,2129598.281824175,0,False
trend_heavy_top10_regime,2019-02-28,0.012193667767795126,25967.61392743132,2155565.895751606,2129598.281824175,10,True
trend_heavy_top10_regime,2019-03-31,0.006935766970192783,14950.50274182801,2170516.3984934343,2155565.895751606,10,True
trend_heavy_top10_regime,2019-04-30,-0.03288008675773329,-71366.76749154693,2099149.6310018874,2170516.3984934343,10,True
trend_heavy_top10_regime,2019-05-31,0.0,0.0,2099149.6310018874,2099149.6310018874,0,False
trend_heavy_top10_regime,2019-06-30,0.0004898189063359824,1028.2031764929256,2100177.83417838,2099149.6310018874,10,True
trend_heavy_top10_regime,2019-07-31,-0.004457873566970394,-9362.327252920932,2090815.5069254593,2100177.83417838,10,True
trend_heavy_top10_regime,2019-08-31,-0.016102286085655476,-33666.90944483852,2057148.5974806207,2090815.5069254593,10,True
trend_heavy_top10_regime,2019-09-30,0.01643428003291715,33807.75612031929,2090956.35360094,2057148.5974806207,10,True
trend_heavy_top10_regime,2019-10-31,0.014746108965802548,30833.470232936623,2121789.8238338768,2090956.35360094,10,True
trend_heavy_top10_regime,2019-11-30,0.010304734619335607,21864.48105261495,2143654.3048864915,2121789.8238338768,10,True
trend_heavy_top10_regime,2019-12-31,-0.007911362357561735,-16959.225975304158,2126695.078911187,2143654.3048864915,10,True
trend_heavy_top10_regime,2020-01-31,-0.040440263745644765,-86004.10989773321,2040690.969013454,2126695.078911187,10,True
trend_heavy_top10_regime,2020-02-29,0.0,0.0,2040690.969013454,2040690.969013454,0,False
trend_heavy_top10_regime,2020-03-31,0.0,0.0,2040690.969013454,2040690.969013454,0,False
trend_heavy_top10_regime,2020-04-30,0.0,0.0,2040690.969013454,2040690.969013454,0,False
trend_heavy_top10_regime,2020-05-31,0.01607534320028374,32804.80769261086,2073495.7767060648,2040690.969013454,10,True
trend_heavy_top10_regime,2020-06-30,0.060729158087963565,125921.65281830741,2199417.4295243723,2073495.7767060648,10,True
trend_heavy_top10_regime,2020-07-31,0.027512001938860282,60510.37658543763,2259927.80610981,2199417.4295243723,10,True
trend_heavy_top10_regime,2020-08-31,-0.018546507952871143,-41913.769028930226,2218014.0370808793,2259927.80610981,10,True
trend_heavy_top10_regime,2020-09-30,-0.005538426070769312,-12284.306768301034,2205729.7303125784,2218014.0370808793,10,True
trend_heavy_top10_regime,2020-10-31,0.022161772609215088,48882.880720572684,2254612.611033151,2205729.7303125784,10,True
trend_heavy_top10_regime,2020-11-30,0.020027163081351926,45153.49444643359,2299766.1054795845,2254612.611033151,10,True
trend_heavy_top10_regime,2020-12-31,-0.009819675793608701,-22582.957556939633,2277183.147922645,2299766.1054795845,10,True
trend_heavy_top10_regime,2021-01-31,0.031474602322981285,71673.43399745991,2348856.5819201046,2277183.147922645,10,True
trend_heavy_top10_regime,2021-02-28,-0.011425458061620933,-26836.76236949045,2322019.8195506143,2348856.5819201046,10,True
trend_heavy_top10_regime,2021-03-31,0.021852200471308265,50741.24259517107,2372761.0621457854,2322019.8195506143,10,True
trend_heavy_top10_regime,2021-04-30,0.017154629553319412,40703.83703965165,2413464.8991854372,2372761.0621457854,10,True
trend_heavy_top10_regime,2021-05-31,-0.001399632391155216,-3377.9636478160955,2410086.9355376214,2413464.8991854372,10,True
trend_heavy_top10_regime,2021-06-30,-0.001890047131469496,-4555.17789910499,2405531.7576385164,2410086.9355376214,10,True
trend_heavy_top10_regime,2021-07-31,0.0038083058355582885,9161.000630235549,2414692.758268752,2405531.7576385164,10,True
trend_heavy_top10_regime,2021-08-31,-0.024732355433207037,-59721.03955949386,2354971.7187092584,2414692.758268752,10,True
trend_heavy_top10_regime,2021-09-30,0.04199257329345195,98891.32250190504,2453863.0412111636,2354971.7187092584,10,True
trend_heavy_top10_regime,2021-10-31,-0.01525901692426827,-37443.53767567755,2416419.5035354863,2453863.0412111636,10,True
trend_heavy_top10_regime,2021-11-30,0.012421394555860929,30015.300065891857,2446434.803601378,2416419.5035354863,10,True
trend_heavy_top10_regime,2021-12-31,-0.012886505029587545,-31525.99440116718,2414908.809200211,2446434.803601378,10,True
trend_heavy_top10_regime,2022-01-31,0.00858924397814483,20742.240947191814,2435651.0501474026,2414908.809200211,10,True
trend_heavy_top10_regime,2022-02-28,0.0,0.0,2435651.0501474026,2435651.0501474026,0,False
trend_heavy_top10_regime,2022-03-31,-0.010400451420486055,-25331.870424313907,2410319.1797230886,2435651.0501474026,10,True
trend_heavy_top10_regime,2022-04-30,0.0,0.0,2410319.1797230886,2410319.1797230886,0,False
trend_heavy_top10_regime,2022-05-31,0.0,0.0,2410319.1797230886,2410319.1797230886,0,False
trend_heavy_top10_regime,2022-06-30,0.0,0.0,2410319.1797230886,2410319.1797230886,0,False
trend_heavy_top10_regime,2022-07-31,0.0,0.0,2410319.1797230886,2410319.1797230886,0,False
trend_heavy_top10_regime,2022-08-31,0.0,0.0,2410319.1797230886,2410319.1797230886,0,False
trend_heavy_top10_regime,2022-09-30,0.0,0.0,2410319.1797230886,2410319.1797230886,0,False
trend_heavy_top10_regime,2022-10-31,0.0,0.0,2410319.1797230886,2410319.1797230886,0,False
trend_heavy_top10_regime,2022-11-30,-0.03327034381889436,-80192.14782266259,2330127.031900426,2410319.1797230886,10,True
trend_heavy_top10_regime,2022-12-31,0.0,0.0,2330127.031900426,2330127.031900426,0,False
trend_heavy_top10_regime,2023-01-31,-0.003716389890804788,-8659.66054564571,2321467.37135478,2330127.031900426,10,True
trend_heavy_top10_regime,2023-02-28,0.008852478628169848,20550.74029091183,2342018.111645692,2321467.37135478,10,True
trend_heavy_top10_regime,2023-03-31,0.008733388352173176,20453.753696825104,2362471.865342517,2342018.111645692,10,True
trend_heavy_top10_regime,2023-04-30,0.04979859599967334,117647.78198278668,2480119.6473253034,2362471.865342517,10,True
trend_heavy_top10_regime,2023-05-31,0.032874723944222,81533.24875446057,2561652.896079764,2480119.6473253034,10,True
trend_heavy_top10_regime,2023-06-30,0.003302592846434062,8460.096529640126,2570112.992609404,2561652.896079764,10,True
trend_heavy_top10_regime,2023-07-31,0.0027608515837506506,7095.700526063797,2577208.693135468,2570112.992609404,10,True
trend_heavy_top10_regime,2023-08-31,-0.011799190762727868,-30408.977005665973,2546799.7161298017,2577208.693135468,10,True
trend_heavy_top10_regime,2023-09-30,-0.012122575592081701,-30873.77207667574,2515925.944053126,2546799.7161298017,10,True
trend_heavy_top10_regime,2023-10-31,0.0,0.0,2515925.944053126,2515925.944053126,0,False
trend_heavy_top10_regime,2023-11-30,0.03506252439535673,88214.71479027365,2604140.6588433995,2515925.944053126,10,True
trend_heavy_top10_regime,2023-12-31,0.0673362069867628,175352.954426524,2779493.6132699233,2604140.6588433995,10,True
trend_heavy_top10_regime,2024-01-31,0.02873419073978164,79866.49964370283,2859360.1129136262,2779493.6132699233,10,True
trend_heavy_top10_regime,2024-02-29,0.01715283678884318,49046.13733733564,2908406.250250962,2859360.1129136262,10,True
trend_heavy_top10_regime,2024-03-31,-0.011595048696586263,-33723.11210111576,2874683.1381498463,2908406.250250962,10,True
trend_heavy_top10_regime,2024-04-30,0.01903991807596182,54733.73144472191,2929416.8695945684,2874683.1381498463,10,True
trend_heavy_top10_regime,2024-05-31,-0.0018312265409080196,-5364.425920985261,2924052.443673583,2929416.8695945684,10,True
trend_heavy_top10_regime,2024-06-30,0.005382165314772982,15737.73364091714,2939790.1773145003,2924052.443673583,10,True
trend_heavy_top10_regime,2024-07-31,-0.007533607110238759,-22147.224182426584,2917642.953132074,2939790.1773145003,10,True
trend_heavy_top10_regime,2024-08-31,0.030498156654964064,88982.73184787396,3006625.6849799477,2917642.953132074,10,True
trend_heavy_top10_regime,2024-09-30,-0.0007924860290127744,-2382.7088498175717,3004242.9761301302,3006625.6849799477,10,True
trend_heavy_top10_regime,2024-10-31,0.03756282637873892,112847.85731192198,3117090.8334420524,3004242.9761301302,10,True
trend_heavy_top10_regime,2024-11-30,-0.027719446005948247,-86404.0310532332,3030686.802388819,3117090.8334420524,10,True
trend_heavy_top10_regime,2024-12-31,0.026797763971400757,81215.62960165486,3111902.431990474,3030686.802388819,10,True
trend_heavy_top10_regime,2025-01-31,0.0023442271721860475,7295.006238263913,3119197.438228738,3111902.431990474,10,True
trend_heavy_top10_regime,2025-02-28,-0.01930664781171169,-60221.24639507558,3058976.1918336623,3119197.438228738,10,True
trend_heavy_top10_regime,2025-03-31,0.0,0.0,3058976.1918336623,3058976.1918336623,0,False
trend_heavy_top10_regime,2025-04-30,0.0,0.0,3058976.1918336623,3058976.1918336623,0,False
trend_heavy_top10_regime,2025-05-31,0.004998058020491658,15288.940490087267,3074265.13232375,3058976.1918336623,10,True
trend_heavy_top10_regime,2025-06-30,-0.0012166653346822427,-3740.351816120624,3070524.7805076293,3074265.13232375,10,True
trend_heavy_top10_regime,2025-07-31,0.01629685472789953,50039.89628634842,3120564.6767939776,3070524.7805076293,10,True
trend_heavy_top10_regime,2025-08-31,0.03428560690321931,106990.45382462993,3227555.1306186076,3120564.6767939776,10,True
trend_heavy_top10_regime,2025-09-30,0.008791871631009501,28376.2503904049,3255931.3810090125,3227555.1306186076,10,True
trend_heavy_top10_regime,2025-10-31,-0.012068646111781753,-39294.68360164261,3216636.69740737,3255931.3810090125,10,True
trend_heavy_top10_regime,2025-11-30,0.014270451097138651,45902.85668761345,3262539.5540949833,3216636.69740737,10,True
trend_heavy_top10_regime,2025-12-31,0.030598366314313667,99828.38039113587,3362367.934486119,3262539.5540949833,10,True
trend_heavy_top10_regime,2026-01-31,0.012668607724552534,42596.5203876186,3404964.454873738,3362367.934486119,10,True
trend_heavy_top10_regime,2026-02-28,-0.020443299439254423,-69608.70793100153,3335355.746942736,3404964.454873738,10,True
trend_heavy_top10_regime,2026-03-31,0.0,0.0,3335355.746942736,3335355.746942736,0,False
trend_heavy_top10_regime,2026-04-30,0.06434262811910718,214605.55447046342,3549961.3014132,3335355.746942736,10,True
trend_heavy_top10_regime,2026-05-31,0.0,0.0,3549961.3014132,3549961.3014132,0,True
base_top10_stop10_take20,2006-06-30,0.0,0.0,1000000.0,1000000.0,0,False
base_top10_stop10_take20,2006-07-31,0.0,0.0,1000000.0,1000000.0,0,False
base_top10_stop10_take20,2006-08-31,0.0,0.0,1000000.0,1000000.0,0,False
base_top10_stop10_take20,2006-09-30,0.0,0.0,1000000.0,1000000.0,0,False
base_top10_stop10_take20,2006-10-31,0.0,0.0,1000000.0,1000000.0,0,False
base_top10_stop10_take20,2006-11-30,0.0,0.0,1000000.0,1000000.0,0,False
base_top10_stop10_take20,2006-12-31,0.0,0.0,1000000.0,1000000.0,0,False
base_top10_stop10_take20,2007-01-31,0.0,0.0,1000000.0,1000000.0,0,False
base_top10_stop10_take20,2007-02-28,0.0,0.0,1000000.0,1000000.0,0,False
base_top10_stop10_take20,2007-03-31,0.0,0.0,1000000.0,1000000.0,0,True
base_top10_stop10_take20,2007-04-30,0.0,0.0,1000000.0,1000000.0,0,True
base_top10_stop10_take20,2007-05-31,0.0,0.0,1000000.0,1000000.0,0,True
base_top10_stop10_take20,2007-06-30,0.0,0.0,1000000.0,1000000.0,0,True
base_top10_stop10_take20,2007-07-31,0.0,0.0,1000000.0,1000000.0,0,True
base_top10_stop10_take20,2007-08-31,0.0,0.0,1000000.0,1000000.0,0,True
base_top10_stop10_take20,2007-09-30,0.0,0.0,1000000.0,1000000.0,0,True
base_top10_stop10_take20,2007-10-31,0.0,0.0,1000000.0,1000000.0,0,True
base_top10_stop10_take20,2007-11-30,0.0,0.0,1000000.0,1000000.0,0,False
base_top10_stop10_take20,2007-12-31,0.0,0.0,1000000.0,1000000.0,0,False
base_top10_stop10_take20,2008-01-31,0.0,0.0,1000000.0,1000000.0,0,False
base_top10_stop10_take20,2008-02-29,0.0,0.0,1000000.0,1000000.0,0,False
base_top10_stop10_take20,2008-03-31,0.0,0.0,1000000.0,1000000.0,0,False
base_top10_stop10_take20,2008-04-30,0.0,0.0,1000000.0,1000000.0,0,False
base_top10_stop10_take20,2008-05-31,0.0,0.0,1000000.0,1000000.0,0,False
base_top10_stop10_take20,2008-06-30,0.0,0.0,1000000.0,1000000.0,0,False
base_top10_stop10_take20,2008-07-31,0.0,0.0,1000000.0,1000000.0,0,False
base_top10_stop10_take20,2008-08-31,0.0,0.0,1000000.0,1000000.0,0,False
base_top10_stop10_take20,2008-09-30,0.0,0.0,1000000.0,1000000.0,0,False
base_top10_stop10_take20,2008-10-31,0.0,0.0,1000000.0,1000000.0,0,False
base_top10_stop10_take20,2008-11-30,0.0,0.0,1000000.0,1000000.0,0,False
base_top10_stop10_take20,2008-12-31,0.0,0.0,1000000.0,1000000.0,0,False
base_top10_stop10_take20,2009-01-31,0.0,0.0,1000000.0,1000000.0,0,False
base_top10_stop10_take20,2009-02-28,0.0,0.0,1000000.0,1000000.0,0,False
base_top10_stop10_take20,2009-03-31,0.0,0.0,1000000.0,1000000.0,0,False
base_top10_stop10_take20,2009-04-30,0.0,0.0,1000000.0,1000000.0,0,False
base_top10_stop10_take20,2009-05-31,0.0,0.0,1000000.0,1000000.0,0,False
base_top10_stop10_take20,2009-06-30,0.0,0.0,1000000.0,1000000.0,0,True
base_top10_stop10_take20,2009-07-31,0.0,0.0,1000000.0,1000000.0,0,True
base_top10_stop10_take20,2009-08-31,0.0,0.0,1000000.0,1000000.0,0,True
base_top10_stop10_take20,2009-09-30,0.0,0.0,1000000.0,1000000.0,0,True
base_top10_stop10_take20,2009-10-31,0.0,0.0,1000000.0,1000000.0,0,True
base_top10_stop10_take20,2009-11-30,0.0,0.0,1000000.0,1000000.0,0,True
base_top10_stop10_take20,2009-12-31,0.0,0.0,1000000.0,1000000.0,0,True
base_top10_stop10_take20,2010-01-31,0.0,0.0,1000000.0,1000000.0,0,True
base_top10_stop10_take20,2010-02-28,0.0,0.0,1000000.0,1000000.0,0,True
base_top10_stop10_take20,2010-03-31,0.0,0.0,1000000.0,1000000.0,0,True
base_top10_stop10_take20,2010-04-30,0.0,0.0,1000000.0,1000000.0,0,True
base_top10_stop10_take20,2010-05-31,-0.02749539300125656,-27495.39300125656,972504.6069987435,1000000.0,10,False
base_top10_stop10_take20,2010-06-30,0.0678890089267629,66022.37394585574,1038526.9809445993,972504.6069987435,9,False
base_top10_stop10_take20,2010-07-31,0.007240257312774054,7519.202568297295,1046046.1835128965,1038526.9809445993,10,True
base_top10_stop10_take20,2010-08-31,0.07424017172044294,77658.6482915114,1123704.831804408,1046046.1835128965,10,False
base_top10_stop10_take20,2010-09-30,0.03434660055959057,38595.44100486791,1162300.272809276,1123704.831804408,10,True
base_top10_stop10_take20,2010-10-31,0.022514420521214138,26168.51711394995,1188468.7899232258,1162300.272809276,10,True
base_top10_stop10_take20,2010-11-30,0.02121235447253663,25210.221251398136,1213679.0111746239,1188468.7899232258,10,True
base_top10_stop10_take20,2010-12-31,9.025551924795934e-08,0.10954122935391553,1213679.1207158533,1213679.0111746239,10,True
base_top10_stop10_take20,2011-01-31,0.022841139211559235,27721.81375443361,1241400.9344702868,1213679.1207158533,10,True
base_top10_stop10_take20,2011-02-28,0.026361885915943874,32725.66981045182,1274126.6042807386,1241400.9344702868,10,True
base_top10_stop10_take20,2011-03-31,0.007718053279269525,9833.777016373499,1283960.3812971122,1274126.6042807386,10,True
base_top10_stop10_take20,2011-04-30,0.0005329954411389644,684.3450298344072,1284644.7263269466,1283960.3812971122,10,True
base_top10_stop10_take20,2011-05-31,-0.0162605405630779,-20889.017681583424,1263755.708645363,1284644.7263269466,10,True
base_top10_stop10_take20,2011-06-30,-0.029792710469909497,-37650.707932366604,1226105.0007129966,1263755.708645363,10,True
base_top10_stop10_take20,2011-07-31,-0.08155908339159261,-100000.0,1126105.0007129966,1226105.0007129966,10,True
base_top10_stop10_take20,2011-08-31,-0.040720419034840465,-45855.46750626254,1080249.533206734,1126105.0007129966,10,False
base_top10_stop10_take20,2011-09-30,0.045983994009522196,49674.18806376761,1129923.7212705016,1080249.533206734,10,False
base_top10_stop10_take20,2011-10-31,0.025605039339169484,28931.74133339197,1158855.4626038936,1129923.7212705016,10,False
base_top10_stop10_take20,2011-11-30,0.016900721004428992,19585.4928579269,1178440.9554618206,1158855.4626038936,10,False
base_top10_stop10_take20,2011-12-31,0.06884099161299925,81125.04393136202,1259565.9993931826,1178440.9554618206,10,False
base_top10_stop10_take20,2012-01-31,0.030308532808579328,38175.597417179284,1297741.5968103618,1259565.9993931826,10,True
base_top10_stop10_take20,2012-02-29,0.013951408182278989,18105.32273222388,1315846.9195425857,1297741.5968103618,10,True
base_top10_stop10_take20,2012-03-31,0.01192020343890464,15685.162975403608,1331532.0825179894,1315846.9195425857,10,True
base_top10_stop10_take20,2012-04-30,-0.03103005812939741,-41317.5179216908,1290214.5645962986,1331532.0825179894,10,True
base_top10_stop10_take20,2012-05-31,0.021127720499339264,27259.2927049673,1317473.857301266,1290214.5645962986,10,True
base_top10_stop10_take20,2012-06-30,0.024680846318224543,32516.369800331035,1349990.227101597,1317473.857301266,10,True
base_top10_stop10_take20,2012-07-31,0.014422820728462321,19470.66703066247,1369460.8941322595,1349990.227101597,10,True
base_top10_stop10_take20,2012-08-31,-0.01169311626265578,-16013.26545224905,1353447.6286800106,1369460.8941322595,10,True
base_top10_stop10_take20,2012-09-30,0.027930026998414292,37801.828809972496,1391249.457489983,1353447.6286800106,10,True
base_top10_stop10_take20,2012-10-31,0.00697271591456526,9700.78723337069,1400950.2447233535,1391249.457489983,10,True
base_top10_stop10_take20,2012-11-30,0.02398239931800723,33598.148193615416,1434548.392916969,1400950.2447233535,10,True
base_top10_stop10_take20,2012-12-31,0.04362970693254434,62588.92596351982,1497137.3188804889,1434548.392916969,10,True
base_top10_stop10_take20,2013-01-31,-0.032474906324485873,-48619.39418553581,1448517.924694953,1497137.3188804889,10,True
base_top10_stop10_take20,2013-02-28,0.033688892036663316,48798.96397821988,1497316.8886731728,1448517.924694953,10,True
base_top10_stop10_take20,2013-03-31,0.02743112583649803,41073.08799030752,1538389.9766634803,1497316.8886731728,10,True
base_top10_stop10_take20,2013-04-30,0.05421028955801461,83396.5660880746,1621786.5427515549,1538389.9766634803,10,True
base_top10_stop10_take20,2013-05-31,-0.028756250052373537,-46636.499354938096,1575150.0433966168,1621786.5427515549,10,True
base_top10_stop10_take20,2013-06-30,0.02231097242927468,35143.12919019273,1610293.1725868096,1575150.0433966168,10,True
base_top10_stop10_take20,2013-07-31,-0.004774521072512048,-7688.378685438002,1602604.7939013715,1610293.1725868096,10,True
base_top10_stop10_take20,2013-08-31,0.024134340659762454,38677.8100389841,1641282.6039403556,1602604.7939013715,10,True
base_top10_stop10_take20,2013-09-30,0.01748685984575875,28700.87886238697,1669983.4828027426,1641282.6039403556,10,True
base_top10_stop10_take20,2013-10-31,0.03253009028068394,54324.71346282421,1724308.1962655669,1669983.4828027426,10,True
base_top10_stop10_take20,2013-11-30,0.008993703343218383,15507.91638949249,1739816.1126550594,1724308.1962655669,10,True
base_top10_stop10_take20,2013-12-31,-0.006905107251824191,-12013.616856335024,1727802.4957987245,1739816.1126550594,10,True
base_top10_stop10_take20,2014-01-31,0.031060723930994457,53666.79632928739,1781469.2921280118,1727802.4957987245,10,True
base_top10_stop10_take20,2014-02-28,0.013081133562690654,23303.637748158497,1804772.9298761704,1781469.2921280118,10,True
base_top10_stop10_take20,2014-03-31,-0.019515621961070335,-35221.26622503664,1769551.6636511337,1804772.9298761704,10,True
base_top10_stop10_take20,2014-04-30,0.03773577283156582,66775.39959325854,1836327.0632443922,1769551.6636511337,10,True
base_top10_stop10_take20,2014-05-31,-0.0006555813494355685,-1203.861774126813,1835123.2014702654,1836327.0632443922,10,True
base_top10_stop10_take20,2014-06-30,-0.0031791587191684475,-5834.14792670251,1829289.053543563,1835123.2014702654,10,True
base_top10_stop10_take20,2014-07-31,0.0398917817122785,72973.59961262035,1902262.6531561834,1829289.053543563,10,True
base_top10_stop10_take20,2014-08-31,-0.0072267603255938995,-13747.196270688095,1888515.4568854952,1902262.6531561834,10,True
base_top10_stop10_take20,2014-09-30,-0.01242151887071893,-23458.23038534756,1865057.2265001477,1888515.4568854952,10,True
base_top10_stop10_take20,2014-10-31,0.02961674438887199,55236.92314787341,1920294.1496480212,1865057.2265001477,10,True
base_top10_stop10_take20,2014-11-30,-0.0012221312854341058,-2346.8515575209294,1917947.2980905003,1920294.1496480212,10,True
base_top10_stop10_take20,2014-12-31,0.01233298809898206,23654.021201824937,1941601.3192923253,1917947.2980905003,10,True
base_top10_stop10_take20,2015-01-31,0.023901003790230337,46406.22049152209,1988007.5397838473,1941601.3192923253,10,True
base_top10_stop10_take20,2015-02-28,-0.001914311591897859,-3805.665878188563,1984201.8739056587,1988007.5397838473,10,True
base_top10_stop10_take20,2015-03-31,-0.011567973976515693,-22953.195641494334,1961248.6782641644,1984201.8739056587,10,True
base_top10_stop10_take20,2015-04-30,0.005282815021658908,10360.913978742607,1971609.592242907,1961248.6782641644,10,True
base_top10_stop10_take20,2015-05-31,-0.011079140496353734,-21843.739676417863,1949765.8525664893,1971609.592242907,10,True
base_top10_stop10_take20,2015-06-30,0.005779053916054397,11267.801985663511,1961033.6545521528,1949765.8525664893,10,True
base_top10_stop10_take20,2015-07-31,-0.032555897258529656,-63843.210178118825,1897190.444374034,1961033.6545521528,10,True
base_top10_stop10_take20,2015-08-31,0.009092539839897053,17250.279699342896,1914440.7240733767,1897190.444374034,10,False
base_top10_stop10_take20,2015-09-30,0.05160954975812702,98803.42380804966,2013244.1478814264,1914440.7240733767,10,False
base_top10_stop10_take20,2015-10-31,0.003724910282827819,7499.153828286456,2020743.301709713,2013244.1478814264,10,True
base_top10_stop10_take20,2015-11-30,-0.009383437885998725,-18961.519255141073,2001781.782454572,2020743.301709713,10,True
base_top10_stop10_take20,2015-12-31,-0.011497802886675842,-23016.092356801288,1978765.6900977707,2001781.782454572,10,False
base_top10_stop10_take20,2016-01-31,-0.02224394789297503,-44015.56090294159,1934750.1291948291,1978765.6900977707,10,False
base_top10_stop10_take20,2016-02-29,0.021380922525220523,41366.74261797504,1976116.8718128041,1934750.1291948291,10,False
base_top10_stop10_take20,2016-03-31,-0.006530932756330228,-12905.886408459066,1963210.985404345,1976116.8718128041,10,True
base_top10_stop10_take20,2016-04-30,0.010091249797299895,19811.252458518524,1983022.2378628636,1963210.985404345,10,True
base_top10_stop10_take20,2016-05-31,0.01473108525369105,29212.069645923057,2012234.3075087867,1983022.2378628636,10,True
base_top10_stop10_take20,2016-06-30,0.005307370810756773,10679.673628075503,2022913.9811368622,2012234.3075087867,10,True
base_top10_stop10_take20,2016-07-31,0.0007674181430663746,1552.4208909870579,2024466.4020278493,2022913.9811368622,10,True
base_top10_stop10_take20,2016-08-31,-0.008616860441283495,-17444.544454341303,2007021.857573508,2024466.4020278493,10,True
base_top10_stop10_take20,2016-09-30,-0.012016378042037574,-24117.133379235765,1982904.7241942722,2007021.857573508,10,True
base_top10_stop10_take20,2016-10-31,0.02079796340554694,41240.379890478616,2024145.1040847509,1982904.7241942722,10,True
base_top10_stop10_take20,2016-11-30,-0.005198163917058293,-10521.838042943555,2013623.2660418074,2024145.1040847509,10,True
base_top10_stop10_take20,2016-12-31,0.005384623531546011,10842.60322199725,2024465.8692638045,2013623.2660418074,10,True
base_top10_stop10_take20,2017-01-31,0.023989407124301684,48565.73594702272,2073031.6052108272,2024465.8692638045,10,True
base_top10_stop10_take20,2017-02-28,-0.014230015527548424,-29499.271931248706,2043532.3332795785,2073031.6052108272,10,True
base_top10_stop10_take20,2017-03-31,0.0007046507285559326,1439.9765474730598,2044972.3098270516,2043532.3332795785,10,True
base_top10_stop10_take20,2017-04-30,0.015118343354151846,30916.593529698355,2075888.90335675,2044972.3098270516,10,True
base_top10_stop10_take20,2017-05-31,0.006231126018897262,12935.125358046349,2088824.0287147963,2075888.90335675,10,True
base_top10_stop10_take20,2017-06-30,0.0040016103991500065,8358.659955299541,2097182.688670096,2088824.0287147963,10,True
base_top10_stop10_take20,2017-07-31,0.0036199152010893848,7591.623494178387,2104774.3121642745,2097182.688670096,10,True
base_top10_stop10_take20,2017-08-31,0.018073388993932203,38040.40488818102,2142814.7170524555,2104774.3121642745,10,True
base_top10_stop10_take20,2017-09-30,0.0016843425082934994,3609.2339153283583,2146423.950967784,2142814.7170524555,10,True
base_top10_stop10_take20,2017-10-31,0.02396013785992863,51428.6137710408,2197852.564738825,2146423.950967784,10,True
base_top10_stop10_take20,2017-11-30,0.011272897155083913,24776.165924338184,2222628.730663163,2197852.564738825,10,True
base_top10_stop10_take20,2017-12-31,0.02851122851251887,63369.875638427206,2285998.6063015903,2222628.730663163,10,True
base_top10_stop10_take20,2018-01-31,-0.02942844799450897,-67273.39110106634,2218725.215200524,2285998.6063015903,10,True
base_top10_stop10_take20,2018-02-28,-0.01193349736771149,-26477.151515270558,2192248.0636852533,2218725.215200524,10,True
base_top10_stop10_take20,2018-03-31,-0.00838160116151413,-18374.54891691142,2173873.514768342,2192248.0636852533,10,True
base_top10_stop10_take20,2018-04-30,0.025134737630000913,54639.74043451019,2228513.255202852,2173873.514768342,10,True
base_top10_stop10_take20,2018-05-31,-0.009581699661048935,-21352.944702020228,2207160.310500832,2228513.255202852,10,True
base_top10_stop10_take20,2018-06-30,0.025144579765660167,55498.118482987426,2262658.428983819,2207160.310500832,10,True
base_top10_stop10_take20,2018-07-31,0.02451946371656032,55479.17125243813,2318137.6002362575,2262658.428983819,10,True
base_top10_stop10_take20,2018-08-31,0.005084531776566832,11786.644290855631,2329924.244527113,2318137.6002362575,10,True
base_top10_stop10_take20,2018-09-30,-0.0363668869249254,-84732.09154435976,2245192.1529827532,2329924.244527113,10,True
base_top10_stop10_take20,2018-10-31,0.008957714595953417,20111.790519493687,2265303.943502247,2245192.1529827532,10,False
base_top10_stop10_take20,2018-11-30,-0.031718265419612035,-71851.5117360981,2193452.4317661487,2265303.943502247,10,True
base_top10_stop10_take20,2018-12-31,0.0368052927277218,80730.65883548633,2274183.090601635,2193452.4317661487,10,False
base_top10_stop10_take20,2019-01-31,0.021850593233688494,49692.24965166888,2323875.340253304,2274183.090601635,10,False
base_top10_stop10_take20,2019-02-28,0.01127308107158055,26197.235110922335,2350072.5753642265,2323875.340253304,10,True
base_top10_stop10_take20,2019-03-31,0.006916237732331867,16253.660619452387,2366326.235983679,2350072.5753642265,10,True
base_top10_stop10_take20,2019-04-30,-0.01905284663728324,-45085.25086797674,2321240.9851157023,2366326.235983679,10,True
base_top10_stop10_take20,2019-05-31,0.02703985829164753,62766.0272982929,2384007.0124139953,2321240.9851157023,10,False
base_top10_stop10_take20,2019-06-30,0.0012686895783720772,3024.564851415587,2387031.577265411,2384007.0124139953,10,True
base_top10_stop10_take20,2019-07-31,-0.005449307436967772,-13007.668926269316,2374023.908339142,2387031.577265411,10,True
base_top10_stop10_take20,2019-08-31,-0.007730598087819769,-18352.624686244984,2355671.283652897,2374023.908339142,10,True
base_top10_stop10_take20,2019-09-30,0.014933596044961573,35178.643364788455,2390849.9270176855,2355671.283652897,10,True
base_top10_stop10_take20,2019-10-31,0.007822904994139976,18703.391834305847,2409553.3188519916,2390849.9270176855,10,True
base_top10_stop10_take20,2019-11-30,0.011381339006348374,27423.943175726352,2436977.262027718,2409553.3188519916,10,True
base_top10_stop10_take20,2019-12-31,9.675080741176824e-05,235.77951774530203,2437213.0415454633,2436977.262027718,10,True
base_top10_stop10_take20,2020-01-31,-0.03973755029380394,-96848.87581512773,2340364.1657303357,2437213.0415454633,10,True
base_top10_stop10_take20,2020-02-29,-0.042728393069885316,-100000.0,2240364.1657303357,2340364.1657303357,10,False
base_top10_stop10_take20,2020-03-31,0.08226082794525355,184294.21117185467,2424658.3769021905,2240364.1657303357,10,False
base_top10_stop10_take20,2020-04-30,0.03369197339319907,81691.52552218585,2506349.9024243765,2424658.3769021905,10,False
base_top10_stop10_take20,2020-05-31,0.006741711161155852,16897.0871109363,2523246.9895353126,2506349.9024243765,10,True
base_top10_stop10_take20,2020-06-30,0.0353493892234127,89195.23993988812,2612442.2294752006,2523246.9895353126,10,True
base_top10_stop10_take20,2020-07-31,0.014063694175570176,36740.588566683946,2649182.818041885,2612442.2294752006,10,True
base_top10_stop10_take20,2020-08-31,-0.027176026375061623,-71994.26213546634,2577188.5559064182,2649182.818041885,10,True
base_top10_stop10_take20,2020-09-30,-0.007025952646060368,-18107.204753767197,2559081.351152651,2577188.5559064182,10,True
base_top10_stop10_take20,2020-10-31,0.01704843531195969,43628.33287316837,2602709.6840258194,2559081.351152651,10,True
base_top10_stop10_take20,2020-11-30,0.009990159037071062,26001.48367074291,2628711.167696562,2602709.6840258194,10,True
base_top10_stop10_take20,2020-12-31,-0.0016682403052737736,-4385.3219208746905,2624325.8457756876,2628711.167696562,10,True
base_top10_stop10_take20,2021-01-31,0.022213805645777965,58296.264289253006,2682622.1100649405,2624325.8457756876,10,True
base_top10_stop10_take20,2021-02-28,-0.010848915276802892,-29103.53999177274,2653518.570073168,2682622.1100649405,10,True
base_top10_stop10_take20,2021-03-31,0.023758129181226065,63042.63697258059,2716561.2070457484,2653518.570073168,10,True
base_top10_stop10_take20,2021-04-30,-0.00032556445499393026,-884.4157688295023,2715676.7912769187,2716561.2070457484,10,True
base_top10_stop10_take20,2021-05-31,0.005506093322601889,14952.769846794765,2730629.5611237134,2715676.7912769187,10,True
base_top10_stop10_take20,2021-06-30,-0.00035391887459716265,-966.4213412146488,2729663.1397824986,2730629.5611237134,10,True
base_top10_stop10_take20,2021-07-31,0.004107440585390438,11211.929164786927,2740875.0689472854,2729663.1397824986,10,True
base_top10_stop10_take20,2021-08-31,-0.016174910619929393,-44333.40926061515,2696541.65968667,2740875.0689472854,10,True
base_top10_stop10_take20,2021-09-30,0.034869240209305055,94026.35886601263,2790568.018552683,2696541.65968667,10,True
base_top10_stop10_take20,2021-10-31,-0.006767706970659851,-18885.74663125944,2771682.2719214233,2790568.018552683,10,True
base_top10_stop10_take20,2021-11-30,0.014925325850393625,41368.26106218655,2813050.53298361,2771682.2719214233,10,True
base_top10_stop10_take20,2021-12-31,-0.01884510095179525,-53012.22127657756,2760038.3117070324,2813050.53298361,10,True
base_top10_stop10_take20,2022-01-31,0.00821733438746427,22680.15772950903,2782718.469436541,2760038.3117070324,10,True
base_top10_stop10_take20,2022-02-28,0.0007110972709695809,1978.7835094929735,2784697.252946034,2782718.469436541,10,False
base_top10_stop10_take20,2022-03-31,-0.01386866520612124,-38620.03390151406,2746077.21904452,2784697.252946034,10,True
base_top10_stop10_take20,2022-04-30,0.0015675707926682833,4304.670442985934,2750381.889487506,2746077.21904452,10,False
base_top10_stop10_take20,2022-05-31,-0.027760237307468426,-76351.25393833657,2674030.6355491695,2750381.889487506,10,False
base_top10_stop10_take20,2022-06-30,0.02317641763919596,61974.45078949216,2736005.0863386616,2674030.6355491695,10,False
base_top10_stop10_take20,2022-07-31,0.0021729310369686884,5945.1503694094745,2741950.236708071,2736005.0863386616,10,False
base_top10_stop10_take20,2022-08-31,-0.02748368443476117,-75358.89504150332,2666591.3416665676,2741950.236708071,10,False
base_top10_stop10_take20,2022-09-30,0.02601038464344236,69359.06648362045,2735950.408150188,2666591.3416665676,10,False
base_top10_stop10_take20,2022-10-31,0.0059447977745543746,16264.671897662372,2752215.0800478505,2735950.408150188,10,False
base_top10_stop10_take20,2022-11-30,-0.01890951973814327,-52043.06537978038,2700172.0146680702,2752215.0800478505,10,True
base_top10_stop10_take20,2022-12-31,0.007676958743899424,20729.109158038566,2720901.123826109,2700172.0146680702,10,False
base_top10_stop10_take20,2023-01-31,-0.013060224539882806,-35535.57962798845,2685365.5441981205,2720901.123826109,10,True
base_top10_stop10_take20,2023-02-28,0.00799190243008638,21461.179418347194,2706826.723616468,2685365.5441981205,10,True
base_top10_stop10_take20,2023-03-31,0.0009364355027794604,2534.7686438666665,2709361.4922603345,2706826.723616468,10,True
base_top10_stop10_take20,2023-04-30,0.00964991541837228,26145.10923810713,2735506.601498442,2709361.4922603345,10,True
base_top10_stop10_take20,2023-05-31,0.026957255538846696,73741.75048479557,2809248.3519832375,2735506.601498442,10,True
base_top10_stop10_take20,2023-06-30,0.00812479392378867,22824.563940606746,2832072.915923844,2809248.3519832375,10,True
base_top10_stop10_take20,2023-07-31,0.003336290166090122,9448.617019046898,2841521.532942891,2832072.915923844,10,True
base_top10_stop10_take20,2023-08-31,-0.01456510078866615,-41387.04752047835,2800134.485422413,2841521.532942891,10,True
base_top10_stop10_take20,2023-09-30,-0.008015299697821773,-22443.91709486659,2777690.568327546,2800134.485422413,10,True
base_top10_stop10_take20,2023-10-31,0.03923911941422374,108994.13190636759,2886684.7002339135,2777690.568327546,10,False
base_top10_stop10_take20,2023-11-30,0.03278639146582267,94643.97462027005,2981328.6748541836,2886684.7002339135,10,True
base_top10_stop10_take20,2023-12-31,0.03442222231723339,102623.95844657351,3083952.633300757,2981328.6748541836,10,True
base_top10_stop10_take20,2024-01-31,0.023367421179629252,72064.02008036552,3156016.6533811227,3083952.633300757,10,True
base_top10_stop10_take20,2024-02-29,0.02348208915629799,74109.86443345674,3230126.5178145794,3156016.6533811227,10,True
base_top10_stop10_take20,2024-03-31,-0.01481767119515886,-47862.95265973989,3182263.5651548393,3230126.5178145794,10,True
base_top10_stop10_take20,2024-04-30,0.015548793461989776,49480.35891620784,3231743.924071047,3182263.5651548393,10,True
base_top10_stop10_take20,2024-05-31,0.007150609260107724,23108.9380297593,3254852.862100806,3231743.924071047,10,True
base_top10_stop10_take20,2024-06-30,0.006508807300154018,21185.210069768927,3276038.072170575,3254852.862100806,10,True
base_top10_stop10_take20,2024-07-31,-0.02555712789770508,-83726.12400821457,3192311.9481623606,3276038.072170575,10,True
base_top10_stop10_take20,2024-08-31,-0.004248625854819167,-13562.939079610747,3178749.00908275,3192311.9481623606,10,True
base_top10_stop10_take20,2024-09-30,0.0027940272801142934,8881.511448013482,3187630.5205307635,3178749.00908275,10,True
base_top10_stop10_take20,2024-10-31,0.02212199241589147,70516.73819984573,3258147.2587306094,3187630.5205307635,10,True
base_top10_stop10_take20,2024-11-30,-0.020929367328477312,-68190.96078824434,3189956.297942365,3258147.2587306094,10,True
base_top10_stop10_take20,2024-12-31,0.01578471998256177,50352.566919629615,3240308.8648619945,3189956.297942365,10,True
base_top10_stop10_take20,2025-01-31,0.005129622252254335,16621.56045737307,3256930.4253193676,3240308.8648619945,10,True
base_top10_stop10_take20,2025-02-28,-0.010815588787197745,-35225.62018876734,3221704.8051306,3256930.4253193676,10,True
base_top10_stop10_take20,2025-03-31,-0.02797630391827783,-90131.39276330972,3131573.4123672904,3221704.8051306,10,False
base_top10_stop10_take20,2025-04-30,0.0014509614419715615,4543.792274048247,3136117.2046413384,3131573.4123672904,10,False
base_top10_stop10_take20,2025-05-31,0.0010163580999063488,3187.418123192881,3139304.6227645315,3136117.2046413384,10,True
base_top10_stop10_take20,2025-06-30,0.0018129108251825185,5691.2793341553415,3144995.902098687,3139304.6227645315,10,True
base_top10_stop10_take20,2025-07-31,0.01643013257674581,51672.69962480372,3196668.6017234907,3144995.902098687,10,True
base_top10_stop10_take20,2025-08-31,0.008987282809704896,28729.364772592915,3225397.966496084,3196668.6017234907,10,True
base_top10_stop10_take20,2025-09-30,-0.008027475738795363,-25891.80392400721,3199506.1625720765,3225397.966496084,10,True
base_top10_stop10_take20,2025-10-31,-0.01728907329270605,-55316.49654517331,3144189.6660269033,3199506.1625720765,10,True
base_top10_stop10_take20,2025-11-30,0.0022049707578629106,6932.846270764073,3151122.5122976676,3144189.6660269033,10,True
base_top10_stop10_take20,2025-12-31,0.02815512420304945,88720.24571276605,3239842.7580104335,3151122.5122976676,10,True
base_top10_stop10_take20,2026-01-31,0.0038305857966325465,12410.495652157582,3252253.2536625913,3239842.7580104335,10,True
base_top10_stop10_take20,2026-02-28,-0.025419155227536693,-82669.53029411068,3169583.723368481,3252253.2536625913,10,True
base_top10_stop10_take20,2026-03-31,0.06309976875684156,200000.0,3369583.723368481,3169583.723368481,10,False
base_top10_stop10_take20,2026-04-30,0.03477203810170211,117167.29361584409,3486751.016984325,3369583.723368481,10,True
base_top10_stop10_take20,2026-05-31,0.0,0.0,3486751.016984325,3486751.016984325,0,True
top5_regime_stop10_take20,2006-06-30,0.0,0.0,1000000.0,1000000.0,0,False
top5_regime_stop10_take20,2006-07-31,0.0,0.0,1000000.0,1000000.0,0,False
top5_regime_stop10_take20,2006-08-31,0.0,0.0,1000000.0,1000000.0,0,False
top5_regime_stop10_take20,2006-09-30,0.0,0.0,1000000.0,1000000.0,0,False
top5_regime_stop10_take20,2006-10-31,0.0,0.0,1000000.0,1000000.0,0,False
top5_regime_stop10_take20,2006-11-30,0.0,0.0,1000000.0,1000000.0,0,False
top5_regime_stop10_take20,2006-12-31,0.0,0.0,1000000.0,1000000.0,0,False
top5_regime_stop10_take20,2007-01-31,0.0,0.0,1000000.0,1000000.0,0,False
top5_regime_stop10_take20,2007-02-28,0.0,0.0,1000000.0,1000000.0,0,False
top5_regime_stop10_take20,2007-03-31,0.0,0.0,1000000.0,1000000.0,0,True
top5_regime_stop10_take20,2007-04-30,0.0,0.0,1000000.0,1000000.0,0,True
top5_regime_stop10_take20,2007-05-31,0.0,0.0,1000000.0,1000000.0,0,True
top5_regime_stop10_take20,2007-06-30,0.0,0.0,1000000.0,1000000.0,0,True
top5_regime_stop10_take20,2007-07-31,0.0,0.0,1000000.0,1000000.0,0,True
top5_regime_stop10_take20,2007-08-31,0.0,0.0,1000000.0,1000000.0,0,True
top5_regime_stop10_take20,2007-09-30,0.0,0.0,1000000.0,1000000.0,0,True
top5_regime_stop10_take20,2007-10-31,0.0,0.0,1000000.0,1000000.0,0,True
top5_regime_stop10_take20,2007-11-30,0.0,0.0,1000000.0,1000000.0,0,False
top5_regime_stop10_take20,2007-12-31,0.0,0.0,1000000.0,1000000.0,0,False
top5_regime_stop10_take20,2008-01-31,0.0,0.0,1000000.0,1000000.0,0,False
top5_regime_stop10_take20,2008-02-29,0.0,0.0,1000000.0,1000000.0,0,False
top5_regime_stop10_take20,2008-03-31,0.0,0.0,1000000.0,1000000.0,0,False
top5_regime_stop10_take20,2008-04-30,0.0,0.0,1000000.0,1000000.0,0,False
top5_regime_stop10_take20,2008-05-31,0.0,0.0,1000000.0,1000000.0,0,False
top5_regime_stop10_take20,2008-06-30,0.0,0.0,1000000.0,1000000.0,0,False
top5_regime_stop10_take20,2008-07-31,0.0,0.0,1000000.0,1000000.0,0,False
top5_regime_stop10_take20,2008-08-31,0.0,0.0,1000000.0,1000000.0,0,False
top5_regime_stop10_take20,2008-09-30,0.0,0.0,1000000.0,1000000.0,0,False
top5_regime_stop10_take20,2008-10-31,0.0,0.0,1000000.0,1000000.0,0,False
top5_regime_stop10_take20,2008-11-30,0.0,0.0,1000000.0,1000000.0,0,False
top5_regime_stop10_take20,2008-12-31,0.0,0.0,1000000.0,1000000.0,0,False
top5_regime_stop10_take20,2009-01-31,0.0,0.0,1000000.0,1000000.0,0,False
top5_regime_stop10_take20,2009-02-28,0.0,0.0,1000000.0,1000000.0,0,False
top5_regime_stop10_take20,2009-03-31,0.0,0.0,1000000.0,1000000.0,0,False
top5_regime_stop10_take20,2009-04-30,0.0,0.0,1000000.0,1000000.0,0,False
top5_regime_stop10_take20,2009-05-31,0.0,0.0,1000000.0,1000000.0,0,False
top5_regime_stop10_take20,2009-06-30,0.0,0.0,1000000.0,1000000.0,0,True
top5_regime_stop10_take20,2009-07-31,0.0,0.0,1000000.0,1000000.0,0,True
top5_regime_stop10_take20,2009-08-31,0.0,0.0,1000000.0,1000000.0,0,True
top5_regime_stop10_take20,2009-09-30,0.0,0.0,1000000.0,1000000.0,0,True
top5_regime_stop10_take20,2009-10-31,0.0,0.0,1000000.0,1000000.0,0,True
top5_regime_stop10_take20,2009-11-30,0.0,0.0,1000000.0,1000000.0,0,True
top5_regime_stop10_take20,2009-12-31,0.0,0.0,1000000.0,1000000.0,0,True
top5_regime_stop10_take20,2010-01-31,0.0,0.0,1000000.0,1000000.0,0,True
top5_regime_stop10_take20,2010-02-28,0.0,0.0,1000000.0,1000000.0,0,True
top5_regime_stop10_take20,2010-03-31,0.0,0.0,1000000.0,1000000.0,0,True
top5_regime_stop10_take20,2010-04-30,0.0,0.0,1000000.0,1000000.0,0,True
top5_regime_stop10_take20,2010-05-31,0.0,0.0,1000000.0,1000000.0,0,False
top5_regime_stop10_take20,2010-06-30,0.0,0.0,1000000.0,1000000.0,0,False
top5_regime_stop10_take20,2010-07-31,0.03247058823529413,32470.58823529413,1032470.5882352941,1000000.0,5,True
top5_regime_stop10_take20,2010-08-31,0.0,0.0,1032470.5882352941,1032470.5882352941,0,False
top5_regime_stop10_take20,2010-09-30,0.01943278612885199,20063.780125506477,1052534.3683608007,1032470.5882352941,5,True
top5_regime_stop10_take20,2010-10-31,-0.01342370754529258,-14128.91354224464,1038405.4548185561,1052534.3683608007,5,True
top5_regime_stop10_take20,2010-11-30,0.032109415968021304,33342.59269223137,1071748.0475107874,1038405.4548185561,5,True
top5_regime_stop10_take20,2010-12-31,0.009641250564261811,10332.991467809874,1082081.0389785971,1071748.0475107874,5,True
top5_regime_stop10_take20,2011-01-31,0.017641055864387262,19089.052058415644,1101170.0910370129,1082081.0389785971,5,True
top5_regime_stop10_take20,2011-02-28,0.0058613814484771406,6454.377943222231,1107624.468980235,1101170.0910370129,5,True
top5_regime_stop10_take20,2011-03-31,0.005347873393300037,5923.435427427481,1113547.9044076626,1107624.468980235,5,True
top5_regime_stop10_take20,2011-04-30,-0.0019424196187466335,-2162.9772959356446,1111384.927111727,1113547.9044076626,5,True
top5_regime_stop10_take20,2011-05-31,-0.0016495879581497068,-1833.3271926325945,1109551.5999190945,1111384.927111727,5,True
top5_regime_stop10_take20,2011-06-30,-0.00907323321053392,-10067.220425186973,1099484.3794939076,1109551.5999190945,5,True
top5_regime_stop10_take20,2011-07-31,-0.045475862079109294,-50000.0,1049484.3794939076,1099484.3794939076,5,True
top5_regime_stop10_take20,2011-08-31,0.0,0.0,1049484.3794939076,1049484.3794939076,0,False
top5_regime_stop10_take20,2011-09-30,0.0,0.0,1049484.3794939076,1049484.3794939076,0,False
top5_regime_stop10_take20,2011-10-31,0.0,0.0,1049484.3794939076,1049484.3794939076,0,False
top5_regime_stop10_take20,2011-11-30,0.0,0.0,1049484.3794939076,1049484.3794939076,0,False
top5_regime_stop10_take20,2011-12-31,0.0,0.0,1049484.3794939076,1049484.3794939076,0,False
top5_regime_stop10_take20,2012-01-31,0.006555931557713966,6880.347762851969,1056364.7272567595,1049484.3794939076,5,True
top5_regime_stop10_take20,2012-02-29,0.011952924081629715,12626.647387411527,1068991.374644171,1056364.7272567595,5,True
top5_regime_stop10_take20,2012-03-31,0.030677162585704847,32793.62220267535,1101784.9968468463,1068991.374644171,5,True
top5_regime_stop10_take20,2012-04-30,-0.027325370180358022,-30106.68289800467,1071678.3139488415,1101784.9968468463,5,True
top5_regime_stop10_take20,2012-05-31,0.001162556693501282,1245.886797161394,1072924.2007460028,1071678.3139488415,5,True
top5_regime_stop10_take20,2012-06-30,-0.0010641466463546378,-1141.748690016589,1071782.4520559863,1072924.2007460028,5,True
top5_regime_stop10_take20,2012-07-31,0.012058933272699895,12924.553072193812,1084707.0051281801,1071782.4520559863,5,True
top5_regime_stop10_take20,2012-08-31,0.006024976545098794,6535.334264201642,1091242.3393923817,1084707.0051281801,5,True
top5_regime_stop10_take20,2012-09-30,0.027170984215933704,29650.128379388974,1120892.4677717707,1091242.3393923817,5,True
top5_regime_stop10_take20,2012-10-31,0.009680162719431038,10850.421479015351,1131742.889250786,1120892.4677717707,5,True
top5_regime_stop10_take20,2012-11-30,0.016339416706924362,18492.01867256714,1150234.9079233531,1131742.889250786,5,True
top5_regime_stop10_take20,2012-12-31,0.026586286468992124,30580.474768685046,1180815.382692038,1150234.9079233531,5,True
top5_regime_stop10_take20,2013-01-31,-0.03090952677317045,-36498.444685491064,1144316.938006547,1180815.382692038,5,True
top5_regime_stop10_take20,2013-02-28,0.013576187199276649,15535.460965679935,1159852.398972227,1144316.938006547,5,True
top5_regime_stop10_take20,2013-03-31,0.022132666438620847,25670.626264486484,1185523.0252367135,1159852.398972227,5,True
top5_regime_stop10_take20,2013-04-30,0.031970494445643205,37901.75729351248,1223424.782530226,1185523.0252367135,5,True
top5_regime_stop10_take20,2013-05-31,-0.022634224953269274,-27691.27174119368,1195733.5107890323,1223424.782530226,5,True
top5_regime_stop10_take20,2013-06-30,0.02654881272989835,31745.30505280191,1227478.8158418343,1195733.5107890323,5,True
top5_regime_stop10_take20,2013-07-31,-0.007976793427477818,-9791.344950575398,1217687.470891259,1227478.8158418343,5,True
top5_regime_stop10_take20,2013-08-31,0.02887658279885431,35162.65307631894,1252850.123967578,1217687.470891259,5,True
top5_regime_stop10_take20,2013-09-30,0.023515502369024093,29461.40005819171,1282311.5240257697,1252850.123967578,5,True
top5_regime_stop10_take20,2013-10-31,0.026585622839933126,34091.05054104896,1316402.5745668185,1282311.5240257697,5,True
top5_regime_stop10_take20,2013-11-30,0.006919025562520084,9108.223063995069,1325510.7976308137,1316402.5745668185,5,True
top5_regime_stop10_take20,2013-12-31,-0.0005909210191662084,-783.2721914518143,1324727.5254393618,1325510.7976308137,5,True
top5_regime_stop10_take20,2014-01-31,0.031199859776969315,41331.31303639964,1366058.8384757615,1324727.5254393618,5,True
top5_regime_stop10_take20,2014-02-28,0.0007734842173587904,1056.6249515444827,1367115.463427306,1366058.8384757615,5,True
top5_regime_stop10_take20,2014-03-31,-0.01492316511050184,-20401.689785845927,1346713.77364146,1367115.463427306,5,True
top5_regime_stop10_take20,2014-04-30,0.03727884721803731,50203.93701400647,1396917.7106554667,1346713.77364146,5,True
top5_regime_stop10_take20,2014-05-31,-0.004570373871512941,-6384.436205433419,1390533.2744500332,1396917.7106554667,5,True
top5_regime_stop10_take20,2014-06-30,-0.00537224174555222,-7470.28090557989,1383062.9935444533,1390533.2744500332,5,True
top5_regime_stop10_take20,2014-07-31,0.028343251903498394,39200.50282443701,1422263.4963688904,1383062.9935444533,5,True
top5_regime_stop10_take20,2014-08-31,-0.01023037965254954,-14550.295533816263,1407713.200835074,1422263.4963688904,5,True
top5_regime_stop10_take20,2014-09-30,-0.025079623198897484,-35304.91664905756,1372408.2841860165,1407713.200835074,5,True
top5_regime_stop10_take20,2014-10-31,0.018806092583526356,25809.63725480078,1398217.9214408174,1372408.2841860165,5,True
top5_regime_stop10_take20,2014-11-30,-0.003294127935465244,-4605.908714886345,1393612.0127259311,1398217.9214408174,5,True
top5_regime_stop10_take20,2014-12-31,0.021278085279674435,29653.3952535611,1423265.4079794923,1393612.0127259311,5,True
top5_regime_stop10_take20,2015-01-31,0.01317775006359976,18755.435820521092,1442020.8438000134,1423265.4079794923,5,True
top5_regime_stop10_take20,2015-02-28,-0.0020908912148100457,-3015.1087138744174,1439005.735086139,1442020.8438000134,5,True
top5_regime_stop10_take20,2015-03-31,0.002381983434422486,3427.687823014136,1442433.4229091532,1439005.735086139,5,True
top5_regime_stop10_take20,2015-04-30,-0.00031622734014141637,-456.1368846576402,1441977.2860244955,1442433.4229091532,5,True
top5_regime_stop10_take20,2015-05-31,-0.013653904989092858,-19688.620859808438,1422288.665164687,1441977.2860244955,5,True
top5_regime_stop10_take20,2015-06-30,-0.009240433688739773,-13142.564096700497,1409146.1010679866,1422288.665164687,5,True
top5_regime_stop10_take20,2015-07-31,-0.014639165044703294,-20628.722345634404,1388517.3787223522,1409146.1010679866,5,True
top5_regime_stop10_take20,2015-08-31,0.0,0.0,1388517.3787223522,1388517.3787223522,0,False
top5_regime_stop10_take20,2015-09-30,0.0,0.0,1388517.3787223522,1388517.3787223522,0,False
top5_regime_stop10_take20,2015-10-31,0.016611717405735905,23065.65830828889,1411583.037030641,1388517.3787223522,5,True
top5_regime_stop10_take20,2015-11-30,-7.326798266936662e-05,-103.4238414935329,1411479.6131891476,1411583.037030641,5,True
top5_regime_stop10_take20,2015-12-31,0.0,0.0,1411479.6131891476,1411479.6131891476,0,False
top5_regime_stop10_take20,2016-01-31,0.0,0.0,1411479.6131891476,1411479.6131891476,0,False
top5_regime_stop10_take20,2016-02-29,0.0,0.0,1411479.6131891476,1411479.6131891476,0,False
top5_regime_stop10_take20,2016-03-31,-0.0036491376328060972,-5150.683374427112,1406328.9298147205,1411479.6131891476,5,True
top5_regime_stop10_take20,2016-04-30,0.004133346745957045,5812.845105794928,1412141.7749205155,1406328.9298147205,5,True
top5_regime_stop10_take20,2016-05-31,0.010772507241177082,15212.30749589991,1427354.0824164154,1412141.7749205155,5,True
top5_regime_stop10_take20,2016-06-30,0.0032465329635603547,4633.952079237336,1431988.034495653,1427354.0824164154,5,True
top5_regime_stop10_take20,2016-07-31,0.0053399167192673775,7646.696847194167,1439634.731342847,1431988.034495653,5,True
top5_regime_stop10_take20,2016-08-31,-0.004470531387599507,-6435.932253146581,1433198.7990897004,1439634.731342847,5,True
top5_regime_stop10_take20,2016-09-30,-0.011373988886683825,-16301.187213254856,1416897.6118764456,1433198.7990897004,5,True
top5_regime_stop10_take20,2016-10-31,0.02101340257415028,29773.839924711887,1446671.4518011576,1416897.6118764456,5,True
top5_regime_stop10_take20,2016-11-30,-0.0053677869950433015,-7765.424205078666,1438906.0275960788,1446671.4518011576,5,True
top5_regime_stop10_take20,2016-12-31,-0.00038617111040551095,-555.6639384459605,1438350.3636576328,1438906.0275960788,5,True
top5_regime_stop10_take20,2017-01-31,0.01096189417805199,15767.044477377567,1454117.4081350104,1438350.3636576328,5,True
top5_regime_stop10_take20,2017-02-28,0.0024789206629903713,3604.6416894398803,1457722.0498244502,1454117.4081350104,5,True
top5_regime_stop10_take20,2017-03-31,0.005392594549453589,7860.903980501644,1465582.9538049519,1457722.0498244502,5,True
top5_regime_stop10_take20,2017-04-30,0.013210453216461356,19361.01504608356,1484943.9688510355,1465582.9538049519,5,True
top5_regime_stop10_take20,2017-05-31,0.008542786021623464,12685.558579994693,1497629.52743103,1484943.9688510355,5,True
top5_regime_stop10_take20,2017-06-30,0.006675822762783243,9997.909289440382,1507627.4367204704,1497629.52743103,5,True
top5_regime_stop10_take20,2017-07-31,0.00222644140106033,3356.644142488918,1510984.0808629594,1507627.4367204704,5,True
top5_regime_stop10_take20,2017-08-31,0.008241913285439472,12453.399770151975,1523437.4806331114,1510984.0808629594,5,True
top5_regime_stop10_take20,2017-09-30,-0.0041549578549037606,-6329.818526611341,1517107.6621065,1523437.4806331114,5,True
top5_regime_stop10_take20,2017-10-31,0.011387061321563387,17275.397979820384,1534383.0600863204,1517107.6621065,5,True
top5_regime_stop10_take20,2017-11-30,0.0007000406474955036,1074.1305108889599,1535457.1905972094,1534383.0600863204,5,True
top5_regime_stop10_take20,2017-12-31,0.03015402015043904,46300.20706540477,1581757.3976626142,1535457.1905972094,5,True
top5_regime_stop10_take20,2018-01-31,-0.010920379526336645,-17273.391101066343,1564484.006561548,1581757.3976626142,5,True
top5_regime_stop10_take20,2018-02-28,0.001294665401883221,2025.4833150948782,1566509.4898766428,1564484.006561548,5,True
top5_regime_stop10_take20,2018-03-31,-0.006322793722337017,-9904.7163685734,1556604.7735080693,1566509.4898766428,5,True
top5_regime_stop10_take20,2018-04-30,0.019863727815368347,30919.97353706738,1587524.7470451368,1556604.7735080693,5,True
top5_regime_stop10_take20,2018-05-31,-0.012805938621808875,-20329.744471262682,1567195.002573874,1587524.7470451368,5,True
top5_regime_stop10_take20,2018-06-30,0.02028808249105286,31795.38149178456,1598990.3840656586,1567195.002573874,5,True
top5_regime_stop10_take20,2018-07-31,0.013441770295457917,21493.261447256617,1620483.6455129152,1598990.3840656586,5,True
top5_regime_stop10_take20,2018-08-31,0.006619377027397289,10726.592216381203,1631210.2377292963,1620483.6455129152,5,True
top5_regime_stop10_take20,2018-09-30,-0.03065208815118878,-50000.0,1581210.2377292963,1631210.2377292963,5,True
top5_regime_stop10_take20,2018-10-31,0.0,0.0,1581210.2377292963,1581210.2377292963,0,False
top5_regime_stop10_take20,2018-11-30,-0.025549631866051428,-40399.339476815185,1540810.8982524811,1581210.2377292963,5,True
top5_regime_stop10_take20,2018-12-31,0.0,0.0,1540810.8982524811,1540810.8982524811,0,False
top5_regime_stop10_take20,2019-01-31,0.0,0.0,1540810.8982524811,1540810.8982524811,0,False
top5_regime_stop10_take20,2019-02-28,0.005151666320175698,7937.743610286971,1548748.6418627682,1540810.8982524811,5,True
top5_regime_stop10_take20,2019-03-31,-0.0053330323658555305,-8259.526633628939,1540489.1152291393,1548748.6418627682,5,True
top5_regime_stop10_take20,2019-04-30,-0.02344512629928355,-36116.96186921874,1504372.1533599205,1540489.1152291393,5,True
top5_regime_stop10_take20,2019-05-31,0.0,0.0,1504372.1533599205,1504372.1533599205,0,False
top5_regime_stop10_take20,2019-06-30,-0.008988689885766633,-13522.334759335288,1490849.8186005852,1504372.1533599205,5,True
top5_regime_stop10_take20,2019-07-31,-0.006510022680479318,-9705.466132278287,1481144.352468307,1490849.8186005852,5,True
top5_regime_stop10_take20,2019-08-31,-0.005076247844060007,-7518.655825958897,1473625.696642348,1481144.352468307,5,True
top5_regime_stop10_take20,2019-09-30,0.014717250560844471,21687.71861038442,1495313.4152527326,1473625.696642348,5,True
top5_regime_stop10_take20,2019-10-31,0.015225637479852533,22767.0999793983,1518080.515232131,1495313.4152527326,5,True
top5_regime_stop10_take20,2019-11-30,0.0067038666689589795,10177.009366860757,1528257.5245989917,1518080.515232131,5,True
top5_regime_stop10_take20,2019-12-31,0.0006243890145032556,954.2272096915494,1529211.7518086834,1528257.5245989917,5,True
top5_regime_stop10_take20,2020-01-31,-0.030635963763499047,-46848.87581512772,1482362.8759935556,1529211.7518086834,5,True
top5_regime_stop10_take20,2020-02-29,0.0,0.0,1482362.8759935556,1482362.8759935556,0,False
top5_regime_stop10_take20,2020-03-31,0.0,0.0,1482362.8759935556,1482362.8759935556,0,False
top5_regime_stop10_take20,2020-04-30,0.0,0.0,1482362.8759935556,1482362.8759935556,0,False
top5_regime_stop10_take20,2020-05-31,-0.007268329457564814,-10774.301758384458,1471588.574235171,1482362.8759935556,5,True
top5_regime_stop10_take20,2020-06-30,0.024887009457481242,36623.43876451204,1508212.0129996832,1471588.574235171,5,True
top5_regime_stop10_take20,2020-07-31,0.012682897038419707,19128.497672982707,1527340.510672666,1508212.0129996832,5,True
top5_regime_stop10_take20,2020-08-31,-0.025611877796001846,-39118.05851223137,1488222.4521604346,1527340.510672666,5,True
top5_regime_stop10_take20,2020-09-30,-0.015199150219732817,-22619.71661076558,1465602.735549669,1488222.4521604346,5,True
top5_regime_stop10_take20,2020-10-31,0.007777998977400238,11399.456578380317,1477002.1921280494,1465602.735549669,5,True
top5_regime_stop10_take20,2020-11-30,0.021752641149002546,32128.69866165157,1509130.890789701,1477002.1921280494,5,True
top5_regime_stop10_take20,2020-12-31,0.01804934782121016,27238.828355596033,1536369.7191452968,1509130.890789701,5,True
top5_regime_stop10_take20,2021-01-31,0.025413862684131996,39045.08907441702,1575414.8082197139,1536369.7191452968,5,True
top5_regime_stop10_take20,2021-02-28,-0.002826396145141369,-4452.746340950828,1570962.0618787631,1575414.8082197139,5,True
top5_regime_stop10_take20,2021-03-31,0.02209891287018532,34716.55372782547,1605678.6156065885,1570962.0618787631,5,True
top5_regime_stop10_take20,2021-04-30,-0.01076804574932832,-17290.020791569907,1588388.5948150186,1605678.6156065885,5,True
top5_regime_stop10_take20,2021-05-31,0.0030062557538236326,4775.102352470484,1593163.697167489,1588388.5948150186,5,True
top5_regime_stop10_take20,2021-06-30,0.013218895907707402,21059.865076795315,1614223.5622442842,1593163.697167489,5,True
top5_regime_stop10_take20,2021-07-31,0.005370699908842235,8669.510338596365,1622893.0725828805,1614223.5622442842,5,True
top5_regime_stop10_take20,2021-08-31,-0.0063919242484401055,-10373.409583267981,1612519.6629996125,1622893.0725828805,5,True
top5_regime_stop10_take20,2021-09-30,0.022551177916324112,36364.217813875264,1648883.8808134878,1612519.6629996125,5,True
top5_regime_stop10_take20,2021-10-31,0.0009511729757900731,1568.3737876456494,1650452.2546011335,1648883.8808134878,5,True
top5_regime_stop10_take20,2021-11-30,0.006305236404243781,10406.491639177293,1660858.7462403108,1650452.2546011335,5,True
top5_regime_stop10_take20,2021-12-31,-0.019876597784915424,-33012.22127657757,1627846.5249637333,1660858.7462403108,5,True
top5_regime_stop10_take20,2022-01-31,-0.01422642503424155,-23158.436554647167,1604688.0884090862,1627846.5249637333,5,True
top5_regime_stop10_take20,2022-02-28,0.0,0.0,1604688.0884090862,1604688.0884090862,0,False
top5_regime_stop10_take20,2022-03-31,-0.0031515540564942884,-5057.261254433721,1599630.8271546524,1604688.0884090862,5,True
top5_regime_stop10_take20,2022-04-30,0.0,0.0,1599630.8271546524,1599630.8271546524,0,False
top5_regime_stop10_take20,2022-05-31,0.0,0.0,1599630.8271546524,1599630.8271546524,0,False
top5_regime_stop10_take20,2022-06-30,0.0,0.0,1599630.8271546524,1599630.8271546524,0,False
top5_regime_stop10_take20,2022-07-31,0.0,0.0,1599630.8271546524,1599630.8271546524,0,False
top5_regime_stop10_take20,2022-08-31,0.0,0.0,1599630.8271546524,1599630.8271546524,0,False
top5_regime_stop10_take20,2022-09-30,0.0,0.0,1599630.8271546524,1599630.8271546524,0,False
top5_regime_stop10_take20,2022-10-31,0.0,0.0,1599630.8271546524,1599630.8271546524,0,False
top5_regime_stop10_take20,2022-11-30,-0.008348566982133787,-13354.62510718669,1586276.2020474658,1599630.8271546524,5,True
top5_regime_stop10_take20,2022-12-31,0.0,0.0,1586276.2020474658,1586276.2020474658,0,False
top5_regime_stop10_take20,2023-01-31,-0.00340817295425564,-5406.303649797528,1580869.8983976683,1586276.2020474658,5,True
top5_regime_stop10_take20,2023-02-28,0.0031798199540597535,5026.881647697321,1585896.7800453657,1580869.8983976683,5,True
top5_regime_stop10_take20,2023-03-31,-0.003651685762845486,-5791.196693034161,1580105.5833523315,1585896.7800453657,5,True
top5_regime_stop10_take20,2023-04-30,-0.005490155822529616,-8675.025868653358,1571430.5574836782,1580105.5833523315,5,True
top5_regime_stop10_take20,2023-05-31,0.018132073735641227,28493.294738733854,1599923.8522224121,1571430.5574836782,5,True
top5_regime_stop10_take20,2023-06-30,0.0009688734138330306,1550.1236845756216,1601473.9759069877,1599923.8522224121,5,True
top5_regime_stop10_take20,2023-07-31,0.0016852706589364514,2698.9171026463478,1604172.893009634,1601473.9759069877,5,True
top5_regime_stop10_take20,2023-08-31,-0.01166429902470546,-18711.55231139121,1585461.340698243,1604172.893009634,5,True
top5_regime_stop10_take20,2023-09-30,-0.008272515731406286,-13115.753882462714,1572345.5868157803,1585461.340698243,5,True
top5_regime_stop10_take20,2023-10-31,0.0,0.0,1572345.5868157803,1572345.5868157803,0,False
top5_regime_stop10_take20,2023-11-30,0.021842279693260736,34343.61208169445,1606689.1988974747,1572345.5868157803,5,True
top5_regime_stop10_take20,2023-12-31,0.014160200629437299,22751.04140553813,1629440.2403030128,1606689.1988974747,5,True
top5_regime_stop10_take20,2024-01-31,0.008212891415216158,13382.415761192367,1642822.656064205,1629440.2403030128,5,True
top5_regime_stop10_take20,2024-02-29,0.03609910169362078,59304.42212584594,1702127.078190051,1642822.656064205,5,True
top5_regime_stop10_take20,2024-03-31,-0.014978065346738432,-25494.57060558354,1676632.5075844675,1702127.078190051,5,True
top5_regime_stop10_take20,2024-04-30,0.018706582522459672,31364.064362967332,1707996.571947435,1676632.5075844675,5,True
top5_regime_stop10_take20,2024-05-31,0.02111964553137398,36072.282168331716,1744068.8541157667,1707996.571947435,5,True
top5_regime_stop10_take20,2024-06-30,-0.006410923658937553,-11181.092279666876,1732887.7618361,1744068.8541157667,5,True
top5_regime_stop10_take20,2024-07-31,-0.019462382244814107,-33726.12400821457,1699161.6378278853,1732887.7618361,5,True
top5_regime_stop10_take20,2024-08-31,-0.023152507933865814,-39339.853300730545,1659821.7845271549,1699161.6378278853,5,True
top5_regime_stop10_take20,2024-09-30,0.008168203800037183,13557.762607759205,1673379.547134914,1659821.7845271549,5,True
top5_regime_stop10_take20,2024-10-31,0.031139088462558334,52107.51374966989,1725487.0608845837,1673379.547134914,5,True
top5_regime_stop10_take20,2024-11-30,-0.015803156461989824,-27268.14199629804,1698218.9188882858,1725487.0608845837,5,True
top5_regime_stop10_take20,2024-12-31,0.025110141612535417,42642.51754237165,1740861.4364306575,1698218.9188882858,5,True
top5_regime_stop10_take20,2025-01-31,0.0013434530271202194,2338.76556656962,1743200.201997227,1740861.4364306575,5,True
top5_regime_stop10_take20,2025-02-28,-0.009453509621549191,-16479.35988186728,1726720.8421153598,1743200.201997227,5,True
top5_regime_stop10_take20,2025-03-31,0.0,0.0,1726720.8421153598,1726720.8421153598,0,False
top5_regime_stop10_take20,2025-04-30,0.0,0.0,1726720.8421153598,1726720.8421153598,0,False
top5_regime_stop10_take20,2025-05-31,0.009424236702588467,16273.025935388041,1742993.8680507478,1726720.8421153598,5,True
top5_regime_stop10_take20,2025-06-30,0.016983843813549636,29602.735622948643,1772596.6036736965,1742993.8680507478,5,True
top5_regime_stop10_take20,2025-07-31,0.022927424549210516,40641.07488691549,1813237.678560612,1772596.6036736965,5,True
top5_regime_stop10_take20,2025-08-31,0.025055211154626045,45431.05290986008,1858668.7314704722,1813237.678560612,5,True
top5_regime_stop10_take20,2025-09-30,-0.0129461074892101,-24062.525184450515,1834606.2062860217,1858668.7314704722,5,True
top5_regime_stop10_take20,2025-10-31,-0.016571272420203616,-30401.75922816194,1804204.4470578597,1834606.2062860217,5,True
top5_regime_stop10_take20,2025-11-30,0.01125460875236652,20305.615160915986,1824510.0622187757,1804204.4470578597,5,True
top5_regime_stop10_take20,2025-12-31,0.005480923458344241,10000.0,1834510.0622187757,1824510.0622187757,5,True
top5_regime_stop10_take20,2026-01-31,0.005900040122266535,10823.682971792454,1845333.7451905683,1834510.0622187757,5,True
top5_regime_stop10_take20,2026-02-28,-0.02429037814720184,-44823.854478471105,1800509.890712097,1845333.7451905683,5,True
top5_regime_stop10_take20,2026-03-31,0.0,0.0,1800509.890712097,1800509.890712097,0,False
top5_regime_stop10_take20,2026-04-30,0.03481380745221677,62682.604651062815,1863192.4953631598,1800509.890712097,5,True
top5_regime_stop10_take20,2026-05-31,0.0,0.0,1863192.4953631598,1863192.4953631598,0,True
hzz_sector_cap2_top10,2006-06-30,0.0,0.0,1000000.0,1000000.0,0,False
hzz_sector_cap2_top10,2006-07-31,0.0,0.0,1000000.0,1000000.0,0,False
hzz_sector_cap2_top10,2006-08-31,0.0,0.0,1000000.0,1000000.0,0,False
hzz_sector_cap2_top10,2006-09-30,0.0,0.0,1000000.0,1000000.0,0,False
hzz_sector_cap2_top10,2006-10-31,0.0,0.0,1000000.0,1000000.0,0,False
hzz_sector_cap2_top10,2006-11-30,0.0,0.0,1000000.0,1000000.0,0,False
hzz_sector_cap2_top10,2006-12-31,0.0,0.0,1000000.0,1000000.0,0,False
hzz_sector_cap2_top10,2007-01-31,0.0,0.0,1000000.0,1000000.0,0,False
hzz_sector_cap2_top10,2007-02-28,0.0,0.0,1000000.0,1000000.0,0,False
hzz_sector_cap2_top10,2007-03-31,0.0,0.0,1000000.0,1000000.0,0,True
hzz_sector_cap2_top10,2007-04-30,0.0,0.0,1000000.0,1000000.0,0,True
hzz_sector_cap2_top10,2007-05-31,0.0,0.0,1000000.0,1000000.0,0,True
hzz_sector_cap2_top10,2007-06-30,0.0,0.0,1000000.0,1000000.0,0,True
hzz_sector_cap2_top10,2007-07-31,0.0,0.0,1000000.0,1000000.0,0,True
hzz_sector_cap2_top10,2007-08-31,0.0,0.0,1000000.0,1000000.0,0,True
hzz_sector_cap2_top10,2007-09-30,0.0,0.0,1000000.0,1000000.0,0,True
hzz_sector_cap2_top10,2007-10-31,0.0,0.0,1000000.0,1000000.0,0,True
hzz_sector_cap2_top10,2007-11-30,0.0,0.0,1000000.0,1000000.0,0,False
hzz_sector_cap2_top10,2007-12-31,0.0,0.0,1000000.0,1000000.0,0,False
hzz_sector_cap2_top10,2008-01-31,0.0,0.0,1000000.0,1000000.0,0,False
hzz_sector_cap2_top10,2008-02-29,0.0,0.0,1000000.0,1000000.0,0,False
hzz_sector_cap2_top10,2008-03-31,0.0,0.0,1000000.0,1000000.0,0,False
hzz_sector_cap2_top10,2008-04-30,0.0,0.0,1000000.0,1000000.0,0,False
hzz_sector_cap2_top10,2008-05-31,0.0,0.0,1000000.0,1000000.0,0,False
hzz_sector_cap2_top10,2008-06-30,0.0,0.0,1000000.0,1000000.0,0,False
hzz_sector_cap2_top10,2008-07-31,0.0,0.0,1000000.0,1000000.0,0,False
hzz_sector_cap2_top10,2008-08-31,0.0,0.0,1000000.0,1000000.0,0,False
hzz_sector_cap2_top10,2008-09-30,0.0,0.0,1000000.0,1000000.0,0,False
hzz_sector_cap2_top10,2008-10-31,0.0,0.0,1000000.0,1000000.0,0,False
hzz_sector_cap2_top10,2008-11-30,0.0,0.0,1000000.0,1000000.0,0,False
hzz_sector_cap2_top10,2008-12-31,0.0,0.0,1000000.0,1000000.0,0,False
hzz_sector_cap2_top10,2009-01-31,0.0,0.0,1000000.0,1000000.0,0,False
hzz_sector_cap2_top10,2009-02-28,0.0,0.0,1000000.0,1000000.0,0,False
hzz_sector_cap2_top10,2009-03-31,0.0,0.0,1000000.0,1000000.0,0,False
hzz_sector_cap2_top10,2009-04-30,0.0,0.0,1000000.0,1000000.0,0,False
hzz_sector_cap2_top10,2009-05-31,0.0,0.0,1000000.0,1000000.0,0,False
hzz_sector_cap2_top10,2009-06-30,0.0,0.0,1000000.0,1000000.0,0,True
hzz_sector_cap2_top10,2009-07-31,0.0,0.0,1000000.0,1000000.0,0,True
hzz_sector_cap2_top10,2009-08-31,0.0,0.0,1000000.0,1000000.0,0,True
hzz_sector_cap2_top10,2009-09-30,0.0,0.0,1000000.0,1000000.0,0,True
hzz_sector_cap2_top10,2009-10-31,0.0,0.0,1000000.0,1000000.0,0,True
hzz_sector_cap2_top10,2009-11-30,0.0,0.0,1000000.0,1000000.0,0,True
hzz_sector_cap2_top10,2009-12-31,0.0,0.0,1000000.0,1000000.0,0,True
hzz_sector_cap2_top10,2010-01-31,0.0,0.0,1000000.0,1000000.0,0,True
hzz_sector_cap2_top10,2010-02-28,0.0,0.0,1000000.0,1000000.0,0,True
hzz_sector_cap2_top10,2010-03-31,0.0,0.0,1000000.0,1000000.0,0,True
hzz_sector_cap2_top10,2010-04-30,0.0,0.0,1000000.0,1000000.0,0,True
hzz_sector_cap2_top10,2010-05-31,0.0,0.0,1000000.0,1000000.0,0,False
hzz_sector_cap2_top10,2010-06-30,0.0,0.0,1000000.0,1000000.0,0,False
hzz_sector_cap2_top10,2010-07-31,0.0,0.0,1000000.0,1000000.0,0,True
hzz_sector_cap2_top10,2010-08-31,0.0,0.0,1000000.0,1000000.0,0,False
hzz_sector_cap2_top10,2010-09-30,0.0,0.0,1000000.0,1000000.0,0,True
hzz_sector_cap2_top10,2010-10-31,0.0,0.0,1000000.0,1000000.0,0,True
hzz_sector_cap2_top10,2010-11-30,-0.024467153140204333,-24467.153140204333,975532.8468597956,1000000.0,10,True
hzz_sector_cap2_top10,2010-12-31,-0.02184311852590541,-21308.67959987245,954224.1672599232,975532.8468597956,9,True
hzz_sector_cap2_top10,2011-01-31,0.035201156328959406,33589.794084587666,987813.9613445109,954224.1672599232,9,True
hzz_sector_cap2_top10,2011-02-28,0.030952687930055317,30575.497278448373,1018389.4586229593,987813.9613445109,9,True
hzz_sector_cap2_top10,2011-03-31,0.015029580390773418,15305.966237489987,1033695.4248604493,1018389.4586229593,10,True
hzz_sector_cap2_top10,2011-04-30,0.0023425762878813688,2421.5103911695455,1036116.9352516189,1033695.4248604493,10,True
hzz_sector_cap2_top10,2011-05-31,-0.006573507604832497,-6810.9225533722565,1029306.0126982466,1036116.9352516189,10,True
hzz_sector_cap2_top10,2011-06-30,-0.0031387888329348535,-3230.774218329957,1026075.2384799167,1029306.0126982466,10,True
hzz_sector_cap2_top10,2011-07-31,-0.04505054448845471,-46225.24817964127,979849.9903002754,1026075.2384799167,10,True
hzz_sector_cap2_top10,2011-08-31,-0.09115516296772097,-89318.38554974142,890531.6047505339,979849.9903002754,9,False
hzz_sector_cap2_top10,2011-09-30,0.13809489999931698,122977.87290425626,1013509.4776547902,890531.6047505339,8,False
hzz_sector_cap2_top10,2011-10-31,0.02343643484078119,23753.04883357067,1037262.5264883608,1013509.4776547902,10,False
hzz_sector_cap2_top10,2011-11-30,0.023491064849234886,24366.401275419303,1061628.92776378,1037262.5264883608,10,False
hzz_sector_cap2_top10,2011-12-31,0.040405780907361195,42895.945860140084,1104524.8736239201,1061628.92776378,10,False
hzz_sector_cap2_top10,2012-01-31,0.04598121892037059,50787.40001709613,1155312.2736410163,1104524.8736239201,10,True
hzz_sector_cap2_top10,2012-02-29,0.03965252299311719,45811.046494780894,1201123.3201357971,1155312.2736410163,10,True
hzz_sector_cap2_top10,2012-03-31,0.026676212819915827,32041.421310906415,1233164.7414467037,1201123.3201357971,10,True
hzz_sector_cap2_top10,2012-04-30,-0.042584472954579365,-52513.67058067801,1180651.0708660258,1233164.7414467037,10,True
hzz_sector_cap2_top10,2012-05-31,0.0553614372484506,65362.540172065485,1246013.6110380911,1180651.0708660258,10,True
hzz_sector_cap2_top10,2012-06-30,0.0066980617792516675,8345.876144521591,1254359.4871826128,1246013.6110380911,10,True
hzz_sector_cap2_top10,2012-07-31,0.019856001808319184,24906.564245780282,1279266.051428393,1254359.4871826128,10,True
hzz_sector_cap2_top10,2012-08-31,-0.002724600989164153,-3485.48954912592,1275780.561879267,1279266.051428393,10,True
hzz_sector_cap2_top10,2012-09-30,-0.04728479826865146,-60325.026503527944,1215455.535375739,1275780.561879267,10,True
hzz_sector_cap2_top10,2012-10-31,0.025512359758738817,31009.13888925635,1246464.6742649954,1215455.535375739,10,True
hzz_sector_cap2_top10,2012-11-30,0.002236168192904653,2787.3046581706417,1249251.978923166,1246464.6742649954,10,True
hzz_sector_cap2_top10,2012-12-31,0.01685580078588178,21057.14248809747,1270309.1214112635,1249251.978923166,10,True
hzz_sector_cap2_top10,2013-01-31,-0.019925979433641536,-25312.153427608086,1244996.9679836554,1270309.1214112635,10,True
hzz_sector_cap2_top10,2013-02-28,0.08468360493536124,105430.83138245046,1350427.7993661058,1244996.9679836554,10,True
hzz_sector_cap2_top10,2013-03-31,0.0835082063946547,112771.80339054411,1463199.60275665,1350427.7993661058,10,True
hzz_sector_cap2_top10,2013-04-30,0.02720262121031331,39802.86454887006,1503002.46730552,1463199.60275665,10,True
hzz_sector_cap2_top10,2013-05-31,-0.036655395665282586,-55093.150124979795,1447909.3171805402,1503002.46730552,10,True
hzz_sector_cap2_top10,2013-06-30,0.054806198579552184,79354.40556258049,1527263.7227431207,1447909.3171805402,10,True
hzz_sector_cap2_top10,2013-07-31,-0.017988681391612735,-27473.460509394365,1499790.2622337264,1527263.7227431207,10,True
hzz_sector_cap2_top10,2013-08-31,0.022519747264224378,33774.897654848326,1533565.1598885749,1499790.2622337264,10,True
hzz_sector_cap2_top10,2013-09-30,0.02192624392053635,33625.32376375322,1567190.4836523281,1533565.1598885749,10,True
hzz_sector_cap2_top10,2013-10-31,0.039071045387591014,61231.770517780824,1628422.254170109,1567190.4836523281,10,True
hzz_sector_cap2_top10,2013-11-30,0.008373410461619827,13635.447939002532,1642057.7021091115,1628422.254170109,10,True
hzz_sector_cap2_top10,2013-12-31,0.002319937997628535,3809.4720574215257,1645867.174166533,1642057.7021091115,10,True
hzz_sector_cap2_top10,2014-01-31,0.04950136737769569,81472.6756433074,1727339.8498098403,1645867.174166533,10,True
hzz_sector_cap2_top10,2014-02-28,0.02369923852885522,40936.63912104036,1768276.4889308808,1727339.8498098403,10,True
hzz_sector_cap2_top10,2014-03-31,0.0025900079858279467,4579.850227482784,1772856.3391583636,1768276.4889308808,10,True
hzz_sector_cap2_top10,2014-04-30,0.03746851857861605,66426.30068097239,1839282.639839336,1772856.3391583636,10,True
hzz_sector_cap2_top10,2014-05-31,0.023664649174577893,43525.97840468939,1882808.6182440254,1839282.639839336,10,True
hzz_sector_cap2_top10,2014-06-30,-0.0021154815280577917,-3983.04685276325,1878825.571391262,1882808.6182440254,10,True
hzz_sector_cap2_top10,2014-07-31,0.042069599736039735,79041.43976226654,1957867.0111535287,1878825.571391262,10,True
hzz_sector_cap2_top10,2014-08-31,0.0063296863359253025,12392.684068057402,1970259.6952215862,1957867.0111535287,10,True
hzz_sector_cap2_top10,2014-09-30,-0.008478896192202235,-16705.62742746384,1953554.0677941223,1970259.6952215862,10,True
hzz_sector_cap2_top10,2014-10-31,0.010794545759490693,21087.728778442837,1974641.796572565,1953554.0677941223,10,True
hzz_sector_cap2_top10,2014-11-30,-0.008835351316024675,-17446.653996024743,1957195.1425765404,1974641.796572565,10,True
hzz_sector_cap2_top10,2014-12-31,0.005248540878643889,10272.418713296227,1967467.5612898367,1957195.1425765404,10,True
hzz_sector_cap2_top10,2015-01-31,0.019234999359135307,37844.237280529516,2005311.798570366,1967467.5612898367,10,True
hzz_sector_cap2_top10,2015-02-28,0.009503778098807135,19058.038352532592,2024369.8369228987,2005311.798570366,10,True
hzz_sector_cap2_top10,2015-03-31,-0.006642411245711481,-13446.696970255778,2010923.1399526428,2024369.8369228987,10,True
hzz_sector_cap2_top10,2015-04-30,0.019381491352693268,38974.68944792294,2049897.8294005657,2010923.1399526428,10,True
hzz_sector_cap2_top10,2015-05-31,-0.0074637957439125414,-15300.0186945355,2034597.81070603,2049897.8294005657,10,True
hzz_sector_cap2_top10,2015-06-30,0.013999768342067533,28483.898019162192,2063081.7087251924,2034597.81070603,10,True
hzz_sector_cap2_top10,2015-07-31,-0.02362785868879442,-48746.20307719537,2014335.505647997,2063081.7087251924,10,True
hzz_sector_cap2_top10,2015-08-31,0.002034301723312164,4097.766190468599,2018433.2718384655,2014335.505647997,10,False
hzz_sector_cap2_top10,2015-09-30,0.039810471936784546,80354.78112479745,2098788.052963263,2018433.2718384655,10,False
hzz_sector_cap2_top10,2015-10-31,0.011676886429153514,24507.30973331625,2123295.362696579,2098788.052963263,10,True
hzz_sector_cap2_top10,2015-11-30,-0.014454821551597751,-30691.85556911408,2092603.5071274652,2123295.362696579,10,True
hzz_sector_cap2_top10,2015-12-31,-0.013379776983006533,-27998.56823922281,2064604.9388882425,2092603.5071274652,10,False
hzz_sector_cap2_top10,2016-01-31,0.009837924908535781,20311.428354574633,2084916.367242817,2064604.9388882425,10,False
hzz_sector_cap2_top10,2016-02-29,0.029930594002518546,62402.785317150614,2147319.1525599677,2084916.367242817,10,False
hzz_sector_cap2_top10,2016-03-31,-0.01083793739045228,-23272.51053276398,2124046.642027204,2147319.1525599677,10,True
hzz_sector_cap2_top10,2016-04-30,0.024633995912807786,52323.756298311244,2176370.398325515,2124046.642027204,10,True
hzz_sector_cap2_top10,2016-05-31,0.014308629301856534,31140.87725317364,2207511.275578689,2176370.398325515,10,True
hzz_sector_cap2_top10,2016-06-30,0.011070494244857149,24438.24087175114,2231949.51645044,2207511.275578689,10,True
hzz_sector_cap2_top10,2016-07-31,0.003112546250501555,6947.046098736576,2238896.5625491766,2231949.51645044,10,True
hzz_sector_cap2_top10,2016-08-31,0.005954150518967203,13330.727129816067,2252227.2896789927,2238896.5625491766,10,True
hzz_sector_cap2_top10,2016-09-30,-0.01275013258750186,-28716.196560597116,2223511.0931183957,2252227.2896789927,10,True
hzz_sector_cap2_top10,2016-10-31,0.014641345200083873,32555.19347056227,2256066.286588958,2223511.0931183957,10,True
hzz_sector_cap2_top10,2016-11-30,-0.004017074900112066,-9062.78725284554,2247003.4993361123,2256066.286588958,10,True
hzz_sector_cap2_top10,2016-12-31,0.01988225488165384,44675.49629376868,2291678.995629881,2247003.4993361123,10,True
hzz_sector_cap2_top10,2017-01-31,0.015711963551966586,36006.77685214408,2327685.772482025,2291678.995629881,10,True
hzz_sector_cap2_top10,2017-02-28,0.005077283898829328,11818.321494157091,2339504.093976182,2327685.772482025,10,True
hzz_sector_cap2_top10,2017-03-31,0.0018070541115201883,4227.610491937972,2343731.70446812,2339504.093976182,10,True
hzz_sector_cap2_top10,2017-04-30,0.018132945299911694,42498.75879478922,2386230.463262909,2343731.70446812,10,True
hzz_sector_cap2_top10,2017-05-31,0.008051157538113333,19211.917381974843,2405442.380644884,2386230.463262909,10,True
hzz_sector_cap2_top10,2017-06-30,0.004364089692370789,10497.56629896419,2415939.946943848,2405442.380644884,10,True
hzz_sector_cap2_top10,2017-07-31,0.011141462106958478,26917.103371562156,2442857.05031541,2415939.946943848,10,True
hzz_sector_cap2_top10,2017-08-31,0.005182761971987423,12660.746623376073,2455517.796938786,2442857.05031541,10,True
hzz_sector_cap2_top10,2017-09-30,0.004934330890488866,12116.337317580217,2467634.134256366,2455517.796938786,10,True
hzz_sector_cap2_top10,2017-10-31,0.014003373943319788,34555.20353729208,2502189.3377936585,2467634.134256366,10,True
hzz_sector_cap2_top10,2017-11-30,-0.004846014912357387,-12125.646844489724,2490063.690949169,2502189.3377936585,10,True
hzz_sector_cap2_top10,2017-12-31,0.04163225198053173,103666.95902916869,2593730.649978338,2490063.690949169,10,True
hzz_sector_cap2_top10,2018-01-31,-0.006750504721132986,-17508.990998026096,2576221.658980312,2593730.649978338,10,True
hzz_sector_cap2_top10,2018-02-28,-0.010857845901930008,-27972.217782422704,2548249.441197889,2576221.658980312,10,True
hzz_sector_cap2_top10,2018-03-31,-0.006162351680223004,-15703.20922559314,2532546.231972296,2548249.441197889,10,True
hzz_sector_cap2_top10,2018-04-30,0.03263992987444797,82662.13141537318,2615208.363387669,2532546.231972296,10,True
hzz_sector_cap2_top10,2018-05-31,-0.01593676820188112,-41677.96948693017,2573530.393900739,2615208.363387669,10,True
hzz_sector_cap2_top10,2018-06-30,0.008256008424113911,21247.088611757692,2594777.482512497,2573530.393900739,10,True
hzz_sector_cap2_top10,2018-07-31,0.0213690798391693,55448.007188688265,2650225.4897011854,2594777.482512497,10,True
hzz_sector_cap2_top10,2018-08-31,0.0033780821409757247,8952.679396318219,2659178.1690975036,2650225.4897011854,10,True
hzz_sector_cap2_top10,2018-09-30,-0.05349260998775266,-142246.38068747896,2516931.7884100247,2659178.1690975036,10,True
hzz_sector_cap2_top10,2018-10-31,0.018827007441226156,47386.29350945419,2564318.0819194787,2516931.7884100247,10,False
hzz_sector_cap2_top10,2018-11-30,-0.035025399251423436,-89816.2646268741,2474501.8172926046,2564318.0819194787,10,True
hzz_sector_cap2_top10,2018-12-31,0.01754664095304298,43419.19492568569,2517921.0122182905,2474501.8172926046,10,False
hzz_sector_cap2_top10,2019-01-31,0.017977856837076082,45266.82348472613,2563187.8357030167,2517921.0122182905,10,False
hzz_sector_cap2_top10,2019-02-28,0.010998621598651628,28191.53309116432,2591379.368794181,2563187.8357030167,10,True
hzz_sector_cap2_top10,2019-03-31,0.007077877537349589,18341.46582513949,2609720.8346193205,2591379.368794181,10,True
hzz_sector_cap2_top10,2019-04-30,-0.01610671105983525,-42034.01943004549,2567686.815189275,2609720.8346193205,10,True
hzz_sector_cap2_top10,2019-05-31,0.029739823486255926,76362.55265171568,2644049.3678409904,2567686.815189275,10,False
hzz_sector_cap2_top10,2019-06-30,-0.00410806737387295,-10861.93294293697,2633187.4348980533,2644049.3678409904,10,True
hzz_sector_cap2_top10,2019-07-31,0.0023079267972603984,6077.203843210588,2639264.6387412637,2633187.4348980533,10,True
hzz_sector_cap2_top10,2019-08-31,-0.006740953499866016,-17791.160203595537,2621473.478537668,2639264.6387412637,10,True
hzz_sector_cap2_top10,2019-09-30,0.009960905271527527,26112.24899153546,2647585.7275292035,2621473.478537668,10,True
hzz_sector_cap2_top10,2019-10-31,0.005326664747596535,14102.801561069533,2661688.529090273,2647585.7275292035,10,True
hzz_sector_cap2_top10,2019-11-30,0.016804674120849645,44728.80834256567,2706417.337432839,2661688.529090273,10,True
hzz_sector_cap2_top10,2019-12-31,0.007996294446705143,21641.309925780726,2728058.6473586196,2706417.337432839,10,True
hzz_sector_cap2_top10,2020-01-31,-0.033264815594758794,-90748.36783607159,2637310.279522548,2728058.6473586196,10,True
hzz_sector_cap2_top10,2020-02-29,-0.02641066700525363,-69653.12358200239,2567657.1559405457,2637310.279522548,10,False
hzz_sector_cap2_top10,2020-03-31,0.07178136422762114,184309.93352222614,2751967.089462772,2567657.1559405457,10,False
hzz_sector_cap2_top10,2020-04-30,0.04231826540890559,116458.47368845902,2868425.563151231,2751967.089462772,10,False
hzz_sector_cap2_top10,2020-05-31,0.004035919994486343,11576.736083017802,2880002.2992342487,2868425.563151231,10,True
hzz_sector_cap2_top10,2020-06-30,0.0244059992816926,70289.33404638412,2950291.633280633,2880002.2992342487,10,True
hzz_sector_cap2_top10,2020-07-31,0.02903460716975823,85660.55860852759,3035952.191889161,2950291.633280633,10,True
hzz_sector_cap2_top10,2020-08-31,-0.0009626632368662533,-2922.599564015216,3033029.5923251454,3035952.191889161,10,True
hzz_sector_cap2_top10,2020-09-30,-0.0034121301353832578,-10349.091673481826,3022680.5006516636,3033029.5923251454,10,True
hzz_sector_cap2_top10,2020-10-31,0.017130875334568915,51781.162832896,3074461.66348456,3022680.5006516636,10,True
hzz_sector_cap2_top10,2020-11-30,0.016754601203897428,51511.37908835489,3125973.0425729146,3074461.66348456,10,True
hzz_sector_cap2_top10,2020-12-31,-0.002418335796868311,-7559.6525088994285,3118413.390064015,3125973.0425729146,10,True
hzz_sector_cap2_top10,2021-01-31,0.015819794002885156,49332.65744665147,3167746.0475106663,3118413.390064015,10,True
hzz_sector_cap2_top10,2021-02-28,4.4533286035623506e-05,141.0701408220083,3167887.117651488,3167746.0475106663,10,True
hzz_sector_cap2_top10,2021-03-31,0.010047327839029927,31828.80042808407,3199715.9180795723,3167887.117651488,10,True
hzz_sector_cap2_top10,2021-04-30,-6.3955407814809415e-06,-20.463913643231635,3199695.454165929,3199715.9180795723,10,True
hzz_sector_cap2_top10,2021-05-31,-0.001719440514331483,-5501.685997415173,3194193.7681685137,3199695.454165929,10,True
hzz_sector_cap2_top10,2021-06-30,0.0025995222761262676,8303.377854617755,3202497.1460231314,3194193.7681685137,10,True
hzz_sector_cap2_top10,2021-07-31,0.0027091852315363147,8676.157972043064,3211173.3039951744,3202497.1460231314,10,True
hzz_sector_cap2_top10,2021-08-31,-0.023358891752030025,-75009.44960503188,3136163.8543901425,3211173.3039951744,10,True
hzz_sector_cap2_top10,2021-09-30,0.02075676714511055,65096.622854488574,3201260.477244631,3136163.8543901425,10,True
hzz_sector_cap2_top10,2021-10-31,-0.005346806616203718,-17116.520699923065,3184143.956544708,3201260.477244631,10,True
hzz_sector_cap2_top10,2021-11-30,0.008654388268452091,27556.818102583147,3211700.7746472913,3184143.956544708,10,True
hzz_sector_cap2_top10,2021-12-31,-0.007180586214508142,-23061.89430755746,3188638.880339734,3211700.7746472913,10,True
hzz_sector_cap2_top10,2022-01-31,0.0024696049941995138,7874.678503585753,3196513.55884332,3188638.880339734,10,True
hzz_sector_cap2_top10,2022-02-28,0.0004938002581414254,1578.4392205093977,3198091.9980638293,3196513.55884332,10,False
hzz_sector_cap2_top10,2022-03-31,-0.01649078170043283,-52739.036997971656,3145352.9610658577,3198091.9980638293,10,True
hzz_sector_cap2_top10,2022-04-30,0.014365066219522861,45183.203569483354,3190536.164635341,3145352.9610658577,10,False
hzz_sector_cap2_top10,2022-05-31,-0.03798796683384026,-121201.98200433525,3069334.182631006,3190536.164635341,10,False
hzz_sector_cap2_top10,2022-06-30,0.0166730341898793,51175.113767172,3120509.296398178,3069334.182631006,10,False
hzz_sector_cap2_top10,2022-07-31,0.0024321429821732104,7589.524786041091,3128098.8211842193,3120509.296398178,10,False
hzz_sector_cap2_top10,2022-08-31,-0.021604339998184396,-67580.51048078369,3060518.3107034354,3128098.8211842193,10,False
hzz_sector_cap2_top10,2022-09-30,0.042584828586554914,130331.64764731842,3190849.958350754,3060518.3107034354,10,False
hzz_sector_cap2_top10,2022-10-31,0.018331191720976678,58492.08233939812,3249342.040690152,3190849.958350754,10,False
hzz_sector_cap2_top10,2022-11-30,-0.023677158329144438,-76935.18596296602,3172406.854727186,3249342.040690152,10,True
hzz_sector_cap2_top10,2022-12-31,0.0020413407185879123,6475.963288482012,3178882.8180156676,3172406.854727186,10,False
hzz_sector_cap2_top10,2023-01-31,-0.000574038335164056,-1824.8006005353368,3177058.0174151324,3178882.8180156676,10,True
hzz_sector_cap2_top10,2023-02-28,-0.006264041424875594,-19901.223030321515,3157156.794384811,3177058.0174151324,10,True
hzz_sector_cap2_top10,2023-03-31,-0.00937726409925524,-29605.493063704445,3127551.3013211065,3157156.794384811,10,True
hzz_sector_cap2_top10,2023-04-30,0.0332827567651944,104093.5292325376,3231644.8305536443,3127551.3013211065,10,True
hzz_sector_cap2_top10,2023-05-31,0.023494229663682663,75925.00584048017,3307569.8363941247,3231644.8305536443,10,True
hzz_sector_cap2_top10,2023-06-30,0.021433288021278807,70892.0969539293,3378461.933348054,3307569.8363941247,10,True
hzz_sector_cap2_top10,2023-07-31,-0.002120698926933766,-7164.7005967377945,3371297.2327513164,3378461.933348054,10,True
hzz_sector_cap2_top10,2023-08-31,-0.012774002547420405,-43064.95943927668,3328232.2733120397,3371297.2327513164,10,True
hzz_sector_cap2_top10,2023-09-30,-0.012043330318831298,-40083.0006452917,3288149.272666748,3328232.2733120397,10,True
hzz_sector_cap2_top10,2023-10-31,0.019210616324400815,63167.3740945585,3351316.6467613066,3288149.272666748,10,False
hzz_sector_cap2_top10,2023-11-30,0.016734963076078732,56084.16033979846,3407400.807101105,3351316.6467613066,10,True
hzz_sector_cap2_top10,2023-12-31,0.01621464816359806,55249.80523950448,3462650.6123406095,3407400.807101105,10,True
hzz_sector_cap2_top10,2024-01-31,0.049604646952739695,171763.56114584385,3634414.1734864535,3462650.6123406095,10,True
hzz_sector_cap2_top10,2024-02-29,0.016790876808935852,61025.000659661455,3695439.174146115,3634414.1734864535,10,True
hzz_sector_cap2_top10,2024-03-31,-0.014527987639430352,-53687.29464426146,3641751.8795018536,3695439.174146115,10,True
hzz_sector_cap2_top10,2024-04-30,0.026018276865437107,94752.10867610518,3736503.988177959,3641751.8795018536,10,True
hzz_sector_cap2_top10,2024-05-31,0.0059979968218266365,22411.53904583395,3758915.527223793,3736503.988177959,10,True
hzz_sector_cap2_top10,2024-06-30,0.00033853610909198725,1272.5286369917987,3760188.055860785,3758915.527223793,10,True
hzz_sector_cap2_top10,2024-07-31,-0.003837822996485301,-14430.936191891875,3745757.119668893,3760188.055860785,10,True
hzz_sector_cap2_top10,2024-08-31,0.027970787152362158,104771.77511870375,3850528.894787597,3745757.119668893,10,True
hzz_sector_cap2_top10,2024-09-30,-0.011546960163942245,-44461.90375822094,3806066.991029376,3850528.894787597,10,True
hzz_sector_cap2_top10,2024-10-31,0.04000474155611523,152260.72632139132,3958327.7173507675,3806066.991029376,10,True
hzz_sector_cap2_top10,2024-11-30,-0.028110332322543643,-111269.90757626567,3847057.8097745017,3958327.7173507675,10,True
hzz_sector_cap2_top10,2024-12-31,0.013360433038240157,51398.35826173107,3898456.1680362327,3847057.8097745017,10,True
hzz_sector_cap2_top10,2025-01-31,-0.007419488318800512,-28924.550000100637,3869531.618036132,3898456.1680362327,10,True
hzz_sector_cap2_top10,2025-02-28,-0.007878041125230719,-30484.329222269214,3839047.2888138625,3869531.618036132,10,True
hzz_sector_cap2_top10,2025-03-31,-0.0040793738150962065,-15660.908984903355,3823386.3798289592,3839047.2888138625,10,False
hzz_sector_cap2_top10,2025-04-30,0.014393505472561914,55031.93278178681,3878418.312610746,3823386.3798289592,10,False
hzz_sector_cap2_top10,2025-05-31,0.007566140499706858,29344.6578698489,3907762.970480595,3878418.312610746,10,True
hzz_sector_cap2_top10,2025-06-30,0.0036426270521034603,14234.52310948079,3921997.4935900755,3907762.970480595,10,True
hzz_sector_cap2_top10,2025-07-31,0.014379688172182778,56397.10096990771,3978394.5945599834,3921997.4935900755,10,True
hzz_sector_cap2_top10,2025-08-31,0.025844975437900788,102821.51057868003,4081216.105138663,3978394.5945599834,10,True
hzz_sector_cap2_top10,2025-09-30,0.00709016839883613,28936.509457475222,4110152.6145961382,4081216.105138663,10,True
hzz_sector_cap2_top10,2025-10-31,-0.0015518619775397099,-6378.389564477172,4103774.225031661,4110152.6145961382,10,True
hzz_sector_cap2_top10,2025-11-30,-0.005733720216246999,-23529.893236977394,4080244.3317946834,4103774.225031661,10,True
hzz_sector_cap2_top10,2025-12-31,0.002897941414648345,11824.309030991975,4092068.6408256753,4080244.3317946834,10,True
hzz_sector_cap2_top10,2026-01-31,0.027697739225558272,113341.05010667423,4205409.690932349,4092068.6408256753,10,True
hzz_sector_cap2_top10,2026-02-28,-0.019306867240023708,-81193.28659274,4124216.404339609,4205409.690932349,10,True
hzz_sector_cap2_top10,2026-03-31,0.035579263236521066,146736.58109437735,4270952.985433986,4124216.404339609,10,False
hzz_sector_cap2_top10,2026-04-30,0.011556165181351111,49355.83818145981,4320308.823615447,4270952.985433986,10,True
hzz_sector_cap2_top10,2026-05-31,0.0,0.0,4320308.823615447,4320308.823615447,0,True
hzz_vol_penalty_top10,2006-06-30,0.0,0.0,1000000.0,1000000.0,0,False
hzz_vol_penalty_top10,2006-07-31,0.0,0.0,1000000.0,1000000.0,0,False
hzz_vol_penalty_top10,2006-08-31,0.0,0.0,1000000.0,1000000.0,0,False
hzz_vol_penalty_top10,2006-09-30,0.0,0.0,1000000.0,1000000.0,0,False
hzz_vol_penalty_top10,2006-10-31,0.0,0.0,1000000.0,1000000.0,0,False
hzz_vol_penalty_top10,2006-11-30,0.0,0.0,1000000.0,1000000.0,0,False
hzz_vol_penalty_top10,2006-12-31,0.0,0.0,1000000.0,1000000.0,0,False
hzz_vol_penalty_top10,2007-01-31,0.0,0.0,1000000.0,1000000.0,0,False
hzz_vol_penalty_top10,2007-02-28,0.0,0.0,1000000.0,1000000.0,0,False
hzz_vol_penalty_top10,2007-03-31,0.0,0.0,1000000.0,1000000.0,0,True
hzz_vol_penalty_top10,2007-04-30,0.0,0.0,1000000.0,1000000.0,0,True
hzz_vol_penalty_top10,2007-05-31,0.0,0.0,1000000.0,1000000.0,0,True
hzz_vol_penalty_top10,2007-06-30,0.0,0.0,1000000.0,1000000.0,0,True
hzz_vol_penalty_top10,2007-07-31,0.0,0.0,1000000.0,1000000.0,0,True
hzz_vol_penalty_top10,2007-08-31,0.0,0.0,1000000.0,1000000.0,0,True
hzz_vol_penalty_top10,2007-09-30,0.0,0.0,1000000.0,1000000.0,0,True
hzz_vol_penalty_top10,2007-10-31,0.0,0.0,1000000.0,1000000.0,0,True
hzz_vol_penalty_top10,2007-11-30,0.0,0.0,1000000.0,1000000.0,0,False
hzz_vol_penalty_top10,2007-12-31,0.0,0.0,1000000.0,1000000.0,0,False
hzz_vol_penalty_top10,2008-01-31,0.0,0.0,1000000.0,1000000.0,0,False
hzz_vol_penalty_top10,2008-02-29,0.0,0.0,1000000.0,1000000.0,0,False
hzz_vol_penalty_top10,2008-03-31,0.0,0.0,1000000.0,1000000.0,0,False
hzz_vol_penalty_top10,2008-04-30,0.0,0.0,1000000.0,1000000.0,0,False
hzz_vol_penalty_top10,2008-05-31,0.0,0.0,1000000.0,1000000.0,0,False
hzz_vol_penalty_top10,2008-06-30,0.0,0.0,1000000.0,1000000.0,0,False
hzz_vol_penalty_top10,2008-07-31,0.0,0.0,1000000.0,1000000.0,0,False
hzz_vol_penalty_top10,2008-08-31,0.0,0.0,1000000.0,1000000.0,0,False
hzz_vol_penalty_top10,2008-09-30,0.0,0.0,1000000.0,1000000.0,0,False
hzz_vol_penalty_top10,2008-10-31,0.0,0.0,1000000.0,1000000.0,0,False
hzz_vol_penalty_top10,2008-11-30,0.0,0.0,1000000.0,1000000.0,0,False
hzz_vol_penalty_top10,2008-12-31,0.0,0.0,1000000.0,1000000.0,0,False
hzz_vol_penalty_top10,2009-01-31,0.0,0.0,1000000.0,1000000.0,0,False
hzz_vol_penalty_top10,2009-02-28,0.0,0.0,1000000.0,1000000.0,0,False
hzz_vol_penalty_top10,2009-03-31,0.0,0.0,1000000.0,1000000.0,0,False
hzz_vol_penalty_top10,2009-04-30,0.0,0.0,1000000.0,1000000.0,0,False
hzz_vol_penalty_top10,2009-05-31,0.0,0.0,1000000.0,1000000.0,0,False
hzz_vol_penalty_top10,2009-06-30,0.0,0.0,1000000.0,1000000.0,0,True
hzz_vol_penalty_top10,2009-07-31,0.0,0.0,1000000.0,1000000.0,0,True
hzz_vol_penalty_top10,2009-08-31,0.0,0.0,1000000.0,1000000.0,0,True
hzz_vol_penalty_top10,2009-09-30,0.0,0.0,1000000.0,1000000.0,0,True
hzz_vol_penalty_top10,2009-10-31,0.0,0.0,1000000.0,1000000.0,0,True
hzz_vol_penalty_top10,2009-11-30,0.0,0.0,1000000.0,1000000.0,0,True
hzz_vol_penalty_top10,2009-12-31,0.0,0.0,1000000.0,1000000.0,0,True
hzz_vol_penalty_top10,2010-01-31,0.0,0.0,1000000.0,1000000.0,0,True
hzz_vol_penalty_top10,2010-02-28,0.0,0.0,1000000.0,1000000.0,0,True
hzz_vol_penalty_top10,2010-03-31,0.0,0.0,1000000.0,1000000.0,0,True
hzz_vol_penalty_top10,2010-04-30,0.0,0.0,1000000.0,1000000.0,0,True
hzz_vol_penalty_top10,2010-05-31,0.0,0.0,1000000.0,1000000.0,0,False
hzz_vol_penalty_top10,2010-06-30,0.0,0.0,1000000.0,1000000.0,0,False
hzz_vol_penalty_top10,2010-07-31,0.0,0.0,1000000.0,1000000.0,0,True
hzz_vol_penalty_top10,2010-08-31,0.0,0.0,1000000.0,1000000.0,0,False
hzz_vol_penalty_top10,2010-09-30,0.0,0.0,1000000.0,1000000.0,0,True
hzz_vol_penalty_top10,2010-10-31,0.0,0.0,1000000.0,1000000.0,0,True
hzz_vol_penalty_top10,2010-11-30,-0.01950869546072229,-19508.69546072229,980491.3045392777,1000000.0,10,True
hzz_vol_penalty_top10,2010-12-31,0.0028124557985746727,2757.588454903537,983248.8929941813,980491.3045392777,9,True
hzz_vol_penalty_top10,2011-01-31,0.04477910538160331,44029.00579573124,1027277.8987899125,983248.8929941813,9,True
hzz_vol_penalty_top10,2011-02-28,0.021473155298967185,22058.897855912484,1049336.796645825,1027277.8987899125,10,True
hzz_vol_penalty_top10,2011-03-31,0.01183433039498321,12418.198347120002,1061754.994992945,1049336.796645825,10,True
hzz_vol_penalty_top10,2011-04-30,-0.007870479605178659,-8356.521033788544,1053398.4739591565,1061754.994992945,10,True
hzz_vol_penalty_top10,2011-05-31,-0.027297701473572397,-28755.357074853782,1024643.1168843028,1053398.4739591565,10,True
hzz_vol_penalty_top10,2011-06-30,-0.012510275317801647,-12818.567494713041,1011824.5493895898,1024643.1168843028,10,True
hzz_vol_penalty_top10,2011-07-31,-0.09030921862363335,-91377.08443958376,920447.464950006,1011824.5493895898,10,True
hzz_vol_penalty_top10,2011-08-31,-0.03931277078389368,-36185.3402081956,884262.1247418104,920447.464950006,9,False
hzz_vol_penalty_top10,2011-09-30,0.10750418629514712,95061.8801919862,979324.0049337966,884262.1247418104,8,False
hzz_vol_penalty_top10,2011-10-31,0.05482564669839149,53692.07189775413,1033016.0768315507,979324.0049337966,9,False
hzz_vol_penalty_top10,2011-11-30,0.012090802463603188,12489.993326696613,1045506.0701582473,1033016.0768315507,10,False
hzz_vol_penalty_top10,2011-12-31,0.024986166688503956,26123.188942816676,1071629.259101064,1045506.0701582473,10,False
hzz_vol_penalty_top10,2012-01-31,0.04365553805401245,46782.551900479666,1118411.8110015437,1071629.259101064,10,True
hzz_vol_penalty_top10,2012-02-29,0.03679549554665897,41152.5168110381,1159564.3278125818,1118411.8110015437,10,True
hzz_vol_penalty_top10,2012-03-31,0.03367263575464765,39045.58724451591,1198609.9150570978,1159564.3278125818,10,True
hzz_vol_penalty_top10,2012-04-30,-0.013394295852018323,-16054.53581343732,1182555.3792436605,1198609.9150570978,10,True
hzz_vol_penalty_top10,2012-05-31,0.03886529529086647,45960.36401210745,1228515.743255768,1182555.3792436605,10,True
hzz_vol_penalty_top10,2012-06-30,0.011845746916494756,14552.686577537277,1243068.4298333053,1228515.743255768,10,True
hzz_vol_penalty_top10,2012-07-31,0.008160825950691062,10144.46510066843,1253212.8949339737,1243068.4298333053,10,True
hzz_vol_penalty_top10,2012-08-31,0.005694443152667134,7136.349588390923,1260349.2445223646,1253212.8949339737,10,True
hzz_vol_penalty_top10,2012-09-30,-0.009413607730068095,-11864.433390821216,1248484.8111315432,1260349.2445223646,10,True
hzz_vol_penalty_top10,2012-10-31,0.023938697974676956,29887.100819649615,1278371.911951193,1248484.8111315432,10,True
hzz_vol_penalty_top10,2012-11-30,-0.010871112478170044,-13897.32484375471,1264474.5871074381,1278371.911951193,10,True
hzz_vol_penalty_top10,2012-12-31,0.0067568931231597506,8543.919642036513,1273018.5067494747,1264474.5871074381,10,True
hzz_vol_penalty_top10,2013-01-31,-0.0055841371990127155,-7108.709998571361,1265909.7967509034,1273018.5067494747,10,True
hzz_vol_penalty_top10,2013-02-28,0.057574039064065566,72883.54008971981,1338793.336840623,1265909.7967509034,10,True
hzz_vol_penalty_top10,2013-03-31,0.0390016674991687,52215.17257356054,1391008.5094141837,1338793.336840623,10,True
hzz_vol_penalty_top10,2013-04-30,0.037918042199005325,52744.31935914251,1443752.8287733262,1391008.5094141837,10,True
hzz_vol_penalty_top10,2013-05-31,-0.0418978155556514,-60490.08972789478,1383262.7390454314,1443752.8287733262,10,True
hzz_vol_penalty_top10,2013-06-30,0.06217494540383576,86004.28527931,1469267.0243247414,1383262.7390454314,10,True
hzz_vol_penalty_top10,2013-07-31,-0.03406464571739302,-50050.06064787059,1419216.9636768708,1469267.0243247414,10,True
hzz_vol_penalty_top10,2013-08-31,0.01456298473109825,20668.03497214189,1439884.9986490128,1419216.9636768708,10,True
hzz_vol_penalty_top10,2013-09-30,0.02310039595783352,33261.91360253678,1473146.9122515495,1439884.9986490128,10,True
hzz_vol_penalty_top10,2013-10-31,0.050565724826639416,74490.74139412538,1547637.653645675,1473146.9122515495,10,True
hzz_vol_penalty_top10,2013-11-30,0.020418742812934123,31600.815217403855,1579238.4688630789,1547637.653645675,10,True
hzz_vol_penalty_top10,2013-12-31,0.0005117592182269592,808.1898442193092,1580046.658707298,1579238.4688630789,10,True
hzz_vol_penalty_top10,2014-01-31,0.04126620842720904,65202.534742930584,1645249.1934502288,1580046.658707298,10,True
hzz_vol_penalty_top10,2014-02-28,-0.002761265069187923,-4542.969127983721,1640706.224322245,1645249.1934502288,10,True
hzz_vol_penalty_top10,2014-03-31,-0.004783788925031167,-7848.792265142457,1632857.4320571024,1640706.224322245,10,True
hzz_vol_penalty_top10,2014-04-30,0.05594453322961669,91349.44686694515,1724206.8789240476,1632857.4320571024,10,True
hzz_vol_penalty_top10,2014-05-31,0.021094570171487775,36371.40299762525,1760578.2819216729,1724206.8789240476,10,True
hzz_vol_penalty_top10,2014-06-30,-0.006795712676830528,-11964.384149007623,1748613.8977726651,1760578.2819216729,10,True
hzz_vol_penalty_top10,2014-07-31,0.04214350811305463,73692.7239873824,1822306.6217600475,1748613.8977726651,10,True
hzz_vol_penalty_top10,2014-08-31,-0.000774892783178294,-1412.092249939878,1820894.5295101076,1822306.6217600475,10,True
hzz_vol_penalty_top10,2014-09-30,0.010900588125926732,19848.82128694282,1840743.3507970504,1820894.5295101076,10,True
hzz_vol_penalty_top10,2014-10-31,0.010481726041274668,19294.167515352634,1860037.518312403,1840743.3507970504,10,True
hzz_vol_penalty_top10,2014-11-30,-0.019620532949496994,-36494.92741534912,1823542.590897054,1860037.518312403,10,True
hzz_vol_penalty_top10,2014-12-31,-0.006103963801349883,-11130.837965055396,1812411.7529319986,1823542.590897054,10,True
hzz_vol_penalty_top10,2015-01-31,0.02472422069075397,44810.46816200699,1857222.2210940055,1812411.7529319986,10,True
hzz_vol_penalty_top10,2015-02-28,0.018162460591041176,33731.725399425835,1890953.9464934315,1857222.2210940055,10,True
hzz_vol_penalty_top10,2015-03-31,-0.010343726707955565,-19559.510839858085,1871394.4356535734,1890953.9464934315,10,True
hzz_vol_penalty_top10,2015-04-30,0.0016356080368808245,3060.8677791290397,1874455.3034327023,1871394.4356535734,10,True
hzz_vol_penalty_top10,2015-05-31,-0.011447133919148368,-21457.140883852033,1852998.1625488503,1874455.3034327023,10,True
hzz_vol_penalty_top10,2015-06-30,0.018504771761178273,34289.30807184919,1887287.4706206995,1852998.1625488503,10,True
hzz_vol_penalty_top10,2015-07-31,-0.02408566860638208,-45456.580582347226,1841830.8900383522,1887287.4706206995,10,True
hzz_vol_penalty_top10,2015-08-31,0.005343988120686806,9842.72239667896,1851673.6124350312,1841830.8900383522,10,False
hzz_vol_penalty_top10,2015-09-30,0.05229289637784654,96829.37634065785,1948502.9887756892,1851673.6124350312,10,False
hzz_vol_penalty_top10,2015-10-31,0.0013631807873555643,2656.1618384039143,1951159.150614093,1948502.9887756892,10,True
hzz_vol_penalty_top10,2015-11-30,-0.010899372724860832,-21266.410828065873,1929892.7397860272,1951159.150614093,10,True
hzz_vol_penalty_top10,2015-12-31,0.005995903843550817,11571.451296123858,1941464.1910821511,1929892.7397860272,10,False
hzz_vol_penalty_top10,2016-01-31,0.013978149437100944,27138.07658972661,1968602.2676718778,1941464.1910821511,10,False
hzz_vol_penalty_top10,2016-02-29,0.020437121202608727,40232.56314414056,2008834.8308160184,1968602.2676718778,10,False
hzz_vol_penalty_top10,2016-03-31,-0.00617412351044166,-12402.794357535275,1996432.0364584832,2008834.8308160184,10,True
hzz_vol_penalty_top10,2016-04-30,0.007800539071869911,15573.246104727212,2012005.2825632105,1996432.0364584832,10,True
hzz_vol_penalty_top10,2016-05-31,0.020173894673310495,40589.98265257453,2052595.265215785,2012005.2825632105,10,True
hzz_vol_penalty_top10,2016-06-30,0.0058869688741960595,12083.564437647532,2064678.8296534326,2052595.265215785,10,True
hzz_vol_penalty_top10,2016-07-31,0.001426466213328029,2945.1945918742786,2067624.0242453068,2064678.8296534326,10,True
hzz_vol_penalty_top10,2016-08-31,-0.004115334897022038,-8508.965300897853,2059115.058944409,2067624.0242453068,10,True
hzz_vol_penalty_top10,2016-09-30,-0.009803051942856932,-20185.611879150954,2038929.4470652582,2059115.058944409,10,True
hzz_vol_penalty_top10,2016-10-31,0.012834381925856448,26168.39924351083,2065097.846308769,2038929.4470652582,10,True
hzz_vol_penalty_top10,2016-11-30,-0.001854029875024571,-3828.7531019053577,2061269.0932068636,2065097.846308769,10,True
hzz_vol_penalty_top10,2016-12-31,0.005241524063130311,10804.191552630571,2072073.2847594942,2061269.0932068636,10,True
hzz_vol_penalty_top10,2017-01-31,0.022540485907534224,46705.53867449953,2118778.823433994,2072073.2847594942,10,True
hzz_vol_penalty_top10,2017-02-28,-0.0011041348582737972,-2339.4175559258156,2116439.405878068,2118778.823433994,10,True
hzz_vol_penalty_top10,2017-03-31,0.005346666316574302,11315.895282478794,2127755.301160547,2116439.405878068,10,True
hzz_vol_penalty_top10,2017-04-30,0.020703161524315238,44051.26168414482,2171806.562844692,2127755.301160547,10,True
hzz_vol_penalty_top10,2017-05-31,-0.0018255134780799996,-3964.6621522555824,2167841.9006924364,2171806.562844692,10,True
hzz_vol_penalty_top10,2017-06-30,-0.0007748130498471052,-1679.672194661852,2166162.2284977743,2167841.9006924364,10,True
hzz_vol_penalty_top10,2017-07-31,0.000670321796206459,1452.0257558812143,2167614.2542536557,2166162.2284977743,10,True
hzz_vol_penalty_top10,2017-08-31,0.009265304439195373,20083.605972399564,2187697.860226055,2167614.2542536557,10,True
hzz_vol_penalty_top10,2017-09-30,0.003880492044954603,8489.344143371414,2196187.2043694267,2187697.860226055,10,True
hzz_vol_penalty_top10,2017-10-31,0.025761746767182958,56577.61861229266,2252764.8229817194,2196187.2043694267,10,True
hzz_vol_penalty_top10,2017-11-30,0.002236396955586489,5038.076391768654,2257802.899373488,2252764.8229817194,10,True
hzz_vol_penalty_top10,2017-12-31,0.01622856442576097,36640.89981315256,2294443.7991866404,2257802.899373488,10,True
hzz_vol_penalty_top10,2018-01-31,-0.011904737363072843,-27314.750823648003,2267129.0483629922,2294443.7991866404,10,True
hzz_vol_penalty_top10,2018-02-28,-0.010729178986252136,-24324.43334481802,2242804.615018174,2267129.0483629922,10,True
hzz_vol_penalty_top10,2018-03-31,-0.004701146586701318,-10543.753260530653,2232260.8617576435,2242804.615018174,10,True
hzz_vol_penalty_top10,2018-04-30,0.03352287174982787,74831.79458086172,2307092.6563385054,2232260.8617576435,10,True
hzz_vol_penalty_top10,2018-05-31,-0.007631034565817273,-17605.503807062327,2289487.152531443,2307092.6563385054,10,True
hzz_vol_penalty_top10,2018-06-30,0.012103519164698172,27710.85162799457,2317198.004159438,2289487.152531443,10,True
hzz_vol_penalty_top10,2018-07-31,0.030090875676385638,69726.51706073058,2386924.5212201686,2317198.004159438,10,True
hzz_vol_penalty_top10,2018-08-31,-0.008579682891505028,-20479.05547802651,2366445.465742142,2386924.5212201686,10,True
hzz_vol_penalty_top10,2018-09-30,-0.056234485147417926,-133075.84239545098,2233369.623346691,2366445.465742142,10,True
hzz_vol_penalty_top10,2018-10-31,0.004629420138650673,10339.20631137184,2243708.8296580627,2233369.623346691,10,False
hzz_vol_penalty_top10,2018-11-30,-0.032767468871324444,-73520.65923213637,2170188.1704259263,2243708.8296580627,10,True
hzz_vol_penalty_top10,2018-12-31,0.01645808087491017,35717.132422643226,2205905.3028485696,2170188.1704259263,10,False
hzz_vol_penalty_top10,2019-01-31,0.017993969202922733,39692.992084021105,2245598.294932591,2205905.3028485696,10,False
hzz_vol_penalty_top10,2019-02-28,0.018100942460877973,40647.44552682051,2286245.7404594114,2245598.294932591,10,True
hzz_vol_penalty_top10,2019-03-31,0.016119401383376027,36852.91275149899,2323098.6532109105,2286245.7404594114,10,True
hzz_vol_penalty_top10,2019-04-30,-0.02571992528786453,-59749.92379692332,2263348.729413987,2323098.6532109105,10,True
hzz_vol_penalty_top10,2019-05-31,0.020068215483790956,45421.37001684436,2308770.0994308316,2263348.729413987,10,False
hzz_vol_penalty_top10,2019-06-30,0.0032634929503273023,7534.654943418984,2316304.754374251,2308770.0994308316,10,True
hzz_vol_penalty_top10,2019-07-31,0.011557891259060732,26771.59847390297,2343076.3528481536,2316304.754374251,10,True
hzz_vol_penalty_top10,2019-08-31,-0.017145407533722973,-40172.99895221088,2302903.3538959427,2343076.3528481536,10,True
hzz_vol_penalty_top10,2019-09-30,0.007090025335710553,16327.643124815038,2319230.9970207578,2302903.3538959427,10,True
hzz_vol_penalty_top10,2019-10-31,0.007537988236579119,17482.335973452133,2336713.33299421,2319230.9970207578,10,True
hzz_vol_penalty_top10,2019-11-30,0.012618966180829687,29486.906523347756,2366200.239517558,2336713.33299421,10,True
hzz_vol_penalty_top10,2019-12-31,0.01310586369118714,31011.097805171474,2397211.337322729,2366200.239517558,10,True
hzz_vol_penalty_top10,2020-01-31,-0.03546933265086197,-85027.48635791756,2312183.8509648116,2397211.337322729,10,True
hzz_vol_penalty_top10,2020-02-29,-0.04451208511292408,-102920.12437087425,2209263.7265939373,2312183.8509648116,10,False
hzz_vol_penalty_top10,2020-03-31,0.08337788778829526,184203.74309070033,2393467.4696846376,2209263.7265939373,10,False
hzz_vol_penalty_top10,2020-04-30,0.04095905616991956,98034.16853168831,2491501.638216326,2393467.4696846376,10,False
hzz_vol_penalty_top10,2020-05-31,0.0001504979824405979,374.9659697990015,2491876.604186125,2491501.638216326,10,True
hzz_vol_penalty_top10,2020-06-30,0.024936672469678126,62139.110713443166,2554015.7148995684,2491876.604186125,10,True
hzz_vol_penalty_top10,2020-07-31,0.01895125356745559,48401.799428328086,2602417.5143278963,2554015.7148995684,10,True
hzz_vol_penalty_top10,2020-08-31,-0.018480893449775323,-48095.000794123,2554322.5135337734,2602417.5143278963,10,True
hzz_vol_penalty_top10,2020-09-30,-1.003874759647914e-05,-25.642198993369725,2554296.87133478,2554322.5135337734,10,True
hzz_vol_penalty_top10,2020-10-31,0.013741296523314043,35099.35071758455,2589396.2220523646,2554296.87133478,10,True
hzz_vol_penalty_top10,2020-11-30,0.008201281088043877,21236.36626537032,2610632.588317735,2589396.2220523646,10,True
hzz_vol_penalty_top10,2020-12-31,-0.004237427837285102,-11062.367202661228,2599570.221115074,2610632.588317735,10,True
hzz_vol_penalty_top10,2021-01-31,0.002359372992866904,6133.355772759952,2605703.576887834,2599570.221115074,10,True
hzz_vol_penalty_top10,2021-02-28,-0.010627418290366829,-27691.901852292034,2578011.675035542,2605703.576887834,10,True
hzz_vol_penalty_top10,2021-03-31,0.024971509338345358,64376.84261751339,2642388.5176530555,2578011.675035542,10,True
hzz_vol_penalty_top10,2021-04-30,-0.0013329709148646284,-3522.2270398037826,2638866.2906132517,2642388.5176530555,10,True
hzz_vol_penalty_top10,2021-05-31,-0.0007239647638063764,-1910.4462108004316,2636955.8444024515,2638866.2906132517,10,True
hzz_vol_penalty_top10,2021-06-30,0.005120632870783952,13502.882775653046,2650458.7271781047,2636955.8444024515,10,True
hzz_vol_penalty_top10,2021-07-31,-0.0004998800047101278,-1324.9113210257901,2649133.815857079,2650458.7271781047,10,True
hzz_vol_penalty_top10,2021-08-31,-0.018736817858804294,-49636.337791313286,2599497.4780657655,2649133.815857079,10,True
hzz_vol_penalty_top10,2021-09-30,0.020672429125843435,53737.927378123284,2653235.4054438886,2599497.4780657655,10,True
hzz_vol_penalty_top10,2021-10-31,-0.00033794976147321043,-896.6602724020389,2652338.7451714864,2653235.4054438886,10,True
hzz_vol_penalty_top10,2021-11-30,0.013924167721453806,36931.609541878104,2689270.3547133645,2652338.7451714864,10,True
hzz_vol_penalty_top10,2021-12-31,-0.028768744961580824,-77366.93296748878,2611903.421745876,2689270.3547133645,10,True
hzz_vol_penalty_top10,2022-01-31,-0.022727156265957935,-59361.13721760875,2552542.284528267,2611903.421745876,10,True
hzz_vol_penalty_top10,2022-02-28,0.009084394991806893,23188.302345943914,2575730.586874211,2552542.284528267,10,False
hzz_vol_penalty_top10,2022-03-31,-0.015091605102864163,-38871.90886847415,2536858.6780057373,2575730.586874211,10,True
hzz_vol_penalty_top10,2022-04-30,0.037863538517481025,96054.44626807622,2632913.1242738133,2536858.6780057373,10,False
hzz_vol_penalty_top10,2022-05-31,-0.05249277825841149,-138208.9248061667,2494704.1994676464,2632913.1242738133,10,False
hzz_vol_penalty_top10,2022-06-30,0.008112487884261553,20238.2575929977,2514942.457060644,2494704.1994676464,10,False
hzz_vol_penalty_top10,2022-07-31,-0.010940605626661305,-27514.99359644709,2487427.463464197,2514942.457060644,10,False
hzz_vol_penalty_top10,2022-08-31,-0.023184344572868592,-57669.37541297044,2429758.0880512265,2487427.463464197,10,False
hzz_vol_penalty_top10,2022-09-30,0.049014278191262695,119092.83886521337,2548850.92691644,2429758.0880512265,10,False
hzz_vol_penalty_top10,2022-10-31,0.02895214342748978,73794.69761137504,2622645.6245278153,2548850.92691644,10,False
hzz_vol_penalty_top10,2022-11-30,-0.027208205213466882,-71357.48035435381,2551288.1441734615,2622645.6245278153,10,True
hzz_vol_penalty_top10,2022-12-31,0.016655933789585575,42494.086407507835,2593782.2305809692,2551288.1441734615,10,False
hzz_vol_penalty_top10,2023-01-31,-0.01306163119354174,-33879.02689221066,2559903.2036887584,2593782.2305809692,10,True
hzz_vol_penalty_top10,2023-02-28,0.008418094523637416,21549.50714001421,2581452.7108287727,2559903.2036887584,10,True
hzz_vol_penalty_top10,2023-03-31,0.0003088231226005003,797.2122870036679,2582249.9231157764,2581452.7108287727,10,True
hzz_vol_penalty_top10,2023-04-30,-0.018675675093838443,-48225.26057519954,2534024.662540577,2582249.9231157764,10,True
hzz_vol_penalty_top10,2023-05-31,0.0306460807185642,77657.92435105093,2611682.586891628,2534024.662540577,10,True
hzz_vol_penalty_top10,2023-06-30,0.01810284635349988,47278.88859461024,2658961.475486238,2611682.586891628,10,True
hzz_vol_penalty_top10,2023-07-31,-0.005951419205460136,-15824.594391787417,2643136.8810944506,2658961.475486238,10,True
hzz_vol_penalty_top10,2023-08-31,-0.021484730661514215,-56787.08399182899,2586349.7971026218,2643136.8810944506,10,True
hzz_vol_penalty_top10,2023-09-30,-0.01252420358433968,-32391.97139922886,2553957.8257033927,2586349.7971026218,10,True
hzz_vol_penalty_top10,2023-10-31,0.0368801065646161,94190.23677347635,2648148.062476869,2553957.8257033927,10,False
hzz_vol_penalty_top10,2023-11-30,0.017444517286846647,46195.664654007196,2694343.7271308764,2648148.062476869,10,True
hzz_vol_penalty_top10,2023-12-31,0.022319392882157802,60136.1162054114,2754479.843336288,2694343.7271308764,10,True
hzz_vol_penalty_top10,2024-01-31,0.03729719968904811,102734.3847563715,2857214.2280926593,2754479.843336288,10,True
hzz_vol_penalty_top10,2024-02-29,0.02299290624287116,65695.65886233201,2922909.886954991,2857214.2280926593,10,True
hzz_vol_penalty_top10,2024-03-31,-0.008483879402203052,-24797.6149844331,2898112.271970558,2922909.886954991,10,True
hzz_vol_penalty_top10,2024-04-30,0.037777746461743575,109484.15062817138,3007596.4225987294,2898112.271970558,10,True
hzz_vol_penalty_top10,2024-05-31,0.0015792787162419494,4749.833017255601,3012346.255615985,3007596.4225987294,10,True
hzz_vol_penalty_top10,2024-06-30,0.012883993691644648,38811.050154405726,3051157.3057703907,3012346.255615985,10,True
hzz_vol_penalty_top10,2024-07-31,0.019122055332741326,58344.39882983935,3109501.70460023,3051157.3057703907,10,True
hzz_vol_penalty_top10,2024-08-31,0.012279601308055405,38183.4411992095,3147685.1457994394,3109501.70460023,10,True
hzz_vol_penalty_top10,2024-09-30,-0.0014094073377137813,-4436.370541302404,3143248.775258137,3147685.1457994394,10,True
hzz_vol_penalty_top10,2024-10-31,0.03724762100330636,117078.53909992197,3260327.314358059,3143248.775258137,10,True
hzz_vol_penalty_top10,2024-11-30,-0.023744913863387965,-77416.19124588312,3182911.1231121756,3260327.314358059,10,True
hzz_vol_penalty_top10,2024-12-31,0.004141363424810748,13181.591709680062,3196092.7148218555,3182911.1231121756,10,True
hzz_vol_penalty_top10,2025-01-31,0.0012157297974509434,3885.5851488248104,3199978.2999706804,3196092.7148218555,10,True
hzz_vol_penalty_top10,2025-02-28,-0.012564262427481493,-40205.36712307772,3159772.9328476028,3199978.2999706804,10,True
hzz_vol_penalty_top10,2025-03-31,-0.005565973124501892,-17587.21122375828,3142185.7216238445,3159772.9328476028,10,False
hzz_vol_penalty_top10,2025-04-30,0.007587403885958505,23841.032154652086,3166026.7537784968,3142185.7216238445,10,False
hzz_vol_penalty_top10,2025-05-31,-0.003691371542644951,-11686.981062150515,3154339.772716346,3166026.7537784968,10,True
hzz_vol_penalty_top10,2025-06-30,-0.005711904309296015,-18017.28694076231,3136322.485775584,3154339.772716346,10,True
hzz_vol_penalty_top10,2025-07-31,0.008209421214374638,25747.392349846275,3162069.87812543,3136322.485775584,10,True
hzz_vol_penalty_top10,2025-08-31,0.01637469101211693,51777.91721302615,3213847.795338456,3162069.87812543,10,True
hzz_vol_penalty_top10,2025-09-30,-0.0064637965732904906,-20773.65836658591,3193074.13697187,3213847.795338456,10,True
hzz_vol_penalty_top10,2025-10-31,0.014114144301640898,45067.50913505845,3238141.6461069286,3193074.13697187,10,True
hzz_vol_penalty_top10,2025-11-30,-0.008513910253483413,-27569.247363021434,3210572.398743907,3238141.6461069286,10,True
hzz_vol_penalty_top10,2025-12-31,0.033526481829277616,107639.19718806785,3318211.5959319747,3210572.398743907,10,True
hzz_vol_penalty_top10,2026-01-31,0.02506234226594503,83162.15472807485,3401373.7506600497,3318211.5959319747,10,True
hzz_vol_penalty_top10,2026-02-28,-0.019618287953539343,-66729.12967805899,3334644.620981991,3401373.7506600497,10,True
hzz_vol_penalty_top10,2026-03-31,0.03707594836942685,123635.11179791525,3458279.732779906,3334644.620981991,10,False
hzz_vol_penalty_top10,2026-04-30,0.04360160460162509,150786.54551048315,3609066.278290389,3458279.732779906,10,True
hzz_vol_penalty_top10,2026-05-31,0.0,0.0,3609066.278290389,3609066.278290389,0,True
hzz_sector_cap2_vol_penalty_top10,2006-06-30,0.0,0.0,1000000.0,1000000.0,0,False
hzz_sector_cap2_vol_penalty_top10,2006-07-31,0.0,0.0,1000000.0,1000000.0,0,False
hzz_sector_cap2_vol_penalty_top10,2006-08-31,0.0,0.0,1000000.0,1000000.0,0,False
hzz_sector_cap2_vol_penalty_top10,2006-09-30,0.0,0.0,1000000.0,1000000.0,0,False
hzz_sector_cap2_vol_penalty_top10,2006-10-31,0.0,0.0,1000000.0,1000000.0,0,False
hzz_sector_cap2_vol_penalty_top10,2006-11-30,0.0,0.0,1000000.0,1000000.0,0,False
hzz_sector_cap2_vol_penalty_top10,2006-12-31,0.0,0.0,1000000.0,1000000.0,0,False
hzz_sector_cap2_vol_penalty_top10,2007-01-31,0.0,0.0,1000000.0,1000000.0,0,False
hzz_sector_cap2_vol_penalty_top10,2007-02-28,0.0,0.0,1000000.0,1000000.0,0,False
hzz_sector_cap2_vol_penalty_top10,2007-03-31,0.0,0.0,1000000.0,1000000.0,0,True
hzz_sector_cap2_vol_penalty_top10,2007-04-30,0.0,0.0,1000000.0,1000000.0,0,True
hzz_sector_cap2_vol_penalty_top10,2007-05-31,0.0,0.0,1000000.0,1000000.0,0,True
hzz_sector_cap2_vol_penalty_top10,2007-06-30,0.0,0.0,1000000.0,1000000.0,0,True
hzz_sector_cap2_vol_penalty_top10,2007-07-31,0.0,0.0,1000000.0,1000000.0,0,True
hzz_sector_cap2_vol_penalty_top10,2007-08-31,0.0,0.0,1000000.0,1000000.0,0,True
hzz_sector_cap2_vol_penalty_top10,2007-09-30,0.0,0.0,1000000.0,1000000.0,0,True
hzz_sector_cap2_vol_penalty_top10,2007-10-31,0.0,0.0,1000000.0,1000000.0,0,True
hzz_sector_cap2_vol_penalty_top10,2007-11-30,0.0,0.0,1000000.0,1000000.0,0,False
hzz_sector_cap2_vol_penalty_top10,2007-12-31,0.0,0.0,1000000.0,1000000.0,0,False
hzz_sector_cap2_vol_penalty_top10,2008-01-31,0.0,0.0,1000000.0,1000000.0,0,False
hzz_sector_cap2_vol_penalty_top10,2008-02-29,0.0,0.0,1000000.0,1000000.0,0,False
hzz_sector_cap2_vol_penalty_top10,2008-03-31,0.0,0.0,1000000.0,1000000.0,0,False
hzz_sector_cap2_vol_penalty_top10,2008-04-30,0.0,0.0,1000000.0,1000000.0,0,False
hzz_sector_cap2_vol_penalty_top10,2008-05-31,0.0,0.0,1000000.0,1000000.0,0,False
hzz_sector_cap2_vol_penalty_top10,2008-06-30,0.0,0.0,1000000.0,1000000.0,0,False
hzz_sector_cap2_vol_penalty_top10,2008-07-31,0.0,0.0,1000000.0,1000000.0,0,False
hzz_sector_cap2_vol_penalty_top10,2008-08-31,0.0,0.0,1000000.0,1000000.0,0,False
hzz_sector_cap2_vol_penalty_top10,2008-09-30,0.0,0.0,1000000.0,1000000.0,0,False
hzz_sector_cap2_vol_penalty_top10,2008-10-31,0.0,0.0,1000000.0,1000000.0,0,False
hzz_sector_cap2_vol_penalty_top10,2008-11-30,0.0,0.0,1000000.0,1000000.0,0,False
hzz_sector_cap2_vol_penalty_top10,2008-12-31,0.0,0.0,1000000.0,1000000.0,0,False
hzz_sector_cap2_vol_penalty_top10,2009-01-31,0.0,0.0,1000000.0,1000000.0,0,False
hzz_sector_cap2_vol_penalty_top10,2009-02-28,0.0,0.0,1000000.0,1000000.0,0,False
hzz_sector_cap2_vol_penalty_top10,2009-03-31,0.0,0.0,1000000.0,1000000.0,0,False
hzz_sector_cap2_vol_penalty_top10,2009-04-30,0.0,0.0,1000000.0,1000000.0,0,False
hzz_sector_cap2_vol_penalty_top10,2009-05-31,0.0,0.0,1000000.0,1000000.0,0,False
hzz_sector_cap2_vol_penalty_top10,2009-06-30,0.0,0.0,1000000.0,1000000.0,0,True
hzz_sector_cap2_vol_penalty_top10,2009-07-31,0.0,0.0,1000000.0,1000000.0,0,True
hzz_sector_cap2_vol_penalty_top10,2009-08-31,0.0,0.0,1000000.0,1000000.0,0,True
hzz_sector_cap2_vol_penalty_top10,2009-09-30,0.0,0.0,1000000.0,1000000.0,0,True
hzz_sector_cap2_vol_penalty_top10,2009-10-31,0.0,0.0,1000000.0,1000000.0,0,True
hzz_sector_cap2_vol_penalty_top10,2009-11-30,0.0,0.0,1000000.0,1000000.0,0,True
hzz_sector_cap2_vol_penalty_top10,2009-12-31,0.0,0.0,1000000.0,1000000.0,0,True
hzz_sector_cap2_vol_penalty_top10,2010-01-31,0.0,0.0,1000000.0,1000000.0,0,True
hzz_sector_cap2_vol_penalty_top10,2010-02-28,0.0,0.0,1000000.0,1000000.0,0,True
hzz_sector_cap2_vol_penalty_top10,2010-03-31,0.0,0.0,1000000.0,1000000.0,0,True
hzz_sector_cap2_vol_penalty_top10,2010-04-30,0.0,0.0,1000000.0,1000000.0,0,True
hzz_sector_cap2_vol_penalty_top10,2010-05-31,0.0,0.0,1000000.0,1000000.0,0,False
hzz_sector_cap2_vol_penalty_top10,2010-06-30,0.0,0.0,1000000.0,1000000.0,0,False
hzz_sector_cap2_vol_penalty_top10,2010-07-31,0.0,0.0,1000000.0,1000000.0,0,True
hzz_sector_cap2_vol_penalty_top10,2010-08-31,0.0,0.0,1000000.0,1000000.0,0,False
hzz_sector_cap2_vol_penalty_top10,2010-09-30,0.0,0.0,1000000.0,1000000.0,0,True
hzz_sector_cap2_vol_penalty_top10,2010-10-31,0.0,0.0,1000000.0,1000000.0,0,True
hzz_sector_cap2_vol_penalty_top10,2010-11-30,-0.02846968831202641,-28469.68831202641,971530.3116879736,1000000.0,10,True
hzz_sector_cap2_vol_penalty_top10,2010-12-31,0.003739130624980954,3632.6787415297936,975162.9904295034,971530.3116879736,9,True
hzz_sector_cap2_vol_penalty_top10,2011-01-31,0.0684111774303878,66712.04836182031,1041875.0387913237,975162.9904295034,9,True
hzz_sector_cap2_vol_penalty_top10,2011-02-28,0.037178032535721564,38734.86409034,1080609.9028816638,1041875.0387913237,10,True
hzz_sector_cap2_vol_penalty_top10,2011-03-31,0.018821136516742103,20338.30650347922,1100948.209385143,1080609.9028816638,10,True
hzz_sector_cap2_vol_penalty_top10,2011-04-30,-0.007590294404907103,-8356.521033788544,1092591.6883513543,1100948.209385143,10,True
hzz_sector_cap2_vol_penalty_top10,2011-05-31,-0.021158958823314984,-23118.102544522502,1069473.5858068317,1092591.6883513543,10,True
hzz_sector_cap2_vol_penalty_top10,2011-06-30,-0.009793217558686023,-10473.587499074367,1058999.9983077573,1069473.5858068317,10,True
hzz_sector_cap2_vol_penalty_top10,2011-07-31,-0.05380848509276304,-56983.185622179044,1002016.8126855782,1058999.9983077573,10,True
hzz_sector_cap2_vol_penalty_top10,2011-08-31,-0.054725640995274175,-54836.01236225985,947180.8003233185,1002016.8126855782,10,False
hzz_sector_cap2_vol_penalty_top10,2011-09-30,0.0927308125778187,87832.84527208997,1035013.6455954084,947180.8003233185,9,False
hzz_sector_cap2_vol_penalty_top10,2011-10-31,0.06098525839052241,63120.57461435256,1098134.220209761,1035013.6455954084,10,False
hzz_sector_cap2_vol_penalty_top10,2011-11-30,0.023654378620456315,25975.682620921238,1124109.9028306822,1098134.220209761,10,False
hzz_sector_cap2_vol_penalty_top10,2011-12-31,0.03432989379108209,38590.57357368093,1162700.476404363,1124109.9028306822,10,False
hzz_sector_cap2_vol_penalty_top10,2012-01-31,0.03213279492410003,37360.81596645481,1200061.2923708179,1162700.476404363,10,True
hzz_sector_cap2_vol_penalty_top10,2012-02-29,0.03933817481220265,47208.220904641064,1247269.513275459,1200061.2923708179,10,True
hzz_sector_cap2_vol_penalty_top10,2012-03-31,0.044291835506298,55243.856114017,1302513.369389476,1247269.513275459,10,True
hzz_sector_cap2_vol_penalty_top10,2012-04-30,-0.008901566678623256,-11594.409607418665,1290918.9597820574,1302513.369389476,10,True
hzz_sector_cap2_vol_penalty_top10,2012-05-31,0.04208582670641654,54329.39163341518,1345248.3514154726,1290918.9597820574,10,True
hzz_sector_cap2_vol_penalty_top10,2012-06-30,0.004859709458412976,6537.516137288235,1351785.8675527608,1345248.3514154726,10,True
hzz_sector_cap2_vol_penalty_top10,2012-07-31,0.0022868295594967126,3091.3038800295612,1354877.1714327903,1351785.8675527608,10,True
hzz_sector_cap2_vol_penalty_top10,2012-08-31,-0.009630563794294365,-13048.23103291659,1341828.9403998738,1354877.1714327903,10,True
hzz_sector_cap2_vol_penalty_top10,2012-09-30,-0.03165004719205311,-42468.949287318625,1299359.9911125551,1341828.9403998738,10,True
hzz_sector_cap2_vol_penalty_top10,2012-10-31,0.031142070394557287,40464.76031109852,1339824.7514236537,1299359.9911125551,10,True
hzz_sector_cap2_vol_penalty_top10,2012-11-30,-0.005117530240068802,-6856.593681803213,1332968.1577418505,1339824.7514236537,10,True
hzz_sector_cap2_vol_penalty_top10,2012-12-31,0.0064096952297124365,8543.919642036513,1341512.077383887,1332968.1577418505,10,True
hzz_sector_cap2_vol_penalty_top10,2013-01-31,-0.0011550670032464889,-1549.5363350427783,1339962.5410488443,1341512.077383887,10,True
hzz_sector_cap2_vol_penalty_top10,2013-02-28,0.05439222206366369,72883.54008971981,1412846.0811385643,1339962.5410488443,10,True
hzz_sector_cap2_vol_penalty_top10,2013-03-31,0.03260904907610913,46071.5671968359,1458917.6483354003,1412846.0811385643,10,True
hzz_sector_cap2_vol_penalty_top10,2013-04-30,0.03253925563807586,47472.09431408605,1506389.7426494863,1458917.6483354003,10,True
hzz_sector_cap2_vol_penalty_top10,2013-05-31,-0.04150655781591157,-62525.05294657705,1443864.6897029092,1506389.7426494863,10,True
hzz_sector_cap2_vol_penalty_top10,2013-06-30,0.06618647830550915,95564.31896111231,1539429.0086640215,1443864.6897029092,10,True
hzz_sector_cap2_vol_penalty_top10,2013-07-31,-0.034824859091335696,-53610.39830783915,1485818.6103561823,1539429.0086640215,10,True
hzz_sector_cap2_vol_penalty_top10,2013-08-31,0.015128922861405145,22478.83514211887,1508297.4454983012,1485818.6103561823,10,True
hzz_sector_cap2_vol_penalty_top10,2013-09-30,0.015878615245612022,23949.674813006994,1532247.1203113082,1508297.4454983012,10,True
hzz_sector_cap2_vol_penalty_top10,2013-10-31,0.05664802025410203,86798.7659056845,1619045.8862169927,1532247.1203113082,10,True
hzz_sector_cap2_vol_penalty_top10,2013-11-30,0.019518171465319763,31600.815217403855,1650646.7014343967,1619045.8862169927,10,True
hzz_sector_cap2_vol_penalty_top10,2013-12-31,-0.00487450477629175,-8046.085230112188,1642600.6162042846,1650646.7014343967,10,True
hzz_sector_cap2_vol_penalty_top10,2014-01-31,0.038567320056358885,63350.70368992297,1705951.3198942076,1642600.6162042846,10,True
hzz_sector_cap2_vol_penalty_top10,2014-02-28,0.0011480287986258637,1958.4812442923537,1707909.8011385,1705951.3198942076,10,True
hzz_sector_cap2_vol_penalty_top10,2014-03-31,0.0018362843740498988,3136.2080801172974,1711046.0092186173,1707909.8011385,10,True
hzz_sector_cap2_vol_penalty_top10,2014-04-30,0.05278858707012951,90323.7012386346,1801369.7104572519,1711046.0092186173,10,True
hzz_sector_cap2_vol_penalty_top10,2014-05-31,0.028224993097033448,50843.64764286108,1852213.358100113,1801369.7104572519,10,True
hzz_sector_cap2_vol_penalty_top10,2014-06-30,-0.013301048192371235,-24636.379138643362,1827576.9789614696,1852213.358100113,10,True
hzz_sector_cap2_vol_penalty_top10,2014-07-31,0.044052320885695544,80509.00752052071,1908085.9864819902,1827576.9789614696,10,True
hzz_sector_cap2_vol_penalty_top10,2014-08-31,0.004442360715256737,8476.40622767949,1916562.3927096697,1908085.9864819902,10,True
hzz_sector_cap2_vol_penalty_top10,2014-09-30,-0.003334068690102376,-6389.950666161004,1910172.4420435086,1916562.3927096697,10,True
hzz_sector_cap2_vol_penalty_top10,2014-10-31,0.017677379177649027,33766.842552698916,1943939.2845962076,1910172.4420435086,10,True
hzz_sector_cap2_vol_penalty_top10,2014-11-30,-0.023612101880811216,-45900.49243799692,1898038.7921582107,1943939.2845962076,10,True
hzz_sector_cap2_vol_penalty_top10,2014-12-31,-0.004898963361878077,-9298.422502206393,1888740.3696560042,1898038.7921582107,10,True
hzz_sector_cap2_vol_penalty_top10,2015-01-31,0.026726002961178247,50478.48071232327,1939218.8503683275,1888740.3696560042,10,True
hzz_sector_cap2_vol_penalty_top10,2015-02-28,0.02205960174691043,42778.395539226796,1981997.2459075542,1939218.8503683275,10,True
hzz_sector_cap2_vol_penalty_top10,2015-03-31,-0.010899397928622075,-21602.576676579454,1960394.6692309747,1981997.2459075542,10,True
hzz_sector_cap2_vol_penalty_top10,2015-04-30,0.004090685965664084,8019.3589605858315,1968414.0281915606,1960394.6692309747,10,True
hzz_sector_cap2_vol_penalty_top10,2015-05-31,-0.011318028979777543,-22278.567015272733,1946135.4611762878,1968414.0281915606,10,True
hzz_sector_cap2_vol_penalty_top10,2015-06-30,0.015588627535184293,30337.580837291265,1976473.042013579,1946135.4611762878,10,True
hzz_sector_cap2_vol_penalty_top10,2015-07-31,-0.02664392235357804,-52660.99426534998,1923812.047748229,1976473.042013579,10,True
hzz_sector_cap2_vol_penalty_top10,2015-08-31,0.005562743415950181,10701.672802137096,1934513.7205503662,1923812.047748229,10,False
hzz_sector_cap2_vol_penalty_top10,2015-09-30,0.05016580230445576,97046.43286038685,2031560.153410753,1934513.7205503662,10,False
hzz_sector_cap2_vol_penalty_top10,2015-10-31,0.004169006066222931,8469.586603466218,2040029.7400142192,2031560.153410753,10,True
hzz_sector_cap2_vol_penalty_top10,2015-11-30,-0.01566180594724194,-31950.549914705127,2008079.190099514,2040029.7400142192,10,True
hzz_sector_cap2_vol_penalty_top10,2015-12-31,-0.008785309972126324,-17641.59813360061,1990437.5919659135,2008079.190099514,10,False
hzz_sector_cap2_vol_penalty_top10,2016-01-31,0.0015561647648931459,3097.4488473361153,1993535.0408132498,1990437.5919659135,10,False
hzz_sector_cap2_vol_penalty_top10,2016-02-29,0.031900179468000105,63594.125577689585,2057129.1663909394,1993535.0408132498,10,False
hzz_sector_cap2_vol_penalty_top10,2016-03-31,-0.019853054459803978,-40840.29737121048,2016288.8690197289,2057129.1663909394,10,True
hzz_sector_cap2_vol_penalty_top10,2016-04-30,0.005904799690548615,11905.781889844313,2028194.650909573,2016288.8690197289,10,True
hzz_sector_cap2_vol_penalty_top10,2016-05-31,0.01817698130788128,36866.45625832811,2065061.1071679012,2028194.650909573,10,True
hzz_sector_cap2_vol_penalty_top10,2016-06-30,0.00489662275879345,10111.825215657544,2075172.9323835587,2065061.1071679012,10,True
hzz_sector_cap2_vol_penalty_top10,2016-07-31,0.0033476950235454103,6947.046098736576,2082119.9784822953,2075172.9323835587,10,True
hzz_sector_cap2_vol_penalty_top10,2016-08-31,0.0005617458599515856,1169.622277834914,2083289.6007601302,2082119.9784822953,10,True
hzz_sector_cap2_vol_penalty_top10,2016-09-30,-0.017437942723811273,-36328.2847351668,2046961.3160249635,2083289.6007601302,10,True
hzz_sector_cap2_vol_penalty_top10,2016-10-31,0.01967456611608603,40273.075749203614,2087234.391774167,2046961.3160249635,10,True
hzz_sector_cap2_vol_penalty_top10,2016-11-30,-0.004884768914879071,-10195.657675004977,2077038.734099162,2087234.391774167,10,True
hzz_sector_cap2_vol_penalty_top10,2016-12-31,0.01254603964435661,26058.610300872355,2103097.3444000343,2077038.734099162,10,True
hzz_sector_cap2_vol_penalty_top10,2017-01-31,0.018111852889018225,38090.98971305832,2141188.3341130926,2103097.3444000343,10,True
hzz_sector_cap2_vol_penalty_top10,2017-02-28,-0.004737017354926839,-10142.846298860608,2131045.4878142322,2141188.3341130926,10,True
hzz_sector_cap2_vol_penalty_top10,2017-03-31,0.006508355593025782,13869.601819608113,2144915.08963384,2131045.4878142322,10,True
hzz_sector_cap2_vol_penalty_top10,2017-04-30,0.020616370123884085,44220.36337219526,2189135.453006035,2144915.08963384,10,True
hzz_sector_cap2_vol_penalty_top10,2017-05-31,-0.0004964473144092537,-1086.7904165229313,2188048.6625895123,2189135.453006035,10,True
hzz_sector_cap2_vol_penalty_top10,2017-06-30,-0.0010351998019476932,-2265.0675421645783,2185783.5950473477,2188048.6625895123,10,True
hzz_sector_cap2_vol_penalty_top10,2017-07-31,0.0005046645800494749,1103.0875600736013,2186886.682607421,2185783.5950473477,10,True
hzz_sector_cap2_vol_penalty_top10,2017-08-31,0.006218028413469754,13598.123529491557,2200484.8061369127,2186886.682607421,10,True
hzz_sector_cap2_vol_penalty_top10,2017-09-30,0.005788117780214407,12736.665231492716,2213221.4713684055,2200484.8061369127,10,True
hzz_sector_cap2_vol_penalty_top10,2017-10-31,0.0274056763904433,60654.83142470329,2273876.302793109,2213221.4713684055,10,True
hzz_sector_cap2_vol_penalty_top10,2017-11-30,0.0017177278041286624,3905.9005484570084,2277782.203341566,2273876.302793109,10,True
hzz_sector_cap2_vol_penalty_top10,2017-12-31,0.022602097622779052,51482.655723354845,2329264.859064921,2277782.203341566,10,True
hzz_sector_cap2_vol_penalty_top10,2018-01-31,-0.012096492947206433,-28175.9359398546,2301088.9231250663,2329264.859064921,10,True
hzz_sector_cap2_vol_penalty_top10,2018-02-28,-0.01146819238157503,-26389.330457509575,2274699.592667557,2301088.9231250663,10,True
hzz_sector_cap2_vol_penalty_top10,2018-03-31,-0.00426391788721546,-9699.132281216916,2265000.46038634,2274699.592667557,10,True
hzz_sector_cap2_vol_penalty_top10,2018-04-30,0.035871643068460905,81249.28806487842,2346249.7484512185,2265000.46038634,10,True
hzz_sector_cap2_vol_penalty_top10,2018-05-31,-0.007536298082452089,-17682.037480206614,2328567.710971012,2346249.7484512185,10,True
hzz_sector_cap2_vol_penalty_top10,2018-06-30,0.009241709098863734,21519.9454018011,2350087.656372813,2328567.710971012,10,True
hzz_sector_cap2_vol_penalty_top10,2018-07-31,0.026926966150121776,63280.73077296975,2413368.387145783,2350087.656372813,10,True
hzz_sector_cap2_vol_penalty_top10,2018-08-31,0.0020069185263910713,4843.43372716941,2418211.820872952,2413368.387145783,10,True
hzz_sector_cap2_vol_penalty_top10,2018-09-30,-0.056160566352699344,-135808.14542101734,2282403.675451935,2418211.820872952,10,True
hzz_sector_cap2_vol_penalty_top10,2018-10-31,0.027538881248272404,62854.8437788913,2345258.5192308263,2282403.675451935,10,False
hzz_sector_cap2_vol_penalty_top10,2018-11-30,-0.032098236928789374,-75278.66360953278,2269979.8556212937,2345258.5192308263,10,True
hzz_sector_cap2_vol_penalty_top10,2018-12-31,0.021840498085364413,49577.49069051265,2319557.3463118062,2269979.8556212937,10,False
hzz_sector_cap2_vol_penalty_top10,2019-01-31,0.018395210373377425,42668.74535851875,2362226.091670325,2319557.3463118062,10,False
hzz_sector_cap2_vol_penalty_top10,2019-02-28,0.011341354177817379,26790.84275371446,2389016.9344240394,2362226.091670325,10,True
hzz_sector_cap2_vol_penalty_top10,2019-03-31,0.011926773953634702,28493.26494828086,2417510.1993723204,2389016.9344240394,10,True
hzz_sector_cap2_vol_penalty_top10,2019-04-30,-0.013055272655073998,-31561.254799227943,2385948.9445730923,2417510.1993723204,10,True
hzz_sector_cap2_vol_penalty_top10,2019-05-31,0.03018648159950592,72023.40391271623,2457972.3484858084,2385948.9445730923,10,False
hzz_sector_cap2_vol_penalty_top10,2019-06-30,0.00628939849604209,15459.167591879686,2473431.516077688,2457972.3484858084,10,True
hzz_sector_cap2_vol_penalty_top10,2019-07-31,0.011543725937308591,28552.615546302517,2501984.1316239904,2473431.516077688,10,True
hzz_sector_cap2_vol_penalty_top10,2019-08-31,-0.011925033465126874,-29836.244498832486,2472147.8871251578,2501984.1316239904,10,True
hzz_sector_cap2_vol_penalty_top10,2019-09-30,0.00756484748651925,18701.421730222624,2490849.3088553804,2472147.8871251578,10,True
hzz_sector_cap2_vol_penalty_top10,2019-10-31,0.005395456185841476,13439.268311462727,2504288.577166843,2490849.3088553804,10,True
hzz_sector_cap2_vol_penalty_top10,2019-11-30,0.018470094757196874,46254.44731963733,2550543.0244864807,2504288.577166843,10,True
hzz_sector_cap2_vol_penalty_top10,2019-12-31,0.004779328784627277,12189.88369335855,2562732.908179839,2550543.0244864807,10,True
hzz_sector_cap2_vol_penalty_top10,2020-01-31,-0.03870102065110566,-99180.37920273602,2463552.528977103,2562732.908179839,10,True
hzz_sector_cap2_vol_penalty_top10,2020-02-29,-0.04304049269554001,-106032.51462851811,2357520.014348585,2463552.528977103,10,False
hzz_sector_cap2_vol_penalty_top10,2020-03-31,0.07813454052121731,184203.74309070033,2541723.7574392855,2357520.014348585,10,False
hzz_sector_cap2_vol_penalty_top10,2020-04-30,0.03593815593030759,91344.86472662035,2633068.622165906,2541723.7574392855,10,False
hzz_sector_cap2_vol_penalty_top10,2020-05-31,-0.003876254747622025,-10206.444747485177,2622862.1774184206,2633068.622165906,10,True
hzz_sector_cap2_vol_penalty_top10,2020-06-30,0.023691336604885673,62139.110713443166,2685001.288131864,2622862.1774184206,10,True
hzz_sector_cap2_vol_penalty_top10,2020-07-31,0.01663073794620723,44653.55280814988,2729654.8409400135,2685001.288131864,10,True
hzz_sector_cap2_vol_penalty_top10,2020-08-31,-0.00963324203082513,-26295.425743388623,2703359.415196625,2729654.8409400135,10,True
hzz_sector_cap2_vol_penalty_top10,2020-09-30,-9.48530885283882e-06,-25.642198993369725,2703333.7729976317,2703359.415196625,10,True
hzz_sector_cap2_vol_penalty_top10,2020-10-31,0.018905663231732046,51108.31791526079,2754442.0909128925,2703333.7729976317,10,True
hzz_sector_cap2_vol_penalty_top10,2020-11-30,0.007452735775979556,20528.129113810446,2774970.220026703,2754442.0909128925,10,True
hzz_sector_cap2_vol_penalty_top10,2020-12-31,-0.005619923161000427,-15595.119410614521,2759375.1006160886,2774970.220026703,10,True
hzz_sector_cap2_vol_penalty_top10,2021-01-31,0.0027334466779308187,7542.604701944067,2766917.7053180328,2759375.1006160886,10,True
hzz_sector_cap2_vol_penalty_top10,2021-02-28,-0.01333151284617343,-36887.198932752064,2730030.5063852808,2766917.7053180328,10,True
hzz_sector_cap2_vol_penalty_top10,2021-03-31,0.02358099752619691,64376.84261751339,2794407.3490027944,2730030.5063852808,10,True
hzz_sector_cap2_vol_penalty_top10,2021-04-30,-0.0012604558319175322,-3522.2270398037826,2790885.1219629906,2794407.3490027944,10,True
hzz_sector_cap2_vol_penalty_top10,2021-05-31,-0.0006845305798386658,-1910.4462108004316,2788974.6757521904,2790885.1219629906,10,True
hzz_sector_cap2_vol_penalty_top10,2021-06-30,0.00484152218844056,13502.882775653046,2802477.5585278436,2788974.6757521904,10,True
hzz_sector_cap2_vol_penalty_top10,2021-07-31,0.003399437431916592,9526.847114565773,2812004.4056424093,2802477.5585278436,10,True
hzz_sector_cap2_vol_penalty_top10,2021-08-31,-0.016327732048108185,-45913.65445342898,2766090.7511889804,2812004.4056424093,10,True
hzz_sector_cap2_vol_penalty_top10,2021-09-30,0.02018749185450098,55840.43450843803,2821931.1856974186,2766090.7511889804,10,True
hzz_sector_cap2_vol_penalty_top10,2021-10-31,-0.006286322265975472,-17739.568845700247,2804191.616851718,2821931.1856974186,10,True
hzz_sector_cap2_vol_penalty_top10,2021-11-30,0.01464297006890488,41061.69391303369,2845253.310764752,2804191.616851718,10,True
hzz_sector_cap2_vol_penalty_top10,2021-12-31,-0.02286094225666533,-65045.17164297885,2780208.139121773,2845253.310764752,10,True
hzz_sector_cap2_vol_penalty_top10,2022-01-31,-0.005088359121918702,-14146.697445532896,2766061.4416762404,2780208.139121773,10,True
hzz_sector_cap2_vol_penalty_top10,2022-02-28,0.0020428758857590685,5650.720217728355,2771712.161893969,2766061.4416762404,10,False
hzz_sector_cap2_vol_penalty_top10,2022-03-31,-0.014182759128500309,-39310.525965677014,2732401.635928292,2771712.161893969,10,True
hzz_sector_cap2_vol_penalty_top10,2022-04-30,0.018721648006175307,51155.061639347055,2783556.697567639,2732401.635928292,10,False
hzz_sector_cap2_vol_penalty_top10,2022-05-31,-0.03503964711506491,-97534.84440754552,2686021.8531600935,2783556.697567639,10,False
hzz_sector_cap2_vol_penalty_top10,2022-06-30,0.012393574515676473,33289.41198787503,2719311.2651479687,2686021.8531600935,10,False
hzz_sector_cap2_vol_penalty_top10,2022-07-31,0.00364553375133104,9913.34099747163,2729224.60614544,2719311.2651479687,10,False
hzz_sector_cap2_vol_penalty_top10,2022-08-31,-0.02663063854228712,-72680.99398697514,2656543.612158465,2729224.60614544,10,False
hzz_sector_cap2_vol_penalty_top10,2022-09-30,0.030899176907326815,82085.01103411341,2738628.6231925786,2656543.612158465,10,False
hzz_sector_cap2_vol_penalty_top10,2022-10-31,0.026945857859817544,73794.69761137504,2812423.320803954,2738628.6231925786,10,False
hzz_sector_cap2_vol_penalty_top10,2022-11-30,-0.021040780125488302,-59175.580712831645,2753247.740091122,2812423.320803954,10,True
hzz_sector_cap2_vol_penalty_top10,2022-12-31,0.010889267725208028,29980.851755676198,2783228.5918467985,2753247.740091122,10,False
hzz_sector_cap2_vol_penalty_top10,2023-01-31,-0.014084000828214375,-39198.99379268024,2744029.5980541185,2783228.5918467985,10,True
hzz_sector_cap2_vol_penalty_top10,2023-02-28,0.007853234219957275,21549.50714001421,2765579.105194133,2744029.5980541185,10,True
hzz_sector_cap2_vol_penalty_top10,2023-03-31,-0.006182579258391488,-17098.412013214136,2748480.6931809187,2765579.105194133,10,True
hzz_sector_cap2_vol_penalty_top10,2023-04-30,-0.017546152205052117,-48225.26057519954,2700255.432605719,2748480.6931809187,10,True
hzz_sector_cap2_vol_penalty_top10,2023-05-31,0.026217749336492405,70794.62007655861,2771050.0526822777,2700255.432605719,10,True
hzz_sector_cap2_vol_penalty_top10,2023-06-30,0.017061723063733894,47278.88859461024,2818328.941276888,2771050.0526822777,10,True
hzz_sector_cap2_vol_penalty_top10,2023-07-31,-0.005614885530224104,-15824.594391787417,2802504.3468851005,2818328.941276888,10,True
hzz_sector_cap2_vol_penalty_top10,2023-08-31,-0.017208568704842733,-48227.08859899266,2754277.258286108,2802504.3468851005,10,True
hzz_sector_cap2_vol_penalty_top10,2023-09-30,-0.008803099821736503,-24246.177641431343,2730031.0806446765,2754277.258286108,10,True
hzz_sector_cap2_vol_penalty_top10,2023-10-31,0.02653603803352082,72444.20858868108,2802475.2892333576,2730031.0806446765,10,False
hzz_sector_cap2_vol_penalty_top10,2023-11-30,0.019628691649786565,55008.923308508,2857484.2125418657,2802475.2892333576,10,True
hzz_sector_cap2_vol_penalty_top10,2023-12-31,0.013652907859075799,39012.96866259786,2896497.1812044634,2857484.2125418657,10,True
hzz_sector_cap2_vol_penalty_top10,2024-01-31,0.029989841595155036,86865.49164513493,2983362.6728495983,2896497.1812044634,10,True
hzz_sector_cap2_vol_penalty_top10,2024-02-29,0.019129353149217872,57069.79814113451,3040432.470990733,2983362.6728495983,10,True
hzz_sector_cap2_vol_penalty_top10,2024-03-31,-0.004151274102076375,-12621.668575935908,3027810.802414797,3040432.470990733,10,True
hzz_sector_cap2_vol_penalty_top10,2024-04-30,0.034044522870276726,103080.37410968148,3130891.1765244785,3027810.802414797,10,True
hzz_sector_cap2_vol_penalty_top10,2024-05-31,0.0040965372188438865,12825.812232782451,3143716.988757261,3130891.1765244785,10,True
hzz_sector_cap2_vol_penalty_top10,2024-06-30,0.01174849527611407,36933.94419185423,3180650.9329491155,3143716.988757261,10,True
hzz_sector_cap2_vol_penalty_top10,2024-07-31,0.014639803778824954,46564.10554731158,3227215.0384964272,3180650.9329491155,10,True
hzz_sector_cap2_vol_penalty_top10,2024-08-31,0.012699979806982375,40985.56582169447,3268200.604318122,3227215.0384964272,10,True
hzz_sector_cap2_vol_penalty_top10,2024-09-30,0.0010886281304043346,3557.8551136651536,3271758.459431787,3268200.604318122,10,True
hzz_sector_cap2_vol_penalty_top10,2024-10-31,0.035964767275756204,117668.03157595087,3389426.491007738,3271758.459431787,10,True
hzz_sector_cap2_vol_penalty_top10,2024-11-30,-0.019856302495517324,-67301.47769176947,3322125.013315968,3389426.491007738,10,True
hzz_sector_cap2_vol_penalty_top10,2024-12-31,-0.00010996866215822872,-365.3296432367448,3321759.6836727313,3322125.013315968,10,True
hzz_sector_cap2_vol_penalty_top10,2025-01-31,0.004728806090282632,15707.957422606922,3337467.6410953384,3321759.6836727313,10,True
hzz_sector_cap2_vol_penalty_top10,2025-02-28,-0.012664499087784473,-42267.35589616211,3295200.285199176,3337467.6410953384,10,True
hzz_sector_cap2_vol_penalty_top10,2025-03-31,-0.0029238177363946844,-9634.565038838173,3285565.720160338,3295200.285199176,10,False
hzz_sector_cap2_vol_penalty_top10,2025-04-30,0.00657070339215791,21588.47782261528,3307154.1979829534,3285565.720160338,10,False
hzz_sector_cap2_vol_penalty_top10,2025-05-31,-0.000444752039364756,-1470.8635740466325,3305683.3344089068,3307154.1979829534,10,True
hzz_sector_cap2_vol_penalty_top10,2025-06-30,-0.004677831743895256,-15463.4304369635,3290219.903971943,3305683.3344089068,10,True
hzz_sector_cap2_vol_penalty_top10,2025-07-31,0.00782543206876966,25747.392349846275,3315967.2963217893,3290219.903971943,10,True
hzz_sector_cap2_vol_penalty_top10,2025-08-31,0.015614724931232102,51777.91721302615,3367745.2135348152,3315967.2963217893,10,True
hzz_sector_cap2_vol_penalty_top10,2025-09-30,-0.011951518752100182,-40249.67007185698,3327495.543462958,3367745.2135348152,10,True
hzz_sector_cap2_vol_penalty_top10,2025-10-31,0.029154360401526858,97011.00430859356,3424506.5477715516,3327495.543462958,10,True
hzz_sector_cap2_vol_penalty_top10,2025-11-30,-0.005284317244437227,-18096.179004077407,3406410.3687674743,3424506.5477715516,10,True
hzz_sector_cap2_vol_penalty_top10,2025-12-31,0.021899734492896672,74599.48264985794,3481009.8514173324,3406410.3687674743,10,True
hzz_sector_cap2_vol_penalty_top10,2026-01-31,0.024872449801115602,86581.24278656648,3567591.0942038987,3481009.8514173324,10,True
hzz_sector_cap2_vol_penalty_top10,2026-02-28,-0.03015999183307647,-107598.51826494593,3459992.5759389526,3567591.0942038987,10,True
hzz_sector_cap2_vol_penalty_top10,2026-03-31,0.022884303710688326,79179.52094451383,3539172.0968834665,3459992.5759389526,10,False
hzz_sector_cap2_vol_penalty_top10,2026-04-30,0.013708163180777728,48515.548628933844,3587687.6455124,3539172.0968834665,10,True
hzz_sector_cap2_vol_penalty_top10,2026-05-31,0.0,0.0,3587687.6455124,3587687.6455124,0,True
hzz_sector_cap2_top15,2006-06-30,0.0,0.0,1000000.0,1000000.0,0,False
hzz_sector_cap2_top15,2006-07-31,0.0,0.0,1000000.0,1000000.0,0,False
hzz_sector_cap2_top15,2006-08-31,0.0,0.0,1000000.0,1000000.0,0,False
hzz_sector_cap2_top15,2006-09-30,0.0,0.0,1000000.0,1000000.0,0,False
hzz_sector_cap2_top15,2006-10-31,0.0,0.0,1000000.0,1000000.0,0,False
hzz_sector_cap2_top15,2006-11-30,0.0,0.0,1000000.0,1000000.0,0,False
hzz_sector_cap2_top15,2006-12-31,0.0,0.0,1000000.0,1000000.0,0,False
hzz_sector_cap2_top15,2007-01-31,0.0,0.0,1000000.0,1000000.0,0,False
hzz_sector_cap2_top15,2007-02-28,0.0,0.0,1000000.0,1000000.0,0,False
hzz_sector_cap2_top15,2007-03-31,0.0,0.0,1000000.0,1000000.0,0,True
hzz_sector_cap2_top15,2007-04-30,0.0,0.0,1000000.0,1000000.0,0,True
hzz_sector_cap2_top15,2007-05-31,0.0,0.0,1000000.0,1000000.0,0,True
hzz_sector_cap2_top15,2007-06-30,0.0,0.0,1000000.0,1000000.0,0,True
hzz_sector_cap2_top15,2007-07-31,0.0,0.0,1000000.0,1000000.0,0,True
hzz_sector_cap2_top15,2007-08-31,0.0,0.0,1000000.0,1000000.0,0,True
hzz_sector_cap2_top15,2007-09-30,0.0,0.0,1000000.0,1000000.0,0,True
hzz_sector_cap2_top15,2007-10-31,0.0,0.0,1000000.0,1000000.0,0,True
hzz_sector_cap2_top15,2007-11-30,0.0,0.0,1000000.0,1000000.0,0,False
hzz_sector_cap2_top15,2007-12-31,0.0,0.0,1000000.0,1000000.0,0,False
hzz_sector_cap2_top15,2008-01-31,0.0,0.0,1000000.0,1000000.0,0,False
hzz_sector_cap2_top15,2008-02-29,0.0,0.0,1000000.0,1000000.0,0,False
hzz_sector_cap2_top15,2008-03-31,0.0,0.0,1000000.0,1000000.0,0,False
hzz_sector_cap2_top15,2008-04-30,0.0,0.0,1000000.0,1000000.0,0,False
hzz_sector_cap2_top15,2008-05-31,0.0,0.0,1000000.0,1000000.0,0,False
hzz_sector_cap2_top15,2008-06-30,0.0,0.0,1000000.0,1000000.0,0,False
hzz_sector_cap2_top15,2008-07-31,0.0,0.0,1000000.0,1000000.0,0,False
hzz_sector_cap2_top15,2008-08-31,0.0,0.0,1000000.0,1000000.0,0,False
hzz_sector_cap2_top15,2008-09-30,0.0,0.0,1000000.0,1000000.0,0,False
hzz_sector_cap2_top15,2008-10-31,0.0,0.0,1000000.0,1000000.0,0,False
hzz_sector_cap2_top15,2008-11-30,0.0,0.0,1000000.0,1000000.0,0,False
hzz_sector_cap2_top15,2008-12-31,0.0,0.0,1000000.0,1000000.0,0,False
hzz_sector_cap2_top15,2009-01-31,0.0,0.0,1000000.0,1000000.0,0,False
hzz_sector_cap2_top15,2009-02-28,0.0,0.0,1000000.0,1000000.0,0,False
hzz_sector_cap2_top15,2009-03-31,0.0,0.0,1000000.0,1000000.0,0,False
hzz_sector_cap2_top15,2009-04-30,0.0,0.0,1000000.0,1000000.0,0,False
hzz_sector_cap2_top15,2009-05-31,0.0,0.0,1000000.0,1000000.0,0,False
hzz_sector_cap2_top15,2009-06-30,0.0,0.0,1000000.0,1000000.0,0,True
hzz_sector_cap2_top15,2009-07-31,0.0,0.0,1000000.0,1000000.0,0,True
hzz_sector_cap2_top15,2009-08-31,0.0,0.0,1000000.0,1000000.0,0,True
hzz_sector_cap2_top15,2009-09-30,0.0,0.0,1000000.0,1000000.0,0,True
hzz_sector_cap2_top15,2009-10-31,0.0,0.0,1000000.0,1000000.0,0,True
hzz_sector_cap2_top15,2009-11-30,0.0,0.0,1000000.0,1000000.0,0,True
hzz_sector_cap2_top15,2009-12-31,0.0,0.0,1000000.0,1000000.0,0,True
hzz_sector_cap2_top15,2010-01-31,0.0,0.0,1000000.0,1000000.0,0,True
hzz_sector_cap2_top15,2010-02-28,0.0,0.0,1000000.0,1000000.0,0,True
hzz_sector_cap2_top15,2010-03-31,0.0,0.0,1000000.0,1000000.0,0,True
hzz_sector_cap2_top15,2010-04-30,0.0,0.0,1000000.0,1000000.0,0,True
hzz_sector_cap2_top15,2010-05-31,0.0,0.0,1000000.0,1000000.0,0,False
hzz_sector_cap2_top15,2010-06-30,0.0,0.0,1000000.0,1000000.0,0,False
hzz_sector_cap2_top15,2010-07-31,0.0,0.0,1000000.0,1000000.0,0,True
hzz_sector_cap2_top15,2010-08-31,0.0,0.0,1000000.0,1000000.0,0,False
hzz_sector_cap2_top15,2010-09-30,0.0,0.0,1000000.0,1000000.0,0,True
hzz_sector_cap2_top15,2010-10-31,0.0,0.0,1000000.0,1000000.0,0,True
hzz_sector_cap2_top15,2010-11-30,-0.025880693305444135,-25880.693305444136,974119.3066945559,1000000.0,10,True
hzz_sector_cap2_top15,2010-12-31,-0.018792577704917688,-18306.212764917986,955813.0939296379,974119.3066945559,9,True
hzz_sector_cap2_top15,2011-01-31,0.032016292930480986,30601.592002040623,986414.6859316785,955813.0939296379,9,True
hzz_sector_cap2_top15,2011-02-28,0.025577500016007157,25230.0216452072,1011644.7075768857,986414.6859316785,9,True
hzz_sector_cap2_top15,2011-03-31,0.006796239529361394,6875.379751303279,1018520.0873281889,1011644.7075768857,10,True
hzz_sector_cap2_top15,2011-04-30,0.003552011654582699,3617.7952206163154,1022137.8825488052,1018520.0873281889,10,True
hzz_sector_cap2_top15,2011-05-31,-0.013610250570512891,-13911.552699102715,1008226.3298497025,1022137.8825488052,10,True
hzz_sector_cap2_top15,2011-06-30,0.004723353595600987,4762.2094602751795,1012988.5393099777,1008226.3298497025,10,True
hzz_sector_cap2_top15,2011-07-31,-0.054320272206060526,-55025.81319693763,957962.72611304,1012988.5393099777,10,True
hzz_sector_cap2_top15,2011-08-31,-0.09746357461941675,-93366.47163913817,864596.2544739018,957962.72611304,9,False
hzz_sector_cap2_top15,2011-09-30,0.14745355158332257,127487.78840781498,992084.0428817167,864596.2544739018,8,False
hzz_sector_cap2_top15,2011-10-31,0.01578068145103107,15655.762253367422,1007739.8051350842,992084.0428817167,9,False
hzz_sector_cap2_top15,2011-11-30,0.012522125920649052,12619.044735151863,1020358.849870236,1007739.8051350842,10,False
hzz_sector_cap2_top15,2011-12-31,0.04515716587317025,46076.51383374747,1066435.3637039834,1020358.849870236,10,False
hzz_sector_cap2_top15,2012-01-31,0.05290860773347172,56423.6103313163,1122858.9740352996,1066435.3637039834,10,True
hzz_sector_cap2_top15,2012-02-29,0.04178769385835049,46921.68705308862,1169780.6610883882,1122858.9740352996,11,True
hzz_sector_cap2_top15,2012-03-31,0.03155588376815012,36913.462575534984,1206694.1236639232,1169780.6610883882,11,True
hzz_sector_cap2_top15,2012-04-30,-0.05388914805498273,-65027.7182872028,1141666.4053767205,1206694.1236639232,12,True
hzz_sector_cap2_top15,2012-05-31,0.04965380359096467,56688.079458978325,1198354.4848356987,1141666.4053767205,11,True
hzz_sector_cap2_top15,2012-06-30,0.02476574340093655,29678.139674802427,1228032.624510501,1198354.4848356987,11,True
hzz_sector_cap2_top15,2012-07-31,0.009803147135472092,12038.584505236393,1240071.2090157375,1228032.624510501,12,True
hzz_sector_cap2_top15,2012-08-31,0.0019099181831054174,2368.4345504446756,1242439.643566182,1240071.2090157375,12,True
hzz_sector_cap2_top15,2012-09-30,-0.021024764705403,-26122.00116664375,1216317.6423995383,1242439.643566182,12,True
hzz_sector_cap2_top15,2012-10-31,0.03133069917084236,38108.082150208145,1254425.7245497464,1216317.6423995383,12,True
hzz_sector_cap2_top15,2012-11-30,-0.005075177497281279,-6366.433209245637,1248059.2913405008,1254425.7245497464,12,True
hzz_sector_cap2_top15,2012-12-31,0.028073041947779587,35036.82083911794,1283096.1121796188,1248059.2913405008,12,True
hzz_sector_cap2_top15,2013-01-31,-0.014195088592004716,-18213.66298444651,1264882.4491951722,1283096.1121796188,12,True
hzz_sector_cap2_top15,2013-02-28,0.08224367421961269,104028.58007771354,1368911.0292728858,1264882.4491951722,12,True
hzz_sector_cap2_top15,2013-03-31,0.09517987449524974,130292.77996135641,1499203.8092342422,1368911.0292728858,13,True
hzz_sector_cap2_top15,2013-04-30,0.04777823731035671,71629.31537418437,1570833.1246084266,1499203.8092342422,14,True
hzz_sector_cap2_top15,2013-05-31,-0.04465851218831392,-70151.07024113265,1500682.0543672938,1570833.1246084266,15,True
hzz_sector_cap2_top15,2013-06-30,0.07019405700196811,105338.96166608842,1606021.0160333822,1500682.0543672938,15,True
hzz_sector_cap2_top15,2013-07-31,-0.027150009769985658,-43603.48627610862,1562417.5297572736,1606021.0160333822,15,True
hzz_sector_cap2_top15,2013-08-31,0.04100021290065063,64059.45135975686,1626476.9811170304,1562417.5297572736,15,True
hzz_sector_cap2_top15,2013-09-30,0.04804657579702932,78146.64955536282,1704623.6306723931,1626476.9811170304,15,True
hzz_sector_cap2_top15,2013-10-31,0.04649098246320162,79249.62731994932,1783873.2579923423,1704623.6306723931,15,True
hzz_sector_cap2_top15,2013-11-30,0.01094951944110944,19532.554918862388,1803405.8129112048,1783873.2579923423,15,True
hzz_sector_cap2_top15,2013-12-31,0.005838776868817191,10529.684145516405,1813935.4970567212,1803405.8129112048,15,True
hzz_sector_cap2_top15,2014-01-31,0.056262482295837024,102056.51378894411,1915992.0108456654,1813935.4970567212,15,True
hzz_sector_cap2_top15,2014-02-28,0.0093416306294629,17898.489654322082,1933890.5004999875,1915992.0108456654,15,True
hzz_sector_cap2_top15,2014-03-31,0.001916240515353021,3705.7993293144077,1937596.299829302,1933890.5004999875,15,True
hzz_sector_cap2_top15,2014-04-30,0.04505838871987912,87304.96725990814,2024901.26708921,1937596.299829302,15,True
hzz_sector_cap2_top15,2014-05-31,0.027324531568435804,55329.47859554478,2080230.7456847548,2024901.26708921,15,True
hzz_sector_cap2_top15,2014-06-30,-0.015476407294419315,-32194.498286590868,2048036.247398164,2080230.7456847548,15,True
hzz_sector_cap2_top15,2014-07-31,0.045679786880245994,93553.85930416688,2141590.106702331,2048036.247398164,15,True
hzz_sector_cap2_top15,2014-08-31,0.011191385598371167,23967.360677762637,2165557.4673800934,2141590.106702331,15,True
hzz_sector_cap2_top15,2014-09-30,0.009829473327063774,21286.289363836408,2186843.75674393,2165557.4673800934,15,True
hzz_sector_cap2_top15,2014-10-31,0.014980312187366531,32759.6021810175,2219603.358924947,2186843.75674393,15,True
hzz_sector_cap2_top15,2014-11-30,-0.012658790086994089,-28097.492997017904,2191505.8659279295,2219603.358924947,15,True
hzz_sector_cap2_top15,2014-12-31,6.508051685765346e-05,142.62433445116906,2191648.490262381,2191505.8659279295,15,True
hzz_sector_cap2_top15,2015-01-31,0.0320731015424567,70292.96457355726,2261941.4548359383,2191648.490262381,15,True
hzz_sector_cap2_top15,2015-02-28,0.008387204819494235,18971.366271413783,2280912.821107352,2261941.4548359383,15,True
hzz_sector_cap2_top15,2015-03-31,-0.018543794694409643,-42296.779070461445,2238616.0420368905,2280912.821107352,15,True
hzz_sector_cap2_top15,2015-04-30,0.02155249103149269,48247.75216895575,2286863.7942058463,2238616.0420368905,15,True
hzz_sector_cap2_top15,2015-05-31,-0.007990879649364093,-18274.053353987052,2268589.740851859,2286863.7942058463,15,True
hzz_sector_cap2_top15,2015-06-30,0.014670073674863865,33280.3786363371,2301870.119488196,2268589.740851859,15,True
hzz_sector_cap2_top15,2015-07-31,-0.042206956663864655,-97154.93237908324,2204715.1871091127,2301870.119488196,15,True
hzz_sector_cap2_top15,2015-08-31,0.006478007946178385,14282.162501152996,2218997.349610266,2204715.1871091127,15,False
hzz_sector_cap2_top15,2015-09-30,0.06103091614446664,135427.44116885785,2354424.7907791235,2218997.349610266,15,False
hzz_sector_cap2_top15,2015-10-31,0.014137328866380767,33285.2775584042,2387710.0683375276,2354424.7907791235,15,True
hzz_sector_cap2_top15,2015-11-30,-0.013234400327249558,-31599.910909783237,2356110.1574277445,2387710.0683375276,15,True
hzz_sector_cap2_top15,2015-12-31,-0.01755717924712776,-41366.64835993731,2314743.5090678073,2356110.1574277445,15,False
hzz_sector_cap2_top15,2016-01-31,0.016101298340785754,37270.37582189808,2352013.8848897056,2314743.5090678073,15,False
hzz_sector_cap2_top15,2016-02-29,0.040577747768165605,95439.42616827776,2447453.3110579834,2352013.8848897056,15,False
hzz_sector_cap2_top15,2016-03-31,-0.002304487686799944,-5640.126019350877,2441813.1850386327,2447453.3110579834,15,True
hzz_sector_cap2_top15,2016-04-30,0.0221589825331834,54108.095716567994,2495921.280755201,2441813.1850386327,15,True
hzz_sector_cap2_top15,2016-05-31,0.01809877416267246,45173.11558819659,2541094.3963433974,2495921.280755201,15,True
hzz_sector_cap2_top15,2016-06-30,0.01773335765358431,45062.13576187639,2586156.532105274,2541094.3963433974,15,True
hzz_sector_cap2_top15,2016-07-31,0.0017327322177326868,4481.116743278646,2590637.6488485527,2586156.532105274,15,True
hzz_sector_cap2_top15,2016-08-31,0.018489698993951482,47900.11032960792,2638537.7591781607,2590637.6488485527,15,True
hzz_sector_cap2_top15,2016-09-30,-0.01354543088523249,-35740.130855023985,2602797.628323137,2638537.7591781607,15,True
hzz_sector_cap2_top15,2016-10-31,0.02232699079878032,58112.63869865792,2660910.267021795,2602797.628323137,15,True
hzz_sector_cap2_top15,2016-11-30,0.0006770528756770805,1801.5769482057742,2662711.8439700007,2660910.267021795,15,True
hzz_sector_cap2_top15,2016-12-31,0.02429788845504483,64698.27537270981,2727410.1193427104,2662711.8439700007,15,True
hzz_sector_cap2_top15,2017-01-31,0.01941633797803364,52956.31668186713,2780366.4360245774,2727410.1193427104,15,True
hzz_sector_cap2_top15,2017-02-28,0.003737464852090006,10391.521830572614,2790757.95785515,2780366.4360245774,15,True
hzz_sector_cap2_top15,2017-03-31,-0.00036196550536051034,-1010.1581145539052,2789747.799740596,2790757.95785515,15,True
hzz_sector_cap2_top15,2017-04-30,0.03152430948533278,87944.87302504873,2877692.6727656447,2789747.799740596,15,True
hzz_sector_cap2_top15,2017-05-31,0.0016078354671242843,4626.85634275628,2882319.529108401,2877692.6727656447,15,True
hzz_sector_cap2_top15,2017-06-30,0.0069108748140276136,19919.34943969518,2902238.878548096,2882319.529108401,15,True
hzz_sector_cap2_top15,2017-07-31,0.014094969942374748,40906.96975872681,2943145.8483068226,2902238.878548096,15,True
hzz_sector_cap2_top15,2017-08-31,0.013970098057903996,41116.03609955935,2984261.8844063818,2943145.8483068226,15,True
hzz_sector_cap2_top15,2017-09-30,0.006375343380215988,19025.694249581116,3003287.578655963,2984261.8844063818,15,True
hzz_sector_cap2_top15,2017-10-31,0.012551346344957076,37695.302573218505,3040982.8812291813,3003287.578655963,15,True
hzz_sector_cap2_top15,2017-11-30,-0.0019181804139132802,-5833.1538018193905,3035149.727427362,3040982.8812291813,15,True
hzz_sector_cap2_top15,2017-12-31,0.033527203692854494,101760.08314976897,3136909.810577131,3035149.727427362,15,True
hzz_sector_cap2_top15,2018-01-31,-0.010741532609829164,-33695.21902440728,3103214.5915527237,3136909.810577131,15,True
hzz_sector_cap2_top15,2018-02-28,-0.009495924425329231,-29467.891236963584,3073746.70031576,3103214.5915527237,15,True
hzz_sector_cap2_top15,2018-03-31,-0.006360020904030765,-19549.09326770382,3054197.607048056,3073746.70031576,15,True
hzz_sector_cap2_top15,2018-04-30,0.0381806621778814,116611.28705919559,3170808.894107252,3054197.607048056,15,True
hzz_sector_cap2_top15,2018-05-31,-0.009420951574895888,-29872.037044633602,3140936.8570626182,3170808.894107252,15,True
hzz_sector_cap2_top15,2018-06-30,0.014870552850587842,46707.46753330893,3187644.3245959273,3140936.8570626182,15,True
hzz_sector_cap2_top15,2018-07-31,0.03139827772771531,100086.5418008384,3287730.8663967657,3187644.3245959273,15,True
hzz_sector_cap2_top15,2018-08-31,0.0010622156111927564,3492.279051686931,3291223.145448453,3287730.8663967657,15,True
hzz_sector_cap2_top15,2018-09-30,-0.05295792961222651,-174296.3636747899,3116926.781773663,3291223.145448453,15,True
hzz_sector_cap2_top15,2018-10-31,0.01787845247771442,55725.82734445578,3172652.609118119,3116926.781773663,15,False
hzz_sector_cap2_top15,2018-11-30,-0.04044351545327185,-128313.2248247319,3044339.384293387,3172652.609118119,15,True
hzz_sector_cap2_top15,2018-12-31,0.02378026178218165,72395.18751230245,3116734.5718056895,3044339.384293387,15,False
hzz_sector_cap2_top15,2019-01-31,0.016404521076653907,51128.537973522325,3167863.1097792117,3116734.5718056895,15,False
hzz_sector_cap2_top15,2019-02-28,0.016085713785884585,50957.339296770675,3218820.4490759824,3167863.1097792117,15,True
hzz_sector_cap2_top15,2019-03-31,0.009399209165191177,30254.366666059752,3249074.8157420424,3218820.4490759824,15,True
hzz_sector_cap2_top15,2019-04-30,-0.023305379420013688,-75720.92134487936,3173353.894397163,3249074.8157420424,15,True
hzz_sector_cap2_top15,2019-05-31,0.03856109829215429,122368.0114376396,3295721.9058348024,3173353.894397163,15,False
hzz_sector_cap2_top15,2019-06-30,-0.0006252238062418028,-2060.5637942805233,3293661.342040522,3295721.9058348024,15,True
hzz_sector_cap2_top15,2019-07-31,0.005535864094822886,18233.261563908287,3311894.6036044303,3293661.342040522,15,True
hzz_sector_cap2_top15,2019-08-31,-0.00867227858691275,-28721.67265295059,3283172.93095148,3311894.6036044303,15,True
hzz_sector_cap2_top15,2019-09-30,0.007580846004434463,24889.22839547091,3308062.1593469507,3283172.93095148,15,True
hzz_sector_cap2_top15,2019-10-31,0.01445904647165477,47831.42449312019,3355893.5838400708,3308062.1593469507,15,True
hzz_sector_cap2_top15,2019-11-30,0.019431123931066194,65208.7841270663,3421102.367967137,3355893.5838400708,15,True
hzz_sector_cap2_top15,2019-12-31,0.007551942729247938,25835.969153782324,3446938.3371209195,3421102.367967137,15,True
hzz_sector_cap2_top15,2020-01-31,-0.03607678458191444,-124354.4518554538,3322583.885265466,3446938.3371209195,15,True
hzz_sector_cap2_top15,2020-02-29,-0.05761154627229559,-191419.19524955505,3131164.6900159107,3322583.885265466,15,False
hzz_sector_cap2_top15,2020-03-31,0.0834567149491784,261316.71899359042,3392481.409009501,3131164.6900159107,15,False
hzz_sector_cap2_top15,2020-04-30,0.05265929062260341,178645.66444881042,3571127.073458311,3392481.409009501,15,False
hzz_sector_cap2_top15,2020-05-31,0.008248514762512649,29456.49438422947,3600583.567842541,3571127.073458311,15,True
hzz_sector_cap2_top15,2020-06-30,0.03107416027223203,111885.11086070414,3712468.678703245,3600583.567842541,15,True
hzz_sector_cap2_top15,2020-07-31,0.023034574280033863,85515.13554188906,3797983.8142451337,3712468.678703245,15,True
hzz_sector_cap2_top15,2020-08-31,-0.009206581296073168,-34966.44674701788,3763017.3674981156,3797983.8142451337,15,True
hzz_sector_cap2_top15,2020-09-30,-0.008420904039167672,-31688.008149422985,3731329.3593486925,3763017.3674981156,15,True
hzz_sector_cap2_top15,2020-10-31,0.012516610911687324,46703.59777432311,3778032.9571230155,3731329.3593486925,15,True
hzz_sector_cap2_top15,2020-11-30,0.02073665368206727,78343.76103129648,3856376.718154312,3778032.9571230155,15,True
hzz_sector_cap2_top15,2020-12-31,-0.001930715085068266,-7445.564703446583,3848931.1534508653,3856376.718154312,15,True
hzz_sector_cap2_top15,2021-01-31,0.005234879508049298,20148.690823092486,3869079.844273958,3848931.1534508653,15,True
hzz_sector_cap2_top15,2021-02-28,-0.002680434182431412,-10370.813869148322,3858709.0304048094,3869079.844273958,15,True
hzz_sector_cap2_top15,2021-03-31,0.014862635521664327,57350.58590306144,3916059.616307871,3858709.0304048094,15,True
hzz_sector_cap2_top15,2021-04-30,-0.0011255187944892399,-4407.59869849483,3911652.017609376,3916059.616307871,15,True
hzz_sector_cap2_top15,2021-05-31,-0.0038253304040928135,-14963.361393192143,3896688.6562161837,3911652.017609376,15,True
hzz_sector_cap2_top15,2021-06-30,-0.003957188330174651,-15419.930876702625,3881268.725339481,3896688.6562161837,15,True
hzz_sector_cap2_top15,2021-07-31,0.0032756016500615323,12713.490241054225,3893982.2155805356,3881268.725339481,15,True
hzz_sector_cap2_top15,2021-08-31,-0.016777379411071186,-65330.81705075824,3828651.3985297773,3893982.2155805356,15,True
hzz_sector_cap2_top15,2021-09-30,0.03063618739669162,117295.2817219637,3945946.680251741,3828651.3985297773,15,True
hzz_sector_cap2_top15,2021-10-31,-0.009771429029979186,-38557.537942161856,3907389.142309579,3945946.680251741,15,True
hzz_sector_cap2_top15,2021-11-30,0.015393940745511024,60150.116926366805,3967539.259235946,3907389.142309579,15,True
hzz_sector_cap2_top15,2021-12-31,-0.010442574496870333,-41431.324283829104,3926107.934952117,3967539.259235946,15,True
hzz_sector_cap2_top15,2022-01-31,-0.0013803721555441866,-5419.490073068989,3920688.444879048,3926107.934952117,15,True
hzz_sector_cap2_top15,2022-02-28,0.0004397304203974353,1724.0459781140305,3922412.490857162,3920688.444879048,15,False
hzz_sector_cap2_top15,2022-03-31,-0.019883958239004986,-77993.08616435534,3844419.404692807,3922412.490857162,15,True
hzz_sector_cap2_top15,2022-04-30,0.020617838340799846,79263.61780019027,3923683.022492997,3844419.404692807,15,False
hzz_sector_cap2_top15,2022-05-31,-0.04715957562236998,-185039.2262174677,3738643.796275529,3923683.022492997,15,False
hzz_sector_cap2_top15,2022-06-30,0.020241558067774112,75675.97549703457,3814319.7717725635,3738643.796275529,15,False
hzz_sector_cap2_top15,2022-07-31,0.0005790044134562776,2208.5079821898557,3816528.279754753,3814319.7717725635,15,False
hzz_sector_cap2_top15,2022-08-31,-0.02433501242534639,-92875.26310951781,3723653.0166452355,3816528.279754753,15,False
hzz_sector_cap2_top15,2022-09-30,0.049135237940836754,182962.5769819782,3906615.5936272135,3723653.0166452355,15,False
hzz_sector_cap2_top15,2022-10-31,0.026087864370486814,101915.25775417557,4008530.851381389,3906615.5936272135,15,False
hzz_sector_cap2_top15,2022-11-30,-0.01996061776431676,-80012.75212089514,3928518.0992604936,4008530.851381389,15,True
hzz_sector_cap2_top15,2022-12-31,0.011541274596212287,45340.10613975531,3973858.205400249,3928518.0992604936,15,False
hzz_sector_cap2_top15,2023-01-31,-0.002950891833556535,-11726.425726027222,3962131.7796742218,3973858.205400249,15,True
hzz_sector_cap2_top15,2023-02-28,0.0010203187765173202,4042.637449837594,3966174.4171240595,3962131.7796742218,15,True
hzz_sector_cap2_top15,2023-03-31,-0.009608790433486126,-38110.138796799074,3928064.2783272606,3966174.4171240595,15,True
hzz_sector_cap2_top15,2023-04-30,0.023536239861381054,92451.86304563307,4020516.141372894,3928064.2783272606,15,True
hzz_sector_cap2_top15,2023-05-31,0.021817983146450712,87719.55341250685,4108235.6947854008,4020516.141372894,15,True
hzz_sector_cap2_top15,2023-06-30,0.02454992319761376,100856.870784677,4209092.565570078,4108235.6947854008,15,True
hzz_sector_cap2_top15,2023-07-31,0.010647778286541152,44817.48442571887,4253910.049995797,4209092.565570078,15,True
hzz_sector_cap2_top15,2023-08-31,-0.017399099250177477,-74014.2031612043,4179895.8468345925,4253910.049995797,15,True
hzz_sector_cap2_top15,2023-09-30,-0.00981321730340535,-41018.22625058938,4138877.620584003,4179895.8468345925,15,True
hzz_sector_cap2_top15,2023-10-31,0.031219080596286003,129211.95401517644,4268089.574599179,4138877.620584003,15,False
hzz_sector_cap2_top15,2023-11-30,0.02583465828950835,110264.63570878287,4378354.210307962,4268089.574599179,15,True
hzz_sector_cap2_top15,2023-12-31,0.014631296540916942,64060.998812188016,4442415.209120151,4378354.210307962,15,True
hzz_sector_cap2_top15,2024-01-31,0.043029529935052074,191155.03822476615,4633570.247344917,4442415.209120151,15,True
hzz_sector_cap2_top15,2024-02-29,0.023620141690826605,109445.58577668542,4743015.833121602,4633570.247344917,15,True
hzz_sector_cap2_top15,2024-03-31,-0.007057402109019742,-33473.36994378643,4709542.463177816,4743015.833121602,15,True
hzz_sector_cap2_top15,2024-04-30,0.026027664734168766,122578.39228292355,4832120.85546074,4709542.463177816,15,True
hzz_sector_cap2_top15,2024-05-31,0.007139703917700883,34499.91220253718,4866620.767663277,4832120.85546074,15,True
hzz_sector_cap2_top15,2024-06-30,0.0005426900394951062,2641.0666166108876,4869261.834279887,4866620.767663277,15,True
hzz_sector_cap2_top15,2024-07-31,0.000694135005740259,3379.9250912886937,4872641.759371176,4869261.834279887,15,True
hzz_sector_cap2_top15,2024-08-31,0.024507570759869167,119416.6127052825,4992058.372076459,4872641.759371176,15,True
hzz_sector_cap2_top15,2024-09-30,-0.007903426286000756,-39454.36535911923,4952604.00671734,4992058.372076459,15,True
hzz_sector_cap2_top15,2024-10-31,0.04310019420157551,213458.19449301832,5166062.201210358,4952604.00671734,15,True
hzz_sector_cap2_top15,2024-11-30,-0.02276976791908479,-117630.03737711617,5048432.163833242,5166062.201210358,15,True
hzz_sector_cap2_top15,2024-12-31,0.012145894620569215,61317.72506101077,5109749.8888942525,5048432.163833242,15,True
hzz_sector_cap2_top15,2025-01-31,-0.0026808030491631434,-13698.233082608745,5096051.655811644,5109749.8888942525,15,True
hzz_sector_cap2_top15,2025-02-28,-0.01409247010247099,-71815.95560017337,5024235.700211471,5096051.655811644,15,True
hzz_sector_cap2_top15,2025-03-31,-0.002771764090205779,-13925.996094576043,5010309.704116895,5024235.700211471,15,False
hzz_sector_cap2_top15,2025-04-30,0.014361043988008923,71953.2780543707,5082262.982171265,5010309.704116895,15,False
hzz_sector_cap2_top15,2025-05-31,0.008448575339066722,42937.88169782385,5125200.86386909,5082262.982171265,15,True
hzz_sector_cap2_top15,2025-06-30,0.010152231946104739,52032.22794037538,5177233.091809465,5125200.86386909,15,True
hzz_sector_cap2_top15,2025-07-31,0.011911948787518688,61670.93545068138,5238904.027260146,5177233.091809465,15,True
hzz_sector_cap2_top15,2025-08-31,0.034887206768469396,182770.72803919174,5421674.755299338,5238904.027260146,15,True
hzz_sector_cap2_top15,2025-09-30,0.0017095830868834147,9268.803464242525,5430943.55876358,5421674.755299338,15,True
hzz_sector_cap2_top15,2025-10-31,-0.003422499523106499,-18587.401739886667,5412356.157023693,5430943.55876358,15,True
hzz_sector_cap2_top15,2025-11-30,-0.0030533376505486247,-16525.750832419108,5395830.4061912745,5412356.157023693,15,True
hzz_sector_cap2_top15,2025-12-31,0.01710607487749048,92301.47895454781,5488131.885145823,5395830.4061912745,15,True
hzz_sector_cap2_top15,2026-01-31,0.021167981711433286,116172.67537470066,5604304.560520523,5488131.885145823,15,True
hzz_sector_cap2_top15,2026-02-28,-0.029852329234768465,-167301.54487257305,5437003.015647951,5604304.560520523,15,True
hzz_sector_cap2_top15,2026-03-31,0.03109904955130233,169085.62619421582,5606088.641842166,5437003.015647951,15,False
hzz_sector_cap2_top15,2026-04-30,0.027421393525020075,153726.76278409935,5759815.404626265,5606088.641842166,15,True
hzz_sector_cap2_top15,2026-05-31,0.0,0.0,5759815.404626265,5759815.404626265,0,True
hzz_low_vol_factor_top10,2006-06-30,0.0,0.0,1000000.0,1000000.0,0,False
hzz_low_vol_factor_top10,2006-07-31,0.0,0.0,1000000.0,1000000.0,0,False
hzz_low_vol_factor_top10,2006-08-31,0.0,0.0,1000000.0,1000000.0,0,False
hzz_low_vol_factor_top10,2006-09-30,0.0,0.0,1000000.0,1000000.0,0,False
hzz_low_vol_factor_top10,2006-10-31,0.0,0.0,1000000.0,1000000.0,0,False
hzz_low_vol_factor_top10,2006-11-30,0.0,0.0,1000000.0,1000000.0,0,False
hzz_low_vol_factor_top10,2006-12-31,0.0,0.0,1000000.0,1000000.0,0,False
hzz_low_vol_factor_top10,2007-01-31,0.0,0.0,1000000.0,1000000.0,0,False
hzz_low_vol_factor_top10,2007-02-28,0.0,0.0,1000000.0,1000000.0,0,False
hzz_low_vol_factor_top10,2007-03-31,0.0,0.0,1000000.0,1000000.0,0,True
hzz_low_vol_factor_top10,2007-04-30,0.0,0.0,1000000.0,1000000.0,0,True
hzz_low_vol_factor_top10,2007-05-31,0.0,0.0,1000000.0,1000000.0,0,True
hzz_low_vol_factor_top10,2007-06-30,0.0,0.0,1000000.0,1000000.0,0,True
hzz_low_vol_factor_top10,2007-07-31,0.0,0.0,1000000.0,1000000.0,0,True
hzz_low_vol_factor_top10,2007-08-31,0.0,0.0,1000000.0,1000000.0,0,True
hzz_low_vol_factor_top10,2007-09-30,0.0,0.0,1000000.0,1000000.0,0,True
hzz_low_vol_factor_top10,2007-10-31,0.0,0.0,1000000.0,1000000.0,0,True
hzz_low_vol_factor_top10,2007-11-30,0.0,0.0,1000000.0,1000000.0,0,False
hzz_low_vol_factor_top10,2007-12-31,0.0,0.0,1000000.0,1000000.0,0,False
hzz_low_vol_factor_top10,2008-01-31,0.0,0.0,1000000.0,1000000.0,0,False
hzz_low_vol_factor_top10,2008-02-29,0.0,0.0,1000000.0,1000000.0,0,False
hzz_low_vol_factor_top10,2008-03-31,0.0,0.0,1000000.0,1000000.0,0,False
hzz_low_vol_factor_top10,2008-04-30,0.0,0.0,1000000.0,1000000.0,0,False
hzz_low_vol_factor_top10,2008-05-31,0.0,0.0,1000000.0,1000000.0,0,False
hzz_low_vol_factor_top10,2008-06-30,0.0,0.0,1000000.0,1000000.0,0,False
hzz_low_vol_factor_top10,2008-07-31,0.0,0.0,1000000.0,1000000.0,0,False
hzz_low_vol_factor_top10,2008-08-31,0.0,0.0,1000000.0,1000000.0,0,False
hzz_low_vol_factor_top10,2008-09-30,0.0,0.0,1000000.0,1000000.0,0,False
hzz_low_vol_factor_top10,2008-10-31,0.0,0.0,1000000.0,1000000.0,0,False
hzz_low_vol_factor_top10,2008-11-30,0.0,0.0,1000000.0,1000000.0,0,False
hzz_low_vol_factor_top10,2008-12-31,0.0,0.0,1000000.0,1000000.0,0,False
hzz_low_vol_factor_top10,2009-01-31,0.0,0.0,1000000.0,1000000.0,0,False
hzz_low_vol_factor_top10,2009-02-28,0.0,0.0,1000000.0,1000000.0,0,False
hzz_low_vol_factor_top10,2009-03-31,0.0,0.0,1000000.0,1000000.0,0,False
hzz_low_vol_factor_top10,2009-04-30,0.0,0.0,1000000.0,1000000.0,0,False
hzz_low_vol_factor_top10,2009-05-31,0.0,0.0,1000000.0,1000000.0,0,False
hzz_low_vol_factor_top10,2009-06-30,0.0,0.0,1000000.0,1000000.0,0,True
hzz_low_vol_factor_top10,2009-07-31,0.0,0.0,1000000.0,1000000.0,0,True
hzz_low_vol_factor_top10,2009-08-31,0.0,0.0,1000000.0,1000000.0,0,True
hzz_low_vol_factor_top10,2009-09-30,0.0,0.0,1000000.0,1000000.0,0,True
hzz_low_vol_factor_top10,2009-10-31,0.0,0.0,1000000.0,1000000.0,0,True
hzz_low_vol_factor_top10,2009-11-30,0.0,0.0,1000000.0,1000000.0,0,True
hzz_low_vol_factor_top10,2009-12-31,0.0,0.0,1000000.0,1000000.0,0,True
hzz_low_vol_factor_top10,2010-01-31,0.0,0.0,1000000.0,1000000.0,0,True
hzz_low_vol_factor_top10,2010-02-28,0.0,0.0,1000000.0,1000000.0,0,True
hzz_low_vol_factor_top10,2010-03-31,0.0,0.0,1000000.0,1000000.0,0,True
hzz_low_vol_factor_top10,2010-04-30,0.0,0.0,1000000.0,1000000.0,0,True
hzz_low_vol_factor_top10,2010-05-31,0.0,0.0,1000000.0,1000000.0,0,False
hzz_low_vol_factor_top10,2010-06-30,0.0,0.0,1000000.0,1000000.0,0,False
hzz_low_vol_factor_top10,2010-07-31,0.0,0.0,1000000.0,1000000.0,0,True
hzz_low_vol_factor_top10,2010-08-31,0.0,0.0,1000000.0,1000000.0,0,False
hzz_low_vol_factor_top10,2010-09-30,0.0,0.0,1000000.0,1000000.0,0,True
hzz_low_vol_factor_top10,2010-10-31,0.0,0.0,1000000.0,1000000.0,0,True
hzz_low_vol_factor_top10,2010-11-30,-0.030319413960005967,-30319.413960005968,969680.586039994,1000000.0,10,True
hzz_low_vol_factor_top10,2010-12-31,0.00856074093565068,8301.184287418317,977981.7703274123,969680.586039994,9,True
hzz_low_vol_factor_top10,2011-01-31,0.05219948990371889,51050.14954622689,1029031.9198736391,977981.7703274123,9,True
hzz_low_vol_factor_top10,2011-02-28,0.03611922814133598,37167.838678632936,1066199.758552272,1029031.9198736391,10,True
hzz_low_vol_factor_top10,2011-03-31,0.010258314961525523,10937.412935131673,1077137.1714874038,1066199.758552272,10,True
hzz_low_vol_factor_top10,2011-04-30,-0.003449526914364505,-3715.613663508255,1073421.5578238955,1077137.1714874038,10,True
hzz_low_vol_factor_top10,2011-05-31,-0.017350489804106004,-18624.389794531082,1054797.1680293644,1073421.5578238955,10,True
hzz_low_vol_factor_top10,2011-06-30,-0.0052884200083096015,-5578.210448114795,1049218.9575812495,1054797.1680293644,10,True
hzz_low_vol_factor_top10,2011-07-31,-0.0795975526861052,-83515.26125533388,965703.6963259156,1049218.9575812495,10,True
hzz_low_vol_factor_top10,2011-08-31,-0.04493905943398094,-43397.8158048054,922305.8805211103,965703.6963259156,9,False
hzz_low_vol_factor_top10,2011-09-30,0.15576770717512842,143665.4723229113,1065971.3528440215,922305.8805211103,9,False
hzz_low_vol_factor_top10,2011-10-31,0.03526020064295046,37586.36378091754,1103557.716624939,1065971.3528440215,10,False
hzz_low_vol_factor_top10,2011-11-30,0.011603036518065341,12804.620485791973,1116362.337110731,1103557.716624939,10,False
hzz_low_vol_factor_top10,2011-12-31,0.03343046684166681,37320.51409406596,1153682.851204797,1116362.337110731,10,False
hzz_low_vol_factor_top10,2012-01-31,0.04320850405358706,49848.910152836346,1203531.7613576332,1153682.851204797,10,True
hzz_low_vol_factor_top10,2012-02-29,0.028889709238836287,34769.682645326524,1238301.4440029596,1203531.7613576332,10,True
hzz_low_vol_factor_top10,2012-03-31,0.0411570059441612,50964.77989149321,1289266.223894453,1238301.4440029596,10,True
hzz_low_vol_factor_top10,2012-04-30,-0.018933326157610456,-24410.097920984506,1264856.1259734684,1289266.223894453,10,True
hzz_low_vol_factor_top10,2012-05-31,0.025276782158170107,31971.492757658325,1296827.6187311267,1264856.1259734684,10,True
hzz_low_vol_factor_top10,2012-06-30,0.021823172564007794,28300.89290934068,1325128.5116404674,1296827.6187311267,10,True
hzz_low_vol_factor_top10,2012-07-31,-0.0034004413403625963,-4506.021772275403,1320622.489868192,1325128.5116404674,10,True
hzz_low_vol_factor_top10,2012-08-31,0.005226893675230785,6902.7533396595845,1327525.2432078517,1320622.489868192,10,True
hzz_low_vol_factor_top10,2012-09-30,0.004497728187123799,5970.847705494331,1333496.090913346,1327525.2432078517,10,True
hzz_low_vol_factor_top10,2012-10-31,0.035237226443717184,46988.703717325254,1380484.7946306714,1333496.090913346,10,True
hzz_low_vol_factor_top10,2012-11-30,0.0020190766816206365,2787.3046581706417,1383272.099288842,1380484.7946306714,10,True
hzz_low_vol_factor_top10,2012-12-31,0.005122054740657749,7085.1954137820085,1390357.294702624,1383272.099288842,10,True
hzz_low_vol_factor_top10,2013-01-31,-0.010670226665433314,-14835.427480415663,1375521.8672222083,1390357.294702624,10,True
hzz_low_vol_factor_top10,2013-02-28,0.0637451424133842,87682.83731880382,1463204.7045410122,1375521.8672222083,10,True
hzz_low_vol_factor_top10,2013-03-31,0.0326143033881236,47721.40215283032,1510926.1066938424,1463204.7045410122,10,True
hzz_low_vol_factor_top10,2013-04-30,0.026343356152582036,39802.86454887006,1550728.9712427126,1510926.1066938424,10,True
hzz_low_vol_factor_top10,2013-05-31,-0.04225213664288132,-65521.612389021866,1485207.3588536908,1550728.9712427126,10,True
hzz_low_vol_factor_top10,2013-06-30,0.05790725770823653,86004.28527931,1571211.6441330009,1485207.3588536908,10,True
hzz_low_vol_factor_top10,2013-07-31,-0.028954319500656696,-45493.36394737902,1525718.280185622,1571211.6441330009,10,True
hzz_low_vol_factor_top10,2013-08-31,0.015020784891137586,22917.486091144612,1548635.7662767665,1525718.280185622,10,True
hzz_low_vol_factor_top10,2013-09-30,0.0063879345917185835,9892.583981371972,1558528.3502581385,1548635.7662767665,10,True
hzz_low_vol_factor_top10,2013-10-31,0.028400873491679652,44263.566508877586,1602791.916767016,1558528.3502581385,10,True
hzz_low_vol_factor_top10,2013-11-30,0.011519182934418025,18462.853295045767,1621254.7700620617,1602791.916767016,10,True
hzz_low_vol_factor_top10,2013-12-31,-0.0014902247069879127,-2416.033914668492,1618838.7361473932,1621254.7700620617,10,True
hzz_low_vol_factor_top10,2014-01-31,0.049125577866536325,79526.38838597402,1698365.1245333673,1618838.7361473932,10,True
hzz_low_vol_factor_top10,2014-02-28,0.017212632125191057,29233.33410284715,1727598.4586362145,1698365.1245333673,10,True
hzz_low_vol_factor_top10,2014-03-31,-0.0007532905183840253,-1301.383538465517,1726297.075097749,1727598.4586362145,10,True
hzz_low_vol_factor_top10,2014-04-30,0.036747580058186985,63437.239971368566,1789734.3150691176,1726297.075097749,10,True
hzz_low_vol_factor_top10,2014-05-31,0.014672704725645998,26260.243142365445,1815994.558211483,1789734.3150691176,10,True
hzz_low_vol_factor_top10,2014-06-30,-0.00658833700514553,-11964.384149007623,1804030.1740624753,1815994.558211483,10,True
hzz_low_vol_factor_top10,2014-07-31,0.046223559584268846,83388.69624259573,1887418.8703050711,1804030.1740624753,10,True
hzz_low_vol_factor_top10,2014-08-31,-0.0010731924827811737,-2025.5637434707373,1885393.3065616004,1887418.8703050711,10,True
hzz_low_vol_factor_top10,2014-09-30,0.0027577940903117607,5199.526518748931,1890592.8330803493,1885393.3065616004,10,True
hzz_low_vol_factor_top10,2014-10-31,0.012241478556171465,23143.651624604554,1913736.4847049539,1890592.8330803493,10,True
hzz_low_vol_factor_top10,2014-11-30,-0.01626006595471109,-31117.481461239495,1882619.0032437143,1913736.4847049539,10,True
hzz_low_vol_factor_top10,2014-12-31,-0.00871632325245977,-16409.515793495822,1866209.4874502185,1882619.0032437143,10,True
hzz_low_vol_factor_top10,2015-01-31,0.02401148877623114,44810.46816200699,1911019.9556122255,1866209.4874502185,10,True
hzz_low_vol_factor_top10,2015-02-28,0.010621782482695014,20298.438288602538,1931318.393900828,1911019.9556122255,10,True
hzz_low_vol_factor_top10,2015-03-31,-0.010127543392962918,-19559.510839858085,1911758.8830609699,1931318.393900828,10,True
hzz_low_vol_factor_top10,2015-04-30,0.012407542496906161,23720.22958541684,1935479.1126463867,1911758.8830609699,10,True
hzz_low_vol_factor_top10,2015-05-31,-0.006620094659784138,-12813.054937754086,1922666.0577086327,1935479.1126463867,10,True
hzz_low_vol_factor_top10,2015-06-30,0.017453409494135135,33557.07802566322,1956223.135734296,1922666.0577086327,10,True
hzz_low_vol_factor_top10,2015-07-31,-0.022909997426347372,-44817.0670050339,1911406.068729262,1956223.135734296,10,True
hzz_low_vol_factor_top10,2015-08-31,0.0034765045962099755,6645.01198316092,1918051.080712423,1911406.068729262,10,False
hzz_low_vol_factor_top10,2015-09-30,0.056464117669273575,108301.0619170236,2026352.1426294465,1918051.080712423,10,False
hzz_low_vol_factor_top10,2015-10-31,0.0026144100557129726,5297.715418105952,2031649.8580475524,2026352.1426294465,10,True
hzz_low_vol_factor_top10,2015-11-30,-0.0059493458086940145,-12086.987567708995,2019562.8704798433,2031649.8580475524,10,True
hzz_low_vol_factor_top10,2015-12-31,-0.002890819028879194,-5838.190776001018,2013724.6797038424,2019562.8704798433,10,False
hzz_low_vol_factor_top10,2016-01-31,0.013476557576737748,27138.07658972661,2040862.756293569,2013724.6797038424,10,False
hzz_low_vol_factor_top10,2016-02-29,0.01977689111333117,40361.92050847084,2081224.6768020398,2040862.756293569,10,False
hzz_low_vol_factor_top10,2016-03-31,-0.00923516183581779,-19220.446706964412,2062004.2300950754,2081224.6768020398,10,True
hzz_low_vol_factor_top10,2016-04-30,0.009002673902648816,18563.5516694284,2080567.7817645038,2062004.2300950754,10,True
hzz_low_vol_factor_top10,2016-05-31,0.021776550250012787,45307.58884815236,2125875.370612656,2080567.7817645038,10,True
hzz_low_vol_factor_top10,2016-06-30,0.005684041785650477,12083.564437647532,2137958.9350503036,2125875.370612656,10,True
hzz_low_vol_factor_top10,2016-07-31,0.007969153956071796,17037.72390517517,2154996.6589554786,2137958.9350503036,10,True
hzz_low_vol_factor_top10,2016-08-31,0.00440094311013989,9484.017698604597,2164480.676654083,2154996.6589554786,10,True
hzz_low_vol_factor_top10,2016-09-30,-0.009325845269431768,-20185.611879150954,2144295.0647749323,2164480.676654083,10,True
hzz_low_vol_factor_top10,2016-10-31,0.01220373057485794,26168.39924351083,2170463.464018443,2144295.0647749323,10,True
hzz_low_vol_factor_top10,2016-11-30,-0.0013566894859444439,-2944.6449612603788,2167518.819057183,2170463.464018443,10,True
hzz_low_vol_factor_top10,2016-12-31,0.009724708073157807,21078.48775840686,2188597.30681559,2167518.819057183,10,True
hzz_low_vol_factor_top10,2017-01-31,0.01961102439148936,42920.635167108456,2231517.941982698,2188597.30681559,10,True
hzz_low_vol_factor_top10,2017-02-28,0.00037416190115504194,834.948995633833,2232352.890978332,2231517.941982698,10,True
hzz_low_vol_factor_top10,2017-03-31,0.004492503680326976,10028.853578508722,2242381.744556841,2232352.890978332,10,True
hzz_low_vol_factor_top10,2017-04-30,0.018877096734081878,42329.65710673877,2284711.40166358,2242381.744556841,10,True
hzz_low_vol_factor_top10,2017-05-31,0.0016389656134822375,3744.5634240574122,2288455.9650876373,2284711.40166358,10,True
hzz_low_vol_factor_top10,2017-06-30,0.00588173384105386,13460.088893617527,2301916.053981255,2288455.9650876373,10,True
hzz_low_vol_factor_top10,2017-07-31,0.01459273766135123,33591.25709420127,2335507.311075456,2301916.053981255,10,True
hzz_low_vol_factor_top10,2017-08-31,0.006535237578162504,15263.095143413586,2350770.4062188696,2335507.311075456,10,True
hzz_low_vol_factor_top10,2017-09-30,0.001657076746047719,3895.406975442439,2354665.813194312,2350770.4062188696,10,True
hzz_low_vol_factor_top10,2017-10-31,0.03078435007871013,72486.85671174437,2427152.6699060565,2354665.813194312,10,True
hzz_low_vol_factor_top10,2017-11-30,-0.0002679078791085495,-650.2533240671848,2426502.4165819893,2427152.6699060565,10,True
hzz_low_vol_factor_top10,2017-12-31,0.015100293971586283,36640.89981315256,2463143.3163951416,2426502.4165819893,10,True
hzz_low_vol_factor_top10,2018-01-31,-0.011631886160804008,-28651.002654053536,2434492.313741088,2463143.3163951416,10,True
hzz_low_vol_factor_top10,2018-02-28,-0.008672200005484304,-21112.404256576956,2413379.909484511,2434492.313741088,10,True
hzz_low_vol_factor_top10,2018-03-31,-0.004342935483949981,-10481.153245152274,2402898.7562393583,2413379.909484511,10,True
hzz_low_vol_factor_top10,2018-04-30,0.03114230026818806,74831.79458086172,2477730.5508202203,2402898.7562393583,10,True
hzz_low_vol_factor_top10,2018-05-31,-0.008638112778109221,-21402.915931751744,2456327.6348884683,2477730.5508202203,10,True
hzz_low_vol_factor_top10,2018-06-30,0.020216911737348152,49659.3589925493,2505986.9938810174,2456327.6348884683,10,True
hzz_low_vol_factor_top10,2018-07-31,0.02212621506978216,55448.007188688265,2561435.001069706,2505986.9938810174,10,True
hzz_low_vol_factor_top10,2018-08-31,0.003971749733197763,10173.378782102016,2571608.379851808,2561435.001069706,10,True
hzz_low_vol_factor_top10,2018-09-30,-0.052565937188001906,-135179.00456742948,2436429.3752843784,2571608.379851808,10,True
hzz_low_vol_factor_top10,2018-10-31,0.01982587780226157,48304.35106822858,2484733.726352607,2436429.3752843784,10,False
hzz_low_vol_factor_top10,2018-11-30,-0.03097350752669847,-76960.91877502401,2407772.807577583,2484733.726352607,10,True
hzz_low_vol_factor_top10,2018-12-31,0.014834095771094612,35717.132422643226,2443489.9400002263,2407772.807577583,10,False
hzz_low_vol_factor_top10,2019-01-31,0.017637447526594515,43096.92559851557,2486586.865598742,2443489.9400002263,10,False
hzz_low_vol_factor_top10,2019-02-28,0.016994265646790817,42257.71774780595,2528844.583346548,2486586.865598742,10,True
hzz_low_vol_factor_top10,2019-03-31,0.014293706907003665,36146.56328771936,2564991.146634267,2528844.583346548,10,True
hzz_low_vol_factor_top10,2019-04-30,-0.013187930840774383,-33826.9258490113,2531164.220785256,2564991.146634267,10,True
hzz_low_vol_factor_top10,2019-05-31,0.022244961991427,56305.65188542796,2587469.872670684,2531164.220785256,10,False
hzz_low_vol_factor_top10,2019-06-30,0.006095170798235993,15771.070809217757,2603240.9434799016,2587469.872670684,10,True
hzz_low_vol_factor_top10,2019-07-31,0.003507886455201719,9131.873645259691,2612372.817125161,2603240.9434799016,10,True
hzz_low_vol_factor_top10,2019-08-31,-0.007680697651351554,-20064.84576094787,2592307.971364213,2612372.817125161,10,True
hzz_low_vol_factor_top10,2019-09-30,0.006378878873644006,16536.01855251413,2608843.9899167274,2592307.971364213,10,True
hzz_low_vol_factor_top10,2019-10-31,0.007448378764925742,19431.6581754999,2628275.6480922275,2608843.9899167274,10,True
hzz_low_vol_factor_top10,2019-11-30,0.014260204433716601,37479.748049954156,2665755.3961421815,2628275.6480922275,10,True
hzz_low_vol_factor_top10,2019-12-31,0.011633137027519481,31011.097805171474,2696766.4939473527,2665755.3961421815,10,True
hzz_low_vol_factor_top10,2020-01-31,-0.033345597642936015,-89925.29044411967,2606841.203503233,2696766.4939473527,10,True
hzz_low_vol_factor_top10,2020-02-29,-0.04603048855679857,-119994.17418724656,2486847.029315986,2606841.203503233,10,False
hzz_low_vol_factor_top10,2020-03-31,0.07378281365637178,183486.57095592315,2670333.6002719095,2486847.029315986,10,False
hzz_low_vol_factor_top10,2020-04-30,0.03611271487238262,96432.99592076242,2766766.596192672,2670333.6002719095,10,False
hzz_low_vol_factor_top10,2020-05-31,-0.0019364248636610049,-5357.635628814217,2761408.9605638576,2766766.596192672,10,True
hzz_low_vol_factor_top10,2020-06-30,0.02545415584949489,70289.33404638412,2831698.294610242,2761408.9605638576,10,True
hzz_low_vol_factor_top10,2020-07-31,0.020496373048172374,58039.54460620503,2889737.839216447,2831698.294610242,10,True
hzz_low_vol_factor_top10,2020-08-31,-0.01846126954495508,-53348.22916403089,2836389.610052416,2889737.839216447,10,True
hzz_low_vol_factor_top10,2020-09-30,-0.002544242903368288,-7216.464136563405,2829173.145915853,2836389.610052416,10,True
hzz_low_vol_factor_top10,2020-10-31,0.01240622220957151,35099.35071758455,2864272.4966334375,2829173.145915853,10,True
hzz_low_vol_factor_top10,2020-11-30,0.015383351385179767,44062.1102786183,2908334.606912056,2864272.4966334375,10,True
hzz_low_vol_factor_top10,2020-12-31,-0.0055143010567515645,-16037.432596282297,2892297.174315774,2908334.606912056,10,True
hzz_low_vol_factor_top10,2021-01-31,0.003038893650643273,8789.383518801686,2901086.5578345754,2892297.174315774,10,True
hzz_low_vol_factor_top10,2021-02-28,-0.011975347271475851,-34741.51899467955,2866345.0388398957,2901086.5578345754,10,True
hzz_low_vol_factor_top10,2021-03-31,0.019080244122416372,54690.56308014225,2921035.601920038,2866345.0388398957,10,True
hzz_low_vol_factor_top10,2021-04-30,-0.004992493643797546,-14583.251675892128,2906452.350244146,2921035.601920038,10,True
hzz_low_vol_factor_top10,2021-05-31,0.0030033259563224213,8729.023784302548,2915181.3740284485,2906452.350244146,10,True
hzz_low_vol_factor_top10,2021-06-30,0.0028483228963360973,8303.377854617755,2923484.7518830663,2915181.3740284485,10,True
hzz_low_vol_factor_top10,2021-07-31,0.002248680963069185,6573.984507382491,2930058.7363904486,2923484.7518830663,10,True
hzz_low_vol_factor_top10,2021-08-31,-0.021112753846788616,-61861.608858044034,2868197.1275324044,2930058.7363904486,10,True
hzz_low_vol_factor_top10,2021-09-30,0.016965955438126658,48661.70465347765,2916858.832185882,2868197.1275324044,10,True
hzz_low_vol_factor_top10,2021-10-31,-0.005266109583881188,-15360.498251002564,2901498.3339348794,2916858.832185882,10,True
hzz_low_vol_factor_top10,2021-11-30,0.008662505032125435,25134.243918414457,2926632.5778532936,2901498.3339348794,10,True
hzz_low_vol_factor_top10,2021-12-31,-0.024953973291398895,-73031.11118148899,2853601.4666718044,2926632.5778532936,10,True
hzz_low_vol_factor_top10,2022-01-31,-0.020802182053418442,-59361.13721760875,2794240.3294541957,2853601.4666718044,10,True
hzz_low_vol_factor_top10,2022-02-28,0.00033919425962672275,947.7902797683457,2795188.119733964,2794240.3294541957,10,False
hzz_low_vol_factor_top10,2022-03-31,-0.017042876029725217,-47638.044604386676,2747550.0751295774,2795188.119733964,10,True
hzz_low_vol_factor_top10,2022-04-30,0.04708676910733393,129373.25599846439,2876923.3311280417,2747550.0751295774,10,False
hzz_low_vol_factor_top10,2022-05-31,-0.05108392776548965,-146964.54363419674,2729958.787493845,2876923.3311280417,10,False
hzz_low_vol_factor_top10,2022-06-30,0.020407853547654186,55712.599126305984,2785671.386620151,2729958.787493845,10,False
hzz_low_vol_factor_top10,2022-07-31,0.004407820747633999,12278.740134034671,2797950.1267541857,2785671.386620151,10,False
hzz_low_vol_factor_top10,2022-08-31,-0.023873346614599607,-66796.43318636558,2731153.69356782,2797950.1267541857,10,False
hzz_low_vol_factor_top10,2022-09-30,0.040434295553076614,110432.27564659808,2841585.969214418,2731153.69356782,10,False
hzz_low_vol_factor_top10,2022-10-31,0.02596954602495319,73794.69761137504,2915380.666825793,2841585.969214418,10,False
hzz_low_vol_factor_top10,2022-11-30,-0.02215154049056112,-64580.17288659063,2850800.4939392027,2915380.666825793,10,True
hzz_low_vol_factor_top10,2022-12-31,0.012587788633665623,35885.27405445624,2886685.767993659,2850800.4939392027,10,False
hzz_low_vol_factor_top10,2023-01-31,-0.004486444376309507,-12950.95512998784,2873734.8128636708,2886685.767993659,10,True
hzz_low_vol_factor_top10,2023-02-28,0.007498780695961355,21549.50714001421,2895284.320003685,2873734.8128636708,10,True
hzz_low_vol_factor_top10,2023-03-31,-0.004755890135511857,-13769.654137007681,2881514.665866677,2895284.320003685,10,True
hzz_low_vol_factor_top10,2023-04-30,-0.016917705300030613,-48748.615934848625,2832766.0499318284,2881514.665866677,10,True
hzz_low_vol_factor_top10,2023-05-31,0.027414167983593207,77657.92435105093,2910423.9742828794,2832766.0499318284,10,True
hzz_low_vol_factor_top10,2023-06-30,0.028349364806166108,82508.67098755715,2992932.6452704365,2910423.9742828794,10,True
hzz_low_vol_factor_top10,2023-07-31,-0.007353692222985069,-22009.10551744334,2970923.5397529933,2992932.6452704365,10,True
hzz_low_vol_factor_top10,2023-08-31,-0.018159424385537835,-53950.26137535889,2916973.2783776345,2970923.5397529933,10,True
hzz_low_vol_factor_top10,2023-09-30,-0.011087506348425992,-32341.959742200997,2884631.3186354334,2916973.2783776345,10,True
hzz_low_vol_factor_top10,2023-10-31,0.04464219388901902,128776.27062485964,3013407.589260293,2884631.3186354334,10,False
hzz_low_vol_factor_top10,2023-11-30,0.02070306511800567,62386.773547548335,3075794.3628078415,3013407.589260293,10,True
hzz_low_vol_factor_top10,2023-12-31,0.02822004382078116,86799.05170214895,3162593.4145099903,3075794.3628078415,10,True
hzz_low_vol_factor_top10,2024-01-31,0.045671148343083445,144439.27298294456,3307032.687492935,3162593.4145099903,10,True
hzz_low_vol_factor_top10,2024-02-29,0.02082831773218073,68879.9275658104,3375912.6150587453,3307032.687492935,10,True
hzz_low_vol_factor_top10,2024-03-31,-0.0074946530414649925,-25301.29374817006,3350611.321310575,3375912.6150587453,10,True
hzz_low_vol_factor_top10,2024-04-30,0.03209851972696009,107549.6635944633,3458160.9849050385,3350611.321310575,10,True
hzz_low_vol_factor_top10,2024-05-31,0.008011952968900234,27706.623169944876,3485867.6080749836,3458160.9849050385,10,True
hzz_low_vol_factor_top10,2024-06-30,0.005431165751784368,18932.324768231345,3504799.932843215,3485867.6080749836,10,True
hzz_low_vol_factor_top10,2024-07-31,0.007689630450868089,26950.616287791618,3531750.5491310065,3504799.932843215,10,True
hzz_low_vol_factor_top10,2024-08-31,0.020361877629091744,71913.07249788313,3603663.62162889,3531750.5491310065,10,True
hzz_low_vol_factor_top10,2024-09-30,0.0018954548375218806,6830.581644418099,3610494.203273308,3603663.62162889,10,True
hzz_low_vol_factor_top10,2024-10-31,0.034538940257769324,124702.64358787924,3735196.8468611874,3610494.203273308,10,True
hzz_low_vol_factor_top10,2024-11-30,-0.020902929796539918,-78076.55746619667,3657120.2893949905,3735196.8468611874,10,True
hzz_low_vol_factor_top10,2024-12-31,0.005684102544076424,20787.44674094357,3677907.736135934,3657120.2893949905,10,True
hzz_low_vol_factor_top10,2025-01-31,-0.002276930220832369,-8374.33927384107,3669533.396862093,3677907.736135934,10,True
hzz_low_vol_factor_top10,2025-02-28,-0.011502241101889915,-42207.85786214488,3627325.538999948,3669533.396862093,10,True
hzz_low_vol_factor_top10,2025-03-31,-0.0031030897298964044,-11255.916627061679,3616069.6223728866,3627325.538999948,10,False
hzz_low_vol_factor_top10,2025-04-30,0.011401447672869046,41228.4285809358,3657298.050953822,3616069.6223728866,10,False
hzz_low_vol_factor_top10,2025-05-31,-0.003195523279570434,-11686.981062150515,3645611.0698916717,3657298.050953822,10,True
hzz_low_vol_factor_top10,2025-06-30,-0.0027352851528168265,-9971.785832419355,3635639.284059252,3645611.0698916717,10,True
hzz_low_vol_factor_top10,2025-07-31,0.00838270113335984,30476.477546971048,3666115.761606223,3635639.284059252,10,True
hzz_low_vol_factor_top10,2025-08-31,0.016655637249068784,61061.494238406776,3727177.25584463,3666115.761606223,10,True
hzz_low_vol_factor_top10,2025-09-30,0.0026000804517762326,9690.960723226604,3736868.2165678563,3727177.25584463,10,True
hzz_low_vol_factor_top10,2025-10-31,0.01635538405911608,61117.91486027145,3797986.1314281276,3736868.2165678563,10,True
hzz_low_vol_factor_top10,2025-11-30,-0.005874671173474701,-22311.91964355752,3775674.21178457,3797986.1314281276,10,True
hzz_low_vol_factor_top10,2025-12-31,0.027601953507704825,104215.98405391777,3879890.1958384877,3775674.21178457,10,True
hzz_low_vol_factor_top10,2026-01-31,0.029286214968203283,113627.29832835028,3993517.494166838,3879890.1958384877,10,True
hzz_low_vol_factor_top10,2026-02-28,-0.02042820305856787,-81580.38628878331,3911937.1078780545,3993517.494166838,10,True
hzz_low_vol_factor_top10,2026-03-31,0.02617050126382274,102377.3550257177,4014314.462903772,3911937.1078780545,10,False
hzz_low_vol_factor_top10,2026-04-30,0.03830613999096693,153772.8917837551,4168087.3546875273,4014314.462903772,10,True
hzz_low_vol_factor_top10,2026-05-31,0.0,0.0,4168087.3546875273,4168087.3546875273,0,True
