date,ticker,reason,is_buy,status,exectype,size,price,value,commission
2011-06-02,BIIB,rebalance_entry,True,Completed,0,1073,93.4,100218.20000000001,0.0
2011-06-02,BKNG,rebalance_entry,True,Completed,0,5022,19.9481503449,100179.6110320878,0.0
2011-06-02,CF,rebalance_entry,True,Completed,0,4828,20.7228355809,100049.8501845852,0.0
2011-06-02,DPZ,rebalance_entry,True,Completed,0,5121,19.5000655384,99859.8356221464,0.0
2011-06-02,MO,rebalance_entry,True,Completed,0,9008,11.1003285149,99991.75926221919,0.0
2011-06-02,NFLX,rebalance_entry,True,Completed,0,26191,3.800710485,99544.408312635,0.0
2011-06-02,ROST,rebalance_entry,True,Completed,0,5998,16.5846236196,99474.57247036078,0.0
2011-06-02,TPL,rebalance_entry,True,Completed,0,21529,4.6142444579,99340.0689341291,0.0
2011-06-02,VRSN,rebalance_entry,True,Completed,0,2940,34.082724153,100203.20900982,0.0
2011-06-02,YUM,rebalance_entry,True,Completed,0,3423,29.1852205306,99901.0098762438,0.0
2011-06-08,DPZ,stop_loss,False,Completed,3,-5121,18.52506226148,99859.8356221464,0.0
2011-06-08,DPZ,take_profit,False,Canceled,2,0,0.0,0.0,0.0
2011-06-13,BKNG,stop_loss,False,Completed,3,-5022,18.950742827655,100179.6110320878,0.0
2011-06-13,BKNG,take_profit,False,Canceled,2,0,0.0,0.0,0.0
2011-06-13,ROST,stop_loss,False,Completed,3,-5998,15.755392438619998,99474.57247036078,0.0
2011-06-13,ROST,take_profit,False,Canceled,2,0,0.0,0.0,0.0
2011-06-16,CF,stop_loss,False,Completed,3,-4828,19.686693801855,100049.8501845852,0.0
2011-06-16,CF,take_profit,False,Canceled,2,0,0.0,0.0,0.0
2011-06-16,NFLX,stop_loss,False,Completed,3,-26191,3.6106749607499995,99544.408312635,0.0
2011-06-16,NFLX,take_profit,False,Canceled,2,0,0.0,0.0,0.0
2011-06-16,VRSN,stop_loss,False,Completed,3,-2940,32.37858794535,100203.20900982,0.0
2011-06-16,VRSN,take_profit,False,Canceled,2,0,0.0,0.0,0.0
2011-06-23,TPL,stop_loss,False,Completed,3,-21529,4.383532235005,99340.0689341291,0.0
2011-06-23,TPL,take_profit,False,Canceled,2,0,0.0,0.0,0.0
2011-06-28,MO,stop_loss,False,Completed,3,-9008,10.545312089154999,99991.75926221919,0.0
2011-06-28,MO,take_profit,False,Canceled,2,0,0.0,0.0,0.0
2011-07-05,BKNG,rebalance_entry,True,Completed,0,4852,20.6161123862,100029.37729784241,0.0
2011-07-05,CF,rebalance_entry,True,Completed,0,5125,19.7300411637,101116.46096396251,0.0
2011-07-05,DPZ,rebalance_entry,True,Completed,0,4889,20.5075953689,100261.6337585521,0.0
2011-07-05,MO,rebalance_entry,True,Completed,0,9348,10.6804050396,99840.4263101808,0.0
2011-07-05,NFLX,rebalance_entry,True,Completed,0,26120,3.9428532,102987.325584,0.0
2011-07-05,TSCO,rebalance_entry,True,Completed,0,18033,5.5746539909,100527.7354178997,0.0
2011-07-05,VRSN,rebalance_entry,True,Completed,0,2996,33.2552822949,99632.8257555204,0.0
2011-07-26,NFLX,stop_loss,False,Completed,3,-26120,3.6514249199999997,102987.325584,0.0
2011-07-26,NFLX,take_profit,False,Canceled,2,0,0.0,0.0,0.0
2011-07-28,VRSN,stop_loss,False,Completed,3,-2996,31.592518180154997,99632.8257555204,0.0
2011-07-28,VRSN,take_profit,False,Canceled,2,0,0.0,0.0,0.0
2011-07-29,TSCO,stop_loss,False,Completed,3,-18033,5.295921291355,100527.7354178997,0.0
2011-07-29,TSCO,take_profit,False,Canceled,2,0,0.0,0.0,0.0
2011-08-02,BIIB,stop_loss,False,Canceled,3,0,0.0,0.0,0.0
2011-08-02,BIIB,take_profit,False,Canceled,2,0,0.0,0.0,0.0
2011-08-02,CF,stop_loss,False,Canceled,3,0,0.0,0.0,0.0
2011-08-02,CF,take_profit,False,Canceled,2,0,0.0,0.0,0.0
2011-08-02,DPZ,stop_loss,False,Canceled,3,0,0.0,0.0,0.0
2011-08-02,DPZ,take_profit,False,Canceled,2,0,0.0,0.0,0.0
2011-08-02,MO,stop_loss,False,Canceled,3,0,0.0,0.0,0.0
2011-08-02,MO,take_profit,False,Canceled,2,0,0.0,0.0,0.0
2011-08-02,YUM,stop_loss,False,Canceled,3,0,0.0,0.0,0.0
2011-08-02,YUM,take_profit,False,Canceled,2,0,0.0,0.0,0.0
2011-08-02,NDSN,rebalance_entry,True,Margin,0,0,0.0,0.0,0.0
2011-08-02,NFLX,rebalance_entry,True,Margin,0,0,0.0,0.0,0.0
2011-08-02,TPR,rebalance_entry,True,Margin,0,0,0.0,0.0,0.0
2011-08-02,TSCO,rebalance_entry,True,Margin,0,0,0.0,0.0,0.0
2011-08-02,VRSN,rebalance_entry,True,Margin,0,0,0.0,0.0,0.0
2011-08-02,ACN,rebalance_entry,True,Completed,0,2252,44.0765984141,99260.4996285532,0.0
2011-08-02,FCX,rebalance_entry,True,Completed,0,2473,40.0739512498,99102.88144075539,0.0
2011-08-02,LULU,rebalance_entry,True,Completed,0,1609,61.879999999999995,99564.92,0.0
2011-08-03,FCX,stop_loss,False,Completed,3,-2473,38.07025368730999,99102.88144075539,0.0
2011-08-03,FCX,take_profit,False,Canceled,2,0,0.0,0.0,0.0
2011-08-03,LULU,stop_loss,False,Completed,3,-1609,58.78599999999999,99564.92,0.0
2011-08-03,LULU,take_profit,False,Canceled,2,0,0.0,0.0,0.0
2011-08-03,BIIB,rebalance_exit,False,Completed,0,-1073,99.51,100218.20000000001,0.0
2011-08-03,CF,rebalance_exit,False,Completed,0,-5125,21.6093590463,101116.46096396251,0.0
2011-08-03,DPZ,rebalance_exit,False,Completed,0,-4889,20.4837954516,100261.6337585521,0.0
2011-08-03,MO,rebalance_exit,False,Completed,0,-9348,10.5312261093,99840.4263101808,0.0
2011-08-03,YUM,rebalance_exit,False,Completed,0,-3423,27.3502115988,99901.0098762438,0.0
2011-08-04,BKNG,stop_loss,False,Completed,3,-4852,19.58530676689,100029.37729784241,0.0
2011-08-04,BKNG,take_profit,False,Canceled,2,0,0.0,0.0,0.0
2011-08-05,ACN,stop_loss,False,Completed,3,-2252,41.87276849339499,99260.4996285532,0.0
2011-08-05,ACN,take_profit,False,Canceled,2,0,0.0,0.0,0.0
2011-09-02,AAPL,rebalance_entry,True,Completed,0,8767,11.2176515618,98345.1512423006,0.0
2011-09-02,CF,rebalance_entry,True,Completed,0,3909,24.9672325514,97596.91204342259,0.0
2011-09-02,DECK,rebalance_entry,True,Completed,0,6731,14.6066666667,98317.4733335577,0.0
2011-09-02,DLTR,rebalance_entry,True,Completed,0,2786,35.285,98304.01,0.0
2011-09-02,IBM,rebalance_entry,True,Completed,0,1048,93.8817828141,98388.1083891768,0.0
2011-09-02,LULU,rebalance_entry,True,Completed,0,1833,53.02,97185.66,0.0
2011-09-02,MNST,rebalance_entry,True,Completed,0,14272,6.818326515,97311.15602208,0.0
2011-09-02,NFLX,rebalance_entry,True,Completed,0,30008,2.9815684470000003,89470.905957576,0.0
2011-09-02,VRSN,rebalance_entry,True,Completed,0,3297,29.8667108762,98470.5457588314,0.0
2011-09-06,DECK,stop_loss,False,Completed,3,-6731,13.6733333333,98317.4733335577,0.0
2011-09-06,DECK,take_profit,False,Canceled,2,0,0.0,0.0,0.0
2011-09-09,VRSN,stop_loss,False,Completed,3,-3297,28.373375332389994,98470.5457588314,0.0
2011-09-09,VRSN,take_profit,False,Canceled,2,0,0.0,0.0,0.0
2011-09-12,IBM,stop_loss,False,Completed,3,-1048,89.187693673395,98388.1083891768,0.0
2011-09-12,IBM,take_profit,False,Canceled,2,0,0.0,0.0,0.0
2011-09-15,NFLX,stop_loss,False,Completed,3,-30008,2.524711761,89470.905957576,0.0
2011-09-15,NFLX,take_profit,False,Canceled,2,0,0.0,0.0,0.0
2011-09-20,CF,stop_loss,False,Completed,3,-3909,23.718870923829996,97596.91204342259,0.0
2011-09-20,CF,take_profit,False,Canceled,2,0,0.0,0.0,0.0
2011-09-29,LULU,stop_loss,False,Completed,3,-1833,50.369,97185.66,0.0
2011-09-29,LULU,take_profit,False,Canceled,2,0,0.0,0.0,0.0
2011-10-04,DLTR,stop_loss,False,Canceled,3,0,0.0,0.0,0.0
2011-10-04,DLTR,take_profit,False,Canceled,2,0,0.0,0.0,0.0
2011-10-04,WYNN,rebalance_entry,True,Margin,0,0,0.0,0.0,0.0
2011-10-04,AAPL,stop_loss,False,Completed,3,-8767,10.65676898371,98345.1512423006,0.0
2011-10-04,AAPL,take_profit,False,Canceled,2,0,0.0,0.0,0.0
2011-10-04,MNST,stop_loss,False,Completed,3,-14272,6.47741018925,97311.15602208,0.0
2011-10-04,MNST,take_profit,False,Canceled,2,0,0.0,0.0,0.0
2011-10-04,BKNG,rebalance_entry,True,Completed,0,5712,17.3057537688,98850.46552738559,0.0
2011-10-04,CF,rebalance_entry,True,Completed,0,5896,16.6438872286,98132.3590998256,0.0
2011-10-04,DECK,rebalance_entry,True,Completed,0,6809,14.4416666667,98333.3083335603,0.0
2011-10-04,LULU,rebalance_entry,True,Completed,0,2232,43.93,98051.76,0.0
2011-10-04,RL,rebalance_entry,True,Completed,0,1021,96.4165247813,98441.27180170729,0.0
2011-10-05,DLTR,rebalance_exit,False,Completed,0,-2786,37.765,98304.01,0.0
2011-10-24,CF,take_profit,False,Completed,2,-5896,21.6549952665,98132.3590998256,0.0
2011-10-24,CF,stop_loss,False,Canceled,3,0,0.0,0.0,0.0
2011-10-27,LULU,take_profit,False,Completed,2,-2232,57.109,98051.76,0.0
2011-10-27,LULU,stop_loss,False,Canceled,3,0,0.0,0.0,0.0
2011-10-27,RL,take_profit,False,Completed,2,-1021,125.34148221569001,98441.27180170729,0.0
2011-10-27,RL,stop_loss,False,Canceled,3,0,0.0,0.0,0.0
2011-10-28,DECK,take_profit,False,Completed,2,-6809,18.774166666710002,98333.3083335603,0.0
2011-10-28,DECK,stop_loss,False,Canceled,3,0,0.0,0.0,0.0
2011-11-02,BKNG,stop_loss,False,Canceled,3,0,0.0,0.0,0.0
2011-11-02,BKNG,take_profit,False,Canceled,2,0,0.0,0.0,0.0
2011-11-02,F,rebalance_entry,True,Completed,0,17135,5.9307827412,101623.962270462,0.0
2011-11-02,IT,rebalance_entry,True,Completed,0,2562,39.67,101634.54000000001,0.0
2011-11-02,JBL,rebalance_entry,True,Completed,0,5865,17.4123585217,102123.4827297705,0.0
2011-11-02,LULU,rebalance_entry,True,Completed,0,1823,56.02,102124.46,0.0
2011-11-02,NVDA,rebalance_entry,True,Completed,0,310272,0.3255067167,100995.62000394239,0.0
2011-11-02,ROK,rebalance_entry,True,Completed,0,2044,50.06539282,102333.66292408,0.0
2011-11-02,TDY,rebalance_entry,True,Completed,0,1887,53.66,101256.42,0.0
2011-11-02,TER,rebalance_entry,True,Completed,0,7969,12.7770538619,101820.3422254811,0.0
2011-11-02,VLO,rebalance_entry,True,Margin,0,0,0.0,0.0,0.0
2011-11-03,BKNG,rebalance_exit,False,Completed,0,-5712,19.5782383855,98850.46552738559,0.0
2011-11-14,LULU,stop_loss,False,Completed,3,-1823,53.219,102124.46,0.0
2011-11-14,LULU,take_profit,False,Canceled,2,0,0.0,0.0,0.0
2011-11-16,F,stop_loss,False,Completed,3,-17135,5.63424360414,101623.962270462,0.0
2011-11-16,F,take_profit,False,Canceled,2,0,0.0,0.0,0.0
2011-11-17,IT,stop_loss,False,Completed,3,-2562,37.6865,101634.54000000001,0.0
2011-11-17,IT,take_profit,False,Canceled,2,0,0.0,0.0,0.0
2011-11-18,TER,stop_loss,False,Completed,3,-7969,12.138201168805,101820.3422254811,0.0
2011-11-18,TER,take_profit,False,Canceled,2,0,0.0,0.0,0.0
2011-11-23,JBL,stop_loss,False,Completed,3,-5865,16.541740595615,102123.4827297705,0.0
2011-11-23,JBL,take_profit,False,Canceled,2,0,0.0,0.0,0.0
2011-11-23,TDY,stop_loss,False,Completed,3,-1887,50.977,101256.42,0.0
2011-11-23,TDY,take_profit,False,Canceled,2,0,0.0,0.0,0.0
2011-12-02,NVDA,stop_loss,False,Canceled,3,0,0.0,0.0,0.0
2011-12-02,NVDA,take_profit,False,Canceled,2,0,0.0,0.0,0.0
2011-12-02,TSCO,rebalance_entry,True,Margin,0,0,0.0,0.0,0.0
2011-12-02,BA,rebalance_entry,True,Completed,0,1723,58.6168124211,100996.7678015553,0.0
2011-12-02,IT,rebalance_entry,True,Completed,0,2666,37.93,101121.38,0.0
2011-12-02,JBL,rebalance_entry,True,Completed,0,5644,17.8284439529,100623.7376701676,0.0
2011-12-02,LMT,rebalance_entry,True,Completed,0,1946,51.75118664099999,100707.80920338599,0.0
2011-12-02,ROST,rebalance_entry,True,Completed,0,5210,19.3745136469,100941.21610034899,0.0
2011-12-02,SMCI,rebalance_entry,True,Completed,0,73800,1.376,101548.79999999999,0.0
2011-12-02,TPL,rebalance_entry,True,Completed,0,24982,4.0342636671,100783.97493149221,0.0
2011-12-05,NVDA,rebalance_exit,False,Completed,0,-310272,0.3663096713,100995.62000394239,0.0
2011-12-09,IT,stop_loss,False,Completed,3,-2666,36.0335,101121.38,0.0
2011-12-09,IT,take_profit,False,Canceled,2,0,0.0,0.0,0.0
2011-12-14,JBL,stop_loss,False,Completed,3,-5644,16.937021755255,100623.7376701676,0.0
2011-12-14,JBL,take_profit,False,Canceled,2,0,0.0,0.0,0.0
2012-01-04,LMT,stop_loss,False,Canceled,3,0,0.0,0.0,0.0
2012-01-04,LMT,take_profit,False,Canceled,2,0,0.0,0.0,0.0
2012-01-04,ROK,stop_loss,False,Canceled,3,0,0.0,0.0,0.0
2012-01-04,ROK,take_profit,False,Canceled,2,0,0.0,0.0,0.0
2012-01-04,TPL,stop_loss,False,Canceled,3,0,0.0,0.0,0.0
2012-01-04,TPL,take_profit,False,Canceled,2,0,0.0,0.0,0.0
2012-01-04,MNST,rebalance_entry,True,Margin,0,0,0.0,0.0,0.0
2012-01-04,MO,rebalance_entry,True,Margin,0,0,0.0,0.0,0.0
2012-01-04,TSCO,rebalance_entry,True,Margin,0,0,0.0,0.0,0.0
2012-01-04,BIIB,rebalance_entry,True,Completed,0,881,113.7,100169.7,0.0
2012-01-04,CNC,rebalance_entry,True,Completed,0,9997,9.9175,99145.2475,0.0
2012-01-04,FICO,rebalance_entry,True,Completed,0,2749,36.110317267,99267.262166983,0.0
2012-01-05,LMT,rebalance_exit,False,Completed,0,-1946,52.473296221999995,100707.80920338599,0.0
2012-01-05,ROK,rebalance_exit,False,Completed,0,-2044,56.5636746333,102333.66292408,0.0
2012-01-05,TPL,rebalance_exit,False,Completed,0,-24982,4.0204780456,100783.97493149221,0.0
2012-02-02,BIIB,stop_loss,False,Canceled,3,0,0.0,0.0,0.0
2012-02-02,BIIB,take_profit,False,Canceled,2,0,0.0,0.0,0.0
2012-02-02,CNC,stop_loss,False,Canceled,3,0,0.0,0.0,0.0
2012-02-02,CNC,take_profit,False,Canceled,2,0,0.0,0.0,0.0
2012-02-02,SMCI,stop_loss,False,Canceled,3,0,0.0,0.0,0.0
2012-02-02,SMCI,take_profit,False,Canceled,2,0,0.0,0.0,0.0
2012-02-02,ULTA,rebalance_entry,True,Margin,0,0,0.0,0.0,0.0
2012-02-02,URI,rebalance_entry,True,Margin,0,0,0.0,0.0,0.0
2012-02-02,AMD,rebalance_entry,True,Completed,0,14492,6.9,99994.8,0.0
2012-02-02,F,rebalance_entry,True,Completed,0,15335,6.557980424400001,100566.62980817401,0.0
2012-02-02,LULU,rebalance_entry,True,Completed,0,1568,64.43,101026.24,0.0
2012-02-02,MNST,rebalance_entry,True,Completed,0,11451,8.831657835,101131.313868585,0.0
2012-02-03,BIIB,rebalance_exit,False,Completed,0,-881,122.24000000000001,100169.7,0.0
2012-02-03,CNC,rebalance_exit,False,Completed,0,-9997,11.8175,99145.2475,0.0
2012-02-03,SMCI,rebalance_exit,False,Completed,0,-73800,1.72,101548.79999999999,0.0
2012-03-02,AMD,stop_loss,False,Canceled,3,0,0.0,0.0,0.0
2012-03-02,AMD,take_profit,False,Canceled,2,0,0.0,0.0,0.0
2012-03-02,BA,stop_loss,False,Canceled,3,0,0.0,0.0,0.0
2012-03-02,BA,take_profit,False,Canceled,2,0,0.0,0.0,0.0
2012-03-02,FICO,stop_loss,False,Canceled,3,0,0.0,0.0,0.0
2012-03-02,FICO,take_profit,False,Canceled,2,0,0.0,0.0,0.0
2012-03-02,MNST,stop_loss,False,Canceled,3,0,0.0,0.0,0.0
2012-03-02,MNST,take_profit,False,Canceled,2,0,0.0,0.0,0.0
2012-03-02,ROST,stop_loss,False,Canceled,3,0,0.0,0.0,0.0
2012-03-02,ROST,take_profit,False,Canceled,2,0,0.0,0.0,0.0
2012-03-02,POOL,rebalance_entry,True,Margin,0,0,0.0,0.0,0.0
2012-03-02,STX,rebalance_entry,True,Margin,0,0,0.0,0.0,0.0
2012-03-02,ULTA,rebalance_entry,True,Margin,0,0,0.0,0.0,0.0
2012-03-02,URI,rebalance_entry,True,Margin,0,0,0.0,0.0,0.0
2012-03-02,VRSN,rebalance_entry,True,Margin,0,0,0.0,0.0,0.0
2012-03-02,DAL,rebalance_entry,True,Completed,0,12065,8.3137057145,100304.85944544249,0.0
2012-03-02,DLTR,rebalance_entry,True,Completed,0,2203,45.325,99850.975,0.0
2012-03-02,MGM,rebalance_entry,True,Completed,0,7608,13.1433152876,99994.3427080608,0.0
2012-03-05,AMD,rebalance_exit,False,Completed,0,-14492,7.35,99994.8,0.0
2012-03-05,BA,rebalance_exit,False,Completed,0,-1723,61.63106242740001,100996.7678015553,0.0
2012-03-05,FICO,rebalance_exit,False,Completed,0,-2749,39.3286811545,99267.262166983,0.0
2012-03-05,MNST,rebalance_exit,False,Completed,0,-11451,9.76999023,101131.313868585,0.0
2012-03-05,ROST,rebalance_exit,False,Completed,0,-5210,22.3887085139,100941.21610034899,0.0
2012-03-06,MGM,stop_loss,False,Completed,3,-7608,12.369624079,99994.3427080608,0.0
2012-03-06,MGM,take_profit,False,Canceled,2,0,0.0,0.0,0.0
2012-03-12,DAL,stop_loss,False,Completed,3,-12065,7.898020428774998,100304.85944544249,0.0
2012-03-12,DAL,take_profit,False,Canceled,2,0,0.0,0.0,0.0
2012-04-03,DLTR,stop_loss,False,Canceled,3,0,0.0,0.0,0.0
2012-04-03,DLTR,take_profit,False,Canceled,2,0,0.0,0.0,0.0
2012-04-03,VRSN,rebalance_entry,True,Margin,0,0,0.0,0.0,0.0
2012-04-03,AAPL,rebalance_entry,True,Completed,0,5400,18.7779068814,101400.69715956,0.0
2012-04-03,DAL,rebalance_entry,True,Completed,0,11619,8.6661999589,100692.5773224591,0.0
2012-04-03,MGM,rebalance_entry,True,Completed,0,7724,13.0112216666,100498.6761528184,0.0
2012-04-03,PM,rebalance_entry,True,Completed,0,2196,45.2268086246,99318.07173962159,0.0
2012-04-03,STX,rebalance_entry,True,Completed,0,6616,14.9887720495,99165.715879492,0.0
2012-04-03,ULTA,rebalance_entry,True,Completed,0,1064,93.93,99941.52,0.0
2012-04-03,URI,rebalance_entry,True,Completed,0,2343,42.6068358566,99827.8164120138,0.0
2012-04-04,DLTR,rebalance_exit,False,Completed,0,-2203,47.625,99850.975,0.0
2012-04-05,STX,stop_loss,False,Completed,3,-6616,14.239333447024999,99165.715879492,0.0
2012-04-05,STX,take_profit,False,Canceled,2,0,0.0,0.0,0.0
2012-04-09,URI,stop_loss,False,Completed,3,-2343,39.8010903861,99827.8164120138,0.0
2012-04-09,URI,take_profit,False,Canceled,2,0,0.0,0.0,0.0
2012-04-10,F,stop_loss,False,Completed,3,-15335,6.230081403180001,100566.62980817401,0.0
2012-04-10,F,take_profit,False,Canceled,2,0,0.0,0.0,0.0
2012-04-10,MGM,stop_loss,False,Completed,3,-7724,12.360660583269999,100498.6761528184,0.0
2012-04-10,MGM,take_profit,False,Canceled,2,0,0.0,0.0,0.0
2012-04-16,AAPL,stop_loss,False,Completed,3,-5400,17.83901153733,101400.69715956,0.0
2012-04-16,AAPL,take_profit,False,Canceled,2,0,0.0,0.0,0.0
2012-04-24,ULTA,stop_loss,False,Completed,3,-1064,89.2335,99941.52,0.0
2012-04-24,ULTA,take_profit,False,Canceled,2,0,0.0,0.0,0.0
2012-05-02,DAL,stop_loss,False,Canceled,3,0,0.0,0.0,0.0
2012-05-02,DAL,take_profit,False,Canceled,2,0,0.0,0.0,0.0
2012-05-02,LULU,stop_loss,False,Canceled,3,0,0.0,0.0,0.0
2012-05-02,LULU,take_profit,False,Canceled,2,0,0.0,0.0,0.0
2012-05-02,PM,stop_loss,False,Canceled,3,0,0.0,0.0,0.0
2012-05-02,PM,take_profit,False,Canceled,2,0,0.0,0.0,0.0
2012-05-02,TSCO,rebalance_entry,True,Margin,0,0,0.0,0.0,0.0
2012-05-02,ULTA,rebalance_entry,True,Margin,0,0,0.0,0.0,0.0
2012-05-02,URI,rebalance_entry,True,Margin,0,0,0.0,0.0,0.0
2012-05-02,AAPL,rebalance_entry,True,Completed,0,5738,17.3691896841,99664.4104073658,0.0
2012-05-02,DLTR,rebalance_entry,True,Completed,0,1959,51.075,100055.925,0.0
2012-05-02,ISRG,rebalance_entry,True,Completed,0,1529,64.84215738,99143.65863402,0.0
2012-05-02,MNST,rebalance_entry,True,Completed,0,8984,11.14332219,100111.60655495999,0.0
2012-05-02,SBUX,rebalance_entry,True,Completed,0,4555,21.9039074471,99772.2984215405,0.0
2012-05-02,STX,rebalance_entry,True,Completed,0,5754,17.2289633686,99135.4552229244,0.0
2012-05-02,TJX,rebalance_entry,True,Completed,0,5738,17.3685282559,99660.6151323542,0.0
2012-05-03,DAL,rebalance_exit,False,Completed,0,-11619,9.2938116623,100692.5773224591,0.0
2012-05-03,LULU,rebalance_exit,False,Completed,0,-1568,79.31,101026.24,0.0
2012-05-03,PM,rebalance_exit,False,Completed,0,-2196,45.8533315957,99318.07173962159,0.0
2012-05-07,STX,stop_loss,False,Completed,3,-5754,16.367515200169997,99135.4552229244,0.0
2012-05-07,STX,take_profit,False,Canceled,2,0,0.0,0.0,0.0
2012-05-08,ISRG,stop_loss,False,Completed,3,-1529,61.600049511,99143.65863402,0.0
2012-05-08,ISRG,take_profit,False,Canceled,2,0,0.0,0.0,0.0
2012-05-08,SBUX,stop_loss,False,Completed,3,-4555,20.808712074745,99772.2984215405,0.0
2012-05-08,SBUX,take_profit,False,Canceled,2,0,0.0,0.0,0.0
2012-05-09,MNST,stop_loss,False,Completed,3,-8984,10.586156080499999,100111.60655495999,0.0
2012-05-09,MNST,take_profit,False,Canceled,2,0,0.0,0.0,0.0
2012-05-14,TJX,stop_loss,False,Completed,3,-5738,16.500101843105,99660.6151323542,0.0
2012-05-14,TJX,take_profit,False,Canceled,2,0,0.0,0.0,0.0
2012-05-16,AAPL,stop_loss,False,Completed,3,-5738,16.500730199895,99664.4104073658,0.0
2012-05-16,AAPL,take_profit,False,Canceled,2,0,0.0,0.0,0.0
2012-05-17,DLTR,stop_loss,False,Completed,3,-1959,48.52125,100055.925,0.0
2012-05-17,DLTR,take_profit,False,Canceled,2,0,0.0,0.0,0.0
2012-06-04,AAPL,rebalance_entry,True,Completed,0,5954,16.8082173025,100076.125819085,0.0
2012-06-04,DLTR,rebalance_entry,True,Completed,0,2001,49.855,99759.855,0.0
2012-06-04,MNST,rebalance_entry,True,Completed,0,8505,11.818321515,100514.82448507499,0.0
2012-06-04,PM,rebalance_entry,True,Completed,0,2371,42.0840064034,99781.17918246139,0.0
2012-06-04,ROST,rebalance_entry,True,Completed,0,3884,25.6960175957,99803.3323416988,0.0
2012-06-04,STX,rebalance_entry,True,Completed,0,8441,11.917369459,100594.515603419,0.0
2012-06-04,TDG,rebalance_entry,True,Completed,0,1908,52.5222846985,100212.519204738,0.0
2012-06-04,TJX,rebalance_entry,True,Completed,0,5883,17.0345703084,100214.3771243172,0.0
2012-06-04,TSCO,rebalance_entry,True,Completed,0,13554,7.3033897868,98990.1451702872,0.0
2012-06-04,ULTA,rebalance_entry,True,Completed,0,1155,86.44,99838.2,0.0
2012-06-13,TSCO,stop_loss,False,Completed,3,-13554,6.93822029746,98990.1451702872,0.0
2012-06-13,TSCO,take_profit,False,Canceled,2,0,0.0,0.0,0.0
2012-06-28,MNST,stop_loss,False,Completed,3,-8505,11.22740543925,100514.82448507499,0.0
2012-06-28,MNST,take_profit,False,Canceled,2,0,0.0,0.0,0.0
2012-07-03,TDG,stop_loss,False,Canceled,3,0,0.0,0.0,0.0
2012-07-03,TDG,take_profit,False,Canceled,2,0,0.0,0.0,0.0
2012-07-03,ULTA,stop_loss,False,Canceled,3,0,0.0,0.0,0.0
2012-07-03,ULTA,take_profit,False,Canceled,2,0,0.0,0.0,0.0
2012-07-03,MO,rebalance_entry,True,Margin,0,0,0.0,0.0,0.0
2012-07-03,URI,rebalance_entry,True,Margin,0,0,0.0,0.0,0.0
2012-07-03,EXPE,rebalance_entry,True,Completed,0,2235,44.6526385712,99798.647206632,0.0
2012-07-03,MNST,rebalance_entry,True,Completed,0,8023,12.444987555,99846.135153765,0.0
2012-07-05,TDG,rebalance_exit,False,Completed,0,-1908,57.3569179539,100212.519204738,0.0
2012-07-05,ULTA,rebalance_exit,False,Completed,0,-1155,93.56,99838.2,0.0
2012-07-10,EXPE,stop_loss,False,Completed,3,-2235,42.42000664264,99798.647206632,0.0
2012-07-10,EXPE,take_profit,False,Canceled,2,0,0.0,0.0,0.0
2012-07-11,MNST,stop_loss,False,Completed,3,-8023,11.82273817725,99846.135153765,0.0
2012-07-11,MNST,take_profit,False,Canceled,2,0,0.0,0.0,0.0
2012-07-26,STX,take_profit,False,Completed,2,-8441,15.868029202,100594.515603419,0.0
2012-07-26,STX,stop_loss,False,Canceled,3,0,0.0,0.0,0.0
2012-08-02,AAPL,stop_loss,False,Canceled,3,0,0.0,0.0,0.0
2012-08-02,AAPL,take_profit,False,Canceled,2,0,0.0,0.0,0.0
2012-08-02,TPL,rebalance_entry,True,Margin,0,0,0.0,0.0,0.0
2012-08-02,LMT,rebalance_entry,True,Completed,0,1688,59.0856554965,99736.58647809201,0.0
2012-08-02,MNST,rebalance_entry,True,Completed,0,9249,10.761655905,99534.555465345,0.0
2012-08-02,MO,rebalance_entry,True,Completed,0,6515,15.2838369625,99574.1978106875,0.0
2012-08-02,ORLY,rebalance_entry,True,Completed,0,17632,5.632,99303.424,0.0
2012-08-02,STX,rebalance_entry,True,Completed,0,6070,16.3203116277,99064.291580139,0.0
2012-08-03,AAPL,rebalance_exit,False,Completed,0,-5954,18.3687023746,100076.125819085,0.0
2012-08-09,MNST,stop_loss,False,Completed,3,-9249,10.22357310975,99534.555465345,0.0
2012-08-09,MNST,take_profit,False,Canceled,2,0,0.0,0.0,0.0
2012-08-16,DLTR,stop_loss,False,Completed,3,-2001,47.362249999999996,99759.855,0.0
2012-08-16,DLTR,take_profit,False,Canceled,2,0,0.0,0.0,0.0
2012-08-22,MO,stop_loss,False,Completed,3,-6515,14.519645114375,99574.1978106875,0.0
2012-08-22,MO,take_profit,False,Canceled,2,0,0.0,0.0,0.0
2012-09-05,ORLY,stop_loss,False,Canceled,3,0,0.0,0.0,0.0
2012-09-05,ORLY,take_profit,False,Canceled,2,0,0.0,0.0,0.0
2012-09-05,TJX,stop_loss,False,Canceled,3,0,0.0,0.0,0.0
2012-09-05,TJX,take_profit,False,Canceled,2,0,0.0,0.0,0.0
2012-09-05,TSCO,rebalance_entry,True,Margin,0,0,0.0,0.0,0.0
2012-09-05,URI,rebalance_entry,True,Margin,0,0,0.0,0.0,0.0
2012-09-05,AAPL,rebalance_entry,True,Completed,0,4928,20.3091795147,100083.63664844159,0.0
2012-09-05,FICO,rebalance_entry,True,Completed,0,2264,43.961549862,99528.948887568,0.0
2012-09-05,LEN,rebalance_entry,True,Completed,0,3596,27.745839823000004,99774.04000350801,0.0
2012-09-05,TPL,rebalance_entry,True,Completed,0,17147,5.8693484053,100641.7171056791,0.0
2012-09-06,ORLY,rebalance_exit,False,Completed,0,-17632,5.64,99303.424,0.0
2012-09-06,TJX,rebalance_exit,False,Completed,0,-5883,19.1486560901,100214.3771243172,0.0
2012-09-13,TPL,stop_loss,False,Completed,3,-17147,5.575880985035,100641.7171056791,0.0
2012-09-13,TPL,take_profit,False,Canceled,2,0,0.0,0.0,0.0
2012-10-02,AAPL,stop_loss,False,Canceled,3,0,0.0,0.0,0.0
2012-10-02,AAPL,take_profit,False,Canceled,2,0,0.0,0.0,0.0
2012-10-02,LMT,stop_loss,False,Canceled,3,0,0.0,0.0,0.0
2012-10-02,LMT,take_profit,False,Canceled,2,0,0.0,0.0,0.0
2012-10-02,ROST,stop_loss,False,Canceled,3,0,0.0,0.0,0.0
2012-10-02,ROST,take_profit,False,Canceled,2,0,0.0,0.0,0.0
2012-10-02,TPL,rebalance_entry,True,Margin,0,0,0.0,0.0,0.0
2012-10-02,URI,rebalance_entry,True,Margin,0,0,0.0,0.0,0.0
2012-10-02,YUM,rebalance_entry,True,Margin,0,0,0.0,0.0,0.0
2012-10-02,DHI,rebalance_entry,True,Completed,0,5596,17.8850483989,100084.7308402444,0.0
2012-10-02,FFIV,rebalance_entry,True,Completed,0,955,105.5,100752.5,0.0
2012-10-02,MNST,rebalance_entry,True,Completed,0,10903,9.21665745,100489.21617735,0.0
2012-10-03,AAPL,rebalance_exit,False,Completed,0,-4928,19.9872124164,100083.63664844159,0.0
2012-10-03,LMT,rebalance_exit,False,Completed,0,-1688,62.7377031477,99736.58647809201,0.0
2012-10-03,ROST,rebalance_exit,False,Completed,0,-3884,27.7160739736,99803.3323416988,0.0
2012-10-10,STX,stop_loss,False,Completed,3,-6070,15.504296046315002,99064.291580139,0.0
2012-10-10,STX,take_profit,False,Canceled,2,0,0.0,0.0,0.0
2012-10-10,FFIV,stop_loss,False,Completed,3,-955,100.225,100752.5,0.0
2012-10-10,FFIV,take_profit,False,Canceled,2,0,0.0,0.0,0.0
2012-10-19,MNST,stop_loss,False,Completed,3,-10903,8.755824577499999,100489.21617735,0.0
2012-10-19,MNST,take_profit,False,Canceled,2,0,0.0,0.0,0.0
2012-11-02,FICO,stop_loss,False,Canceled,3,0,0.0,0.0,0.0
2012-11-02,FICO,take_profit,False,Canceled,2,0,0.0,0.0,0.0
2012-11-02,TPL,rebalance_entry,True,Margin,0,0,0.0,0.0,0.0
2012-11-02,LMT,rebalance_entry,True,Completed,0,1577,63.6127998655,100317.3853878935,0.0
2012-11-02,MO,rebalance_entry,True,Completed,0,7247,13.8802358856,100590.0694629432,0.0
2012-11-02,REGN,rebalance_entry,True,Completed,0,688,146.0764040328,100500.56597456642,0.0
2012-11-02,SHW,rebalance_entry,True,Completed,0,2384,42.0628282045,100277.782439528,0.0
2012-11-02,STX,rebalance_entry,True,Completed,0,6440,15.7415787558,101375.767187352,0.0
2012-11-02,TJX,rebalance_entry,True,Completed,0,5674,17.7779189592,100871.9121745008,0.0
2012-11-05,FICO,rebalance_exit,False,Completed,0,-2264,43.1354131345,99528.948887568,0.0
2012-11-07,LMT,stop_loss,False,Completed,3,-1577,60.432159872225,100317.3853878935,0.0
2012-11-07,LMT,take_profit,False,Canceled,2,0,0.0,0.0,0.0
2012-11-07,REGN,stop_loss,False,Completed,3,-688,138.77258383116,100500.56597456642,0.0
2012-11-07,REGN,take_profit,False,Canceled,2,0,0.0,0.0,0.0
2012-11-08,TJX,stop_loss,False,Completed,3,-5674,16.88902301124,100871.9121745008,0.0
2012-11-08,TJX,take_profit,False,Canceled,2,0,0.0,0.0,0.0
2012-11-12,DHI,stop_loss,False,Completed,3,-5596,16.990795978955,100084.7308402444,0.0
2012-11-12,DHI,take_profit,False,Canceled,2,0,0.0,0.0,0.0
2012-11-14,STX,stop_loss,False,Completed,3,-6440,14.95449981801,101375.767187352,0.0
2012-11-14,STX,take_profit,False,Canceled,2,0,0.0,0.0,0.0
2012-11-15,MO,stop_loss,False,Completed,3,-7247,13.0817770427,100590.0694629432,0.0
2012-11-15,MO,take_profit,False,Canceled,2,0,0.0,0.0,0.0
2012-12-04,PM,stop_loss,False,Canceled,3,0,0.0,0.0,0.0
2012-12-04,PM,take_profit,False,Canceled,2,0,0.0,0.0,0.0
2012-12-04,TPL,rebalance_entry,True,Margin,0,0,0.0,0.0,0.0
2012-12-04,AAPL,rebalance_entry,True,Completed,0,5647,17.5733015023,99236.4335834881,0.0
2012-12-04,AIG,rebalance_entry,True,Completed,0,3997,25.092398736,100294.317747792,0.0
2012-12-04,LMT,rebalance_entry,True,Completed,0,1602,62.2592505723,99739.3194168246,0.0
2012-12-04,MO,rebalance_entry,True,Completed,0,6883,14.4931069975,99756.0554637925,0.0
2012-12-04,ROST,rebalance_entry,True,Completed,0,4224,23.7160598501,100176.6368068224,0.0
2012-12-04,STX,rebalance_entry,True,Completed,0,7091,14.14659582,100313.51095962,0.0
2012-12-04,SWKS,rebalance_entry,True,Completed,0,5610,17.7850810539,99774.304712379,0.0
2012-12-05,AAPL,stop_loss,False,Completed,3,-5647,16.694636427185,99236.4335834881,0.0
2012-12-05,AAPL,take_profit,False,Canceled,2,0,0.0,0.0,0.0
2012-12-05,PM,rebalance_exit,False,Completed,0,-2371,46.2174010459,99781.17918246139,0.0
2012-12-13,ROST,stop_loss,False,Completed,3,-4224,22.530256857595,100176.6368068224,0.0
2012-12-13,ROST,take_profit,False,Canceled,2,0,0.0,0.0,0.0
2012-12-13,SWKS,stop_loss,False,Completed,3,-5610,16.895827001205,99774.304712379,0.0
2012-12-13,SWKS,take_profit,False,Canceled,2,0,0.0,0.0,0.0
2012-12-21,MO,stop_loss,False,Completed,3,-6883,13.768451647624998,99756.0554637925,0.0
2012-12-21,MO,take_profit,False,Canceled,2,0,0.0,0.0,0.0
2013-01-03,LEN,stop_loss,False,Canceled,3,0,0.0,0.0,0.0
2013-01-03,LEN,take_profit,False,Canceled,2,0,0.0,0.0,0.0
2013-01-03,LMT,stop_loss,False,Canceled,3,0,0.0,0.0,0.0
2013-01-03,LMT,take_profit,False,Canceled,2,0,0.0,0.0,0.0
2013-01-03,ROST,rebalance_entry,True,Margin,0,0,0.0,0.0,0.0
2013-01-03,TPL,rebalance_entry,True,Margin,0,0,0.0,0.0,0.0
2013-01-03,AAPL,rebalance_entry,True,Completed,0,6030,16.5487460074,99788.93842462199,0.0
2013-01-03,BKNG,rebalance_entry,True,Completed,0,3988,25.6264167279,102198.1499108652,0.0
2013-01-03,IT,rebalance_entry,True,Completed,0,2108,47.4,99919.2,0.0
2013-01-03,MO,rebalance_entry,True,Completed,0,7023,14.2601395474,100148.9600413902,0.0
2013-01-03,REGN,rebalance_entry,True,Completed,0,556,180.120558497,100147.03052433199,0.0
2013-01-04,LEN,rebalance_exit,False,Completed,0,-3596,33.7998998681,99774.04000350801,0.0
2013-01-04,LMT,rebalance_exit,False,Completed,0,-1602,64.0106327305,99739.3194168246,0.0
2013-01-07,AAPL,stop_loss,False,Completed,3,-6030,15.721308707029998,99788.93842462199,0.0
2013-01-07,AAPL,take_profit,False,Canceled,2,0,0.0,0.0,0.0
2013-01-08,REGN,stop_loss,False,Completed,3,-556,171.11453057215,100147.03052433199,0.0
2013-01-08,REGN,take_profit,False,Canceled,2,0,0.0,0.0,0.0
2013-01-09,STX,take_profit,False,Completed,2,-7091,18.390574566,100313.51095962,0.0
2013-01-09,STX,stop_loss,False,Canceled,3,0,0.0,0.0,0.0
2013-02-04,BKNG,stop_loss,False,Canceled,3,0,0.0,0.0,0.0
2013-02-04,BKNG,take_profit,False,Canceled,2,0,0.0,0.0,0.0
2013-02-04,IT,stop_loss,False,Canceled,3,0,0.0,0.0,0.0
2013-02-04,IT,take_profit,False,Canceled,2,0,0.0,0.0,0.0
2013-02-04,MO,stop_loss,False,Canceled,3,0,0.0,0.0,0.0
2013-02-04,MO,take_profit,False,Canceled,2,0,0.0,0.0,0.0
2013-02-04,REGN,rebalance_entry,True,Margin,0,0,0.0,0.0,0.0
2013-02-04,STX,rebalance_entry,True,Margin,0,0,0.0,0.0,0.0
2013-02-04,TPL,rebalance_entry,True,Margin,0,0,0.0,0.0,0.0
2013-02-04,F,rebalance_entry,True,Completed,0,14156,7.0206182154,99383.8714572024,0.0
2013-02-04,LEN,rebalance_entry,True,Completed,0,2871,34.782081169,99859.355036199,0.0
2013-02-04,LII,rebalance_entry,True,Completed,0,2035,48.8335838689,99376.3431732115,0.0
2013-02-04,LMT,rebalance_entry,True,Completed,0,1682,58.9745571862,99195.2051871884,0.0
2013-02-04,MCO,rebalance_entry,True,Completed,0,2090,47.6457031114,99579.519502826,0.0
2013-02-05,MCO,stop_loss,False,Completed,3,-2090,43.2294226308,99579.519502826,0.0
2013-02-05,MCO,take_profit,False,Canceled,2,0,0.0,0.0,0.0
2013-02-05,BKNG,rebalance_exit,False,Completed,0,-3988,26.855529714,102198.1499108652,0.0
2013-02-05,IT,rebalance_exit,False,Completed,0,-2108,52.37,99919.2,0.0
2013-02-05,MO,rebalance_exit,False,Completed,0,-7023,14.859599233800001,100148.9600413902,0.0
2013-02-20,LEN,stop_loss,False,Completed,3,-2871,33.04297711055,99859.355036199,0.0
2013-02-20,LEN,take_profit,False,Canceled,2,0,0.0,0.0,0.0
2013-02-25,F,stop_loss,False,Completed,3,-14156,6.669587304629999,99383.8714572024,0.0
2013-02-25,F,take_profit,False,Canceled,2,0,0.0,0.0,0.0
2013-03-04,AIG,stop_loss,False,Canceled,3,0,0.0,0.0,0.0
2013-03-04,AIG,take_profit,False,Canceled,2,0,0.0,0.0,0.0
2013-03-04,LII,stop_loss,False,Canceled,3,0,0.0,0.0,0.0
2013-03-04,LII,take_profit,False,Canceled,2,0,0.0,0.0,0.0
2013-03-04,STX,rebalance_entry,True,Margin,0,0,0.0,0.0,0.0
2013-03-04,TPL,rebalance_entry,True,Margin,0,0,0.0,0.0,0.0
2013-03-04,AXON,rebalance_entry,True,Completed,0,13315,7.43,98930.45,0.0
2013-03-04,EXPE,rebalance_entry,True,Completed,0,1701,58.2678988247,99113.6959008147,0.0
2013-03-04,LEN,rebalance_entry,True,Completed,0,3036,32.8657597784,99780.44668722239,0.0
2013-03-04,MCO,rebalance_entry,True,Completed,0,2354,42.0862215192,99070.9654561968,0.0
2013-03-04,PHM,rebalance_entry,True,Completed,0,6109,16.2822699496,99468.3871221064,0.0
2013-03-04,REGN,rebalance_entry,True,Completed,0,587,169.9727816855,99774.0228493885,0.0
2013-03-05,AIG,rebalance_exit,False,Completed,0,-3997,28.9144197355,100294.317747792,0.0
2013-03-05,LII,rebalance_exit,False,Completed,0,-2035,51.9577040745,99376.3431732115,0.0
2013-03-28,EXPE,stop_loss,False,Completed,3,-1701,55.35450388346499,99113.6959008147,0.0
2013-03-28,EXPE,take_profit,False,Canceled,2,0,0.0,0.0,0.0
2013-04-02,AXON,stop_loss,False,Canceled,3,0,0.0,0.0,0.0
2013-04-02,AXON,take_profit,False,Canceled,2,0,0.0,0.0,0.0
2013-04-02,LEN,stop_loss,False,Canceled,3,0,0.0,0.0,0.0
2013-04-02,LEN,take_profit,False,Canceled,2,0,0.0,0.0,0.0
2013-04-02,PHM,stop_loss,False,Canceled,3,0,0.0,0.0,0.0
2013-04-02,PHM,take_profit,False,Canceled,2,0,0.0,0.0,0.0
2013-04-02,REGN,stop_loss,False,Canceled,3,0,0.0,0.0,0.0
2013-04-02,REGN,take_profit,False,Canceled,2,0,0.0,0.0,0.0
2013-04-02,SHW,stop_loss,False,Canceled,3,0,0.0,0.0,0.0
2013-04-02,SHW,take_profit,False,Canceled,2,0,0.0,0.0,0.0
2013-04-02,LUV,rebalance_entry,True,Margin,0,0,0.0,0.0,0.0
2013-04-02,STX,rebalance_entry,True,Margin,0,0,0.0,0.0,0.0
2013-04-02,TPL,rebalance_entry,True,Margin,0,0,0.0,0.0,0.0
2013-04-02,WYNN,rebalance_entry,True,Margin,0,0,0.0,0.0,0.0
2013-04-02,CL,rebalance_entry,True,Completed,0,2310,43.4121346136,100282.030957416,0.0
2013-04-02,FSLR,rebalance_entry,True,Completed,0,3728,26.87,100171.36,0.0
2013-04-02,GILD,rebalance_entry,True,Completed,0,3017,33.379895992,100707.146207864,0.0
2013-04-02,LDOS,rebalance_entry,True,Completed,0,5082,19.7891738771,100568.5816434222,0.0
2013-04-03,AXON,rebalance_exit,False,Completed,0,-13315,7.519999999999999,98930.45,0.0
2013-04-03,LEN,rebalance_exit,False,Completed,0,-3036,33.9256720519,99780.44668722239,0.0
2013-04-03,PHM,rebalance_exit,False,Completed,0,-6109,16.8604393264,99468.3871221064,0.0
2013-04-03,REGN,rebalance_exit,False,Completed,0,-587,183.6519451489,99774.0228493885,0.0
2013-04-03,SHW,rebalance_exit,False,Completed,0,-2384,49.4384229633,100277.782439528,0.0
2013-04-09,FSLR,take_profit,False,Completed,2,-3728,34.931000000000004,100171.36,0.0
2013-04-09,FSLR,stop_loss,False,Canceled,3,0,0.0,0.0,0.0
2013-05-02,CL,stop_loss,False,Canceled,3,0,0.0,0.0,0.0
2013-05-02,CL,take_profit,False,Canceled,2,0,0.0,0.0,0.0
2013-05-02,GILD,stop_loss,False,Canceled,3,0,0.0,0.0,0.0
2013-05-02,GILD,take_profit,False,Canceled,2,0,0.0,0.0,0.0
2013-05-02,WYNN,rebalance_entry,True,Margin,0,0,0.0,0.0,0.0
2013-05-02,AXON,rebalance_entry,True,Completed,0,11574,8.66,100230.84,0.0
2013-05-02,FCX,rebalance_entry,True,Completed,0,4090,24.6879746492,100973.816315228,0.0
2013-05-02,FSLR,rebalance_entry,True,Completed,0,2184,45.91,100267.43999999999,0.0
2013-05-02,MO,rebalance_entry,True,Completed,0,6211,16.1160632081,100096.86858550912,0.0
2013-05-02,PHM,rebalance_entry,True,Completed,0,5627,17.9232506808,100854.13158086159,0.0
2013-05-02,PPG,rebalance_entry,True,Completed,0,1736,57.8649811412,100453.6072611232,0.0
2013-05-03,CL,rebalance_exit,False,Completed,0,-2310,44.8495723097,100282.030957416,0.0
2013-05-03,GILD,rebalance_exit,False,Completed,0,-3017,37.6758395689,100707.146207864,0.0
2013-05-06,MCO,take_profit,False,Completed,2,-2354,54.712087974960006,99070.9654561968,0.0
2013-05-06,MCO,stop_loss,False,Canceled,3,0,0.0,0.0,0.0
2013-05-07,FSLR,stop_loss,False,Completed,3,-2184,43.61449999999999,100267.43999999999,0.0
2013-05-07,FSLR,take_profit,False,Canceled,2,0,0.0,0.0,0.0
2013-06-04,AXON,stop_loss,False,Canceled,3,0,0.0,0.0,0.0
2013-06-04,AXON,take_profit,False,Canceled,2,0,0.0,0.0,0.0
2013-06-04,MO,stop_loss,False,Canceled,3,0,0.0,0.0,0.0
2013-06-04,MO,take_profit,False,Canceled,2,0,0.0,0.0,0.0
2013-06-04,PHM,stop_loss,False,Canceled,3,0,0.0,0.0,0.0
2013-06-04,PHM,take_profit,False,Canceled,2,0,0.0,0.0,0.0
2013-06-04,PPG,stop_loss,False,Canceled,3,0,0.0,0.0,0.0
2013-06-04,PPG,take_profit,False,Canceled,2,0,0.0,0.0,0.0
2013-06-04,STZ,rebalance_entry,True,Margin,0,0,0.0,0.0,0.0
2013-06-04,WYNN,rebalance_entry,True,Margin,0,0,0.0,0.0,0.0
2013-06-04,CLX,rebalance_entry,True,Completed,0,1761,56.7560682405,99947.4361715205,0.0
2013-06-04,FSLR,rebalance_entry,True,Completed,0,1875,53.71,100706.25,0.0
2013-06-04,GS,rebalance_entry,True,Completed,0,782,127.7320131717,99886.43430026941,0.0
2013-06-04,MCO,rebalance_entry,True,Completed,0,1744,57.3072744664,99943.8866694016,0.0
2013-06-04,MOS,rebalance_entry,True,Completed,0,2147,46.4799168141,99792.3813998727,0.0
2013-06-05,FSLR,stop_loss,False,Completed,3,-1875,51.0245,100706.25,0.0
2013-06-05,FSLR,take_profit,False,Canceled,2,0,0.0,0.0,0.0
2013-06-05,AXON,rebalance_exit,False,Completed,0,-11574,9.45,100230.84,0.0
2013-06-05,MO,rebalance_exit,False,Completed,0,-6211,15.9697953077,100096.86858550912,0.0
2013-06-05,PHM,rebalance_exit,False,Completed,0,-5627,17.4045987399,100854.13158086159,0.0
2013-06-05,PPG,rebalance_exit,False,Completed,0,-1736,60.9517302432,100453.6072611232,0.0
2013-06-12,MCO,stop_loss,False,Completed,3,-1744,54.44191074308,99943.8866694016,0.0
2013-06-12,MCO,take_profit,False,Canceled,2,0,0.0,0.0,0.0
2013-06-12,MOS,stop_loss,False,Completed,3,-2147,44.155920973395,99792.3813998727,0.0
2013-06-12,MOS,take_profit,False,Canceled,2,0,0.0,0.0,0.0
2013-06-20,FCX,stop_loss,False,Completed,3,-4090,23.45357591674,100973.816315228,0.0
2013-06-20,FCX,take_profit,False,Canceled,2,0,0.0,0.0,0.0
2013-06-20,GS,stop_loss,False,Completed,3,-782,121.345412513115,99886.43430026941,0.0
2013-06-20,GS,take_profit,False,Canceled,2,0,0.0,0.0,0.0
2013-07-02,C,rebalance_entry,True,Completed,0,2816,35.5172809669,100016.66320279041,0.0
2013-07-02,FSLR,rebalance_entry,True,Completed,0,2159,46.1,99529.90000000001,0.0
2013-07-02,GILD,rebalance_entry,True,Completed,0,2802,35.7074409846,100052.2496388492,0.0
2013-07-02,MCO,rebalance_entry,True,Completed,0,1873,53.120004374,99493.768192502,0.0
2013-07-02,REGN,rebalance_entry,True,Completed,0,438,228.2902595688,99991.1336911344,0.0
2013-07-02,STX,rebalance_entry,True,Completed,0,3865,25.9468921268,100284.738070082,0.0
2013-07-02,WYNN,rebalance_entry,True,Completed,0,972,102.7296967089,99853.26520105079,0.0
2013-07-09,LMT,take_profit,False,Completed,2,-1682,76.66692434206,99195.2051871884,0.0
2013-07-09,LMT,stop_loss,False,Canceled,3,0,0.0,0.0,0.0
2013-07-24,STX,stop_loss,False,Completed,3,-3865,24.64954752046,100284.738070082,0.0
2013-07-24,STX,take_profit,False,Canceled,2,0,0.0,0.0,0.0
2013-08-02,C,stop_loss,False,Canceled,3,0,0.0,0.0,0.0
2013-08-02,C,take_profit,False,Canceled,2,0,0.0,0.0,0.0
2013-08-02,GILD,stop_loss,False,Canceled,3,0,0.0,0.0,0.0
2013-08-02,GILD,take_profit,False,Canceled,2,0,0.0,0.0,0.0
2013-08-02,LDOS,stop_loss,False,Canceled,3,0,0.0,0.0,0.0
2013-08-02,LDOS,take_profit,False,Canceled,2,0,0.0,0.0,0.0
2013-08-02,REGN,stop_loss,False,Canceled,3,0,0.0,0.0,0.0
2013-08-02,REGN,take_profit,False,Canceled,2,0,0.0,0.0,0.0
2013-08-02,LMT,rebalance_entry,True,Margin,0,0,0.0,0.0,0.0
2013-08-02,MO,rebalance_entry,True,Margin,0,0,0.0,0.0,0.0
2013-08-02,CL,rebalance_entry,True,Completed,0,2219,44.8295782469,99476.8341298711,0.0
2013-08-02,DECK,rebalance_entry,True,Completed,0,10413,9.59,99860.67,0.0
2013-08-02,EA,rebalance_entry,True,Completed,0,3884,25.8606002009,100442.57118029559,0.0
2013-08-02,F,rebalance_entry,True,Completed,0,10579,9.4298378942,99758.2550827418,0.0
2013-08-05,C,rebalance_exit,False,Completed,0,-2816,38.9534975083,100016.66320279041,0.0
2013-08-05,GILD,rebalance_exit,False,Completed,0,-2802,42.6486359923,100052.2496388492,0.0
2013-08-05,LDOS,rebalance_exit,False,Completed,0,-5082,24.3579473155,100568.5816434222,0.0
2013-08-05,REGN,rebalance_exit,False,Completed,0,-438,271.1033629102,99991.1336911344,0.0
2013-08-07,FSLR,stop_loss,False,Completed,3,-2159,42.17,99529.90000000001,0.0
2013-08-07,FSLR,take_profit,False,Canceled,2,0,0.0,0.0,0.0
2013-08-15,F,stop_loss,False,Completed,3,-10579,8.95834599949,99758.2550827418,0.0
2013-08-15,F,take_profit,False,Canceled,2,0,0.0,0.0,0.0
2013-08-28,CL,stop_loss,False,Completed,3,-2219,42.588099334555,99476.8341298711,0.0
2013-08-28,CL,take_profit,False,Canceled,2,0,0.0,0.0,0.0
2013-09-04,WYNN,stop_loss,False,Canceled,3,0,0.0,0.0,0.0
2013-09-04,WYNN,take_profit,False,Canceled,2,0,0.0,0.0,0.0
2013-09-04,CHRW,rebalance_entry,True,Completed,0,2344,42.718066189,100131.14714701599,0.0
2013-09-04,F,rebalance_entry,True,Completed,0,11130,9.0064574173,100241.871054549,0.0
2013-09-04,FSLR,rebalance_entry,True,Completed,0,2712,36.85,99937.2,0.0
2013-09-04,HUM,rebalance_entry,True,Completed,0,1178,84.7958005734,99889.45307546521,0.0
2013-09-04,LMT,rebalance_entry,True,Completed,0,1148,86.8779296208,99735.8632046784,0.0
2013-09-04,MO,rebalance_entry,True,Completed,0,6587,15.1530805719,99813.3417271053,0.0
2013-09-05,WYNN,rebalance_exit,False,Completed,0,-972,114.1208802587,99853.26520105079,0.0
2013-09-30,EA,stop_loss,False,Completed,3,-3884,24.567570190854994,100442.57118029559,0.0
2013-09-30,EA,take_profit,False,Canceled,2,0,0.0,0.0,0.0
2013-10-02,CHRW,stop_loss,False,Canceled,3,0,0.0,0.0,0.0
2013-10-02,CHRW,take_profit,False,Canceled,2,0,0.0,0.0,0.0
2013-10-02,F,stop_loss,False,Canceled,3,0,0.0,0.0,0.0
2013-10-02,F,take_profit,False,Canceled,2,0,0.0,0.0,0.0
2013-10-02,FSLR,stop_loss,False,Canceled,3,0,0.0,0.0,0.0
2013-10-02,FSLR,take_profit,False,Canceled,2,0,0.0,0.0,0.0
2013-10-02,HUM,stop_loss,False,Canceled,3,0,0.0,0.0,0.0
2013-10-02,HUM,take_profit,False,Canceled,2,0,0.0,0.0,0.0
2013-10-02,MO,stop_loss,False,Canceled,3,0,0.0,0.0,0.0
2013-10-02,MO,take_profit,False,Canceled,2,0,0.0,0.0,0.0
2013-10-02,KR,rebalance_entry,True,Margin,0,0,0.0,0.0,0.0
2013-10-02,ROK,rebalance_entry,True,Margin,0,0,0.0,0.0,0.0
2013-10-02,VRSK,rebalance_entry,True,Margin,0,0,0.0,0.0,0.0
2013-10-02,AXON,rebalance_entry,True,Completed,0,6273,15.969999999999999,100179.81,0.0
2013-10-02,CNC,rebalance_entry,True,Completed,0,6156,16.165,99511.73999999999,0.0
2013-10-02,EA,rebalance_entry,True,Completed,0,3900,25.0551856355,97715.22397845,0.0
2013-10-03,AXON,stop_loss,False,Completed,3,-6273,15.171499999999998,100179.81,0.0
2013-10-03,AXON,take_profit,False,Canceled,2,0,0.0,0.0,0.0
2013-10-03,CHRW,rebalance_exit,False,Completed,0,-2344,43.9279135181,100131.14714701599,0.0
2013-10-03,F,rebalance_exit,False,Completed,0,-11130,9.4078441032,100241.871054549,0.0
2013-10-03,FSLR,rebalance_exit,False,Completed,0,-2712,43.65,99937.2,0.0
2013-10-03,HUM,rebalance_exit,False,Completed,0,-1178,85.3466771706,99889.45307546521,0.0
2013-10-03,MO,rebalance_exit,False,Completed,0,-6587,15.7594683985,99813.3417271053,0.0
2013-10-08,EA,stop_loss,False,Completed,3,-3900,23.802426353724996,97715.22397845,0.0
2013-10-08,EA,take_profit,False,Canceled,2,0,0.0,0.0,0.0
2013-10-24,CNC,stop_loss,False,Completed,3,-6156,15.356749999999998,99511.73999999999,0.0
2013-10-24,CNC,take_profit,False,Canceled,2,0,0.0,0.0,0.0
2013-11-04,BA,rebalance_entry,True,Completed,0,883,113.8244393101,100506.9799108183,0.0
2013-11-04,EA,rebalance_entry,True,Completed,0,4020,24.9096287863,100136.707720926,0.0
2013-11-04,FSLR,rebalance_entry,True,Completed,0,1690,60.6,102414.0,0.0
2013-11-04,HAL,rebalance_entry,True,Completed,0,2367,42.3200005048,100171.4411948616,0.0
2013-11-04,MU,rebalance_entry,True,Completed,0,5835,17.1816651572,100255.016192262,0.0
2013-11-04,TPL,rebalance_entry,True,Completed,0,10992,9.0971059205,99995.388278136,0.0
2013-11-07,FSLR,stop_loss,False,Completed,3,-1690,57.57,102414.0,0.0
2013-11-07,FSLR,take_profit,False,Canceled,2,0,0.0,0.0,0.0
2013-11-13,DECK,take_profit,False,Completed,2,-10413,12.467,99860.67,0.0
2013-11-13,DECK,stop_loss,False,Canceled,3,0,0.0,0.0,0.0
2013-11-15,EA,stop_loss,False,Completed,3,-4020,23.664147346985,100136.707720926,0.0
2013-11-15,EA,take_profit,False,Canceled,2,0,0.0,0.0,0.0
2013-12-03,BA,stop_loss,False,Canceled,3,0,0.0,0.0,0.0
2013-12-03,BA,take_profit,False,Canceled,2,0,0.0,0.0,0.0
2013-12-03,CLX,stop_loss,False,Canceled,3,0,0.0,0.0,0.0
2013-12-03,CLX,take_profit,False,Canceled,2,0,0.0,0.0,0.0
2013-12-03,HAL,stop_loss,False,Canceled,3,0,0.0,0.0,0.0
2013-12-03,HAL,take_profit,False,Canceled,2,0,0.0,0.0,0.0
2013-12-03,AXON,rebalance_entry,True,Completed,0,6024,16.49,99335.76,0.0
2013-12-03,BIIB,rebalance_entry,True,Completed,0,339,294.17,99723.63,0.0
2013-12-03,BX,rebalance_entry,True,Completed,0,6601,15.1743451883,100165.8525879683,0.0
2013-12-03,DECK,rebalance_entry,True,Completed,0,7146,14.0316666667,100270.2900002382,0.0
2013-12-03,FSLR,rebalance_entry,True,Completed,0,1671,59.589999999999996,99574.89,0.0
2013-12-03,LVS,rebalance_entry,True,Completed,0,2002,49.7873990005,99674.37279900101,0.0
2013-12-04,BA,rebalance_exit,False,Completed,0,-883,112.5138999953,100506.9799108183,0.0
2013-12-04,CLX,rebalance_exit,False,Completed,0,-1761,64.2996716526,99947.4361715205,0.0
2013-12-04,HAL,rebalance_exit,False,Completed,0,-2367,41.0844146093,100171.4411948616,0.0
2013-12-05,BX,stop_loss,False,Completed,3,-6601,14.415627928885,100165.8525879683,0.0
2013-12-05,BX,take_profit,False,Canceled,2,0,0.0,0.0,0.0
2013-12-09,MU,take_profit,False,Completed,2,-5835,22.33616470436,100255.016192262,0.0
2013-12-09,MU,stop_loss,False,Canceled,3,0,0.0,0.0,0.0
2013-12-09,FSLR,stop_loss,False,Completed,3,-1671,56.61049999999999,99574.89,0.0
2013-12-09,FSLR,take_profit,False,Canceled,2,0,0.0,0.0,0.0
2013-12-11,BIIB,stop_loss,False,Completed,3,-339,279.4615,99723.63,0.0
2013-12-11,BIIB,take_profit,False,Canceled,2,0,0.0,0.0,0.0
2013-12-13,AXON,stop_loss,False,Completed,3,-6024,15.6655,99335.76,0.0
2013-12-13,AXON,take_profit,False,Canceled,2,0,0.0,0.0,0.0
2013-12-31,MCO,take_profit,False,Completed,2,-1873,69.0560056862,99493.768192502,0.0
2013-12-31,MCO,stop_loss,False,Canceled,3,0,0.0,0.0,0.0
2014-01-03,LVS,stop_loss,False,Canceled,3,0,0.0,0.0,0.0
2014-01-03,LVS,take_profit,False,Canceled,2,0,0.0,0.0,0.0
2014-01-03,BA,rebalance_entry,True,Completed,0,856,117.0663868015,100208.827102084,0.0
2014-01-03,CMG,rebalance_entry,True,Completed,0,9552,10.48,100104.96,0.0
2014-01-03,FSLR,rebalance_entry,True,Completed,0,1740,57.59,100206.6,0.0
2014-01-03,HPQ,rebalance_entry,True,Completed,0,11037,9.0761494531,100173.46151386469,0.0
2014-01-03,MCO,rebalance_entry,True,Completed,0,1474,67.7107341934,99805.6222010716,0.0
2014-01-03,MU,rebalance_entry,True,Completed,0,4734,20.67260507,97864.11240138,0.0
2014-01-03,NFLX,rebalance_entry,True,Completed,0,19293,5.1999948,100323.4996764,0.0
2014-01-06,FSLR,stop_loss,False,Completed,3,-1740,54.25,100206.6,0.0
2014-01-06,FSLR,take_profit,False,Canceled,2,0,0.0,0.0,0.0
2014-01-06,LVS,rebalance_exit,False,Completed,0,-2002,55.0446018438,99674.37279900101,0.0
2014-01-07,NFLX,stop_loss,False,Completed,3,-19293,4.939995059999999,100323.4996764,0.0
2014-01-07,NFLX,take_profit,False,Canceled,2,0,0.0,0.0,0.0
2014-01-16,DECK,stop_loss,False,Completed,3,-7146,13.330083333365,100270.2900002382,0.0
2014-01-16,DECK,take_profit,False,Canceled,2,0,0.0,0.0,0.0
2014-01-24,CMG,stop_loss,False,Completed,3,-9552,9.9052,100104.96,0.0
2014-01-24,CMG,take_profit,False,Canceled,2,0,0.0,0.0,0.0
2014-01-24,MCO,stop_loss,False,Completed,3,-1474,64.32519748373,99805.6222010716,0.0
2014-01-24,MCO,take_profit,False,Canceled,2,0,0.0,0.0,0.0
2014-01-29,BA,stop_loss,False,Completed,3,-856,111.213067461425,100208.827102084,0.0
2014-01-29,BA,take_profit,False,Canceled,2,0,0.0,0.0,0.0
2014-02-04,BA,rebalance_entry,True,Completed,0,951,105.1171765917,99966.4349387067,0.0
2014-02-04,DECK,rebalance_entry,True,Completed,0,7962,12.6916666667,101051.0500002654,0.0
2014-02-04,FSLR,rebalance_entry,True,Completed,0,2068,48.9,101125.2,0.0
2014-02-04,MCO,rebalance_entry,True,Completed,0,1569,64.0454807755,100487.35933675949,0.0
2014-02-04,SMCI,rebalance_entry,True,Completed,0,49776,2.015,100298.64,0.0
2014-02-04,STZ,rebalance_entry,True,Completed,0,1566,63.9420279673,100133.2157967918,0.0
2014-02-10,TPL,take_profit,False,Completed,2,-10992,11.82623769665,99995.388278136,0.0
2014-02-10,TPL,stop_loss,False,Canceled,3,0,0.0,0.0,0.0
2014-02-12,LMT,take_profit,False,Completed,2,-1148,112.94130850704,99735.8632046784,0.0
2014-02-12,LMT,stop_loss,False,Canceled,3,0,0.0,0.0,0.0
2014-02-28,DECK,stop_loss,False,Completed,3,-7962,12.057083333365,101051.0500002654,0.0
2014-02-28,DECK,take_profit,False,Canceled,2,0,0.0,0.0,0.0
2014-03-04,BA,stop_loss,False,Canceled,3,0,0.0,0.0,0.0
2014-03-04,BA,take_profit,False,Canceled,2,0,0.0,0.0,0.0
2014-03-04,HPQ,stop_loss,False,Canceled,3,0,0.0,0.0,0.0
2014-03-04,HPQ,take_profit,False,Canceled,2,0,0.0,0.0,0.0
2014-03-04,SMCI,stop_loss,False,Canceled,3,0,0.0,0.0,0.0
2014-03-04,SMCI,take_profit,False,Canceled,2,0,0.0,0.0,0.0
2014-03-04,AXON,rebalance_entry,True,Completed,0,5112,19.83,101370.95999999999,0.0
2014-03-04,DAL,rebalance_entry,True,Completed,0,3544,29.0036981669,102789.10630349361,0.0
2014-03-04,DECK,rebalance_entry,True,Completed,0,8233,12.2616666667,100950.3016669411,0.0
2014-03-04,LMT,rebalance_entry,True,Completed,0,853,117.74408288380002,100435.70269988141,0.0
2014-03-04,SPGI,rebalance_entry,True,Completed,0,1442,70.2554632856,101308.3780578352,0.0
2014-03-04,TPL,rebalance_entry,True,Completed,0,7291,13.7722846825,100413.7276201075,0.0
2014-03-05,BA,rebalance_exit,False,Completed,0,-951,112.0124712974,99966.4349387067,0.0
2014-03-05,HPQ,rebalance_exit,False,Completed,0,-11037,9.8655222493,100173.46151386469,0.0
2014-03-05,SMCI,rebalance_exit,False,Completed,0,-49776,2.078,100298.64,0.0
2014-03-07,AXON,stop_loss,False,Completed,3,-5112,18.838499999999996,101370.95999999999,0.0
2014-03-07,AXON,take_profit,False,Canceled,2,0,0.0,0.0,0.0
2014-03-12,TPL,stop_loss,False,Completed,3,-7291,13.083670448374999,100413.7276201075,0.0
2014-03-12,TPL,take_profit,False,Canceled,2,0,0.0,0.0,0.0
2014-03-19,FSLR,take_profit,False,Completed,2,-2068,63.57000000000001,101125.2,0.0
2014-03-19,FSLR,stop_loss,False,Canceled,3,0,0.0,0.0,0.0
2014-03-24,SPGI,stop_loss,False,Completed,3,-1442,66.74269012132,101308.3780578352,0.0
2014-03-24,SPGI,take_profit,False,Canceled,2,0,0.0,0.0,0.0
2014-04-02,STZ,stop_loss,False,Canceled,3,0,0.0,0.0,0.0
2014-04-02,STZ,take_profit,False,Canceled,2,0,0.0,0.0,0.0
2014-04-02,AXON,rebalance_entry,True,Completed,0,5265,19.01,100087.65000000001,0.0
2014-04-02,FSLR,rebalance_entry,True,Completed,0,1410,71.06,100194.6,0.0
2014-04-02,SMCI,rebalance_entry,True,Completed,0,56497,1.7719999999999998,100112.684,0.0
2014-04-02,SPGI,rebalance_entry,True,Completed,0,1453,68.7260565726,99858.9601999878,0.0
2014-04-02,TPL,rebalance_entry,True,Completed,0,7775,12.8614722508,99997.94674997,0.0
2014-04-03,STZ,rebalance_exit,False,Completed,0,-1566,71.8407987625,100133.2157967918,0.0
2014-04-04,AXON,stop_loss,False,Completed,3,-5265,18.0595,100087.65000000001,0.0
2014-04-04,AXON,take_profit,False,Canceled,2,0,0.0,0.0,0.0
2014-04-07,FSLR,stop_loss,False,Completed,3,-1410,67.507,100194.6,0.0
2014-04-07,FSLR,take_profit,False,Canceled,2,0,0.0,0.0,0.0
2014-04-08,LMT,stop_loss,False,Completed,3,-853,111.85687873961001,100435.70269988141,0.0
2014-04-08,LMT,take_profit,False,Canceled,2,0,0.0,0.0,0.0
2014-04-10,SMCI,stop_loss,False,Completed,3,-56497,1.6833999999999998,100112.684,0.0
2014-04-10,SMCI,take_profit,False,Canceled,2,0,0.0,0.0,0.0
2014-04-10,SPGI,stop_loss,False,Completed,3,-1453,65.28975374397,99858.9601999878,0.0
2014-04-10,SPGI,take_profit,False,Canceled,2,0,0.0,0.0,0.0
2014-04-14,DAL,stop_loss,False,Completed,3,-3544,27.553513258554997,102789.10630349361,0.0
2014-04-14,DAL,take_profit,False,Canceled,2,0,0.0,0.0,0.0
2014-05-02,DECK,stop_loss,False,Canceled,3,0,0.0,0.0,0.0
2014-05-02,DECK,take_profit,False,Canceled,2,0,0.0,0.0,0.0
2014-05-02,AVGO,rebalance_entry,True,Completed,0,20839,4.8914782016,101933.5142431424,0.0
2014-05-02,AXON,rebalance_entry,True,Completed,0,6557,15.25,99994.25,0.0
2014-05-02,DAL,rebalance_entry,True,Completed,0,3111,32.1291713126,99953.8519534986,0.0
2014-05-02,GNRC,rebalance_entry,True,Completed,0,1833,54.56,100008.48000000001,0.0
2014-05-02,LMT,rebalance_entry,True,Completed,0,856,116.8195599858,99997.5433478448,0.0
2014-05-02,SMCI,rebalance_entry,True,Completed,0,50428,1.99,100351.72,0.0
2014-05-02,SWKS,rebalance_entry,True,Completed,0,3094,32.4754013077,100478.8916460238,0.0
2014-05-05,AXON,stop_loss,False,Completed,3,-6557,14.12,99994.25,0.0
2014-05-05,AXON,take_profit,False,Canceled,2,0,0.0,0.0,0.0
2014-05-05,DECK,rebalance_exit,False,Completed,0,-8233,13.3316666667,100950.3016669411,0.0
2014-05-07,SMCI,stop_loss,False,Completed,3,-50428,1.8904999999999998,100351.72,0.0
2014-05-07,SMCI,take_profit,False,Canceled,2,0,0.0,0.0,0.0
2014-05-08,GNRC,stop_loss,False,Completed,3,-1833,51.832,100008.48000000001,0.0
2014-05-08,GNRC,take_profit,False,Canceled,2,0,0.0,0.0,0.0
2014-05-13,MU,take_profit,False,Completed,2,-4734,26.874386591,97864.11240138,0.0
2014-05-13,MU,stop_loss,False,Canceled,3,0,0.0,0.0,0.0
2014-05-29,TPL,take_profit,False,Completed,2,-7775,16.751942495,99997.94674997,0.0
2014-05-29,TPL,stop_loss,False,Canceled,3,0,0.0,0.0,0.0
2014-06-03,SWKS,stop_loss,False,Canceled,3,0,0.0,0.0,0.0
2014-06-03,SWKS,take_profit,False,Canceled,2,0,0.0,0.0,0.0
2014-06-03,DECK,rebalance_entry,True,Completed,0,7650,13.0233333333,99628.499999745,0.0
2014-06-03,GNRC,rebalance_entry,True,Completed,0,2053,48.85,100289.05,0.0
2014-06-03,MU,rebalance_entry,True,Completed,0,3578,27.8495094717,99645.5448897426,0.0
2014-06-03,TDG,rebalance_entry,True,Completed,0,964,103.7418487328,100007.14217841919,0.0
2014-06-03,TPL,rebalance_entry,True,Completed,0,6305,15.856143455,99972.984483775,0.0
2014-06-03,TTWO,rebalance_entry,True,Completed,0,5125,19.35,99168.75000000001,0.0
2014-06-04,SWKS,rebalance_exit,False,Completed,0,-3094,35.7433432795,100478.8916460238,0.0
2014-06-09,GNRC,stop_loss,False,Completed,3,-2053,46.4075,100289.05,0.0
2014-06-09,GNRC,take_profit,False,Canceled,2,0,0.0,0.0,0.0
2014-07-02,TDG,stop_loss,False,Canceled,3,0,0.0,0.0,0.0
2014-07-02,TDG,take_profit,False,Canceled,2,0,0.0,0.0,0.0
2014-07-02,TTWO,stop_loss,False,Canceled,3,0,0.0,0.0,0.0
2014-07-02,TTWO,take_profit,False,Canceled,2,0,0.0,0.0,0.0
2014-07-02,GNRC,rebalance_entry,True,Completed,0,2120,47.1,99852.0,0.0
2014-07-02,SMCI,rebalance_entry,True,Completed,0,39308,2.547,100117.47600000001,0.0
2014-07-02,STZ,rebalance_entry,True,Completed,0,1339,79.8578399227,106929.64765649529,0.0
2014-07-03,TDG,rebalance_exit,False,Completed,0,-964,105.7165801584,100007.14217841919,0.0
2014-07-03,TTWO,rebalance_exit,False,Completed,0,-5125,22.75,99168.75000000001,0.0
2014-07-08,DAL,stop_loss,False,Completed,3,-3111,30.522712746969997,99953.8519534986,0.0
2014-07-08,DAL,take_profit,False,Canceled,2,0,0.0,0.0,0.0
2014-07-08,SMCI,stop_loss,False,Completed,3,-39308,2.41965,100117.47600000001,0.0
2014-07-08,SMCI,take_profit,False,Canceled,2,0,0.0,0.0,0.0
2014-07-08,STZ,stop_loss,False,Completed,3,-1339,75.864947926565,106929.64765649529,0.0
2014-07-08,STZ,take_profit,False,Canceled,2,0,0.0,0.0,0.0
2014-07-10,GNRC,stop_loss,False,Completed,3,-2120,44.14,99852.0,0.0
2014-07-10,GNRC,take_profit,False,Canceled,2,0,0.0,0.0,0.0
2014-07-25,MCO,take_profit,False,Completed,2,-1569,83.2644715552,100487.35933675949,0.0
2014-07-25,MCO,stop_loss,False,Canceled,3,0,0.0,0.0,0.0
2014-08-04,AVGO,stop_loss,False,Canceled,3,0,0.0,0.0,0.0
2014-08-04,AVGO,take_profit,False,Canceled,2,0,0.0,0.0,0.0
2014-08-04,CL,rebalance_entry,True,Completed,0,2057,48.5423126223,99851.5370640711,0.0
2014-08-04,DAL,rebalance_entry,True,Completed,0,3068,32.6391676464,100136.96633915519,0.0
2014-08-04,LUV,rebalance_entry,True,Completed,0,4016,25.1080238036,100833.82359525759,0.0
2014-08-04,LYB,rebalance_entry,True,Completed,0,2083,48.2618170224,100529.36485765921,0.0
2014-08-04,MCO,rebalance_entry,True,Completed,0,1301,76.9512056843,100113.5185952743,0.0
2014-08-04,URI,rebalance_entry,True,Completed,0,979,102.3952470689,100244.9468804531,0.0
2014-08-05,AVGO,rebalance_exit,False,Completed,0,-20839,5.374226161,101933.5142431424,0.0
2014-08-06,DAL,stop_loss,False,Completed,3,-3068,31.00720926408,100136.96633915519,0.0
2014-08-06,DAL,take_profit,False,Canceled,2,0,0.0,0.0,0.0
2014-09-02,TPL,take_profit,False,Completed,2,-6305,20.6129864915,99972.984483775,0.0
2014-09-02,TPL,stop_loss,False,Canceled,3,0,0.0,0.0,0.0
2014-09-03,CL,stop_loss,False,Canceled,3,0,0.0,0.0,0.0
2014-09-03,CL,take_profit,False,Canceled,2,0,0.0,0.0,0.0
2014-09-03,LYB,stop_loss,False,Canceled,3,0,0.0,0.0,0.0
2014-09-03,LYB,take_profit,False,Canceled,2,0,0.0,0.0,0.0
2014-09-03,DAL,rebalance_entry,True,Completed,0,2810,34.3289384434,96464.31702595399,0.0
2014-09-03,HPQ,rebalance_entry,True,Completed,0,7947,12.6092846546,100205.9851501062,0.0
2014-09-03,SMCI,rebalance_entry,True,Completed,0,37037,2.723,100851.75099999999,0.0
2014-09-03,TPL,rebalance_entry,True,Completed,0,4712,21.5191948165,101398.445975348,0.0
2014-09-04,SMCI,stop_loss,False,Completed,3,-37037,2.585,100851.75099999999,0.0
2014-09-04,SMCI,take_profit,False,Canceled,2,0,0.0,0.0,0.0
2014-09-04,CL,rebalance_exit,False,Completed,0,-2057,48.9982516888,99851.5370640711,0.0
2014-09-04,LYB,rebalance_exit,False,Completed,0,-2083,51.8753851137,100529.36485765921,0.0
2014-09-09,TPL,stop_loss,False,Completed,3,-4712,20.443235075675,101398.445975348,0.0
2014-09-09,TPL,take_profit,False,Canceled,2,0,0.0,0.0,0.0
2014-09-16,HPQ,stop_loss,False,Completed,3,-7947,11.97882042187,100205.9851501062,0.0
2014-09-16,HPQ,take_profit,False,Canceled,2,0,0.0,0.0,0.0
2014-09-23,DAL,stop_loss,False,Completed,3,-2810,32.61249152123,96464.31702595399,0.0
2014-09-23,DAL,take_profit,False,Canceled,2,0,0.0,0.0,0.0
2014-10-02,LMT,stop_loss,False,Canceled,3,0,0.0,0.0,0.0
2014-10-02,LMT,take_profit,False,Canceled,2,0,0.0,0.0,0.0
2014-10-02,LUV,stop_loss,False,Canceled,3,0,0.0,0.0,0.0
2014-10-02,LUV,take_profit,False,Canceled,2,0,0.0,0.0,0.0
2014-10-02,DAL,rebalance_entry,True,Completed,0,3296,30.7126207953,101228.7981413088,0.0
2014-10-02,LYB,rebalance_entry,True,Completed,0,2101,47.2212381309,99211.82131302089,0.0
2014-10-02,NXPI,rebalance_entry,True,Completed,0,1712,58.35290850890001,99900.17936723681,0.0
2014-10-02,SMCI,rebalance_entry,True,Completed,0,34989,2.842,99438.738,0.0
2014-10-02,SWKS,rebalance_entry,True,Completed,0,2382,42.2586827573,100660.1823278886,0.0
2014-10-02,TPL,rebalance_entry,True,Completed,0,5227,19.0920298197,99794.03986757189,0.0
2014-10-03,LMT,rebalance_exit,False,Completed,0,-856,129.3520081754,99997.5433478448,0.0
2014-10-03,LUV,rebalance_exit,False,Completed,0,-4016,28.7370855783,100833.82359525759,0.0
2014-10-06,SMCI,stop_loss,False,Completed,3,-34989,2.6999,99438.738,0.0
2014-10-06,SMCI,take_profit,False,Canceled,2,0,0.0,0.0,0.0
2014-10-06,TPL,stop_loss,False,Completed,3,-5227,18.137428328714996,99794.03986757189,0.0
2014-10-06,TPL,take_profit,False,Canceled,2,0,0.0,0.0,0.0
2014-10-07,URI,stop_loss,False,Completed,3,-979,97.27548471545501,100244.9468804531,0.0
2014-10-07,URI,take_profit,False,Canceled,2,0,0.0,0.0,0.0
2014-10-08,LYB,stop_loss,False,Completed,3,-2101,44.860176224354994,99211.82131302089,0.0
2014-10-08,LYB,take_profit,False,Canceled,2,0,0.0,0.0,0.0
2014-10-10,DAL,stop_loss,False,Completed,3,-3296,29.176989755535,101228.7981413088,0.0
2014-10-10,DAL,take_profit,False,Canceled,2,0,0.0,0.0,0.0
2014-10-10,NXPI,stop_loss,False,Completed,3,-1712,51.3650658953,99900.17936723681,0.0
2014-10-10,NXPI,take_profit,False,Canceled,2,0,0.0,0.0,0.0
2014-10-10,SWKS,stop_loss,False,Completed,3,-2382,39.4403875958,100660.1823278886,0.0
2014-10-10,SWKS,take_profit,False,Canceled,2,0,0.0,0.0,0.0
2014-10-13,MU,stop_loss,False,Completed,3,-3578,26.457033998114998,99645.5448897426,0.0
2014-10-13,MU,take_profit,False,Canceled,2,0,0.0,0.0,0.0
2014-11-04,DECK,stop_loss,False,Canceled,3,0,0.0,0.0,0.0
2014-11-04,DECK,take_profit,False,Canceled,2,0,0.0,0.0,0.0
2014-11-04,CL,rebalance_entry,True,Completed,0,1941,51.3316159708,99634.66659932281,0.0
2014-11-04,DAL,rebalance_entry,True,Completed,0,2832,36.0762457686,102167.92801667521,0.0
2014-11-04,EW,rebalance_entry,True,Completed,0,5002,20.0166666667,100123.3666668334,0.0
2014-11-04,GILD,rebalance_entry,True,Completed,0,1316,75.7108255461,99635.44641866759,0.0
2014-11-04,IBM,rebalance_entry,True,Completed,0,1026,97.4089066607,99941.5382338782,0.0
2014-11-04,LMT,rebalance_entry,True,Completed,0,720,138.9403795812,100037.073298464,0.0
2014-11-04,MO,rebalance_entry,True,Completed,0,4277,23.4222471414,100176.9510237678,0.0
2014-11-04,MU,rebalance_entry,True,Completed,0,3060,32.6471140445,99900.16897617,0.0
2014-11-04,TPL,rebalance_entry,True,Completed,0,6386,15.464794377200002,98758.17689279921,0.0
2014-11-05,TPL,stop_loss,False,Completed,3,-6386,14.691554658340003,98758.17689279921,0.0
2014-11-05,TPL,take_profit,False,Canceled,2,0,0.0,0.0,0.0
2014-11-05,DECK,rebalance_exit,False,Completed,0,-7650,14.7133333333,99628.499999745,0.0
2014-11-13,GILD,stop_loss,False,Completed,3,-1316,71.925284268795,99635.44641866759,0.0
2014-11-13,GILD,take_profit,False,Canceled,2,0,0.0,0.0,0.0
2014-11-17,MU,stop_loss,False,Completed,3,-3060,31.014758342274998,99900.16897617,0.0
2014-11-17,MU,take_profit,False,Canceled,2,0,0.0,0.0,0.0
2014-12-02,CL,stop_loss,False,Canceled,3,0,0.0,0.0,0.0
2014-12-02,CL,take_profit,False,Canceled,2,0,0.0,0.0,0.0
2014-12-02,DAL,stop_loss,False,Canceled,3,0,0.0,0.0,0.0
2014-12-02,DAL,take_profit,False,Canceled,2,0,0.0,0.0,0.0
2014-12-02,EW,stop_loss,False,Canceled,3,0,0.0,0.0,0.0
2014-12-02,EW,take_profit,False,Canceled,2,0,0.0,0.0,0.0
2014-12-02,IBM,stop_loss,False,Canceled,3,0,0.0,0.0,0.0
2014-12-02,IBM,take_profit,False,Canceled,2,0,0.0,0.0,0.0
2014-12-02,LMT,stop_loss,False,Canceled,3,0,0.0,0.0,0.0
2014-12-02,LMT,take_profit,False,Canceled,2,0,0.0,0.0,0.0
2014-12-02,BLDR,rebalance_entry,True,Completed,0,16339,6.16,100648.24,0.0
2014-12-02,LYB,rebalance_entry,True,Completed,0,2850,35.2699540812,100519.36913142,0.0
2014-12-02,SMCI,rebalance_entry,True,Completed,0,31055,3.213,99779.715,0.0
2014-12-02,TPL,rebalance_entry,True,Completed,0,7327,13.5120525592,99002.8091012584,0.0
2014-12-02,TRGP,rebalance_entry,True,Completed,0,1713,58.473457582,100165.032837966,0.0
2014-12-02,TTWO,rebalance_entry,True,Completed,0,3745,26.96,100965.2,0.0
2014-12-02,URI,rebalance_entry,True,Completed,0,975,103.3497790331,100766.0345572725,0.0
2014-12-02,WMB,rebalance_entry,True,Margin,0,0,0.0,0.0,0.0
2014-12-03,CL,rebalance_exit,False,Completed,0,-1941,53.2650533447,99634.66659932281,0.0
2014-12-03,DAL,rebalance_exit,False,Completed,0,-2832,39.3248716241,102167.92801667521,0.0
2014-12-03,EW,rebalance_exit,False,Completed,0,-5002,22.1083333333,100123.3666668334,0.0
2014-12-03,IBM,rebalance_exit,False,Completed,0,-1026,96.9565846988,99941.5382338782,0.0
2014-12-03,LMT,rebalance_exit,False,Completed,0,-720,139.5725617482,100037.073298464,0.0
2014-12-09,SMCI,stop_loss,False,Completed,3,-31055,3.05235,99779.715,0.0
2014-12-09,SMCI,take_profit,False,Canceled,2,0,0.0,0.0,0.0
2014-12-10,TPL,stop_loss,False,Completed,3,-7327,12.83644993124,99002.8091012584,0.0
2014-12-10,TPL,take_profit,False,Canceled,2,0,0.0,0.0,0.0
2014-12-10,TRGP,stop_loss,False,Completed,3,-1713,55.5497847029,100165.032837966,0.0
2014-12-10,TRGP,take_profit,False,Canceled,2,0,0.0,0.0,0.0
2014-12-12,LYB,stop_loss,False,Completed,3,-2850,32.5709326049,100519.36913142,0.0
2014-12-12,LYB,take_profit,False,Canceled,2,0,0.0,0.0,0.0
2014-12-12,URI,stop_loss,False,Completed,3,-975,98.182290081445,100766.0345572725,0.0
2014-12-12,URI,take_profit,False,Canceled,2,0,0.0,0.0,0.0
2015-01-05,BLDR,stop_loss,False,Canceled,3,0,0.0,0.0,0.0
2015-01-05,BLDR,take_profit,False,Canceled,2,0,0.0,0.0,0.0
2015-01-05,TTWO,stop_loss,False,Canceled,3,0,0.0,0.0,0.0
2015-01-05,TTWO,take_profit,False,Canceled,2,0,0.0,0.0,0.0
2015-01-05,AAPL,rebalance_entry,True,Completed,0,4133,23.9627120047,99037.8887154251,0.0
2015-01-05,CL,rebalance_entry,True,Completed,0,1895,52.684257928,99836.66877356,0.0
2015-01-05,CLX,rebalance_entry,True,Completed,0,1345,74.2894208576,99919.27105347201,0.0
2015-01-05,EW,rebalance_entry,True,Completed,0,4697,21.1,99106.70000000001,0.0
2015-01-05,IBM,rebalance_entry,True,Completed,0,1033,96.2404654051,99416.4007634683,0.0
2015-01-05,MAS,rebalance_entry,True,Completed,0,5398,18.4190865599,99426.2292503402,0.0
2015-01-05,TPL,rebalance_entry,True,Completed,0,8467,11.6654053761,98770.9873194387,0.0
2015-01-05,VZ,rebalance_entry,True,Completed,0,3894,25.7435767608,100245.4879065552,0.0
2015-01-06,TPL,stop_loss,False,Completed,3,-8467,11.082135107295,98770.9873194387,0.0
2015-01-06,TPL,take_profit,False,Canceled,2,0,0.0,0.0,0.0
2015-01-06,BLDR,rebalance_exit,False,Completed,0,-16339,6.64,100648.24,0.0
2015-01-06,TTWO,rebalance_exit,False,Completed,0,-3745,28.15,100965.2,0.0
2015-01-16,MAS,stop_loss,False,Completed,3,-5398,17.498132231904997,99426.2292503402,0.0
2015-01-16,MAS,take_profit,False,Canceled,2,0,0.0,0.0,0.0
2015-01-21,IBM,stop_loss,False,Completed,3,-1033,91.3231129221,99416.4007634683,0.0
2015-01-21,IBM,take_profit,False,Canceled,2,0,0.0,0.0,0.0
2015-01-27,CL,stop_loss,False,Completed,3,-1895,50.0500450316,99836.66877356,0.0
2015-01-27,CL,take_profit,False,Canceled,2,0,0.0,0.0,0.0
2015-02-03,MCO,stop_loss,False,Canceled,3,0,0.0,0.0,0.0
2015-02-03,MCO,take_profit,False,Canceled,2,0,0.0,0.0,0.0
2015-02-03,VZ,stop_loss,False,Canceled,3,0,0.0,0.0,0.0
2015-02-03,VZ,take_profit,False,Canceled,2,0,0.0,0.0,0.0
2015-02-03,BLDR,rebalance_entry,True,Completed,0,16666,6.06,100995.95999999999,0.0
2015-02-03,IRM,rebalance_entry,True,Completed,0,4717,21.2192077377,100091.0028987309,0.0
2015-02-03,KR,rebalance_entry,True,Completed,0,3584,28.0073858224,100378.4707874816,0.0
2015-02-03,LULU,rebalance_entry,True,Completed,0,1526,65.59,100090.34000000001,0.0
2015-02-03,LUV,rebalance_entry,True,Completed,0,2555,37.9361069372,96926.753224546,0.0
2015-02-03,MAS,rebalance_entry,True,Completed,0,5347,18.835199847,100711.813581909,0.0
2015-02-04,MCO,rebalance_exit,False,Completed,0,-1301,82.0797979505,100113.5185952743,0.0
2015-02-04,VZ,rebalance_exit,False,Completed,0,-3894,26.376570665,100245.4879065552,0.0
2015-02-20,IRM,stop_loss,False,Completed,3,-4717,20.158247350815,100091.0028987309,0.0
2015-02-20,IRM,take_profit,False,Canceled,2,0,0.0,0.0,0.0
2015-03-03,BLDR,stop_loss,False,Canceled,3,0,0.0,0.0,0.0
2015-03-03,BLDR,take_profit,False,Canceled,2,0,0.0,0.0,0.0
2015-03-03,KR,stop_loss,False,Canceled,3,0,0.0,0.0,0.0
2015-03-03,KR,take_profit,False,Canceled,2,0,0.0,0.0,0.0
2015-03-03,LULU,stop_loss,False,Canceled,3,0,0.0,0.0,0.0
2015-03-03,LULU,take_profit,False,Canceled,2,0,0.0,0.0,0.0
2015-03-03,LUV,stop_loss,False,Canceled,3,0,0.0,0.0,0.0
2015-03-03,LUV,take_profit,False,Canceled,2,0,0.0,0.0,0.0
2015-03-03,CL,rebalance_entry,True,Completed,0,1833,54.5442992462,99979.70051828459,0.0
2015-03-03,EA,rebalance_entry,True,Completed,0,1793,55.5541974296,99608.6759912728,0.0
2015-03-03,IBM,rebalance_entry,True,Completed,0,1036,96.3150116628,99782.3520826608,0.0
2015-03-03,SWKS,rebalance_entry,True,Completed,0,1388,71.8683546871,99753.27630569479,0.0
2015-03-03,UAL,rebalance_entry,True,Completed,0,1496,66.2,99035.2,0.0
2015-03-04,BLDR,rebalance_exit,False,Completed,0,-16666,6.02,100995.95999999999,0.0
2015-03-04,KR,rebalance_exit,False,Completed,0,-3584,27.8869840752,100378.4707874816,0.0
2015-03-04,LULU,rebalance_exit,False,Completed,0,-1526,65.7,100090.34000000001,0.0
2015-03-04,LUV,rebalance_exit,False,Completed,0,-2555,38.5334604335,96926.753224546,0.0
2015-03-17,EA,stop_loss,False,Completed,3,-1793,52.77648755812,99608.6759912728,0.0
2015-03-17,EA,take_profit,False,Canceled,2,0,0.0,0.0,0.0
2015-03-18,CL,stop_loss,False,Completed,3,-1833,51.81708428389,99979.70051828459,0.0
2015-03-18,CL,take_profit,False,Canceled,2,0,0.0,0.0,0.0
2015-04-02,AAPL,stop_loss,False,Canceled,3,0,0.0,0.0,0.0
2015-04-02,AAPL,take_profit,False,Canceled,2,0,0.0,0.0,0.0
2015-04-02,EW,stop_loss,False,Canceled,3,0,0.0,0.0,0.0
2015-04-02,EW,take_profit,False,Canceled,2,0,0.0,0.0,0.0
2015-04-02,IBM,stop_loss,False,Canceled,3,0,0.0,0.0,0.0
2015-04-02,IBM,take_profit,False,Canceled,2,0,0.0,0.0,0.0
2015-04-02,SWKS,stop_loss,False,Canceled,3,0,0.0,0.0,0.0
2015-04-02,SWKS,take_profit,False,Canceled,2,0,0.0,0.0,0.0
2015-04-02,UAL,stop_loss,False,Canceled,3,0,0.0,0.0,0.0
2015-04-02,UAL,take_profit,False,Canceled,2,0,0.0,0.0,0.0
2015-04-02,TPL,rebalance_entry,True,Margin,0,0,0.0,0.0,0.0
2015-04-02,CL,rebalance_entry,True,Completed,0,1884,53.0462515908,99939.1379970672,0.0
2015-04-02,EA,rebalance_entry,True,Completed,0,1799,55.5444936397,99924.5440578203,0.0
2015-04-02,GILD,rebalance_entry,True,Completed,0,1481,67.6749246591,100226.5634201271,0.0
2015-04-02,HD,rebalance_entry,True,Completed,0,1146,86.8235913838,99499.8357258348,0.0
2015-04-02,KR,rebalance_entry,True,Completed,0,3245,30.728662936,99714.51122731999,0.0
2015-04-02,MCO,rebalance_entry,True,Completed,0,1074,92.817571512,99686.071803888,0.0
2015-04-06,AAPL,rebalance_exit,False,Completed,0,-4133,27.6509983283,99037.8887154251,0.0
2015-04-06,EW,rebalance_exit,False,Completed,0,-4697,23.3733333333,99106.70000000001,0.0
2015-04-06,IBM,rebalance_exit,False,Completed,0,-1036,95.96645793,99782.3520826608,0.0
2015-04-06,SWKS,rebalance_exit,False,Completed,0,-1388,74.3809027072,99753.27630569479,0.0
2015-04-06,UAL,rebalance_exit,False,Completed,0,-1496,60.64,99035.2,0.0
2015-04-16,KR,stop_loss,False,Completed,3,-3245,29.1922297892,99714.51122731999,0.0
2015-04-16,KR,take_profit,False,Canceled,2,0,0.0,0.0,0.0
2015-04-30,HD,stop_loss,False,Completed,3,-1146,82.48241181460999,99499.8357258348,0.0
2015-04-30,HD,take_profit,False,Canceled,2,0,0.0,0.0,0.0
2015-05-04,EA,stop_loss,False,Canceled,3,0,0.0,0.0,0.0
2015-05-04,EA,take_profit,False,Canceled,2,0,0.0,0.0,0.0
2015-05-04,AAPL,rebalance_entry,True,Completed,0,3490,28.768412336399997,100401.759054036,0.0
2015-05-04,CNC,rebalance_entry,True,Completed,0,3179,31.5,100138.5,0.0
2015-05-04,TPL,rebalance_entry,True,Completed,0,6418,15.464801178399998,99253.0939629712,0.0
2015-05-04,WYNN,rebalance_entry,True,Completed,0,1030,97.5161647579,100441.649700637,0.0
2015-05-05,EA,rebalance_exit,False,Completed,0,-1799,57.650216057499996,99924.5440578203,0.0
2015-05-15,WYNN,stop_loss,False,Completed,3,-1030,92.640356520005,100441.649700637,0.0
2015-05-15,WYNN,take_profit,False,Canceled,2,0,0.0,0.0,0.0
2015-05-26,TPL,stop_loss,False,Completed,3,-6418,14.691561119479998,99253.0939629712,0.0
2015-05-26,TPL,take_profit,False,Canceled,2,0,0.0,0.0,0.0
2015-06-02,AAPL,stop_loss,False,Canceled,3,0,0.0,0.0,0.0
2015-06-02,AAPL,take_profit,False,Canceled,2,0,0.0,0.0,0.0
2015-06-02,CNC,stop_loss,False,Canceled,3,0,0.0,0.0,0.0
2015-06-02,CNC,take_profit,False,Canceled,2,0,0.0,0.0,0.0
2015-06-02,IT,rebalance_entry,True,Completed,0,1151,86.45,99503.95,0.0
2015-06-02,LII,rebalance_entry,True,Completed,0,1003,99.2701243113,99567.9346842339,0.0
2015-06-02,TPL,rebalance_entry,True,Completed,0,6690,15.0857029394,100923.35266458601,0.0
2015-06-02,ULTA,rebalance_entry,True,Completed,0,649,154.3,100140.70000000001,0.0
2015-06-03,AAPL,rebalance_exit,False,Completed,0,-3490,29.1466041891,100401.759054036,0.0
2015-06-03,CNC,rebalance_exit,False,Completed,0,-3179,37.04,100138.5,0.0
2015-06-05,CL,stop_loss,False,Completed,3,-1884,50.393939011259995,99939.1379970672,0.0
2015-06-05,CL,take_profit,False,Canceled,2,0,0.0,0.0,0.0
2015-07-02,LII,stop_loss,False,Canceled,3,0,0.0,0.0,0.0
2015-07-02,LII,take_profit,False,Canceled,2,0,0.0,0.0,0.0
2015-07-02,ULTA,stop_loss,False,Canceled,3,0,0.0,0.0,0.0
2015-07-02,ULTA,take_profit,False,Canceled,2,0,0.0,0.0,0.0
2015-07-02,CL,rebalance_entry,True,Completed,0,1956,51.2758804135,100295.62208880599,0.0
2015-07-02,STX,rebalance_entry,True,Completed,0,3444,29.179530485900003,100494.3029934396,0.0
2015-07-02,VRSK,rebalance_entry,True,Completed,0,1438,69.5162854002,99964.41840548761,0.0
2015-07-06,TPL,stop_loss,False,Completed,3,-6690,14.331417792430003,100923.35266458601,0.0
2015-07-06,TPL,take_profit,False,Canceled,2,0,0.0,0.0,0.0
2015-07-06,LII,rebalance_exit,False,Completed,0,-1003,94.7432655977,99567.9346842339,0.0
2015-07-06,ULTA,rebalance_exit,False,Completed,0,-649,154.79,100140.70000000001,0.0
2015-07-13,STX,stop_loss,False,Completed,3,-3444,27.6110010287,100494.3029934396,0.0
2015-07-13,STX,take_profit,False,Canceled,2,0,0.0,0.0,0.0
2015-08-04,MCO,stop_loss,False,Canceled,3,0,0.0,0.0,0.0
2015-08-04,MCO,take_profit,False,Canceled,2,0,0.0,0.0,0.0
2015-08-04,VRSK,stop_loss,False,Canceled,3,0,0.0,0.0,0.0
2015-08-04,VRSK,take_profit,False,Canceled,2,0,0.0,0.0,0.0
2015-08-04,AXON,rebalance_entry,True,Completed,0,3979,25.53,101583.87000000001,0.0
2015-08-04,EA,rebalance_entry,True,Completed,0,1452,68.6057949043,99615.6142010436,0.0
2015-08-04,LII,rebalance_entry,True,Completed,0,959,104.1558988683,99885.5070146997,0.0
2015-08-04,TPL,rebalance_entry,True,Completed,0,7729,13.2132785685,102125.4300559365,0.0
2015-08-05,MCO,rebalance_exit,False,Completed,0,-1074,99.9446956347,99686.071803888,0.0
2015-08-05,VRSK,rebalance_exit,False,Completed,0,-1438,74.4061598566,99964.41840548761,0.0
2015-08-06,AXON,stop_loss,False,Completed,3,-3979,24.2535,101583.87000000001,0.0
2015-08-06,AXON,take_profit,False,Canceled,2,0,0.0,0.0,0.0
2015-08-18,TPL,stop_loss,False,Completed,3,-7729,12.552614640075,102125.4300559365,0.0
2015-08-18,TPL,take_profit,False,Canceled,2,0,0.0,0.0,0.0
2015-08-21,EA,stop_loss,False,Completed,3,-1452,63.326933174800004,99615.6142010436,0.0
2015-08-21,EA,take_profit,False,Canceled,2,0,0.0,0.0,0.0
2015-08-24,GILD,stop_loss,False,Completed,3,-1481,64.291178426145,100226.5634201271,0.0
2015-08-24,GILD,take_profit,False,Canceled,2,0,0.0,0.0,0.0
2015-08-24,IT,stop_loss,False,Completed,3,-1151,82.1275,99503.95,0.0
2015-08-24,IT,take_profit,False,Canceled,2,0,0.0,0.0,0.0
2015-08-24,CL,stop_loss,False,Completed,3,-1956,48.08669469,100295.62208880599,0.0
2015-08-24,CL,take_profit,False,Canceled,2,0,0.0,0.0,0.0
2015-08-24,LII,stop_loss,False,Completed,3,-959,98.94810392488499,99885.5070146997,0.0
2015-08-24,LII,take_profit,False,Canceled,2,0,0.0,0.0,0.0
2015-09-02,CL,rebalance_entry,True,Completed,0,2100,48.0711577935,100949.43136634999,0.0
2015-09-02,EA,rebalance_entry,True,Completed,0,1624,62.744705778100005,101897.4021836344,0.0
2015-09-02,FIX,rebalance_entry,True,Completed,0,3896,26.0809779836,101611.4902241056,0.0
2015-09-02,GILD,rebalance_entry,True,Completed,0,1421,71.7036022647,101890.8188181387,0.0
2015-09-02,IDXX,rebalance_entry,True,Completed,0,1417,71.62,101485.54000000001,0.0
2015-09-02,IT,rebalance_entry,True,Completed,0,1199,84.33,101111.67,0.0
2015-09-02,LII,rebalance_entry,True,Completed,0,976,103.40676607050001,100925.003684808,0.0
2015-09-28,FIX,stop_loss,False,Completed,3,-3896,24.77692908442,101611.4902241056,0.0
2015-09-28,FIX,take_profit,False,Canceled,2,0,0.0,0.0,0.0
2015-09-28,GILD,stop_loss,False,Completed,3,-1421,68.118422151465,101890.8188181387,0.0
2015-09-28,GILD,take_profit,False,Canceled,2,0,0.0,0.0,0.0
2015-09-30,LII,stop_loss,False,Completed,3,-976,98.23642776697501,100925.003684808,0.0
2015-09-30,LII,take_profit,False,Canceled,2,0,0.0,0.0,0.0
2015-10-02,CL,stop_loss,False,Canceled,3,0,0.0,0.0,0.0
2015-10-02,CL,take_profit,False,Canceled,2,0,0.0,0.0,0.0
2015-10-02,FIX,rebalance_entry,True,Completed,0,3901,25.3064802474,98720.5794451074,0.0
2015-10-02,LII,rebalance_entry,True,Completed,0,994,99.4240193406,98827.4752245564,0.0
2015-10-02,LMT,rebalance_entry,True,Completed,0,650,151.6290264558,98558.86719626999,0.0
2015-10-02,UAL,rebalance_entry,True,Completed,0,1886,52.34,98713.24,0.0
2015-10-05,CL,rebalance_exit,False,Completed,0,-2100,50.1764072702,100949.43136634999,0.0
2015-10-22,MO,take_profit,False,Completed,2,-4277,30.44892128382,100176.9510237678,0.0
2015-10-22,MO,stop_loss,False,Canceled,3,0,0.0,0.0,0.0
2015-10-28,MAS,take_profit,False,Completed,2,-5347,24.4973504394,100711.813581909,0.0
2015-10-28,MAS,stop_loss,False,Canceled,3,0,0.0,0.0,0.0
2015-10-28,IDXX,stop_loss,False,Completed,3,-1417,68.039,101485.54000000001,0.0
2015-10-28,IDXX,take_profit,False,Canceled,2,0,0.0,0.0,0.0
2015-11-03,FIX,stop_loss,False,Canceled,3,0,0.0,0.0,0.0
2015-11-03,FIX,take_profit,False,Canceled,2,0,0.0,0.0,0.0
2015-11-03,LMT,stop_loss,False,Canceled,3,0,0.0,0.0,0.0
2015-11-03,LMT,take_profit,False,Canceled,2,0,0.0,0.0,0.0
2015-11-03,UAL,stop_loss,False,Canceled,3,0,0.0,0.0,0.0
2015-11-03,UAL,take_profit,False,Canceled,2,0,0.0,0.0,0.0
2015-11-03,CL,rebalance_entry,True,Completed,0,1896,52.5320581403,99600.7822340088,0.0
2015-11-03,GPN,rebalance_entry,True,Completed,0,1550,64.3482058583,99739.71908036502,0.0
2015-11-03,IDXX,rebalance_entry,True,Completed,0,1436,69.2,99371.2,0.0
2015-11-03,MAS,rebalance_entry,True,Completed,0,3993,24.9837137188,99759.9688791684,0.0
2015-11-03,MO,rebalance_entry,True,Completed,0,3317,29.863822428500004,99058.29899533451,0.0
2015-11-03,NXPI,rebalance_entry,True,Completed,0,1475,67.2778872395,99234.8836782625,0.0
2015-11-04,FIX,rebalance_exit,False,Completed,0,-3901,29.5335582533,98720.5794451074,0.0
2015-11-04,LMT,rebalance_exit,False,Completed,0,-650,164.9146745339,98558.86719626999,0.0
2015-11-04,UAL,rebalance_exit,False,Completed,0,-1886,60.54,98713.24,0.0
2015-11-06,MO,stop_loss,False,Completed,3,-3317,28.370631307075005,99058.29899533451,0.0
2015-11-06,MO,take_profit,False,Canceled,2,0,0.0,0.0,0.0
2015-12-02,IT,stop_loss,False,Canceled,3,0,0.0,0.0,0.0
2015-12-02,IT,take_profit,False,Canceled,2,0,0.0,0.0,0.0
2015-12-02,NXPI,stop_loss,False,Canceled,3,0,0.0,0.0,0.0
2015-12-02,NXPI,take_profit,False,Canceled,2,0,0.0,0.0,0.0
2015-12-02,LMT,rebalance_entry,True,Completed,0,600,166.5274625351,99916.47752106,0.0
2015-12-02,MO,rebalance_entry,True,Completed,0,3467,28.8424537936,99996.7873024112,0.0
2015-12-02,UPS,rebalance_entry,True,Completed,0,1423,69.8187152283,99352.0317698709,0.0
2015-12-03,IT,rebalance_exit,False,Completed,0,-1199,92.79,101111.67,0.0
2015-12-03,NXPI,rebalance_exit,False,Completed,0,-1475,82.2530993216,99234.8836782625,0.0
2015-12-11,UPS,stop_loss,False,Completed,3,-1423,66.32777946688499,99352.0317698709,0.0
2015-12-11,UPS,take_profit,False,Canceled,2,0,0.0,0.0,0.0
2015-12-16,CLX,take_profit,False,Completed,2,-1345,96.57624711488002,99919.27105347201,0.0
2015-12-16,CLX,stop_loss,False,Canceled,3,0,0.0,0.0,0.0
2015-12-16,GPN,stop_loss,False,Completed,3,-1550,61.130795565385,99739.71908036502,0.0
2015-12-16,GPN,take_profit,False,Canceled,2,0,0.0,0.0,0.0
2015-12-18,MAS,stop_loss,False,Completed,3,-3993,23.73452803286,99759.9688791684,0.0
2015-12-18,MAS,take_profit,False,Canceled,2,0,0.0,0.0,0.0
2016-01-05,EA,stop_loss,False,Canceled,3,0,0.0,0.0,0.0
2016-01-05,EA,take_profit,False,Canceled,2,0,0.0,0.0,0.0
2016-01-05,LMT,stop_loss,False,Canceled,3,0,0.0,0.0,0.0
2016-01-05,LMT,take_profit,False,Canceled,2,0,0.0,0.0,0.0
2016-01-05,CLX,rebalance_entry,True,Completed,0,1085,92.2697421243,100112.6702048655,0.0
2016-01-05,EXPE,rebalance_entry,True,Completed,0,875,114.7107723656,100371.92581989999,0.0
2016-01-05,FIX,rebalance_entry,True,Completed,0,3936,25.6021342743,100770.0005036448,0.0
2016-01-05,FSLR,rebalance_entry,True,Completed,0,1498,70.56,105698.88,0.0
2016-01-05,GPN,rebalance_entry,True,Completed,0,1687,59.7165912105,100741.8893721135,0.0
2016-01-05,VLO,rebalance_entry,True,Completed,0,2148,46.6790991102,100266.7048887096,0.0
2016-01-06,EA,rebalance_exit,False,Completed,0,-1624,61.725807834,101897.4021836344,0.0
2016-01-06,LMT,rebalance_exit,False,Completed,0,-600,164.6977396778,99916.47752106,0.0
2016-01-07,CL,stop_loss,False,Completed,3,-1896,49.5320119884,99600.7822340088,0.0
2016-01-07,CL,take_profit,False,Canceled,2,0,0.0,0.0,0.0
2016-01-07,EXPE,stop_loss,False,Completed,3,-875,108.97523374731999,100371.92581989999,0.0
2016-01-07,EXPE,take_profit,False,Canceled,2,0,0.0,0.0,0.0
2016-01-07,FSLR,stop_loss,False,Completed,3,-1498,67.032,105698.88,0.0
2016-01-07,FSLR,take_profit,False,Canceled,2,0,0.0,0.0,0.0
2016-01-11,GPN,stop_loss,False,Completed,3,-1687,56.730761649974994,100741.8893721135,0.0
2016-01-11,GPN,take_profit,False,Canceled,2,0,0.0,0.0,0.0
2016-01-13,VLO,stop_loss,False,Completed,3,-2148,44.34514415469,100266.7048887096,0.0
2016-01-13,VLO,take_profit,False,Canceled,2,0,0.0,0.0,0.0
2016-01-20,IDXX,stop_loss,False,Completed,3,-1436,65.74,99371.2,0.0
2016-01-20,IDXX,take_profit,False,Canceled,2,0,0.0,0.0,0.0
2016-02-02,CL,rebalance_entry,True,Completed,0,1922,51.5724818113,99122.3100413186,0.0
2016-02-02,IDXX,rebalance_entry,True,Completed,0,1400,70.29,98406.00000000001,0.0
2016-02-02,KLAC,rebalance_entry,True,Completed,0,1782,55.4201521317,98758.7110986894,0.0
2016-02-02,KMB,rebalance_entry,True,Completed,0,1102,90.2851999267,99494.29031922341,0.0
2016-02-02,LMT,rebalance_entry,True,Completed,0,630,158.3995614125,99791.723689875,0.0
2016-02-02,UPS,rebalance_entry,True,Completed,0,1579,64.0167550888,101082.4562852152,0.0
2016-02-04,FIX,stop_loss,False,Completed,3,-3936,24.322027560585,100770.0005036448,0.0
2016-02-04,FIX,take_profit,False,Canceled,2,0,0.0,0.0,0.0
2016-02-08,LII,stop_loss,False,Completed,3,-994,94.45281837357,98827.4752245564,0.0
2016-02-08,LII,take_profit,False,Canceled,2,0,0.0,0.0,0.0
2016-02-11,KLAC,stop_loss,False,Completed,3,-1782,52.64914452511499,98758.7110986894,0.0
2016-02-11,KLAC,take_profit,False,Canceled,2,0,0.0,0.0,0.0
2016-03-02,IDXX,stop_loss,False,Canceled,3,0,0.0,0.0,0.0
2016-03-02,IDXX,take_profit,False,Canceled,2,0,0.0,0.0,0.0
2016-03-02,LMT,stop_loss,False,Canceled,3,0,0.0,0.0,0.0
2016-03-02,LMT,take_profit,False,Canceled,2,0,0.0,0.0,0.0
2016-03-02,HRL,rebalance_entry,True,Completed,0,3033,33.0256709203,100166.8599012699,0.0
2016-03-02,LII,rebalance_entry,True,Completed,0,872,114.298188256,99668.02015923201,0.0
2016-03-02,MAS,rebalance_entry,True,Completed,0,3999,24.9334026403,99708.6771585597,0.0
2016-03-02,SPGI,rebalance_entry,True,Completed,0,1191,83.5777160519,99541.0598178129,0.0
2016-03-02,TSN,rebalance_entry,True,Completed,0,1967,50.6768329719,99681.3304557273,0.0
2016-03-03,IDXX,rebalance_exit,False,Completed,0,-1400,75.21,98406.00000000001,0.0
2016-03-03,LMT,rebalance_exit,False,Completed,0,-630,164.9202003938,99791.723689875,0.0
2016-04-04,SPGI,stop_loss,False,Canceled,3,0,0.0,0.0,0.0
2016-04-04,SPGI,take_profit,False,Canceled,2,0,0.0,0.0,0.0
2016-04-04,KLAC,rebalance_entry,True,Completed,0,1624,61.6508554831,100120.9893045544,0.0
2016-04-05,SPGI,rebalance_exit,False,Completed,0,-1191,88.2881128439,99541.0598178129,0.0
2016-04-12,HRL,stop_loss,False,Completed,3,-3033,31.374387374285,100166.8599012699,0.0
2016-04-12,HRL,take_profit,False,Canceled,2,0,0.0,0.0,0.0
2016-05-03,MAS,stop_loss,False,Canceled,3,0,0.0,0.0,0.0
2016-05-03,MAS,take_profit,False,Canceled,2,0,0.0,0.0,0.0
2016-05-03,TSN,stop_loss,False,Canceled,3,0,0.0,0.0,0.0
2016-05-03,TSN,take_profit,False,Canceled,2,0,0.0,0.0,0.0
2016-05-03,KLAC,stop_loss,False,Completed,3,-1624,58.568312708944994,100120.9893045544,0.0
2016-05-03,KLAC,take_profit,False,Canceled,2,0,0.0,0.0,0.0
2016-05-03,FIX,rebalance_entry,True,Completed,0,3421,28.983726673599996,99153.32895038559,0.0
2016-05-03,NVDA,rebalance_entry,True,Completed,0,113455,0.8713630723,98860.4973677965,0.0
2016-05-03,SPGI,rebalance_entry,True,Completed,0,1026,93.016696496,95435.130604896,0.0
2016-05-04,MAS,rebalance_exit,False,Completed,0,-3999,26.2447402331,99708.6771585597,0.0
2016-05-04,TSN,rebalance_exit,False,Completed,0,-1967,51.1727530499,99681.3304557273,0.0
2016-05-31,NVDA,take_profit,False,Completed,2,-113455,1.13277199399,98860.4973677965,0.0
2016-05-31,NVDA,stop_loss,False,Canceled,3,0,0.0,0.0,0.0
2016-06-02,FIX,stop_loss,False,Canceled,3,0,0.0,0.0,0.0
2016-06-02,FIX,take_profit,False,Canceled,2,0,0.0,0.0,0.0
2016-06-02,SPGI,stop_loss,False,Canceled,3,0,0.0,0.0,0.0
2016-06-02,SPGI,take_profit,False,Canceled,2,0,0.0,0.0,0.0
2016-06-02,KLAC,rebalance_entry,True,Completed,0,1610,61.963856373300004,99761.808761013,0.0
2016-06-02,LMT,rebalance_entry,True,Completed,0,547,182.6604960448,99915.2913365056,0.0
2016-06-02,MSI,rebalance_entry,True,Completed,0,1687,59.25037058230001,99955.37517234011,0.0
2016-06-02,TSN,rebalance_entry,True,Completed,0,2002,50.016992331,100134.01864666199,0.0
2016-06-03,FIX,rebalance_exit,False,Completed,0,-3421,30.147852289899998,99153.32895038559,0.0
2016-06-03,SPGI,rebalance_exit,False,Completed,0,-1026,100.3684733143,95435.130604896,0.0
2016-06-06,TSN,stop_loss,False,Completed,3,-2002,47.51614271445,100134.01864666199,0.0
2016-06-06,TSN,take_profit,False,Canceled,2,0,0.0,0.0,0.0
2016-06-24,MSI,stop_loss,False,Completed,3,-1687,56.287852053185006,99955.37517234011,0.0
2016-06-24,MSI,take_profit,False,Canceled,2,0,0.0,0.0,0.0
2016-07-05,LMT,stop_loss,False,Canceled,3,0,0.0,0.0,0.0
2016-07-05,LMT,take_profit,False,Canceled,2,0,0.0,0.0,0.0
2016-07-05,CHTR,rebalance_entry,True,Completed,0,430,231.67,99618.09999999999,0.0
2016-07-05,MSI,rebalance_entry,True,Completed,0,1754,56.5149669359,99127.2520055686,0.0
2016-07-05,VZ,rebalance_entry,True,Completed,0,3031,33.0405097946,100145.7851874326,0.0
2016-07-06,LMT,rebalance_exit,False,Completed,0,-547,192.4942320683,99915.2913365056,0.0
2016-08-02,CL,stop_loss,False,Canceled,3,0,0.0,0.0,0.0
2016-08-02,CL,take_profit,False,Canceled,2,0,0.0,0.0,0.0
2016-08-02,VZ,stop_loss,False,Canceled,3,0,0.0,0.0,0.0
2016-08-02,VZ,take_profit,False,Canceled,2,0,0.0,0.0,0.0
2016-08-02,SPGI,rebalance_entry,True,Completed,0,904,110.3578823563,99763.5256500952,0.0
2016-08-02,YUM,rebalance_entry,True,Completed,0,1870,53.380543922,99821.61713414,0.0
2016-08-03,CL,rebalance_exit,False,Completed,0,-1922,59.6071311968,99122.3100413186,0.0
2016-08-03,VZ,rebalance_exit,False,Completed,0,-3031,32.0924198846,100145.7851874326,0.0
2016-08-10,KLAC,stop_loss,False,Completed,3,-1610,58.865663554635,99761.808761013,0.0
2016-08-10,KLAC,take_profit,False,Canceled,2,0,0.0,0.0,0.0
2016-09-02,CHTR,stop_loss,False,Canceled,3,0,0.0,0.0,0.0
2016-09-02,CHTR,take_profit,False,Canceled,2,0,0.0,0.0,0.0
2016-09-02,MSI,stop_loss,False,Canceled,3,0,0.0,0.0,0.0
2016-09-02,MSI,take_profit,False,Canceled,2,0,0.0,0.0,0.0
2016-09-02,ALB,rebalance_entry,True,Completed,0,1403,72.2597344368,101380.4074148304,0.0
2016-09-02,KLAC,rebalance_entry,True,Completed,0,1652,60.747063807900005,100354.1494106508,0.0
2016-09-02,OKE,rebalance_entry,True,Completed,0,3846,26.325081829,101246.264714334,0.0
2016-09-06,CHTR,rebalance_exit,False,Completed,0,-430,279.95,99618.09999999999,0.0
2016-09-06,MSI,rebalance_exit,False,Completed,0,-1754,67.2620471002,99127.2520055686,0.0
2016-09-09,ALB,stop_loss,False,Completed,3,-1403,68.64674771496,101380.4074148304,0.0
2016-09-09,ALB,take_profit,False,Canceled,2,0,0.0,0.0,0.0
2016-10-04,MO,stop_loss,False,Canceled,3,0,0.0,0.0,0.0
2016-10-04,MO,take_profit,False,Canceled,2,0,0.0,0.0,0.0
2016-10-04,AMAT,rebalance_entry,True,Completed,0,3714,26.9042192401,99922.2702577314,0.0
2016-10-04,HPQ,rebalance_entry,True,Completed,0,8778,11.4139148361,100191.3444312858,0.0
2016-10-05,MO,rebalance_exit,False,Completed,0,-3467,31.8383861941,99996.7873024112,0.0
2016-10-11,AMAT,stop_loss,False,Completed,3,-3714,25.559008278095,99922.2702577314,0.0
2016-10-11,AMAT,take_profit,False,Canceled,2,0,0.0,0.0,0.0
2016-10-14,HPQ,stop_loss,False,Completed,3,-8778,10.6495901819,100191.3444312858,0.0
2016-10-14,HPQ,take_profit,False,Canceled,2,0,0.0,0.0,0.0
2016-10-20,KMB,stop_loss,False,Completed,3,-1102,85.770939930365,99494.29031922341,0.0
2016-10-20,KMB,take_profit,False,Canceled,2,0,0.0,0.0,0.0
2016-11-02,KLAC,stop_loss,False,Canceled,3,0,0.0,0.0,0.0
2016-11-02,KLAC,take_profit,False,Canceled,2,0,0.0,0.0,0.0
2016-11-02,YUM,stop_loss,False,Canceled,3,0,0.0,0.0,0.0
2016-11-02,YUM,take_profit,False,Canceled,2,0,0.0,0.0,0.0
2016-11-02,CLX,stop_loss,False,Completed,3,-1085,87.65625501808499,100112.6702048655,0.0
2016-11-02,CLX,take_profit,False,Canceled,2,0,0.0,0.0,0.0
2016-11-02,AMAT,rebalance_entry,True,Completed,0,3845,25.8604435104,99433.405297488,0.0
2016-11-02,GEN,rebalance_entry,True,Completed,0,8076,12.3858790068,100028.35885891679,0.0
2016-11-02,KMB,rebalance_entry,True,Completed,0,1221,81.8634981573,99955.3312500633,0.0
2016-11-02,TPL,rebalance_entry,True,Completed,0,3737,26.7100511399,99815.4611098063,0.0
2016-11-02,ZBH,rebalance_entry,True,Completed,0,1072,93.1950611918,99905.1055976096,0.0
2016-11-03,KLAC,rebalance_exit,False,Completed,0,-1652,64.0496506572,100354.1494106508,0.0
2016-11-03,YUM,rebalance_exit,False,Completed,0,-1870,50.393688372,99821.61713414,0.0
2016-11-04,GEN,stop_loss,False,Completed,3,-8076,11.4187691517,100028.35885891679,0.0
2016-11-04,GEN,take_profit,False,Canceled,2,0,0.0,0.0,0.0
2016-11-04,TPL,stop_loss,False,Completed,3,-3737,25.374548582905,99815.4611098063,0.0
2016-11-04,TPL,take_profit,False,Canceled,2,0,0.0,0.0,0.0
2016-11-09,ZBH,stop_loss,False,Completed,3,-1072,88.53530813220999,99905.1055976096,0.0
2016-11-09,ZBH,take_profit,False,Canceled,2,0,0.0,0.0,0.0
2016-12-02,AMAT,stop_loss,False,Canceled,3,0,0.0,0.0,0.0
2016-12-02,AMAT,take_profit,False,Canceled,2,0,0.0,0.0,0.0
2016-12-02,KMB,stop_loss,False,Canceled,3,0,0.0,0.0,0.0
2016-12-02,KMB,take_profit,False,Canceled,2,0,0.0,0.0,0.0
2016-12-02,DECK,rebalance_entry,True,Completed,0,9925,9.9983333333,99233.45833300249,0.0
2016-12-02,HPQ,rebalance_entry,True,Completed,0,9121,10.9407614787,99790.68544722271,0.0
2016-12-02,HSY,rebalance_entry,True,Completed,0,1304,76.8736149324,100243.19387184961,0.0
2016-12-02,IBM,rebalance_entry,True,Completed,0,978,101.7130921687,99475.4041409886,0.0
2016-12-02,LMT,rebalance_entry,True,Completed,0,482,207.2981380296,99917.70253026721,0.0
2016-12-02,NVDA,rebalance_entry,True,Completed,0,46332,2.1390964428,99108.61638780961,0.0
2016-12-05,SPGI,stop_loss,False,Completed,3,-904,104.83998823848499,99763.5256500952,0.0
2016-12-05,SPGI,take_profit,False,Canceled,2,0,0.0,0.0,0.0
2016-12-05,AMAT,rebalance_exit,False,Completed,0,-3845,28.6139371367,99433.405297488,0.0
2016-12-05,KMB,rebalance_exit,False,Completed,0,-1221,82.0788906275,99955.3312500633,0.0
2016-12-12,UPS,take_profit,False,Completed,2,-1579,83.22178161544001,101082.4562852152,0.0
2016-12-12,UPS,stop_loss,False,Canceled,3,0,0.0,0.0,0.0
2016-12-12,LMT,stop_loss,False,Completed,3,-482,195.7893510132,99917.70253026721,0.0
2016-12-12,LMT,take_profit,False,Canceled,2,0,0.0,0.0,0.0
2016-12-16,DECK,stop_loss,False,Completed,3,-9925,9.498416666634999,99233.45833300249,0.0
2016-12-16,DECK,take_profit,False,Canceled,2,0,0.0,0.0,0.0
2016-12-27,NVDA,take_profit,False,Completed,2,-46332,2.78082537564,99108.61638780961,0.0
2016-12-27,NVDA,stop_loss,False,Canceled,3,0,0.0,0.0,0.0
2017-01-04,HPQ,stop_loss,False,Canceled,3,0,0.0,0.0,0.0
2017-01-04,HPQ,take_profit,False,Canceled,2,0,0.0,0.0,0.0
2017-01-04,HSY,stop_loss,False,Canceled,3,0,0.0,0.0,0.0
2017-01-04,HSY,take_profit,False,Canceled,2,0,0.0,0.0,0.0
2017-01-04,APO,rebalance_entry,True,Completed,0,7317,14.0000750606,102438.5492184102,0.0
2017-01-04,CLX,rebalance_entry,True,Completed,0,1096,91.8264270435,100641.76403967601,0.0
2017-01-04,GEN,rebalance_entry,True,Completed,0,8457,11.8585276618,100287.56843584261,0.0
2017-01-04,KMB,rebalance_entry,True,Completed,0,1206,83.166325591,100298.588662746,0.0
2017-01-04,NDSN,rebalance_entry,True,Completed,0,971,103.0418854553,100053.67077709631,0.0
2017-01-04,SPGI,rebalance_entry,True,Completed,0,1005,99.757308248,100256.09478924,0.0
2017-01-04,UPS,rebalance_entry,True,Completed,0,1253,79.9356592085,100159.3809882505,0.0
2017-01-05,HPQ,rebalance_exit,False,Completed,0,-9121,11.083858008,99790.68544722271,0.0
2017-01-05,HSY,rebalance_exit,False,Completed,0,-1304,82.0791796628,100243.19387184961,0.0
2017-01-31,UPS,stop_loss,False,Completed,3,-1253,75.93887624807499,100159.3809882505,0.0
2017-01-31,UPS,take_profit,False,Canceled,2,0,0.0,0.0,0.0
2017-02-02,APO,stop_loss,False,Canceled,3,0,0.0,0.0,0.0
2017-02-02,APO,take_profit,False,Canceled,2,0,0.0,0.0,0.0
2017-02-02,GEN,stop_loss,False,Canceled,3,0,0.0,0.0,0.0
2017-02-02,GEN,take_profit,False,Canceled,2,0,0.0,0.0,0.0
2017-02-02,IBM,stop_loss,False,Canceled,3,0,0.0,0.0,0.0
2017-02-02,IBM,take_profit,False,Canceled,2,0,0.0,0.0,0.0
2017-02-02,KMB,stop_loss,False,Canceled,3,0,0.0,0.0,0.0
2017-02-02,KMB,take_profit,False,Canceled,2,0,0.0,0.0,0.0
2017-02-02,NDSN,stop_loss,False,Canceled,3,0,0.0,0.0,0.0
2017-02-02,NDSN,take_profit,False,Canceled,2,0,0.0,0.0,0.0
2017-02-02,LMT,rebalance_entry,True,Completed,0,512,195.1050447581,99893.7829161472,0.0
2017-02-02,QCOM,rebalance_entry,True,Completed,0,2420,41.1645581589,99618.230744538,0.0
2017-02-02,STLD,rebalance_entry,True,Completed,0,3593,27.8866946005,100196.8936995965,0.0
2017-02-02,TPL,rebalance_entry,True,Completed,0,3110,32.1710496309,100051.964352099,0.0
2017-02-02,UPS,rebalance_entry,True,Completed,0,1369,72.9958851523,99931.36677349871,0.0
2017-02-02,URI,rebalance_entry,True,Completed,0,798,122.77787911260002,97976.74753185481,0.0
2017-02-03,APO,rebalance_exit,False,Completed,0,-7317,15.5000831028,102438.5492184102,0.0
2017-02-03,GEN,rebalance_exit,False,Completed,0,-8457,13.7249653628,100287.56843584261,0.0
2017-02-03,IBM,rebalance_exit,False,Completed,0,-978,111.9483718837,99475.4041409886,0.0
2017-02-03,KMB,rebalance_exit,False,Completed,0,-1206,88.1240257937,100298.588662746,0.0
2017-02-03,NDSN,rebalance_exit,False,Completed,0,-971,103.7222394838,100053.67077709631,0.0
2017-02-16,LII,take_profit,False,Completed,2,-872,148.58764473280002,99668.02015923201,0.0
2017-02-16,LII,stop_loss,False,Canceled,3,0,0.0,0.0,0.0
2017-02-16,TPL,stop_loss,False,Completed,3,-3110,30.528428719299995,100051.964352099,0.0
2017-02-16,TPL,take_profit,False,Canceled,2,0,0.0,0.0,0.0
2017-02-23,URI,stop_loss,False,Completed,3,-798,116.63898515697001,97976.74753185481,0.0
2017-02-23,URI,take_profit,False,Canceled,2,0,0.0,0.0,0.0
2017-03-02,CLX,stop_loss,False,Canceled,3,0,0.0,0.0,0.0
2017-03-02,CLX,take_profit,False,Canceled,2,0,0.0,0.0,0.0
2017-03-02,QCOM,stop_loss,False,Canceled,3,0,0.0,0.0,0.0
2017-03-02,QCOM,take_profit,False,Canceled,2,0,0.0,0.0,0.0
2017-03-02,STLD,stop_loss,False,Canceled,3,0,0.0,0.0,0.0
2017-03-02,STLD,take_profit,False,Canceled,2,0,0.0,0.0,0.0
2017-03-02,UPS,stop_loss,False,Canceled,3,0,0.0,0.0,0.0
2017-03-02,UPS,take_profit,False,Canceled,2,0,0.0,0.0,0.0
2017-03-02,BA,rebalance_entry,True,Completed,0,581,171.9902193342,99926.31743317019,0.0
2017-03-02,GEN,rebalance_entry,True,Completed,0,6962,14.29925548,99551.41665176,0.0
2017-03-02,LII,rebalance_entry,True,Completed,0,665,149.8916775004,99677.965537766,0.0
2017-03-02,MO,rebalance_entry,True,Completed,0,2535,39.399407615,99877.49830402501,0.0
2017-03-02,PKG,rebalance_entry,True,Completed,0,1395,71.6379593892,99934.953347934,0.0
2017-03-02,TPL,rebalance_entry,True,Completed,0,3336,29.7113893794,99117.1949696784,0.0
2017-03-02,URI,rebalance_entry,True,Completed,0,777,128.3411613686,99721.08238340222,0.0
2017-03-03,CLX,rebalance_exit,False,Completed,0,-1096,104.0702329906,100641.76403967601,0.0
2017-03-03,QCOM,rebalance_exit,False,Completed,0,-2420,44.3504680112,99618.230744538,0.0
2017-03-03,STLD,rebalance_exit,False,Completed,0,-3593,30.1648562942,100196.8936995965,0.0
2017-03-03,UPS,rebalance_exit,False,Completed,0,-1369,74.1478198484,99931.36677349871,0.0
2017-03-08,TPL,stop_loss,False,Completed,3,-3336,28.225819910429998,99117.1949696784,0.0
2017-03-08,TPL,take_profit,False,Canceled,2,0,0.0,0.0,0.0
2017-03-08,URI,stop_loss,False,Completed,3,-777,121.92410330017,99721.08238340222,0.0
2017-03-08,URI,take_profit,False,Canceled,2,0,0.0,0.0,0.0
2017-03-24,BA,stop_loss,False,Completed,3,-581,163.39070836749,99926.31743317019,0.0
2017-03-24,BA,take_profit,False,Canceled,2,0,0.0,0.0,0.0
2017-04-03,MO,stop_loss,False,Completed,3,-2535,37.42943723425,99877.49830402501,0.0
2017-04-03,MO,take_profit,False,Canceled,2,0,0.0,0.0,0.0
2017-04-04,GEN,stop_loss,False,Canceled,3,0,0.0,0.0,0.0
2017-04-04,GEN,take_profit,False,Canceled,2,0,0.0,0.0,0.0
2017-04-04,PKG,stop_loss,False,Canceled,3,0,0.0,0.0,0.0
2017-04-04,PKG,take_profit,False,Canceled,2,0,0.0,0.0,0.0
2017-04-04,BA,rebalance_entry,True,Completed,0,605,165.3349456295,100027.6421058475,0.0
2017-04-04,BAC,rebalance_entry,True,Completed,0,5210,18.8740671169,98333.88967904901,0.0
2017-04-04,KMB,rebalance_entry,True,Completed,0,1042,96.0240012185,100057.009269677,0.0
2017-04-04,MCD,rebalance_entry,True,Completed,0,959,103.8177409638,99561.21358428421,0.0
2017-04-04,MO,rebalance_entry,True,Completed,0,2654,37.718625673,100105.232536142,0.0
2017-04-04,MS,rebalance_entry,True,Completed,0,3047,32.6824121444,99583.30980398679,0.0
2017-04-05,GEN,rebalance_exit,False,Completed,0,-6962,15.044831301,99551.41665176,0.0
2017-04-05,PKG,rebalance_exit,False,Completed,0,-1395,70.3203980675,99934.953347934,0.0
2017-05-02,BAC,stop_loss,False,Canceled,3,0,0.0,0.0,0.0
2017-05-02,BAC,take_profit,False,Canceled,2,0,0.0,0.0,0.0
2017-05-02,MO,stop_loss,False,Canceled,3,0,0.0,0.0,0.0
2017-05-02,MO,take_profit,False,Canceled,2,0,0.0,0.0,0.0
2017-05-02,MS,stop_loss,False,Canceled,3,0,0.0,0.0,0.0
2017-05-02,MS,take_profit,False,Canceled,2,0,0.0,0.0,0.0
2017-05-02,APO,rebalance_entry,True,Completed,0,5256,18.9599545718,99653.5212293808,0.0
2017-05-02,MU,rebalance_entry,True,Completed,0,3624,27.5764750651,99937.1456359224,0.0
2017-05-02,URI,rebalance_entry,True,Completed,0,952,105.0756499583,100032.01876030161,0.0
2017-05-03,BAC,rebalance_exit,False,Completed,0,-5210,19.0123684708,98333.88967904901,0.0
2017-05-03,MO,rebalance_exit,False,Completed,0,-2654,37.1821923463,100105.232536142,0.0
2017-05-03,MS,rebalance_exit,False,Completed,0,-3047,33.3033384427,99583.30980398679,0.0
2017-05-18,URI,stop_loss,False,Completed,3,-952,99.821867460385,100032.01876030161,0.0
2017-05-18,URI,take_profit,False,Canceled,2,0,0.0,0.0,0.0
2017-05-25,SPGI,take_profit,False,Completed,2,-1005,129.6845007224,100256.09478924,0.0
2017-05-25,SPGI,stop_loss,False,Canceled,3,0,0.0,0.0,0.0
2017-06-02,APO,stop_loss,False,Canceled,3,0,0.0,0.0,0.0
2017-06-02,APO,take_profit,False,Canceled,2,0,0.0,0.0,0.0
2017-06-02,MCD,stop_loss,False,Canceled,3,0,0.0,0.0,0.0
2017-06-02,MCD,take_profit,False,Canceled,2,0,0.0,0.0,0.0
2017-06-02,MU,stop_loss,False,Canceled,3,0,0.0,0.0,0.0
2017-06-02,MU,take_profit,False,Canceled,2,0,0.0,0.0,0.0
2017-06-02,OKE,stop_loss,False,Canceled,3,0,0.0,0.0,0.0
2017-06-02,OKE,take_profit,False,Canceled,2,0,0.0,0.0,0.0
2017-06-02,IT,rebalance_entry,True,Completed,0,829,120.92000000000002,100242.68000000001,0.0
2017-06-02,LRCX,rebalance_entry,True,Completed,0,7220,13.9115235758,100441.200217276,0.0
2017-06-02,NVDA,rebalance_entry,True,Completed,0,28063,3.5603417841,99913.8714871983,0.0
2017-06-02,SPGI,rebalance_entry,True,Completed,0,753,133.012496633,100158.409964649,0.0
2017-06-02,TPL,rebalance_entry,True,Completed,0,3544,28.2323667455,100055.507746052,0.0
2017-06-02,WYNN,rebalance_entry,True,Completed,0,828,121.4709189917,100577.9209251276,0.0
2017-06-05,APO,rebalance_exit,False,Completed,0,-5256,19.7946991704,99653.5212293808,0.0
2017-06-05,MCD,rebalance_exit,False,Completed,0,-959,124.2674794911,99561.21358428421,0.0
2017-06-05,MU,rebalance_exit,False,Completed,0,-3624,30.5213461647,99937.1456359224,0.0
2017-06-05,OKE,rebalance_exit,False,Completed,0,-3846,27.8006151916,101246.264714334,0.0
2017-06-09,WYNN,stop_loss,False,Completed,3,-828,115.397373042115,100577.9209251276,0.0
2017-06-09,WYNN,take_profit,False,Canceled,2,0,0.0,0.0,0.0
2017-06-12,LRCX,stop_loss,False,Completed,3,-7220,13.21594739701,100441.200217276,0.0
2017-06-12,LRCX,take_profit,False,Canceled,2,0,0.0,0.0,0.0
2017-07-05,IT,stop_loss,False,Canceled,3,0,0.0,0.0,0.0
2017-07-05,IT,take_profit,False,Canceled,2,0,0.0,0.0,0.0
2017-07-05,TPL,stop_loss,False,Canceled,3,0,0.0,0.0,0.0
2017-07-05,TPL,take_profit,False,Canceled,2,0,0.0,0.0,0.0
2017-07-05,KLAC,rebalance_entry,True,Completed,0,1252,79.9788537548,100133.5249010096,0.0
2017-07-05,MO,rebalance_entry,True,Completed,0,2530,39.5048534316,99947.27918194799,0.0
2017-07-05,MU,rebalance_entry,True,Completed,0,3519,28.8148811235,101399.5666735965,0.0
2017-07-05,WYNN,rebalance_entry,True,Completed,0,844,118.89604268729998,100348.26002808119,0.0
2017-07-06,IT,rebalance_exit,False,Completed,0,-829,124.56,100242.68000000001,0.0
2017-07-06,TPL,rebalance_exit,False,Completed,0,-3544,29.553834530299998,100055.507746052,0.0
2017-07-12,KMB,stop_loss,False,Completed,3,-1042,91.222801157575,100057.009269677,0.0
2017-07-12,KMB,take_profit,False,Canceled,2,0,0.0,0.0,0.0
2017-07-26,BA,take_profit,False,Completed,2,-605,214.93542931835,100027.6421058475,0.0
2017-07-26,BA,stop_loss,False,Canceled,3,0,0.0,0.0,0.0
2017-07-28,MO,stop_loss,False,Completed,3,-2530,37.52961076002,99947.27918194799,0.0
2017-07-28,MO,take_profit,False,Canceled,2,0,0.0,0.0,0.0
2017-07-31,MU,stop_loss,False,Completed,3,-3519,27.374137067324998,101399.5666735965,0.0
2017-07-31,MU,take_profit,False,Canceled,2,0,0.0,0.0,0.0
2017-08-02,NVDA,stop_loss,False,Canceled,3,0,0.0,0.0,0.0
2017-08-02,NVDA,take_profit,False,Canceled,2,0,0.0,0.0,0.0
2017-08-02,WYNN,stop_loss,False,Completed,3,-844,112.95124055293498,100348.26002808119,0.0
2017-08-02,WYNN,take_profit,False,Canceled,2,0,0.0,0.0,0.0
2017-08-02,BA,rebalance_entry,True,Completed,0,443,225.1886433444,99758.5690015692,0.0
2017-08-02,KMB,rebalance_entry,True,Completed,0,1118,89.2108875099,99737.77223606821,0.0
2017-08-02,MO,rebalance_entry,True,Completed,0,2879,34.8444365525,100317.1328346475,0.0
2017-08-02,MU,rebalance_entry,True,Completed,0,3618,28.2395586239,102170.7231012702,0.0
2017-08-02,TPL,rebalance_entry,True,Completed,0,2846,35.0133439117,99647.9767726982,0.0
2017-08-03,NVDA,rebalance_exit,False,Completed,0,-28063,4.057219766,99913.8714871983,0.0
2017-08-04,MU,stop_loss,False,Completed,3,-3618,26.827580692705,102170.7231012702,0.0
2017-08-04,MU,take_profit,False,Canceled,2,0,0.0,0.0,0.0
2017-09-05,KLAC,stop_loss,False,Canceled,3,0,0.0,0.0,0.0
2017-09-05,KLAC,take_profit,False,Canceled,2,0,0.0,0.0,0.0
2017-09-05,MO,stop_loss,False,Canceled,3,0,0.0,0.0,0.0
2017-09-05,MO,take_profit,False,Canceled,2,0,0.0,0.0,0.0
2017-09-05,AAPL,rebalance_entry,True,Completed,0,2616,38.1419454789,99779.3293728024,0.0
2017-09-05,HD,rebalance_entry,True,Completed,0,815,123.4235572504,100590.199159076,0.0
2017-09-05,TTWO,rebalance_entry,True,Completed,0,1042,95.68,99698.56000000001,0.0
2017-09-05,UPS,rebalance_entry,True,Completed,0,1232,80.959700387,99742.350876784,0.0
2017-09-06,KLAC,rebalance_exit,False,Completed,0,-1252,82.2473969211,100133.5249010096,0.0
2017-09-06,MO,rebalance_exit,False,Completed,0,-2879,33.3545876981,100317.1328346475,0.0
2017-09-20,AAPL,stop_loss,False,Completed,3,-2616,36.234848204955,99779.3293728024,0.0
2017-09-20,AAPL,take_profit,False,Canceled,2,0,0.0,0.0,0.0
2017-10-03,TTWO,stop_loss,False,Canceled,3,0,0.0,0.0,0.0
2017-10-03,TTWO,take_profit,False,Canceled,2,0,0.0,0.0,0.0
2017-10-03,MO,rebalance_entry,True,Completed,0,2967,33.7241307727,100059.4960026009,0.0
2017-10-03,WYNN,rebalance_entry,True,Completed,0,749,133.9275886101,100311.7638689649,0.0
2017-10-04,TTWO,rebalance_exit,False,Completed,0,-1042,101.1,99698.56000000001,0.0
2017-10-09,WYNN,stop_loss,False,Completed,3,-749,127.231209179595,100311.7638689649,0.0
2017-10-09,WYNN,take_profit,False,Canceled,2,0,0.0,0.0,0.0
2017-10-12,LMT,take_profit,False,Completed,2,-512,253.63655818553002,99893.7829161472,0.0
2017-10-12,LMT,stop_loss,False,Canceled,3,0,0.0,0.0,0.0
2017-10-20,KMB,stop_loss,False,Completed,3,-1118,84.1070637899,99737.77223606821,0.0
2017-10-20,KMB,take_profit,False,Canceled,2,0,0.0,0.0,0.0
2017-11-02,BA,stop_loss,False,Canceled,3,0,0.0,0.0,0.0
2017-11-02,BA,take_profit,False,Canceled,2,0,0.0,0.0,0.0
2017-11-02,MO,stop_loss,False,Canceled,3,0,0.0,0.0,0.0
2017-11-02,MO,take_profit,False,Canceled,2,0,0.0,0.0,0.0
2017-11-02,TPL,stop_loss,False,Canceled,3,0,0.0,0.0,0.0
2017-11-02,TPL,take_profit,False,Canceled,2,0,0.0,0.0,0.0
2017-11-02,ABBV,rebalance_entry,True,Completed,0,1548,64.3451152733,99606.23844306839,0.0
2017-11-02,ALGN,rebalance_entry,True,Completed,0,425,235.38,100036.5,0.0
2017-11-02,AMP,rebalance_entry,True,Completed,0,750,133.4048209658,100053.61572435,0.0
2017-11-02,LMT,rebalance_entry,True,Completed,0,411,242.6362461731,99723.4971771441,0.0
2017-11-02,NVDA,rebalance_entry,True,Completed,0,19535,5.0891714619,99416.96450821651,0.0
2017-11-02,URI,rebalance_entry,True,Completed,0,721,138.2335835431,99666.4137345751,0.0
2017-11-03,BA,rebalance_exit,False,Completed,0,-443,248.69126570240002,99758.5690015692,0.0
2017-11-03,MO,rebalance_exit,False,Completed,0,-2967,34.3081679914,100059.4960026009,0.0
2017-11-03,TPL,rebalance_exit,False,Completed,0,-2846,41.0048727909,99647.9767726982,0.0
2017-11-29,NVDA,stop_loss,False,Completed,3,-19535,4.834712888805,99416.96450821651,0.0
2017-11-29,NVDA,take_profit,False,Canceled,2,0,0.0,0.0,0.0
2017-12-04,ABBV,stop_loss,False,Canceled,3,0,0.0,0.0,0.0
2017-12-04,ABBV,take_profit,False,Canceled,2,0,0.0,0.0,0.0
2017-12-04,AMP,stop_loss,False,Canceled,3,0,0.0,0.0,0.0
2017-12-04,AMP,take_profit,False,Canceled,2,0,0.0,0.0,0.0
2017-12-04,UPS,stop_loss,False,Canceled,3,0,0.0,0.0,0.0
2017-12-04,UPS,take_profit,False,Canceled,2,0,0.0,0.0,0.0
2017-12-04,URI,stop_loss,False,Canceled,3,0,0.0,0.0,0.0
2017-12-04,URI,take_profit,False,Canceled,2,0,0.0,0.0,0.0
2017-12-04,ALGN,stop_loss,False,Completed,3,-425,223.61100000000002,100036.5,0.0
2017-12-04,ALGN,take_profit,False,Canceled,2,0,0.0,0.0,0.0
2017-12-04,AMAT,rebalance_entry,True,Completed,0,2115,47.4168323441,100286.6004077715,0.0
2017-12-04,LRCX,rebalance_entry,True,Completed,0,5982,16.8833728946,100996.3366554972,0.0
2017-12-04,MU,rebalance_entry,True,Completed,0,2442,40.9064048437,99893.44062831541,0.0
2017-12-04,NVDA,rebalance_entry,True,Completed,0,20462,4.9456275571,101197.4310733802,0.0
2017-12-04,NVR,rebalance_entry,True,Completed,0,28,3499.0,97972.0,0.0
2017-12-05,AMAT,stop_loss,False,Completed,3,-2115,45.0396150483,100286.6004077715,0.0
2017-12-05,AMAT,take_profit,False,Canceled,2,0,0.0,0.0,0.0
2017-12-05,LRCX,stop_loss,False,Completed,3,-5982,16.03920424987,100996.3366554972,0.0
2017-12-05,LRCX,take_profit,False,Canceled,2,0,0.0,0.0,0.0
2017-12-05,MU,stop_loss,False,Completed,3,-2442,38.7806369639,99893.44062831541,0.0
2017-12-05,MU,take_profit,False,Canceled,2,0,0.0,0.0,0.0
2017-12-05,NVDA,stop_loss,False,Completed,3,-20462,4.5092850108,101197.4310733802,0.0
2017-12-05,NVDA,take_profit,False,Canceled,2,0,0.0,0.0,0.0
2017-12-05,ABBV,rebalance_exit,False,Completed,0,-1548,66.7000570464,99606.23844306839,0.0
2017-12-05,AMP,rebalance_exit,False,Completed,0,-750,140.7584887349,100053.61572435,0.0
2017-12-05,UPS,rebalance_exit,False,Completed,0,-1232,88.4999284874,99742.350876784,0.0
2017-12-05,URI,rebalance_exit,False,Completed,0,-721,154.0267487689,99666.4137345751,0.0
2017-12-07,NVR,stop_loss,False,Completed,3,-28,3324.0499999999997,97972.0,0.0
2017-12-07,NVR,take_profit,False,Canceled,2,0,0.0,0.0,0.0
2018-01-03,ABBV,rebalance_entry,True,Completed,0,1454,68.8663239594,100131.63503696761,0.0
2018-01-03,ALGN,rebalance_entry,True,Completed,0,445,226.06,100596.7,0.0
2018-01-03,KMB,rebalance_entry,True,Completed,0,1125,89.1922966159,100341.3336928875,0.0
2018-01-03,NVR,rebalance_entry,True,Completed,0,28,3542.0,99176.0,0.0
2018-01-03,TPL,rebalance_entry,True,Completed,0,2150,46.441163105,99848.50067575001,0.0
2018-01-03,WYNN,rebalance_entry,True,Completed,0,668,150.1747141208,100316.70903269439,0.0
2018-01-10,KMB,stop_loss,False,Completed,3,-1125,84.732681785105,100341.3336928875,0.0
2018-01-10,KMB,take_profit,False,Canceled,2,0,0.0,0.0,0.0
2018-01-12,HD,take_profit,False,Completed,2,-815,160.45062442552,100590.199159076,0.0
2018-01-12,HD,stop_loss,False,Canceled,3,0,0.0,0.0,0.0
2018-01-19,LII,take_profit,False,Completed,2,-665,194.85918075052,99677.965537766,0.0
2018-01-19,LII,stop_loss,False,Canceled,3,0,0.0,0.0,0.0
2018-01-25,NVR,stop_loss,False,Completed,3,-28,3364.899999999999,99176.0,0.0
2018-01-25,NVR,take_profit,False,Canceled,2,0,0.0,0.0,0.0
2018-02-02,HD,rebalance_entry,True,Completed,0,611,162.9136166778,99540.2197901358,0.0
2018-02-02,LII,rebalance_entry,True,Completed,0,515,192.8721042133,99329.1336698495,0.0
2018-02-02,NVDA,rebalance_entry,True,Completed,0,16819,5.8591038792,98544.2681442648,0.0
2018-02-02,UPS,rebalance_entry,True,Completed,0,1170,85.0408341332,99497.775935844,0.0
2018-02-05,HD,stop_loss,False,Completed,3,-611,154.76793584391,99540.2197901358,0.0
2018-02-05,HD,take_profit,False,Canceled,2,0,0.0,0.0,0.0
2018-02-05,LII,stop_loss,False,Completed,3,-515,183.22849900263498,99329.1336698495,0.0
2018-02-05,LII,take_profit,False,Canceled,2,0,0.0,0.0,0.0
2018-02-05,NVDA,stop_loss,False,Completed,3,-16819,5.56614868524,98544.2681442648,0.0
2018-02-05,NVDA,take_profit,False,Canceled,2,0,0.0,0.0,0.0
2018-02-06,UPS,stop_loss,False,Completed,3,-1170,80.4882657373,99497.775935844,0.0
2018-02-06,UPS,take_profit,False,Canceled,2,0,0.0,0.0,0.0
2018-02-14,SPGI,take_profit,False,Completed,2,-753,172.91624562290002,100158.409964649,0.0
2018-02-14,SPGI,stop_loss,False,Canceled,3,0,0.0,0.0,0.0
2018-03-02,LMT,stop_loss,False,Canceled,3,0,0.0,0.0,0.0
2018-03-02,LMT,take_profit,False,Canceled,2,0,0.0,0.0,0.0
2018-03-02,HD,rebalance_entry,True,Completed,0,680,145.3099521003,98810.767428204,0.0
2018-03-02,LII,rebalance_entry,True,Completed,0,562,176.5320795964,99211.02873317679,0.0
2018-03-02,LOW,rebalance_entry,True,Completed,0,1325,74.544516273,98771.484061725,0.0
2018-03-02,MU,rebalance_entry,True,Completed,0,2153,45.2066967475,97330.01809736749,0.0
2018-03-02,NVDA,rebalance_entry,True,Completed,0,17408,5.6366346455,98122.535908864,0.0
2018-03-02,SPGI,rebalance_entry,True,Completed,0,567,174.8117675713,99118.2722129271,0.0
2018-03-05,LMT,rebalance_exit,False,Completed,0,-411,272.5905172154,99723.4971771441,0.0
2018-03-12,MU,take_profit,False,Completed,2,-2153,58.76870577175,97330.01809736749,0.0
2018-03-12,MU,stop_loss,False,Canceled,3,0,0.0,0.0,0.0
2018-03-26,ABBV,stop_loss,False,Completed,3,-1454,65.42300776143,100131.63503696761,0.0
2018-03-26,ABBV,take_profit,False,Canceled,2,0,0.0,0.0,0.0
2018-04-03,ALGN,stop_loss,False,Canceled,3,0,0.0,0.0,0.0
2018-04-03,ALGN,take_profit,False,Canceled,2,0,0.0,0.0,0.0
2018-04-03,LII,stop_loss,False,Canceled,3,0,0.0,0.0,0.0
2018-04-03,LII,take_profit,False,Canceled,2,0,0.0,0.0,0.0
2018-04-03,LOW,stop_loss,False,Canceled,3,0,0.0,0.0,0.0
2018-04-03,LOW,take_profit,False,Canceled,2,0,0.0,0.0,0.0
2018-04-03,LMT,rebalance_entry,True,Completed,0,374,268.6921270978,100490.85553457719,0.0
2018-04-03,MPC,rebalance_entry,True,Completed,0,1795,56.3806347536,101203.239382712,0.0
2018-04-03,MSCI,rebalance_entry,True,Completed,0,748,133.932726101,100181.67912354799,0.0
2018-04-03,MU,rebalance_entry,True,Completed,0,2048,49.5362423376,101450.2243074048,0.0
2018-04-03,ON,rebalance_entry,True,Completed,0,4278,23.64,101131.92,0.0
2018-04-04,NVDA,stop_loss,False,Completed,3,-17408,5.3187607089,98122.535908864,0.0
2018-04-04,NVDA,take_profit,False,Canceled,2,0,0.0,0.0,0.0
2018-04-04,ALGN,rebalance_exit,False,Completed,0,-445,239.72,100596.7,0.0
2018-04-04,LII,rebalance_exit,False,Completed,0,-562,181.5788592486,99211.02873317679,0.0
2018-04-04,LOW,rebalance_exit,False,Completed,0,-1325,72.3479927732,98771.484061725,0.0
2018-04-06,MU,stop_loss,False,Completed,3,-2048,46.5328638652,101450.2243074048,0.0
2018-04-06,MU,take_profit,False,Canceled,2,0,0.0,0.0,0.0
2018-04-30,ON,stop_loss,False,Completed,3,-4278,22.458,101131.92,0.0
2018-04-30,ON,take_profit,False,Canceled,2,0,0.0,0.0,0.0
2018-05-01,LMT,stop_loss,False,Completed,3,-374,255.25752074290997,100490.85553457719,0.0
2018-05-01,LMT,take_profit,False,Canceled,2,0,0.0,0.0,0.0
2018-05-02,MSCI,stop_loss,False,Canceled,3,0,0.0,0.0,0.0
2018-05-02,MSCI,take_profit,False,Canceled,2,0,0.0,0.0,0.0
2018-05-02,TPL,take_profit,False,Completed,2,-2150,60.3735120365,99848.50067575001,0.0
2018-05-02,TPL,stop_loss,False,Canceled,3,0,0.0,0.0,0.0
2018-05-02,BA,rebalance_entry,True,Completed,0,316,315.5783271837,99722.7513900492,0.0
2018-05-02,LMT,rebalance_entry,True,Completed,0,404,246.4809290821,99578.2953491684,0.0
2018-05-02,MU,rebalance_entry,True,Completed,0,2191,44.7678914512,98086.4501695792,0.0
2018-05-02,NVDA,rebalance_entry,True,Completed,0,17797,5.6153605922,99936.5724593834,0.0
2018-05-02,ON,rebalance_entry,True,Completed,0,4512,22.21,100211.52,0.0
2018-05-03,MSCI,rebalance_exit,False,Completed,0,-748,133.6489703254,100181.67912354799,0.0
2018-05-22,MU,take_profit,False,Completed,2,-2191,58.198258886560005,98086.4501695792,0.0
2018-05-22,MU,stop_loss,False,Canceled,3,0,0.0,0.0,0.0
2018-06-04,HD,stop_loss,False,Canceled,3,0,0.0,0.0,0.0
2018-06-04,HD,take_profit,False,Canceled,2,0,0.0,0.0,0.0
2018-06-04,MPC,stop_loss,False,Canceled,3,0,0.0,0.0,0.0
2018-06-04,MPC,take_profit,False,Canceled,2,0,0.0,0.0,0.0
2018-06-04,NVDA,stop_loss,False,Canceled,3,0,0.0,0.0,0.0
2018-06-04,NVDA,take_profit,False,Canceled,2,0,0.0,0.0,0.0
2018-06-04,WYNN,stop_loss,False,Canceled,3,0,0.0,0.0,0.0
2018-06-04,WYNN,take_profit,False,Canceled,2,0,0.0,0.0,0.0
2018-06-04,IBKR,rebalance_entry,True,Completed,0,5810,17.2297526812,100104.86307777201,0.0
2018-06-04,LULU,rebalance_entry,True,Completed,0,818,122.62,100303.16,0.0
2018-06-04,MU,rebalance_entry,True,Completed,0,1745,56.0013070364,97722.280778518,0.0
2018-06-04,RL,rebalance_entry,True,Completed,0,844,118.3899510001,99921.1186440844,0.0
2018-06-04,STX,rebalance_entry,True,Completed,0,2349,42.6317105165,100141.8880032585,0.0
2018-06-04,TPL,rebalance_entry,True,Completed,0,1375,72.8380394788,100152.30428335,0.0
2018-06-05,HD,rebalance_exit,False,Completed,0,-680,157.4705401414,98810.767428204,0.0
2018-06-05,MPC,rebalance_exit,False,Completed,0,-1795,63.893479912,101203.239382712,0.0
2018-06-05,NVDA,rebalance_exit,False,Completed,0,-17797,6.5588541713,99936.5724593834,0.0
2018-06-05,WYNN,rebalance_exit,False,Completed,0,-668,167.2076406644,100316.70903269439,0.0
2018-06-06,TPL,stop_loss,False,Completed,3,-1375,69.19613750485999,100152.30428335,0.0
2018-06-06,TPL,take_profit,False,Canceled,2,0,0.0,0.0,0.0
2018-06-07,STX,stop_loss,False,Completed,3,-2349,40.500124990675,100141.8880032585,0.0
2018-06-07,STX,take_profit,False,Canceled,2,0,0.0,0.0,0.0
2018-06-18,IBKR,stop_loss,False,Completed,3,-5810,16.36826504714,100104.86307777201,0.0
2018-06-18,IBKR,take_profit,False,Canceled,2,0,0.0,0.0,0.0
2018-06-22,RL,stop_loss,False,Completed,3,-844,112.470453450095,99921.1186440844,0.0
2018-06-22,RL,take_profit,False,Canceled,2,0,0.0,0.0,0.0
2018-06-25,MU,stop_loss,False,Completed,3,-1745,53.20124168458,97722.280778518,0.0
2018-06-25,MU,take_profit,False,Canceled,2,0,0.0,0.0,0.0
2018-07-03,LMT,stop_loss,False,Canceled,3,0,0.0,0.0,0.0
2018-07-03,LMT,take_profit,False,Canceled,2,0,0.0,0.0,0.0
2018-07-03,ON,stop_loss,False,Canceled,3,0,0.0,0.0,0.0
2018-07-03,ON,take_profit,False,Canceled,2,0,0.0,0.0,0.0
2018-07-03,CF,rebalance_entry,True,Completed,0,2800,36.0222928574,100862.42000071998,0.0
2018-07-03,HD,rebalance_entry,True,Completed,0,623,160.7780499112,100164.72509467759,0.0
2018-07-03,IBKR,rebalance_entry,True,Completed,0,6474,15.469186955700001,100147.5163512018,0.0
2018-07-03,STX,rebalance_entry,True,Completed,0,2336,42.9391443703,100305.8412490208,0.0
2018-07-03,TPL,rebalance_entry,True,Completed,0,1417,70.5586779144,99981.64660470479,0.0
2018-07-03,TSCO,rebalance_entry,True,Completed,0,7495,13.3744368284,100241.404028858,0.0
2018-07-03,VLO,rebalance_entry,True,Completed,0,1259,80.228393444,101007.547345996,0.0
2018-07-05,IBKR,stop_loss,False,Completed,3,-6474,14.695727607915,100147.5163512018,0.0
2018-07-05,IBKR,take_profit,False,Canceled,2,0,0.0,0.0,0.0
2018-07-05,LMT,rebalance_exit,False,Completed,0,-404,242.3975081402,99578.2953491684,0.0
2018-07-05,ON,rebalance_exit,False,Completed,0,-4512,22.37,100211.52,0.0
2018-07-16,CF,stop_loss,False,Completed,3,-2800,34.22117821452999,100862.42000071998,0.0
2018-07-16,CF,take_profit,False,Canceled,2,0,0.0,0.0,0.0
2018-07-18,VLO,stop_loss,False,Completed,3,-1259,76.2169737718,101007.547345996,0.0
2018-07-18,VLO,take_profit,False,Canceled,2,0,0.0,0.0,0.0
2018-07-27,STX,stop_loss,False,Completed,3,-2336,40.792187151785,100305.8412490208,0.0
2018-07-27,STX,take_profit,False,Canceled,2,0,0.0,0.0,0.0
2018-08-02,TSCO,stop_loss,False,Canceled,3,0,0.0,0.0,0.0
2018-08-02,TSCO,take_profit,False,Canceled,2,0,0.0,0.0,0.0
2018-08-02,CF,rebalance_entry,True,Completed,0,2754,38.7128569881,106615.2081452274,0.0
2018-08-02,GWW,rebalance_entry,True,Completed,0,324,305.0057241605,98821.854628002,0.0
2018-08-02,MU,rebalance_entry,True,Completed,0,1961,50.4138529302,98861.56559612221,0.0
2018-08-02,ORLY,rebalance_entry,True,Completed,0,4955,20.1153333333,99671.4766665015,0.0
2018-08-02,VLO,rebalance_entry,True,Completed,0,1177,84.0958730845,98980.8426204565,0.0
2018-08-03,TSCO,rebalance_exit,False,Completed,0,-7495,13.9081460816,100241.404028858,0.0
2018-08-15,MU,stop_loss,False,Completed,3,-1961,47.89316028369,98861.56559612221,0.0
2018-08-15,MU,take_profit,False,Canceled,2,0,0.0,0.0,0.0
2018-08-31,LULU,take_profit,False,Completed,2,-818,159.406,100303.16,0.0
2018-08-31,LULU,stop_loss,False,Canceled,3,0,0.0,0.0,0.0
2018-09-05,ALGN,rebalance_entry,True,Completed,0,259,384.92,99694.28,0.0
2018-09-05,STX,rebalance_entry,True,Completed,0,2723,36.5491696067,99523.3888390441,0.0
2018-09-07,ALGN,stop_loss,False,Completed,3,-259,365.674,99694.28,0.0
2018-09-07,ALGN,take_profit,False,Canceled,2,0,0.0,0.0,0.0
2018-09-19,VLO,stop_loss,False,Completed,3,-1177,79.891079430275,98980.8426204565,0.0
2018-09-19,VLO,take_profit,False,Canceled,2,0,0.0,0.0,0.0
2018-09-26,STX,stop_loss,False,Completed,3,-2723,34.721711126364994,99523.3888390441,0.0
2018-09-26,STX,take_profit,False,Canceled,2,0,0.0,0.0,0.0
2018-10-02,CF,stop_loss,False,Canceled,3,0,0.0,0.0,0.0
2018-10-02,CF,take_profit,False,Canceled,2,0,0.0,0.0,0.0
2018-10-02,AMD,rebalance_entry,True,Completed,0,3182,30.73,97782.86,0.0
2018-10-02,FTNT,rebalance_entry,True,Completed,0,5417,18.47,100051.98999999999,0.0
2018-10-02,KMB,rebalance_entry,True,Completed,0,1147,87.1908941635,100007.9556055345,0.0
2018-10-02,LULU,rebalance_entry,True,Completed,0,618,162.88,100659.84,0.0
2018-10-03,AMD,stop_loss,False,Completed,3,-3182,29.04,97782.86,0.0
2018-10-03,AMD,take_profit,False,Canceled,2,0,0.0,0.0,0.0
2018-10-03,CF,rebalance_exit,False,Completed,0,-2754,46.1744927618,106615.2081452274,0.0
2018-10-05,FTNT,stop_loss,False,Completed,3,-5417,17.538,100051.98999999999,0.0
2018-10-05,FTNT,take_profit,False,Canceled,2,0,0.0,0.0,0.0
2018-10-05,LULU,stop_loss,False,Completed,3,-618,154.736,100659.84,0.0
2018-10-05,LULU,take_profit,False,Canceled,2,0,0.0,0.0,0.0
2018-10-10,GWW,stop_loss,False,Completed,3,-324,289.755437952475,98821.854628002,0.0
2018-10-10,GWW,take_profit,False,Canceled,2,0,0.0,0.0,0.0
2018-10-12,KMB,stop_loss,False,Completed,3,-1147,82.831349455325,100007.9556055345,0.0
2018-10-12,KMB,take_profit,False,Canceled,2,0,0.0,0.0,0.0
2018-10-18,HD,stop_loss,False,Completed,3,-623,152.73914741564,100164.72509467759,0.0
2018-10-18,HD,take_profit,False,Canceled,2,0,0.0,0.0,0.0
2018-10-24,SPGI,stop_loss,False,Completed,3,-567,166.071179192735,99118.2722129271,0.0
2018-10-24,SPGI,take_profit,False,Canceled,2,0,0.0,0.0,0.0
2018-11-01,TPL,stop_loss,False,Completed,3,-1417,67.03074401868,99981.64660470479,0.0
2018-11-01,TPL,take_profit,False,Canceled,2,0,0.0,0.0,0.0
2018-11-02,BA,stop_loss,False,Canceled,3,0,0.0,0.0,0.0
2018-11-02,BA,take_profit,False,Canceled,2,0,0.0,0.0,0.0
2018-11-02,AMD,rebalance_entry,True,Completed,0,4945,20.59,101817.55,0.0
2018-11-02,CLX,rebalance_entry,True,Completed,0,818,122.1175661003,99892.16907004539,0.0
2018-11-02,HD,rebalance_entry,True,Completed,0,666,151.6508878965,100999.49133906899,0.0
2018-11-02,KMB,rebalance_entry,True,Completed,0,1229,81.8138538883,100549.2264287207,0.0
2018-11-02,LMT,rebalance_entry,True,Completed,0,411,244.52788453759996,100500.96054495359,0.0
2018-11-02,LULU,rebalance_entry,True,Completed,0,693,145.37,100741.41,0.0
2018-11-02,TJX,rebalance_entry,True,Completed,0,2015,50.0755995761,100902.33314584149,0.0
2018-11-02,TSCO,rebalance_entry,True,Completed,0,6121,16.5675370768,101409.89444709281,0.0
2018-11-02,UPS,rebalance_entry,True,Completed,0,1270,78.3880007832,99552.760994664,0.0
2018-11-05,AMD,stop_loss,False,Completed,3,-4945,19.560499999999998,101817.55,0.0
2018-11-05,AMD,take_profit,False,Canceled,2,0,0.0,0.0,0.0
2018-11-05,BA,rebalance_exit,False,Completed,0,-316,347.994946561,99722.7513900492,0.0
2018-11-09,LULU,stop_loss,False,Completed,3,-693,138.1015,100741.41,0.0
2018-11-09,LULU,take_profit,False,Canceled,2,0,0.0,0.0,0.0
2018-11-13,HD,stop_loss,False,Completed,3,-666,144.068343501675,100999.49133906899,0.0
2018-11-13,HD,take_profit,False,Canceled,2,0,0.0,0.0,0.0
2018-11-14,TJX,stop_loss,False,Completed,3,-2015,47.571819597295,100902.33314584149,0.0
2018-11-14,TJX,take_profit,False,Canceled,2,0,0.0,0.0,0.0
2018-11-20,TSCO,stop_loss,False,Completed,3,-6121,15.73916022296,101409.89444709281,0.0
2018-11-20,TSCO,take_profit,False,Canceled,2,0,0.0,0.0,0.0
2018-12-04,CLX,stop_loss,False,Canceled,3,0,0.0,0.0,0.0
2018-12-04,CLX,take_profit,False,Canceled,2,0,0.0,0.0,0.0
2018-12-04,ABBV,rebalance_entry,True,Completed,0,1470,68.1738613465,100215.576179355,0.0
2018-12-04,AMD,rebalance_entry,True,Completed,0,4217,23.35,98466.95000000001,0.0
2018-12-04,HD,rebalance_entry,True,Completed,0,658,151.3525831414,99589.9997070412,0.0
2018-12-04,MCO,rebalance_entry,True,Completed,0,676,147.5913309114,99771.73969610641,0.0
2018-12-04,SBUX,rebalance_entry,True,Completed,0,1745,57.264073179600004,99925.807698402,0.0
2018-12-04,SPGI,rebalance_entry,True,Completed,0,575,173.0973194904,99530.95870698,0.0
2018-12-06,LMT,stop_loss,False,Completed,3,-411,231.475916819,100500.96054495359,0.0
2018-12-06,LMT,take_profit,False,Canceled,2,0,0.0,0.0,0.0
2018-12-06,ABBV,stop_loss,False,Completed,3,-1470,64.765168279175,100215.576179355,0.0
2018-12-06,ABBV,take_profit,False,Canceled,2,0,0.0,0.0,0.0
2018-12-06,AMD,stop_loss,False,Completed,3,-4217,20.22,98466.95000000001,0.0
2018-12-06,AMD,take_profit,False,Canceled,2,0,0.0,0.0,0.0
2018-12-06,HD,stop_loss,False,Completed,3,-658,143.78495398433,99589.9997070412,0.0
2018-12-06,HD,take_profit,False,Canceled,2,0,0.0,0.0,0.0
2018-12-06,MCO,stop_loss,False,Completed,3,-676,139.6260548022,99771.73969610641,0.0
2018-12-06,MCO,take_profit,False,Canceled,2,0,0.0,0.0,0.0
2018-12-06,SPGI,stop_loss,False,Completed,3,-575,163.6256382311,99530.95870698,0.0
2018-12-06,SPGI,take_profit,False,Canceled,2,0,0.0,0.0,0.0
2018-12-06,CLX,rebalance_exit,False,Completed,0,-818,130.0076528423,99892.16907004539,0.0
2018-12-10,UPS,stop_loss,False,Completed,3,-1270,74.46860074403999,99552.760994664,0.0
2018-12-10,UPS,take_profit,False,Canceled,2,0,0.0,0.0,0.0
2018-12-14,SBUX,stop_loss,False,Completed,3,-1745,54.400869520620006,99925.807698402,0.0
2018-12-14,SBUX,take_profit,False,Canceled,2,0,0.0,0.0,0.0
2019-01-03,ABBV,rebalance_entry,True,Completed,0,1543,64.3412592606,99278.5630391058,0.0
2019-01-03,HD,rebalance_entry,True,Completed,0,693,143.6453545069,99546.2306732817,0.0
2019-01-03,LMT,rebalance_entry,True,Completed,0,461,214.63684164,98947.58399604,0.0
2019-01-03,MCO,rebalance_entry,True,Completed,0,759,131.24007749,99611.21881491,0.0
2019-01-03,MKC,rebalance_entry,True,Completed,0,1704,58.692284040000004,100011.65200416,0.0
2019-01-03,NRG,rebalance_entry,True,Completed,0,3174,31.452961405099998,99831.6994997874,0.0
2019-01-03,SBUX,rebalance_entry,True,Completed,0,1831,53.860650422099994,98618.8509228651,0.0
2019-01-03,SPGI,rebalance_entry,True,Completed,0,627,158.7585069701,99541.5838702527,0.0
2019-01-24,MKC,stop_loss,False,Completed,3,-1704,51.9954715027,100011.65200416,0.0
2019-01-24,MKC,take_profit,False,Canceled,2,0,0.0,0.0,0.0
2019-01-25,ABBV,stop_loss,False,Completed,3,-1543,60.6477314684,99278.5630391058,0.0
2019-01-25,ABBV,take_profit,False,Canceled,2,0,0.0,0.0,0.0
2019-02-04,ABBV,rebalance_entry,True,Completed,0,1690,59.023304289399995,99749.384249086,0.0
2019-02-04,UPS,rebalance_entry,True,Completed,0,1277,78.224192702,99892.294080454,0.0
2019-02-19,ORLY,take_profit,False,Completed,2,-4955,26.14993333329,99671.4766665015,0.0
2019-02-19,ORLY,stop_loss,False,Canceled,3,0,0.0,0.0,0.0
2019-03-04,ABBV,stop_loss,False,Canceled,3,0,0.0,0.0,0.0
2019-03-04,ABBV,take_profit,False,Canceled,2,0,0.0,0.0,0.0
2019-03-04,KMB,stop_loss,False,Canceled,3,0,0.0,0.0,0.0
2019-03-04,KMB,take_profit,False,Canceled,2,0,0.0,0.0,0.0
2019-03-04,MCO,stop_loss,False,Canceled,3,0,0.0,0.0,0.0
2019-03-04,MCO,take_profit,False,Canceled,2,0,0.0,0.0,0.0
2019-03-04,NRG,stop_loss,False,Canceled,3,0,0.0,0.0,0.0
2019-03-04,NRG,take_profit,False,Canceled,2,0,0.0,0.0,0.0
2019-03-04,AES,rebalance_entry,True,Completed,0,7457,13.4329555466,100169.5495109962,0.0
2019-03-04,DOC,rebalance_entry,True,Completed,0,4776,20.9620606317,100114.80157699919,0.0
2019-03-04,KIM,rebalance_entry,True,Completed,0,8058,12.4158201765,100046.678982237,0.0
2019-03-04,MSCI,rebalance_entry,True,Completed,0,567,177.7382970014,100777.6143997938,0.0
2019-03-04,ORLY,rebalance_entry,True,Completed,0,4042,24.764,100096.088,0.0
2019-03-05,ABBV,rebalance_exit,False,Completed,0,-1690,58.3470721605,99749.384249086,0.0
2019-03-05,KMB,rebalance_exit,False,Completed,0,-1229,90.2691720393,100549.2264287207,0.0
2019-03-05,MCO,rebalance_exit,False,Completed,0,-759,161.4919233616,99611.21881491,0.0
2019-03-05,NRG,rebalance_exit,False,Completed,0,-3174,34.4788641328,99831.6994997874,0.0
2019-03-07,MSCI,stop_loss,False,Completed,3,-567,168.85138215133,100777.6143997938,0.0
2019-03-07,MSCI,take_profit,False,Canceled,2,0,0.0,0.0,0.0
2019-04-02,AES,stop_loss,False,Canceled,3,0,0.0,0.0,0.0
2019-04-02,AES,take_profit,False,Canceled,2,0,0.0,0.0,0.0
2019-04-02,DOC,stop_loss,False,Canceled,3,0,0.0,0.0,0.0
2019-04-02,DOC,take_profit,False,Canceled,2,0,0.0,0.0,0.0
2019-04-02,SBUX,stop_loss,False,Canceled,3,0,0.0,0.0,0.0
2019-04-02,SBUX,take_profit,False,Canceled,2,0,0.0,0.0,0.0
2019-04-02,LULU,rebalance_entry,True,Completed,0,604,165.61,100028.44,0.0
2019-04-02,MCO,rebalance_entry,True,Completed,0,578,173.3525412815,100197.768860707,0.0
2019-04-02,MSCI,rebalance_entry,True,Completed,0,534,187.5204402189,100135.9150768926,0.0
2019-04-02,TPL,rebalance_entry,True,Completed,0,1231,81.9801852798,100917.60807943379,0.0
2019-04-03,AES,rebalance_exit,False,Completed,0,-7457,13.8927258448,100169.5495109962,0.0
2019-04-03,DOC,rebalance_exit,False,Completed,0,-4776,21.4010566659,100114.80157699919,0.0
2019-04-03,SBUX,rebalance_exit,False,Completed,0,-1831,63.612480373,98618.8509228651,0.0
2019-04-25,SPGI,take_profit,False,Completed,2,-627,206.38605906113,99541.5838702527,0.0
2019-04-25,SPGI,stop_loss,False,Canceled,3,0,0.0,0.0,0.0
2019-05-02,KIM,stop_loss,False,Canceled,3,0,0.0,0.0,0.0
2019-05-02,KIM,take_profit,False,Canceled,2,0,0.0,0.0,0.0
2019-05-02,LMT,stop_loss,False,Canceled,3,0,0.0,0.0,0.0
2019-05-02,LMT,take_profit,False,Canceled,2,0,0.0,0.0,0.0
2019-05-02,LULU,stop_loss,False,Canceled,3,0,0.0,0.0,0.0
2019-05-02,LULU,take_profit,False,Canceled,2,0,0.0,0.0,0.0
2019-05-02,UPS,stop_loss,False,Canceled,3,0,0.0,0.0,0.0
2019-05-02,UPS,take_profit,False,Canceled,2,0,0.0,0.0,0.0
2019-05-02,FICO,rebalance_entry,True,Completed,0,369,270.61,99855.09000000001,0.0
2019-05-02,GRMN,rebalance_entry,True,Completed,0,1461,68.4773325276,100045.3828228236,0.0
2019-05-02,KLAC,rebalance_entry,True,Completed,0,869,115.0429004379,99972.2804805351,0.0
2019-05-02,SPGI,rebalance_entry,True,Completed,0,484,203.1250415595,98312.520114798,0.0
2019-05-02,WAT,rebalance_entry,True,Completed,0,472,211.5,99828.0,0.0
2019-05-03,KIM,rebalance_exit,False,Completed,0,-8058,13.1596007511,100046.678982237,0.0
2019-05-03,LMT,rebalance_exit,False,Completed,0,-461,274.8842838489,98947.58399604,0.0
2019-05-03,LULU,rebalance_exit,False,Completed,0,-604,176.84,100028.44,0.0
2019-05-03,UPS,rebalance_exit,False,Completed,0,-1277,79.0057902584,99892.294080454,0.0
2019-05-07,KLAC,stop_loss,False,Completed,3,-869,109.10184632199999,99972.2804805351,0.0
2019-05-07,KLAC,take_profit,False,Canceled,2,0,0.0,0.0,0.0
2019-05-14,ORLY,stop_loss,False,Completed,3,-4042,23.525799999999997,100096.088,0.0
2019-05-14,ORLY,take_profit,False,Canceled,2,0,0.0,0.0,0.0
2019-05-23,GRMN,stop_loss,False,Completed,3,-1461,65.05346590122,100045.3828228236,0.0
2019-05-23,GRMN,take_profit,False,Canceled,2,0,0.0,0.0,0.0
2019-05-29,WAT,stop_loss,False,Completed,3,-472,200.92499999999998,99828.0,0.0
2019-05-29,WAT,take_profit,False,Canceled,2,0,0.0,0.0,0.0
2019-05-31,TPL,stop_loss,False,Completed,3,-1231,77.88117601581,100917.60807943379,0.0
2019-05-31,TPL,take_profit,False,Canceled,2,0,0.0,0.0,0.0
2019-06-04,FICO,stop_loss,False,Canceled,3,0,0.0,0.0,0.0
2019-06-04,FICO,take_profit,False,Canceled,2,0,0.0,0.0,0.0
2019-06-04,HD,stop_loss,False,Canceled,3,0,0.0,0.0,0.0
2019-06-04,HD,take_profit,False,Canceled,2,0,0.0,0.0,0.0
2019-06-04,AMD,rebalance_entry,True,Completed,0,3625,28.39,102913.75,0.0
2019-06-04,AVGO,rebalance_entry,True,Completed,0,4735,21.4315757911,101478.5113708585,0.0
2019-06-04,CDNS,rebalance_entry,True,Completed,0,1620,62.56999999999999,101363.4,0.0
2019-06-04,LMT,rebalance_entry,True,Completed,0,349,286.8722141968,100118.4027546832,0.0
2019-06-04,ORLY,rebalance_entry,True,Completed,0,4008,25.198,100993.584,0.0
2019-06-04,QCOM,rebalance_entry,True,Completed,0,1766,57.4206266516,101404.82666672561,0.0
2019-06-04,TER,rebalance_entry,True,Completed,0,2434,41.6529950332,101383.3899108088,0.0
2019-06-05,FICO,rebalance_exit,False,Completed,0,-369,300.0,99855.09000000001,0.0
2019-06-05,HD,rebalance_exit,False,Completed,0,-693,164.5252308745,99546.2306732817,0.0
2019-07-02,AVGO,stop_loss,False,Canceled,3,0,0.0,0.0,0.0
2019-07-02,AVGO,take_profit,False,Canceled,2,0,0.0,0.0,0.0
2019-07-02,CDNS,stop_loss,False,Canceled,3,0,0.0,0.0,0.0
2019-07-02,CDNS,take_profit,False,Canceled,2,0,0.0,0.0,0.0
2019-07-02,MCO,stop_loss,False,Canceled,3,0,0.0,0.0,0.0
2019-07-02,MCO,take_profit,False,Canceled,2,0,0.0,0.0,0.0
2019-07-02,SPGI,stop_loss,False,Canceled,3,0,0.0,0.0,0.0
2019-07-02,SPGI,take_profit,False,Canceled,2,0,0.0,0.0,0.0
2019-07-02,TER,stop_loss,False,Canceled,3,0,0.0,0.0,0.0
2019-07-02,TER,take_profit,False,Canceled,2,0,0.0,0.0,0.0
2019-07-02,CINF,rebalance_entry,True,Completed,0,1128,88.4607407781,99783.7155976968,0.0
2019-07-02,FICO,rebalance_entry,True,Completed,0,315,316.69,99757.35,0.0
2019-07-02,HSY,rebalance_entry,True,Completed,0,878,114.0109369815,100101.60266975699,0.0
2019-07-02,NSC,rebalance_entry,True,Completed,0,573,175.2416246962,100413.4509509226,0.0
2019-07-02,TSN,rebalance_entry,True,Completed,0,1512,66.184829204,100071.461756448,0.0
2019-07-03,AVGO,rebalance_exit,False,Completed,0,-4735,23.8906617879,101478.5113708585,0.0
2019-07-03,CDNS,rebalance_exit,False,Completed,0,-1620,74.25,101363.4,0.0
2019-07-03,MCO,rebalance_exit,False,Completed,0,-578,189.3776980371,100197.768860707,0.0
2019-07-03,SPGI,rebalance_exit,False,Completed,0,-484,222.7403609862,98312.520114798,0.0
2019-07-03,TER,rebalance_exit,False,Completed,0,-2434,46.2854218531,101383.3899108088,0.0
2019-07-17,NSC,stop_loss,False,Completed,3,-573,166.47954346139,100413.4509509226,0.0
2019-07-17,NSC,take_profit,False,Canceled,2,0,0.0,0.0,0.0
2019-08-02,AMD,stop_loss,False,Canceled,3,0,0.0,0.0,0.0
2019-08-02,AMD,take_profit,False,Canceled,2,0,0.0,0.0,0.0
2019-08-02,CINF,stop_loss,False,Canceled,3,0,0.0,0.0,0.0
2019-08-02,CINF,take_profit,False,Canceled,2,0,0.0,0.0,0.0
2019-08-02,HSY,stop_loss,False,Canceled,3,0,0.0,0.0,0.0
2019-08-02,HSY,take_profit,False,Canceled,2,0,0.0,0.0,0.0
2019-08-02,QCOM,stop_loss,False,Canceled,3,0,0.0,0.0,0.0
2019-08-02,QCOM,take_profit,False,Canceled,2,0,0.0,0.0,0.0
2019-08-02,TSN,stop_loss,False,Canceled,3,0,0.0,0.0,0.0
2019-08-02,TSN,take_profit,False,Canceled,2,0,0.0,0.0,0.0
2019-08-02,BALL,rebalance_entry,True,Completed,0,1451,68.4535990362,99326.1722015262,0.0
2019-08-02,ERIE,rebalance_entry,True,Completed,0,518,192.1241313767,99520.3000531306,0.0
2019-08-02,HLT,rebalance_entry,True,Completed,0,1068,93.2511334099,99592.2104817732,0.0
2019-08-02,MCO,rebalance_entry,True,Completed,0,492,202.9624266741,99857.5139236572,0.0
2019-08-02,MTD,rebalance_entry,True,Completed,0,131,730.36,95677.16,0.0
2019-08-02,SPGI,rebalance_entry,True,Completed,0,412,242.2874259394,99822.4194870328,0.0
2019-08-05,HLT,stop_loss,False,Completed,3,-1068,88.588576739405,99592.2104817732,0.0
2019-08-05,HLT,take_profit,False,Canceled,2,0,0.0,0.0,0.0
2019-08-05,MCO,stop_loss,False,Completed,3,-492,192.81430534039498,99857.5139236572,0.0
2019-08-05,MCO,take_profit,False,Canceled,2,0,0.0,0.0,0.0
2019-08-05,MTD,stop_loss,False,Completed,3,-131,693.842,95677.16,0.0
2019-08-05,MTD,take_profit,False,Canceled,2,0,0.0,0.0,0.0
2019-08-05,SPGI,stop_loss,False,Completed,3,-412,230.17305464242997,99822.4194870328,0.0
2019-08-05,SPGI,take_profit,False,Canceled,2,0,0.0,0.0,0.0
2019-08-05,AMD,rebalance_exit,False,Completed,0,-3625,28.26,102913.75,0.0
2019-08-05,CINF,rebalance_exit,False,Completed,0,-1128,89.1769197443,99783.7155976968,0.0
2019-08-05,HSY,rebalance_exit,False,Completed,0,-878,128.5261986839,100101.60266975699,0.0
2019-08-05,QCOM,rebalance_exit,False,Completed,0,-1766,59.9746940537,101404.82666672561,0.0
2019-08-05,TSN,rebalance_exit,False,Completed,0,-1512,67.8998852421,100071.461756448,0.0
2019-08-15,ERIE,stop_loss,False,Completed,3,-518,182.517924807865,99520.3000531306,0.0
2019-08-15,ERIE,take_profit,False,Canceled,2,0,0.0,0.0,0.0
2019-09-04,BALL,stop_loss,False,Canceled,3,0,0.0,0.0,0.0
2019-09-04,BALL,take_profit,False,Canceled,2,0,0.0,0.0,0.0
2019-09-04,FICO,stop_loss,False,Canceled,3,0,0.0,0.0,0.0
2019-09-04,FICO,take_profit,False,Canceled,2,0,0.0,0.0,0.0
2019-09-04,MSCI,stop_loss,False,Canceled,3,0,0.0,0.0,0.0
2019-09-04,MSCI,take_profit,False,Canceled,2,0,0.0,0.0,0.0
2019-09-04,CIEN,rebalance_entry,True,Completed,0,2455,41.26,101293.29999999999,0.0
2019-09-04,DECK,rebalance_entry,True,Completed,0,4124,24.555,101264.81999999999,0.0
2019-09-04,ERIE,rebalance_entry,True,Completed,0,533,190.4127911772,101490.0176974476,0.0
2019-09-04,HLT,rebalance_entry,True,Completed,0,1113,90.5344768559,100764.8727406167,0.0
2019-09-04,IDXX,rebalance_entry,True,Completed,0,349,288.21,100585.29,0.0
2019-09-04,MCO,rebalance_entry,True,Completed,0,497,201.73283767260003,100261.2203232822,0.0
2019-09-04,MTD,rebalance_entry,True,Completed,0,153,655.71,100323.63,0.0
2019-09-04,SPGI,rebalance_entry,True,Completed,0,409,246.1225170895,100664.1094896055,0.0
2019-09-05,CIEN,stop_loss,False,Completed,3,-2455,38.66,101293.29999999999,0.0
2019-09-05,CIEN,take_profit,False,Canceled,2,0,0.0,0.0,0.0
2019-09-05,BALL,rebalance_exit,False,Completed,0,-1451,75.056980418,99326.1722015262,0.0
2019-09-05,FICO,rebalance_exit,False,Completed,0,-315,359.0,99757.35,0.0
2019-09-05,MSCI,rebalance_exit,False,Completed,0,-534,217.0351010636,100135.9150768926,0.0
2019-09-09,IDXX,stop_loss,False,Completed,3,-349,273.79949999999997,100585.29,0.0
2019-09-09,IDXX,take_profit,False,Canceled,2,0,0.0,0.0,0.0
2019-09-10,ERIE,stop_loss,False,Completed,3,-533,180.89215161834,101490.0176974476,0.0
2019-09-10,ERIE,take_profit,False,Canceled,2,0,0.0,0.0,0.0
2019-09-18,DECK,stop_loss,False,Completed,3,-4124,23.32725,101264.81999999999,0.0
2019-09-18,DECK,take_profit,False,Canceled,2,0,0.0,0.0,0.0
2019-09-27,MCO,stop_loss,False,Completed,3,-497,191.64619578897,100261.2203232822,0.0
2019-09-27,MCO,take_profit,False,Canceled,2,0,0.0,0.0,0.0
2019-09-27,SPGI,stop_loss,False,Completed,3,-409,233.816391235025,100664.1094896055,0.0
2019-09-27,SPGI,take_profit,False,Canceled,2,0,0.0,0.0,0.0
2019-10-02,MTD,stop_loss,False,Canceled,3,0,0.0,0.0,0.0
2019-10-02,MTD,take_profit,False,Canceled,2,0,0.0,0.0,0.0
2019-10-02,DECK,rebalance_entry,True,Completed,0,4097,24.135,98881.095,0.0
2019-10-02,FICO,rebalance_entry,True,Completed,0,329,301.92,99331.68000000001,0.0
2019-10-02,HSY,rebalance_entry,True,Completed,0,757,131.8372675468,99800.8115329276,0.0
2019-10-02,IDXX,rebalance_entry,True,Completed,0,371,266.84,98997.63999999998,0.0
2019-10-02,MCO,rebalance_entry,True,Completed,0,526,188.3147629916,99053.5653335816,0.0
2019-10-02,NVR,rebalance_entry,True,Completed,0,26,3734.9000000000005,97107.40000000001,0.0
2019-10-02,SPGI,rebalance_entry,True,Completed,0,435,227.9307706067,99149.8852139145,0.0
2019-10-03,MTD,rebalance_exit,False,Completed,0,-153,665.3,100323.63,0.0
2019-10-23,FICO,stop_loss,False,Completed,3,-329,286.824,99331.68000000001,0.0
2019-10-23,FICO,take_profit,False,Canceled,2,0,0.0,0.0,0.0
2019-10-24,HSY,stop_loss,False,Completed,3,-757,124.05005916259998,99800.8115329276,0.0
2019-10-24,HSY,take_profit,False,Canceled,2,0,0.0,0.0,0.0
2019-11-04,DECK,stop_loss,False,Canceled,3,0,0.0,0.0,0.0
2019-11-04,DECK,take_profit,False,Canceled,2,0,0.0,0.0,0.0
2019-11-04,NVR,stop_loss,False,Canceled,3,0,0.0,0.0,0.0
2019-11-04,NVR,take_profit,False,Canceled,2,0,0.0,0.0,0.0
2019-11-04,HSY,rebalance_entry,True,Completed,0,820,121.8774791429,99939.532897178,0.0
2019-11-04,LDOS,rebalance_entry,True,Completed,0,1276,78.4561353927,100110.02876108521,0.0
2019-11-04,LRCX,rebalance_entry,True,Completed,0,3872,25.9860236258,100617.88347909761,0.0
2019-11-04,MA,rebalance_entry,True,Completed,0,371,270.5398800859,100370.2955118689,0.0
2019-11-05,DECK,rebalance_exit,False,Completed,0,-4097,26.9416666667,98881.095,0.0
2019-11-05,NVR,rebalance_exit,False,Completed,0,-26,3412.9000000000005,97107.40000000001,0.0
2019-11-11,IDXX,stop_loss,False,Completed,3,-371,253.49799999999996,98997.63999999998,0.0
2019-11-11,IDXX,take_profit,False,Canceled,2,0,0.0,0.0,0.0
2019-11-21,LRCX,stop_loss,False,Completed,3,-3872,24.6607364209,100617.88347909761,0.0
2019-11-21,LRCX,take_profit,False,Canceled,2,0,0.0,0.0,0.0
2019-12-03,HSY,stop_loss,False,Canceled,3,0,0.0,0.0,0.0
2019-12-03,HSY,take_profit,False,Canceled,2,0,0.0,0.0,0.0
2019-12-03,LDOS,stop_loss,False,Canceled,3,0,0.0,0.0,0.0
2019-12-03,LDOS,take_profit,False,Canceled,2,0,0.0,0.0,0.0
2019-12-03,MA,stop_loss,False,Canceled,3,0,0.0,0.0,0.0
2019-12-03,MA,take_profit,False,Canceled,2,0,0.0,0.0,0.0
2019-12-03,BLDR,rebalance_entry,True,Completed,0,3977,24.82,98709.14,0.0
2019-12-03,BX,rebalance_entry,True,Completed,0,2372,41.7058774517,98926.3413154324,0.0
2019-12-03,IDXX,rebalance_entry,True,Completed,0,397,250.08,99281.76000000001,0.0
2019-12-03,LRCX,rebalance_entry,True,Completed,0,4097,23.8319678817,97639.5724113249,0.0
2019-12-03,TER,rebalance_entry,True,Completed,0,1641,59.5922966223,97790.9587571943,0.0
2019-12-04,HSY,rebalance_exit,False,Completed,0,-820,127.2224490515,99939.532897178,0.0
2019-12-04,LDOS,rebalance_exit,False,Completed,0,-1276,82.4023440976,100110.02876108521,0.0
2019-12-04,MA,rebalance_exit,False,Completed,0,-371,278.1170018699,100370.2955118689,0.0
2020-01-03,BX,stop_loss,False,Canceled,3,0,0.0,0.0,0.0
2020-01-03,BX,take_profit,False,Canceled,2,0,0.0,0.0,0.0
2020-01-03,LRCX,stop_loss,False,Canceled,3,0,0.0,0.0,0.0
2020-01-03,LRCX,take_profit,False,Canceled,2,0,0.0,0.0,0.0
2020-01-03,TER,stop_loss,False,Canceled,3,0,0.0,0.0,0.0
2020-01-03,TER,take_profit,False,Canceled,2,0,0.0,0.0,0.0
2020-01-03,FICO,rebalance_entry,True,Completed,0,261,378.66,98830.26000000001,0.0
2020-01-03,MA,rebalance_entry,True,Completed,0,341,288.6825559098,98440.7515652418,0.0
2020-01-03,NVR,rebalance_entry,True,Completed,0,26,3699.0,96174.0,0.0
2020-01-06,BX,rebalance_exit,False,Completed,0,-2372,43.9843647394,98926.3413154324,0.0
2020-01-06,LRCX,rebalance_exit,False,Completed,0,-4097,27.0095875966,97639.5724113249,0.0
2020-01-06,TER,rebalance_exit,False,Completed,0,-1641,65.573933066,97790.9587571943,0.0
2020-01-28,MCO,take_profit,False,Completed,2,-526,244.80919188907998,99053.5653335816,0.0
2020-01-28,MCO,stop_loss,False,Canceled,3,0,0.0,0.0,0.0
2020-02-04,BLDR,stop_loss,False,Canceled,3,0,0.0,0.0,0.0
2020-02-04,BLDR,take_profit,False,Canceled,2,0,0.0,0.0,0.0
2020-02-04,FICO,stop_loss,False,Canceled,3,0,0.0,0.0,0.0
2020-02-04,FICO,take_profit,False,Canceled,2,0,0.0,0.0,0.0
2020-02-04,MA,stop_loss,False,Canceled,3,0,0.0,0.0,0.0
2020-02-04,MA,take_profit,False,Canceled,2,0,0.0,0.0,0.0
2020-02-04,NVR,stop_loss,False,Canceled,3,0,0.0,0.0,0.0
2020-02-04,NVR,take_profit,False,Canceled,2,0,0.0,0.0,0.0
2020-02-04,AAPL,rebalance_entry,True,Completed,0,1345,75.9427353257,102142.9790130665,0.0
2020-02-04,CDW,rebalance_entry,True,Completed,0,817,123.7145620464,101074.7971919088,0.0
2020-02-04,GNRC,rebalance_entry,True,Completed,0,963,104.79,100912.77,0.0
2020-02-04,LRCX,rebalance_entry,True,Completed,0,3478,29.5046587169,102617.2030173782,0.0
2020-02-04,MCO,rebalance_entry,True,Completed,0,405,250.8285698164,101585.570775642,0.0
2020-02-05,BLDR,rebalance_exit,False,Completed,0,-3977,25.68,98709.14,0.0
2020-02-05,FICO,rebalance_exit,False,Completed,0,-261,421.68,98830.26000000001,0.0
2020-02-05,MA,rebalance_exit,False,Completed,0,-341,323.3668793295,98440.7515652418,0.0
2020-02-05,NVR,rebalance_exit,False,Completed,0,-26,3792.4000000000005,96174.0,0.0
2020-02-19,SPGI,take_profit,False,Completed,2,-435,296.31000178871,99149.8852139145,0.0
2020-02-19,SPGI,stop_loss,False,Canceled,3,0,0.0,0.0,0.0
2020-02-24,AAPL,stop_loss,False,Completed,3,-1345,71.7676346229,102142.9790130665,0.0
2020-02-24,AAPL,take_profit,False,Canceled,2,0,0.0,0.0,0.0
2020-02-24,LRCX,stop_loss,False,Completed,3,-3478,27.8866372508,102617.2030173782,0.0
2020-02-24,LRCX,take_profit,False,Canceled,2,0,0.0,0.0,0.0
2020-02-25,CDW,stop_loss,False,Completed,3,-817,117.52883394407999,101074.7971919088,0.0
2020-02-25,CDW,take_profit,False,Canceled,2,0,0.0,0.0,0.0
2020-02-27,MCO,stop_loss,False,Completed,3,-405,238.28714132558,101585.570775642,0.0
2020-02-27,MCO,take_profit,False,Canceled,2,0,0.0,0.0,0.0
2020-02-28,ORLY,stop_loss,False,Completed,3,-4008,23.9381,100993.584,0.0
2020-02-28,ORLY,take_profit,False,Canceled,2,0,0.0,0.0,0.0
2020-03-03,HLT,stop_loss,False,Canceled,3,0,0.0,0.0,0.0
2020-03-03,HLT,take_profit,False,Canceled,2,0,0.0,0.0,0.0
2020-03-03,IDXX,stop_loss,False,Canceled,3,0,0.0,0.0,0.0
2020-03-03,IDXX,take_profit,False,Canceled,2,0,0.0,0.0,0.0
2020-03-03,AAPL,rebalance_entry,True,Completed,0,1386,73.3152042183,101614.8730465638,0.0
2020-03-03,APO,rebalance_entry,True,Completed,0,2688,37.3106956079,100291.1497940352,0.0
2020-03-03,BX,rebalance_entry,True,Completed,0,2218,45.1921583876,100236.2073036968,0.0
2020-03-03,CLX,rebalance_entry,True,Completed,0,708,142.1093843313,100613.44410656039,0.0
2020-03-03,HSY,rebalance_entry,True,Completed,0,762,131.7697090288,100408.51827994561,0.0
2020-03-03,LRCX,rebalance_entry,True,Completed,0,3572,27.989161652400004,99977.2854223728,0.0
2020-03-03,MCO,rebalance_entry,True,Completed,0,407,244.3813606944,99463.2138026208,0.0
2020-03-03,SPGI,rebalance_entry,True,Completed,0,364,275.1347673764,100149.05532500961,0.0
2020-03-04,HLT,rebalance_exit,False,Completed,0,-1113,93.4483848889,100764.8727406167,0.0
2020-03-04,IDXX,rebalance_exit,False,Completed,0,-397,256.07,99281.76000000001,0.0
2020-03-05,SPGI,stop_loss,False,Completed,3,-364,261.37802900758,100149.05532500961,0.0
2020-03-05,SPGI,take_profit,False,Canceled,2,0,0.0,0.0,0.0
2020-03-06,AAPL,stop_loss,False,Completed,3,-1386,68.0834049777,101614.8730465638,0.0
2020-03-06,AAPL,take_profit,False,Canceled,2,0,0.0,0.0,0.0
2020-03-06,APO,stop_loss,False,Completed,3,-2688,35.2021656011,100291.1497940352,0.0
2020-03-06,APO,take_profit,False,Canceled,2,0,0.0,0.0,0.0
2020-03-06,BX,stop_loss,False,Completed,3,-2218,42.93255046822,100236.2073036968,0.0
2020-03-06,BX,take_profit,False,Canceled,2,0,0.0,0.0,0.0
2020-03-06,LRCX,stop_loss,False,Completed,3,-3572,26.589703569780003,99977.2854223728,0.0
2020-03-06,LRCX,take_profit,False,Canceled,2,0,0.0,0.0,0.0
2020-03-06,MCO,stop_loss,False,Completed,3,-407,229.6085107527,99463.2138026208,0.0
2020-03-06,MCO,take_profit,False,Canceled,2,0,0.0,0.0,0.0
2020-03-10,GNRC,stop_loss,False,Completed,3,-963,99.5505,100912.77,0.0
2020-03-10,GNRC,take_profit,False,Canceled,2,0,0.0,0.0,0.0
2020-03-12,LMT,stop_loss,False,Completed,3,-349,271.9979121217,100118.4027546832,0.0
2020-03-12,LMT,take_profit,False,Canceled,2,0,0.0,0.0,0.0
2020-03-12,CLX,stop_loss,False,Completed,3,-708,131.4520015683,100613.44410656039,0.0
2020-03-12,CLX,take_profit,False,Canceled,2,0,0.0,0.0,0.0
2020-03-12,HSY,stop_loss,False,Completed,3,-762,118.7571167715,100408.51827994561,0.0
2020-03-12,HSY,take_profit,False,Canceled,2,0,0.0,0.0,0.0
2020-04-02,CPB,rebalance_entry,True,Completed,0,2723,36.2849961756,98804.0445861588,0.0
2020-04-02,GNRC,rebalance_entry,True,Completed,0,1204,82.31,99101.24,0.0
2020-04-02,IDXX,rebalance_entry,True,Completed,0,433,226.02,97866.66,0.0
2020-04-02,LDOS,rebalance_entry,True,Completed,0,1241,79.9861331174,99262.7911986934,0.0
2020-04-02,LLY,rebalance_entry,True,Completed,0,786,126.1616606312,99163.0652561232,0.0
2020-04-02,LMT,rebalance_entry,True,Completed,0,349,283.1903727913,98833.44010416369,0.0
2020-04-02,LRCX,rebalance_entry,True,Completed,0,4780,20.5677793735,98313.98540533,0.0
2020-04-02,MCO,rebalance_entry,True,Completed,0,534,184.9208762719,98747.7479291946,0.0
2020-04-02,ORLY,rebalance_entry,True,Completed,0,5221,19.2626666667,100570.3826668407,0.0
2020-04-02,SPGI,rebalance_entry,True,Completed,0,449,221.5089763641,99457.5303874809,0.0
2020-04-17,ORLY,take_profit,False,Completed,2,-5221,25.181999999999995,100570.3826668407,0.0
2020-04-17,ORLY,stop_loss,False,Canceled,3,0,0.0,0.0,0.0
2020-04-27,MCO,take_profit,False,Completed,2,-534,240.39713915347,98747.7479291946,0.0
2020-04-27,MCO,stop_loss,False,Canceled,3,0,0.0,0.0,0.0
2020-04-28,SPGI,take_profit,False,Completed,2,-449,287.96166927333,99457.5303874809,0.0
2020-04-28,SPGI,stop_loss,False,Canceled,3,0,0.0,0.0,0.0
2020-05-04,CPB,stop_loss,False,Canceled,3,0,0.0,0.0,0.0
2020-05-04,CPB,take_profit,False,Canceled,2,0,0.0,0.0,0.0
2020-05-04,IDXX,stop_loss,False,Canceled,3,0,0.0,0.0,0.0
2020-05-04,IDXX,take_profit,False,Canceled,2,0,0.0,0.0,0.0
2020-05-04,LDOS,stop_loss,False,Canceled,3,0,0.0,0.0,0.0
2020-05-04,LDOS,take_profit,False,Canceled,2,0,0.0,0.0,0.0
2020-05-04,LRCX,stop_loss,False,Canceled,3,0,0.0,0.0,0.0
2020-05-04,LRCX,take_profit,False,Canceled,2,0,0.0,0.0,0.0
2020-05-04,BLDR,rebalance_entry,True,Completed,0,5802,16.73,97067.46,0.0
2020-05-04,DHI,rebalance_entry,True,Completed,0,2292,42.9499686441,98441.3281322772,0.0
2020-05-04,LEN,rebalance_entry,True,Completed,0,2278,43.142922483,98279.577416274,0.0
2020-05-04,MCO,rebalance_entry,True,Completed,0,436,226.18264805,98615.6345498,0.0
2020-05-04,NEM,rebalance_entry,True,Completed,0,1955,52.0563745363,101770.21221846649,0.0
2020-05-04,ORLY,rebalance_entry,True,Completed,0,3985,24.9826666667,99555.9266667995,0.0
2020-05-04,SPGI,rebalance_entry,True,Completed,0,368,268.9358575639,98968.3955835152,0.0
2020-05-05,CPB,rebalance_exit,False,Completed,0,-2723,40.6715251333,98804.0445861588,0.0
2020-05-05,IDXX,rebalance_exit,False,Completed,0,-433,272.91,97866.66,0.0
2020-05-05,LDOS,rebalance_exit,False,Completed,0,-1241,87.8358877141,99262.7911986934,0.0
2020-05-05,LRCX,rebalance_exit,False,Completed,0,-4780,22.537632731,98313.98540533,0.0
2020-05-13,BLDR,stop_loss,False,Completed,3,-5802,15.8935,97067.46,0.0
2020-05-13,BLDR,take_profit,False,Canceled,2,0,0.0,0.0,0.0
2020-05-14,LEN,stop_loss,False,Completed,3,-2278,40.985776358849996,98279.577416274,0.0
2020-05-14,LEN,take_profit,False,Canceled,2,0,0.0,0.0,0.0
2020-05-18,GNRC,take_profit,False,Completed,2,-1204,108.65,99101.24,0.0
2020-05-18,GNRC,stop_loss,False,Canceled,3,0,0.0,0.0,0.0
2020-05-27,NEM,stop_loss,False,Completed,3,-1955,47.8734227016,101770.21221846649,0.0
2020-05-27,NEM,take_profit,False,Canceled,2,0,0.0,0.0,0.0
2020-05-28,DHI,take_profit,False,Completed,2,-2292,56.2050807354,98441.3281322772,0.0
2020-05-28,DHI,stop_loss,False,Canceled,3,0,0.0,0.0,0.0
2020-06-02,LLY,stop_loss,False,Canceled,3,0,0.0,0.0,0.0
2020-06-02,LLY,take_profit,False,Canceled,2,0,0.0,0.0,0.0
2020-06-02,BLDR,rebalance_entry,True,Completed,0,4651,21.8,101391.8,0.0
2020-06-02,GEN,rebalance_entry,True,Completed,0,5258,18.7880869242,98787.76104744361,0.0
2020-06-02,GNRC,rebalance_entry,True,Completed,0,904,111.6,100886.4,0.0
2020-06-02,IDXX,rebalance_entry,True,Completed,0,320,313.83,100425.59999999999,0.0
2020-06-02,LOW,rebalance_entry,True,Completed,0,861,117.6858222221,101327.4929332281,0.0
2020-06-02,WAT,rebalance_entry,True,Completed,0,500,200.81,100405.0,0.0
2020-06-03,LLY,rebalance_exit,False,Completed,0,-786,143.5982102792,99163.0652561232,0.0
2020-06-11,BLDR,stop_loss,False,Completed,3,-4651,20.71,101391.8,0.0
2020-06-11,BLDR,take_profit,False,Canceled,2,0,0.0,0.0,0.0
2020-06-11,GEN,stop_loss,False,Completed,3,-5258,17.84868257799,98787.76104744361,0.0
2020-06-11,GEN,take_profit,False,Canceled,2,0,0.0,0.0,0.0
2020-06-11,IDXX,stop_loss,False,Completed,3,-320,298.13849999999996,100425.59999999999,0.0
2020-06-11,IDXX,take_profit,False,Canceled,2,0,0.0,0.0,0.0
2020-06-11,LOW,stop_loss,False,Completed,3,-861,111.801531110995,101327.4929332281,0.0
2020-06-11,LOW,take_profit,False,Canceled,2,0,0.0,0.0,0.0
2020-06-11,WAT,stop_loss,False,Completed,3,-500,190.59,100405.0,0.0
2020-06-11,WAT,take_profit,False,Canceled,2,0,0.0,0.0,0.0
2020-06-12,GNRC,stop_loss,False,Completed,3,-904,106.02,100886.4,0.0
2020-06-12,GNRC,take_profit,False,Canceled,2,0,0.0,0.0,0.0
2020-07-02,LMT,stop_loss,False,Canceled,3,0,0.0,0.0,0.0
2020-07-02,LMT,take_profit,False,Canceled,2,0,0.0,0.0,0.0
2020-07-02,CLX,rebalance_entry,True,Completed,0,551,182.3473206533,100473.3736799683,0.0
2020-07-02,EBAY,rebalance_entry,True,Completed,0,2085,48.5208904194,101166.056524449,0.0
2020-07-02,GNRC,rebalance_entry,True,Completed,0,825,121.94,100600.5,0.0
2020-07-02,IDXX,rebalance_entry,True,Completed,0,298,338.76,100950.48,0.0
2020-07-02,KR,rebalance_entry,True,Completed,0,3383,29.5586267163,99996.8341812429,0.0
2020-07-02,LLY,rebalance_entry,True,Completed,0,653,153.6465264152,100331.1817491256,0.0
2020-07-02,LOW,rebalance_entry,True,Completed,0,821,123.1412186777,101098.9405343917,0.0
2020-07-06,LMT,rebalance_exit,False,Completed,0,-349,311.4834932424,98833.44010416369,0.0
2020-07-30,ORLY,take_profit,False,Completed,2,-3985,32.47746666671,99555.9266667995,0.0
2020-07-30,ORLY,stop_loss,False,Canceled,3,0,0.0,0.0,0.0
2020-07-30,LLY,stop_loss,False,Completed,3,-653,145.96420009443997,100331.1817491256,0.0
2020-07-30,LLY,take_profit,False,Canceled,2,0,0.0,0.0,0.0
2020-08-03,GNRC,take_profit,False,Completed,2,-825,159.1,100600.5,0.0
2020-08-03,GNRC,stop_loss,False,Canceled,3,0,0.0,0.0,0.0
2020-08-04,CLX,stop_loss,False,Canceled,3,0,0.0,0.0,0.0
2020-08-04,CLX,take_profit,False,Canceled,2,0,0.0,0.0,0.0
2020-08-04,EBAY,stop_loss,False,Canceled,3,0,0.0,0.0,0.0
2020-08-04,EBAY,take_profit,False,Canceled,2,0,0.0,0.0,0.0
2020-08-04,IDXX,stop_loss,False,Canceled,3,0,0.0,0.0,0.0
2020-08-04,IDXX,take_profit,False,Canceled,2,0,0.0,0.0,0.0
2020-08-04,KR,stop_loss,False,Canceled,3,0,0.0,0.0,0.0
2020-08-04,KR,take_profit,False,Canceled,2,0,0.0,0.0,0.0
2020-08-04,MCO,stop_loss,False,Canceled,3,0,0.0,0.0,0.0
2020-08-04,MCO,take_profit,False,Canceled,2,0,0.0,0.0,0.0
2020-08-04,AMD,rebalance_entry,True,Completed,0,1287,78.03,100424.61,0.0
2020-08-04,DVA,rebalance_entry,True,Completed,0,1146,86.63,99277.98,0.0
2020-08-04,GNRC,rebalance_entry,True,Completed,0,614,161.68,99271.52,0.0
2020-08-04,LRCX,rebalance_entry,True,Completed,0,2788,35.9330797674,100181.42639151121,0.0
2020-08-04,MPWR,rebalance_entry,True,Completed,0,388,256.9634175329,99701.8060027652,0.0
2020-08-04,NVDA,rebalance_entry,True,Completed,0,9113,11.0124512456,100356.46820115279,0.0
2020-08-04,ORLY,rebalance_entry,True,Completed,0,3165,31.334,99172.11,0.0
2020-08-04,QCOM,rebalance_entry,True,Completed,0,1032,96.7561086041,99852.30407943121,0.0
2020-08-05,CLX,rebalance_exit,False,Completed,0,-551,197.6104821414,100473.3736799683,0.0
2020-08-05,EBAY,rebalance_exit,False,Completed,0,-2085,51.1284695275,101166.056524449,0.0
2020-08-05,IDXX,rebalance_exit,False,Completed,0,-298,393.12,100950.48,0.0
2020-08-05,KR,rebalance_exit,False,Completed,0,-3383,30.9586331648,99996.8341812429,0.0
2020-08-05,MCO,rebalance_exit,False,Completed,0,-436,261.6890624413,98615.6345498,0.0
2020-08-06,DVA,stop_loss,False,Completed,3,-1146,82.29849999999999,99277.98,0.0
2020-08-06,DVA,take_profit,False,Canceled,2,0,0.0,0.0,0.0
2020-08-20,LRCX,stop_loss,False,Completed,3,-2788,33.8570883464,100181.42639151121,0.0
2020-08-20,LRCX,take_profit,False,Canceled,2,0,0.0,0.0,0.0
2020-08-26,SPGI,take_profit,False,Completed,2,-368,349.61661483307006,98968.3955835152,0.0
2020-08-26,SPGI,stop_loss,False,Canceled,3,0,0.0,0.0,0.0
2020-09-02,AMD,stop_loss,False,Canceled,3,0,0.0,0.0,0.0
2020-09-02,AMD,take_profit,False,Canceled,2,0,0.0,0.0,0.0
2020-09-02,GNRC,stop_loss,False,Canceled,3,0,0.0,0.0,0.0
2020-09-02,GNRC,take_profit,False,Canceled,2,0,0.0,0.0,0.0
2020-09-02,MPWR,stop_loss,False,Canceled,3,0,0.0,0.0,0.0
2020-09-02,MPWR,take_profit,False,Canceled,2,0,0.0,0.0,0.0
2020-09-02,NVDA,stop_loss,False,Canceled,3,0,0.0,0.0,0.0
2020-09-02,NVDA,take_profit,False,Canceled,2,0,0.0,0.0,0.0
2020-09-02,ORLY,stop_loss,False,Canceled,3,0,0.0,0.0,0.0
2020-09-02,ORLY,take_profit,False,Canceled,2,0,0.0,0.0,0.0
2020-09-02,QCOM,stop_loss,False,Canceled,3,0,0.0,0.0,0.0
2020-09-02,QCOM,take_profit,False,Canceled,2,0,0.0,0.0,0.0
2020-09-02,AAPL,rebalance_entry,True,Completed,0,768,133.4708198694,102505.58965969921,0.0
2020-09-02,ALGN,rebalance_entry,True,Completed,0,327,307.72,100624.44,0.0
2020-09-02,BLDR,rebalance_entry,True,Completed,0,3228,31.050000000000004,100229.40000000001,0.0
2020-09-02,CRM,rebalance_entry,True,Completed,0,360,279.3068441348,100550.46388852799,0.0
2020-09-02,GEN,rebalance_entry,True,Completed,0,4738,21.1920687357,100408.02166974661,0.0
2020-09-02,MA,rebalance_entry,True,Completed,0,289,345.9490801013,99979.2841492757,0.0
2020-09-02,MCO,rebalance_entry,True,Completed,0,355,282.8887771265,100425.51587990749,0.0
2020-09-02,NTAP,rebalance_entry,True,Completed,0,2466,40.6852763595,100329.891502527,0.0
2020-09-02,SPGI,rebalance_entry,True,Completed,0,284,352.7846322794,100190.8355673496,0.0
2020-09-03,AAPL,stop_loss,False,Completed,3,-768,123.1105585408,102505.58965969921,0.0
2020-09-03,AAPL,take_profit,False,Canceled,2,0,0.0,0.0,0.0
2020-09-03,CRM,stop_loss,False,Completed,3,-360,265.34150192806,100550.46388852799,0.0
2020-09-03,CRM,take_profit,False,Canceled,2,0,0.0,0.0,0.0
2020-09-03,GEN,stop_loss,False,Completed,3,-4738,20.132465298915,100408.02166974661,0.0
2020-09-03,GEN,take_profit,False,Canceled,2,0,0.0,0.0,0.0
2020-09-03,AMD,rebalance_exit,False,Completed,0,-1287,87.84,100424.61,0.0
2020-09-03,GNRC,rebalance_exit,False,Completed,0,-614,189.0,99271.52,0.0
2020-09-03,MPWR,rebalance_exit,False,Completed,0,-388,267.1264089867,99701.8060027652,0.0
2020-09-03,NVDA,rebalance_exit,False,Completed,0,-9113,13.7856328389,100356.46820115279,0.0
2020-09-03,ORLY,rebalance_exit,False,Completed,0,-3165,32.174,99172.11,0.0
2020-09-03,QCOM,rebalance_exit,False,Completed,0,-1032,107.7582206681,99852.30407943121,0.0
2020-09-04,BLDR,stop_loss,False,Completed,3,-3228,29.497500000000002,100229.40000000001,0.0
2020-09-04,BLDR,take_profit,False,Canceled,2,0,0.0,0.0,0.0
2020-09-04,MA,stop_loss,False,Completed,3,-289,328.651626096235,99979.2841492757,0.0
2020-09-04,MA,take_profit,False,Canceled,2,0,0.0,0.0,0.0
2020-09-04,MCO,stop_loss,False,Completed,3,-355,268.744338270175,100425.51587990749,0.0
2020-09-04,MCO,take_profit,False,Canceled,2,0,0.0,0.0,0.0
2020-09-04,SPGI,stop_loss,False,Completed,3,-284,335.14540066543,100190.8355673496,0.0
2020-09-04,SPGI,take_profit,False,Canceled,2,0,0.0,0.0,0.0
2020-09-10,NTAP,stop_loss,False,Completed,3,-2466,38.651012541525,100329.891502527,0.0
2020-09-10,NTAP,take_profit,False,Canceled,2,0,0.0,0.0,0.0
2020-10-02,AAPL,rebalance_entry,True,Completed,0,882,109.5102903922,96588.0761259204,0.0
2020-10-02,EBAY,rebalance_entry,True,Completed,0,2102,46.8646622353,98509.52001860061,0.0
2020-10-02,GNRC,rebalance_entry,True,Completed,0,509,191.27,97356.43000000001,0.0
2020-10-02,IDXX,rebalance_entry,True,Completed,0,253,389.7,98594.09999999999,0.0
2020-10-02,MCO,rebalance_entry,True,Completed,0,358,275.4856005423,98623.84499414341,0.0
2020-10-02,NTAP,rebalance_entry,True,Completed,0,2684,36.620223128,98288.678875552,0.0
2020-10-02,ORLY,rebalance_entry,True,Completed,0,3235,30.55,98829.25,0.0
2020-10-02,SPGI,rebalance_entry,True,Completed,0,288,342.9961787929,98782.89949235521,0.0
2020-10-16,LOW,take_profit,False,Completed,2,-821,160.08358428101,101098.9405343917,0.0
2020-10-16,LOW,stop_loss,False,Canceled,3,0,0.0,0.0,0.0
2020-10-19,SPGI,stop_loss,False,Completed,3,-288,325.846369853255,98782.89949235521,0.0
2020-10-19,SPGI,take_profit,False,Canceled,2,0,0.0,0.0,0.0
2020-10-22,ALGN,take_profit,False,Completed,2,-327,424.31999999999994,100624.44,0.0
2020-10-22,ALGN,stop_loss,False,Canceled,3,0,0.0,0.0,0.0
2020-10-22,MCO,stop_loss,False,Completed,3,-358,261.711320515185,98623.84499414341,0.0
2020-10-22,MCO,take_profit,False,Canceled,2,0,0.0,0.0,0.0
2020-10-29,EBAY,stop_loss,False,Completed,3,-2102,44.521429123535,98509.52001860061,0.0
2020-10-29,EBAY,take_profit,False,Canceled,2,0,0.0,0.0,0.0
2020-10-30,ORLY,stop_loss,False,Completed,3,-3235,28.7506666667,98829.25,0.0
2020-10-30,ORLY,take_profit,False,Canceled,2,0,0.0,0.0,0.0
2020-11-03,AAPL,stop_loss,False,Canceled,3,0,0.0,0.0,0.0
2020-11-03,AAPL,take_profit,False,Canceled,2,0,0.0,0.0,0.0
2020-11-03,NTAP,stop_loss,False,Canceled,3,0,0.0,0.0,0.0
2020-11-03,NTAP,take_profit,False,Canceled,2,0,0.0,0.0,0.0
2020-11-03,ALGN,rebalance_entry,True,Completed,0,218,460.23,100330.14,0.0
2020-11-03,CL,rebalance_entry,True,Completed,0,1419,71.0558542418,100828.25716911421,0.0
2020-11-03,EBAY,rebalance_entry,True,Completed,0,2300,43.5865876244,100249.15153612001,0.0
2020-11-03,KMB,rebalance_entry,True,Completed,0,911,110.2748805752,100460.4162040072,0.0
2020-11-03,LOW,rebalance_entry,True,Completed,0,690,146.7376925681,101249.00787198899,0.0
2020-11-03,ORLY,rebalance_entry,True,Completed,0,3397,29.6653333333,100773.1373332201,0.0
2020-11-03,POOL,rebalance_entry,True,Completed,0,301,334.7251030077,100752.2560053177,0.0
2020-11-03,SPGI,rebalance_entry,True,Completed,0,319,316.4043723397,100932.9947763643,0.0
2020-11-04,AAPL,rebalance_exit,False,Completed,0,-882,110.7228677949,96588.0761259204,0.0
2020-11-04,NTAP,rebalance_exit,False,Completed,0,-2684,39.948982006,98288.678875552,0.0
2020-11-09,LOW,stop_loss,False,Completed,3,-690,139.40080793969497,101249.00787198899,0.0
2020-11-09,LOW,take_profit,False,Canceled,2,0,0.0,0.0,0.0
2020-11-09,POOL,stop_loss,False,Completed,3,-301,317.98884785731497,100752.2560053177,0.0
2020-11-09,POOL,take_profit,False,Canceled,2,0,0.0,0.0,0.0
2020-11-10,EBAY,stop_loss,False,Completed,3,-2300,41.40725824318,100249.15153612001,0.0
2020-11-10,EBAY,take_profit,False,Canceled,2,0,0.0,0.0,0.0
2020-12-02,GNRC,stop_loss,False,Canceled,3,0,0.0,0.0,0.0
2020-12-02,GNRC,take_profit,False,Canceled,2,0,0.0,0.0,0.0
2020-12-02,IDXX,stop_loss,False,Canceled,3,0,0.0,0.0,0.0
2020-12-02,IDXX,take_profit,False,Canceled,2,0,0.0,0.0,0.0
2020-12-02,ABBV,rebalance_entry,True,Completed,0,1188,84.1235210459,99938.74300252921,0.0
2020-12-02,EBAY,rebalance_entry,True,Completed,0,2172,46.0204313897,99956.3769784284,0.0
2020-12-02,FSLR,rebalance_entry,True,Completed,0,1098,89.92,98732.16,0.0
2020-12-02,NRG,rebalance_entry,True,Completed,0,3489,28.5946644405,99766.78423290451,0.0
2020-12-02,NTAP,rebalance_entry,True,Completed,0,2103,50.7743487249,106778.4553684647,0.0
2020-12-03,GNRC,rebalance_exit,False,Completed,0,-509,209.68,97356.43000000001,0.0
2020-12-03,IDXX,rebalance_exit,False,Completed,0,-253,463.85,98594.09999999999,0.0
2020-12-09,FSLR,stop_loss,False,Completed,3,-1098,85.42399999999999,98732.16,0.0
2020-12-09,FSLR,take_profit,False,Canceled,2,0,0.0,0.0,0.0
2020-12-21,SPGI,stop_loss,False,Completed,3,-319,300.584153722715,100932.9947763643,0.0
2020-12-21,SPGI,take_profit,False,Canceled,2,0,0.0,0.0,0.0
2021-01-05,ABBV,stop_loss,False,Canceled,3,0,0.0,0.0,0.0
2021-01-05,ABBV,take_profit,False,Canceled,2,0,0.0,0.0,0.0
2021-01-05,KMB,stop_loss,False,Canceled,3,0,0.0,0.0,0.0
2021-01-05,KMB,take_profit,False,Canceled,2,0,0.0,0.0,0.0
2021-01-05,NRG,stop_loss,False,Canceled,3,0,0.0,0.0,0.0
2021-01-05,NRG,take_profit,False,Canceled,2,0,0.0,0.0,0.0
2021-01-05,ORLY,stop_loss,False,Canceled,3,0,0.0,0.0,0.0
2021-01-05,ORLY,take_profit,False,Canceled,2,0,0.0,0.0,0.0
2021-01-05,AAPL,rebalance_entry,True,Completed,0,795,125.2472337344,99571.550818848,0.0
2021-01-05,BLDR,rebalance_entry,True,Completed,0,2510,39.53,99220.3,0.0
2021-01-05,FCX,rebalance_entry,True,Completed,0,3931,25.438179377,99997.483130987,0.0
2021-01-05,IDXX,rebalance_entry,True,Completed,0,203,488.91,99248.73000000001,0.0
2021-01-05,QCOM,rebalance_entry,True,Completed,0,754,132.627215304,100000.920339216,0.0
2021-01-05,SPGI,rebalance_entry,True,Completed,0,314,316.8572227136,99493.1679320704,0.0
2021-01-06,ABBV,rebalance_exit,False,Completed,0,-1188,84.7301810535,99938.74300252921,0.0
2021-01-06,KMB,rebalance_exit,False,Completed,0,-911,110.01198231299999,100460.4162040072,0.0
2021-01-06,NRG,rebalance_exit,False,Completed,0,-3489,32.0047220503,99766.78423290451,0.0
2021-01-06,ORLY,rebalance_exit,False,Completed,0,-3397,29.944,100773.1373332201,0.0
2021-01-12,SPGI,stop_loss,False,Completed,3,-314,301.01436157791994,99493.1679320704,0.0
2021-01-12,SPGI,take_profit,False,Canceled,2,0,0.0,0.0,0.0
2021-01-27,FCX,stop_loss,False,Completed,3,-3931,24.166270408149998,99997.483130987,0.0
2021-01-27,FCX,take_profit,False,Canceled,2,0,0.0,0.0,0.0
2021-01-27,IDXX,stop_loss,False,Completed,3,-203,464.4645,99248.73000000001,0.0
2021-01-27,IDXX,take_profit,False,Canceled,2,0,0.0,0.0,0.0
2021-01-29,BLDR,stop_loss,False,Completed,3,-2510,37.5535,99220.3,0.0
2021-01-29,BLDR,take_profit,False,Canceled,2,0,0.0,0.0,0.0
2021-02-02,AAPL,stop_loss,False,Canceled,3,0,0.0,0.0,0.0
2021-02-02,AAPL,take_profit,False,Canceled,2,0,0.0,0.0,0.0
2021-02-02,CL,stop_loss,False,Canceled,3,0,0.0,0.0,0.0
2021-02-02,CL,take_profit,False,Canceled,2,0,0.0,0.0,0.0
2021-02-02,COHR,rebalance_entry,True,Completed,0,1145,89.82,102843.9,0.0
2021-02-02,FCX,rebalance_entry,True,Completed,0,3779,26.5160683336,100204.2222326744,0.0
2021-02-02,IDXX,rebalance_entry,True,Completed,0,203,504.344,102381.832,0.0
2021-02-02,NRG,rebalance_entry,True,Completed,0,2735,36.7055937167,100389.79881517451,0.0
2021-02-02,TTD,rebalance_entry,True,Completed,0,1260,81.0,102060.0,0.0
2021-02-02,WSM,rebalance_entry,True,Completed,0,1759,56.7622079749,99844.7238278491,0.0
2021-02-03,AAPL,rebalance_exit,False,Completed,0,-795,131.9230696856,99571.550818848,0.0
2021-02-03,CL,rebalance_exit,False,Completed,0,-1419,69.7947693203,100828.25716911421,0.0
2021-02-04,ALGN,take_profit,False,Completed,2,-218,607.5,100330.14,0.0
2021-02-04,ALGN,stop_loss,False,Canceled,3,0,0.0,0.0,0.0
2021-02-16,NRG,stop_loss,False,Completed,3,-2735,34.870314030864996,100389.79881517451,0.0
2021-02-16,NRG,take_profit,False,Canceled,2,0,0.0,0.0,0.0
2021-02-19,FCX,take_profit,False,Completed,2,-3779,34.47088883368,100204.2222326744,0.0
2021-02-19,FCX,stop_loss,False,Canceled,3,0,0.0,0.0,0.0
2021-02-22,QCOM,stop_loss,False,Completed,3,-754,125.9958545388,100000.920339216,0.0
2021-02-22,QCOM,take_profit,False,Canceled,2,0,0.0,0.0,0.0
2021-02-23,COHR,stop_loss,False,Completed,3,-1145,84.55,102843.9,0.0
2021-02-23,COHR,take_profit,False,Canceled,2,0,0.0,0.0,0.0
2021-02-23,TTD,stop_loss,False,Completed,3,-1260,76.95,102060.0,0.0
2021-02-23,TTD,take_profit,False,Canceled,2,0,0.0,0.0,0.0
2021-02-23,WSM,stop_loss,False,Completed,3,-1759,53.924097576155,99844.7238278491,0.0
2021-02-23,WSM,take_profit,False,Canceled,2,0,0.0,0.0,0.0
2021-03-02,EBAY,stop_loss,False,Canceled,3,0,0.0,0.0,0.0
2021-03-02,EBAY,take_profit,False,Canceled,2,0,0.0,0.0,0.0
2021-03-02,ALGN,rebalance_entry,True,Completed,0,176,565.0,99440.0,0.0
2021-03-02,COHR,rebalance_entry,True,Completed,0,1151,87.84,101103.84000000001,0.0
2021-03-02,FCX,rebalance_entry,True,Completed,0,3057,32.7865701771,100228.54503139471,0.0
2021-03-02,GNRC,rebalance_entry,True,Completed,0,288,345.9,99619.2,0.0
2021-03-02,MOS,rebalance_entry,True,Completed,0,3683,27.294671420899995,100526.27484317469,0.0
2021-03-02,TER,rebalance_entry,True,Completed,0,761,131.0573403071,99734.63597370309,0.0
2021-03-02,TPL,rebalance_entry,True,Completed,0,865,115.6050621274,99998.378740201,0.0
2021-03-02,ZBRA,rebalance_entry,True,Completed,0,195,516.785,100773.075,0.0
2021-03-03,ALGN,stop_loss,False,Completed,3,-176,536.75,99440.0,0.0
2021-03-03,ALGN,take_profit,False,Canceled,2,0,0.0,0.0,0.0
2021-03-03,COHR,stop_loss,False,Completed,3,-1151,83.448,101103.84000000001,0.0
2021-03-03,COHR,take_profit,False,Canceled,2,0,0.0,0.0,0.0
2021-03-03,GNRC,stop_loss,False,Completed,3,-288,328.60499999999996,99619.2,0.0
2021-03-03,GNRC,take_profit,False,Canceled,2,0,0.0,0.0,0.0
2021-03-03,TER,stop_loss,False,Completed,3,-761,124.1002777562,99734.63597370309,0.0
2021-03-03,TER,take_profit,False,Canceled,2,0,0.0,0.0,0.0
2021-03-03,ZBRA,stop_loss,False,Completed,3,-195,490.9457499999999,100773.075,0.0
2021-03-03,ZBRA,take_profit,False,Canceled,2,0,0.0,0.0,0.0
2021-03-03,EBAY,rebalance_exit,False,Completed,0,-2172,51.8422063559,99956.3769784284,0.0
2021-03-04,FCX,stop_loss,False,Completed,3,-3057,31.147241668245,100228.54503139471,0.0
2021-03-04,FCX,take_profit,False,Canceled,2,0,0.0,0.0,0.0
2021-03-04,MOS,stop_loss,False,Completed,3,-3683,25.929937849854994,100526.27484317469,0.0
2021-03-04,MOS,take_profit,False,Canceled,2,0,0.0,0.0,0.0
2021-03-05,IDXX,stop_loss,False,Completed,3,-203,479.1268,102381.832,0.0
2021-03-05,IDXX,take_profit,False,Canceled,2,0,0.0,0.0,0.0
2021-03-12,TPL,take_profit,False,Completed,2,-865,150.28658076562002,99998.378740201,0.0
2021-03-12,TPL,stop_loss,False,Canceled,3,0,0.0,0.0,0.0
2021-03-26,NTAP,take_profit,False,Completed,2,-2103,66.00665334237,106778.4553684647,0.0
2021-03-26,NTAP,stop_loss,False,Canceled,3,0,0.0,0.0,0.0
2021-04-05,ADSK,rebalance_entry,True,Completed,0,352,285.74,100580.48000000001,0.0
2021-04-05,CL,rebalance_entry,True,Completed,0,1440,69.5562302353,100160.971538832,0.0
2021-04-05,FCX,rebalance_entry,True,Completed,0,3160,32.5522464909,102865.09891124401,0.0
2021-04-05,HD,rebalance_entry,True,Completed,0,367,274.0953894422,100593.00792528738,0.0
2021-04-05,ORLY,rebalance_entry,True,Completed,0,2953,34.0666666667,100598.8666667651,0.0
2021-04-05,SPGI,rebalance_entry,True,Completed,0,288,347.6853621847,100133.3843091936,0.0
2021-04-05,TPL,rebalance_entry,True,Completed,0,598,168.0062619971,100467.7446742658,0.0
2021-04-05,TPR,rebalance_entry,True,Completed,0,2766,36.6783377859,101452.2823157994,0.0
2021-04-05,TRGP,rebalance_entry,True,Completed,0,3462,28.8486773805,99874.121091291,0.0
2021-04-05,WSM,rebalance_entry,True,Completed,0,1212,82.9207636258,100499.9655144696,0.0
2021-04-13,WSM,stop_loss,False,Completed,3,-1212,78.77472544451,100499.9655144696,0.0
2021-04-13,WSM,take_profit,False,Canceled,2,0,0.0,0.0,0.0
2021-04-20,TPL,stop_loss,False,Completed,3,-598,159.605948897245,100467.7446742658,0.0
2021-04-20,TPL,take_profit,False,Canceled,2,0,0.0,0.0,0.0
2021-05-04,CL,stop_loss,False,Canceled,3,0,0.0,0.0,0.0
2021-05-04,CL,take_profit,False,Canceled,2,0,0.0,0.0,0.0
2021-05-04,FCX,stop_loss,False,Canceled,3,0,0.0,0.0,0.0
2021-05-04,FCX,take_profit,False,Canceled,2,0,0.0,0.0,0.0
2021-05-04,SPGI,stop_loss,False,Canceled,3,0,0.0,0.0,0.0
2021-05-04,SPGI,take_profit,False,Canceled,2,0,0.0,0.0,0.0
2021-05-04,TRGP,stop_loss,False,Canceled,3,0,0.0,0.0,0.0
2021-05-04,TRGP,take_profit,False,Canceled,2,0,0.0,0.0,0.0
2021-05-04,ALGN,rebalance_entry,True,Completed,0,166,594.18,98633.87999999999,0.0
2021-05-04,COHR,rebalance_entry,True,Completed,0,1491,66.01,98420.91,0.0
2021-05-04,MAS,rebalance_entry,True,Completed,0,1690,58.8930480891,99529.251270579,0.0
2021-05-04,MOS,rebalance_entry,True,Completed,0,3224,29.0288276473,93588.9403348952,0.0
2021-05-04,NTAP,rebalance_entry,True,Completed,0,1512,65.9186255711,99668.9618635032,0.0
2021-05-04,TPL,rebalance_entry,True,Completed,0,594,168.0282031134,99808.7526493596,0.0
2021-05-05,CL,rebalance_exit,False,Completed,0,-1440,71.9132591901,100160.971538832,0.0
2021-05-05,FCX,rebalance_exit,False,Completed,0,-3160,37.5034846846,102865.09891124401,0.0
2021-05-05,SPGI,rebalance_exit,False,Completed,0,-288,380.9988275041,100133.3843091936,0.0
2021-05-05,TRGP,rebalance_exit,False,Completed,0,-3462,32.478085336,99874.121091291,0.0
2021-05-06,ALGN,stop_loss,False,Completed,3,-166,564.4709999999999,98633.87999999999,0.0
2021-05-06,ALGN,take_profit,False,Canceled,2,0,0.0,0.0,0.0
2021-05-06,COHR,stop_loss,False,Completed,3,-1491,59.82,98420.91,0.0
2021-05-06,COHR,take_profit,False,Canceled,2,0,0.0,0.0,0.0
2021-05-11,ADSK,stop_loss,False,Completed,3,-352,269.0,100580.48000000001,0.0
2021-05-11,ADSK,take_profit,False,Canceled,2,0,0.0,0.0,0.0
2021-05-18,MAS,stop_loss,False,Completed,3,-1690,55.94839568464499,99529.251270579,0.0
2021-05-18,MAS,take_profit,False,Canceled,2,0,0.0,0.0,0.0
2021-05-19,TPL,stop_loss,False,Completed,3,-594,159.62679295772998,99808.7526493596,0.0
2021-05-19,TPL,take_profit,False,Canceled,2,0,0.0,0.0,0.0
2021-06-02,CL,rebalance_entry,True,Completed,0,1364,73.5300860181,100295.03732868838,0.0
2021-06-02,FCX,rebalance_entry,True,Completed,0,2408,41.3261539224,99513.37864513921,0.0
2021-06-02,MAS,rebalance_entry,True,Completed,0,1810,55.2940784367,100082.281970427,0.0
2021-06-02,TPL,rebalance_entry,True,Completed,0,638,155.634606846,99294.879167748,0.0
2021-06-02,WAT,rebalance_entry,True,Completed,0,313,318.6,99721.8,0.0
2021-06-03,FCX,stop_loss,False,Completed,3,-2408,39.259846226280004,99513.37864513921,0.0
2021-06-03,FCX,take_profit,False,Canceled,2,0,0.0,0.0,0.0
2021-06-17,MOS,stop_loss,False,Completed,3,-3224,27.577386264935,93588.9403348952,0.0
2021-06-17,MOS,take_profit,False,Canceled,2,0,0.0,0.0,0.0
2021-06-23,MAS,stop_loss,False,Completed,3,-1810,52.529374514865,100082.281970427,0.0
2021-06-23,MAS,take_profit,False,Canceled,2,0,0.0,0.0,0.0
2021-07-02,TPL,stop_loss,False,Canceled,3,0,0.0,0.0,0.0
2021-07-02,TPL,take_profit,False,Canceled,2,0,0.0,0.0,0.0
2021-07-02,TPR,stop_loss,False,Canceled,3,0,0.0,0.0,0.0
2021-07-02,TPR,take_profit,False,Canceled,2,0,0.0,0.0,0.0
2021-07-02,GDDY,rebalance_entry,True,Completed,0,1130,89.0,100570.0,0.0
2021-07-02,MAS,rebalance_entry,True,Completed,0,1865,53.580663776,99927.93794224001,0.0
2021-07-02,MOS,rebalance_entry,True,Completed,0,3546,28.2001213795,99997.630411707,0.0
2021-07-02,SPGI,rebalance_entry,True,Completed,0,252,396.3060683359,99869.1292206468,0.0
2021-07-02,TRGP,rebalance_entry,True,Completed,0,2474,40.2027980472,99461.7223687728,0.0
2021-07-06,MOS,stop_loss,False,Completed,3,-3546,26.790115310525,99997.630411707,0.0
2021-07-06,MOS,take_profit,False,Canceled,2,0,0.0,0.0,0.0
2021-07-06,TPL,rebalance_exit,False,Completed,0,-638,167.4566244502,99294.879167748,0.0
2021-07-06,TPR,rebalance_exit,False,Completed,0,-2766,37.4977193411,101452.2823157994,0.0
2021-07-08,TRGP,stop_loss,False,Completed,3,-2474,38.192658144839996,99461.7223687728,0.0
2021-07-08,TRGP,take_profit,False,Canceled,2,0,0.0,0.0,0.0
2021-07-15,GDDY,stop_loss,False,Completed,3,-1130,84.55,100570.0,0.0
2021-07-15,GDDY,take_profit,False,Canceled,2,0,0.0,0.0,0.0
2021-08-03,SPGI,stop_loss,False,Canceled,3,0,0.0,0.0,0.0
2021-08-03,SPGI,take_profit,False,Canceled,2,0,0.0,0.0,0.0
2021-08-03,GDDY,rebalance_entry,True,Completed,0,1176,85.02,99983.51999999999,0.0
2021-08-03,GNRC,rebalance_entry,True,Completed,0,250,403.12,100780.0,0.0
2021-08-03,KMB,rebalance_entry,True,Completed,0,886,111.9293731437,99169.4246053182,0.0
2021-08-03,LOW,rebalance_entry,True,Completed,0,573,174.9761153524,100261.3140969252,0.0
2021-08-04,CL,stop_loss,False,Completed,3,-1364,69.85358171719498,100295.03732868838,0.0
2021-08-04,CL,take_profit,False,Canceled,2,0,0.0,0.0,0.0
2021-08-04,SPGI,rebalance_exit,False,Completed,0,-252,418.2724460798,99869.1292206468,0.0
2021-08-05,GDDY,stop_loss,False,Completed,3,-1176,75.0,99983.51999999999,0.0
2021-08-05,GDDY,take_profit,False,Canceled,2,0,0.0,0.0,0.0
2021-08-30,WAT,take_profit,False,Completed,2,-313,414.18000000000006,99721.8,0.0
2021-08-30,WAT,stop_loss,False,Canceled,3,0,0.0,0.0,0.0
2021-09-02,GNRC,stop_loss,False,Canceled,3,0,0.0,0.0,0.0
2021-09-02,GNRC,take_profit,False,Canceled,2,0,0.0,0.0,0.0
2021-09-02,KMB,stop_loss,False,Canceled,3,0,0.0,0.0,0.0
2021-09-02,KMB,take_profit,False,Canceled,2,0,0.0,0.0,0.0
2021-09-02,NTAP,stop_loss,False,Canceled,3,0,0.0,0.0,0.0
2021-09-02,NTAP,take_profit,False,Canceled,2,0,0.0,0.0,0.0
2021-09-02,CL,rebalance_entry,True,Completed,0,1429,69.9644257022,99979.1643284438,0.0
2021-09-02,NUE,rebalance_entry,True,Completed,0,924,108.5770726128,100325.2150942272,0.0
2021-09-02,STLD,rebalance_entry,True,Completed,0,1604,62.6208147633,100443.7868803332,0.0
2021-09-02,TPL,rebalance_entry,True,Completed,0,705,141.9574381152,100079.99387121601,0.0
2021-09-02,TPR,rebalance_entry,True,Completed,0,2799,35.7532295785,100073.2895902215,0.0
2021-09-02,WAT,rebalance_entry,True,Completed,0,240,419.0,100560.0,0.0
2021-09-03,TPL,stop_loss,False,Completed,3,-705,134.85956620944,100079.99387121601,0.0
2021-09-03,TPL,take_profit,False,Canceled,2,0,0.0,0.0,0.0
2021-09-03,GNRC,rebalance_exit,False,Completed,0,-250,451.51,100780.0,0.0
2021-09-03,KMB,rebalance_exit,False,Completed,0,-886,117.5400779175,99169.4246053182,0.0
2021-09-03,NTAP,rebalance_exit,False,Completed,0,-1512,80.5216614591,99668.9618635032,0.0
2021-09-13,NUE,stop_loss,False,Completed,3,-924,103.14821898215999,100325.2150942272,0.0
2021-09-13,NUE,take_profit,False,Canceled,2,0,0.0,0.0,0.0
2021-09-13,STLD,stop_loss,False,Completed,3,-1604,59.489774025134984,100443.7868803332,0.0
2021-09-13,STLD,take_profit,False,Canceled,2,0,0.0,0.0,0.0
2021-09-16,WAT,stop_loss,False,Completed,3,-240,398.04999999999995,100560.0,0.0
2021-09-16,WAT,take_profit,False,Canceled,2,0,0.0,0.0,0.0
2021-09-20,TPR,stop_loss,False,Completed,3,-2799,33.965568099574995,100073.2895902215,0.0
2021-09-20,TPR,take_profit,False,Canceled,2,0,0.0,0.0,0.0
2021-09-28,MAS,stop_loss,False,Completed,3,-1865,50.901630587199996,99927.93794224001,0.0
2021-09-28,MAS,take_profit,False,Canceled,2,0,0.0,0.0,0.0
2021-10-04,BX,rebalance_entry,True,Completed,0,1018,95.7633147248,97487.0543898464,0.0
2021-10-04,COR,rebalance_entry,True,Completed,0,885,113.1363825624,100125.698567724,0.0
2021-10-04,ORCL,rebalance_entry,True,Completed,0,1188,83.9262557295,99704.391806646,0.0
2021-10-04,SPG,rebalance_entry,True,Completed,0,959,103.879141861,99620.097044699,0.0
2021-10-04,TPL,rebalance_entry,True,Completed,0,812,124.5157128231,101106.7588123572,0.0
2021-10-04,WAT,rebalance_entry,True,Completed,0,281,352.83,99145.23,0.0
2021-10-05,CL,stop_loss,False,Completed,3,-1429,66.46620441709,99979.1643284438,0.0
2021-10-05,CL,take_profit,False,Canceled,2,0,0.0,0.0,0.0
2021-10-12,WAT,stop_loss,False,Completed,3,-281,335.1885,99145.23,0.0
2021-10-12,WAT,take_profit,False,Canceled,2,0,0.0,0.0,0.0
2021-10-22,ORLY,take_profit,False,Completed,2,-2953,44.3013333333,100598.8666667651,0.0
2021-10-22,ORLY,stop_loss,False,Canceled,3,0,0.0,0.0,0.0
2021-11-02,BX,stop_loss,False,Canceled,3,0,0.0,0.0,0.0
2021-11-02,BX,take_profit,False,Canceled,2,0,0.0,0.0,0.0
2021-11-02,SPG,stop_loss,False,Canceled,3,0,0.0,0.0,0.0
2021-11-02,SPG,take_profit,False,Canceled,2,0,0.0,0.0,0.0
2021-11-02,TPL,stop_loss,False,Canceled,3,0,0.0,0.0,0.0
2021-11-02,TPL,take_profit,False,Canceled,2,0,0.0,0.0,0.0
2021-11-02,CL,rebalance_entry,True,Completed,0,1465,68.1013287702,99768.446648343,0.0
2021-11-02,DVN,rebalance_entry,True,Completed,0,2932,33.9112732688,99427.8532241216,0.0
2021-11-02,NTAP,rebalance_entry,True,Completed,0,1232,81.701518371,100656.27063307201,0.0
2021-11-02,ORLY,rebalance_entry,True,Completed,0,2420,41.462,100338.04000000001,0.0
2021-11-02,TRGP,rebalance_entry,True,Completed,0,1975,50.62711570990001,99988.55352705251,0.0
2021-11-02,WAT,rebalance_entry,True,Completed,0,274,350.01,95902.73999999999,0.0
2021-11-03,BX,rebalance_exit,False,Completed,0,-1018,123.0789341769,97487.0543898464,0.0
2021-11-03,SPG,rebalance_exit,False,Completed,0,-959,124.4295034094,99620.097044699,0.0
2021-11-03,TPL,rebalance_exit,False,Completed,0,-812,133.0741354806,101106.7588123572,0.0
2021-11-17,HD,take_profit,False,Completed,2,-367,356.32400627486,100593.00792528738,0.0
2021-11-17,HD,stop_loss,False,Canceled,3,0,0.0,0.0,0.0
2021-11-17,LOW,take_profit,False,Completed,2,-573,229.17075650639998,100261.3140969252,0.0
2021-11-17,LOW,stop_loss,False,Canceled,3,0,0.0,0.0,0.0
2021-11-18,NTAP,stop_loss,False,Completed,3,-1232,77.61644245245,100656.27063307201,0.0
2021-11-18,NTAP,take_profit,False,Canceled,2,0,0.0,0.0,0.0
2021-11-19,TRGP,stop_loss,False,Completed,3,-1975,48.09575992440501,99988.55352705251,0.0
2021-11-19,TRGP,take_profit,False,Canceled,2,0,0.0,0.0,0.0
2021-11-30,WAT,stop_loss,False,Completed,3,-274,332.5095,95902.73999999999,0.0
2021-11-30,WAT,take_profit,False,Canceled,2,0,0.0,0.0,0.0
2021-12-02,CL,stop_loss,False,Canceled,3,0,0.0,0.0,0.0
2021-12-02,CL,take_profit,False,Canceled,2,0,0.0,0.0,0.0
2021-12-02,COR,stop_loss,False,Canceled,3,0,0.0,0.0,0.0
2021-12-02,COR,take_profit,False,Canceled,2,0,0.0,0.0,0.0
2021-12-02,DVN,stop_loss,False,Canceled,3,0,0.0,0.0,0.0
2021-12-02,DVN,take_profit,False,Canceled,2,0,0.0,0.0,0.0
2021-12-02,BX,rebalance_entry,True,Completed,0,849,117.2998580149,99587.5794546501,0.0
2021-12-02,HD,rebalance_entry,True,Completed,0,278,360.6294107359,100254.97618458021,0.0
2021-12-02,IT,rebalance_entry,True,Completed,0,326,306.0,99756.0,0.0
2021-12-02,LOW,rebalance_entry,True,Completed,0,444,226.4117613176,100526.8220250144,0.0
2021-12-02,NUE,rebalance_entry,True,Completed,0,1022,98.532744677,100700.46505989399,0.0
2021-12-02,SPG,rebalance_entry,True,Completed,0,864,117.3836651642,101419.4867018688,0.0
2021-12-02,TRGP,rebalance_entry,True,Completed,0,2170,45.8607182044,99517.758503548,0.0
2021-12-02,WSM,rebalance_entry,True,Completed,0,1169,86.1983071024,100765.82100270559,0.0
2021-12-03,WSM,stop_loss,False,Completed,3,-1169,81.88839174728,100765.82100270559,0.0
2021-12-03,WSM,take_profit,False,Canceled,2,0,0.0,0.0,0.0
2021-12-03,CL,rebalance_exit,False,Completed,0,-1465,68.3079959508,99768.446648343,0.0
2021-12-03,COR,rebalance_exit,False,Completed,0,-885,111.83050405679998,100125.698567724,0.0
2021-12-03,DVN,rebalance_exit,False,Completed,0,-2932,34.4066247222,99427.8532241216,0.0
2021-12-06,BX,stop_loss,False,Completed,3,-849,111.43486511415497,99587.5794546501,0.0
2021-12-06,BX,take_profit,False,Canceled,2,0,0.0,0.0,0.0
2021-12-20,HD,stop_loss,False,Completed,3,-278,342.597940199105,100254.97618458021,0.0
2021-12-20,HD,take_profit,False,Canceled,2,0,0.0,0.0,0.0
2021-12-20,TRGP,stop_loss,False,Completed,3,-2170,43.56768229418,99517.758503548,0.0
2021-12-20,TRGP,take_profit,False,Canceled,2,0,0.0,0.0,0.0
2022-01-04,IT,stop_loss,False,Canceled,3,0,0.0,0.0,0.0
2022-01-04,IT,take_profit,False,Canceled,2,0,0.0,0.0,0.0
2022-01-04,NUE,stop_loss,False,Canceled,3,0,0.0,0.0,0.0
2022-01-04,NUE,take_profit,False,Canceled,2,0,0.0,0.0,0.0
2022-01-04,BX,rebalance_entry,True,Completed,0,923,109.0928859506,100692.73373240381,0.0
2022-01-04,F,rebalance_entry,True,Completed,0,5856,17.6634689327,103437.2740698912,0.0
2022-01-04,FANG,rebalance_entry,True,Completed,0,1095,92.4984687176,101285.823245772,0.0
2022-01-04,HD,rebalance_entry,True,Completed,0,272,366.759419634,99758.56214044799,0.0
2022-01-04,MCK,rebalance_entry,True,Completed,0,412,242.32910631410002,99839.5918014092,0.0
2022-01-04,NVDA,rebalance_entry,True,Completed,0,3326,30.2177096829,100504.10240532541,0.0
2022-01-05,BX,stop_loss,False,Completed,3,-923,103.63824165307,100692.73373240381,0.0
2022-01-05,BX,take_profit,False,Canceled,2,0,0.0,0.0,0.0
2022-01-05,NVDA,stop_loss,False,Completed,3,-3326,28.706824198755,100504.10240532541,0.0
2022-01-05,NVDA,take_profit,False,Canceled,2,0,0.0,0.0,0.0
2022-01-05,IT,rebalance_exit,False,Completed,0,-326,320.77,99756.0,0.0
2022-01-05,NUE,rebalance_exit,False,Completed,0,-1022,111.1108967808,100700.46505989399,0.0
2022-01-10,HD,stop_loss,False,Completed,3,-272,347.696258727,99758.56214044799,0.0
2022-01-10,HD,take_profit,False,Canceled,2,0,0.0,0.0,0.0
2022-01-19,ORCL,stop_loss,False,Completed,3,-1188,79.729942943025,99704.391806646,0.0
2022-01-19,ORCL,take_profit,False,Canceled,2,0,0.0,0.0,0.0
2022-01-20,LOW,stop_loss,False,Completed,3,-444,215.09117325172,100526.8220250144,0.0
2022-01-20,LOW,take_profit,False,Canceled,2,0,0.0,0.0,0.0
2022-01-21,F,stop_loss,False,Completed,3,-5856,16.6359758464,103437.2740698912,0.0
2022-01-21,F,take_profit,False,Canceled,2,0,0.0,0.0,0.0
2022-01-24,SPG,stop_loss,False,Completed,3,-864,111.51448190599,101419.4867018688,0.0
2022-01-24,SPG,take_profit,False,Canceled,2,0,0.0,0.0,0.0
2022-02-02,FANG,stop_loss,False,Canceled,3,0,0.0,0.0,0.0
2022-02-02,FANG,take_profit,False,Canceled,2,0,0.0,0.0,0.0
2022-02-02,CL,rebalance_entry,True,Completed,0,1351,74.1318240695,100152.0943178945,0.0
2022-02-02,F,rebalance_entry,True,Completed,0,6139,16.405769933,100715.021618687,0.0
2022-02-02,HD,rebalance_entry,True,Completed,0,302,330.62557509,99848.92367717999,0.0
2022-02-02,LOW,rebalance_entry,True,Completed,0,456,219.446142767,100067.441101752,0.0
2022-02-02,NUE,rebalance_entry,True,Completed,0,991,100.8989812801,99990.8904485791,0.0
2022-02-02,ORCL,rebalance_entry,True,Completed,0,1306,76.663810537,100122.936561322,0.0
2022-02-02,SPG,rebalance_entry,True,Completed,0,857,117.1285702964,100379.1847440148,0.0
2022-02-02,STX,rebalance_entry,True,Completed,0,1058,94.5335109206,100016.45455399479,0.0
2022-02-03,FANG,rebalance_exit,False,Completed,0,-1095,105.6601738727,101285.823245772,0.0
2022-02-04,F,stop_loss,False,Completed,3,-6139,14.604367516,100715.021618687,0.0
2022-02-04,F,take_profit,False,Canceled,2,0,0.0,0.0,0.0
2022-02-04,LOW,stop_loss,False,Completed,3,-456,208.47383562865,100067.441101752,0.0
2022-02-04,LOW,take_profit,False,Canceled,2,0,0.0,0.0,0.0
2022-02-08,SPG,stop_loss,False,Completed,3,-857,110.6394528285,100379.1847440148,0.0
2022-02-08,SPG,take_profit,False,Canceled,2,0,0.0,0.0,0.0
2022-02-11,HD,stop_loss,False,Completed,3,-302,314.09429633549996,99848.92367717999,0.0
2022-02-11,HD,take_profit,False,Canceled,2,0,0.0,0.0,0.0
2022-02-16,CL,stop_loss,False,Completed,3,-1351,70.425232866025,100152.0943178945,0.0
2022-02-16,CL,take_profit,False,Canceled,2,0,0.0,0.0,0.0
2022-02-17,ORCL,stop_loss,False,Completed,3,-1306,72.83062001015,100122.936561322,0.0
2022-02-17,ORCL,take_profit,False,Canceled,2,0,0.0,0.0,0.0
2022-02-24,STX,stop_loss,False,Completed,3,-1058,87.8242296329,100016.45455399479,0.0
2022-02-24,STX,take_profit,False,Canceled,2,0,0.0,0.0,0.0
2022-03-02,MCK,stop_loss,False,Canceled,3,0,0.0,0.0,0.0
2022-03-02,MCK,take_profit,False,Canceled,2,0,0.0,0.0,0.0
2022-03-02,NUE,stop_loss,False,Canceled,3,0,0.0,0.0,0.0
2022-03-02,NUE,take_profit,False,Canceled,2,0,0.0,0.0,0.0
2022-03-02,BX,rebalance_entry,True,Completed,0,934,108.3271055142,101177.5165502628,0.0
2022-03-02,CL,rebalance_entry,True,Completed,0,1455,68.6302056369,99856.9492016895,0.0
2022-03-02,COR,rebalance_entry,True,Completed,0,733,136.9348687366,100373.25878392781,0.0
2022-03-02,FANG,rebalance_entry,True,Completed,0,895,114.44144673469998,102425.09482755649,0.0
2022-03-02,HD,rebalance_entry,True,Completed,0,347,288.1552938227,99989.8869564769,0.0
2022-03-02,LOW,rebalance_entry,True,Completed,0,490,202.88260799799997,99412.47791901999,0.0
2022-03-02,MTD,rebalance_entry,True,Completed,0,71,1376.46,97728.66,0.0
2022-03-02,ORCL,rebalance_entry,True,Completed,0,1392,72.2147402113,100522.9183741296,0.0
2022-03-02,STX,rebalance_entry,True,Completed,0,1136,88.6989729559,100762.0332779024,0.0
2022-03-03,MCK,rebalance_exit,False,Completed,0,-412,270.0075170407,99839.5918014092,0.0
2022-03-03,NUE,rebalance_exit,False,Completed,0,-991,130.8307814012,99990.8904485791,0.0
2022-03-04,BX,stop_loss,False,Completed,3,-934,102.91075023849,101177.5165502628,0.0
2022-03-04,BX,take_profit,False,Canceled,2,0,0.0,0.0,0.0
2022-03-07,FANG,stop_loss,False,Completed,3,-895,108.71937439796497,102425.09482755649,0.0
2022-03-07,FANG,take_profit,False,Canceled,2,0,0.0,0.0,0.0
2022-03-08,MTD,stop_loss,False,Completed,3,-71,1307.637,97728.66,0.0
2022-03-08,MTD,take_profit,False,Canceled,2,0,0.0,0.0,0.0
2022-03-08,STX,stop_loss,False,Completed,3,-1136,84.264024308105,100762.0332779024,0.0
2022-03-08,STX,take_profit,False,Canceled,2,0,0.0,0.0,0.0
2022-03-28,LOW,stop_loss,False,Completed,3,-490,192.73847759809996,99412.47791901999,0.0
2022-03-28,LOW,take_profit,False,Canceled,2,0,0.0,0.0,0.0
2022-03-31,HD,stop_loss,False,Completed,3,-347,273.747529131565,99989.8869564769,0.0
2022-03-31,HD,take_profit,False,Canceled,2,0,0.0,0.0,0.0
2022-04-04,CL,stop_loss,False,Canceled,3,0,0.0,0.0,0.0
2022-04-04,CL,take_profit,False,Canceled,2,0,0.0,0.0,0.0
2022-04-04,ORCL,stop_loss,False,Canceled,3,0,0.0,0.0,0.0
2022-04-04,ORCL,take_profit,False,Canceled,2,0,0.0,0.0,0.0
2022-04-04,APA,rebalance_entry,True,Completed,0,2718,37.4667898572,101834.7348318696,0.0
2022-04-04,CF,rebalance_entry,True,Completed,0,1096,93.6353855914,102624.38260817439,0.0
2022-04-04,COP,rebalance_entry,True,Completed,0,1159,86.9484166061,100773.2148464699,0.0
2022-04-04,DVN,rebalance_entry,True,Completed,0,1967,51.6578136639,101610.9194768913,0.0
2022-04-04,FANG,rebalance_entry,True,Completed,0,880,114.7976158818,101021.901975984,0.0
2022-04-04,MOS,rebalance_entry,True,Completed,0,1699,59.8855954833,101745.6267261267,0.0
2022-04-04,NUE,rebalance_entry,True,Completed,0,711,140.7987877463,100107.9380876193,0.0
2022-04-04,OXY,rebalance_entry,True,Completed,0,1827,55.2715376861,100981.0993525047,0.0
2022-04-05,DVN,stop_loss,False,Completed,3,-1967,49.074922980705,101610.9194768913,0.0
2022-04-05,DVN,take_profit,False,Canceled,2,0,0.0,0.0,0.0
2022-04-05,OXY,stop_loss,False,Completed,3,-1827,52.507960801794994,100981.0993525047,0.0
2022-04-05,OXY,take_profit,False,Canceled,2,0,0.0,0.0,0.0
2022-04-05,CL,rebalance_exit,False,Completed,0,-1455,68.9102551794,99856.9492016895,0.0
2022-04-05,ORCL,rebalance_exit,False,Completed,0,-1392,78.7797165942,100522.9183741296,0.0
2022-04-06,APA,stop_loss,False,Completed,3,-2718,35.59345036433999,101834.7348318696,0.0
2022-04-06,APA,take_profit,False,Canceled,2,0,0.0,0.0,0.0
2022-04-07,FANG,stop_loss,False,Completed,3,-880,109.05773508771,101021.901975984,0.0
2022-04-07,FANG,take_profit,False,Canceled,2,0,0.0,0.0,0.0
2022-04-22,CF,stop_loss,False,Completed,3,-1096,88.95361631182999,102624.38260817439,0.0
2022-04-22,CF,take_profit,False,Canceled,2,0,0.0,0.0,0.0
2022-04-22,COP,stop_loss,False,Completed,3,-1159,82.600995775795,100773.2148464699,0.0
2022-04-22,COP,take_profit,False,Canceled,2,0,0.0,0.0,0.0
2022-04-25,MOS,stop_loss,False,Completed,3,-1699,56.89131570913499,101745.6267261267,0.0
2022-04-25,MOS,take_profit,False,Canceled,2,0,0.0,0.0,0.0
2022-05-03,APA,rebalance_entry,True,Completed,0,2817,35.5153867214,100046.84439418379,0.0
2022-05-03,CF,rebalance_entry,True,Completed,0,1134,87.6032377641,99342.0716244894,0.0
2022-05-03,COP,rebalance_entry,True,Completed,0,1215,82.8929387386,100714.92056739899,0.0
2022-05-03,DVN,rebalance_entry,True,Completed,0,2034,51.2956277863,104335.30691733421,0.0
2022-05-03,EOG,rebalance_entry,True,Completed,0,1028,97.2220979615,99944.316704422,0.0
2022-05-03,KMB,rebalance_entry,True,Completed,0,855,117.3143709367,100303.7871508785,0.0
2022-05-03,OXY,rebalance_entry,True,Completed,0,1821,54.396004897000005,99055.124917437,0.0
2022-05-05,NUE,stop_loss,False,Completed,3,-711,133.758848358985,100107.9380876193,0.0
2022-05-05,NUE,take_profit,False,Canceled,2,0,0.0,0.0,0.0
2022-05-06,ORLY,stop_loss,False,Completed,3,-2420,39.3889,100338.04000000001,0.0
2022-05-06,ORLY,take_profit,False,Canceled,2,0,0.0,0.0,0.0
2022-05-09,APA,stop_loss,False,Completed,3,-2817,33.73961738533,100046.84439418379,0.0
2022-05-09,APA,take_profit,False,Canceled,2,0,0.0,0.0,0.0
2022-05-09,CF,stop_loss,False,Completed,3,-1134,83.22307587589499,99342.0716244894,0.0
2022-05-09,CF,take_profit,False,Canceled,2,0,0.0,0.0,0.0
2022-05-19,KMB,stop_loss,False,Completed,3,-855,111.44865238986499,100303.7871508785,0.0
2022-05-19,KMB,take_profit,False,Canceled,2,0,0.0,0.0,0.0
2022-05-31,DVN,take_profit,False,Completed,2,-2034,66.68431612219001,104335.30691733421,0.0
2022-05-31,DVN,stop_loss,False,Canceled,3,0,0.0,0.0,0.0
2022-06-02,CF,rebalance_entry,True,Completed,0,1141,87.6837325774,100047.13887081339,0.0
2022-06-02,DLTR,rebalance_entry,True,Completed,0,621,161.3,100167.3,0.0
2022-06-02,DVN,rebalance_entry,True,Completed,0,1552,63.5172954247,98578.8424991344,0.0
2022-06-02,FANG,rebalance_entry,True,Completed,0,778,127.1260438075,98904.062082235,0.0
2022-06-02,KMB,rebalance_entry,True,Completed,0,885,112.9674851946,99976.224397221,0.0
2022-06-02,MOS,rebalance_entry,True,Completed,0,1903,53.1538133171,101151.70674244131,0.0
2022-06-07,MOS,stop_loss,False,Completed,3,-1903,50.496122651245,101151.70674244131,0.0
2022-06-07,MOS,take_profit,False,Canceled,2,0,0.0,0.0,0.0
2022-06-08,CF,stop_loss,False,Completed,3,-1141,82.573359129,100047.13887081339,0.0
2022-06-08,CF,take_profit,False,Canceled,2,0,0.0,0.0,0.0
2022-06-13,DLTR,stop_loss,False,Completed,3,-621,153.18,100167.3,0.0
2022-06-13,DLTR,take_profit,False,Canceled,2,0,0.0,0.0,0.0
2022-06-13,DVN,stop_loss,False,Completed,3,-1552,60.2028803218,98578.8424991344,0.0
2022-06-13,DVN,take_profit,False,Canceled,2,0,0.0,0.0,0.0
2022-06-13,FANG,stop_loss,False,Completed,3,-778,120.76974161712499,98904.062082235,0.0
2022-06-13,FANG,take_profit,False,Canceled,2,0,0.0,0.0,0.0
2022-06-14,KMB,stop_loss,False,Completed,3,-885,107.31911093487,99976.224397221,0.0
2022-06-14,KMB,take_profit,False,Canceled,2,0,0.0,0.0,0.0
2022-06-17,OXY,stop_loss,False,Completed,3,-1821,51.676204652150005,99055.124917437,0.0
2022-06-17,OXY,take_profit,False,Canceled,2,0,0.0,0.0,0.0
2022-06-23,COP,stop_loss,False,Completed,3,-1215,78.74829180166999,100714.92056739899,0.0
2022-06-23,COP,take_profit,False,Canceled,2,0,0.0,0.0,0.0
2022-06-23,EOG,stop_loss,False,Completed,3,-1028,92.360993063425,99944.316704422,0.0
2022-06-23,EOG,take_profit,False,Canceled,2,0,0.0,0.0,0.0
2022-07-05,CF,rebalance_entry,True,Completed,0,1278,75.7105955037,96758.14105372861,0.0
2022-07-05,CL,rebalance_entry,True,Completed,0,1342,73.8959022497,99168.3008190974,0.0
2022-07-05,COP,rebalance_entry,True,Completed,0,1266,77.5262308776,98148.2082910416,0.0
2022-07-05,CVX,rebalance_entry,True,Completed,0,801,122.26452270009999,97933.8826827801,0.0
2022-07-05,DVN,rebalance_entry,True,Completed,0,2117,45.7668687461,96888.46113549371,0.0
2022-07-05,KMB,rebalance_entry,True,Completed,0,843,118.0612885891,99525.6662806113,0.0
2022-07-05,MPC,rebalance_entry,True,Completed,0,1291,75.6832203662,97707.03749276421,0.0
2022-07-05,OXY,rebalance_entry,True,Completed,0,1753,55.7119342581,97663.0207544493,0.0
2022-07-05,VLO,rebalance_entry,True,Completed,0,1044,93.270249312,97374.140281728,0.0
2022-07-06,COP,stop_loss,False,Completed,3,-1266,72.632577356,98148.2082910416,0.0
2022-07-06,COP,take_profit,False,Canceled,2,0,0.0,0.0,0.0
2022-07-06,DVN,stop_loss,False,Completed,3,-2117,43.478525308795,96888.46113549371,0.0
2022-07-06,DVN,take_profit,False,Canceled,2,0,0.0,0.0,0.0
2022-07-06,MPC,stop_loss,False,Completed,3,-1291,71.89905934789,97707.03749276421,0.0
2022-07-06,MPC,take_profit,False,Canceled,2,0,0.0,0.0,0.0
2022-07-06,VLO,stop_loss,False,Completed,3,-1044,88.6067368464,97374.140281728,0.0
2022-07-06,VLO,take_profit,False,Canceled,2,0,0.0,0.0,0.0
2022-07-12,OXY,stop_loss,False,Completed,3,-1753,52.926337545195,97663.0207544493,0.0
2022-07-12,OXY,take_profit,False,Canceled,2,0,0.0,0.0,0.0
2022-07-14,CL,stop_loss,False,Completed,3,-1342,70.201107137215,99168.3008190974,0.0
2022-07-14,CL,take_profit,False,Canceled,2,0,0.0,0.0,0.0
2022-07-14,CVX,stop_loss,False,Completed,3,-801,114.3149881229,97933.8826827801,0.0
2022-07-14,CVX,take_profit,False,Canceled,2,0,0.0,0.0,0.0
2022-08-02,CL,rebalance_entry,True,Completed,0,1348,74.5289530837,100465.02875682761,0.0
2022-08-02,COP,rebalance_entry,True,Completed,0,1211,82.5153279962,99926.06220339819,0.0
2022-08-02,CVX,rebalance_entry,True,Completed,0,731,136.9379676799,100101.6543740069,0.0
2022-08-02,DVN,rebalance_entry,True,Completed,0,1895,52.5350878232,99553.991424964,0.0
2022-08-02,OXY,rebalance_entry,True,Completed,0,1625,61.6076265899,100112.3932085875,0.0
2022-08-02,VLO,rebalance_entry,True,Completed,0,1019,98.7030374941,100578.3952064879,0.0
2022-08-02,XOM,rebalance_entry,True,Completed,0,1210,82.803929793,100192.75504953,0.0
2022-08-03,DVN,stop_loss,False,Completed,3,-1895,49.908333432039996,99553.991424964,0.0
2022-08-03,DVN,take_profit,False,Canceled,2,0,0.0,0.0,0.0
2022-08-03,OXY,stop_loss,False,Completed,3,-1625,58.527245260404996,100112.3932085875,0.0
2022-08-03,OXY,take_profit,False,Canceled,2,0,0.0,0.0,0.0
2022-08-04,COP,stop_loss,False,Completed,3,-1211,78.38956159639,99926.06220339819,0.0
2022-08-04,COP,take_profit,False,Canceled,2,0,0.0,0.0,0.0
2022-08-04,CVX,stop_loss,False,Completed,3,-731,130.091069295905,100101.6543740069,0.0
2022-08-04,CVX,take_profit,False,Canceled,2,0,0.0,0.0,0.0
2022-08-04,VLO,stop_loss,False,Completed,3,-1019,93.767885619395,100578.3952064879,0.0
2022-08-04,VLO,take_profit,False,Canceled,2,0,0.0,0.0,0.0
2022-08-04,XOM,stop_loss,False,Completed,3,-1210,78.66373330334999,100192.75504953,0.0
2022-08-04,XOM,take_profit,False,Canceled,2,0,0.0,0.0,0.0
2022-08-22,CF,take_profit,False,Completed,2,-1278,98.42377415481,96758.14105372861,0.0
2022-08-22,CF,stop_loss,False,Canceled,3,0,0.0,0.0,0.0
2022-08-26,KMB,stop_loss,False,Completed,3,-843,112.158224159645,99525.6662806113,0.0
2022-08-26,KMB,take_profit,False,Canceled,2,0,0.0,0.0,0.0
2022-09-02,AMGN,rebalance_entry,True,Completed,0,458,219.2027164912,100394.8441529696,0.0
2022-09-02,CF,rebalance_entry,True,Completed,0,1060,96.0871984414,101852.430347884,0.0
2022-09-02,DLTR,rebalance_entry,True,Completed,0,727,137.38,99875.26,0.0
2022-09-02,KMB,rebalance_entry,True,Completed,0,897,111.6810030761,100177.8597592617,0.0
2022-09-02,MTD,rebalance_entry,True,Completed,0,82,1229.48,100817.36,0.0
2022-09-02,OXY,rebalance_entry,True,Completed,0,1549,66.6071736872,103174.5120414728,0.0
2022-09-02,STX,rebalance_entry,True,Completed,0,1704,59.5387800089,101454.0811351656,0.0
2022-09-02,VRTX,rebalance_entry,True,Completed,0,344,290.23,99839.12000000001,0.0
2022-09-06,OXY,stop_loss,False,Completed,3,-1549,63.27681500284,103174.5120414728,0.0
2022-09-06,OXY,take_profit,False,Canceled,2,0,0.0,0.0,0.0
2022-09-08,CL,stop_loss,False,Completed,3,-1348,70.802505429515,100465.02875682761,0.0
2022-09-08,CL,take_profit,False,Canceled,2,0,0.0,0.0,0.0
2022-09-12,CF,stop_loss,False,Completed,3,-1060,91.28283851933,101852.430347884,0.0
2022-09-12,CF,take_profit,False,Canceled,2,0,0.0,0.0,0.0
2022-09-13,AMGN,stop_loss,False,Completed,3,-458,208.24258066663998,100394.8441529696,0.0
2022-09-13,AMGN,take_profit,False,Canceled,2,0,0.0,0.0,0.0
2022-09-14,KMB,stop_loss,False,Completed,3,-897,106.096952922295,100177.8597592617,0.0
2022-09-14,KMB,take_profit,False,Canceled,2,0,0.0,0.0,0.0
2022-09-14,STX,stop_loss,False,Completed,3,-1704,56.561841008455,101454.0811351656,0.0
2022-09-14,STX,take_profit,False,Canceled,2,0,0.0,0.0,0.0
2022-09-20,MTD,stop_loss,False,Completed,3,-82,1168.0059999999999,100817.36,0.0
2022-09-20,MTD,take_profit,False,Canceled,2,0,0.0,0.0,0.0
2022-10-04,DLTR,stop_loss,False,Canceled,3,0,0.0,0.0,0.0
2022-10-04,DLTR,take_profit,False,Canceled,2,0,0.0,0.0,0.0
2022-10-04,CL,rebalance_entry,True,Completed,0,1538,65.1671218818,100227.0334542084,0.0
2022-10-04,EQT,rebalance_entry,True,Completed,0,2531,40.5655714609,102671.46136753791,0.0
2022-10-04,IT,rebalance_entry,True,Completed,0,351,292.69,102734.19,0.0
2022-10-04,KMB,rebalance_entry,True,Completed,0,1001,100.1934650653,100293.6585303653,0.0
2022-10-04,MTD,rebalance_entry,True,Completed,0,88,1154.95,101635.6,0.0
2022-10-04,NUE,rebalance_entry,True,Completed,0,920,110.2860385766,101463.15549047201,0.0
2022-10-04,OXY,rebalance_entry,True,Completed,0,1651,61.587919288,101681.654744488,0.0
2022-10-04,SMCI,rebalance_entry,True,Completed,0,17522,5.893,103257.146,0.0
2022-10-05,DLTR,rebalance_exit,False,Completed,0,-727,141.81,99875.26,0.0
2022-10-10,KMB,stop_loss,False,Completed,3,-1001,95.183791812035,100293.6585303653,0.0
2022-10-10,KMB,take_profit,False,Canceled,2,0,0.0,0.0,0.0
2022-10-11,SMCI,stop_loss,False,Completed,3,-17522,5.55,103257.146,0.0
2022-10-11,SMCI,take_profit,False,Canceled,2,0,0.0,0.0,0.0
2022-10-13,IT,stop_loss,False,Completed,3,-351,278.0555,102734.19,0.0
2022-10-13,IT,take_profit,False,Canceled,2,0,0.0,0.0,0.0
2022-10-13,MTD,stop_loss,False,Completed,3,-88,1077.54,101635.6,0.0
2022-10-13,MTD,take_profit,False,Canceled,2,0,0.0,0.0,0.0
2022-10-17,EQT,stop_loss,False,Completed,3,-2531,38.537292887855,102671.46136753791,0.0
2022-10-17,EQT,take_profit,False,Canceled,2,0,0.0,0.0,0.0
2022-11-02,NUE,stop_loss,False,Canceled,3,0,0.0,0.0,0.0
2022-11-02,NUE,take_profit,False,Canceled,2,0,0.0,0.0,0.0
2022-11-02,AON,rebalance_entry,True,Completed,0,361,275.1463159177,99327.82004628971,0.0
2022-11-02,CF,rebalance_entry,True,Completed,0,1007,97.6252567314,98308.6335285198,0.0
2022-11-02,EQT,rebalance_entry,True,Completed,0,2593,38.7582413585,100500.1198425905,0.0
2022-11-02,IT,rebalance_entry,True,Completed,0,307,326.5,100235.5,0.0
2022-11-02,KMB,rebalance_entry,True,Completed,0,919,108.4875102,99700.0218738,0.0
2022-11-02,MTD,rebalance_entry,True,Completed,0,78,1281.47,99954.66,0.0
2022-11-03,CF,stop_loss,False,Completed,3,-1007,89.7968163331,98308.6335285198,0.0
2022-11-03,CF,take_profit,False,Canceled,2,0,0.0,0.0,0.0
2022-11-03,MTD,stop_loss,False,Completed,3,-78,1217.3965,99954.66,0.0
2022-11-03,MTD,take_profit,False,Canceled,2,0,0.0,0.0,0.0
2022-11-03,NUE,rebalance_exit,False,Completed,0,-920,121.2946785793,101463.15549047201,0.0
2022-12-02,VRTX,stop_loss,False,Canceled,3,0,0.0,0.0,0.0
2022-12-02,VRTX,take_profit,False,Canceled,2,0,0.0,0.0,0.0
2022-12-02,AMGN,rebalance_entry,True,Completed,0,390,254.3509067914,99196.853648646,0.0
2022-12-02,CF,rebalance_entry,True,Completed,0,1043,95.7598049206,99877.4765321858,0.0
2022-12-02,MTD,rebalance_entry,True,Completed,0,67,1463.08,98026.36,0.0
2022-12-05,EQT,stop_loss,False,Completed,3,-2593,36.820329290574996,100500.1198425905,0.0
2022-12-05,EQT,take_profit,False,Canceled,2,0,0.0,0.0,0.0
2022-12-05,VRTX,rebalance_exit,False,Completed,0,-344,318.85,99839.12000000001,0.0
2022-12-12,CF,stop_loss,False,Completed,3,-1043,90.97181467457,99877.4765321858,0.0
2022-12-12,CF,take_profit,False,Canceled,2,0,0.0,0.0,0.0
2022-12-14,AMGN,stop_loss,False,Completed,3,-390,241.63336145182998,99196.853648646,0.0
2022-12-14,AMGN,take_profit,False,Canceled,2,0,0.0,0.0,0.0
2022-12-16,OXY,stop_loss,False,Completed,3,-1651,58.5085233236,101681.654744488,0.0
2022-12-16,OXY,take_profit,False,Canceled,2,0,0.0,0.0,0.0
2023-01-04,AMGN,rebalance_entry,True,Completed,0,426,235.502471292,100324.052770392,0.0
2023-01-04,LVS,rebalance_entry,True,Completed,0,2146,47.0409312766,100949.8385195836,0.0
2023-01-04,OXY,rebalance_entry,True,Completed,0,1729,56.7717326937,98158.3258274073,0.0
2023-01-04,SMCI,rebalance_entry,True,Completed,0,11924,8.461,100888.964,0.0
2023-01-05,SMCI,stop_loss,False,Completed,3,-11924,8.03795,100888.964,0.0
2023-01-05,SMCI,take_profit,False,Canceled,2,0,0.0,0.0,0.0
2023-02-01,AMGN,stop_loss,False,Completed,3,-426,223.1010066047,100324.052770392,0.0
2023-02-01,AMGN,take_profit,False,Canceled,2,0,0.0,0.0,0.0
2023-02-02,LVS,stop_loss,False,Canceled,3,0,0.0,0.0,0.0
2023-02-02,LVS,take_profit,False,Canceled,2,0,0.0,0.0,0.0
2023-02-02,MTD,stop_loss,False,Canceled,3,0,0.0,0.0,0.0
2023-02-02,MTD,take_profit,False,Canceled,2,0,0.0,0.0,0.0
2023-02-02,AMGN,rebalance_entry,True,Completed,0,453,218.2792096848,98880.4819872144,0.0
2023-02-02,SMCI,rebalance_entry,True,Completed,0,12540,8.027,100658.57999999999,0.0
2023-02-02,STLD,rebalance_entry,True,Completed,0,836,119.56234787300001,99954.122821828,0.0
2023-02-02,TPL,rebalance_entry,True,Completed,0,478,210.0545704315,100406.084666257,0.0
2023-02-03,LVS,rebalance_exit,False,Completed,0,-2146,54.0781790279,100949.8385195836,0.0
2023-02-03,MTD,rebalance_exit,False,Completed,0,-67,1560.13,98026.36,0.0
2023-02-06,TPL,stop_loss,False,Completed,3,-478,199.55184190992497,100406.084666257,0.0
2023-02-06,TPL,take_profit,False,Canceled,2,0,0.0,0.0,0.0
2023-02-23,STLD,stop_loss,False,Completed,3,-836,113.58423047935,99954.122821828,0.0
2023-02-23,STLD,take_profit,False,Canceled,2,0,0.0,0.0,0.0
2023-03-02,AMGN,stop_loss,False,Canceled,3,0,0.0,0.0,0.0
2023-03-02,AMGN,take_profit,False,Canceled,2,0,0.0,0.0,0.0
2023-03-02,KMB,stop_loss,False,Canceled,3,0,0.0,0.0,0.0
2023-03-02,KMB,take_profit,False,Canceled,2,0,0.0,0.0,0.0
2023-03-02,OXY,stop_loss,False,Canceled,3,0,0.0,0.0,0.0
2023-03-02,OXY,take_profit,False,Canceled,2,0,0.0,0.0,0.0
2023-03-02,SMCI,stop_loss,False,Canceled,3,0,0.0,0.0,0.0
2023-03-02,SMCI,take_profit,False,Canceled,2,0,0.0,0.0,0.0
2023-03-02,APA,rebalance_entry,True,Completed,0,2843,35.1882371594,100040.1582441742,0.0
2023-03-02,LVS,rebalance_entry,True,Completed,0,1807,55.0416679817,99460.2940429319,0.0
2023-03-02,MTD,rebalance_entry,True,Completed,0,70,1407.43,98520.1,0.0
2023-03-02,STLD,rebalance_entry,True,Completed,0,811,122.50107607869998,99348.37269982569,0.0
2023-03-02,TPL,rebalance_entry,True,Completed,0,520,191.9401969466,99808.902412232,0.0
2023-03-02,UAL,rebalance_entry,True,Completed,0,1908,51.9,99025.2,0.0
2023-03-03,AMGN,rebalance_exit,False,Completed,0,-453,212.2814785216,98880.4819872144,0.0
2023-03-03,KMB,rebalance_exit,False,Completed,0,-919,112.1693647645,99700.0218738,0.0
2023-03-03,OXY,rebalance_exit,False,Completed,0,-1729,56.3360470574,98158.3258274073,0.0
2023-03-03,SMCI,rebalance_exit,False,Completed,0,-12540,9.848,100658.57999999999,0.0
2023-03-09,APA,stop_loss,False,Completed,3,-2843,33.42882530143,100040.1582441742,0.0
2023-03-09,APA,take_profit,False,Canceled,2,0,0.0,0.0,0.0
2023-03-10,LVS,stop_loss,False,Completed,3,-1807,52.289584582615,99460.2940429319,0.0
2023-03-10,LVS,take_profit,False,Canceled,2,0,0.0,0.0,0.0
2023-03-10,STLD,stop_loss,False,Completed,3,-811,116.37602227476498,99348.37269982569,0.0
2023-03-10,STLD,take_profit,False,Canceled,2,0,0.0,0.0,0.0
2023-03-10,TPL,stop_loss,False,Completed,3,-520,182.34318709926998,99808.902412232,0.0
2023-03-10,TPL,take_profit,False,Canceled,2,0,0.0,0.0,0.0
2023-03-13,IT,stop_loss,False,Completed,3,-307,310.175,100235.5,0.0
2023-03-13,IT,take_profit,False,Canceled,2,0,0.0,0.0,0.0
2023-03-13,UAL,stop_loss,False,Completed,3,-1908,49.305,99025.2,0.0
2023-03-13,UAL,take_profit,False,Canceled,2,0,0.0,0.0,0.0
2023-04-04,CL,stop_loss,False,Canceled,3,0,0.0,0.0,0.0
2023-04-04,CL,take_profit,False,Canceled,2,0,0.0,0.0,0.0
2023-04-04,APA,rebalance_entry,True,Completed,0,2874,35.1305587981,100965.2259857394,0.0
2023-04-04,HD,rebalance_entry,True,Completed,0,362,275.6655620801,99790.9334729962,0.0
2023-04-04,IT,rebalance_entry,True,Completed,0,307,324.06,99486.42,0.0
2023-04-04,MPC,rebalance_entry,True,Completed,0,789,125.32795503900002,98883.75652577101,0.0
2023-04-04,STLD,rebalance_entry,True,Completed,0,922,107.5867827976,99195.0137393872,0.0
2023-04-04,UAL,rebalance_entry,True,Completed,0,2306,43.84,101095.04000000001,0.0
2023-04-04,URI,rebalance_entry,True,Completed,0,265,377.393547653,100009.290128045,0.0
2023-04-05,APA,stop_loss,False,Completed,3,-2874,33.374030858195,100965.2259857394,0.0
2023-04-05,APA,take_profit,False,Canceled,2,0,0.0,0.0,0.0
2023-04-05,MPC,stop_loss,False,Completed,3,-789,117.1332913121,98883.75652577101,0.0
2023-04-05,MPC,take_profit,False,Canceled,2,0,0.0,0.0,0.0
2023-04-05,STLD,stop_loss,False,Completed,3,-922,96.4766013638,99195.0137393872,0.0
2023-04-05,STLD,take_profit,False,Canceled,2,0,0.0,0.0,0.0
2023-04-05,UAL,stop_loss,False,Completed,3,-2306,41.648,101095.04000000001,0.0
2023-04-05,UAL,take_profit,False,Canceled,2,0,0.0,0.0,0.0
2023-04-05,URI,stop_loss,False,Completed,3,-265,340.6843713531,100009.290128045,0.0
2023-04-05,URI,take_profit,False,Canceled,2,0,0.0,0.0,0.0
2023-04-05,CL,rebalance_exit,False,Completed,0,-1538,69.7625026866,100227.0334542084,0.0
2023-04-06,IT,stop_loss,False,Completed,3,-307,307.85699999999997,99486.42,0.0
2023-04-06,IT,take_profit,False,Canceled,2,0,0.0,0.0,0.0
2023-05-02,AON,stop_loss,False,Canceled,3,0,0.0,0.0,0.0
2023-05-02,AON,take_profit,False,Canceled,2,0,0.0,0.0,0.0
2023-05-02,APA,rebalance_entry,True,Completed,0,3033,32.2996940008,97964.9719044264,0.0
2023-05-02,CL,rebalance_entry,True,Completed,0,1329,75.2985966132,100071.8348989428,0.0
2023-05-02,GE,rebalance_entry,True,Completed,0,1258,79.0272330539,99416.2591818062,0.0
2023-05-02,IT,rebalance_entry,True,Completed,0,325,313.49,101884.25,0.0
2023-05-02,MRNA,rebalance_entry,True,Completed,0,749,133.51,99998.98999999999,0.0
2023-05-02,NFLX,rebalance_entry,True,Completed,0,3085,32.5,100262.5,0.0
2023-05-02,TPL,rebalance_entry,True,Completed,0,631,155.6870972914,98238.5583908734,0.0
2023-05-03,APA,stop_loss,False,Completed,3,-3033,30.0353210945,97964.9719044264,0.0
2023-05-03,APA,take_profit,False,Canceled,2,0,0.0,0.0,0.0
2023-05-03,AON,rebalance_exit,False,Completed,0,-361,314.3253060404,99327.82004628971,0.0
2023-05-04,IT,stop_loss,False,Completed,3,-325,297.8155,101884.25,0.0
2023-05-04,IT,take_profit,False,Canceled,2,0,0.0,0.0,0.0
2023-05-11,MRNA,stop_loss,False,Completed,3,-749,126.83449999999999,99998.98999999999,0.0
2023-05-11,MRNA,take_profit,False,Canceled,2,0,0.0,0.0,0.0
2023-05-11,TPL,stop_loss,False,Completed,3,-631,146.9474765682,98238.5583908734,0.0
2023-05-11,TPL,take_profit,False,Canceled,2,0,0.0,0.0,0.0
2023-05-16,HD,stop_loss,False,Completed,3,-362,261.0715029112,99790.9334729962,0.0
2023-05-16,HD,take_profit,False,Canceled,2,0,0.0,0.0,0.0
2023-05-24,MTD,stop_loss,False,Completed,3,-70,1325.8,98520.1,0.0
2023-05-24,MTD,take_profit,False,Canceled,2,0,0.0,0.0,0.0
2023-05-24,CL,stop_loss,False,Completed,3,-1329,71.53366678254,100071.8348989428,0.0
2023-05-24,CL,take_profit,False,Canceled,2,0,0.0,0.0,0.0
2023-06-02,GE,stop_loss,False,Canceled,3,0,0.0,0.0,0.0
2023-06-02,GE,take_profit,False,Canceled,2,0,0.0,0.0,0.0
2023-06-02,NFLX,stop_loss,False,Canceled,3,0,0.0,0.0,0.0
2023-06-02,NFLX,take_profit,False,Canceled,2,0,0.0,0.0,0.0
2023-06-02,APA,rebalance_entry,True,Completed,0,3494,29.4323815632,102836.7411818208,0.0
2023-06-02,AXON,rebalance_entry,True,Completed,0,520,193.34,100536.8,0.0
2023-06-02,BLDR,rebalance_entry,True,Completed,0,863,116.67,100686.21,0.0
2023-06-02,CL,rebalance_entry,True,Completed,0,1432,69.6605210005,99753.866072716,0.0
2023-06-02,DECK,rebalance_entry,True,Completed,0,1290,78.7466666667,101583.200000043,0.0
2023-06-02,HD,rebalance_entry,True,Completed,0,371,271.3041054703,100653.8231294813,0.0
2023-06-02,IT,rebalance_entry,True,Completed,0,293,341.7,100118.09999999999,0.0
2023-06-02,KMB,rebalance_entry,True,Completed,0,838,119.1104245758,99814.5357945204,0.0
2023-06-02,MAR,rebalance_entry,True,Completed,0,601,166.9734077515,100351.01805865149,0.0
2023-06-05,GE,rebalance_exit,False,Completed,0,-1258,83.1038789097,99416.2591818062,0.0
2023-06-05,NFLX,rebalance_exit,False,Completed,0,-3085,40.047,100262.5,0.0
2023-06-16,COR,take_profit,False,Completed,2,-733,178.01532935758001,100373.25878392781,0.0
2023-06-16,COR,stop_loss,False,Canceled,3,0,0.0,0.0,0.0
2023-07-05,AXON,stop_loss,False,Canceled,3,0,0.0,0.0,0.0
2023-07-05,AXON,take_profit,False,Canceled,2,0,0.0,0.0,0.0
2023-07-05,DECK,stop_loss,False,Canceled,3,0,0.0,0.0,0.0
2023-07-05,DECK,take_profit,False,Canceled,2,0,0.0,0.0,0.0
2023-07-05,KMB,stop_loss,False,Canceled,3,0,0.0,0.0,0.0
2023-07-05,KMB,take_profit,False,Canceled,2,0,0.0,0.0,0.0
2023-07-05,COR,rebalance_entry,True,Completed,0,537,186.5227899996,100162.7382297852,0.0
2023-07-05,GE,rebalance_entry,True,Completed,0,1175,85.0047426806,99880.572649705,0.0
2023-07-05,KLAC,rebalance_entry,True,Completed,0,211,463.5135447045,97801.35793264951,0.0
2023-07-05,SMCI,rebalance_entry,True,Completed,0,4012,24.8,99497.6,0.0
2023-07-06,AXON,rebalance_exit,False,Completed,0,-520,192.41,100536.8,0.0
2023-07-06,DECK,rebalance_exit,False,Completed,0,-1290,88.3266666667,101583.200000043,0.0
2023-07-06,KMB,rebalance_exit,False,Completed,0,-838,123.092170113,99814.5357945204,0.0
2023-07-19,SMCI,take_profit,False,Completed,2,-4012,32.4,99497.6,0.0
2023-07-19,SMCI,stop_loss,False,Canceled,3,0,0.0,0.0,0.0
2023-07-20,KLAC,stop_loss,False,Completed,3,-211,440.337867469275,97801.35793264951,0.0
2023-07-20,KLAC,take_profit,False,Canceled,2,0,0.0,0.0,0.0
2023-08-02,APA,stop_loss,False,Canceled,3,0,0.0,0.0,0.0
2023-08-02,APA,take_profit,False,Canceled,2,0,0.0,0.0,0.0
2023-08-02,CL,stop_loss,False,Canceled,3,0,0.0,0.0,0.0
2023-08-02,CL,take_profit,False,Canceled,2,0,0.0,0.0,0.0
2023-08-02,GE,stop_loss,False,Canceled,3,0,0.0,0.0,0.0
2023-08-02,GE,take_profit,False,Canceled,2,0,0.0,0.0,0.0
2023-08-02,BLDR,take_profit,False,Completed,2,-863,156.85,100686.21,0.0
2023-08-02,BLDR,stop_loss,False,Canceled,3,0,0.0,0.0,0.0
2023-08-02,DAL,rebalance_entry,True,Completed,0,2271,43.5513028652,98905.0088068692,0.0
2023-08-02,KLAC,rebalance_entry,True,Completed,0,199,492.0869654069,97925.3061159731,0.0
2023-08-02,META,rebalance_entry,True,Completed,0,312,315.5479673611,98450.9658166632,0.0
2023-08-02,UAL,rebalance_entry,True,Completed,0,1877,52.5,98542.5,0.0
2023-08-02,VRT,rebalance_entry,True,Completed,0,3781,32.8896469014,124355.75493419339,0.0
2023-08-03,APA,rebalance_exit,False,Completed,0,-3494,36.3336411179,102836.7411818208,0.0
2023-08-03,CL,rebalance_exit,False,Completed,0,-1432,72.5047156255,99753.866072716,0.0
2023-08-03,GE,rebalance_exit,False,Completed,0,-1175,87.9039062663,99880.572649705,0.0
2023-08-11,KLAC,stop_loss,False,Completed,3,-199,467.48261713655495,97925.3061159731,0.0
2023-08-11,KLAC,take_profit,False,Canceled,2,0,0.0,0.0,0.0
2023-08-11,META,stop_loss,False,Completed,3,-312,299.770568993045,98450.9658166632,0.0
2023-08-11,META,take_profit,False,Canceled,2,0,0.0,0.0,0.0
2023-08-16,DAL,stop_loss,False,Completed,3,-2271,41.373737721939996,98905.0088068692,0.0
2023-08-16,DAL,take_profit,False,Canceled,2,0,0.0,0.0,0.0
2023-08-17,COR,stop_loss,False,Completed,3,-537,177.19665049962,100162.7382297852,0.0
2023-08-17,COR,take_profit,False,Canceled,2,0,0.0,0.0,0.0
2023-08-17,UAL,stop_loss,False,Completed,3,-1877,49.875,98542.5,0.0
2023-08-17,UAL,take_profit,False,Canceled,2,0,0.0,0.0,0.0
2023-08-18,IT,stop_loss,False,Completed,3,-293,324.61499999999995,100118.09999999999,0.0
2023-08-18,IT,take_profit,False,Canceled,2,0,0.0,0.0,0.0
2023-09-05,VRT,stop_loss,False,Canceled,3,0,0.0,0.0,0.0
2023-09-05,VRT,take_profit,False,Canceled,2,0,0.0,0.0,0.0
2023-09-05,APA,rebalance_entry,True,Completed,0,2467,40.8202748516,100703.61805889719,0.0
2023-09-05,AVGO,rebalance_entry,True,Completed,0,1186,84.0176128142,99644.88879764121,0.0
2023-09-05,BKNG,rebalance_entry,True,Completed,0,817,121.326017737,99123.356491129,0.0
2023-09-05,BLDR,rebalance_entry,True,Completed,0,672,147.24,98945.28,0.0
2023-09-05,COR,rebalance_entry,True,Completed,0,584,170.9918651753,99859.2492623752,0.0
2023-09-05,MSI,rebalance_entry,True,Completed,0,363,275.6045367188,100044.4468289244,0.0
2023-09-05,PHM,rebalance_entry,True,Completed,0,1236,80.5146844439,99516.1499726604,0.0
2023-09-05,SMCI,rebalance_entry,True,Completed,0,3544,27.94,99019.36,0.0
2023-09-06,BLDR,stop_loss,False,Completed,3,-672,136.03,98945.28,0.0
2023-09-06,BLDR,take_profit,False,Canceled,2,0,0.0,0.0,0.0
2023-09-06,PHM,stop_loss,False,Completed,3,-1236,76.488950221705,99516.1499726604,0.0
2023-09-06,PHM,take_profit,False,Canceled,2,0,0.0,0.0,0.0
2023-09-06,VRT,rebalance_exit,False,Completed,0,-3781,39.0689138949,124355.75493419339,0.0
2023-09-07,SMCI,stop_loss,False,Completed,3,-3544,26.512,99019.36,0.0
2023-09-07,SMCI,take_profit,False,Canceled,2,0,0.0,0.0,0.0
2023-09-11,APA,stop_loss,False,Completed,3,-2467,38.77926110902,100703.61805889719,0.0
2023-09-11,APA,take_profit,False,Canceled,2,0,0.0,0.0,0.0
2023-09-21,AVGO,stop_loss,False,Completed,3,-1186,77.254114258,99644.88879764121,0.0
2023-09-21,AVGO,take_profit,False,Canceled,2,0,0.0,0.0,0.0
2023-10-03,COR,stop_loss,False,Canceled,3,0,0.0,0.0,0.0
2023-10-03,COR,take_profit,False,Canceled,2,0,0.0,0.0,0.0
2023-10-03,APA,rebalance_entry,True,Completed,0,2813,35.4524986211,99727.87862115429,0.0
2023-10-03,BLDR,rebalance_entry,True,Completed,0,813,121.34999999999998,98657.54999999999,0.0
2023-10-03,DELL,rebalance_entry,True,Completed,0,1547,65.6020894847,101486.4324328309,0.0
2023-10-03,JBL,rebalance_entry,True,Completed,0,780,127.1898009982,99208.044778596,0.0
2023-10-03,SMCI,rebalance_entry,True,Completed,0,3461,28.656,99178.416,0.0
2023-10-03,VRT,rebalance_entry,True,Completed,0,2612,37.7433614592,98585.66013143041,0.0
2023-10-04,APA,stop_loss,False,Completed,3,-2813,33.679873690045,99727.87862115429,0.0
2023-10-04,APA,take_profit,False,Canceled,2,0,0.0,0.0,0.0
2023-10-04,SMCI,stop_loss,False,Completed,3,-3461,27.2232,99178.416,0.0
2023-10-04,SMCI,take_profit,False,Canceled,2,0,0.0,0.0,0.0
2023-10-04,COR,rebalance_exit,False,Completed,0,-584,176.2584146227,99859.2492623752,0.0
2023-10-05,DELL,stop_loss,False,Completed,3,-1547,62.321985010465,101486.4324328309,0.0
2023-10-05,DELL,take_profit,False,Canceled,2,0,0.0,0.0,0.0
2023-10-09,BKNG,stop_loss,False,Completed,3,-817,115.25971685015,99123.356491129,0.0
2023-10-09,BKNG,take_profit,False,Canceled,2,0,0.0,0.0,0.0
2023-10-12,BLDR,stop_loss,False,Completed,3,-813,115.28249999999997,98657.54999999999,0.0
2023-10-12,BLDR,take_profit,False,Canceled,2,0,0.0,0.0,0.0
2023-10-20,VRT,stop_loss,False,Completed,3,-2612,35.85619338624,98585.66013143041,0.0
2023-10-20,VRT,take_profit,False,Canceled,2,0,0.0,0.0,0.0
2023-10-25,JBL,stop_loss,False,Completed,3,-780,120.83031094828999,99208.044778596,0.0
2023-10-25,JBL,take_profit,False,Canceled,2,0,0.0,0.0,0.0
2023-10-27,HD,stop_loss,False,Completed,3,-371,257.738900196785,100653.8231294813,0.0
2023-10-27,HD,take_profit,False,Canceled,2,0,0.0,0.0,0.0
2023-11-02,ANET,rebalance_entry,True,Completed,0,1897,53.065,100664.305,0.0
2023-11-02,BKNG,rebalance_entry,True,Completed,0,920,110.2278735796,101409.643693232,0.0
2023-11-02,COR,rebalance_entry,True,Completed,0,546,181.8376349093,99283.3486604778,0.0
2023-11-02,IT,rebalance_entry,True,Completed,0,301,332.59,100109.59,0.0
2023-11-02,JBL,rebalance_entry,True,Completed,0,805,125.39965601580002,100946.72309271901,0.0
2023-11-02,NVDA,rebalance_entry,True,Completed,0,2364,43.2981517886,102356.8308282504,0.0
2023-11-02,SMCI,rebalance_entry,True,Completed,0,3964,26.076,103365.264,0.0
2023-11-02,VRT,rebalance_entry,True,Completed,0,2494,40.7931287174,101738.0630211956,0.0
2023-11-06,VRT,stop_loss,False,Completed,3,-2494,38.75347228153,101738.0630211956,0.0
2023-11-06,VRT,take_profit,False,Canceled,2,0,0.0,0.0,0.0
2023-11-22,IT,take_profit,False,Completed,2,-301,432.36699999999996,100109.59,0.0
2023-11-22,IT,stop_loss,False,Canceled,3,0,0.0,0.0,0.0
2023-11-29,JBL,stop_loss,False,Completed,3,-805,116.9972320061,100946.72309271901,0.0
2023-11-29,JBL,take_profit,False,Canceled,2,0,0.0,0.0,0.0
2023-12-04,ANET,stop_loss,False,Canceled,3,0,0.0,0.0,0.0
2023-12-04,ANET,take_profit,False,Canceled,2,0,0.0,0.0,0.0
2023-12-04,MAR,stop_loss,False,Canceled,3,0,0.0,0.0,0.0
2023-12-04,MAR,take_profit,False,Canceled,2,0,0.0,0.0,0.0
2023-12-04,SMCI,stop_loss,False,Canceled,3,0,0.0,0.0,0.0
2023-12-04,SMCI,take_profit,False,Canceled,2,0,0.0,0.0,0.0
2023-12-04,CL,rebalance_entry,True,Completed,0,1346,74.0934637828,99729.8022516488,0.0
2023-12-04,DECK,rebalance_entry,True,Completed,0,875,114.0616666667,99803.9583333625,0.0
2023-12-04,HD,rebalance_entry,True,Completed,0,330,302.2492674739,99742.258266387,0.0
2023-12-04,META,rebalance_entry,True,Completed,0,310,314.8434420252,97601.46702781199,0.0
2023-12-04,PHM,rebalance_entry,True,Completed,0,1119,88.5223763899,99056.5391802981,0.0
2023-12-04,VRT,rebalance_entry,True,Completed,0,2222,45.0687828145,100142.83541381899,0.0
2023-12-05,ANET,rebalance_exit,False,Completed,0,-1897,53.4825,100664.305,0.0
2023-12-05,MAR,rebalance_exit,False,Completed,0,-601,202.3886878133,100351.01805865149,0.0
2023-12-05,SMCI,rebalance_exit,False,Completed,0,-3964,26.345,103365.264,0.0
2024-01-03,DECK,stop_loss,False,Canceled,3,0,0.0,0.0,0.0
2024-01-03,DECK,take_profit,False,Canceled,2,0,0.0,0.0,0.0
2024-01-03,META,stop_loss,False,Canceled,3,0,0.0,0.0,0.0
2024-01-03,META,take_profit,False,Canceled,2,0,0.0,0.0,0.0
2024-01-03,PHM,stop_loss,False,Canceled,3,0,0.0,0.0,0.0
2024-01-03,PHM,take_profit,False,Canceled,2,0,0.0,0.0,0.0
2024-01-03,CVNA,rebalance_entry,True,Completed,0,10231,9.3,95148.3,0.0
2024-01-03,FTNT,rebalance_entry,True,Completed,0,1730,57.28000000000001,99094.40000000001,0.0
2024-01-03,ORCL,rebalance_entry,True,Completed,0,988,100.4045496012,99199.6950059856,0.0
2024-01-04,DECK,rebalance_exit,False,Completed,0,-875,112.1583333333,99803.9583333625,0.0
2024-01-04,META,rebalance_exit,False,Completed,0,-310,341.8436313079,97601.46702781199,0.0
2024-01-04,PHM,rebalance_exit,False,Completed,0,-1119,98.2015446384,99056.5391802981,0.0
2024-01-11,CVNA,stop_loss,False,Completed,3,-10231,8.835,95148.3,0.0
2024-01-11,CVNA,take_profit,False,Canceled,2,0,0.0,0.0,0.0
2024-01-16,NVDA,take_profit,False,Completed,2,-2364,56.28759732518,102356.8308282504,0.0
2024-01-16,NVDA,stop_loss,False,Canceled,3,0,0.0,0.0,0.0
2024-01-22,BKNG,take_profit,False,Completed,2,-920,143.45162223770004,101409.643693232,0.0
2024-01-22,BKNG,stop_loss,False,Canceled,3,0,0.0,0.0,0.0
2024-02-01,VRT,take_profit,False,Completed,2,-2222,58.589417658849996,100142.83541381899,0.0
2024-02-01,VRT,stop_loss,False,Canceled,3,0,0.0,0.0,0.0
2024-02-02,COR,stop_loss,False,Canceled,3,0,0.0,0.0,0.0
2024-02-02,COR,take_profit,False,Canceled,2,0,0.0,0.0,0.0
2024-02-02,BKNG,rebalance_entry,True,Completed,0,715,138.9702684368,99363.74193231201,0.0
2024-02-02,CVNA,rebalance_entry,True,Completed,0,11756,8.182,96187.592,0.0
2024-02-02,META,rebalance_entry,True,Completed,0,255,456.0561188653,116294.3103106515,0.0
2024-02-02,NVDA,rebalance_entry,True,Completed,0,1587,63.9354205268,101465.5123760316,0.0
2024-02-02,VRT,rebalance_entry,True,Completed,0,1686,59.900874622299995,100992.8746131978,0.0
2024-02-05,COR,rebalance_exit,False,Completed,0,-546,232.4928855201,99283.3486604778,0.0
2024-02-09,CVNA,take_profit,False,Completed,2,-11756,10.636600000000001,96187.592,0.0
2024-02-09,CVNA,stop_loss,False,Canceled,3,0,0.0,0.0,0.0
2024-02-21,VRT,stop_loss,False,Completed,3,-1686,54.875064599,100992.8746131978,0.0
2024-02-21,VRT,take_profit,False,Canceled,2,0,0.0,0.0,0.0
2024-03-04,BKNG,stop_loss,False,Canceled,3,0,0.0,0.0,0.0
2024-03-04,BKNG,take_profit,False,Canceled,2,0,0.0,0.0,0.0
2024-03-04,CL,stop_loss,False,Canceled,3,0,0.0,0.0,0.0
2024-03-04,CL,take_profit,False,Canceled,2,0,0.0,0.0,0.0
2024-03-04,FTNT,stop_loss,False,Canceled,3,0,0.0,0.0,0.0
2024-03-04,FTNT,take_profit,False,Canceled,2,0,0.0,0.0,0.0
2024-03-04,HD,stop_loss,False,Canceled,3,0,0.0,0.0,0.0
2024-03-04,HD,take_profit,False,Canceled,2,0,0.0,0.0,0.0
2024-03-04,NVDA,take_profit,False,Completed,2,-1587,84.0792654659,101465.5123760316,0.0
2024-03-04,NVDA,stop_loss,False,Canceled,3,0,0.0,0.0,0.0
2024-03-04,COR,rebalance_entry,True,Completed,0,429,233.1549651323,100023.4800417567,0.0
2024-03-04,DECK,rebalance_entry,True,Completed,0,664,154.8666666667,102831.46666668881,0.0
2024-03-04,LII,rebalance_entry,True,Completed,0,215,464.7235429043,99915.56172442451,0.0
2024-03-04,PANW,rebalance_entry,True,Completed,0,661,151.0,99811.0,0.0
2024-03-04,SMCI,rebalance_entry,True,Completed,0,1104,103.9,114705.6,0.0
2024-03-04,VRT,rebalance_entry,True,Completed,0,1421,72.5950336691,103157.5428437911,0.0
2024-03-05,PANW,stop_loss,False,Completed,3,-661,143.45,99811.0,0.0
2024-03-05,PANW,take_profit,False,Canceled,2,0,0.0,0.0,0.0
2024-03-05,SMCI,stop_loss,False,Completed,3,-1104,98.705,114705.6,0.0
2024-03-05,SMCI,take_profit,False,Canceled,2,0,0.0,0.0,0.0
2024-03-05,VRT,stop_loss,False,Completed,3,-1421,68.965281985645,103157.5428437911,0.0
2024-03-05,VRT,take_profit,False,Canceled,2,0,0.0,0.0,0.0
2024-03-05,BKNG,rebalance_exit,False,Completed,0,-715,135.5558475377,99363.74193231201,0.0
2024-03-05,CL,rebalance_exit,False,Completed,0,-1346,82.7965920452,99729.8022516488,0.0
2024-03-05,FTNT,rebalance_exit,False,Completed,0,-1730,71.07,99094.40000000001,0.0
2024-03-05,HD,rebalance_exit,False,Completed,0,-330,359.4422957475,99742.258266387,0.0
2024-04-02,DECK,stop_loss,False,Canceled,3,0,0.0,0.0,0.0
2024-04-02,DECK,take_profit,False,Canceled,2,0,0.0,0.0,0.0
2024-04-02,META,stop_loss,False,Canceled,3,0,0.0,0.0,0.0
2024-04-02,META,take_profit,False,Canceled,2,0,0.0,0.0,0.0
2024-04-02,MSI,stop_loss,False,Canceled,3,0,0.0,0.0,0.0
2024-04-02,MSI,take_profit,False,Canceled,2,0,0.0,0.0,0.0
2024-04-02,DELL,rebalance_entry,True,Completed,0,866,113.1774778367,98011.69580658221,0.0
2024-04-02,FIX,rebalance_entry,True,Completed,0,315,312.8609647975,98551.2039112125,0.0
2024-04-02,NTAP,rebalance_entry,True,Completed,0,994,99.7910418321,99192.2955811074,0.0
2024-04-02,NVDA,rebalance_entry,True,Completed,0,1107,88.3987746006,97857.44348286421,0.0
2024-04-02,SMCI,rebalance_entry,True,Completed,0,964,100.0,96400.0,0.0
2024-04-02,VST,rebalance_entry,True,Completed,0,1416,68.8448379119,97484.2904832504,0.0
2024-04-02,WSM,rebalance_entry,True,Completed,0,656,151.200365768,99187.43994380801,0.0
2024-04-03,DECK,rebalance_exit,False,Completed,0,-664,150.5783333333,102831.46666668881,0.0
2024-04-03,META,rebalance_exit,False,Completed,0,-255,495.6117540876,116294.3103106515,0.0
2024-04-03,MSI,rebalance_exit,False,Completed,0,-363,344.5896774016,100044.4468289244,0.0
2024-04-05,SMCI,stop_loss,False,Completed,3,-964,95.0,96400.0,0.0
2024-04-05,SMCI,take_profit,False,Canceled,2,0,0.0,0.0,0.0
2024-04-09,NVDA,stop_loss,False,Completed,3,-1107,83.97883587057001,97857.44348286421,0.0
2024-04-09,NVDA,take_profit,False,Canceled,2,0,0.0,0.0,0.0
2024-04-10,FIX,stop_loss,False,Completed,3,-315,296.7572428851,98551.2039112125,0.0
2024-04-10,FIX,take_profit,False,Canceled,2,0,0.0,0.0,0.0
2024-04-10,WSM,stop_loss,False,Completed,3,-656,143.6403474796,99187.43994380801,0.0
2024-04-10,WSM,take_profit,False,Canceled,2,0,0.0,0.0,0.0
2024-04-16,VST,stop_loss,False,Completed,3,-1416,65.402596016305,97484.2904832504,0.0
2024-04-16,VST,take_profit,False,Canceled,2,0,0.0,0.0,0.0
2024-04-19,NTAP,stop_loss,False,Completed,3,-994,94.801489740495,99192.2955811074,0.0
2024-04-19,NTAP,take_profit,False,Canceled,2,0,0.0,0.0,0.0
2024-05-01,COR,stop_loss,False,Completed,3,-429,221.49721687568498,100023.4800417567,0.0
2024-05-01,COR,take_profit,False,Canceled,2,0,0.0,0.0,0.0
2024-05-02,LII,stop_loss,False,Completed,3,-215,441.487365759085,99915.56172442451,0.0
2024-05-02,LII,take_profit,False,Canceled,2,0,0.0,0.0,0.0
2024-05-02,APA,rebalance_entry,True,Completed,0,3567,27.6786809628,98729.8549943076,0.0
2024-05-02,COR,rebalance_entry,True,Completed,0,444,224.3286928713,99601.9396348572,0.0
2024-05-02,NRG,rebalance_entry,True,Completed,0,1398,72.121898094,100826.41353541201,0.0
2024-05-02,NVDA,rebalance_entry,True,Completed,0,1204,84.4020002289,101620.0082755956,0.0
2024-05-02,SMCI,rebalance_entry,True,Completed,0,1354,76.716,103873.46399999999,0.0
2024-05-02,VST,rebalance_entry,True,Completed,0,1318,76.4449132083,100754.39560853939,0.0
2024-05-02,WSM,rebalance_entry,True,Completed,0,726,138.8135931475,100778.668625085,0.0
2024-05-20,DELL,take_profit,False,Completed,2,-866,147.13072118771,98011.69580658221,0.0
2024-05-20,DELL,stop_loss,False,Canceled,3,0,0.0,0.0,0.0
2024-05-21,COR,stop_loss,False,Completed,3,-444,213.112258227735,99601.9396348572,0.0
2024-05-21,COR,take_profit,False,Canceled,2,0,0.0,0.0,0.0
2024-05-24,VST,take_profit,False,Completed,2,-1318,99.37838717078999,100754.39560853939,0.0
2024-05-24,VST,stop_loss,False,Canceled,3,0,0.0,0.0,0.0
2024-05-28,NVDA,take_profit,False,Completed,2,-1204,110.1826441194,101620.0082755956,0.0
2024-05-28,NVDA,stop_loss,False,Canceled,3,0,0.0,0.0,0.0
2024-06-04,APA,stop_loss,False,Canceled,3,0,0.0,0.0,0.0
2024-06-04,APA,take_profit,False,Canceled,2,0,0.0,0.0,0.0
2024-06-04,ORCL,stop_loss,False,Canceled,3,0,0.0,0.0,0.0
2024-06-04,ORCL,take_profit,False,Canceled,2,0,0.0,0.0,0.0
2024-06-04,CVNA,rebalance_entry,True,Completed,0,5052,19.76,99827.52,0.0
2024-06-04,HD,rebalance_entry,True,Completed,0,318,313.0732663889,99557.2987116702,0.0
2024-06-04,LII,rebalance_entry,True,Completed,0,205,485.8644304952,99602.208251516,0.0
2024-06-04,NVDA,rebalance_entry,True,Completed,0,870,115.6515986985,100616.890867695,0.0
2024-06-04,PHM,rebalance_entry,True,Completed,0,879,112.96529253159999,99296.49213527639,0.0
2024-06-04,URI,rebalance_entry,True,Completed,0,159,619.8527799843,98556.5920175037,0.0
2024-06-04,VST,rebalance_entry,True,Completed,0,1086,91.5463615245,99419.348615607,0.0
2024-06-05,APA,rebalance_exit,False,Completed,0,-3567,26.722976175300005,98729.8549943076,0.0
2024-06-05,ORCL,rebalance_exit,False,Completed,0,-988,119.0806084796,99199.6950059856,0.0
2024-06-06,VST,stop_loss,False,Completed,3,-1086,86.969043448275,99419.348615607,0.0
2024-06-06,VST,take_profit,False,Canceled,2,0,0.0,0.0,0.0
2024-06-07,PHM,stop_loss,False,Completed,3,-879,107.31702790501998,99296.49213527639,0.0
2024-06-07,PHM,take_profit,False,Canceled,2,0,0.0,0.0,0.0
2024-06-14,URI,stop_loss,False,Completed,3,-159,588.860140985085,98556.5920175037,0.0
2024-06-14,URI,take_profit,False,Canceled,2,0,0.0,0.0,0.0
2024-06-20,SMCI,take_profit,False,Completed,2,-1354,99.7308,103873.46399999999,0.0
2024-06-20,SMCI,stop_loss,False,Canceled,3,0,0.0,0.0,0.0
2024-06-25,CVNA,take_profit,False,Completed,2,-5052,25.688000000000002,99827.52,0.0
2024-06-25,CVNA,stop_loss,False,Canceled,3,0,0.0,0.0,0.0
2024-07-02,NRG,stop_loss,False,Canceled,3,0,0.0,0.0,0.0
2024-07-02,NRG,take_profit,False,Canceled,2,0,0.0,0.0,0.0
2024-07-02,WSM,stop_loss,False,Completed,3,-726,131.872913490125,100778.668625085,0.0
2024-07-02,WSM,take_profit,False,Canceled,2,0,0.0,0.0,0.0
2024-07-02,ANET,rebalance_entry,True,Completed,0,1121,89.3375,100147.33750000001,0.0
2024-07-02,CVNA,rebalance_entry,True,Completed,0,4020,25.0,100500.0,0.0
2024-07-02,KKR,rebalance_entry,True,Completed,0,968,102.9273195723,99633.6453459864,0.0
2024-07-02,NTAP,rebalance_entry,True,Completed,0,798,123.8882782679,98862.8460577842,0.0
2024-07-02,SMCI,rebalance_entry,True,Completed,0,1231,79.94,98406.14,0.0
2024-07-02,VRT,rebalance_entry,True,Completed,0,1156,85.9193679517,99322.7893521652,0.0
2024-07-03,NRG,rebalance_exit,False,Completed,0,-1398,75.62607107,100826.41353541201,0.0
2024-07-17,ANET,stop_loss,False,Completed,3,-1121,84.870625,100147.33750000001,0.0
2024-07-17,ANET,take_profit,False,Canceled,2,0,0.0,0.0,0.0
2024-07-17,VRT,stop_loss,False,Completed,3,-1156,81.623399554115,99322.7893521652,0.0
2024-07-17,VRT,take_profit,False,Canceled,2,0,0.0,0.0,0.0
2024-07-24,SMCI,stop_loss,False,Completed,3,-1231,75.943,98406.14,0.0
2024-07-24,SMCI,take_profit,False,Canceled,2,0,0.0,0.0,0.0
2024-07-25,NVDA,stop_loss,False,Completed,3,-870,109.86901876357499,100616.890867695,0.0
2024-07-25,NVDA,take_profit,False,Canceled,2,0,0.0,0.0,0.0
2024-07-30,NTAP,stop_loss,False,Completed,3,-798,117.693864354505,98862.8460577842,0.0
2024-07-30,NTAP,take_profit,False,Canceled,2,0,0.0,0.0,0.0
2024-08-02,KKR,stop_loss,False,Canceled,3,0,0.0,0.0,0.0
2024-08-02,KKR,take_profit,False,Canceled,2,0,0.0,0.0,0.0
2024-08-02,LII,stop_loss,False,Canceled,3,0,0.0,0.0,0.0
2024-08-02,LII,take_profit,False,Canceled,2,0,0.0,0.0,0.0
2024-08-02,ANET,rebalance_entry,True,Completed,0,1181,80.0,94480.0,0.0
2024-08-02,COR,rebalance_entry,True,Completed,0,415,236.1653318103,98008.6127012745,0.0
2024-08-02,FIX,rebalance_entry,True,Completed,0,308,309.0391521194,95184.0588527752,0.0
2024-08-02,NRG,rebalance_entry,True,Completed,0,1393,70.8917261678,98752.1745517454,0.0
2024-08-02,NVDA,rebalance_entry,True,Completed,0,916,103.7108295786,94999.1198939976,0.0
2024-08-02,SMCI,rebalance_entry,True,Completed,0,1487,63.0,93681.0,0.0
2024-08-02,VRT,rebalance_entry,True,Completed,0,1354,67.9891502988,92057.3095045752,0.0
2024-08-02,WSM,rebalance_entry,True,Completed,0,708,134.9670777762,95556.6910655496,0.0
2024-08-05,CVNA,stop_loss,False,Completed,3,-4020,23.75,100500.0,0.0
2024-08-05,CVNA,take_profit,False,Canceled,2,0,0.0,0.0,0.0
2024-08-05,ANET,stop_loss,False,Completed,3,-1181,75.0,94480.0,0.0
2024-08-05,ANET,take_profit,False,Canceled,2,0,0.0,0.0,0.0
2024-08-05,FIX,stop_loss,False,Completed,3,-308,273.6238615035,95184.0588527752,0.0
2024-08-05,FIX,take_profit,False,Canceled,2,0,0.0,0.0,0.0
2024-08-05,NRG,stop_loss,False,Completed,3,-1393,64.849873146,98752.1745517454,0.0
2024-08-05,NRG,take_profit,False,Canceled,2,0,0.0,0.0,0.0
2024-08-05,NVDA,stop_loss,False,Completed,3,-916,92.0163740459,94999.1198939976,0.0
2024-08-05,NVDA,take_profit,False,Canceled,2,0,0.0,0.0,0.0
2024-08-05,SMCI,stop_loss,False,Completed,3,-1487,53.559,93681.0,0.0
2024-08-05,SMCI,take_profit,False,Canceled,2,0,0.0,0.0,0.0
2024-08-05,VRT,stop_loss,False,Completed,3,-1354,62.2618576261,92057.3095045752,0.0
2024-08-05,VRT,take_profit,False,Canceled,2,0,0.0,0.0,0.0
2024-08-05,WSM,stop_loss,False,Completed,3,-708,125.1149683443,95556.6910655496,0.0
2024-08-05,WSM,take_profit,False,Canceled,2,0,0.0,0.0,0.0
2024-08-05,KKR,rebalance_exit,False,Completed,0,-968,100.5665106109,99633.6453459864,0.0
2024-08-05,LII,rebalance_exit,False,Completed,0,-205,506.7866982173,99602.208251516,0.0
2024-09-04,HD,stop_loss,False,Canceled,3,0,0.0,0.0,0.0
2024-09-04,HD,take_profit,False,Canceled,2,0,0.0,0.0,0.0
2024-09-04,CVNA,rebalance_entry,True,Completed,0,3459,29.0,100311.0,0.0
2024-09-04,DECK,rebalance_entry,True,Completed,0,667,148.6283333333,99135.09833331109,0.0
2024-09-04,FIX,rebalance_entry,True,Completed,0,319,311.3545949089,99322.1157759391,0.0
2024-09-04,NRG,rebalance_entry,True,Completed,0,1284,77.7534752379,99835.46220546361,0.0
2024-09-04,NVDA,rebalance_entry,True,Completed,0,926,105.3600476665,97563.404139179,0.0
2024-09-04,SMCI,rebalance_entry,True,Completed,0,2263,42.012,95073.156,0.0
2024-09-04,VRT,rebalance_entry,True,Completed,0,1332,73.9160002074,98456.1122762568,0.0
2024-09-04,VST,rebalance_entry,True,Completed,0,1334,74.7052855836,99656.8509685224,0.0
2024-09-04,WSM,rebalance_entry,True,Completed,0,782,126.40129717220002,98845.81438866041,0.0
2024-09-05,HD,rebalance_exit,False,Completed,0,-318,351.6404214443,99557.2987116702,0.0
2024-09-06,CVNA,stop_loss,False,Completed,3,-3459,27.55,100311.0,0.0
2024-09-06,CVNA,take_profit,False,Canceled,2,0,0.0,0.0,0.0
2024-09-06,SMCI,stop_loss,False,Completed,3,-2263,39.9114,95073.156,0.0
2024-09-06,SMCI,take_profit,False,Canceled,2,0,0.0,0.0,0.0
2024-09-18,COR,stop_loss,False,Completed,3,-415,224.35706521978497,98008.6127012745,0.0
2024-09-18,COR,take_profit,False,Canceled,2,0,0.0,0.0,0.0
2024-09-20,VST,take_profit,False,Completed,2,-1334,98.8810216907,99656.8509685224,0.0
2024-09-20,VST,stop_loss,False,Canceled,3,0,0.0,0.0,0.0
2024-09-23,VRT,take_profit,False,Completed,2,-1332,96.09080026962,98456.1122762568,0.0
2024-09-23,VRT,stop_loss,False,Canceled,3,0,0.0,0.0,0.0
2024-10-02,DECK,stop_loss,False,Canceled,3,0,0.0,0.0,0.0
2024-10-02,DECK,take_profit,False,Canceled,2,0,0.0,0.0,0.0
2024-10-02,EME,rebalance_entry,True,Completed,0,234,423.4570173903,99088.9420693302,0.0
2024-10-02,HD,rebalance_entry,True,Completed,0,253,392.8851735348,99399.9489043044,0.0
2024-10-02,LII,rebalance_entry,True,Completed,0,170,582.8095796483,99077.628540211,0.0
2024-10-02,SMCI,rebalance_entry,True,Completed,0,2466,40.01,98664.65999999999,0.0
2024-10-02,VRT,rebalance_entry,True,Completed,0,1026,97.0225740178,99545.1609422628,0.0
2024-10-02,VST,rebalance_entry,True,Completed,0,822,119.0280422538,97841.0507326236,0.0
2024-10-03,DECK,rebalance_exit,False,Completed,0,-667,157.11,99135.09833331109,0.0
2024-10-04,FIX,take_profit,False,Completed,2,-319,404.76097338157007,99322.1157759391,0.0
2024-10-04,FIX,stop_loss,False,Canceled,3,0,0.0,0.0,0.0
2024-10-14,NVDA,take_profit,False,Completed,2,-926,136.96806196645,97563.404139179,0.0
2024-10-14,NVDA,stop_loss,False,Canceled,3,0,0.0,0.0,0.0
2024-10-30,SMCI,stop_loss,False,Completed,3,-2466,34.85,98664.65999999999,0.0
2024-10-30,SMCI,take_profit,False,Canceled,2,0,0.0,0.0,0.0
2024-11-04,HD,stop_loss,False,Canceled,3,0,0.0,0.0,0.0
2024-11-04,HD,take_profit,False,Canceled,2,0,0.0,0.0,0.0
2024-11-04,LII,stop_loss,False,Canceled,3,0,0.0,0.0,0.0
2024-11-04,LII,take_profit,False,Canceled,2,0,0.0,0.0,0.0
2024-11-04,NRG,stop_loss,False,Canceled,3,0,0.0,0.0,0.0
2024-11-04,NRG,take_profit,False,Canceled,2,0,0.0,0.0,0.0
2024-11-04,VST,stop_loss,False,Completed,3,-822,113.07664014111,97841.0507326236,0.0
2024-11-04,VST,take_profit,False,Canceled,2,0,0.0,0.0,0.0
2024-11-04,CL,rebalance_entry,True,Completed,0,1110,89.977544329,99875.07420519,0.0
2024-11-04,FIX,rebalance_entry,True,Completed,0,256,387.6938121061,99249.6158991616,0.0
2024-11-04,GDDY,rebalance_entry,True,Completed,0,612,163.35,99970.2,0.0
2024-11-04,MSI,rebalance_entry,True,Completed,0,223,448.9571015026,100117.4336350798,0.0
2024-11-04,NVDA,rebalance_entry,True,Completed,0,738,137.156489334,101221.48912849202,0.0
2024-11-04,RCL,rebalance_entry,True,Completed,0,505,197.1604724554,99566.038589977,0.0
2024-11-05,HD,rebalance_exit,False,Completed,0,-253,380.6177507752,99399.9489043044,0.0
2024-11-05,LII,rebalance_exit,False,Completed,0,-170,597.6181663996,99077.628540211,0.0
2024-11-05,NRG,rebalance_exit,False,Completed,0,-1284,86.4249746418,99835.46220546361,0.0
2024-11-11,VRT,take_profit,False,Completed,2,-1026,129.8990639689,99545.1609422628,0.0
2024-11-11,VRT,stop_loss,False,Canceled,3,0,0.0,0.0,0.0
2024-11-20,WSM,take_profit,False,Completed,2,-782,168.29543933149998,98845.81438866041,0.0
2024-11-20,WSM,stop_loss,False,Canceled,3,0,0.0,0.0,0.0
2024-11-26,FIX,take_profit,False,Completed,2,-256,504.00195573793,99249.6158991616,0.0
2024-11-26,FIX,stop_loss,False,Canceled,3,0,0.0,0.0,0.0
2024-12-03,EME,stop_loss,False,Canceled,3,0,0.0,0.0,0.0
2024-12-03,EME,take_profit,False,Canceled,2,0,0.0,0.0,0.0
2024-12-03,MSI,stop_loss,False,Canceled,3,0,0.0,0.0,0.0
2024-12-03,MSI,take_profit,False,Canceled,2,0,0.0,0.0,0.0
2024-12-03,RCL,stop_loss,False,Canceled,3,0,0.0,0.0,0.0
2024-12-03,RCL,take_profit,False,Canceled,2,0,0.0,0.0,0.0
2024-12-03,FIX,rebalance_entry,True,Completed,0,205,489.1094639086,100267.440101263,0.0
2024-12-03,FTNT,rebalance_entry,True,Completed,0,1049,95.0,99655.0,0.0
2024-12-03,IBKR,rebalance_entry,True,Completed,0,2170,46.5021399266,100909.643640722,0.0
2024-12-03,TPL,rebalance_entry,True,Completed,0,201,500.159242584,100532.00775938401,0.0
2024-12-03,TRGP,rebalance_entry,True,Completed,0,530,189.408643362,100386.58098186,0.0
2024-12-03,VRT,rebalance_entry,True,Completed,0,788,127.6308520157,100573.1113883716,0.0
2024-12-03,VST,rebalance_entry,True,Completed,0,654,154.3150728562,100922.0576479548,0.0
2024-12-04,TPL,stop_loss,False,Completed,3,-201,475.15128045480003,100532.00775938401,0.0
2024-12-04,TPL,take_profit,False,Canceled,2,0,0.0,0.0,0.0
2024-12-04,EME,rebalance_exit,False,Completed,0,-234,509.4707617548,99088.9420693302,0.0
2024-12-04,MSI,rebalance_exit,False,Completed,0,-223,489.3821391215,100117.4336350798,0.0
2024-12-04,RCL,rebalance_exit,False,Completed,0,-505,240.9869718723,99566.038589977,0.0
2024-12-09,FIX,stop_loss,False,Completed,3,-205,464.65399071316995,100267.440101263,0.0
2024-12-09,FIX,take_profit,False,Canceled,2,0,0.0,0.0,0.0
2024-12-09,VST,stop_loss,False,Completed,3,-654,146.59931921339,100922.0576479548,0.0
2024-12-09,VST,take_profit,False,Canceled,2,0,0.0,0.0,0.0
2024-12-10,IBKR,stop_loss,False,Completed,3,-2170,44.17703293027,100909.643640722,0.0
2024-12-10,IBKR,take_profit,False,Canceled,2,0,0.0,0.0,0.0
2024-12-10,TRGP,stop_loss,False,Completed,3,-530,179.93821119389997,100386.58098186,0.0
2024-12-10,TRGP,take_profit,False,Canceled,2,0,0.0,0.0,0.0
2024-12-10,VRT,stop_loss,False,Completed,3,-788,121.24930941491499,100573.1113883716,0.0
2024-12-10,VRT,take_profit,False,Canceled,2,0,0.0,0.0,0.0
2024-12-17,NVDA,stop_loss,False,Completed,3,-738,129.0485516667,101221.48912849202,0.0
2024-12-17,NVDA,take_profit,False,Canceled,2,0,0.0,0.0,0.0
2025-01-03,DECK,rebalance_entry,True,Completed,0,488,206.18,100615.84,0.0
2025-01-03,EME,rebalance_entry,True,Completed,0,219,458.10896298049994,100325.86289272949,0.0
2025-01-03,LYV,rebalance_entry,True,Completed,0,773,129.61,100188.53000000001,0.0
2025-01-03,NVDA,rebalance_entry,True,Completed,0,723,139.9650454633,101194.7278699659,0.0
2025-01-03,UAL,rebalance_entry,True,Completed,0,1047,95.4,99883.8,0.0
2025-01-03,VST,rebalance_entry,True,Completed,0,672,153.2881962953,103009.6679104416,0.0
2025-01-03,WSM,rebalance_entry,True,Completed,0,544,184.7512542923,100504.6823350112,0.0
2025-01-06,CL,stop_loss,False,Completed,3,-1110,85.47866711255,99875.07420519,0.0
2025-01-06,CL,take_profit,False,Canceled,2,0,0.0,0.0,0.0
2025-01-13,DECK,stop_loss,False,Completed,3,-488,195.871,100615.84,0.0
2025-01-13,DECK,take_profit,False,Canceled,2,0,0.0,0.0,0.0
2025-01-13,NVDA,stop_loss,False,Completed,3,-723,129.9482626939,101194.7278699659,0.0
2025-01-13,NVDA,take_profit,False,Canceled,2,0,0.0,0.0,0.0
2025-01-27,EME,stop_loss,False,Completed,3,-219,435.20351483147493,100325.86289272949,0.0
2025-01-27,EME,take_profit,False,Canceled,2,0,0.0,0.0,0.0
2025-01-27,VST,stop_loss,False,Completed,3,-672,145.623786480535,103009.6679104416,0.0
2025-01-27,VST,take_profit,False,Canceled,2,0,0.0,0.0,0.0
2025-01-28,GDDY,take_profit,False,Completed,2,-612,212.355,99970.2,0.0
2025-01-28,GDDY,stop_loss,False,Canceled,3,0,0.0,0.0,0.0
2025-02-04,GDDY,rebalance_entry,True,Completed,0,470,214.37,100753.90000000001,0.0
2025-02-04,HD,rebalance_entry,True,Completed,0,252,396.7079066115,99970.392466098,0.0
2025-02-04,IBKR,rebalance_entry,True,Completed,0,1803,55.46805227809999,100008.89825741429,0.0
2025-02-04,MMM,rebalance_entry,True,Completed,0,685,145.2626115447,99504.88890811951,0.0
2025-02-04,TRGP,rebalance_entry,True,Completed,0,509,194.6032181801,99053.0380536709,0.0
2025-02-04,VST,rebalance_entry,True,Completed,0,597,167.3498758726,99907.8758959422,0.0
2025-02-12,GDDY,stop_loss,False,Completed,3,-470,203.6515,100753.90000000001,0.0
2025-02-12,GDDY,take_profit,False,Canceled,2,0,0.0,0.0,0.0
2025-02-20,VST,stop_loss,False,Completed,3,-597,158.98238207896998,99907.8758959422,0.0
2025-02-20,VST,take_profit,False,Canceled,2,0,0.0,0.0,0.0
2025-02-21,HD,stop_loss,False,Completed,3,-252,376.872511280925,99970.392466098,0.0
2025-02-21,HD,take_profit,False,Canceled,2,0,0.0,0.0,0.0
2025-02-24,IBKR,stop_loss,False,Completed,3,-1803,52.69464966419499,100008.89825741429,0.0
2025-02-24,IBKR,take_profit,False,Canceled,2,0,0.0,0.0,0.0
2025-02-25,TRGP,stop_loss,False,Completed,3,-509,184.87305727109498,99053.0380536709,0.0
2025-02-25,TRGP,take_profit,False,Canceled,2,0,0.0,0.0,0.0
2025-03-03,UAL,stop_loss,False,Completed,3,-1047,90.63,99883.8,0.0
2025-03-03,UAL,take_profit,False,Canceled,2,0,0.0,0.0,0.0
2025-03-04,WSM,stop_loss,False,Canceled,3,0,0.0,0.0,0.0
2025-03-04,WSM,take_profit,False,Canceled,2,0,0.0,0.0,0.0
2025-03-04,CL,rebalance_entry,True,Completed,0,1110,90.4777470475,100430.299222725,0.0
2025-03-04,CLX,rebalance_entry,True,Completed,0,676,149.074427999,100774.313327324,0.0
2025-03-04,FOXA,rebalance_entry,True,Completed,0,1778,56.0970596901,99740.5721289978,0.0
2025-03-04,GDDY,rebalance_entry,True,Completed,0,562,175.26,98496.12,0.0
2025-03-04,HD,rebalance_entry,True,Completed,0,264,374.078186462,98756.64122596801,0.0
2025-03-04,KMB,rebalance_entry,True,Completed,0,734,136.9830262046,100545.5412341764,0.0
2025-03-04,VRSK,rebalance_entry,True,Completed,0,334,299.0822193065,99893.46124837101,0.0
2025-03-05,WSM,rebalance_exit,False,Completed,0,-544,180.5219369456,100504.6823350112,0.0
2025-03-06,CLX,stop_loss,False,Completed,3,-676,141.62070659904998,100774.313327324,0.0
2025-03-06,CLX,take_profit,False,Canceled,2,0,0.0,0.0,0.0
2025-03-07,LYV,stop_loss,False,Completed,3,-773,123.12950000000002,100188.53000000001,0.0
2025-03-07,LYV,take_profit,False,Canceled,2,0,0.0,0.0,0.0
2025-03-07,MMM,stop_loss,False,Completed,3,-685,137.999480967465,99504.88890811951,0.0
2025-03-07,MMM,take_profit,False,Canceled,2,0,0.0,0.0,0.0
2025-03-10,FOXA,stop_loss,False,Completed,3,-1778,53.29220670559499,99740.5721289978,0.0
2025-03-10,FOXA,take_profit,False,Canceled,2,0,0.0,0.0,0.0
2025-03-11,HD,stop_loss,False,Completed,3,-264,355.3742771389,98756.64122596801,0.0
2025-03-11,HD,take_profit,False,Canceled,2,0,0.0,0.0,0.0
2025-03-12,VRSK,stop_loss,False,Completed,3,-334,284.128108341175,99893.46124837101,0.0
2025-03-12,VRSK,take_profit,False,Canceled,2,0,0.0,0.0,0.0
2025-04-02,CLX,rebalance_entry,True,Completed,0,713,140.3705976293,100084.2361096909,0.0
2025-04-02,COR,rebalance_entry,True,Completed,0,363,274.4939477124,99641.3030196012,0.0
2025-04-02,FOXA,rebalance_entry,True,Completed,0,1808,55.0384736487,99509.5603568496,0.0
2025-04-02,HD,rebalance_entry,True,Completed,0,280,353.5519892103,98994.55697888401,0.0
2025-04-02,MMM,rebalance_entry,True,Completed,0,693,142.3135322056,98623.27781848081,0.0
2025-04-02,VRSK,rebalance_entry,True,Completed,0,337,296.6412242849,99968.09258401129,0.0
2025-04-03,FTNT,stop_loss,False,Completed,3,-1049,90.25,99655.0,0.0
2025-04-03,FTNT,take_profit,False,Canceled,2,0,0.0,0.0,0.0
2025-04-03,FOXA,stop_loss,False,Completed,3,-1808,52.286549966265,99509.5603568496,0.0
2025-04-03,FOXA,take_profit,False,Canceled,2,0,0.0,0.0,0.0
2025-04-04,GDDY,stop_loss,False,Completed,3,-562,166.49699999999999,98496.12,0.0
2025-04-04,GDDY,take_profit,False,Canceled,2,0,0.0,0.0,0.0
2025-04-04,MMM,stop_loss,False,Completed,3,-693,131.0620608515,98623.27781848081,0.0
2025-04-04,MMM,take_profit,False,Canceled,2,0,0.0,0.0,0.0
2025-04-07,CL,stop_loss,False,Completed,3,-1110,85.953859695125,100430.299222725,0.0
2025-04-07,CL,take_profit,False,Canceled,2,0,0.0,0.0,0.0
2025-04-07,KMB,stop_loss,False,Completed,3,-734,129.4326169894,100545.5412341764,0.0
2025-04-07,KMB,take_profit,False,Canceled,2,0,0.0,0.0,0.0
2025-04-07,CLX,stop_loss,False,Completed,3,-713,133.35206774783498,100084.2361096909,0.0
2025-04-07,CLX,take_profit,False,Canceled,2,0,0.0,0.0,0.0
2025-04-07,HD,stop_loss,False,Completed,3,-280,335.7456693654,98994.55697888401,0.0
2025-04-07,HD,take_profit,False,Canceled,2,0,0.0,0.0,0.0
2025-04-07,VRSK,stop_loss,False,Completed,3,-337,281.80916307065496,99968.09258401129,0.0
2025-04-07,VRSK,take_profit,False,Canceled,2,0,0.0,0.0,0.0
2025-05-02,COR,stop_loss,False,Canceled,3,0,0.0,0.0,0.0
2025-05-02,COR,take_profit,False,Canceled,2,0,0.0,0.0,0.0
2025-05-02,APP,rebalance_entry,True,Completed,0,357,291.99,104240.43000000001,0.0
2025-05-02,CL,rebalance_entry,True,Completed,0,1130,88.824642395,100371.84590634999,0.0
2025-05-02,CLX,rebalance_entry,True,Completed,0,754,133.6153390115,100745.965614671,0.0
2025-05-02,FTNT,rebalance_entry,True,Completed,0,959,105.705,101371.095,0.0
2025-05-02,GDDY,rebalance_entry,True,Completed,0,519,172.7,89631.29999999999,0.0
2025-05-02,HD,rebalance_entry,True,Completed,0,286,353.0839150851,100981.9997143386,0.0
2025-05-02,LYV,rebalance_entry,True,Completed,0,761,131.68,100208.48000000001,0.0
2025-05-02,TPL,rebalance_entry,True,Completed,0,231,439.6390155746,101556.6125977326,0.0
2025-05-02,VRSK,rebalance_entry,True,Completed,0,342,295.6588700048,101115.33354164161,0.0
2025-05-02,VST,rebalance_entry,True,Completed,0,732,138.1891651139,101154.4688633748,0.0
2025-05-05,COR,rebalance_exit,False,Completed,0,-363,290.8789846865,99641.3030196012,0.0
2025-05-06,CLX,stop_loss,False,Completed,3,-754,126.93457206092499,100745.965614671,0.0
2025-05-06,CLX,take_profit,False,Canceled,2,0,0.0,0.0,0.0
2025-05-08,FTNT,stop_loss,False,Completed,3,-959,97.6,101371.095,0.0
2025-05-08,FTNT,take_profit,False,Canceled,2,0,0.0,0.0,0.0
2025-05-13,APP,take_profit,False,Completed,2,-357,379.58700000000005,104240.43000000001,0.0
2025-05-13,APP,stop_loss,False,Canceled,3,0,0.0,0.0,0.0
2025-05-23,TPL,stop_loss,False,Completed,3,-231,415.4939297057,101556.6125977326,0.0
2025-05-23,TPL,take_profit,False,Canceled,2,0,0.0,0.0,0.0
2025-06-03,CL,stop_loss,False,Canceled,3,0,0.0,0.0,0.0
2025-06-03,CL,take_profit,False,Canceled,2,0,0.0,0.0,0.0
2025-06-03,HD,stop_loss,False,Canceled,3,0,0.0,0.0,0.0
2025-06-03,HD,take_profit,False,Canceled,2,0,0.0,0.0,0.0
2025-06-03,APP,rebalance_entry,True,Completed,0,248,401.91,99673.68000000001,0.0
2025-06-03,COR,rebalance_entry,True,Completed,0,344,293.3060743624,100897.2895806656,0.0
2025-06-03,DVA,rebalance_entry,True,Completed,0,743,134.0,99562.0,0.0
2025-06-03,FTNT,rebalance_entry,True,Completed,0,975,102.26,99703.5,0.0
2025-06-03,KMB,rebalance_entry,True,Completed,0,737,134.9577053968,99463.8288774416,0.0
2025-06-03,NRG,rebalance_entry,True,Completed,0,638,158.8022404646,101315.8294164148,0.0
2025-06-04,CL,rebalance_exit,False,Completed,0,-1130,88.4637648537,100371.84590634999,0.0
2025-06-04,HD,rebalance_exit,False,Completed,0,-286,363.8106137869,100981.9997143386,0.0
2025-06-05,KMB,stop_loss,False,Completed,3,-737,128.20982012696,99463.8288774416,0.0
2025-06-05,KMB,take_profit,False,Canceled,2,0,0.0,0.0,0.0
2025-06-10,APP,stop_loss,False,Completed,3,-248,381.8145,99673.68000000001,0.0
2025-06-10,APP,take_profit,False,Canceled,2,0,0.0,0.0,0.0
2025-06-10,NRG,stop_loss,False,Completed,3,-638,150.86212844137,101315.8294164148,0.0
2025-06-10,NRG,take_profit,False,Canceled,2,0,0.0,0.0,0.0
2025-06-17,VST,take_profit,False,Completed,2,-732,179.64591464807,101154.4688633748,0.0
2025-06-17,VST,stop_loss,False,Canceled,3,0,0.0,0.0,0.0
2025-07-02,COR,stop_loss,False,Canceled,3,0,0.0,0.0,0.0
2025-07-02,COR,take_profit,False,Canceled,2,0,0.0,0.0,0.0
2025-07-02,VRSK,stop_loss,False,Canceled,3,0,0.0,0.0,0.0
2025-07-02,VRSK,take_profit,False,Canceled,2,0,0.0,0.0,0.0
2025-07-02,APP,rebalance_entry,True,Completed,0,297,342.53,101731.40999999999,0.0
2025-07-02,CVNA,rebalance_entry,True,Completed,0,1478,67.616,99936.448,0.0
2025-07-02,HD,rebalance_entry,True,Completed,0,273,366.6309424403,100090.24728620189,0.0
2025-07-02,JBL,rebalance_entry,True,Completed,0,463,216.6845254087,100324.9352642281,0.0
2025-07-02,RCL,rebalance_entry,True,Completed,0,321,312.8488060674,100424.46674763541,0.0
2025-07-02,VST,rebalance_entry,True,Completed,0,542,183.9565518332,99704.4510935944,0.0
2025-07-03,COR,rebalance_exit,False,Completed,0,-344,290.3285492437,100897.2895806656,0.0
2025-07-03,VRSK,rebalance_exit,False,Completed,0,-342,298.9444175641,101115.33354164161,0.0
2025-07-16,HD,stop_loss,False,Completed,3,-273,348.29939531828495,100090.24728620189,0.0
2025-07-16,HD,take_profit,False,Canceled,2,0,0.0,0.0,0.0
2025-07-30,GDDY,stop_loss,False,Completed,3,-519,164.06499999999997,89631.29999999999,0.0
2025-07-30,GDDY,take_profit,False,Canceled,2,0,0.0,0.0,0.0
2025-08-01,FTNT,stop_loss,False,Completed,3,-975,97.147,99703.5,0.0
2025-08-01,FTNT,take_profit,False,Canceled,2,0,0.0,0.0,0.0
2025-08-04,CVNA,stop_loss,False,Canceled,3,0,0.0,0.0,0.0
2025-08-04,CVNA,take_profit,False,Canceled,2,0,0.0,0.0,0.0
2025-08-04,JBL,stop_loss,False,Canceled,3,0,0.0,0.0,0.0
2025-08-04,JBL,take_profit,False,Canceled,2,0,0.0,0.0,0.0
2025-08-04,EME,rebalance_entry,True,Completed,0,160,630.4713328135,100875.41325016,0.0
2025-08-04,FIX,rebalance_entry,True,Completed,0,144,705.0672838045,101529.688867848,0.0
2025-08-04,HOOD,rebalance_entry,True,Completed,0,1001,101.22899999999998,101330.22899999999,0.0
2025-08-04,IBKR,rebalance_entry,True,Completed,0,1579,64.0334227131,101108.7744639849,0.0
2025-08-04,TPR,rebalance_entry,True,Completed,0,950,107.1293628698,101772.89472631,0.0
2025-08-05,CVNA,rebalance_exit,False,Completed,0,-1478,73.018,99936.448,0.0
2025-08-05,JBL,rebalance_exit,False,Completed,0,-463,223.80514423229997,100324.9352642281,0.0
2025-08-06,DVA,stop_loss,False,Completed,3,-743,127.3,99562.0,0.0
2025-08-06,DVA,take_profit,False,Canceled,2,0,0.0,0.0,0.0
2025-08-07,APP,take_profit,False,Completed,2,-297,445.28899999999993,101731.40999999999,0.0
2025-08-07,APP,stop_loss,False,Canceled,3,0,0.0,0.0,0.0
2025-08-11,RCL,stop_loss,False,Completed,3,-321,296.4361258969,100424.46674763541,0.0
2025-08-11,RCL,take_profit,False,Canceled,2,0,0.0,0.0,0.0
2025-08-14,TPR,stop_loss,False,Completed,3,-950,94.9917971293,101772.89472631,0.0
2025-08-14,TPR,take_profit,False,Canceled,2,0,0.0,0.0,0.0
2025-08-15,EME,stop_loss,False,Completed,3,-160,598.947766172825,100875.41325016,0.0
2025-08-15,EME,take_profit,False,Canceled,2,0,0.0,0.0,0.0
2025-08-20,FIX,stop_loss,False,Completed,3,-144,669.8139196142749,101529.688867848,0.0
2025-08-20,FIX,take_profit,False,Canceled,2,0,0.0,0.0,0.0
2025-08-20,IBKR,stop_loss,False,Completed,3,-1579,60.83175157744499,101108.7744639849,0.0
2025-08-20,IBKR,take_profit,False,Canceled,2,0,0.0,0.0,0.0
2025-09-03,HOOD,stop_loss,False,Canceled,3,0,0.0,0.0,0.0
2025-09-03,HOOD,take_profit,False,Canceled,2,0,0.0,0.0,0.0
2025-09-03,APP,rebalance_entry,True,Completed,0,207,487.69,100951.83,0.0
2025-09-03,CCL,rebalance_entry,True,Completed,0,3243,30.887296120900004,100167.5013200787,0.0
2025-09-03,EXPE,rebalance_entry,True,Completed,0,474,211.1971592205,100107.453470517,0.0
2025-09-03,FIX,rebalance_entry,True,Completed,0,143,700.0572394331,100108.18523893329,0.0
2025-09-03,HD,rebalance_entry,True,Completed,0,250,397.3384732347,99334.61830867501,0.0
2025-09-03,MA,rebalance_entry,True,Completed,0,169,589.1244640882,99562.03443090581,0.0
2025-09-03,RCL,rebalance_entry,True,Completed,0,285,350.5060752605,99894.23144924249,0.0
2025-09-03,UAL,rebalance_entry,True,Completed,0,955,105.1,100370.5,0.0
2025-09-04,HOOD,rebalance_exit,False,Completed,0,-1001,100.75,101330.22899999999,0.0
2025-09-10,LYV,take_profit,False,Completed,2,-761,171.18400000000003,100208.48000000001,0.0
2025-09-10,LYV,stop_loss,False,Canceled,3,0,0.0,0.0,0.0
2025-09-10,RCL,stop_loss,False,Completed,3,-285,332.98077149747496,99894.23144924249,0.0
2025-09-10,RCL,take_profit,False,Canceled,2,0,0.0,0.0,0.0
2025-09-19,APP,take_profit,False,Completed,2,-207,633.9970000000001,100951.83,0.0
2025-09-19,APP,stop_loss,False,Canceled,3,0,0.0,0.0,0.0
2025-09-25,UAL,stop_loss,False,Completed,3,-955,99.84499999999998,100370.5,0.0
2025-09-25,UAL,take_profit,False,Canceled,2,0,0.0,0.0,0.0
2025-09-29,CCL,stop_loss,False,Completed,3,-3243,29.342931314855,100167.5013200787,0.0
2025-09-29,CCL,take_profit,False,Canceled,2,0,0.0,0.0,0.0
2025-10-02,FIX,stop_loss,False,Canceled,3,0,0.0,0.0,0.0
2025-10-02,FIX,take_profit,False,Canceled,2,0,0.0,0.0,0.0
2025-10-02,HD,stop_loss,False,Canceled,3,0,0.0,0.0,0.0
2025-10-02,HD,take_profit,False,Canceled,2,0,0.0,0.0,0.0
2025-10-02,MA,stop_loss,False,Canceled,3,0,0.0,0.0,0.0
2025-10-02,MA,take_profit,False,Canceled,2,0,0.0,0.0,0.0
2025-10-02,VST,stop_loss,False,Canceled,3,0,0.0,0.0,0.0
2025-10-02,VST,take_profit,False,Canceled,2,0,0.0,0.0,0.0
2025-10-02,AAPL,rebalance_entry,True,Completed,0,392,255.8491686248,100292.8741009216,0.0
2025-10-02,APP,rebalance_entry,True,Completed,0,142,710.19,100846.98000000001,0.0
2025-10-02,CLX,rebalance_entry,True,Completed,0,843,117.9699388246,99448.65842913781,0.0
2025-10-02,COR,rebalance_entry,True,Completed,0,322,306.5252941269,98701.1447088618,0.0
2025-10-02,GDDY,rebalance_entry,True,Completed,0,756,133.17,100676.51999999999,0.0
2025-10-02,NEM,rebalance_entry,True,Completed,0,1172,86.2915866428,101133.7395453616,0.0
2025-10-02,NRG,rebalance_entry,True,Completed,0,623,161.5435436129,100641.62767083671,0.0
2025-10-02,RCL,rebalance_entry,True,Completed,0,319,312.9604098128,99834.37073028319,0.0
2025-10-02,WDC,rebalance_entry,True,Completed,0,766,135.8389323588,104052.6221868408,0.0
2025-10-03,APP,stop_loss,False,Completed,3,-142,674.6805,100846.98000000001,0.0
2025-10-03,APP,take_profit,False,Canceled,2,0,0.0,0.0,0.0
2025-10-03,FIX,rebalance_exit,False,Completed,0,-143,836.7460636473,100108.18523893329,0.0
2025-10-03,HD,rebalance_exit,False,Completed,0,-250,388.8919614546,99334.61830867501,0.0
2025-10-03,MA,rebalance_exit,False,Completed,0,-169,573.7948647996,99562.03443090581,0.0
2025-10-03,VST,rebalance_exit,False,Completed,0,-542,203.7451646538,99704.4510935944,0.0
2025-10-06,WDC,stop_loss,False,Completed,3,-766,129.04698574086,104052.6221868408,0.0
2025-10-06,WDC,take_profit,False,Canceled,2,0,0.0,0.0,0.0
2025-10-16,RCL,stop_loss,False,Completed,3,-319,297.31238932215996,99834.37073028319,0.0
2025-10-16,RCL,take_profit,False,Canceled,2,0,0.0,0.0,0.0
2025-10-24,NEM,stop_loss,False,Completed,3,-1172,81.9338267744,101133.7395453616,0.0
2025-10-24,NEM,take_profit,False,Canceled,2,0,0.0,0.0,0.0
2025-10-28,CLX,stop_loss,False,Completed,3,-843,112.07144188337,99448.65842913781,0.0
2025-10-28,CLX,take_profit,False,Canceled,2,0,0.0,0.0,0.0
2025-10-29,GDDY,stop_loss,False,Completed,3,-756,126.51149999999998,100676.51999999999,0.0
2025-10-29,GDDY,take_profit,False,Canceled,2,0,0.0,0.0,0.0
2025-11-04,AAPL,stop_loss,False,Canceled,3,0,0.0,0.0,0.0
2025-11-04,AAPL,take_profit,False,Canceled,2,0,0.0,0.0,0.0
2025-11-04,EXPE,stop_loss,False,Canceled,3,0,0.0,0.0,0.0
2025-11-04,EXPE,take_profit,False,Canceled,2,0,0.0,0.0,0.0
2025-11-04,NRG,stop_loss,False,Canceled,3,0,0.0,0.0,0.0
2025-11-04,NRG,take_profit,False,Canceled,2,0,0.0,0.0,0.0
2025-11-04,APP,rebalance_entry,True,Completed,0,158,630.175,99567.65,0.0
2025-11-04,CAT,rebalance_entry,True,Completed,0,176,562.5828858229,99014.5879048304,0.0
2025-11-04,FIX,rebalance_entry,True,Completed,0,102,955.4439988663001,97455.28788436261,0.0
2025-11-04,HOOD,rebalance_entry,True,Completed,0,679,139.87,94971.73,0.0
2025-11-04,KLAC,rebalance_entry,True,Completed,0,82,1193.0890530752,97833.30235216639,0.0
2025-11-04,LITE,rebalance_entry,True,Completed,0,501,187.8,94087.8,0.0
2025-11-04,LRCX,rebalance_entry,True,Completed,0,621,155.1961627419,96376.8170627199,0.0
2025-11-04,MU,rebalance_entry,True,Completed,0,426,221.9497945883,94550.6124946158,0.0
2025-11-04,WDC,rebalance_entry,True,Completed,0,633,151.1496509314,95677.7290395762,0.0
2025-11-05,APP,stop_loss,False,Completed,3,-158,598.6662499999999,99567.65,0.0
2025-11-05,APP,take_profit,False,Canceled,2,0,0.0,0.0,0.0
2025-11-05,AAPL,rebalance_exit,False,Completed,0,-392,267.850122515,100292.8741009216,0.0
2025-11-05,EXPE,rebalance_exit,False,Completed,0,-474,209.2880323575,100107.453470517,0.0
2025-11-05,NRG,rebalance_exit,False,Completed,0,-623,166.6513432302,100641.62767083671,0.0
2025-11-06,HOOD,stop_loss,False,Completed,3,-679,132.8765,94971.73,0.0
2025-11-06,HOOD,take_profit,False,Canceled,2,0,0.0,0.0,0.0
2025-11-06,LITE,take_profit,False,Completed,2,-501,244.14000000000001,94087.8,0.0
2025-11-06,LITE,stop_loss,False,Canceled,3,0,0.0,0.0,0.0
2025-11-13,FIX,stop_loss,False,Completed,3,-102,907.6717989229851,97455.28788436261,0.0
2025-11-13,FIX,take_profit,False,Canceled,2,0,0.0,0.0,0.0
2025-11-14,KLAC,stop_loss,False,Completed,3,-82,1130.6963306034,97833.30235216639,0.0
2025-11-14,KLAC,take_profit,False,Canceled,2,0,0.0,0.0,0.0
2025-11-14,LRCX,stop_loss,False,Completed,3,-621,147.0938121522,96376.8170627199,0.0
2025-11-14,LRCX,take_profit,False,Canceled,2,0,0.0,0.0,0.0
2025-11-20,MU,stop_loss,False,Completed,3,-426,210.852304858885,94550.6124946158,0.0
2025-11-20,MU,take_profit,False,Canceled,2,0,0.0,0.0,0.0
2025-11-20,WDC,stop_loss,False,Completed,3,-633,143.59216838483,95677.7290395762,0.0
2025-11-20,WDC,take_profit,False,Canceled,2,0,0.0,0.0,0.0
2025-12-02,CAT,stop_loss,False,Canceled,3,0,0.0,0.0,0.0
2025-12-02,CAT,take_profit,False,Canceled,2,0,0.0,0.0,0.0
2025-12-02,COR,stop_loss,False,Canceled,3,0,0.0,0.0,0.0
2025-12-02,COR,take_profit,False,Canceled,2,0,0.0,0.0,0.0
2025-12-02,APP,rebalance_entry,True,Completed,0,160,632.53,101204.79999999999,0.0
2025-12-02,AVGO,rebalance_entry,True,Completed,0,260,386.7926417529,100566.08685575401,0.0
2025-12-02,EXPE,rebalance_entry,True,Completed,0,387,258.9585471845,100216.95776040149,0.0
2025-12-02,GOOGL,rebalance_entry,True,Completed,0,318,316.3112989838,100586.99307684839,0.0
2025-12-02,HOOD,rebalance_entry,True,Completed,0,811,125.25,101577.75,0.0
2025-12-02,IDXX,rebalance_entry,True,Completed,0,137,732.4,100338.8,0.0
2025-12-02,LLY,rebalance_entry,True,Completed,0,94,1049.0160852856,98607.51201684639,0.0
2025-12-02,LRCX,rebalance_entry,True,Completed,0,647,155.4155494656,100553.8605042432,0.0
2025-12-02,RL,rebalance_entry,True,Completed,0,274,363.9370376075,99718.74830445499,0.0
2025-12-02,WDC,rebalance_entry,True,Completed,0,612,166.7899544439,102075.4521196668,0.0
2025-12-03,WDC,stop_loss,False,Completed,3,-612,158.450456721705,102075.4521196668,0.0
2025-12-03,WDC,take_profit,False,Canceled,2,0,0.0,0.0,0.0
2025-12-03,CAT,rebalance_exit,False,Completed,0,-176,578.9127253406,99014.5879048304,0.0
2025-12-03,COR,rebalance_exit,False,Completed,0,-322,350.7388324979,98701.1447088618,0.0
2025-12-08,LLY,stop_loss,False,Completed,3,-94,996.5652810213198,98607.51201684639,0.0
2025-12-08,LLY,take_profit,False,Canceled,2,0,0.0,0.0,0.0
2025-12-10,IDXX,stop_loss,False,Completed,3,-137,695.78,100338.8,0.0
2025-12-10,IDXX,take_profit,False,Canceled,2,0,0.0,0.0,0.0
2025-12-12,AVGO,stop_loss,False,Completed,3,-260,367.45300966525497,100566.08685575401,0.0
2025-12-12,AVGO,take_profit,False,Canceled,2,0,0.0,0.0,0.0
2025-12-12,HOOD,stop_loss,False,Completed,3,-811,118.9875,101577.75,0.0
2025-12-12,HOOD,take_profit,False,Canceled,2,0,0.0,0.0,0.0
2025-12-17,GOOGL,stop_loss,False,Completed,3,-318,300.49573403461,100586.99307684839,0.0
2025-12-17,GOOGL,take_profit,False,Canceled,2,0,0.0,0.0,0.0
2026-01-05,EXPE,stop_loss,False,Canceled,3,0,0.0,0.0,0.0
2026-01-05,EXPE,take_profit,False,Canceled,2,0,0.0,0.0,0.0
2026-01-05,RL,stop_loss,False,Canceled,3,0,0.0,0.0,0.0
2026-01-05,RL,take_profit,False,Canceled,2,0,0.0,0.0,0.0
2026-01-05,BA,rebalance_entry,True,Completed,0,439,228.79,100438.81,0.0
2026-01-05,DG,rebalance_entry,True,Completed,0,737,134.3554873395,99019.9941692115,0.0
2026-01-05,LITE,rebalance_entry,True,Completed,0,258,388.34,100191.71999999999,0.0
2026-01-05,MU,rebalance_entry,True,Completed,0,317,324.9785184035,103018.1903339095,0.0
2026-01-05,NEM,rebalance_entry,True,Completed,0,992,102.1775579197,101360.1374563424,0.0
2026-01-05,TPR,rebalance_entry,True,Completed,0,776,129.2912314078,100329.99557245281,0.0
2026-01-05,VRSK,rebalance_entry,True,Completed,0,453,219.8337477692,99584.68773944759,0.0
2026-01-05,WDC,rebalance_entry,True,Completed,0,533,193.0768269954,102909.94878854821,0.0
2026-01-06,APP,stop_loss,False,Completed,3,-160,600.9034999999999,101204.79999999999,0.0
2026-01-06,APP,take_profit,False,Canceled,2,0,0.0,0.0,0.0
2026-01-06,LRCX,take_profit,False,Completed,2,-647,202.04021430528002,100553.8605042432,0.0
2026-01-06,LRCX,stop_loss,False,Canceled,3,0,0.0,0.0,0.0
2026-01-06,LITE,stop_loss,False,Completed,3,-258,355.675,100191.71999999999,0.0
2026-01-06,LITE,take_profit,False,Canceled,2,0,0.0,0.0,0.0
2026-01-06,EXPE,rebalance_exit,False,Completed,0,-387,285.7856566784,100216.95776040149,0.0
2026-01-06,RL,rebalance_exit,False,Completed,0,-274,356.3580631669,99718.74830445499,0.0
2026-01-08,WDC,stop_loss,False,Completed,3,-533,183.42298564563,102909.94878854821,0.0
2026-01-08,WDC,take_profit,False,Canceled,2,0,0.0,0.0,0.0
2026-01-28,MU,take_profit,False,Completed,2,-317,422.4720739245501,103018.1903339095,0.0
2026-01-28,MU,stop_loss,False,Canceled,3,0,0.0,0.0,0.0
2026-01-29,NEM,take_profit,False,Completed,2,-992,133.0348817922,101360.1374563424,0.0
2026-01-29,NEM,stop_loss,False,Canceled,3,0,0.0,0.0,0.0
2026-02-03,BA,stop_loss,False,Canceled,3,0,0.0,0.0,0.0
2026-02-03,BA,take_profit,False,Canceled,2,0,0.0,0.0,0.0
2026-02-03,DG,stop_loss,False,Canceled,3,0,0.0,0.0,0.0
2026-02-03,DG,take_profit,False,Canceled,2,0,0.0,0.0,0.0
2026-02-03,TPR,stop_loss,False,Canceled,3,0,0.0,0.0,0.0
2026-02-03,TPR,take_profit,False,Canceled,2,0,0.0,0.0,0.0
2026-02-03,VRSK,stop_loss,False,Canceled,3,0,0.0,0.0,0.0
2026-02-03,VRSK,take_profit,False,Canceled,2,0,0.0,0.0,0.0
2026-02-03,AMAT,rebalance_entry,True,Completed,0,305,336.1046020997,102511.9036404085,0.0
2026-02-03,APP,rebalance_entry,True,Completed,0,207,483.0,99981.0,0.0
2026-02-03,FCX,rebalance_entry,True,Completed,0,1649,63.9503703704,105454.16074078961,0.0
2026-02-03,FIX,rebalance_entry,True,Completed,0,85,1193.8670751773,101478.70139007049,0.0
2026-02-03,KLAC,rebalance_entry,True,Completed,0,71,1442.1952422794,102395.8622018374,0.0
2026-02-03,LRCX,rebalance_entry,True,Completed,0,421,244.6047977604,102978.6198571284,0.0
2026-02-03,MU,rebalance_entry,True,Completed,0,228,441.953992856,100765.510371168,0.0
2026-02-03,NEM,rebalance_entry,True,Completed,0,890,118.2432742843,105236.514113027,0.0
2026-02-03,TER,rebalance_entry,True,Completed,0,401,257.9535099863,103439.35750450629,0.0
2026-02-03,WDC,rebalance_entry,True,Completed,0,370,279.3751820339,103368.817352543,0.0
2026-02-04,AMAT,stop_loss,False,Completed,3,-305,319.299371994715,102511.9036404085,0.0
2026-02-04,AMAT,take_profit,False,Canceled,2,0,0.0,0.0,0.0
2026-02-04,APP,stop_loss,False,Completed,3,-207,402.0,99981.0,0.0
2026-02-04,APP,take_profit,False,Canceled,2,0,0.0,0.0,0.0
2026-02-04,FIX,stop_loss,False,Completed,3,-85,1134.173721418435,101478.70139007049,0.0
2026-02-04,FIX,take_profit,False,Canceled,2,0,0.0,0.0,0.0
2026-02-04,KLAC,stop_loss,False,Completed,3,-71,1361.6848512169,102395.8622018374,0.0
2026-02-04,KLAC,take_profit,False,Canceled,2,0,0.0,0.0,0.0
2026-02-04,LRCX,stop_loss,False,Completed,3,-421,229.6022902576,102978.6198571284,0.0
2026-02-04,LRCX,take_profit,False,Canceled,2,0,0.0,0.0,0.0
2026-02-04,MU,stop_loss,False,Completed,3,-228,410.3987016617,100765.510371168,0.0
2026-02-04,MU,take_profit,False,Canceled,2,0,0.0,0.0,0.0
2026-02-04,WDC,stop_loss,False,Completed,3,-370,265.406422932205,103368.817352543,0.0
2026-02-04,WDC,take_profit,False,Canceled,2,0,0.0,0.0,0.0
2026-02-04,BA,rebalance_exit,False,Completed,0,-439,233.24,100438.81,0.0
2026-02-04,DG,rebalance_exit,False,Completed,0,-737,148.6165960591,99019.9941692115,0.0
2026-02-04,TPR,rebalance_exit,False,Completed,0,-776,127.5759910066,100329.99557245281,0.0
2026-02-04,VRSK,rebalance_exit,False,Completed,0,-453,192.7011679556,99584.68773944759,0.0
2026-02-05,FCX,stop_loss,False,Completed,3,-1649,59.8193899782,105454.16074078961,0.0
2026-02-05,FCX,take_profit,False,Canceled,2,0,0.0,0.0,0.0
2026-02-05,NEM,stop_loss,False,Completed,3,-890,112.33111057008499,105236.514113027,0.0
2026-02-05,NEM,take_profit,False,Canceled,2,0,0.0,0.0,0.0
2026-02-25,TER,take_profit,False,Completed,2,-401,335.33956298219,103439.35750450629,0.0
2026-02-25,TER,stop_loss,False,Canceled,3,0,0.0,0.0,0.0
2026-03-03,AMAT,rebalance_entry,True,Completed,0,269,350.4653625932,94275.1825375708,0.0
2026-03-03,FIX,rebalance_entry,True,Completed,0,69,1410.6613474061,97335.63297102091,0.0
2026-03-03,GLW,rebalance_entry,True,Completed,0,634,151.5158179012,96061.0285493608,0.0
2026-03-03,LITE,rebalance_entry,True,Completed,0,127,727.05,92335.34999999999,0.0
2026-03-03,LRCX,rebalance_entry,True,Completed,0,433,223.50939440089996,96779.56777558969,0.0
2026-03-03,MU,rebalance_entry,True,Completed,0,242,386.3699021587,93501.5163224054,0.0
2026-03-03,NEM,rebalance_entry,True,Completed,0,780,120.078845474,93661.49946972,0.0
2026-03-03,TER,rebalance_entry,True,Completed,0,307,308.3915694205,94676.21181209349,0.0
2026-03-03,VRT,rebalance_entry,True,Completed,0,388,245.47284098,95243.46230024,0.0
2026-03-03,WDC,rebalance_entry,True,Completed,0,370,254.442213926,94143.61915262,0.0
2026-03-04,GLW,stop_loss,False,Completed,3,-634,143.94002700613999,96061.0285493608,0.0
2026-03-04,GLW,take_profit,False,Canceled,2,0,0.0,0.0,0.0
2026-03-04,LITE,stop_loss,False,Completed,3,-127,690.6974999999999,92335.34999999999,0.0
2026-03-04,LITE,take_profit,False,Canceled,2,0,0.0,0.0,0.0
2026-03-05,FIX,stop_loss,False,Completed,3,-69,1340.128280035795,97335.63297102091,0.0
2026-03-05,FIX,take_profit,False,Canceled,2,0,0.0,0.0,0.0
2026-03-05,LRCX,stop_loss,False,Completed,3,-433,212.33392468085498,96779.56777558969,0.0
2026-03-05,LRCX,take_profit,False,Canceled,2,0,0.0,0.0,0.0
2026-03-05,NEM,stop_loss,False,Completed,3,-780,114.0749032003,93661.49946972,0.0
2026-03-05,NEM,take_profit,False,Canceled,2,0,0.0,0.0,0.0
2026-03-05,TER,stop_loss,False,Completed,3,-307,292.97199094947496,94676.21181209349,0.0
2026-03-05,TER,take_profit,False,Canceled,2,0,0.0,0.0,0.0
2026-03-06,AMAT,stop_loss,False,Completed,3,-269,329.111844633,94275.1825375708,0.0
2026-03-06,AMAT,take_profit,False,Canceled,2,0,0.0,0.0,0.0
2026-03-09,MU,stop_loss,False,Completed,3,-242,363.790427085,93501.5163224054,0.0
2026-03-09,MU,take_profit,False,Canceled,2,0,0.0,0.0,0.0
2026-03-09,WDC,stop_loss,False,Completed,3,-370,239.19,94143.61915262,0.0
2026-03-09,WDC,take_profit,False,Canceled,2,0,0.0,0.0,0.0
2026-03-30,VRT,stop_loss,False,Completed,3,-388,233.199198931,95243.46230024,0.0
2026-03-30,VRT,take_profit,False,Canceled,2,0,0.0,0.0,0.0
2026-04-02,APA,rebalance_entry,True,Completed,0,2434,43.2956095014,105381.51352640761,0.0
2026-04-02,CF,rebalance_entry,True,Completed,0,784,134.2141721012,105223.91092734081,0.0
2026-04-02,DVN,rebalance_entry,True,Completed,0,2058,50.3,103517.4,0.0
2026-04-02,FIX,rebalance_entry,True,Completed,0,70,1377.4770018159,96423.390127113,0.0
2026-04-02,HAL,rebalance_entry,True,Completed,0,2631,38.6,101556.6,0.0
2026-04-02,LITE,rebalance_entry,True,Completed,0,130,708.585,92116.05,0.0
2026-04-02,MPC,rebalance_entry,True,Completed,0,421,244.0554034777,102747.3248641117,0.0
2026-04-02,OXY,rebalance_entry,True,Completed,0,1606,64.6,103747.59999999999,0.0
2026-04-02,VLO,rebalance_entry,True,Completed,0,416,247.36874819429997,102905.39924882879,0.0
2026-04-02,WDC,rebalance_entry,True,Completed,0,335,278.17,93186.95000000001,0.0
2026-04-08,APA,stop_loss,False,Completed,3,-2434,36.738679196,105381.51352640761,0.0
2026-04-08,APA,take_profit,False,Canceled,2,0,0.0,0.0,0.0
2026-04-08,CF,stop_loss,False,Completed,3,-784,113.6612263401,105223.91092734081,0.0
2026-04-08,CF,take_profit,False,Canceled,2,0,0.0,0.0,0.0
2026-04-08,DVN,stop_loss,False,Completed,3,-2058,46.27,103517.4,0.0
2026-04-08,DVN,take_profit,False,Canceled,2,0,0.0,0.0,0.0
2026-04-08,HAL,stop_loss,False,Completed,3,-2631,36.4,101556.6,0.0
2026-04-08,HAL,take_profit,False,Canceled,2,0,0.0,0.0,0.0
2026-04-08,MPC,stop_loss,False,Completed,3,-421,231.414329722,102747.3248641117,0.0
2026-04-08,MPC,take_profit,False,Canceled,2,0,0.0,0.0,0.0
2026-04-08,OXY,stop_loss,False,Completed,3,-1606,57.17,103747.59999999999,0.0
2026-04-08,OXY,take_profit,False,Canceled,2,0,0.0,0.0,0.0
2026-04-08,VLO,stop_loss,False,Completed,3,-416,233.8361054934,102905.39924882879,0.0
2026-04-08,VLO,take_profit,False,Canceled,2,0,0.0,0.0,0.0
2026-04-09,LITE,take_profit,False,Completed,2,-130,921.1605000000001,92116.05,0.0
2026-04-09,LITE,stop_loss,False,Canceled,3,0,0.0,0.0,0.0
2026-04-14,WDC,take_profit,False,Completed,2,-335,361.62100000000004,93186.95000000001,0.0
2026-04-14,WDC,stop_loss,False,Canceled,3,0,0.0,0.0,0.0
2026-04-23,FIX,take_profit,False,Completed,2,-70,1790.72010236067,96423.390127113,0.0
2026-04-23,FIX,stop_loss,False,Canceled,3,0,0.0,0.0,0.0
2026-05-04,AMD,rebalance_entry,True,Completed,0,277,360.31,99805.87,0.0
2026-05-04,APA,rebalance_entry,True,Completed,0,2491,40.6,101134.6,0.0
2026-05-04,FIX,rebalance_entry,True,Completed,0,53,1866.7505793714,98937.78070668419,0.0
2026-05-04,LITE,rebalance_entry,True,Completed,0,105,986.88,103622.4,0.0
2026-05-04,LRCX,rebalance_entry,True,Completed,0,389,256.685,99850.465,0.0
2026-05-04,MU,rebalance_entry,True,Completed,0,184,560.6,103150.40000000001,0.0
2026-05-04,NUE,rebalance_entry,True,Completed,0,442,226.0,99892.0,0.0
2026-05-04,NXPI,rebalance_entry,True,Completed,0,338,297.75,100639.5,0.0
2026-05-04,STX,rebalance_entry,True,Completed,0,137,742.16,101675.92,0.0
2026-05-04,WDC,rebalance_entry,True,Completed,0,231,430.73,99498.63,0.0
2026-05-06,APA,stop_loss,False,Completed,3,-2491,38.57,101134.6,0.0
2026-05-06,APA,take_profit,False,Canceled,2,0,0.0,0.0,0.0
2026-05-06,LITE,stop_loss,False,Completed,3,-105,937.536,103622.4,0.0
2026-05-06,LITE,take_profit,False,Canceled,2,0,0.0,0.0,0.0
2026-05-08,MU,take_profit,False,Completed,2,-184,728.7800000000001,103150.40000000001,0.0
2026-05-08,MU,stop_loss,False,Canceled,3,0,0.0,0.0,0.0
2026-05-11,AMD,take_profit,False,Completed,2,-277,468.403,99805.87,0.0
2026-05-11,AMD,stop_loss,False,Canceled,3,0,0.0,0.0,0.0
2026-05-19,FIX,stop_loss,False,Completed,3,-53,1773.4130504028299,98937.78070668419,0.0
2026-05-19,FIX,take_profit,False,Canceled,2,0,0.0,0.0,0.0
2026-05-19,STX,stop_loss,False,Completed,3,-137,705.0519999999999,101675.92,0.0
2026-05-19,STX,take_profit,False,Canceled,2,0,0.0,0.0,0.0
