strategy,strategy_notes,signal_month,ticker,GICS Sector,score,allocated_cash,gross_stock_return,cost_drag_per_holding,realized_stock_return
improved_6_hzz_cross_sectional_trend_stop_take_top10,"Improved 6: replace the index-derived trend factor with a Han, Zhou, Zhu (2016) cross-sectional trend factor. Monthly OLS of next-month returns on 11 normalized MA ratios across the eligible cross-section, strict 12-month trailing-mean smoothing of past betas, per-stock predicted-return signal. Stop-loss and take-profit inherited from improved 4.",2011-05-31,VRSN,Information Technology,1.4593424041446577,100000.0,-0.05,0.0,-0.05
improved_6_hzz_cross_sectional_trend_stop_take_top10,"Improved 6: replace the index-derived trend factor with a Han, Zhou, Zhu (2016) cross-sectional trend factor. Monthly OLS of next-month returns on 11 normalized MA ratios across the eligible cross-section, strict 12-month trailing-mean smoothing of past betas, per-stock predicted-return signal. Stop-loss and take-profit inherited from improved 4.",2011-05-31,CF,Materials,1.13143915745935,100000.0,-0.05,0.0,-0.05
improved_6_hzz_cross_sectional_trend_stop_take_top10,"Improved 6: replace the index-derived trend factor with a Han, Zhou, Zhu (2016) cross-sectional trend factor. Monthly OLS of next-month returns on 11 normalized MA ratios across the eligible cross-section, strict 12-month trailing-mean smoothing of past betas, per-stock predicted-return signal. Stop-loss and take-profit inherited from improved 4.",2011-05-31,MO,Consumer Staples,1.09327174925193,100000.0,-0.05,0.0,-0.05
improved_6_hzz_cross_sectional_trend_stop_take_top10,"Improved 6: replace the index-derived trend factor with a Han, Zhou, Zhu (2016) cross-sectional trend factor. Monthly OLS of next-month returns on 11 normalized MA ratios across the eligible cross-section, strict 12-month trailing-mean smoothing of past betas, per-stock predicted-return signal. Stop-loss and take-profit inherited from improved 4.",2011-05-31,YUM,Consumer Discretionary,1.0569777205979682,100000.0,-0.05,0.0,-0.05
improved_6_hzz_cross_sectional_trend_stop_take_top10,"Improved 6: replace the index-derived trend factor with a Han, Zhou, Zhu (2016) cross-sectional trend factor. Monthly OLS of next-month returns on 11 normalized MA ratios across the eligible cross-section, strict 12-month trailing-mean smoothing of past betas, per-stock predicted-return signal. Stop-loss and take-profit inherited from improved 4.",2011-05-31,BIIB,Health Care,1.0339230421324292,100000.0,0.1331072488342517,0.0,0.1331072488342517
improved_6_hzz_cross_sectional_trend_stop_take_top10,"Improved 6: replace the index-derived trend factor with a Han, Zhou, Zhu (2016) cross-sectional trend factor. Monthly OLS of next-month returns on 11 normalized MA ratios across the eligible cross-section, strict 12-month trailing-mean smoothing of past betas, per-stock predicted-return signal. Stop-loss and take-profit inherited from improved 4.",2011-05-31,BKNG,Consumer Discretionary,0.9951475498486269,100000.0,-0.05,0.0,-0.05
improved_6_hzz_cross_sectional_trend_stop_take_top10,"Improved 6: replace the index-derived trend factor with a Han, Zhou, Zhu (2016) cross-sectional trend factor. Monthly OLS of next-month returns on 11 normalized MA ratios across the eligible cross-section, strict 12-month trailing-mean smoothing of past betas, per-stock predicted-return signal. Stop-loss and take-profit inherited from improved 4.",2011-05-31,NFLX,Communication Services,0.9691287209122815,100000.0,-0.05,0.0,-0.05
improved_6_hzz_cross_sectional_trend_stop_take_top10,"Improved 6: replace the index-derived trend factor with a Han, Zhou, Zhu (2016) cross-sectional trend factor. Monthly OLS of next-month returns on 11 normalized MA ratios across the eligible cross-section, strict 12-month trailing-mean smoothing of past betas, per-stock predicted-return signal. Stop-loss and take-profit inherited from improved 4.",2011-05-31,ROST,Consumer Discretionary,0.8694679075378557,100000.0,-0.05,0.0,-0.05
improved_6_hzz_cross_sectional_trend_stop_take_top10,"Improved 6: replace the index-derived trend factor with a Han, Zhou, Zhu (2016) cross-sectional trend factor. Monthly OLS of next-month returns on 11 normalized MA ratios across the eligible cross-section, strict 12-month trailing-mean smoothing of past betas, per-stock predicted-return signal. Stop-loss and take-profit inherited from improved 4.",2011-05-31,DPZ,Consumer Discretionary,0.8629936223602679,100000.0,-0.05,0.0,-0.05
improved_6_hzz_cross_sectional_trend_stop_take_top10,"Improved 6: replace the index-derived trend factor with a Han, Zhou, Zhu (2016) cross-sectional trend factor. Monthly OLS of next-month returns on 11 normalized MA ratios across the eligible cross-section, strict 12-month trailing-mean smoothing of past betas, per-stock predicted-return signal. Stop-loss and take-profit inherited from improved 4.",2011-05-31,TPL,Energy,0.8260843224288639,100000.0,-0.05,0.0,-0.05
improved_6_hzz_cross_sectional_trend_stop_take_top10,"Improved 6: replace the index-derived trend factor with a Han, Zhou, Zhu (2016) cross-sectional trend factor. Monthly OLS of next-month returns on 11 normalized MA ratios across the eligible cross-section, strict 12-month trailing-mean smoothing of past betas, per-stock predicted-return signal. Stop-loss and take-profit inherited from improved 4.",2011-06-30,NFLX,Communication Services,1.3600355383060743,100000.0,0.0149965656719834,0.0,0.0149965656719834
improved_6_hzz_cross_sectional_trend_stop_take_top10,"Improved 6: replace the index-derived trend factor with a Han, Zhou, Zhu (2016) cross-sectional trend factor. Monthly OLS of next-month returns on 11 normalized MA ratios across the eligible cross-section, strict 12-month trailing-mean smoothing of past betas, per-stock predicted-return signal. Stop-loss and take-profit inherited from improved 4.",2011-06-30,CF,Materials,1.2908425004505348,100000.0,0.0844096907086637,0.0,0.0844096907086637
improved_6_hzz_cross_sectional_trend_stop_take_top10,"Improved 6: replace the index-derived trend factor with a Han, Zhou, Zhu (2016) cross-sectional trend factor. Monthly OLS of next-month returns on 11 normalized MA ratios across the eligible cross-section, strict 12-month trailing-mean smoothing of past betas, per-stock predicted-return signal. Stop-loss and take-profit inherited from improved 4.",2011-06-30,BKNG,Consumer Discretionary,1.284266370855362,100000.0,0.0472545238526933,0.0,0.0472545238526933
improved_6_hzz_cross_sectional_trend_stop_take_top10,"Improved 6: replace the index-derived trend factor with a Han, Zhou, Zhu (2016) cross-sectional trend factor. Monthly OLS of next-month returns on 11 normalized MA ratios across the eligible cross-section, strict 12-month trailing-mean smoothing of past betas, per-stock predicted-return signal. Stop-loss and take-profit inherited from improved 4.",2011-06-30,VRSN,Information Technology,1.1601478909973406,100000.0,-0.05,0.0,-0.05
improved_6_hzz_cross_sectional_trend_stop_take_top10,"Improved 6: replace the index-derived trend factor with a Han, Zhou, Zhu (2016) cross-sectional trend factor. Monthly OLS of next-month returns on 11 normalized MA ratios across the eligible cross-section, strict 12-month trailing-mean smoothing of past betas, per-stock predicted-return signal. Stop-loss and take-profit inherited from improved 4.",2011-06-30,MO,Consumer Staples,1.1344376674157222,100000.0,-0.0018975332058308,0.0,-0.0018975332058308
improved_6_hzz_cross_sectional_trend_stop_take_top10,"Improved 6: replace the index-derived trend factor with a Han, Zhou, Zhu (2016) cross-sectional trend factor. Monthly OLS of next-month returns on 11 normalized MA ratios across the eligible cross-section, strict 12-month trailing-mean smoothing of past betas, per-stock predicted-return signal. Stop-loss and take-profit inherited from improved 4.",2011-06-30,YUM,Consumer Discretionary,0.9908679884800973,100000.0,-0.05,0.0,-0.05
improved_6_hzz_cross_sectional_trend_stop_take_top10,"Improved 6: replace the index-derived trend factor with a Han, Zhou, Zhu (2016) cross-sectional trend factor. Monthly OLS of next-month returns on 11 normalized MA ratios across the eligible cross-section, strict 12-month trailing-mean smoothing of past betas, per-stock predicted-return signal. Stop-loss and take-profit inherited from improved 4.",2011-06-30,BIIB,Health Care,0.9262560051174837,100000.0,-0.05,0.0,-0.05
improved_6_hzz_cross_sectional_trend_stop_take_top10,"Improved 6: replace the index-derived trend factor with a Han, Zhou, Zhu (2016) cross-sectional trend factor. Monthly OLS of next-month returns on 11 normalized MA ratios across the eligible cross-section, strict 12-month trailing-mean smoothing of past betas, per-stock predicted-return signal. Stop-loss and take-profit inherited from improved 4.",2011-06-30,DPZ,Consumer Discretionary,0.8614346591760378,100000.0,0.0641542013713571,0.0,0.0641542013713571
improved_6_hzz_cross_sectional_trend_stop_take_top10,"Improved 6: replace the index-derived trend factor with a Han, Zhou, Zhu (2016) cross-sectional trend factor. Monthly OLS of next-month returns on 11 normalized MA ratios across the eligible cross-section, strict 12-month trailing-mean smoothing of past betas, per-stock predicted-return signal. Stop-loss and take-profit inherited from improved 4.",2011-06-30,TSCO,Consumer Discretionary,0.8585532514559315,100000.0,-0.05,0.0,-0.05
improved_6_hzz_cross_sectional_trend_stop_take_top10,"Improved 6: replace the index-derived trend factor with a Han, Zhou, Zhu (2016) cross-sectional trend factor. Monthly OLS of next-month returns on 11 normalized MA ratios across the eligible cross-section, strict 12-month trailing-mean smoothing of past betas, per-stock predicted-return signal. Stop-loss and take-profit inherited from improved 4.",2011-07-31,NFLX,Communication Services,1.611909499478371,100000.0,-0.05,0.0,-0.05
improved_6_hzz_cross_sectional_trend_stop_take_top10,"Improved 6: replace the index-derived trend factor with a Han, Zhou, Zhu (2016) cross-sectional trend factor. Monthly OLS of next-month returns on 11 normalized MA ratios across the eligible cross-section, strict 12-month trailing-mean smoothing of past betas, per-stock predicted-return signal. Stop-loss and take-profit inherited from improved 4.",2011-07-31,LULU,Consumer Discretionary,1.3712115498308837,100000.0,-0.05,0.0,-0.05
improved_6_hzz_cross_sectional_trend_stop_take_top10,"Improved 6: replace the index-derived trend factor with a Han, Zhou, Zhu (2016) cross-sectional trend factor. Monthly OLS of next-month returns on 11 normalized MA ratios across the eligible cross-section, strict 12-month trailing-mean smoothing of past betas, per-stock predicted-return signal. Stop-loss and take-profit inherited from improved 4.",2011-07-31,TPR,Consumer Discretionary,1.1921939836271513,100000.0,-0.05,0.0,-0.05
improved_6_hzz_cross_sectional_trend_stop_take_top10,"Improved 6: replace the index-derived trend factor with a Han, Zhou, Zhu (2016) cross-sectional trend factor. Monthly OLS of next-month returns on 11 normalized MA ratios across the eligible cross-section, strict 12-month trailing-mean smoothing of past betas, per-stock predicted-return signal. Stop-loss and take-profit inherited from improved 4.",2011-07-31,VRSN,Information Technology,1.1239492815284655,100000.0,-0.05,0.0,-0.05
improved_6_hzz_cross_sectional_trend_stop_take_top10,"Improved 6: replace the index-derived trend factor with a Han, Zhou, Zhu (2016) cross-sectional trend factor. Monthly OLS of next-month returns on 11 normalized MA ratios across the eligible cross-section, strict 12-month trailing-mean smoothing of past betas, per-stock predicted-return signal. Stop-loss and take-profit inherited from improved 4.",2011-07-31,FCX,Materials,1.1083564596831592,100000.0,-0.05,0.0,-0.05
improved_6_hzz_cross_sectional_trend_stop_take_top10,"Improved 6: replace the index-derived trend factor with a Han, Zhou, Zhu (2016) cross-sectional trend factor. Monthly OLS of next-month returns on 11 normalized MA ratios across the eligible cross-section, strict 12-month trailing-mean smoothing of past betas, per-stock predicted-return signal. Stop-loss and take-profit inherited from improved 4.",2011-07-31,BKNG,Consumer Discretionary,1.0272868380551212,100000.0,-0.05,0.0,-0.05
improved_6_hzz_cross_sectional_trend_stop_take_top10,"Improved 6: replace the index-derived trend factor with a Han, Zhou, Zhu (2016) cross-sectional trend factor. Monthly OLS of next-month returns on 11 normalized MA ratios across the eligible cross-section, strict 12-month trailing-mean smoothing of past betas, per-stock predicted-return signal. Stop-loss and take-profit inherited from improved 4.",2011-07-31,NDSN,Industrials,1.012119968468941,100000.0,-0.05,0.0,-0.05
improved_6_hzz_cross_sectional_trend_stop_take_top10,"Improved 6: replace the index-derived trend factor with a Han, Zhou, Zhu (2016) cross-sectional trend factor. Monthly OLS of next-month returns on 11 normalized MA ratios across the eligible cross-section, strict 12-month trailing-mean smoothing of past betas, per-stock predicted-return signal. Stop-loss and take-profit inherited from improved 4.",2011-07-31,ACN,Information Technology,0.9953356310160217,100000.0,-0.05,0.0,-0.05
improved_6_hzz_cross_sectional_trend_stop_take_top10,"Improved 6: replace the index-derived trend factor with a Han, Zhou, Zhu (2016) cross-sectional trend factor. Monthly OLS of next-month returns on 11 normalized MA ratios across the eligible cross-section, strict 12-month trailing-mean smoothing of past betas, per-stock predicted-return signal. Stop-loss and take-profit inherited from improved 4.",2011-07-31,TSCO,Consumer Discretionary,0.9869441047833719,100000.0,-0.05,0.0,-0.05
improved_6_hzz_cross_sectional_trend_stop_take_top10,"Improved 6: replace the index-derived trend factor with a Han, Zhou, Zhu (2016) cross-sectional trend factor. Monthly OLS of next-month returns on 11 normalized MA ratios across the eligible cross-section, strict 12-month trailing-mean smoothing of past betas, per-stock predicted-return signal. Stop-loss and take-profit inherited from improved 4.",2011-08-31,CF,Materials,1.5250583441534866,100000.0,-0.05,0.0,-0.05
improved_6_hzz_cross_sectional_trend_stop_take_top10,"Improved 6: replace the index-derived trend factor with a Han, Zhou, Zhu (2016) cross-sectional trend factor. Monthly OLS of next-month returns on 11 normalized MA ratios across the eligible cross-section, strict 12-month trailing-mean smoothing of past betas, per-stock predicted-return signal. Stop-loss and take-profit inherited from improved 4.",2011-08-31,LULU,Consumer Discretionary,1.4277177398489411,100000.0,-0.05,0.0,-0.05
improved_6_hzz_cross_sectional_trend_stop_take_top10,"Improved 6: replace the index-derived trend factor with a Han, Zhou, Zhu (2016) cross-sectional trend factor. Monthly OLS of next-month returns on 11 normalized MA ratios across the eligible cross-section, strict 12-month trailing-mean smoothing of past betas, per-stock predicted-return signal. Stop-loss and take-profit inherited from improved 4.",2011-08-31,DECK,Consumer Discretionary,1.358860302797654,100000.0,-0.05,0.0,-0.05
improved_6_hzz_cross_sectional_trend_stop_take_top10,"Improved 6: replace the index-derived trend factor with a Han, Zhou, Zhu (2016) cross-sectional trend factor. Monthly OLS of next-month returns on 11 normalized MA ratios across the eligible cross-section, strict 12-month trailing-mean smoothing of past betas, per-stock predicted-return signal. Stop-loss and take-profit inherited from improved 4.",2011-08-31,MNST,Consumer Staples,1.2815408974589406,100000.0,-0.05,0.0,-0.05
improved_6_hzz_cross_sectional_trend_stop_take_top10,"Improved 6: replace the index-derived trend factor with a Han, Zhou, Zhu (2016) cross-sectional trend factor. Monthly OLS of next-month returns on 11 normalized MA ratios across the eligible cross-section, strict 12-month trailing-mean smoothing of past betas, per-stock predicted-return signal. Stop-loss and take-profit inherited from improved 4.",2011-08-31,AAPL,Information Technology,1.239573926651739,100000.0,-0.05,0.0,-0.05
improved_6_hzz_cross_sectional_trend_stop_take_top10,"Improved 6: replace the index-derived trend factor with a Han, Zhou, Zhu (2016) cross-sectional trend factor. Monthly OLS of next-month returns on 11 normalized MA ratios across the eligible cross-section, strict 12-month trailing-mean smoothing of past betas, per-stock predicted-return signal. Stop-loss and take-profit inherited from improved 4.",2011-08-31,NFLX,Communication Services,1.152361816053836,100000.0,-0.05,0.0,-0.05
improved_6_hzz_cross_sectional_trend_stop_take_top10,"Improved 6: replace the index-derived trend factor with a Han, Zhou, Zhu (2016) cross-sectional trend factor. Monthly OLS of next-month returns on 11 normalized MA ratios across the eligible cross-section, strict 12-month trailing-mean smoothing of past betas, per-stock predicted-return signal. Stop-loss and take-profit inherited from improved 4.",2011-08-31,IBM,Information Technology,1.097136745962378,100000.0,-0.05,0.0,-0.05
improved_6_hzz_cross_sectional_trend_stop_take_top10,"Improved 6: replace the index-derived trend factor with a Han, Zhou, Zhu (2016) cross-sectional trend factor. Monthly OLS of next-month returns on 11 normalized MA ratios across the eligible cross-section, strict 12-month trailing-mean smoothing of past betas, per-stock predicted-return signal. Stop-loss and take-profit inherited from improved 4.",2011-08-31,DLTR,Consumer Staples,1.0770237220234198,100000.0,0.0425974746773971,0.0,0.0425974746773971
improved_6_hzz_cross_sectional_trend_stop_take_top10,"Improved 6: replace the index-derived trend factor with a Han, Zhou, Zhu (2016) cross-sectional trend factor. Monthly OLS of next-month returns on 11 normalized MA ratios across the eligible cross-section, strict 12-month trailing-mean smoothing of past betas, per-stock predicted-return signal. Stop-loss and take-profit inherited from improved 4.",2011-08-31,VRSN,Information Technology,1.0657217690305412,100000.0,-0.05,0.0,-0.05
improved_6_hzz_cross_sectional_trend_stop_take_top10,"Improved 6: replace the index-derived trend factor with a Han, Zhou, Zhu (2016) cross-sectional trend factor. Monthly OLS of next-month returns on 11 normalized MA ratios across the eligible cross-section, strict 12-month trailing-mean smoothing of past betas, per-stock predicted-return signal. Stop-loss and take-profit inherited from improved 4.",2011-09-30,LULU,Consumer Discretionary,1.5137878712996948,100000.0,-0.05,0.0,-0.05
improved_6_hzz_cross_sectional_trend_stop_take_top10,"Improved 6: replace the index-derived trend factor with a Han, Zhou, Zhu (2016) cross-sectional trend factor. Monthly OLS of next-month returns on 11 normalized MA ratios across the eligible cross-section, strict 12-month trailing-mean smoothing of past betas, per-stock predicted-return signal. Stop-loss and take-profit inherited from improved 4.",2011-09-30,CF,Materials,1.473767787569708,100000.0,0.3,0.0,0.3
improved_6_hzz_cross_sectional_trend_stop_take_top10,"Improved 6: replace the index-derived trend factor with a Han, Zhou, Zhu (2016) cross-sectional trend factor. Monthly OLS of next-month returns on 11 normalized MA ratios across the eligible cross-section, strict 12-month trailing-mean smoothing of past betas, per-stock predicted-return signal. Stop-loss and take-profit inherited from improved 4.",2011-09-30,DECK,Consumer Discretionary,1.4575447621062407,100000.0,-0.05,0.0,-0.05
improved_6_hzz_cross_sectional_trend_stop_take_top10,"Improved 6: replace the index-derived trend factor with a Han, Zhou, Zhu (2016) cross-sectional trend factor. Monthly OLS of next-month returns on 11 normalized MA ratios across the eligible cross-section, strict 12-month trailing-mean smoothing of past betas, per-stock predicted-return signal. Stop-loss and take-profit inherited from improved 4.",2011-09-30,WYNN,Consumer Discretionary,1.2085815277613525,100000.0,0.1916681566232794,0.0,0.1916681566232794
improved_6_hzz_cross_sectional_trend_stop_take_top10,"Improved 6: replace the index-derived trend factor with a Han, Zhou, Zhu (2016) cross-sectional trend factor. Monthly OLS of next-month returns on 11 normalized MA ratios across the eligible cross-section, strict 12-month trailing-mean smoothing of past betas, per-stock predicted-return signal. Stop-loss and take-profit inherited from improved 4.",2011-09-30,BKNG,Consumer Discretionary,1.1972431695928458,100000.0,-0.05,0.0,-0.05
improved_6_hzz_cross_sectional_trend_stop_take_top10,"Improved 6: replace the index-derived trend factor with a Han, Zhou, Zhu (2016) cross-sectional trend factor. Monthly OLS of next-month returns on 11 normalized MA ratios across the eligible cross-section, strict 12-month trailing-mean smoothing of past betas, per-stock predicted-return signal. Stop-loss and take-profit inherited from improved 4.",2011-09-30,AAPL,Information Technology,1.1505338518466548,100000.0,-0.05,0.0,-0.05
improved_6_hzz_cross_sectional_trend_stop_take_top10,"Improved 6: replace the index-derived trend factor with a Han, Zhou, Zhu (2016) cross-sectional trend factor. Monthly OLS of next-month returns on 11 normalized MA ratios across the eligible cross-section, strict 12-month trailing-mean smoothing of past betas, per-stock predicted-return signal. Stop-loss and take-profit inherited from improved 4.",2011-09-30,RL,Consumer Discretionary,1.1423933379920044,100000.0,0.2512016389570777,0.0,0.2512016389570777
improved_6_hzz_cross_sectional_trend_stop_take_top10,"Improved 6: replace the index-derived trend factor with a Han, Zhou, Zhu (2016) cross-sectional trend factor. Monthly OLS of next-month returns on 11 normalized MA ratios across the eligible cross-section, strict 12-month trailing-mean smoothing of past betas, per-stock predicted-return signal. Stop-loss and take-profit inherited from improved 4.",2011-09-30,MNST,Consumer Staples,1.0653125450476726,100000.0,-0.05,0.0,-0.05
improved_6_hzz_cross_sectional_trend_stop_take_top10,"Improved 6: replace the index-derived trend factor with a Han, Zhou, Zhu (2016) cross-sectional trend factor. Monthly OLS of next-month returns on 11 normalized MA ratios across the eligible cross-section, strict 12-month trailing-mean smoothing of past betas, per-stock predicted-return signal. Stop-loss and take-profit inherited from improved 4.",2011-10-31,NVDA,Information Technology,1.140968449852209,100000.0,-0.05,0.0,-0.05
improved_6_hzz_cross_sectional_trend_stop_take_top10,"Improved 6: replace the index-derived trend factor with a Han, Zhou, Zhu (2016) cross-sectional trend factor. Monthly OLS of next-month returns on 11 normalized MA ratios across the eligible cross-section, strict 12-month trailing-mean smoothing of past betas, per-stock predicted-return signal. Stop-loss and take-profit inherited from improved 4.",2011-10-31,TER,Information Technology,1.1079166298648655,100000.0,-0.05,0.0,-0.05
improved_6_hzz_cross_sectional_trend_stop_take_top10,"Improved 6: replace the index-derived trend factor with a Han, Zhou, Zhu (2016) cross-sectional trend factor. Monthly OLS of next-month returns on 11 normalized MA ratios across the eligible cross-section, strict 12-month trailing-mean smoothing of past betas, per-stock predicted-return signal. Stop-loss and take-profit inherited from improved 4.",2011-10-31,VLO,Energy,0.9299597165553055,100000.0,-0.05,0.0,-0.05
improved_6_hzz_cross_sectional_trend_stop_take_top10,"Improved 6: replace the index-derived trend factor with a Han, Zhou, Zhu (2016) cross-sectional trend factor. Monthly OLS of next-month returns on 11 normalized MA ratios across the eligible cross-section, strict 12-month trailing-mean smoothing of past betas, per-stock predicted-return signal. Stop-loss and take-profit inherited from improved 4.",2011-10-31,F,Consumer Discretionary,0.9028068367953876,100000.0,-0.05,0.0,-0.05
improved_6_hzz_cross_sectional_trend_stop_take_top10,"Improved 6: replace the index-derived trend factor with a Han, Zhou, Zhu (2016) cross-sectional trend factor. Monthly OLS of next-month returns on 11 normalized MA ratios across the eligible cross-section, strict 12-month trailing-mean smoothing of past betas, per-stock predicted-return signal. Stop-loss and take-profit inherited from improved 4.",2011-10-31,ROK,Industrials,0.8254106347190073,100000.0,0.1639681937001964,0.0,0.1639681937001964
improved_6_hzz_cross_sectional_trend_stop_take_top10,"Improved 6: replace the index-derived trend factor with a Han, Zhou, Zhu (2016) cross-sectional trend factor. Monthly OLS of next-month returns on 11 normalized MA ratios across the eligible cross-section, strict 12-month trailing-mean smoothing of past betas, per-stock predicted-return signal. Stop-loss and take-profit inherited from improved 4.",2011-10-31,JBL,Information Technology,0.8222046708198405,100000.0,-0.05,0.0,-0.05
improved_6_hzz_cross_sectional_trend_stop_take_top10,"Improved 6: replace the index-derived trend factor with a Han, Zhou, Zhu (2016) cross-sectional trend factor. Monthly OLS of next-month returns on 11 normalized MA ratios across the eligible cross-section, strict 12-month trailing-mean smoothing of past betas, per-stock predicted-return signal. Stop-loss and take-profit inherited from improved 4.",2011-10-31,LULU,Consumer Discretionary,0.8127773410148634,100000.0,-0.05,0.0,-0.05
improved_6_hzz_cross_sectional_trend_stop_take_top10,"Improved 6: replace the index-derived trend factor with a Han, Zhou, Zhu (2016) cross-sectional trend factor. Monthly OLS of next-month returns on 11 normalized MA ratios across the eligible cross-section, strict 12-month trailing-mean smoothing of past betas, per-stock predicted-return signal. Stop-loss and take-profit inherited from improved 4.",2011-10-31,TDY,Information Technology,0.7843186463675856,100000.0,0.0827125119388729,0.0,0.0827125119388729
improved_6_hzz_cross_sectional_trend_stop_take_top10,"Improved 6: replace the index-derived trend factor with a Han, Zhou, Zhu (2016) cross-sectional trend factor. Monthly OLS of next-month returns on 11 normalized MA ratios across the eligible cross-section, strict 12-month trailing-mean smoothing of past betas, per-stock predicted-return signal. Stop-loss and take-profit inherited from improved 4.",2011-10-31,IT,Information Technology,0.7666426715146581,100000.0,0.0158431793770139,0.0,0.0158431793770139
improved_6_hzz_cross_sectional_trend_stop_take_top10,"Improved 6: replace the index-derived trend factor with a Han, Zhou, Zhu (2016) cross-sectional trend factor. Monthly OLS of next-month returns on 11 normalized MA ratios across the eligible cross-section, strict 12-month trailing-mean smoothing of past betas, per-stock predicted-return signal. Stop-loss and take-profit inherited from improved 4.",2011-11-30,JBL,Information Technology,1.112167982568479,100000.0,-0.05,0.0,-0.05
improved_6_hzz_cross_sectional_trend_stop_take_top10,"Improved 6: replace the index-derived trend factor with a Han, Zhou, Zhu (2016) cross-sectional trend factor. Monthly OLS of next-month returns on 11 normalized MA ratios across the eligible cross-section, strict 12-month trailing-mean smoothing of past betas, per-stock predicted-return signal. Stop-loss and take-profit inherited from improved 4.",2011-11-30,SMCI,Information Technology,1.0167979910133655,100000.0,0.1554900515843773,0.0,0.1554900515843773
improved_6_hzz_cross_sectional_trend_stop_take_top10,"Improved 6: replace the index-derived trend factor with a Han, Zhou, Zhu (2016) cross-sectional trend factor. Monthly OLS of next-month returns on 11 normalized MA ratios across the eligible cross-section, strict 12-month trailing-mean smoothing of past betas, per-stock predicted-return signal. Stop-loss and take-profit inherited from improved 4.",2011-11-30,ROST,Consumer Discretionary,0.9703784707283005,100000.0,0.0646208981967944,0.0,0.0646208981967944
improved_6_hzz_cross_sectional_trend_stop_take_top10,"Improved 6: replace the index-derived trend factor with a Han, Zhou, Zhu (2016) cross-sectional trend factor. Monthly OLS of next-month returns on 11 normalized MA ratios across the eligible cross-section, strict 12-month trailing-mean smoothing of past betas, per-stock predicted-return signal. Stop-loss and take-profit inherited from improved 4.",2011-11-30,TPL,Energy,0.9202774306508623,100000.0,0.0236477987450305,0.0,0.0236477987450305
improved_6_hzz_cross_sectional_trend_stop_take_top10,"Improved 6: replace the index-derived trend factor with a Han, Zhou, Zhu (2016) cross-sectional trend factor. Monthly OLS of next-month returns on 11 normalized MA ratios across the eligible cross-section, strict 12-month trailing-mean smoothing of past betas, per-stock predicted-return signal. Stop-loss and take-profit inherited from improved 4.",2011-11-30,ROK,Industrials,0.8978096735250807,100000.0,-0.0185928303897413,0.0,-0.0185928303897413
improved_6_hzz_cross_sectional_trend_stop_take_top10,"Improved 6: replace the index-derived trend factor with a Han, Zhou, Zhu (2016) cross-sectional trend factor. Monthly OLS of next-month returns on 11 normalized MA ratios across the eligible cross-section, strict 12-month trailing-mean smoothing of past betas, per-stock predicted-return signal. Stop-loss and take-profit inherited from improved 4.",2011-11-30,TSCO,Consumer Discretionary,0.8442256307617841,100000.0,-0.0254237288091115,0.0,-0.0254237288091115
improved_6_hzz_cross_sectional_trend_stop_take_top10,"Improved 6: replace the index-derived trend factor with a Han, Zhou, Zhu (2016) cross-sectional trend factor. Monthly OLS of next-month returns on 11 normalized MA ratios across the eligible cross-section, strict 12-month trailing-mean smoothing of past betas, per-stock predicted-return signal. Stop-loss and take-profit inherited from improved 4.",2011-11-30,LMT,Industrials,0.8405248248764667,100000.0,0.0353212183258779,0.0,0.0353212183258779
improved_6_hzz_cross_sectional_trend_stop_take_top10,"Improved 6: replace the index-derived trend factor with a Han, Zhou, Zhu (2016) cross-sectional trend factor. Monthly OLS of next-month returns on 11 normalized MA ratios across the eligible cross-section, strict 12-month trailing-mean smoothing of past betas, per-stock predicted-return signal. Stop-loss and take-profit inherited from improved 4.",2011-11-30,IT,Information Technology,0.8324197796585537,100000.0,-0.05,0.0,-0.05
improved_6_hzz_cross_sectional_trend_stop_take_top10,"Improved 6: replace the index-derived trend factor with a Han, Zhou, Zhu (2016) cross-sectional trend factor. Monthly OLS of next-month returns on 11 normalized MA ratios across the eligible cross-section, strict 12-month trailing-mean smoothing of past betas, per-stock predicted-return signal. Stop-loss and take-profit inherited from improved 4.",2011-11-30,BA,Industrials,0.8298913294165197,100000.0,0.0676855895187953,0.0,0.0676855895187953
improved_6_hzz_cross_sectional_trend_stop_take_top10,"Improved 6: replace the index-derived trend factor with a Han, Zhou, Zhu (2016) cross-sectional trend factor. Monthly OLS of next-month returns on 11 normalized MA ratios across the eligible cross-section, strict 12-month trailing-mean smoothing of past betas, per-stock predicted-return signal. Stop-loss and take-profit inherited from improved 4.",2011-12-31,ROST,Consumer Discretionary,1.1278384726256723,100000.0,0.0484814349458231,0.0,0.0484814349458231
improved_6_hzz_cross_sectional_trend_stop_take_top10,"Improved 6: replace the index-derived trend factor with a Han, Zhou, Zhu (2016) cross-sectional trend factor. Monthly OLS of next-month returns on 11 normalized MA ratios across the eligible cross-section, strict 12-month trailing-mean smoothing of past betas, per-stock predicted-return signal. Stop-loss and take-profit inherited from improved 4.",2011-12-31,FICO,Information Technology,1.0689105351482444,100000.0,-0.05,0.0,-0.05
improved_6_hzz_cross_sectional_trend_stop_take_top10,"Improved 6: replace the index-derived trend factor with a Han, Zhou, Zhu (2016) cross-sectional trend factor. Monthly OLS of next-month returns on 11 normalized MA ratios across the eligible cross-section, strict 12-month trailing-mean smoothing of past betas, per-stock predicted-return signal. Stop-loss and take-profit inherited from improved 4.",2011-12-31,CNC,Health Care,1.0535273953529547,100000.0,0.1111111111111111,0.0,0.1111111111111111
improved_6_hzz_cross_sectional_trend_stop_take_top10,"Improved 6: replace the index-derived trend factor with a Han, Zhou, Zhu (2016) cross-sectional trend factor. Monthly OLS of next-month returns on 11 normalized MA ratios across the eligible cross-section, strict 12-month trailing-mean smoothing of past betas, per-stock predicted-return signal. Stop-loss and take-profit inherited from improved 4.",2011-12-31,BA,Industrials,1.0244823815964563,100000.0,-0.0069611780457283,0.0,-0.0069611780457283
improved_6_hzz_cross_sectional_trend_stop_take_top10,"Improved 6: replace the index-derived trend factor with a Han, Zhou, Zhu (2016) cross-sectional trend factor. Monthly OLS of next-month returns on 11 normalized MA ratios across the eligible cross-section, strict 12-month trailing-mean smoothing of past betas, per-stock predicted-return signal. Stop-loss and take-profit inherited from improved 4.",2011-12-31,TSCO,Consumer Discretionary,0.9739277795288107,100000.0,0.1403360158057023,0.0,0.1403360158057023
improved_6_hzz_cross_sectional_trend_stop_take_top10,"Improved 6: replace the index-derived trend factor with a Han, Zhou, Zhu (2016) cross-sectional trend factor. Monthly OLS of next-month returns on 11 normalized MA ratios across the eligible cross-section, strict 12-month trailing-mean smoothing of past betas, per-stock predicted-return signal. Stop-loss and take-profit inherited from improved 4.",2011-12-31,SMCI,Information Technology,0.9071168312030891,100000.0,-0.05,0.0,-0.05
improved_6_hzz_cross_sectional_trend_stop_take_top10,"Improved 6: replace the index-derived trend factor with a Han, Zhou, Zhu (2016) cross-sectional trend factor. Monthly OLS of next-month returns on 11 normalized MA ratios across the eligible cross-section, strict 12-month trailing-mean smoothing of past betas, per-stock predicted-return signal. Stop-loss and take-profit inherited from improved 4.",2011-12-31,MNST,Consumer Staples,0.8948196840383034,100000.0,0.1169178155391685,0.0,0.1169178155391685
improved_6_hzz_cross_sectional_trend_stop_take_top10,"Improved 6: replace the index-derived trend factor with a Han, Zhou, Zhu (2016) cross-sectional trend factor. Monthly OLS of next-month returns on 11 normalized MA ratios across the eligible cross-section, strict 12-month trailing-mean smoothing of past betas, per-stock predicted-return signal. Stop-loss and take-profit inherited from improved 4.",2011-12-31,MO,Consumer Staples,0.8783432774115056,100000.0,-0.0087260034861607,0.0,-0.0087260034861607
improved_6_hzz_cross_sectional_trend_stop_take_top10,"Improved 6: replace the index-derived trend factor with a Han, Zhou, Zhu (2016) cross-sectional trend factor. Monthly OLS of next-month returns on 11 normalized MA ratios across the eligible cross-section, strict 12-month trailing-mean smoothing of past betas, per-stock predicted-return signal. Stop-loss and take-profit inherited from improved 4.",2011-12-31,BIIB,Health Care,0.868059023094938,100000.0,0.0584170854271357,0.0,0.0584170854271357
improved_6_hzz_cross_sectional_trend_stop_take_top10,"Improved 6: replace the index-derived trend factor with a Han, Zhou, Zhu (2016) cross-sectional trend factor. Monthly OLS of next-month returns on 11 normalized MA ratios across the eligible cross-section, strict 12-month trailing-mean smoothing of past betas, per-stock predicted-return signal. Stop-loss and take-profit inherited from improved 4.",2012-01-31,LULU,Consumer Discretionary,1.1401394341405306,100000.0,0.0536079232825026,0.0,0.0536079232825026
improved_6_hzz_cross_sectional_trend_stop_take_top10,"Improved 6: replace the index-derived trend factor with a Han, Zhou, Zhu (2016) cross-sectional trend factor. Monthly OLS of next-month returns on 11 normalized MA ratios across the eligible cross-section, strict 12-month trailing-mean smoothing of past betas, per-stock predicted-return signal. Stop-loss and take-profit inherited from improved 4.",2012-01-31,ULTA,Consumer Discretionary,1.1288292264348416,100000.0,0.0875359289258759,0.0,0.0875359289258759
improved_6_hzz_cross_sectional_trend_stop_take_top10,"Improved 6: replace the index-derived trend factor with a Han, Zhou, Zhu (2016) cross-sectional trend factor. Monthly OLS of next-month returns on 11 normalized MA ratios across the eligible cross-section, strict 12-month trailing-mean smoothing of past betas, per-stock predicted-return signal. Stop-loss and take-profit inherited from improved 4.",2012-01-31,URI,Industrials,1.1010196100607736,100000.0,0.0820353063333148,0.0,0.0820353063333148
improved_6_hzz_cross_sectional_trend_stop_take_top10,"Improved 6: replace the index-derived trend factor with a Han, Zhou, Zhu (2016) cross-sectional trend factor. Monthly OLS of next-month returns on 11 normalized MA ratios across the eligible cross-section, strict 12-month trailing-mean smoothing of past betas, per-stock predicted-return signal. Stop-loss and take-profit inherited from improved 4.",2012-01-31,MNST,Consumer Staples,1.0456538743901067,100000.0,0.0834675509237328,0.0,0.0834675509237328
improved_6_hzz_cross_sectional_trend_stop_take_top10,"Improved 6: replace the index-derived trend factor with a Han, Zhou, Zhu (2016) cross-sectional trend factor. Monthly OLS of next-month returns on 11 normalized MA ratios across the eligible cross-section, strict 12-month trailing-mean smoothing of past betas, per-stock predicted-return signal. Stop-loss and take-profit inherited from improved 4.",2012-01-31,BA,Industrials,0.9852439987597362,100000.0,0.0056967214394487,0.0,0.0056967214394487
improved_6_hzz_cross_sectional_trend_stop_take_top10,"Improved 6: replace the index-derived trend factor with a Han, Zhou, Zhu (2016) cross-sectional trend factor. Monthly OLS of next-month returns on 11 normalized MA ratios across the eligible cross-section, strict 12-month trailing-mean smoothing of past betas, per-stock predicted-return signal. Stop-loss and take-profit inherited from improved 4.",2012-01-31,F,Consumer Discretionary,0.9798495488783066,100000.0,-0.05,0.0,-0.05
improved_6_hzz_cross_sectional_trend_stop_take_top10,"Improved 6: replace the index-derived trend factor with a Han, Zhou, Zhu (2016) cross-sectional trend factor. Monthly OLS of next-month returns on 11 normalized MA ratios across the eligible cross-section, strict 12-month trailing-mean smoothing of past betas, per-stock predicted-return signal. Stop-loss and take-profit inherited from improved 4.",2012-01-31,AMD,Information Technology,0.9596531412911377,100000.0,0.076134699853587,0.0,0.076134699853587
improved_6_hzz_cross_sectional_trend_stop_take_top10,"Improved 6: replace the index-derived trend factor with a Han, Zhou, Zhu (2016) cross-sectional trend factor. Monthly OLS of next-month returns on 11 normalized MA ratios across the eligible cross-section, strict 12-month trailing-mean smoothing of past betas, per-stock predicted-return signal. Stop-loss and take-profit inherited from improved 4.",2012-01-31,ROST,Consumer Discretionary,0.9171928352493834,100000.0,0.0483383419905472,0.0,0.0483383419905472
improved_6_hzz_cross_sectional_trend_stop_take_top10,"Improved 6: replace the index-derived trend factor with a Han, Zhou, Zhu (2016) cross-sectional trend factor. Monthly OLS of next-month returns on 11 normalized MA ratios across the eligible cross-section, strict 12-month trailing-mean smoothing of past betas, per-stock predicted-return signal. Stop-loss and take-profit inherited from improved 4.",2012-01-31,FICO,Information Technology,0.846754408214022,100000.0,0.1144793467700597,0.0,0.1144793467700597
improved_6_hzz_cross_sectional_trend_stop_take_top10,"Improved 6: replace the index-derived trend factor with a Han, Zhou, Zhu (2016) cross-sectional trend factor. Monthly OLS of next-month returns on 11 normalized MA ratios across the eligible cross-section, strict 12-month trailing-mean smoothing of past betas, per-stock predicted-return signal. Stop-loss and take-profit inherited from improved 4.",2012-02-29,VRSN,Information Technology,1.4430533628968845,100000.0,0.0323014804869459,0.0,0.0323014804869459
improved_6_hzz_cross_sectional_trend_stop_take_top10,"Improved 6: replace the index-derived trend factor with a Han, Zhou, Zhu (2016) cross-sectional trend factor. Monthly OLS of next-month returns on 11 normalized MA ratios across the eligible cross-section, strict 12-month trailing-mean smoothing of past betas, per-stock predicted-return signal. Stop-loss and take-profit inherited from improved 4.",2012-02-29,URI,Industrials,1.438373132327391,100000.0,0.0194913239839347,0.0,0.0194913239839347
improved_6_hzz_cross_sectional_trend_stop_take_top10,"Improved 6: replace the index-derived trend factor with a Han, Zhou, Zhu (2016) cross-sectional trend factor. Monthly OLS of next-month returns on 11 normalized MA ratios across the eligible cross-section, strict 12-month trailing-mean smoothing of past betas, per-stock predicted-return signal. Stop-loss and take-profit inherited from improved 4.",2012-02-29,F,Consumer Discretionary,1.3294789801498321,100000.0,0.0035977563998166,0.0,0.0035977563998166
improved_6_hzz_cross_sectional_trend_stop_take_top10,"Improved 6: replace the index-derived trend factor with a Han, Zhou, Zhu (2016) cross-sectional trend factor. Monthly OLS of next-month returns on 11 normalized MA ratios across the eligible cross-section, strict 12-month trailing-mean smoothing of past betas, per-stock predicted-return signal. Stop-loss and take-profit inherited from improved 4.",2012-02-29,STX,Information Technology,1.2873452217681647,100000.0,0.0194780635413067,0.0,0.0194780635413067
improved_6_hzz_cross_sectional_trend_stop_take_top10,"Improved 6: replace the index-derived trend factor with a Han, Zhou, Zhu (2016) cross-sectional trend factor. Monthly OLS of next-month returns on 11 normalized MA ratios across the eligible cross-section, strict 12-month trailing-mean smoothing of past betas, per-stock predicted-return signal. Stop-loss and take-profit inherited from improved 4.",2012-02-29,ULTA,Consumer Discretionary,1.1407239109126,100000.0,0.1292061134947342,0.0,0.1292061134947342
improved_6_hzz_cross_sectional_trend_stop_take_top10,"Improved 6: replace the index-derived trend factor with a Han, Zhou, Zhu (2016) cross-sectional trend factor. Monthly OLS of next-month returns on 11 normalized MA ratios across the eligible cross-section, strict 12-month trailing-mean smoothing of past betas, per-stock predicted-return signal. Stop-loss and take-profit inherited from improved 4.",2012-02-29,DAL,Industrials,0.9851913336360145,100000.0,-0.05,0.0,-0.05
improved_6_hzz_cross_sectional_trend_stop_take_top10,"Improved 6: replace the index-derived trend factor with a Han, Zhou, Zhu (2016) cross-sectional trend factor. Monthly OLS of next-month returns on 11 normalized MA ratios across the eligible cross-section, strict 12-month trailing-mean smoothing of past betas, per-stock predicted-return signal. Stop-loss and take-profit inherited from improved 4.",2012-02-29,LULU,Consumer Discretionary,0.9834387028441499,100000.0,0.1020498451555818,0.0,0.1020498451555818
improved_6_hzz_cross_sectional_trend_stop_take_top10,"Improved 6: replace the index-derived trend factor with a Han, Zhou, Zhu (2016) cross-sectional trend factor. Monthly OLS of next-month returns on 11 normalized MA ratios across the eligible cross-section, strict 12-month trailing-mean smoothing of past betas, per-stock predicted-return signal. Stop-loss and take-profit inherited from improved 4.",2012-02-29,POOL,Consumer Discretionary,0.8475612226529861,100000.0,-0.05,0.0,-0.05
improved_6_hzz_cross_sectional_trend_stop_take_top10,"Improved 6: replace the index-derived trend factor with a Han, Zhou, Zhu (2016) cross-sectional trend factor. Monthly OLS of next-month returns on 11 normalized MA ratios across the eligible cross-section, strict 12-month trailing-mean smoothing of past betas, per-stock predicted-return signal. Stop-loss and take-profit inherited from improved 4.",2012-02-29,DLTR,Consumer Staples,0.8425935222720612,100000.0,0.0641964185155985,0.0,0.0641964185155985
improved_6_hzz_cross_sectional_trend_stop_take_top10,"Improved 6: replace the index-derived trend factor with a Han, Zhou, Zhu (2016) cross-sectional trend factor. Monthly OLS of next-month returns on 11 normalized MA ratios across the eligible cross-section, strict 12-month trailing-mean smoothing of past betas, per-stock predicted-return signal. Stop-loss and take-profit inherited from improved 4.",2012-02-29,MGM,Consumer Discretionary,0.7969817407499065,100000.0,-0.05,0.0,-0.05
improved_6_hzz_cross_sectional_trend_stop_take_top10,"Improved 6: replace the index-derived trend factor with a Han, Zhou, Zhu (2016) cross-sectional trend factor. Monthly OLS of next-month returns on 11 normalized MA ratios across the eligible cross-section, strict 12-month trailing-mean smoothing of past betas, per-stock predicted-return signal. Stop-loss and take-profit inherited from improved 4.",2012-03-31,PM,Consumer Staples,1.4730898621806952,100000.0,0.0073148773352058,0.0,0.0073148773352058
improved_6_hzz_cross_sectional_trend_stop_take_top10,"Improved 6: replace the index-derived trend factor with a Han, Zhou, Zhu (2016) cross-sectional trend factor. Monthly OLS of next-month returns on 11 normalized MA ratios across the eligible cross-section, strict 12-month trailing-mean smoothing of past betas, per-stock predicted-return signal. Stop-loss and take-profit inherited from improved 4.",2012-03-31,AAPL,Information Technology,1.4560305349145473,100000.0,-0.05,0.0,-0.05
improved_6_hzz_cross_sectional_trend_stop_take_top10,"Improved 6: replace the index-derived trend factor with a Han, Zhou, Zhu (2016) cross-sectional trend factor. Monthly OLS of next-month returns on 11 normalized MA ratios across the eligible cross-section, strict 12-month trailing-mean smoothing of past betas, per-stock predicted-return signal. Stop-loss and take-profit inherited from improved 4.",2012-03-31,F,Consumer Discretionary,1.3668764463184464,100000.0,-0.05,0.0,-0.05
improved_6_hzz_cross_sectional_trend_stop_take_top10,"Improved 6: replace the index-derived trend factor with a Han, Zhou, Zhu (2016) cross-sectional trend factor. Monthly OLS of next-month returns on 11 normalized MA ratios across the eligible cross-section, strict 12-month trailing-mean smoothing of past betas, per-stock predicted-return signal. Stop-loss and take-profit inherited from improved 4.",2012-03-31,DAL,Industrials,1.365154342555564,100000.0,0.1093117408946919,0.0,0.1093117408946919
improved_6_hzz_cross_sectional_trend_stop_take_top10,"Improved 6: replace the index-derived trend factor with a Han, Zhou, Zhu (2016) cross-sectional trend factor. Monthly OLS of next-month returns on 11 normalized MA ratios across the eligible cross-section, strict 12-month trailing-mean smoothing of past betas, per-stock predicted-return signal. Stop-loss and take-profit inherited from improved 4.",2012-03-31,VRSN,Information Technology,1.2533080266634309,100000.0,0.0725280459168551,0.0,0.0725280459168551
improved_6_hzz_cross_sectional_trend_stop_take_top10,"Improved 6: replace the index-derived trend factor with a Han, Zhou, Zhu (2016) cross-sectional trend factor. Monthly OLS of next-month returns on 11 normalized MA ratios across the eligible cross-section, strict 12-month trailing-mean smoothing of past betas, per-stock predicted-return signal. Stop-loss and take-profit inherited from improved 4.",2012-03-31,LULU,Consumer Discretionary,1.2413181043516723,100000.0,-0.05,0.0,-0.05
improved_6_hzz_cross_sectional_trend_stop_take_top10,"Improved 6: replace the index-derived trend factor with a Han, Zhou, Zhu (2016) cross-sectional trend factor. Monthly OLS of next-month returns on 11 normalized MA ratios across the eligible cross-section, strict 12-month trailing-mean smoothing of past betas, per-stock predicted-return signal. Stop-loss and take-profit inherited from improved 4.",2012-03-31,URI,Industrials,1.2122186909365564,100000.0,-0.05,0.0,-0.05
improved_6_hzz_cross_sectional_trend_stop_take_top10,"Improved 6: replace the index-derived trend factor with a Han, Zhou, Zhu (2016) cross-sectional trend factor. Monthly OLS of next-month returns on 11 normalized MA ratios across the eligible cross-section, strict 12-month trailing-mean smoothing of past betas, per-stock predicted-return signal. Stop-loss and take-profit inherited from improved 4.",2012-03-31,STX,Information Technology,1.1572008571644559,100000.0,-0.05,0.0,-0.05
improved_6_hzz_cross_sectional_trend_stop_take_top10,"Improved 6: replace the index-derived trend factor with a Han, Zhou, Zhu (2016) cross-sectional trend factor. Monthly OLS of next-month returns on 11 normalized MA ratios across the eligible cross-section, strict 12-month trailing-mean smoothing of past betas, per-stock predicted-return signal. Stop-loss and take-profit inherited from improved 4.",2012-03-31,ULTA,Consumer Discretionary,1.1357965171751454,100000.0,-0.05,0.0,-0.05
improved_6_hzz_cross_sectional_trend_stop_take_top10,"Improved 6: replace the index-derived trend factor with a Han, Zhou, Zhu (2016) cross-sectional trend factor. Monthly OLS of next-month returns on 11 normalized MA ratios across the eligible cross-section, strict 12-month trailing-mean smoothing of past betas, per-stock predicted-return signal. Stop-loss and take-profit inherited from improved 4.",2012-03-31,MGM,Consumer Discretionary,1.1234801489105068,100000.0,-0.05,0.0,-0.05
improved_6_hzz_cross_sectional_trend_stop_take_top10,"Improved 6: replace the index-derived trend factor with a Han, Zhou, Zhu (2016) cross-sectional trend factor. Monthly OLS of next-month returns on 11 normalized MA ratios across the eligible cross-section, strict 12-month trailing-mean smoothing of past betas, per-stock predicted-return signal. Stop-loss and take-profit inherited from improved 4.",2012-04-30,ULTA,Consumer Discretionary,1.3238260591445727,100000.0,-0.05,0.0,-0.05
improved_6_hzz_cross_sectional_trend_stop_take_top10,"Improved 6: replace the index-derived trend factor with a Han, Zhou, Zhu (2016) cross-sectional trend factor. Monthly OLS of next-month returns on 11 normalized MA ratios across the eligible cross-section, strict 12-month trailing-mean smoothing of past betas, per-stock predicted-return signal. Stop-loss and take-profit inherited from improved 4.",2012-04-30,STX,Information Technology,1.322014436681029,100000.0,-0.05,0.0,-0.05
improved_6_hzz_cross_sectional_trend_stop_take_top10,"Improved 6: replace the index-derived trend factor with a Han, Zhou, Zhu (2016) cross-sectional trend factor. Monthly OLS of next-month returns on 11 normalized MA ratios across the eligible cross-section, strict 12-month trailing-mean smoothing of past betas, per-stock predicted-return signal. Stop-loss and take-profit inherited from improved 4.",2012-04-30,AAPL,Information Technology,1.2727789753574923,100000.0,-0.05,0.0,-0.05
improved_6_hzz_cross_sectional_trend_stop_take_top10,"Improved 6: replace the index-derived trend factor with a Han, Zhou, Zhu (2016) cross-sectional trend factor. Monthly OLS of next-month returns on 11 normalized MA ratios across the eligible cross-section, strict 12-month trailing-mean smoothing of past betas, per-stock predicted-return signal. Stop-loss and take-profit inherited from improved 4.",2012-04-30,DLTR,Consumer Staples,1.148626549145298,100000.0,-0.05,0.0,-0.05
improved_6_hzz_cross_sectional_trend_stop_take_top10,"Improved 6: replace the index-derived trend factor with a Han, Zhou, Zhu (2016) cross-sectional trend factor. Monthly OLS of next-month returns on 11 normalized MA ratios across the eligible cross-section, strict 12-month trailing-mean smoothing of past betas, per-stock predicted-return signal. Stop-loss and take-profit inherited from improved 4.",2012-04-30,MNST,Consumer Staples,1.1042431168730718,100000.0,0.1169230769230769,0.0,0.1169230769230769
improved_6_hzz_cross_sectional_trend_stop_take_top10,"Improved 6: replace the index-derived trend factor with a Han, Zhou, Zhu (2016) cross-sectional trend factor. Monthly OLS of next-month returns on 11 normalized MA ratios across the eligible cross-section, strict 12-month trailing-mean smoothing of past betas, per-stock predicted-return signal. Stop-loss and take-profit inherited from improved 4.",2012-04-30,URI,Industrials,1.0985704328285233,100000.0,-0.05,0.0,-0.05
improved_6_hzz_cross_sectional_trend_stop_take_top10,"Improved 6: replace the index-derived trend factor with a Han, Zhou, Zhu (2016) cross-sectional trend factor. Monthly OLS of next-month returns on 11 normalized MA ratios across the eligible cross-section, strict 12-month trailing-mean smoothing of past betas, per-stock predicted-return signal. Stop-loss and take-profit inherited from improved 4.",2012-04-30,TJX,Consumer Discretionary,1.0788385007144328,100000.0,-0.05,0.0,-0.05
improved_6_hzz_cross_sectional_trend_stop_take_top10,"Improved 6: replace the index-derived trend factor with a Han, Zhou, Zhu (2016) cross-sectional trend factor. Monthly OLS of next-month returns on 11 normalized MA ratios across the eligible cross-section, strict 12-month trailing-mean smoothing of past betas, per-stock predicted-return signal. Stop-loss and take-profit inherited from improved 4.",2012-04-30,TSCO,Consumer Discretionary,1.0769892923791429,100000.0,-0.05,0.0,-0.05
improved_6_hzz_cross_sectional_trend_stop_take_top10,"Improved 6: replace the index-derived trend factor with a Han, Zhou, Zhu (2016) cross-sectional trend factor. Monthly OLS of next-month returns on 11 normalized MA ratios across the eligible cross-section, strict 12-month trailing-mean smoothing of past betas, per-stock predicted-return signal. Stop-loss and take-profit inherited from improved 4.",2012-04-30,SBUX,Consumer Discretionary,1.0553871565403719,100000.0,-0.05,0.0,-0.05
improved_6_hzz_cross_sectional_trend_stop_take_top10,"Improved 6: replace the index-derived trend factor with a Han, Zhou, Zhu (2016) cross-sectional trend factor. Monthly OLS of next-month returns on 11 normalized MA ratios across the eligible cross-section, strict 12-month trailing-mean smoothing of past betas, per-stock predicted-return signal. Stop-loss and take-profit inherited from improved 4.",2012-04-30,ISRG,Health Care,1.0322741735196057,100000.0,-0.05,0.0,-0.05
improved_6_hzz_cross_sectional_trend_stop_take_top10,"Improved 6: replace the index-derived trend factor with a Han, Zhou, Zhu (2016) cross-sectional trend factor. Monthly OLS of next-month returns on 11 normalized MA ratios across the eligible cross-section, strict 12-month trailing-mean smoothing of past betas, per-stock predicted-return signal. Stop-loss and take-profit inherited from improved 4.",2012-05-31,STX,Information Technology,1.139400825208283,100000.0,-0.05,0.0,-0.05
improved_6_hzz_cross_sectional_trend_stop_take_top10,"Improved 6: replace the index-derived trend factor with a Han, Zhou, Zhu (2016) cross-sectional trend factor. Monthly OLS of next-month returns on 11 normalized MA ratios across the eligible cross-section, strict 12-month trailing-mean smoothing of past betas, per-stock predicted-return signal. Stop-loss and take-profit inherited from improved 4.",2012-05-31,AAPL,Information Technology,1.078582637449267,100000.0,0.0260735118386084,0.0,0.0260735118386084
improved_6_hzz_cross_sectional_trend_stop_take_top10,"Improved 6: replace the index-derived trend factor with a Han, Zhou, Zhu (2016) cross-sectional trend factor. Monthly OLS of next-month returns on 11 normalized MA ratios across the eligible cross-section, strict 12-month trailing-mean smoothing of past betas, per-stock predicted-return signal. Stop-loss and take-profit inherited from improved 4.",2012-05-31,TJX,Consumer Discretionary,1.0150881448225324,100000.0,0.0228734810613941,0.0,0.0228734810613941
improved_6_hzz_cross_sectional_trend_stop_take_top10,"Improved 6: replace the index-derived trend factor with a Han, Zhou, Zhu (2016) cross-sectional trend factor. Monthly OLS of next-month returns on 11 normalized MA ratios across the eligible cross-section, strict 12-month trailing-mean smoothing of past betas, per-stock predicted-return signal. Stop-loss and take-profit inherited from improved 4.",2012-05-31,ULTA,Consumer Discretionary,0.9929277731220543,100000.0,0.055141242937853,0.0,0.055141242937853
improved_6_hzz_cross_sectional_trend_stop_take_top10,"Improved 6: replace the index-derived trend factor with a Han, Zhou, Zhu (2016) cross-sectional trend factor. Monthly OLS of next-month returns on 11 normalized MA ratios across the eligible cross-section, strict 12-month trailing-mean smoothing of past betas, per-stock predicted-return signal. Stop-loss and take-profit inherited from improved 4.",2012-05-31,PM,Consumer Staples,0.9900053265723926,100000.0,0.0589223012137232,0.0,0.0589223012137232
improved_6_hzz_cross_sectional_trend_stop_take_top10,"Improved 6: replace the index-derived trend factor with a Han, Zhou, Zhu (2016) cross-sectional trend factor. Monthly OLS of next-month returns on 11 normalized MA ratios across the eligible cross-section, strict 12-month trailing-mean smoothing of past betas, per-stock predicted-return signal. Stop-loss and take-profit inherited from improved 4.",2012-05-31,DLTR,Consumer Staples,0.967929035865059,100000.0,0.0510891862850444,0.0,0.0510891862850444
improved_6_hzz_cross_sectional_trend_stop_take_top10,"Improved 6: replace the index-derived trend factor with a Han, Zhou, Zhu (2016) cross-sectional trend factor. Monthly OLS of next-month returns on 11 normalized MA ratios across the eligible cross-section, strict 12-month trailing-mean smoothing of past betas, per-stock predicted-return signal. Stop-loss and take-profit inherited from improved 4.",2012-05-31,ROST,Consumer Discretionary,0.9529178348248345,100000.0,-0.0014386189288567,0.0,-0.0014386189288567
improved_6_hzz_cross_sectional_trend_stop_take_top10,"Improved 6: replace the index-derived trend factor with a Han, Zhou, Zhu (2016) cross-sectional trend factor. Monthly OLS of next-month returns on 11 normalized MA ratios across the eligible cross-section, strict 12-month trailing-mean smoothing of past betas, per-stock predicted-return signal. Stop-loss and take-profit inherited from improved 4.",2012-05-31,TSCO,Consumer Discretionary,0.9509465261568446,100000.0,-0.05,0.0,-0.05
improved_6_hzz_cross_sectional_trend_stop_take_top10,"Improved 6: replace the index-derived trend factor with a Han, Zhou, Zhu (2016) cross-sectional trend factor. Monthly OLS of next-month returns on 11 normalized MA ratios across the eligible cross-section, strict 12-month trailing-mean smoothing of past betas, per-stock predicted-return signal. Stop-loss and take-profit inherited from improved 4.",2012-05-31,MNST,Consumer Staples,0.9375897157262797,100000.0,-0.05,0.0,-0.05
improved_6_hzz_cross_sectional_trend_stop_take_top10,"Improved 6: replace the index-derived trend factor with a Han, Zhou, Zhu (2016) cross-sectional trend factor. Monthly OLS of next-month returns on 11 normalized MA ratios across the eligible cross-section, strict 12-month trailing-mean smoothing of past betas, per-stock predicted-return signal. Stop-loss and take-profit inherited from improved 4.",2012-05-31,TDG,Industrials,0.8882302646703811,100000.0,0.1068073182774789,0.0,0.1068073182774789
improved_6_hzz_cross_sectional_trend_stop_take_top10,"Improved 6: replace the index-derived trend factor with a Han, Zhou, Zhu (2016) cross-sectional trend factor. Monthly OLS of next-month returns on 11 normalized MA ratios across the eligible cross-section, strict 12-month trailing-mean smoothing of past betas, per-stock predicted-return signal. Stop-loss and take-profit inherited from improved 4.",2012-06-30,ROST,Consumer Discretionary,1.3448687386456721,100000.0,0.0628699408078574,0.0,0.0628699408078574
improved_6_hzz_cross_sectional_trend_stop_take_top10,"Improved 6: replace the index-derived trend factor with a Han, Zhou, Zhu (2016) cross-sectional trend factor. Monthly OLS of next-month returns on 11 normalized MA ratios across the eligible cross-section, strict 12-month trailing-mean smoothing of past betas, per-stock predicted-return signal. Stop-loss and take-profit inherited from improved 4.",2012-06-30,AAPL,Information Technology,1.236846124366084,100000.0,0.0445162724720404,0.0,0.0445162724720404
improved_6_hzz_cross_sectional_trend_stop_take_top10,"Improved 6: replace the index-derived trend factor with a Han, Zhou, Zhu (2016) cross-sectional trend factor. Monthly OLS of next-month returns on 11 normalized MA ratios across the eligible cross-section, strict 12-month trailing-mean smoothing of past betas, per-stock predicted-return signal. Stop-loss and take-profit inherited from improved 4.",2012-06-30,DLTR,Consumer Staples,1.23584434093289,100000.0,-0.05,0.0,-0.05
improved_6_hzz_cross_sectional_trend_stop_take_top10,"Improved 6: replace the index-derived trend factor with a Han, Zhou, Zhu (2016) cross-sectional trend factor. Monthly OLS of next-month returns on 11 normalized MA ratios across the eligible cross-section, strict 12-month trailing-mean smoothing of past betas, per-stock predicted-return signal. Stop-loss and take-profit inherited from improved 4.",2012-06-30,MNST,Consumer Staples,1.232226021505636,100000.0,-0.05,0.0,-0.05
improved_6_hzz_cross_sectional_trend_stop_take_top10,"Improved 6: replace the index-derived trend factor with a Han, Zhou, Zhu (2016) cross-sectional trend factor. Monthly OLS of next-month returns on 11 normalized MA ratios across the eligible cross-section, strict 12-month trailing-mean smoothing of past betas, per-stock predicted-return signal. Stop-loss and take-profit inherited from improved 4.",2012-06-30,PM,Consumer Staples,1.2221900972633701,100000.0,0.0469429814525534,0.0,0.0469429814525534
improved_6_hzz_cross_sectional_trend_stop_take_top10,"Improved 6: replace the index-derived trend factor with a Han, Zhou, Zhu (2016) cross-sectional trend factor. Monthly OLS of next-month returns on 11 normalized MA ratios across the eligible cross-section, strict 12-month trailing-mean smoothing of past betas, per-stock predicted-return signal. Stop-loss and take-profit inherited from improved 4.",2012-06-30,TJX,Consumer Discretionary,1.1989269406589322,100000.0,0.0285714285738241,0.0,0.0285714285738241
improved_6_hzz_cross_sectional_trend_stop_take_top10,"Improved 6: replace the index-derived trend factor with a Han, Zhou, Zhu (2016) cross-sectional trend factor. Monthly OLS of next-month returns on 11 normalized MA ratios across the eligible cross-section, strict 12-month trailing-mean smoothing of past betas, per-stock predicted-return signal. Stop-loss and take-profit inherited from improved 4.",2012-06-30,MO,Consumer Staples,1.0703796373731855,100000.0,0.0404975412228056,0.0,0.0404975412228056
improved_6_hzz_cross_sectional_trend_stop_take_top10,"Improved 6: replace the index-derived trend factor with a Han, Zhou, Zhu (2016) cross-sectional trend factor. Monthly OLS of next-month returns on 11 normalized MA ratios across the eligible cross-section, strict 12-month trailing-mean smoothing of past betas, per-stock predicted-return signal. Stop-loss and take-profit inherited from improved 4.",2012-06-30,EXPE,Consumer Discretionary,1.0625637590995496,100000.0,-0.05,0.0,-0.05
improved_6_hzz_cross_sectional_trend_stop_take_top10,"Improved 6: replace the index-derived trend factor with a Han, Zhou, Zhu (2016) cross-sectional trend factor. Monthly OLS of next-month returns on 11 normalized MA ratios across the eligible cross-section, strict 12-month trailing-mean smoothing of past betas, per-stock predicted-return signal. Stop-loss and take-profit inherited from improved 4.",2012-06-30,URI,Industrials,0.9467984136554733,100000.0,-0.05,0.0,-0.05
improved_6_hzz_cross_sectional_trend_stop_take_top10,"Improved 6: replace the index-derived trend factor with a Han, Zhou, Zhu (2016) cross-sectional trend factor. Monthly OLS of next-month returns on 11 normalized MA ratios across the eligible cross-section, strict 12-month trailing-mean smoothing of past betas, per-stock predicted-return signal. Stop-loss and take-profit inherited from improved 4.",2012-06-30,STX,Information Technology,0.9219191013455009,100000.0,0.2158768732286746,0.0,0.2158768732286746
improved_6_hzz_cross_sectional_trend_stop_take_top10,"Improved 6: replace the index-derived trend factor with a Han, Zhou, Zhu (2016) cross-sectional trend factor. Monthly OLS of next-month returns on 11 normalized MA ratios across the eligible cross-section, strict 12-month trailing-mean smoothing of past betas, per-stock predicted-return signal. Stop-loss and take-profit inherited from improved 4.",2012-07-31,MO,Consumer Staples,1.3801022752079362,100000.0,-0.05,0.0,-0.05
improved_6_hzz_cross_sectional_trend_stop_take_top10,"Improved 6: replace the index-derived trend factor with a Han, Zhou, Zhu (2016) cross-sectional trend factor. Monthly OLS of next-month returns on 11 normalized MA ratios across the eligible cross-section, strict 12-month trailing-mean smoothing of past betas, per-stock predicted-return signal. Stop-loss and take-profit inherited from improved 4.",2012-07-31,ROST,Consumer Discretionary,1.3085662666116349,100000.0,0.0361443662907019,0.0,0.0361443662907019
improved_6_hzz_cross_sectional_trend_stop_take_top10,"Improved 6: replace the index-derived trend factor with a Han, Zhou, Zhu (2016) cross-sectional trend factor. Monthly OLS of next-month returns on 11 normalized MA ratios across the eligible cross-section, strict 12-month trailing-mean smoothing of past betas, per-stock predicted-return signal. Stop-loss and take-profit inherited from improved 4.",2012-07-31,PM,Consumer Staples,1.2009571781376198,100000.0,-0.0235101148186773,0.0,-0.0235101148186773
improved_6_hzz_cross_sectional_trend_stop_take_top10,"Improved 6: replace the index-derived trend factor with a Han, Zhou, Zhu (2016) cross-sectional trend factor. Monthly OLS of next-month returns on 11 normalized MA ratios across the eligible cross-section, strict 12-month trailing-mean smoothing of past betas, per-stock predicted-return signal. Stop-loss and take-profit inherited from improved 4.",2012-07-31,TJX,Consumer Discretionary,1.1325618297225912,100000.0,0.0337008772676135,0.0,0.0337008772676135
improved_6_hzz_cross_sectional_trend_stop_take_top10,"Improved 6: replace the index-derived trend factor with a Han, Zhou, Zhu (2016) cross-sectional trend factor. Monthly OLS of next-month returns on 11 normalized MA ratios across the eligible cross-section, strict 12-month trailing-mean smoothing of past betas, per-stock predicted-return signal. Stop-loss and take-profit inherited from improved 4.",2012-07-31,TPL,Energy,1.1114605260532853,100000.0,0.0486978237599353,0.0,0.0486978237599353
improved_6_hzz_cross_sectional_trend_stop_take_top10,"Improved 6: replace the index-derived trend factor with a Han, Zhou, Zhu (2016) cross-sectional trend factor. Monthly OLS of next-month returns on 11 normalized MA ratios across the eligible cross-section, strict 12-month trailing-mean smoothing of past betas, per-stock predicted-return signal. Stop-loss and take-profit inherited from improved 4.",2012-07-31,LMT,Industrials,1.0982604664950635,100000.0,0.025398502880896,0.0,0.025398502880896
improved_6_hzz_cross_sectional_trend_stop_take_top10,"Improved 6: replace the index-derived trend factor with a Han, Zhou, Zhu (2016) cross-sectional trend factor. Monthly OLS of next-month returns on 11 normalized MA ratios across the eligible cross-section, strict 12-month trailing-mean smoothing of past betas, per-stock predicted-return signal. Stop-loss and take-profit inherited from improved 4.",2012-07-31,STX,Information Technology,1.0698261942673712,100000.0,0.0719868621674415,0.0,0.0719868621674415
improved_6_hzz_cross_sectional_trend_stop_take_top10,"Improved 6: replace the index-derived trend factor with a Han, Zhou, Zhu (2016) cross-sectional trend factor. Monthly OLS of next-month returns on 11 normalized MA ratios across the eligible cross-section, strict 12-month trailing-mean smoothing of past betas, per-stock predicted-return signal. Stop-loss and take-profit inherited from improved 4.",2012-07-31,ORLY,Consumer Discretionary,1.0388552264814181,100000.0,-0.0155290300265643,0.0,-0.0155290300265643
improved_6_hzz_cross_sectional_trend_stop_take_top10,"Improved 6: replace the index-derived trend factor with a Han, Zhou, Zhu (2016) cross-sectional trend factor. Monthly OLS of next-month returns on 11 normalized MA ratios across the eligible cross-section, strict 12-month trailing-mean smoothing of past betas, per-stock predicted-return signal. Stop-loss and take-profit inherited from improved 4.",2012-07-31,MNST,Consumer Staples,0.9993528636315346,100000.0,-0.05,0.0,-0.05
improved_6_hzz_cross_sectional_trend_stop_take_top10,"Improved 6: replace the index-derived trend factor with a Han, Zhou, Zhu (2016) cross-sectional trend factor. Monthly OLS of next-month returns on 11 normalized MA ratios across the eligible cross-section, strict 12-month trailing-mean smoothing of past betas, per-stock predicted-return signal. Stop-loss and take-profit inherited from improved 4.",2012-07-31,DLTR,Consumer Staples,0.9883010731447833,100000.0,-0.05,0.0,-0.05
improved_6_hzz_cross_sectional_trend_stop_take_top10,"Improved 6: replace the index-derived trend factor with a Han, Zhou, Zhu (2016) cross-sectional trend factor. Monthly OLS of next-month returns on 11 normalized MA ratios across the eligible cross-section, strict 12-month trailing-mean smoothing of past betas, per-stock predicted-return signal. Stop-loss and take-profit inherited from improved 4.",2012-08-31,STX,Information Technology,2.0438839961476836,100000.0,-0.05,0.0,-0.05
improved_6_hzz_cross_sectional_trend_stop_take_top10,"Improved 6: replace the index-derived trend factor with a Han, Zhou, Zhu (2016) cross-sectional trend factor. Monthly OLS of next-month returns on 11 normalized MA ratios across the eligible cross-section, strict 12-month trailing-mean smoothing of past betas, per-stock predicted-return signal. Stop-loss and take-profit inherited from improved 4.",2012-08-31,URI,Industrials,1.4693708475642868,100000.0,-0.0078859569300572,0.0,-0.0078859569300572
improved_6_hzz_cross_sectional_trend_stop_take_top10,"Improved 6: replace the index-derived trend factor with a Han, Zhou, Zhu (2016) cross-sectional trend factor. Monthly OLS of next-month returns on 11 normalized MA ratios across the eligible cross-section, strict 12-month trailing-mean smoothing of past betas, per-stock predicted-return signal. Stop-loss and take-profit inherited from improved 4.",2012-08-31,LEN,Consumer Discretionary,1.1297046375336546,100000.0,0.0731481481464222,0.0,0.0731481481464222
improved_6_hzz_cross_sectional_trend_stop_take_top10,"Improved 6: replace the index-derived trend factor with a Han, Zhou, Zhu (2016) cross-sectional trend factor. Monthly OLS of next-month returns on 11 normalized MA ratios across the eligible cross-section, strict 12-month trailing-mean smoothing of past betas, per-stock predicted-return signal. Stop-loss and take-profit inherited from improved 4.",2012-08-31,AAPL,Information Technology,1.109675493966208,100000.0,0.0020202475374158,0.0,0.0020202475374158
improved_6_hzz_cross_sectional_trend_stop_take_top10,"Improved 6: replace the index-derived trend factor with a Han, Zhou, Zhu (2016) cross-sectional trend factor. Monthly OLS of next-month returns on 11 normalized MA ratios across the eligible cross-section, strict 12-month trailing-mean smoothing of past betas, per-stock predicted-return signal. Stop-loss and take-profit inherited from improved 4.",2012-08-31,PM,Consumer Staples,1.0594871802519323,100000.0,0.0150791474962481,0.0,0.0150791474962481
improved_6_hzz_cross_sectional_trend_stop_take_top10,"Improved 6: replace the index-derived trend factor with a Han, Zhou, Zhu (2016) cross-sectional trend factor. Monthly OLS of next-month returns on 11 normalized MA ratios across the eligible cross-section, strict 12-month trailing-mean smoothing of past betas, per-stock predicted-return signal. Stop-loss and take-profit inherited from improved 4.",2012-08-31,ROST,Consumer Discretionary,1.0525225954067297,100000.0,-0.05,0.0,-0.05
improved_6_hzz_cross_sectional_trend_stop_take_top10,"Improved 6: replace the index-derived trend factor with a Han, Zhou, Zhu (2016) cross-sectional trend factor. Monthly OLS of next-month returns on 11 normalized MA ratios across the eligible cross-section, strict 12-month trailing-mean smoothing of past betas, per-stock predicted-return signal. Stop-loss and take-profit inherited from improved 4.",2012-08-31,TPL,Energy,1.0322935853916582,100000.0,-0.05,0.0,-0.05
improved_6_hzz_cross_sectional_trend_stop_take_top10,"Improved 6: replace the index-derived trend factor with a Han, Zhou, Zhu (2016) cross-sectional trend factor. Monthly OLS of next-month returns on 11 normalized MA ratios across the eligible cross-section, strict 12-month trailing-mean smoothing of past betas, per-stock predicted-return signal. Stop-loss and take-profit inherited from improved 4.",2012-08-31,FICO,Information Technology,0.983994884101417,100000.0,0.043345729034385,0.0,0.043345729034385
improved_6_hzz_cross_sectional_trend_stop_take_top10,"Improved 6: replace the index-derived trend factor with a Han, Zhou, Zhu (2016) cross-sectional trend factor. Monthly OLS of next-month returns on 11 normalized MA ratios across the eligible cross-section, strict 12-month trailing-mean smoothing of past betas, per-stock predicted-return signal. Stop-loss and take-profit inherited from improved 4.",2012-08-31,LMT,Industrials,0.9766041397362387,100000.0,0.0240157912050404,0.0,0.0240157912050404
improved_6_hzz_cross_sectional_trend_stop_take_top10,"Improved 6: replace the index-derived trend factor with a Han, Zhou, Zhu (2016) cross-sectional trend factor. Monthly OLS of next-month returns on 11 normalized MA ratios across the eligible cross-section, strict 12-month trailing-mean smoothing of past betas, per-stock predicted-return signal. Stop-loss and take-profit inherited from improved 4.",2012-08-31,TSCO,Consumer Discretionary,0.9236577834264059,100000.0,0.0151935119613209,0.0,0.0151935119613209
improved_6_hzz_cross_sectional_trend_stop_take_top10,"Improved 6: replace the index-derived trend factor with a Han, Zhou, Zhu (2016) cross-sectional trend factor. Monthly OLS of next-month returns on 11 normalized MA ratios across the eligible cross-section, strict 12-month trailing-mean smoothing of past betas, per-stock predicted-return signal. Stop-loss and take-profit inherited from improved 4.",2012-09-30,STX,Information Technology,1.6759528154326644,100000.0,-0.05,0.0,-0.05
improved_6_hzz_cross_sectional_trend_stop_take_top10,"Improved 6: replace the index-derived trend factor with a Han, Zhou, Zhu (2016) cross-sectional trend factor. Monthly OLS of next-month returns on 11 normalized MA ratios across the eligible cross-section, strict 12-month trailing-mean smoothing of past betas, per-stock predicted-return signal. Stop-loss and take-profit inherited from improved 4.",2012-09-30,LEN,Consumer Discretionary,1.4618314384475875,100000.0,0.0635656276300611,0.0,0.0635656276300611
improved_6_hzz_cross_sectional_trend_stop_take_top10,"Improved 6: replace the index-derived trend factor with a Han, Zhou, Zhu (2016) cross-sectional trend factor. Monthly OLS of next-month returns on 11 normalized MA ratios across the eligible cross-section, strict 12-month trailing-mean smoothing of past betas, per-stock predicted-return signal. Stop-loss and take-profit inherited from improved 4.",2012-09-30,URI,Industrials,1.3563088075491663,100000.0,0.235490732299594,0.0,0.235490732299594
improved_6_hzz_cross_sectional_trend_stop_take_top10,"Improved 6: replace the index-derived trend factor with a Han, Zhou, Zhu (2016) cross-sectional trend factor. Monthly OLS of next-month returns on 11 normalized MA ratios across the eligible cross-section, strict 12-month trailing-mean smoothing of past betas, per-stock predicted-return signal. Stop-loss and take-profit inherited from improved 4.",2012-09-30,DHI,Consumer Discretionary,1.287044276024136,100000.0,-0.05,0.0,-0.05
improved_6_hzz_cross_sectional_trend_stop_take_top10,"Improved 6: replace the index-derived trend factor with a Han, Zhou, Zhu (2016) cross-sectional trend factor. Monthly OLS of next-month returns on 11 normalized MA ratios across the eligible cross-section, strict 12-month trailing-mean smoothing of past betas, per-stock predicted-return signal. Stop-loss and take-profit inherited from improved 4.",2012-09-30,PM,Consumer Staples,1.1284134343729262,100000.0,-0.0189431704878488,0.0,-0.0189431704878488
improved_6_hzz_cross_sectional_trend_stop_take_top10,"Improved 6: replace the index-derived trend factor with a Han, Zhou, Zhu (2016) cross-sectional trend factor. Monthly OLS of next-month returns on 11 normalized MA ratios across the eligible cross-section, strict 12-month trailing-mean smoothing of past betas, per-stock predicted-return signal. Stop-loss and take-profit inherited from improved 4.",2012-09-30,TPL,Energy,1.0605135108911514,100000.0,-0.0380255941645162,0.0,-0.0380255941645162
improved_6_hzz_cross_sectional_trend_stop_take_top10,"Improved 6: replace the index-derived trend factor with a Han, Zhou, Zhu (2016) cross-sectional trend factor. Monthly OLS of next-month returns on 11 normalized MA ratios across the eligible cross-section, strict 12-month trailing-mean smoothing of past betas, per-stock predicted-return signal. Stop-loss and take-profit inherited from improved 4.",2012-09-30,FFIV,Information Technology,1.046940964390384,100000.0,-0.05,0.0,-0.05
improved_6_hzz_cross_sectional_trend_stop_take_top10,"Improved 6: replace the index-derived trend factor with a Han, Zhou, Zhu (2016) cross-sectional trend factor. Monthly OLS of next-month returns on 11 normalized MA ratios across the eligible cross-section, strict 12-month trailing-mean smoothing of past betas, per-stock predicted-return signal. Stop-loss and take-profit inherited from improved 4.",2012-09-30,FICO,Information Technology,0.9918436797133421,100000.0,0.0495495495481319,0.0,0.0495495495481319
improved_6_hzz_cross_sectional_trend_stop_take_top10,"Improved 6: replace the index-derived trend factor with a Han, Zhou, Zhu (2016) cross-sectional trend factor. Monthly OLS of next-month returns on 11 normalized MA ratios across the eligible cross-section, strict 12-month trailing-mean smoothing of past betas, per-stock predicted-return signal. Stop-loss and take-profit inherited from improved 4.",2012-09-30,YUM,Consumer Discretionary,0.9419148522313308,100000.0,0.0545037021319154,0.0,0.0545037021319154
improved_6_hzz_cross_sectional_trend_stop_take_top10,"Improved 6: replace the index-derived trend factor with a Han, Zhou, Zhu (2016) cross-sectional trend factor. Monthly OLS of next-month returns on 11 normalized MA ratios across the eligible cross-section, strict 12-month trailing-mean smoothing of past betas, per-stock predicted-return signal. Stop-loss and take-profit inherited from improved 4.",2012-09-30,MNST,Consumer Staples,0.9300842734953978,100000.0,-0.05,0.0,-0.05
improved_6_hzz_cross_sectional_trend_stop_take_top10,"Improved 6: replace the index-derived trend factor with a Han, Zhou, Zhu (2016) cross-sectional trend factor. Monthly OLS of next-month returns on 11 normalized MA ratios across the eligible cross-section, strict 12-month trailing-mean smoothing of past betas, per-stock predicted-return signal. Stop-loss and take-profit inherited from improved 4.",2012-10-31,SHW,Materials,1.5412025989730778,100000.0,0.0694303912778739,0.0,0.0694303912778739
improved_6_hzz_cross_sectional_trend_stop_take_top10,"Improved 6: replace the index-derived trend factor with a Han, Zhou, Zhu (2016) cross-sectional trend factor. Monthly OLS of next-month returns on 11 normalized MA ratios across the eligible cross-section, strict 12-month trailing-mean smoothing of past betas, per-stock predicted-return signal. Stop-loss and take-profit inherited from improved 4.",2012-10-31,LEN,Consumer Discretionary,1.4501153517354224,100000.0,-0.05,0.0,-0.05
improved_6_hzz_cross_sectional_trend_stop_take_top10,"Improved 6: replace the index-derived trend factor with a Han, Zhou, Zhu (2016) cross-sectional trend factor. Monthly OLS of next-month returns on 11 normalized MA ratios across the eligible cross-section, strict 12-month trailing-mean smoothing of past betas, per-stock predicted-return signal. Stop-loss and take-profit inherited from improved 4.",2012-10-31,REGN,Health Care,1.3747630958876433,100000.0,-0.05,0.0,-0.05
improved_6_hzz_cross_sectional_trend_stop_take_top10,"Improved 6: replace the index-derived trend factor with a Han, Zhou, Zhu (2016) cross-sectional trend factor. Monthly OLS of next-month returns on 11 normalized MA ratios across the eligible cross-section, strict 12-month trailing-mean smoothing of past betas, per-stock predicted-return signal. Stop-loss and take-profit inherited from improved 4.",2012-10-31,PM,Consumer Staples,1.2619162502069643,100000.0,-0.05,0.0,-0.05
improved_6_hzz_cross_sectional_trend_stop_take_top10,"Improved 6: replace the index-derived trend factor with a Han, Zhou, Zhu (2016) cross-sectional trend factor. Monthly OLS of next-month returns on 11 normalized MA ratios across the eligible cross-section, strict 12-month trailing-mean smoothing of past betas, per-stock predicted-return signal. Stop-loss and take-profit inherited from improved 4.",2012-10-31,STX,Information Technology,1.2614873764350678,100000.0,-0.05,0.0,-0.05
improved_6_hzz_cross_sectional_trend_stop_take_top10,"Improved 6: replace the index-derived trend factor with a Han, Zhou, Zhu (2016) cross-sectional trend factor. Monthly OLS of next-month returns on 11 normalized MA ratios across the eligible cross-section, strict 12-month trailing-mean smoothing of past betas, per-stock predicted-return signal. Stop-loss and take-profit inherited from improved 4.",2012-10-31,TPL,Energy,1.2562215610068534,100000.0,0.0893536121683229,0.0,0.0893536121683229
improved_6_hzz_cross_sectional_trend_stop_take_top10,"Improved 6: replace the index-derived trend factor with a Han, Zhou, Zhu (2016) cross-sectional trend factor. Monthly OLS of next-month returns on 11 normalized MA ratios across the eligible cross-section, strict 12-month trailing-mean smoothing of past betas, per-stock predicted-return signal. Stop-loss and take-profit inherited from improved 4.",2012-10-31,DHI,Consumer Discretionary,1.2142828131673455,100000.0,-0.05,0.0,-0.05
improved_6_hzz_cross_sectional_trend_stop_take_top10,"Improved 6: replace the index-derived trend factor with a Han, Zhou, Zhu (2016) cross-sectional trend factor. Monthly OLS of next-month returns on 11 normalized MA ratios across the eligible cross-section, strict 12-month trailing-mean smoothing of past betas, per-stock predicted-return signal. Stop-loss and take-profit inherited from improved 4.",2012-10-31,LMT,Industrials,1.1954629690906204,100000.0,-0.05,0.0,-0.05
improved_6_hzz_cross_sectional_trend_stop_take_top10,"Improved 6: replace the index-derived trend factor with a Han, Zhou, Zhu (2016) cross-sectional trend factor. Monthly OLS of next-month returns on 11 normalized MA ratios across the eligible cross-section, strict 12-month trailing-mean smoothing of past betas, per-stock predicted-return signal. Stop-loss and take-profit inherited from improved 4.",2012-10-31,MO,Consumer Staples,1.0937358994544861,100000.0,-0.05,0.0,-0.05
improved_6_hzz_cross_sectional_trend_stop_take_top10,"Improved 6: replace the index-derived trend factor with a Han, Zhou, Zhu (2016) cross-sectional trend factor. Monthly OLS of next-month returns on 11 normalized MA ratios across the eligible cross-section, strict 12-month trailing-mean smoothing of past betas, per-stock predicted-return signal. Stop-loss and take-profit inherited from improved 4.",2012-10-31,TJX,Consumer Discretionary,1.0808649843719225,100000.0,-0.05,0.0,-0.05
improved_6_hzz_cross_sectional_trend_stop_take_top10,"Improved 6: replace the index-derived trend factor with a Han, Zhou, Zhu (2016) cross-sectional trend factor. Monthly OLS of next-month returns on 11 normalized MA ratios across the eligible cross-section, strict 12-month trailing-mean smoothing of past betas, per-stock predicted-return signal. Stop-loss and take-profit inherited from improved 4.",2012-11-30,STX,Information Technology,1.810440710954956,100000.0,0.2164324324322284,0.0,0.2164324324322284
improved_6_hzz_cross_sectional_trend_stop_take_top10,"Improved 6: replace the index-derived trend factor with a Han, Zhou, Zhu (2016) cross-sectional trend factor. Monthly OLS of next-month returns on 11 normalized MA ratios across the eligible cross-section, strict 12-month trailing-mean smoothing of past betas, per-stock predicted-return signal. Stop-loss and take-profit inherited from improved 4.",2012-11-30,TPL,Energy,1.5600222282210805,100000.0,-0.05,0.0,-0.05
improved_6_hzz_cross_sectional_trend_stop_take_top10,"Improved 6: replace the index-derived trend factor with a Han, Zhou, Zhu (2016) cross-sectional trend factor. Monthly OLS of next-month returns on 11 normalized MA ratios across the eligible cross-section, strict 12-month trailing-mean smoothing of past betas, per-stock predicted-return signal. Stop-loss and take-profit inherited from improved 4.",2012-11-30,AAPL,Information Technology,1.3670046815689196,100000.0,-0.05,0.0,-0.05
improved_6_hzz_cross_sectional_trend_stop_take_top10,"Improved 6: replace the index-derived trend factor with a Han, Zhou, Zhu (2016) cross-sectional trend factor. Monthly OLS of next-month returns on 11 normalized MA ratios across the eligible cross-section, strict 12-month trailing-mean smoothing of past betas, per-stock predicted-return signal. Stop-loss and take-profit inherited from improved 4.",2012-11-30,LEN,Consumer Discretionary,1.134487060419276,100000.0,-0.05,0.0,-0.05
improved_6_hzz_cross_sectional_trend_stop_take_top10,"Improved 6: replace the index-derived trend factor with a Han, Zhou, Zhu (2016) cross-sectional trend factor. Monthly OLS of next-month returns on 11 normalized MA ratios across the eligible cross-section, strict 12-month trailing-mean smoothing of past betas, per-stock predicted-return signal. Stop-loss and take-profit inherited from improved 4.",2012-11-30,SHW,Materials,1.034197575008462,100000.0,0.0067412788807235,0.0,0.0067412788807235
improved_6_hzz_cross_sectional_trend_stop_take_top10,"Improved 6: replace the index-derived trend factor with a Han, Zhou, Zhu (2016) cross-sectional trend factor. Monthly OLS of next-month returns on 11 normalized MA ratios across the eligible cross-section, strict 12-month trailing-mean smoothing of past betas, per-stock predicted-return signal. Stop-loss and take-profit inherited from improved 4.",2012-11-30,MO,Consumer Staples,1.0015522460237507,100000.0,-0.05,0.0,-0.05
improved_6_hzz_cross_sectional_trend_stop_take_top10,"Improved 6: replace the index-derived trend factor with a Han, Zhou, Zhu (2016) cross-sectional trend factor. Monthly OLS of next-month returns on 11 normalized MA ratios across the eligible cross-section, strict 12-month trailing-mean smoothing of past betas, per-stock predicted-return signal. Stop-loss and take-profit inherited from improved 4.",2012-11-30,ROST,Consumer Discretionary,0.9873330277017411,100000.0,-0.05,0.0,-0.05
improved_6_hzz_cross_sectional_trend_stop_take_top10,"Improved 6: replace the index-derived trend factor with a Han, Zhou, Zhu (2016) cross-sectional trend factor. Monthly OLS of next-month returns on 11 normalized MA ratios across the eligible cross-section, strict 12-month trailing-mean smoothing of past betas, per-stock predicted-return signal. Stop-loss and take-profit inherited from improved 4.",2012-11-30,LMT,Industrials,0.9726080482305459,100000.0,-0.0102949061661864,0.0,-0.0102949061661864
improved_6_hzz_cross_sectional_trend_stop_take_top10,"Improved 6: replace the index-derived trend factor with a Han, Zhou, Zhu (2016) cross-sectional trend factor. Monthly OLS of next-month returns on 11 normalized MA ratios across the eligible cross-section, strict 12-month trailing-mean smoothing of past betas, per-stock predicted-return signal. Stop-loss and take-profit inherited from improved 4.",2012-11-30,AIG,Financials,0.9310238976483645,100000.0,0.0587882423505243,0.0,0.0587882423505243
improved_6_hzz_cross_sectional_trend_stop_take_top10,"Improved 6: replace the index-derived trend factor with a Han, Zhou, Zhu (2016) cross-sectional trend factor. Monthly OLS of next-month returns on 11 normalized MA ratios across the eligible cross-section, strict 12-month trailing-mean smoothing of past betas, per-stock predicted-return signal. Stop-loss and take-profit inherited from improved 4.",2012-11-30,SWKS,Information Technology,0.9236964219102217,100000.0,-0.05,0.0,-0.05
improved_6_hzz_cross_sectional_trend_stop_take_top10,"Improved 6: replace the index-derived trend factor with a Han, Zhou, Zhu (2016) cross-sectional trend factor. Monthly OLS of next-month returns on 11 normalized MA ratios across the eligible cross-section, strict 12-month trailing-mean smoothing of past betas, per-stock predicted-return signal. Stop-loss and take-profit inherited from improved 4.",2012-12-31,TPL,Energy,1.6244723018204543,100000.0,-0.05,0.0,-0.05
improved_6_hzz_cross_sectional_trend_stop_take_top10,"Improved 6: replace the index-derived trend factor with a Han, Zhou, Zhu (2016) cross-sectional trend factor. Monthly OLS of next-month returns on 11 normalized MA ratios across the eligible cross-section, strict 12-month trailing-mean smoothing of past betas, per-stock predicted-return signal. Stop-loss and take-profit inherited from improved 4.",2012-12-31,STX,Information Technology,1.5453663279884544,100000.0,0.0756568534368407,0.0,0.0756568534368407
improved_6_hzz_cross_sectional_trend_stop_take_top10,"Improved 6: replace the index-derived trend factor with a Han, Zhou, Zhu (2016) cross-sectional trend factor. Monthly OLS of next-month returns on 11 normalized MA ratios across the eligible cross-section, strict 12-month trailing-mean smoothing of past betas, per-stock predicted-return signal. Stop-loss and take-profit inherited from improved 4.",2012-12-31,REGN,Health Care,1.383841529211683,100000.0,-0.05,0.0,-0.05
improved_6_hzz_cross_sectional_trend_stop_take_top10,"Improved 6: replace the index-derived trend factor with a Han, Zhou, Zhu (2016) cross-sectional trend factor. Monthly OLS of next-month returns on 11 normalized MA ratios across the eligible cross-section, strict 12-month trailing-mean smoothing of past betas, per-stock predicted-return signal. Stop-loss and take-profit inherited from improved 4.",2012-12-31,AAPL,Information Technology,1.2274072462989993,100000.0,-0.05,0.0,-0.05
improved_6_hzz_cross_sectional_trend_stop_take_top10,"Improved 6: replace the index-derived trend factor with a Han, Zhou, Zhu (2016) cross-sectional trend factor. Monthly OLS of next-month returns on 11 normalized MA ratios across the eligible cross-section, strict 12-month trailing-mean smoothing of past betas, per-stock predicted-return signal. Stop-loss and take-profit inherited from improved 4.",2012-12-31,AIG,Financials,1.1037300517629187,100000.0,0.042435932765241,0.0,0.042435932765241
improved_6_hzz_cross_sectional_trend_stop_take_top10,"Improved 6: replace the index-derived trend factor with a Han, Zhou, Zhu (2016) cross-sectional trend factor. Monthly OLS of next-month returns on 11 normalized MA ratios across the eligible cross-section, strict 12-month trailing-mean smoothing of past betas, per-stock predicted-return signal. Stop-loss and take-profit inherited from improved 4.",2012-12-31,BKNG,Consumer Discretionary,1.063949013163892,100000.0,0.0746907483183934,0.0,0.0746907483183934
improved_6_hzz_cross_sectional_trend_stop_take_top10,"Improved 6: replace the index-derived trend factor with a Han, Zhou, Zhu (2016) cross-sectional trend factor. Monthly OLS of next-month returns on 11 normalized MA ratios across the eligible cross-section, strict 12-month trailing-mean smoothing of past betas, per-stock predicted-return signal. Stop-loss and take-profit inherited from improved 4.",2012-12-31,MO,Consumer Staples,1.0013551742557216,100000.0,0.0485678704831977,0.0,0.0485678704831977
improved_6_hzz_cross_sectional_trend_stop_take_top10,"Improved 6: replace the index-derived trend factor with a Han, Zhou, Zhu (2016) cross-sectional trend factor. Monthly OLS of next-month returns on 11 normalized MA ratios across the eligible cross-section, strict 12-month trailing-mean smoothing of past betas, per-stock predicted-return signal. Stop-loss and take-profit inherited from improved 4.",2012-12-31,IT,Information Technology,1.0011228483719334,100000.0,0.0989972263708129,0.0,0.0989972263708129
improved_6_hzz_cross_sectional_trend_stop_take_top10,"Improved 6: replace the index-derived trend factor with a Han, Zhou, Zhu (2016) cross-sectional trend factor. Monthly OLS of next-month returns on 11 normalized MA ratios across the eligible cross-section, strict 12-month trailing-mean smoothing of past betas, per-stock predicted-return signal. Stop-loss and take-profit inherited from improved 4.",2012-12-31,SHW,Materials,0.9285044167697245,100000.0,0.0394256042062464,0.0,0.0394256042062464
improved_6_hzz_cross_sectional_trend_stop_take_top10,"Improved 6: replace the index-derived trend factor with a Han, Zhou, Zhu (2016) cross-sectional trend factor. Monthly OLS of next-month returns on 11 normalized MA ratios across the eligible cross-section, strict 12-month trailing-mean smoothing of past betas, per-stock predicted-return signal. Stop-loss and take-profit inherited from improved 4.",2012-12-31,ROST,Consumer Discretionary,0.916190910964279,100000.0,0.1000552791585025,0.0,0.1000552791585025
improved_6_hzz_cross_sectional_trend_stop_take_top10,"Improved 6: replace the index-derived trend factor with a Han, Zhou, Zhu (2016) cross-sectional trend factor. Monthly OLS of next-month returns on 11 normalized MA ratios across the eligible cross-section, strict 12-month trailing-mean smoothing of past betas, per-stock predicted-return signal. Stop-loss and take-profit inherited from improved 4.",2013-01-31,TPL,Energy,1.458396121551881,100000.0,0.0701318555349213,0.0,0.0701318555349213
improved_6_hzz_cross_sectional_trend_stop_take_top10,"Improved 6: replace the index-derived trend factor with a Han, Zhou, Zhu (2016) cross-sectional trend factor. Monthly OLS of next-month returns on 11 normalized MA ratios across the eligible cross-section, strict 12-month trailing-mean smoothing of past betas, per-stock predicted-return signal. Stop-loss and take-profit inherited from improved 4.",2013-01-31,STX,Information Technology,1.2230384053979966,100000.0,-0.05,0.0,-0.05
improved_6_hzz_cross_sectional_trend_stop_take_top10,"Improved 6: replace the index-derived trend factor with a Han, Zhou, Zhu (2016) cross-sectional trend factor. Monthly OLS of next-month returns on 11 normalized MA ratios across the eligible cross-section, strict 12-month trailing-mean smoothing of past betas, per-stock predicted-return signal. Stop-loss and take-profit inherited from improved 4.",2013-01-31,F,Consumer Discretionary,1.1632807898057218,100000.0,-0.05,0.0,-0.05
improved_6_hzz_cross_sectional_trend_stop_take_top10,"Improved 6: replace the index-derived trend factor with a Han, Zhou, Zhu (2016) cross-sectional trend factor. Monthly OLS of next-month returns on 11 normalized MA ratios across the eligible cross-section, strict 12-month trailing-mean smoothing of past betas, per-stock predicted-return signal. Stop-loss and take-profit inherited from improved 4.",2013-01-31,AIG,Financials,1.0484627178733026,100000.0,-0.0047132757257069,0.0,-0.0047132757257069
improved_6_hzz_cross_sectional_trend_stop_take_top10,"Improved 6: replace the index-derived trend factor with a Han, Zhou, Zhu (2016) cross-sectional trend factor. Monthly OLS of next-month returns on 11 normalized MA ratios across the eligible cross-section, strict 12-month trailing-mean smoothing of past betas, per-stock predicted-return signal. Stop-loss and take-profit inherited from improved 4.",2013-01-31,REGN,Health Care,0.9990558036502019,100000.0,-0.05,0.0,-0.05
improved_6_hzz_cross_sectional_trend_stop_take_top10,"Improved 6: replace the index-derived trend factor with a Han, Zhou, Zhu (2016) cross-sectional trend factor. Monthly OLS of next-month returns on 11 normalized MA ratios across the eligible cross-section, strict 12-month trailing-mean smoothing of past betas, per-stock predicted-return signal. Stop-loss and take-profit inherited from improved 4.",2013-01-31,LEN,Consumer Discretionary,0.9750710709154722,100000.0,-0.05,0.0,-0.05
improved_6_hzz_cross_sectional_trend_stop_take_top10,"Improved 6: replace the index-derived trend factor with a Han, Zhou, Zhu (2016) cross-sectional trend factor. Monthly OLS of next-month returns on 11 normalized MA ratios across the eligible cross-section, strict 12-month trailing-mean smoothing of past betas, per-stock predicted-return signal. Stop-loss and take-profit inherited from improved 4.",2013-01-31,MCO,Financials,0.9222151415044176,100000.0,-0.05,0.0,-0.05
improved_6_hzz_cross_sectional_trend_stop_take_top10,"Improved 6: replace the index-derived trend factor with a Han, Zhou, Zhu (2016) cross-sectional trend factor. Monthly OLS of next-month returns on 11 normalized MA ratios across the eligible cross-section, strict 12-month trailing-mean smoothing of past betas, per-stock predicted-return signal. Stop-loss and take-profit inherited from improved 4.",2013-01-31,LMT,Industrials,0.9131965141320393,100000.0,0.01857522407987,0.0,0.01857522407987
improved_6_hzz_cross_sectional_trend_stop_take_top10,"Improved 6: replace the index-derived trend factor with a Han, Zhou, Zhu (2016) cross-sectional trend factor. Monthly OLS of next-month returns on 11 normalized MA ratios across the eligible cross-section, strict 12-month trailing-mean smoothing of past betas, per-stock predicted-return signal. Stop-loss and take-profit inherited from improved 4.",2013-01-31,SHW,Materials,0.8474252952627433,100000.0,-0.05,0.0,-0.05
improved_6_hzz_cross_sectional_trend_stop_take_top10,"Improved 6: replace the index-derived trend factor with a Han, Zhou, Zhu (2016) cross-sectional trend factor. Monthly OLS of next-month returns on 11 normalized MA ratios across the eligible cross-section, strict 12-month trailing-mean smoothing of past betas, per-stock predicted-return signal. Stop-loss and take-profit inherited from improved 4.",2013-01-31,LII,Industrials,0.8473557055767298,100000.0,0.01897533206871,0.0,0.01897533206871
improved_6_hzz_cross_sectional_trend_stop_take_top10,"Improved 6: replace the index-derived trend factor with a Han, Zhou, Zhu (2016) cross-sectional trend factor. Monthly OLS of next-month returns on 11 normalized MA ratios across the eligible cross-section, strict 12-month trailing-mean smoothing of past betas, per-stock predicted-return signal. Stop-loss and take-profit inherited from improved 4.",2013-02-28,REGN,Health Care,1.1706871041548261,100000.0,0.0585238523852107,0.0,0.0585238523852107
improved_6_hzz_cross_sectional_trend_stop_take_top10,"Improved 6: replace the index-derived trend factor with a Han, Zhou, Zhu (2016) cross-sectional trend factor. Monthly OLS of next-month returns on 11 normalized MA ratios across the eligible cross-section, strict 12-month trailing-mean smoothing of past betas, per-stock predicted-return signal. Stop-loss and take-profit inherited from improved 4.",2013-02-28,AXON,Industrials,1.1619287354862937,100000.0,0.0860655737704918,0.0,0.0860655737704918
improved_6_hzz_cross_sectional_trend_stop_take_top10,"Improved 6: replace the index-derived trend factor with a Han, Zhou, Zhu (2016) cross-sectional trend factor. Monthly OLS of next-month returns on 11 normalized MA ratios across the eligible cross-section, strict 12-month trailing-mean smoothing of past betas, per-stock predicted-return signal. Stop-loss and take-profit inherited from improved 4.",2013-02-28,STX,Information Technology,1.1254944361289259,100000.0,0.1412738058038387,0.0,0.1412738058038387
improved_6_hzz_cross_sectional_trend_stop_take_top10,"Improved 6: replace the index-derived trend factor with a Han, Zhou, Zhu (2016) cross-sectional trend factor. Monthly OLS of next-month returns on 11 normalized MA ratios across the eligible cross-section, strict 12-month trailing-mean smoothing of past betas, per-stock predicted-return signal. Stop-loss and take-profit inherited from improved 4.",2013-02-28,TPL,Energy,1.0173424979180534,100000.0,0.2623210697891649,0.0,0.2623210697891649
improved_6_hzz_cross_sectional_trend_stop_take_top10,"Improved 6: replace the index-derived trend factor with a Han, Zhou, Zhu (2016) cross-sectional trend factor. Monthly OLS of next-month returns on 11 normalized MA ratios across the eligible cross-section, strict 12-month trailing-mean smoothing of past betas, per-stock predicted-return signal. Stop-loss and take-profit inherited from improved 4.",2013-02-28,MCO,Financials,0.9923952124073174,100000.0,0.1157145846426637,0.0,0.1157145846426637
improved_6_hzz_cross_sectional_trend_stop_take_top10,"Improved 6: replace the index-derived trend factor with a Han, Zhou, Zhu (2016) cross-sectional trend factor. Monthly OLS of next-month returns on 11 normalized MA ratios across the eligible cross-section, strict 12-month trailing-mean smoothing of past betas, per-stock predicted-return signal. Stop-loss and take-profit inherited from improved 4.",2013-02-28,LEN,Consumer Discretionary,0.8746699987531953,100000.0,0.0790842872014232,0.0,0.0790842872014232
improved_6_hzz_cross_sectional_trend_stop_take_top10,"Improved 6: replace the index-derived trend factor with a Han, Zhou, Zhu (2016) cross-sectional trend factor. Monthly OLS of next-month returns on 11 normalized MA ratios across the eligible cross-section, strict 12-month trailing-mean smoothing of past betas, per-stock predicted-return signal. Stop-loss and take-profit inherited from improved 4.",2013-02-28,PHM,Consumer Discretionary,0.8648568793869088,100000.0,0.0647027880037414,0.0,0.0647027880037414
improved_6_hzz_cross_sectional_trend_stop_take_top10,"Improved 6: replace the index-derived trend factor with a Han, Zhou, Zhu (2016) cross-sectional trend factor. Monthly OLS of next-month returns on 11 normalized MA ratios across the eligible cross-section, strict 12-month trailing-mean smoothing of past betas, per-stock predicted-return signal. Stop-loss and take-profit inherited from improved 4.",2013-02-28,LMT,Industrials,0.8378344062451447,100000.0,0.0999430199426218,0.0,0.0999430199426218
improved_6_hzz_cross_sectional_trend_stop_take_top10,"Improved 6: replace the index-derived trend factor with a Han, Zhou, Zhu (2016) cross-sectional trend factor. Monthly OLS of next-month returns on 11 normalized MA ratios across the eligible cross-section, strict 12-month trailing-mean smoothing of past betas, per-stock predicted-return signal. Stop-loss and take-profit inherited from improved 4.",2013-02-28,EXPE,Consumer Discretionary,0.7821856680822323,100000.0,-0.05,0.0,-0.05
improved_6_hzz_cross_sectional_trend_stop_take_top10,"Improved 6: replace the index-derived trend factor with a Han, Zhou, Zhu (2016) cross-sectional trend factor. Monthly OLS of next-month returns on 11 normalized MA ratios across the eligible cross-section, strict 12-month trailing-mean smoothing of past betas, per-stock predicted-return signal. Stop-loss and take-profit inherited from improved 4.",2013-02-28,SHW,Materials,0.7442352821899703,100000.0,0.0523397096403699,0.0,0.0523397096403699
improved_6_hzz_cross_sectional_trend_stop_take_top10,"Improved 6: replace the index-derived trend factor with a Han, Zhou, Zhu (2016) cross-sectional trend factor. Monthly OLS of next-month returns on 11 normalized MA ratios across the eligible cross-section, strict 12-month trailing-mean smoothing of past betas, per-stock predicted-return signal. Stop-loss and take-profit inherited from improved 4.",2013-03-31,LMT,Industrials,1.2568722639051262,100000.0,0.0306844185551649,0.0,0.0306844185551649
improved_6_hzz_cross_sectional_trend_stop_take_top10,"Improved 6: replace the index-derived trend factor with a Han, Zhou, Zhu (2016) cross-sectional trend factor. Monthly OLS of next-month returns on 11 normalized MA ratios across the eligible cross-section, strict 12-month trailing-mean smoothing of past betas, per-stock predicted-return signal. Stop-loss and take-profit inherited from improved 4.",2013-03-31,TPL,Energy,1.0749419918861767,100000.0,0.0148767356200176,0.0,0.0148767356200176
improved_6_hzz_cross_sectional_trend_stop_take_top10,"Improved 6: replace the index-derived trend factor with a Han, Zhou, Zhu (2016) cross-sectional trend factor. Monthly OLS of next-month returns on 11 normalized MA ratios across the eligible cross-section, strict 12-month trailing-mean smoothing of past betas, per-stock predicted-return signal. Stop-loss and take-profit inherited from improved 4.",2013-03-31,MCO,Financials,1.0395577998677874,100000.0,0.1457352664279669,0.0,0.1457352664279669
improved_6_hzz_cross_sectional_trend_stop_take_top10,"Improved 6: replace the index-derived trend factor with a Han, Zhou, Zhu (2016) cross-sectional trend factor. Monthly OLS of next-month returns on 11 normalized MA ratios across the eligible cross-section, strict 12-month trailing-mean smoothing of past betas, per-stock predicted-return signal. Stop-loss and take-profit inherited from improved 4.",2013-03-31,LUV,Industrials,0.8362285107314238,100000.0,-0.05,0.0,-0.05
improved_6_hzz_cross_sectional_trend_stop_take_top10,"Improved 6: replace the index-derived trend factor with a Han, Zhou, Zhu (2016) cross-sectional trend factor. Monthly OLS of next-month returns on 11 normalized MA ratios across the eligible cross-section, strict 12-month trailing-mean smoothing of past betas, per-stock predicted-return signal. Stop-loss and take-profit inherited from improved 4.",2013-03-31,WYNN,Consumer Discretionary,0.810547818857608,100000.0,-0.05,0.0,-0.05
improved_6_hzz_cross_sectional_trend_stop_take_top10,"Improved 6: replace the index-derived trend factor with a Han, Zhou, Zhu (2016) cross-sectional trend factor. Monthly OLS of next-month returns on 11 normalized MA ratios across the eligible cross-section, strict 12-month trailing-mean smoothing of past betas, per-stock predicted-return signal. Stop-loss and take-profit inherited from improved 4.",2013-03-31,CL,Consumer Staples,0.7653589029500819,100000.0,0.0188193707015507,0.0,0.0188193707015507
improved_6_hzz_cross_sectional_trend_stop_take_top10,"Improved 6: replace the index-derived trend factor with a Han, Zhou, Zhu (2016) cross-sectional trend factor. Monthly OLS of next-month returns on 11 normalized MA ratios across the eligible cross-section, strict 12-month trailing-mean smoothing of past betas, per-stock predicted-return signal. Stop-loss and take-profit inherited from improved 4.",2013-03-31,GILD,Health Care,0.7578189947493107,100000.0,-0.05,0.0,-0.05
improved_6_hzz_cross_sectional_trend_stop_take_top10,"Improved 6: replace the index-derived trend factor with a Han, Zhou, Zhu (2016) cross-sectional trend factor. Monthly OLS of next-month returns on 11 normalized MA ratios across the eligible cross-section, strict 12-month trailing-mean smoothing of past betas, per-stock predicted-return signal. Stop-loss and take-profit inherited from improved 4.",2013-03-31,LDOS,Industrials,0.753222368765344,100000.0,0.1119867190160095,0.0,0.1119867190160095
improved_6_hzz_cross_sectional_trend_stop_take_top10,"Improved 6: replace the index-derived trend factor with a Han, Zhou, Zhu (2016) cross-sectional trend factor. Monthly OLS of next-month returns on 11 normalized MA ratios across the eligible cross-section, strict 12-month trailing-mean smoothing of past betas, per-stock predicted-return signal. Stop-loss and take-profit inherited from improved 4.",2013-03-31,FSLR,Information Technology,0.7454285565269341,100000.0,-0.05,0.0,-0.05
improved_6_hzz_cross_sectional_trend_stop_take_top10,"Improved 6: replace the index-derived trend factor with a Han, Zhou, Zhu (2016) cross-sectional trend factor. Monthly OLS of next-month returns on 11 normalized MA ratios across the eligible cross-section, strict 12-month trailing-mean smoothing of past betas, per-stock predicted-return signal. Stop-loss and take-profit inherited from improved 4.",2013-03-31,STX,Information Technology,0.7435578070001274,100000.0,-0.05,0.0,-0.05
improved_6_hzz_cross_sectional_trend_stop_take_top10,"Improved 6: replace the index-derived trend factor with a Han, Zhou, Zhu (2016) cross-sectional trend factor. Monthly OLS of next-month returns on 11 normalized MA ratios across the eligible cross-section, strict 12-month trailing-mean smoothing of past betas, per-stock predicted-return signal. Stop-loss and take-profit inherited from improved 4.",2013-04-30,FSLR,Information Technology,1.9308555263266252,100000.0,-0.05,0.0,-0.05
improved_6_hzz_cross_sectional_trend_stop_take_top10,"Improved 6: replace the index-derived trend factor with a Han, Zhou, Zhu (2016) cross-sectional trend factor. Monthly OLS of next-month returns on 11 normalized MA ratios across the eligible cross-section, strict 12-month trailing-mean smoothing of past betas, per-stock predicted-return signal. Stop-loss and take-profit inherited from improved 4.",2013-04-30,MCO,Financials,1.4367383002163412,100000.0,0.106039707574941,0.0,0.106039707574941
improved_6_hzz_cross_sectional_trend_stop_take_top10,"Improved 6: replace the index-derived trend factor with a Han, Zhou, Zhu (2016) cross-sectional trend factor. Monthly OLS of next-month returns on 11 normalized MA ratios across the eligible cross-section, strict 12-month trailing-mean smoothing of past betas, per-stock predicted-return signal. Stop-loss and take-profit inherited from improved 4.",2013-04-30,LMT,Industrials,1.2284922157581535,100000.0,0.0815683156597868,0.0,0.0815683156597868
improved_6_hzz_cross_sectional_trend_stop_take_top10,"Improved 6: replace the index-derived trend factor with a Han, Zhou, Zhu (2016) cross-sectional trend factor. Monthly OLS of next-month returns on 11 normalized MA ratios across the eligible cross-section, strict 12-month trailing-mean smoothing of past betas, per-stock predicted-return signal. Stop-loss and take-profit inherited from improved 4.",2013-04-30,WYNN,Consumer Discretionary,0.9272143191060604,100000.0,-9.114335654203389e-06,0.0,-9.114335654203389e-06
improved_6_hzz_cross_sectional_trend_stop_take_top10,"Improved 6: replace the index-derived trend factor with a Han, Zhou, Zhu (2016) cross-sectional trend factor. Monthly OLS of next-month returns on 11 normalized MA ratios across the eligible cross-section, strict 12-month trailing-mean smoothing of past betas, per-stock predicted-return signal. Stop-loss and take-profit inherited from improved 4.",2013-04-30,PPG,Materials,0.8182900769243056,100000.0,0.0575640114067115,0.0,0.0575640114067115
improved_6_hzz_cross_sectional_trend_stop_take_top10,"Improved 6: replace the index-derived trend factor with a Han, Zhou, Zhu (2016) cross-sectional trend factor. Monthly OLS of next-month returns on 11 normalized MA ratios across the eligible cross-section, strict 12-month trailing-mean smoothing of past betas, per-stock predicted-return signal. Stop-loss and take-profit inherited from improved 4.",2013-04-30,MO,Consumer Staples,0.809027929799281,100000.0,-0.0112298000578598,0.0,-0.0112298000578598
improved_6_hzz_cross_sectional_trend_stop_take_top10,"Improved 6: replace the index-derived trend factor with a Han, Zhou, Zhu (2016) cross-sectional trend factor. Monthly OLS of next-month returns on 11 normalized MA ratios across the eligible cross-section, strict 12-month trailing-mean smoothing of past betas, per-stock predicted-return signal. Stop-loss and take-profit inherited from improved 4.",2013-04-30,PHM,Consumer Discretionary,0.7569470035714296,100000.0,0.0335088559136309,0.0,0.0335088559136309
improved_6_hzz_cross_sectional_trend_stop_take_top10,"Improved 6: replace the index-derived trend factor with a Han, Zhou, Zhu (2016) cross-sectional trend factor. Monthly OLS of next-month returns on 11 normalized MA ratios across the eligible cross-section, strict 12-month trailing-mean smoothing of past betas, per-stock predicted-return signal. Stop-loss and take-profit inherited from improved 4.",2013-04-30,LDOS,Industrials,0.7052083920538654,100000.0,-0.0294511378831466,0.0,-0.0294511378831466
improved_6_hzz_cross_sectional_trend_stop_take_top10,"Improved 6: replace the index-derived trend factor with a Han, Zhou, Zhu (2016) cross-sectional trend factor. Monthly OLS of next-month returns on 11 normalized MA ratios across the eligible cross-section, strict 12-month trailing-mean smoothing of past betas, per-stock predicted-return signal. Stop-loss and take-profit inherited from improved 4.",2013-04-30,FCX,Materials,0.7036765713677384,100000.0,0.026785714288501,0.0,0.026785714288501
improved_6_hzz_cross_sectional_trend_stop_take_top10,"Improved 6: replace the index-derived trend factor with a Han, Zhou, Zhu (2016) cross-sectional trend factor. Monthly OLS of next-month returns on 11 normalized MA ratios across the eligible cross-section, strict 12-month trailing-mean smoothing of past betas, per-stock predicted-return signal. Stop-loss and take-profit inherited from improved 4.",2013-04-30,AXON,Industrials,0.6907289211601347,100000.0,0.0771850170261065,0.0,0.0771850170261065
improved_6_hzz_cross_sectional_trend_stop_take_top10,"Improved 6: replace the index-derived trend factor with a Han, Zhou, Zhu (2016) cross-sectional trend factor. Monthly OLS of next-month returns on 11 normalized MA ratios across the eligible cross-section, strict 12-month trailing-mean smoothing of past betas, per-stock predicted-return signal. Stop-loss and take-profit inherited from improved 4.",2013-05-31,FSLR,Information Technology,2.0685971573476594,100000.0,-0.05,0.0,-0.05
improved_6_hzz_cross_sectional_trend_stop_take_top10,"Improved 6: replace the index-derived trend factor with a Han, Zhou, Zhu (2016) cross-sectional trend factor. Monthly OLS of next-month returns on 11 normalized MA ratios across the eligible cross-section, strict 12-month trailing-mean smoothing of past betas, per-stock predicted-return signal. Stop-loss and take-profit inherited from improved 4.",2013-05-31,CLX,Consumer Staples,1.542972575524015,100000.0,-0.0001202645815583,0.0,-0.0001202645815583
improved_6_hzz_cross_sectional_trend_stop_take_top10,"Improved 6: replace the index-derived trend factor with a Han, Zhou, Zhu (2016) cross-sectional trend factor. Monthly OLS of next-month returns on 11 normalized MA ratios across the eligible cross-section, strict 12-month trailing-mean smoothing of past betas, per-stock predicted-return signal. Stop-loss and take-profit inherited from improved 4.",2013-05-31,WYNN,Consumer Discretionary,1.5320059892239328,100000.0,-0.05,0.0,-0.05
improved_6_hzz_cross_sectional_trend_stop_take_top10,"Improved 6: replace the index-derived trend factor with a Han, Zhou, Zhu (2016) cross-sectional trend factor. Monthly OLS of next-month returns on 11 normalized MA ratios across the eligible cross-section, strict 12-month trailing-mean smoothing of past betas, per-stock predicted-return signal. Stop-loss and take-profit inherited from improved 4.",2013-05-31,MCO,Financials,1.5119245250268913,100000.0,-0.05,0.0,-0.05
improved_6_hzz_cross_sectional_trend_stop_take_top10,"Improved 6: replace the index-derived trend factor with a Han, Zhou, Zhu (2016) cross-sectional trend factor. Monthly OLS of next-month returns on 11 normalized MA ratios across the eligible cross-section, strict 12-month trailing-mean smoothing of past betas, per-stock predicted-return signal. Stop-loss and take-profit inherited from improved 4.",2013-05-31,LMT,Industrials,1.4492280343502955,100000.0,0.0232075471696215,0.0,0.0232075471696215
improved_6_hzz_cross_sectional_trend_stop_take_top10,"Improved 6: replace the index-derived trend factor with a Han, Zhou, Zhu (2016) cross-sectional trend factor. Monthly OLS of next-month returns on 11 normalized MA ratios across the eligible cross-section, strict 12-month trailing-mean smoothing of past betas, per-stock predicted-return signal. Stop-loss and take-profit inherited from improved 4.",2013-05-31,MOS,Materials,0.8371380299184129,100000.0,-0.05,0.0,-0.05
improved_6_hzz_cross_sectional_trend_stop_take_top10,"Improved 6: replace the index-derived trend factor with a Han, Zhou, Zhu (2016) cross-sectional trend factor. Monthly OLS of next-month returns on 11 normalized MA ratios across the eligible cross-section, strict 12-month trailing-mean smoothing of past betas, per-stock predicted-return signal. Stop-loss and take-profit inherited from improved 4.",2013-05-31,STZ,Consumer Staples,0.8050244627844358,100000.0,-0.05,0.0,-0.05
improved_6_hzz_cross_sectional_trend_stop_take_top10,"Improved 6: replace the index-derived trend factor with a Han, Zhou, Zhu (2016) cross-sectional trend factor. Monthly OLS of next-month returns on 11 normalized MA ratios across the eligible cross-section, strict 12-month trailing-mean smoothing of past betas, per-stock predicted-return signal. Stop-loss and take-profit inherited from improved 4.",2013-05-31,GS,Financials,0.7973092315038561,100000.0,-0.05,0.0,-0.05
improved_6_hzz_cross_sectional_trend_stop_take_top10,"Improved 6: replace the index-derived trend factor with a Han, Zhou, Zhu (2016) cross-sectional trend factor. Monthly OLS of next-month returns on 11 normalized MA ratios across the eligible cross-section, strict 12-month trailing-mean smoothing of past betas, per-stock predicted-return signal. Stop-loss and take-profit inherited from improved 4.",2013-05-31,FCX,Materials,0.7586154563485807,100000.0,-0.05,0.0,-0.05
improved_6_hzz_cross_sectional_trend_stop_take_top10,"Improved 6: replace the index-derived trend factor with a Han, Zhou, Zhu (2016) cross-sectional trend factor. Monthly OLS of next-month returns on 11 normalized MA ratios across the eligible cross-section, strict 12-month trailing-mean smoothing of past betas, per-stock predicted-return signal. Stop-loss and take-profit inherited from improved 4.",2013-05-31,LDOS,Industrials,0.744167173159358,100000.0,-0.05,0.0,-0.05
improved_6_hzz_cross_sectional_trend_stop_take_top10,"Improved 6: replace the index-derived trend factor with a Han, Zhou, Zhu (2016) cross-sectional trend factor. Monthly OLS of next-month returns on 11 normalized MA ratios across the eligible cross-section, strict 12-month trailing-mean smoothing of past betas, per-stock predicted-return signal. Stop-loss and take-profit inherited from improved 4.",2013-06-30,FSLR,Information Technology,1.9403149765823358,100000.0,0.0846187747906566,0.0,0.0846187747906566
improved_6_hzz_cross_sectional_trend_stop_take_top10,"Improved 6: replace the index-derived trend factor with a Han, Zhou, Zhu (2016) cross-sectional trend factor. Monthly OLS of next-month returns on 11 normalized MA ratios across the eligible cross-section, strict 12-month trailing-mean smoothing of past betas, per-stock predicted-return signal. Stop-loss and take-profit inherited from improved 4.",2013-06-30,MCO,Financials,1.7545158560825944,100000.0,0.1078960274639451,0.0,0.1078960274639451
improved_6_hzz_cross_sectional_trend_stop_take_top10,"Improved 6: replace the index-derived trend factor with a Han, Zhou, Zhu (2016) cross-sectional trend factor. Monthly OLS of next-month returns on 11 normalized MA ratios across the eligible cross-section, strict 12-month trailing-mean smoothing of past betas, per-stock predicted-return signal. Stop-loss and take-profit inherited from improved 4.",2013-06-30,WYNN,Consumer Discretionary,1.3785444340102992,100000.0,0.0297803217827694,0.0,0.0297803217827694
improved_6_hzz_cross_sectional_trend_stop_take_top10,"Improved 6: replace the index-derived trend factor with a Han, Zhou, Zhu (2016) cross-sectional trend factor. Monthly OLS of next-month returns on 11 normalized MA ratios across the eligible cross-section, strict 12-month trailing-mean smoothing of past betas, per-stock predicted-return signal. Stop-loss and take-profit inherited from improved 4.",2013-06-30,CLX,Consumer Staples,1.3091503125610855,100000.0,0.0373065953224405,0.0,0.0373065953224405
improved_6_hzz_cross_sectional_trend_stop_take_top10,"Improved 6: replace the index-derived trend factor with a Han, Zhou, Zhu (2016) cross-sectional trend factor. Monthly OLS of next-month returns on 11 normalized MA ratios across the eligible cross-section, strict 12-month trailing-mean smoothing of past betas, per-stock predicted-return signal. Stop-loss and take-profit inherited from improved 4.",2013-06-30,LMT,Industrials,1.2939504559284036,100000.0,0.107505070993829,0.0,0.107505070993829
improved_6_hzz_cross_sectional_trend_stop_take_top10,"Improved 6: replace the index-derived trend factor with a Han, Zhou, Zhu (2016) cross-sectional trend factor. Monthly OLS of next-month returns on 11 normalized MA ratios across the eligible cross-section, strict 12-month trailing-mean smoothing of past betas, per-stock predicted-return signal. Stop-loss and take-profit inherited from improved 4.",2013-06-30,REGN,Health Care,1.2556639722662344,100000.0,0.1660621761659031,0.0,0.1660621761659031
improved_6_hzz_cross_sectional_trend_stop_take_top10,"Improved 6: replace the index-derived trend factor with a Han, Zhou, Zhu (2016) cross-sectional trend factor. Monthly OLS of next-month returns on 11 normalized MA ratios across the eligible cross-section, strict 12-month trailing-mean smoothing of past betas, per-stock predicted-return signal. Stop-loss and take-profit inherited from improved 4.",2013-06-30,LDOS,Industrials,0.8851289866001619,100000.0,0.1045541741525695,0.0,0.1045541741525695
improved_6_hzz_cross_sectional_trend_stop_take_top10,"Improved 6: replace the index-derived trend factor with a Han, Zhou, Zhu (2016) cross-sectional trend factor. Monthly OLS of next-month returns on 11 normalized MA ratios across the eligible cross-section, strict 12-month trailing-mean smoothing of past betas, per-stock predicted-return signal. Stop-loss and take-profit inherited from improved 4.",2013-06-30,GILD,Health Care,0.876014976869776,100000.0,0.1814508370213132,0.0,0.1814508370213132
improved_6_hzz_cross_sectional_trend_stop_take_top10,"Improved 6: replace the index-derived trend factor with a Han, Zhou, Zhu (2016) cross-sectional trend factor. Monthly OLS of next-month returns on 11 normalized MA ratios across the eligible cross-section, strict 12-month trailing-mean smoothing of past betas, per-stock predicted-return signal. Stop-loss and take-profit inherited from improved 4.",2013-06-30,STX,Information Technology,0.6908214055972757,100000.0,-0.05,0.0,-0.05
improved_6_hzz_cross_sectional_trend_stop_take_top10,"Improved 6: replace the index-derived trend factor with a Han, Zhou, Zhu (2016) cross-sectional trend factor. Monthly OLS of next-month returns on 11 normalized MA ratios across the eligible cross-section, strict 12-month trailing-mean smoothing of past betas, per-stock predicted-return signal. Stop-loss and take-profit inherited from improved 4.",2013-06-30,C,Financials,0.6883212921163353,100000.0,0.0750515463896912,0.0,0.0750515463896912
improved_6_hzz_cross_sectional_trend_stop_take_top10,"Improved 6: replace the index-derived trend factor with a Han, Zhou, Zhu (2016) cross-sectional trend factor. Monthly OLS of next-month returns on 11 normalized MA ratios across the eligible cross-section, strict 12-month trailing-mean smoothing of past betas, per-stock predicted-return signal. Stop-loss and take-profit inherited from improved 4.",2013-07-31,FSLR,Information Technology,2.068783943335122,100000.0,-0.05,0.0,-0.05
improved_6_hzz_cross_sectional_trend_stop_take_top10,"Improved 6: replace the index-derived trend factor with a Han, Zhou, Zhu (2016) cross-sectional trend factor. Monthly OLS of next-month returns on 11 normalized MA ratios across the eligible cross-section, strict 12-month trailing-mean smoothing of past betas, per-stock predicted-return signal. Stop-loss and take-profit inherited from improved 4.",2013-07-31,WYNN,Consumer Discretionary,1.836239128790664,100000.0,0.0502099803054882,0.0,0.0502099803054882
improved_6_hzz_cross_sectional_trend_stop_take_top10,"Improved 6: replace the index-derived trend factor with a Han, Zhou, Zhu (2016) cross-sectional trend factor. Monthly OLS of next-month returns on 11 normalized MA ratios across the eligible cross-section, strict 12-month trailing-mean smoothing of past betas, per-stock predicted-return signal. Stop-loss and take-profit inherited from improved 4.",2013-07-31,MCO,Financials,1.4984296874093672,100000.0,-0.05,0.0,-0.05
improved_6_hzz_cross_sectional_trend_stop_take_top10,"Improved 6: replace the index-derived trend factor with a Han, Zhou, Zhu (2016) cross-sectional trend factor. Monthly OLS of next-month returns on 11 normalized MA ratios across the eligible cross-section, strict 12-month trailing-mean smoothing of past betas, per-stock predicted-return signal. Stop-loss and take-profit inherited from improved 4.",2013-07-31,LMT,Industrials,1.3184567003501313,100000.0,0.0232755217176006,0.0,0.0232755217176006
improved_6_hzz_cross_sectional_trend_stop_take_top10,"Improved 6: replace the index-derived trend factor with a Han, Zhou, Zhu (2016) cross-sectional trend factor. Monthly OLS of next-month returns on 11 normalized MA ratios across the eligible cross-section, strict 12-month trailing-mean smoothing of past betas, per-stock predicted-return signal. Stop-loss and take-profit inherited from improved 4.",2013-07-31,CLX,Consumer Staples,1.2293963753327544,100000.0,-0.05,0.0,-0.05
improved_6_hzz_cross_sectional_trend_stop_take_top10,"Improved 6: replace the index-derived trend factor with a Han, Zhou, Zhu (2016) cross-sectional trend factor. Monthly OLS of next-month returns on 11 normalized MA ratios across the eligible cross-section, strict 12-month trailing-mean smoothing of past betas, per-stock predicted-return signal. Stop-loss and take-profit inherited from improved 4.",2013-07-31,DECK,Consumer Discretionary,1.1662436450158769,100000.0,0.0578170028820526,0.0,0.0578170028820526
improved_6_hzz_cross_sectional_trend_stop_take_top10,"Improved 6: replace the index-derived trend factor with a Han, Zhou, Zhu (2016) cross-sectional trend factor. Monthly OLS of next-month returns on 11 normalized MA ratios across the eligible cross-section, strict 12-month trailing-mean smoothing of past betas, per-stock predicted-return signal. Stop-loss and take-profit inherited from improved 4.",2013-07-31,EA,Communication Services,1.0019908079312179,100000.0,0.0117736422306209,0.0,0.0117736422306209
improved_6_hzz_cross_sectional_trend_stop_take_top10,"Improved 6: replace the index-derived trend factor with a Han, Zhou, Zhu (2016) cross-sectional trend factor. Monthly OLS of next-month returns on 11 normalized MA ratios across the eligible cross-section, strict 12-month trailing-mean smoothing of past betas, per-stock predicted-return signal. Stop-loss and take-profit inherited from improved 4.",2013-07-31,F,Consumer Discretionary,0.8543412340893816,100000.0,-0.05,0.0,-0.05
improved_6_hzz_cross_sectional_trend_stop_take_top10,"Improved 6: replace the index-derived trend factor with a Han, Zhou, Zhu (2016) cross-sectional trend factor. Monthly OLS of next-month returns on 11 normalized MA ratios across the eligible cross-section, strict 12-month trailing-mean smoothing of past betas, per-stock predicted-return signal. Stop-loss and take-profit inherited from improved 4.",2013-07-31,MO,Consumer Staples,0.7631712047099799,100000.0,-0.05,0.0,-0.05
improved_6_hzz_cross_sectional_trend_stop_take_top10,"Improved 6: replace the index-derived trend factor with a Han, Zhou, Zhu (2016) cross-sectional trend factor. Monthly OLS of next-month returns on 11 normalized MA ratios across the eligible cross-section, strict 12-month trailing-mean smoothing of past betas, per-stock predicted-return signal. Stop-loss and take-profit inherited from improved 4.",2013-07-31,CL,Consumer Staples,0.7486585797114325,100000.0,-0.05,0.0,-0.05
improved_6_hzz_cross_sectional_trend_stop_take_top10,"Improved 6: replace the index-derived trend factor with a Han, Zhou, Zhu (2016) cross-sectional trend factor. Monthly OLS of next-month returns on 11 normalized MA ratios across the eligible cross-section, strict 12-month trailing-mean smoothing of past betas, per-stock predicted-return signal. Stop-loss and take-profit inherited from improved 4.",2013-08-31,FSLR,Information Technology,1.5952375608803888,100000.0,0.0823687752355317,0.0,0.0823687752355317
improved_6_hzz_cross_sectional_trend_stop_take_top10,"Improved 6: replace the index-derived trend factor with a Han, Zhou, Zhu (2016) cross-sectional trend factor. Monthly OLS of next-month returns on 11 normalized MA ratios across the eligible cross-section, strict 12-month trailing-mean smoothing of past betas, per-stock predicted-return signal. Stop-loss and take-profit inherited from improved 4.",2013-08-31,MCO,Financials,1.0399145652752873,100000.0,0.0815008457620418,0.0,0.0815008457620418
improved_6_hzz_cross_sectional_trend_stop_take_top10,"Improved 6: replace the index-derived trend factor with a Han, Zhou, Zhu (2016) cross-sectional trend factor. Monthly OLS of next-month returns on 11 normalized MA ratios across the eligible cross-section, strict 12-month trailing-mean smoothing of past betas, per-stock predicted-return signal. Stop-loss and take-profit inherited from improved 4.",2013-08-31,DECK,Consumer Discretionary,0.9952588890794101,100000.0,0.1114483223773394,0.0,0.1114483223773394
improved_6_hzz_cross_sectional_trend_stop_take_top10,"Improved 6: replace the index-derived trend factor with a Han, Zhou, Zhu (2016) cross-sectional trend factor. Monthly OLS of next-month returns on 11 normalized MA ratios across the eligible cross-section, strict 12-month trailing-mean smoothing of past betas, per-stock predicted-return signal. Stop-loss and take-profit inherited from improved 4.",2013-08-31,LMT,Industrials,0.9685310045847731,100000.0,0.0340494527771502,0.0,0.0340494527771502
improved_6_hzz_cross_sectional_trend_stop_take_top10,"Improved 6: replace the index-derived trend factor with a Han, Zhou, Zhu (2016) cross-sectional trend factor. Monthly OLS of next-month returns on 11 normalized MA ratios across the eligible cross-section, strict 12-month trailing-mean smoothing of past betas, per-stock predicted-return signal. Stop-loss and take-profit inherited from improved 4.",2013-08-31,EA,Communication Services,0.9398481539304677,100000.0,-0.05,0.0,-0.05
improved_6_hzz_cross_sectional_trend_stop_take_top10,"Improved 6: replace the index-derived trend factor with a Han, Zhou, Zhu (2016) cross-sectional trend factor. Monthly OLS of next-month returns on 11 normalized MA ratios across the eligible cross-section, strict 12-month trailing-mean smoothing of past betas, per-stock predicted-return signal. Stop-loss and take-profit inherited from improved 4.",2013-08-31,CHRW,Industrials,0.9053322550334889,100000.0,0.0433807634544274,0.0,0.0433807634544274
improved_6_hzz_cross_sectional_trend_stop_take_top10,"Improved 6: replace the index-derived trend factor with a Han, Zhou, Zhu (2016) cross-sectional trend factor. Monthly OLS of next-month returns on 11 normalized MA ratios across the eligible cross-section, strict 12-month trailing-mean smoothing of past betas, per-stock predicted-return signal. Stop-loss and take-profit inherited from improved 4.",2013-08-31,F,Consumer Discretionary,0.8890929533711046,100000.0,0.0274056029313791,0.0,0.0274056029313791
improved_6_hzz_cross_sectional_trend_stop_take_top10,"Improved 6: replace the index-derived trend factor with a Han, Zhou, Zhu (2016) cross-sectional trend factor. Monthly OLS of next-month returns on 11 normalized MA ratios across the eligible cross-section, strict 12-month trailing-mean smoothing of past betas, per-stock predicted-return signal. Stop-loss and take-profit inherited from improved 4.",2013-08-31,CLX,Consumer Staples,0.7678243827593674,100000.0,-0.0183783783779102,0.0,-0.0183783783779102
improved_6_hzz_cross_sectional_trend_stop_take_top10,"Improved 6: replace the index-derived trend factor with a Han, Zhou, Zhu (2016) cross-sectional trend factor. Monthly OLS of next-month returns on 11 normalized MA ratios across the eligible cross-section, strict 12-month trailing-mean smoothing of past betas, per-stock predicted-return signal. Stop-loss and take-profit inherited from improved 4.",2013-08-31,MO,Consumer Staples,0.7462137159586488,100000.0,0.0222295152038569,0.0,0.0222295152038569
improved_6_hzz_cross_sectional_trend_stop_take_top10,"Improved 6: replace the index-derived trend factor with a Han, Zhou, Zhu (2016) cross-sectional trend factor. Monthly OLS of next-month returns on 11 normalized MA ratios across the eligible cross-section, strict 12-month trailing-mean smoothing of past betas, per-stock predicted-return signal. Stop-loss and take-profit inherited from improved 4.",2013-08-31,HUM,Health Care,0.6703283311687023,100000.0,0.0084980542465902,0.0,0.0084980542465902
improved_6_hzz_cross_sectional_trend_stop_take_top10,"Improved 6: replace the index-derived trend factor with a Han, Zhou, Zhu (2016) cross-sectional trend factor. Monthly OLS of next-month returns on 11 normalized MA ratios across the eligible cross-section, strict 12-month trailing-mean smoothing of past betas, per-stock predicted-return signal. Stop-loss and take-profit inherited from improved 4.",2013-09-30,EA,Communication Services,1.2149673113131818,100000.0,-0.05,0.0,-0.05
improved_6_hzz_cross_sectional_trend_stop_take_top10,"Improved 6: replace the index-derived trend factor with a Han, Zhou, Zhu (2016) cross-sectional trend factor. Monthly OLS of next-month returns on 11 normalized MA ratios across the eligible cross-section, strict 12-month trailing-mean smoothing of past betas, per-stock predicted-return signal. Stop-loss and take-profit inherited from improved 4.",2013-09-30,DECK,Consumer Discretionary,1.1850189370586557,100000.0,-0.05,0.0,-0.05
improved_6_hzz_cross_sectional_trend_stop_take_top10,"Improved 6: replace the index-derived trend factor with a Han, Zhou, Zhu (2016) cross-sectional trend factor. Monthly OLS of next-month returns on 11 normalized MA ratios across the eligible cross-section, strict 12-month trailing-mean smoothing of past betas, per-stock predicted-return signal. Stop-loss and take-profit inherited from improved 4.",2013-09-30,LMT,Industrials,1.0433210816610237,100000.0,0.0435939578938984,0.0,0.0435939578938984
improved_6_hzz_cross_sectional_trend_stop_take_top10,"Improved 6: replace the index-derived trend factor with a Han, Zhou, Zhu (2016) cross-sectional trend factor. Monthly OLS of next-month returns on 11 normalized MA ratios across the eligible cross-section, strict 12-month trailing-mean smoothing of past betas, per-stock predicted-return signal. Stop-loss and take-profit inherited from improved 4.",2013-09-30,MCO,Financials,1.0171335090662024,100000.0,0.0046921655055689,0.0,0.0046921655055689
improved_6_hzz_cross_sectional_trend_stop_take_top10,"Improved 6: replace the index-derived trend factor with a Han, Zhou, Zhu (2016) cross-sectional trend factor. Monthly OLS of next-month returns on 11 normalized MA ratios across the eligible cross-section, strict 12-month trailing-mean smoothing of past betas, per-stock predicted-return signal. Stop-loss and take-profit inherited from improved 4.",2013-09-30,CLX,Consumer Staples,0.9053564937616843,100000.0,0.1120170946856291,0.0,0.1120170946856291
improved_6_hzz_cross_sectional_trend_stop_take_top10,"Improved 6: replace the index-derived trend factor with a Han, Zhou, Zhu (2016) cross-sectional trend factor. Monthly OLS of next-month returns on 11 normalized MA ratios across the eligible cross-section, strict 12-month trailing-mean smoothing of past betas, per-stock predicted-return signal. Stop-loss and take-profit inherited from improved 4.",2013-09-30,CNC,Health Care,0.8012548191659257,100000.0,-0.05,0.0,-0.05
improved_6_hzz_cross_sectional_trend_stop_take_top10,"Improved 6: replace the index-derived trend factor with a Han, Zhou, Zhu (2016) cross-sectional trend factor. Monthly OLS of next-month returns on 11 normalized MA ratios across the eligible cross-section, strict 12-month trailing-mean smoothing of past betas, per-stock predicted-return signal. Stop-loss and take-profit inherited from improved 4.",2013-09-30,AXON,Industrials,0.7603501661607519,100000.0,-0.05,0.0,-0.05
improved_6_hzz_cross_sectional_trend_stop_take_top10,"Improved 6: replace the index-derived trend factor with a Han, Zhou, Zhu (2016) cross-sectional trend factor. Monthly OLS of next-month returns on 11 normalized MA ratios across the eligible cross-section, strict 12-month trailing-mean smoothing of past betas, per-stock predicted-return signal. Stop-loss and take-profit inherited from improved 4.",2013-09-30,KR,Consumer Staples,0.7514699066209505,100000.0,0.0617100371736898,0.0,0.0617100371736898
improved_6_hzz_cross_sectional_trend_stop_take_top10,"Improved 6: replace the index-derived trend factor with a Han, Zhou, Zhu (2016) cross-sectional trend factor. Monthly OLS of next-month returns on 11 normalized MA ratios across the eligible cross-section, strict 12-month trailing-mean smoothing of past betas, per-stock predicted-return signal. Stop-loss and take-profit inherited from improved 4.",2013-09-30,VRSK,Industrials,0.738838347445749,100000.0,0.0535055350560529,0.0,0.0535055350560529
improved_6_hzz_cross_sectional_trend_stop_take_top10,"Improved 6: replace the index-derived trend factor with a Han, Zhou, Zhu (2016) cross-sectional trend factor. Monthly OLS of next-month returns on 11 normalized MA ratios across the eligible cross-section, strict 12-month trailing-mean smoothing of past betas, per-stock predicted-return signal. Stop-loss and take-profit inherited from improved 4.",2013-09-30,ROK,Industrials,0.7295776041294079,100000.0,0.0295598657225666,0.0,0.0295598657225666
improved_6_hzz_cross_sectional_trend_stop_take_top10,"Improved 6: replace the index-derived trend factor with a Han, Zhou, Zhu (2016) cross-sectional trend factor. Monthly OLS of next-month returns on 11 normalized MA ratios across the eligible cross-section, strict 12-month trailing-mean smoothing of past betas, per-stock predicted-return signal. Stop-loss and take-profit inherited from improved 4.",2013-10-31,DECK,Consumer Discretionary,1.627564786885013,100000.0,0.2013374036894897,0.0,0.2013374036894897
improved_6_hzz_cross_sectional_trend_stop_take_top10,"Improved 6: replace the index-derived trend factor with a Han, Zhou, Zhu (2016) cross-sectional trend factor. Monthly OLS of next-month returns on 11 normalized MA ratios across the eligible cross-section, strict 12-month trailing-mean smoothing of past betas, per-stock predicted-return signal. Stop-loss and take-profit inherited from improved 4.",2013-10-31,EA,Communication Services,1.295336228213409,100000.0,-0.05,0.0,-0.05
improved_6_hzz_cross_sectional_trend_stop_take_top10,"Improved 6: replace the index-derived trend factor with a Han, Zhou, Zhu (2016) cross-sectional trend factor. Monthly OLS of next-month returns on 11 normalized MA ratios across the eligible cross-section, strict 12-month trailing-mean smoothing of past betas, per-stock predicted-return signal. Stop-loss and take-profit inherited from improved 4.",2013-10-31,LMT,Industrials,1.089654575149443,100000.0,0.0706831308091469,0.0,0.0706831308091469
improved_6_hzz_cross_sectional_trend_stop_take_top10,"Improved 6: replace the index-derived trend factor with a Han, Zhou, Zhu (2016) cross-sectional trend factor. Monthly OLS of next-month returns on 11 normalized MA ratios across the eligible cross-section, strict 12-month trailing-mean smoothing of past betas, per-stock predicted-return signal. Stop-loss and take-profit inherited from improved 4.",2013-10-31,MU,Information Technology,1.0745148702387992,100000.0,0.1887323943715027,0.0,0.1887323943715027
improved_6_hzz_cross_sectional_trend_stop_take_top10,"Improved 6: replace the index-derived trend factor with a Han, Zhou, Zhu (2016) cross-sectional trend factor. Monthly OLS of next-month returns on 11 normalized MA ratios across the eligible cross-section, strict 12-month trailing-mean smoothing of past betas, per-stock predicted-return signal. Stop-loss and take-profit inherited from improved 4.",2013-10-31,CLX,Consumer Staples,0.9207654442219528,100000.0,0.0403081732910837,0.0,0.0403081732910837
improved_6_hzz_cross_sectional_trend_stop_take_top10,"Improved 6: replace the index-derived trend factor with a Han, Zhou, Zhu (2016) cross-sectional trend factor. Monthly OLS of next-month returns on 11 normalized MA ratios across the eligible cross-section, strict 12-month trailing-mean smoothing of past betas, per-stock predicted-return signal. Stop-loss and take-profit inherited from improved 4.",2013-10-31,MCO,Financials,0.8379532708451936,100000.0,0.0595917244119246,0.0,0.0595917244119246
improved_6_hzz_cross_sectional_trend_stop_take_top10,"Improved 6: replace the index-derived trend factor with a Han, Zhou, Zhu (2016) cross-sectional trend factor. Monthly OLS of next-month returns on 11 normalized MA ratios across the eligible cross-section, strict 12-month trailing-mean smoothing of past betas, per-stock predicted-return signal. Stop-loss and take-profit inherited from improved 4.",2013-10-31,TPL,Energy,0.8302862411974972,100000.0,0.1115320334258893,0.0,0.1115320334258893
improved_6_hzz_cross_sectional_trend_stop_take_top10,"Improved 6: replace the index-derived trend factor with a Han, Zhou, Zhu (2016) cross-sectional trend factor. Monthly OLS of next-month returns on 11 normalized MA ratios across the eligible cross-section, strict 12-month trailing-mean smoothing of past betas, per-stock predicted-return signal. Stop-loss and take-profit inherited from improved 4.",2013-10-31,BA,Industrials,0.7878676197687083,100000.0,0.0293294668801922,0.0,0.0293294668801922
improved_6_hzz_cross_sectional_trend_stop_take_top10,"Improved 6: replace the index-derived trend factor with a Han, Zhou, Zhu (2016) cross-sectional trend factor. Monthly OLS of next-month returns on 11 normalized MA ratios across the eligible cross-section, strict 12-month trailing-mean smoothing of past betas, per-stock predicted-return signal. Stop-loss and take-profit inherited from improved 4.",2013-10-31,FSLR,Information Technology,0.7567133056806086,100000.0,0.0751258087706685,0.0,0.0751258087706685
improved_6_hzz_cross_sectional_trend_stop_take_top10,"Improved 6: replace the index-derived trend factor with a Han, Zhou, Zhu (2016) cross-sectional trend factor. Monthly OLS of next-month returns on 11 normalized MA ratios across the eligible cross-section, strict 12-month trailing-mean smoothing of past betas, per-stock predicted-return signal. Stop-loss and take-profit inherited from improved 4.",2013-10-31,HAL,Energy,0.751422807657799,100000.0,-0.0092157231522804,0.0,-0.0092157231522804
improved_6_hzz_cross_sectional_trend_stop_take_top10,"Improved 6: replace the index-derived trend factor with a Han, Zhou, Zhu (2016) cross-sectional trend factor. Monthly OLS of next-month returns on 11 normalized MA ratios across the eligible cross-section, strict 12-month trailing-mean smoothing of past betas, per-stock predicted-return signal. Stop-loss and take-profit inherited from improved 4.",2013-11-30,MU,Information Technology,1.7347860058734204,100000.0,0.0308056872022712,0.0,0.0308056872022712
improved_6_hzz_cross_sectional_trend_stop_take_top10,"Improved 6: replace the index-derived trend factor with a Han, Zhou, Zhu (2016) cross-sectional trend factor. Monthly OLS of next-month returns on 11 normalized MA ratios across the eligible cross-section, strict 12-month trailing-mean smoothing of past betas, per-stock predicted-return signal. Stop-loss and take-profit inherited from improved 4.",2013-11-30,FSLR,Information Technology,1.3765631092097028,100000.0,-0.05,0.0,-0.05
improved_6_hzz_cross_sectional_trend_stop_take_top10,"Improved 6: replace the index-derived trend factor with a Han, Zhou, Zhu (2016) cross-sectional trend factor. Monthly OLS of next-month returns on 11 normalized MA ratios across the eligible cross-section, strict 12-month trailing-mean smoothing of past betas, per-stock predicted-return signal. Stop-loss and take-profit inherited from improved 4.",2013-11-30,DECK,Consumer Discretionary,1.2895975870669503,100000.0,0.0112547892744252,0.0,0.0112547892744252
improved_6_hzz_cross_sectional_trend_stop_take_top10,"Improved 6: replace the index-derived trend factor with a Han, Zhou, Zhu (2016) cross-sectional trend factor. Monthly OLS of next-month returns on 11 normalized MA ratios across the eligible cross-section, strict 12-month trailing-mean smoothing of past betas, per-stock predicted-return signal. Stop-loss and take-profit inherited from improved 4.",2013-11-30,MCO,Financials,1.203399166617558,100000.0,0.0545625587956026,0.0,0.0545625587956026
improved_6_hzz_cross_sectional_trend_stop_take_top10,"Improved 6: replace the index-derived trend factor with a Han, Zhou, Zhu (2016) cross-sectional trend factor. Monthly OLS of next-month returns on 11 normalized MA ratios across the eligible cross-section, strict 12-month trailing-mean smoothing of past betas, per-stock predicted-return signal. Stop-loss and take-profit inherited from improved 4.",2013-11-30,LMT,Industrials,1.166063113827168,100000.0,0.0480084596407566,0.0,0.0480084596407566
improved_6_hzz_cross_sectional_trend_stop_take_top10,"Improved 6: replace the index-derived trend factor with a Han, Zhou, Zhu (2016) cross-sectional trend factor. Monthly OLS of next-month returns on 11 normalized MA ratios across the eligible cross-section, strict 12-month trailing-mean smoothing of past betas, per-stock predicted-return signal. Stop-loss and take-profit inherited from improved 4.",2013-11-30,BIIB,Health Care,1.150795291616656,100000.0,-0.05,0.0,-0.05
improved_6_hzz_cross_sectional_trend_stop_take_top10,"Improved 6: replace the index-derived trend factor with a Han, Zhou, Zhu (2016) cross-sectional trend factor. Monthly OLS of next-month returns on 11 normalized MA ratios across the eligible cross-section, strict 12-month trailing-mean smoothing of past betas, per-stock predicted-return signal. Stop-loss and take-profit inherited from improved 4.",2013-11-30,TPL,Energy,1.0271895585376722,100000.0,-0.0001000000025798,0.0,-0.0001000000025798
improved_6_hzz_cross_sectional_trend_stop_take_top10,"Improved 6: replace the index-derived trend factor with a Han, Zhou, Zhu (2016) cross-sectional trend factor. Monthly OLS of next-month returns on 11 normalized MA ratios across the eligible cross-section, strict 12-month trailing-mean smoothing of past betas, per-stock predicted-return signal. Stop-loss and take-profit inherited from improved 4.",2013-11-30,BX,Financials,0.9977085108736241,100000.0,0.0937500000031268,0.0,0.0937500000031268
improved_6_hzz_cross_sectional_trend_stop_take_top10,"Improved 6: replace the index-derived trend factor with a Han, Zhou, Zhu (2016) cross-sectional trend factor. Monthly OLS of next-month returns on 11 normalized MA ratios across the eligible cross-section, strict 12-month trailing-mean smoothing of past betas, per-stock predicted-return signal. Stop-loss and take-profit inherited from improved 4.",2013-11-30,LVS,Consumer Discretionary,0.9111798426471309,100000.0,0.1049321035110333,0.0,0.1049321035110333
improved_6_hzz_cross_sectional_trend_stop_take_top10,"Improved 6: replace the index-derived trend factor with a Han, Zhou, Zhu (2016) cross-sectional trend factor. Monthly OLS of next-month returns on 11 normalized MA ratios across the eligible cross-section, strict 12-month trailing-mean smoothing of past betas, per-stock predicted-return signal. Stop-loss and take-profit inherited from improved 4.",2013-11-30,AXON,Industrials,0.893959579119334,100000.0,-0.05,0.0,-0.05
improved_6_hzz_cross_sectional_trend_stop_take_top10,"Improved 6: replace the index-derived trend factor with a Han, Zhou, Zhu (2016) cross-sectional trend factor. Monthly OLS of next-month returns on 11 normalized MA ratios across the eligible cross-section, strict 12-month trailing-mean smoothing of past betas, per-stock predicted-return signal. Stop-loss and take-profit inherited from improved 4.",2013-12-31,DECK,Consumer Discretionary,1.3187785582267653,100000.0,-0.05,0.0,-0.05
improved_6_hzz_cross_sectional_trend_stop_take_top10,"Improved 6: replace the index-derived trend factor with a Han, Zhou, Zhu (2016) cross-sectional trend factor. Monthly OLS of next-month returns on 11 normalized MA ratios across the eligible cross-section, strict 12-month trailing-mean smoothing of past betas, per-stock predicted-return signal. Stop-loss and take-profit inherited from improved 4.",2013-12-31,MU,Information Technology,1.3049666691751374,100000.0,0.0627306273064125,0.0,0.0627306273064125
improved_6_hzz_cross_sectional_trend_stop_take_top10,"Improved 6: replace the index-derived trend factor with a Han, Zhou, Zhu (2016) cross-sectional trend factor. Monthly OLS of next-month returns on 11 normalized MA ratios across the eligible cross-section, strict 12-month trailing-mean smoothing of past betas, per-stock predicted-return signal. Stop-loss and take-profit inherited from improved 4.",2013-12-31,MCO,Financials,1.3021181234665125,100000.0,-0.05,0.0,-0.05
improved_6_hzz_cross_sectional_trend_stop_take_top10,"Improved 6: replace the index-derived trend factor with a Han, Zhou, Zhu (2016) cross-sectional trend factor. Monthly OLS of next-month returns on 11 normalized MA ratios across the eligible cross-section, strict 12-month trailing-mean smoothing of past betas, per-stock predicted-return signal. Stop-loss and take-profit inherited from improved 4.",2013-12-31,LMT,Industrials,1.2676737661698478,100000.0,0.0262495749747788,0.0,0.0262495749747788
improved_6_hzz_cross_sectional_trend_stop_take_top10,"Improved 6: replace the index-derived trend factor with a Han, Zhou, Zhu (2016) cross-sectional trend factor. Monthly OLS of next-month returns on 11 normalized MA ratios across the eligible cross-section, strict 12-month trailing-mean smoothing of past betas, per-stock predicted-return signal. Stop-loss and take-profit inherited from improved 4.",2013-12-31,TPL,Energy,1.2659754045628269,100000.0,-0.05,0.0,-0.05
improved_6_hzz_cross_sectional_trend_stop_take_top10,"Improved 6: replace the index-derived trend factor with a Han, Zhou, Zhu (2016) cross-sectional trend factor. Monthly OLS of next-month returns on 11 normalized MA ratios across the eligible cross-section, strict 12-month trailing-mean smoothing of past betas, per-stock predicted-return signal. Stop-loss and take-profit inherited from improved 4.",2013-12-31,NFLX,Communication Services,1.1981587304820693,100000.0,-0.05,0.0,-0.05
improved_6_hzz_cross_sectional_trend_stop_take_top10,"Improved 6: replace the index-derived trend factor with a Han, Zhou, Zhu (2016) cross-sectional trend factor. Monthly OLS of next-month returns on 11 normalized MA ratios across the eligible cross-section, strict 12-month trailing-mean smoothing of past betas, per-stock predicted-return signal. Stop-loss and take-profit inherited from improved 4.",2013-12-31,FSLR,Information Technology,1.0912275442591526,100000.0,-0.05,0.0,-0.05
improved_6_hzz_cross_sectional_trend_stop_take_top10,"Improved 6: replace the index-derived trend factor with a Han, Zhou, Zhu (2016) cross-sectional trend factor. Monthly OLS of next-month returns on 11 normalized MA ratios across the eligible cross-section, strict 12-month trailing-mean smoothing of past betas, per-stock predicted-return signal. Stop-loss and take-profit inherited from improved 4.",2013-12-31,HPQ,Information Technology,1.0511076421766559,100000.0,0.0401721664226446,0.0,0.0401721664226446
improved_6_hzz_cross_sectional_trend_stop_take_top10,"Improved 6: replace the index-derived trend factor with a Han, Zhou, Zhu (2016) cross-sectional trend factor. Monthly OLS of next-month returns on 11 normalized MA ratios across the eligible cross-section, strict 12-month trailing-mean smoothing of past betas, per-stock predicted-return signal. Stop-loss and take-profit inherited from improved 4.",2013-12-31,CMG,Consumer Discretionary,1.0450517041285192,100000.0,-0.05,0.0,-0.05
improved_6_hzz_cross_sectional_trend_stop_take_top10,"Improved 6: replace the index-derived trend factor with a Han, Zhou, Zhu (2016) cross-sectional trend factor. Monthly OLS of next-month returns on 11 normalized MA ratios across the eligible cross-section, strict 12-month trailing-mean smoothing of past betas, per-stock predicted-return signal. Stop-loss and take-profit inherited from improved 4.",2013-12-31,BA,Industrials,0.9847457588098183,100000.0,-0.05,0.0,-0.05
improved_6_hzz_cross_sectional_trend_stop_take_top10,"Improved 6: replace the index-derived trend factor with a Han, Zhou, Zhu (2016) cross-sectional trend factor. Monthly OLS of next-month returns on 11 normalized MA ratios across the eligible cross-section, strict 12-month trailing-mean smoothing of past betas, per-stock predicted-return signal. Stop-loss and take-profit inherited from improved 4.",2014-01-31,MU,Information Technology,1.7834043063325176,100000.0,0.0517391304353873,0.0,0.0517391304353873
improved_6_hzz_cross_sectional_trend_stop_take_top10,"Improved 6: replace the index-derived trend factor with a Han, Zhou, Zhu (2016) cross-sectional trend factor. Monthly OLS of next-month returns on 11 normalized MA ratios across the eligible cross-section, strict 12-month trailing-mean smoothing of past betas, per-stock predicted-return signal. Stop-loss and take-profit inherited from improved 4.",2014-01-31,DECK,Consumer Discretionary,1.5830485750483523,100000.0,-0.05,0.0,-0.05
improved_6_hzz_cross_sectional_trend_stop_take_top10,"Improved 6: replace the index-derived trend factor with a Han, Zhou, Zhu (2016) cross-sectional trend factor. Monthly OLS of next-month returns on 11 normalized MA ratios across the eligible cross-section, strict 12-month trailing-mean smoothing of past betas, per-stock predicted-return signal. Stop-loss and take-profit inherited from improved 4.",2014-01-31,TPL,Energy,1.4645966530977368,100000.0,0.3,0.0,0.3
improved_6_hzz_cross_sectional_trend_stop_take_top10,"Improved 6: replace the index-derived trend factor with a Han, Zhou, Zhu (2016) cross-sectional trend factor. Monthly OLS of next-month returns on 11 normalized MA ratios across the eligible cross-section, strict 12-month trailing-mean smoothing of past betas, per-stock predicted-return signal. Stop-loss and take-profit inherited from improved 4.",2014-01-31,FSLR,Information Technology,1.4539133971911165,100000.0,-0.05,0.0,-0.05
improved_6_hzz_cross_sectional_trend_stop_take_top10,"Improved 6: replace the index-derived trend factor with a Han, Zhou, Zhu (2016) cross-sectional trend factor. Monthly OLS of next-month returns on 11 normalized MA ratios across the eligible cross-section, strict 12-month trailing-mean smoothing of past betas, per-stock predicted-return signal. Stop-loss and take-profit inherited from improved 4.",2014-01-31,LMT,Industrials,1.3579716099999013,100000.0,0.0870006973896835,0.0,0.0870006973896835
improved_6_hzz_cross_sectional_trend_stop_take_top10,"Improved 6: replace the index-derived trend factor with a Han, Zhou, Zhu (2016) cross-sectional trend factor. Monthly OLS of next-month returns on 11 normalized MA ratios across the eligible cross-section, strict 12-month trailing-mean smoothing of past betas, per-stock predicted-return signal. Stop-loss and take-profit inherited from improved 4.",2014-01-31,MCO,Financials,1.2328527137026188,100000.0,0.0645698840427495,0.0,0.0645698840427495
improved_6_hzz_cross_sectional_trend_stop_take_top10,"Improved 6: replace the index-derived trend factor with a Han, Zhou, Zhu (2016) cross-sectional trend factor. Monthly OLS of next-month returns on 11 normalized MA ratios across the eligible cross-section, strict 12-month trailing-mean smoothing of past betas, per-stock predicted-return signal. Stop-loss and take-profit inherited from improved 4.",2014-01-31,HPQ,Information Technology,1.2126647560385961,100000.0,0.0282174810792157,0.0,0.0282174810792157
improved_6_hzz_cross_sectional_trend_stop_take_top10,"Improved 6: replace the index-derived trend factor with a Han, Zhou, Zhu (2016) cross-sectional trend factor. Monthly OLS of next-month returns on 11 normalized MA ratios across the eligible cross-section, strict 12-month trailing-mean smoothing of past betas, per-stock predicted-return signal. Stop-loss and take-profit inherited from improved 4.",2014-01-31,SMCI,Information Technology,1.1883266548984956,100000.0,-0.0179961089494162,0.0,-0.0179961089494162
improved_6_hzz_cross_sectional_trend_stop_take_top10,"Improved 6: replace the index-derived trend factor with a Han, Zhou, Zhu (2016) cross-sectional trend factor. Monthly OLS of next-month returns on 11 normalized MA ratios across the eligible cross-section, strict 12-month trailing-mean smoothing of past betas, per-stock predicted-return signal. Stop-loss and take-profit inherited from improved 4.",2014-01-31,STZ,Consumer Staples,1.0875540496827587,100000.0,0.0619921363032067,0.0,0.0619921363032067
improved_6_hzz_cross_sectional_trend_stop_take_top10,"Improved 6: replace the index-derived trend factor with a Han, Zhou, Zhu (2016) cross-sectional trend factor. Monthly OLS of next-month returns on 11 normalized MA ratios across the eligible cross-section, strict 12-month trailing-mean smoothing of past betas, per-stock predicted-return signal. Stop-loss and take-profit inherited from improved 4.",2014-01-31,BA,Industrials,1.0140112179861795,100000.0,0.0435809795350834,0.0,0.0435809795350834
improved_6_hzz_cross_sectional_trend_stop_take_top10,"Improved 6: replace the index-derived trend factor with a Han, Zhou, Zhu (2016) cross-sectional trend factor. Monthly OLS of next-month returns on 11 normalized MA ratios across the eligible cross-section, strict 12-month trailing-mean smoothing of past betas, per-stock predicted-return signal. Stop-loss and take-profit inherited from improved 4.",2014-02-28,TPL,Energy,2.647038291542823,100000.0,-0.05,0.0,-0.05
improved_6_hzz_cross_sectional_trend_stop_take_top10,"Improved 6: replace the index-derived trend factor with a Han, Zhou, Zhu (2016) cross-sectional trend factor. Monthly OLS of next-month returns on 11 normalized MA ratios across the eligible cross-section, strict 12-month trailing-mean smoothing of past betas, per-stock predicted-return signal. Stop-loss and take-profit inherited from improved 4.",2014-02-28,DAL,Industrials,2.6374783661652073,100000.0,0.0697746217961474,0.0,0.0697746217961474
improved_6_hzz_cross_sectional_trend_stop_take_top10,"Improved 6: replace the index-derived trend factor with a Han, Zhou, Zhu (2016) cross-sectional trend factor. Monthly OLS of next-month returns on 11 normalized MA ratios across the eligible cross-section, strict 12-month trailing-mean smoothing of past betas, per-stock predicted-return signal. Stop-loss and take-profit inherited from improved 4.",2014-02-28,LMT,Industrials,1.773337605518015,100000.0,0.0150478796173179,0.0,0.0150478796173179
improved_6_hzz_cross_sectional_trend_stop_take_top10,"Improved 6: replace the index-derived trend factor with a Han, Zhou, Zhu (2016) cross-sectional trend factor. Monthly OLS of next-month returns on 11 normalized MA ratios across the eligible cross-section, strict 12-month trailing-mean smoothing of past betas, per-stock predicted-return signal. Stop-loss and take-profit inherited from improved 4.",2014-02-28,MU,Information Technology,1.572491936244556,100000.0,-0.05,0.0,-0.05
improved_6_hzz_cross_sectional_trend_stop_take_top10,"Improved 6: replace the index-derived trend factor with a Han, Zhou, Zhu (2016) cross-sectional trend factor. Monthly OLS of next-month returns on 11 normalized MA ratios across the eligible cross-section, strict 12-month trailing-mean smoothing of past betas, per-stock predicted-return signal. Stop-loss and take-profit inherited from improved 4.",2014-02-28,MCO,Financials,1.508344238822747,100000.0,0.0169230769221711,0.0,0.0169230769221711
improved_6_hzz_cross_sectional_trend_stop_take_top10,"Improved 6: replace the index-derived trend factor with a Han, Zhou, Zhu (2016) cross-sectional trend factor. Monthly OLS of next-month returns on 11 normalized MA ratios across the eligible cross-section, strict 12-month trailing-mean smoothing of past betas, per-stock predicted-return signal. Stop-loss and take-profit inherited from improved 4.",2014-02-28,SPGI,Financials,1.4308096885900956,100000.0,-0.05,0.0,-0.05
improved_6_hzz_cross_sectional_trend_stop_take_top10,"Improved 6: replace the index-derived trend factor with a Han, Zhou, Zhu (2016) cross-sectional trend factor. Monthly OLS of next-month returns on 11 normalized MA ratios across the eligible cross-section, strict 12-month trailing-mean smoothing of past betas, per-stock predicted-return signal. Stop-loss and take-profit inherited from improved 4.",2014-02-28,AXON,Industrials,1.4161763224376975,100000.0,-0.05,0.0,-0.05
improved_6_hzz_cross_sectional_trend_stop_take_top10,"Improved 6: replace the index-derived trend factor with a Han, Zhou, Zhu (2016) cross-sectional trend factor. Monthly OLS of next-month returns on 11 normalized MA ratios across the eligible cross-section, strict 12-month trailing-mean smoothing of past betas, per-stock predicted-return signal. Stop-loss and take-profit inherited from improved 4.",2014-02-28,FSLR,Information Technology,1.4056502049346666,100000.0,-0.05,0.0,-0.05
improved_6_hzz_cross_sectional_trend_stop_take_top10,"Improved 6: replace the index-derived trend factor with a Han, Zhou, Zhu (2016) cross-sectional trend factor. Monthly OLS of next-month returns on 11 normalized MA ratios across the eligible cross-section, strict 12-month trailing-mean smoothing of past betas, per-stock predicted-return signal. Stop-loss and take-profit inherited from improved 4.",2014-02-28,DECK,Consumer Discretionary,1.175782990539085,100000.0,0.0877216916723391,0.0,0.0877216916723391
improved_6_hzz_cross_sectional_trend_stop_take_top10,"Improved 6: replace the index-derived trend factor with a Han, Zhou, Zhu (2016) cross-sectional trend factor. Monthly OLS of next-month returns on 11 normalized MA ratios across the eligible cross-section, strict 12-month trailing-mean smoothing of past betas, per-stock predicted-return signal. Stop-loss and take-profit inherited from improved 4.",2014-02-28,STZ,Consumer Staples,1.0186512218331962,100000.0,0.0519995047655721,0.0,0.0519995047655721
improved_6_hzz_cross_sectional_trend_stop_take_top10,"Improved 6: replace the index-derived trend factor with a Han, Zhou, Zhu (2016) cross-sectional trend factor. Monthly OLS of next-month returns on 11 normalized MA ratios across the eligible cross-section, strict 12-month trailing-mean smoothing of past betas, per-stock predicted-return signal. Stop-loss and take-profit inherited from improved 4.",2014-03-31,DAL,Industrials,2.5227850409651387,100000.0,-0.05,0.0,-0.05
improved_6_hzz_cross_sectional_trend_stop_take_top10,"Improved 6: replace the index-derived trend factor with a Han, Zhou, Zhu (2016) cross-sectional trend factor. Monthly OLS of next-month returns on 11 normalized MA ratios across the eligible cross-section, strict 12-month trailing-mean smoothing of past betas, per-stock predicted-return signal. Stop-loss and take-profit inherited from improved 4.",2014-03-31,LMT,Industrials,1.9425032321289697,100000.0,-0.05,0.0,-0.05
improved_6_hzz_cross_sectional_trend_stop_take_top10,"Improved 6: replace the index-derived trend factor with a Han, Zhou, Zhu (2016) cross-sectional trend factor. Monthly OLS of next-month returns on 11 normalized MA ratios across the eligible cross-section, strict 12-month trailing-mean smoothing of past betas, per-stock predicted-return signal. Stop-loss and take-profit inherited from improved 4.",2014-03-31,TPL,Energy,1.8442599322199886,100000.0,0.0065059318803304,0.0,0.0065059318803304
improved_6_hzz_cross_sectional_trend_stop_take_top10,"Improved 6: replace the index-derived trend factor with a Han, Zhou, Zhu (2016) cross-sectional trend factor. Monthly OLS of next-month returns on 11 normalized MA ratios across the eligible cross-section, strict 12-month trailing-mean smoothing of past betas, per-stock predicted-return signal. Stop-loss and take-profit inherited from improved 4.",2014-03-31,AXON,Industrials,1.6312575111549297,100000.0,-0.05,0.0,-0.05
improved_6_hzz_cross_sectional_trend_stop_take_top10,"Improved 6: replace the index-derived trend factor with a Han, Zhou, Zhu (2016) cross-sectional trend factor. Monthly OLS of next-month returns on 11 normalized MA ratios across the eligible cross-section, strict 12-month trailing-mean smoothing of past betas, per-stock predicted-return signal. Stop-loss and take-profit inherited from improved 4.",2014-03-31,MU,Information Technology,1.6069852755365521,100000.0,-0.05,0.0,-0.05
improved_6_hzz_cross_sectional_trend_stop_take_top10,"Improved 6: replace the index-derived trend factor with a Han, Zhou, Zhu (2016) cross-sectional trend factor. Monthly OLS of next-month returns on 11 normalized MA ratios across the eligible cross-section, strict 12-month trailing-mean smoothing of past betas, per-stock predicted-return signal. Stop-loss and take-profit inherited from improved 4.",2014-03-31,MCO,Financials,1.5004136910389794,100000.0,-0.05,0.0,-0.05
improved_6_hzz_cross_sectional_trend_stop_take_top10,"Improved 6: replace the index-derived trend factor with a Han, Zhou, Zhu (2016) cross-sectional trend factor. Monthly OLS of next-month returns on 11 normalized MA ratios across the eligible cross-section, strict 12-month trailing-mean smoothing of past betas, per-stock predicted-return signal. Stop-loss and take-profit inherited from improved 4.",2014-03-31,SPGI,Financials,1.3700329984888877,100000.0,-0.05,0.0,-0.05
improved_6_hzz_cross_sectional_trend_stop_take_top10,"Improved 6: replace the index-derived trend factor with a Han, Zhou, Zhu (2016) cross-sectional trend factor. Monthly OLS of next-month returns on 11 normalized MA ratios across the eligible cross-section, strict 12-month trailing-mean smoothing of past betas, per-stock predicted-return signal. Stop-loss and take-profit inherited from improved 4.",2014-03-31,FSLR,Information Technology,1.125529366894736,100000.0,-0.05,0.0,-0.05
improved_6_hzz_cross_sectional_trend_stop_take_top10,"Improved 6: replace the index-derived trend factor with a Han, Zhou, Zhu (2016) cross-sectional trend factor. Monthly OLS of next-month returns on 11 normalized MA ratios across the eligible cross-section, strict 12-month trailing-mean smoothing of past betas, per-stock predicted-return signal. Stop-loss and take-profit inherited from improved 4.",2014-03-31,SMCI,Information Technology,1.0836263338542946,100000.0,-0.05,0.0,-0.05
improved_6_hzz_cross_sectional_trend_stop_take_top10,"Improved 6: replace the index-derived trend factor with a Han, Zhou, Zhu (2016) cross-sectional trend factor. Monthly OLS of next-month returns on 11 normalized MA ratios across the eligible cross-section, strict 12-month trailing-mean smoothing of past betas, per-stock predicted-return signal. Stop-loss and take-profit inherited from improved 4.",2014-03-31,DECK,Consumer Discretionary,1.0562418369478959,100000.0,-0.05,0.0,-0.05
improved_6_hzz_cross_sectional_trend_stop_take_top10,"Improved 6: replace the index-derived trend factor with a Han, Zhou, Zhu (2016) cross-sectional trend factor. Monthly OLS of next-month returns on 11 normalized MA ratios across the eligible cross-section, strict 12-month trailing-mean smoothing of past betas, per-stock predicted-return signal. Stop-loss and take-profit inherited from improved 4.",2014-04-30,DAL,Industrials,2.361835813822061,100000.0,0.0803410889981981,0.0,0.0803410889981981
improved_6_hzz_cross_sectional_trend_stop_take_top10,"Improved 6: replace the index-derived trend factor with a Han, Zhou, Zhu (2016) cross-sectional trend factor. Monthly OLS of next-month returns on 11 normalized MA ratios across the eligible cross-section, strict 12-month trailing-mean smoothing of past betas, per-stock predicted-return signal. Stop-loss and take-profit inherited from improved 4.",2014-04-30,TPL,Energy,2.14621483738995,100000.0,0.2174586776919598,0.0,0.2174586776919598
improved_6_hzz_cross_sectional_trend_stop_take_top10,"Improved 6: replace the index-derived trend factor with a Han, Zhou, Zhu (2016) cross-sectional trend factor. Monthly OLS of next-month returns on 11 normalized MA ratios across the eligible cross-section, strict 12-month trailing-mean smoothing of past betas, per-stock predicted-return signal. Stop-loss and take-profit inherited from improved 4.",2014-04-30,SMCI,Information Technology,1.662727236692795,100000.0,-0.05,0.0,-0.05
improved_6_hzz_cross_sectional_trend_stop_take_top10,"Improved 6: replace the index-derived trend factor with a Han, Zhou, Zhu (2016) cross-sectional trend factor. Monthly OLS of next-month returns on 11 normalized MA ratios across the eligible cross-section, strict 12-month trailing-mean smoothing of past betas, per-stock predicted-return signal. Stop-loss and take-profit inherited from improved 4.",2014-04-30,LMT,Industrials,1.6220034239196948,100000.0,0.0077209626411074,0.0,0.0077209626411074
improved_6_hzz_cross_sectional_trend_stop_take_top10,"Improved 6: replace the index-derived trend factor with a Han, Zhou, Zhu (2016) cross-sectional trend factor. Monthly OLS of next-month returns on 11 normalized MA ratios across the eligible cross-section, strict 12-month trailing-mean smoothing of past betas, per-stock predicted-return signal. Stop-loss and take-profit inherited from improved 4.",2014-04-30,SWKS,Information Technology,1.3966060312826616,100000.0,0.0540100491909971,0.0,0.0540100491909971
improved_6_hzz_cross_sectional_trend_stop_take_top10,"Improved 6: replace the index-derived trend factor with a Han, Zhou, Zhu (2016) cross-sectional trend factor. Monthly OLS of next-month returns on 11 normalized MA ratios across the eligible cross-section, strict 12-month trailing-mean smoothing of past betas, per-stock predicted-return signal. Stop-loss and take-profit inherited from improved 4.",2014-04-30,AXON,Industrials,1.3672129574471568,100000.0,-0.05,0.0,-0.05
improved_6_hzz_cross_sectional_trend_stop_take_top10,"Improved 6: replace the index-derived trend factor with a Han, Zhou, Zhu (2016) cross-sectional trend factor. Monthly OLS of next-month returns on 11 normalized MA ratios across the eligible cross-section, strict 12-month trailing-mean smoothing of past betas, per-stock predicted-return signal. Stop-loss and take-profit inherited from improved 4.",2014-04-30,MU,Information Technology,1.3535921140465945,100000.0,0.0908050362468453,0.0,0.0908050362468453
improved_6_hzz_cross_sectional_trend_stop_take_top10,"Improved 6: replace the index-derived trend factor with a Han, Zhou, Zhu (2016) cross-sectional trend factor. Monthly OLS of next-month returns on 11 normalized MA ratios across the eligible cross-section, strict 12-month trailing-mean smoothing of past betas, per-stock predicted-return signal. Stop-loss and take-profit inherited from improved 4.",2014-04-30,AVGO,Information Technology,1.3163610597093602,100000.0,0.1231722822539138,0.0,0.1231722822539138
improved_6_hzz_cross_sectional_trend_stop_take_top10,"Improved 6: replace the index-derived trend factor with a Han, Zhou, Zhu (2016) cross-sectional trend factor. Monthly OLS of next-month returns on 11 normalized MA ratios across the eligible cross-section, strict 12-month trailing-mean smoothing of past betas, per-stock predicted-return signal. Stop-loss and take-profit inherited from improved 4.",2014-04-30,MCO,Financials,1.2965492959469564,100000.0,0.0960841433885679,0.0,0.0960841433885679
improved_6_hzz_cross_sectional_trend_stop_take_top10,"Improved 6: replace the index-derived trend factor with a Han, Zhou, Zhu (2016) cross-sectional trend factor. Monthly OLS of next-month returns on 11 normalized MA ratios across the eligible cross-section, strict 12-month trailing-mean smoothing of past betas, per-stock predicted-return signal. Stop-loss and take-profit inherited from improved 4.",2014-04-30,GNRC,Industrials,1.215900380950642,100000.0,-0.05,0.0,-0.05
improved_6_hzz_cross_sectional_trend_stop_take_top10,"Improved 6: replace the index-derived trend factor with a Han, Zhou, Zhu (2016) cross-sectional trend factor. Monthly OLS of next-month returns on 11 normalized MA ratios across the eligible cross-section, strict 12-month trailing-mean smoothing of past betas, per-stock predicted-return signal. Stop-loss and take-profit inherited from improved 4.",2014-05-31,DAL,Industrials,2.369425048308211,100000.0,-0.05,0.0,-0.05
improved_6_hzz_cross_sectional_trend_stop_take_top10,"Improved 6: replace the index-derived trend factor with a Han, Zhou, Zhu (2016) cross-sectional trend factor. Monthly OLS of next-month returns on 11 normalized MA ratios across the eligible cross-section, strict 12-month trailing-mean smoothing of past betas, per-stock predicted-return signal. Stop-loss and take-profit inherited from improved 4.",2014-05-31,TPL,Energy,1.8428570348813584,100000.0,-0.05,0.0,-0.05
improved_6_hzz_cross_sectional_trend_stop_take_top10,"Improved 6: replace the index-derived trend factor with a Han, Zhou, Zhu (2016) cross-sectional trend factor. Monthly OLS of next-month returns on 11 normalized MA ratios across the eligible cross-section, strict 12-month trailing-mean smoothing of past betas, per-stock predicted-return signal. Stop-loss and take-profit inherited from improved 4.",2014-05-31,MCO,Financials,1.5331487548772078,100000.0,0.024783726910617,0.0,0.024783726910617
improved_6_hzz_cross_sectional_trend_stop_take_top10,"Improved 6: replace the index-derived trend factor with a Han, Zhou, Zhu (2016) cross-sectional trend factor. Monthly OLS of next-month returns on 11 normalized MA ratios across the eligible cross-section, strict 12-month trailing-mean smoothing of past betas, per-stock predicted-return signal. Stop-loss and take-profit inherited from improved 4.",2014-05-31,TDG,Industrials,1.4825622789204118,100000.0,0.0164713702063676,0.0,0.0164713702063676
improved_6_hzz_cross_sectional_trend_stop_take_top10,"Improved 6: replace the index-derived trend factor with a Han, Zhou, Zhu (2016) cross-sectional trend factor. Monthly OLS of next-month returns on 11 normalized MA ratios across the eligible cross-section, strict 12-month trailing-mean smoothing of past betas, per-stock predicted-return signal. Stop-loss and take-profit inherited from improved 4.",2014-05-31,GNRC,Industrials,1.4201347783010652,100000.0,-0.05,0.0,-0.05
improved_6_hzz_cross_sectional_trend_stop_take_top10,"Improved 6: replace the index-derived trend factor with a Han, Zhou, Zhu (2016) cross-sectional trend factor. Monthly OLS of next-month returns on 11 normalized MA ratios across the eligible cross-section, strict 12-month trailing-mean smoothing of past betas, per-stock predicted-return signal. Stop-loss and take-profit inherited from improved 4.",2014-05-31,LMT,Industrials,1.364338001091524,100000.0,-0.019221381498235,0.0,-0.019221381498235
improved_6_hzz_cross_sectional_trend_stop_take_top10,"Improved 6: replace the index-derived trend factor with a Han, Zhou, Zhu (2016) cross-sectional trend factor. Monthly OLS of next-month returns on 11 normalized MA ratios across the eligible cross-section, strict 12-month trailing-mean smoothing of past betas, per-stock predicted-return signal. Stop-loss and take-profit inherited from improved 4.",2014-05-31,MU,Information Technology,1.2335409346915773,100000.0,0.1516952114657042,0.0,0.1516952114657042
improved_6_hzz_cross_sectional_trend_stop_take_top10,"Improved 6: replace the index-derived trend factor with a Han, Zhou, Zhu (2016) cross-sectional trend factor. Monthly OLS of next-month returns on 11 normalized MA ratios across the eligible cross-section, strict 12-month trailing-mean smoothing of past betas, per-stock predicted-return signal. Stop-loss and take-profit inherited from improved 4.",2014-05-31,DECK,Consumer Discretionary,1.1457459423069365,100000.0,0.1122133470700534,0.0,0.1122133470700534
improved_6_hzz_cross_sectional_trend_stop_take_top10,"Improved 6: replace the index-derived trend factor with a Han, Zhou, Zhu (2016) cross-sectional trend factor. Monthly OLS of next-month returns on 11 normalized MA ratios across the eligible cross-section, strict 12-month trailing-mean smoothing of past betas, per-stock predicted-return signal. Stop-loss and take-profit inherited from improved 4.",2014-05-31,AVGO,Information Technology,1.1282327723542034,100000.0,0.016183031560341,0.0,0.016183031560341
improved_6_hzz_cross_sectional_trend_stop_take_top10,"Improved 6: replace the index-derived trend factor with a Han, Zhou, Zhu (2016) cross-sectional trend factor. Monthly OLS of next-month returns on 11 normalized MA ratios across the eligible cross-section, strict 12-month trailing-mean smoothing of past betas, per-stock predicted-return signal. Stop-loss and take-profit inherited from improved 4.",2014-05-31,TTWO,Communication Services,1.064764342434168,100000.0,-0.05,0.0,-0.05
improved_6_hzz_cross_sectional_trend_stop_take_top10,"Improved 6: replace the index-derived trend factor with a Han, Zhou, Zhu (2016) cross-sectional trend factor. Monthly OLS of next-month returns on 11 normalized MA ratios across the eligible cross-section, strict 12-month trailing-mean smoothing of past betas, per-stock predicted-return signal. Stop-loss and take-profit inherited from improved 4.",2014-06-30,DAL,Industrials,2.3754207695286476,100000.0,-0.05,0.0,-0.05
improved_6_hzz_cross_sectional_trend_stop_take_top10,"Improved 6: replace the index-derived trend factor with a Han, Zhou, Zhu (2016) cross-sectional trend factor. Monthly OLS of next-month returns on 11 normalized MA ratios across the eligible cross-section, strict 12-month trailing-mean smoothing of past betas, per-stock predicted-return signal. Stop-loss and take-profit inherited from improved 4.",2014-06-30,TPL,Energy,2.2883188505977006,100000.0,0.0601259901450779,0.0,0.0601259901450779
improved_6_hzz_cross_sectional_trend_stop_take_top10,"Improved 6: replace the index-derived trend factor with a Han, Zhou, Zhu (2016) cross-sectional trend factor. Monthly OLS of next-month returns on 11 normalized MA ratios across the eligible cross-section, strict 12-month trailing-mean smoothing of past betas, per-stock predicted-return signal. Stop-loss and take-profit inherited from improved 4.",2014-06-30,MU,Information Technology,1.608614910496145,100000.0,-0.05,0.0,-0.05
improved_6_hzz_cross_sectional_trend_stop_take_top10,"Improved 6: replace the index-derived trend factor with a Han, Zhou, Zhu (2016) cross-sectional trend factor. Monthly OLS of next-month returns on 11 normalized MA ratios across the eligible cross-section, strict 12-month trailing-mean smoothing of past betas, per-stock predicted-return signal. Stop-loss and take-profit inherited from improved 4.",2014-06-30,MCO,Financials,1.6072062139445429,100000.0,-0.0086599817680959,0.0,-0.0086599817680959
improved_6_hzz_cross_sectional_trend_stop_take_top10,"Improved 6: replace the index-derived trend factor with a Han, Zhou, Zhu (2016) cross-sectional trend factor. Monthly OLS of next-month returns on 11 normalized MA ratios across the eligible cross-section, strict 12-month trailing-mean smoothing of past betas, per-stock predicted-return signal. Stop-loss and take-profit inherited from improved 4.",2014-06-30,LMT,Industrials,1.5120230237803858,100000.0,0.0433016745809127,0.0,0.0433016745809127
improved_6_hzz_cross_sectional_trend_stop_take_top10,"Improved 6: replace the index-derived trend factor with a Han, Zhou, Zhu (2016) cross-sectional trend factor. Monthly OLS of next-month returns on 11 normalized MA ratios across the eligible cross-section, strict 12-month trailing-mean smoothing of past betas, per-stock predicted-return signal. Stop-loss and take-profit inherited from improved 4.",2014-06-30,SMCI,Information Technology,1.3847471232671513,100000.0,-0.05,0.0,-0.05
improved_6_hzz_cross_sectional_trend_stop_take_top10,"Improved 6: replace the index-derived trend factor with a Han, Zhou, Zhu (2016) cross-sectional trend factor. Monthly OLS of next-month returns on 11 normalized MA ratios across the eligible cross-section, strict 12-month trailing-mean smoothing of past betas, per-stock predicted-return signal. Stop-loss and take-profit inherited from improved 4.",2014-06-30,STZ,Consumer Staples,1.255374305332614,100000.0,-0.05,0.0,-0.05
improved_6_hzz_cross_sectional_trend_stop_take_top10,"Improved 6: replace the index-derived trend factor with a Han, Zhou, Zhu (2016) cross-sectional trend factor. Monthly OLS of next-month returns on 11 normalized MA ratios across the eligible cross-section, strict 12-month trailing-mean smoothing of past betas, per-stock predicted-return signal. Stop-loss and take-profit inherited from improved 4.",2014-06-30,AVGO,Information Technology,1.1464965778768075,100000.0,-0.05,0.0,-0.05
improved_6_hzz_cross_sectional_trend_stop_take_top10,"Improved 6: replace the index-derived trend factor with a Han, Zhou, Zhu (2016) cross-sectional trend factor. Monthly OLS of next-month returns on 11 normalized MA ratios across the eligible cross-section, strict 12-month trailing-mean smoothing of past betas, per-stock predicted-return signal. Stop-loss and take-profit inherited from improved 4.",2014-06-30,GNRC,Industrials,1.1404294563752377,100000.0,-0.05,0.0,-0.05
improved_6_hzz_cross_sectional_trend_stop_take_top10,"Improved 6: replace the index-derived trend factor with a Han, Zhou, Zhu (2016) cross-sectional trend factor. Monthly OLS of next-month returns on 11 normalized MA ratios across the eligible cross-section, strict 12-month trailing-mean smoothing of past betas, per-stock predicted-return signal. Stop-loss and take-profit inherited from improved 4.",2014-06-30,DECK,Consumer Discretionary,1.1299572205864419,100000.0,-0.05,0.0,-0.05
improved_6_hzz_cross_sectional_trend_stop_take_top10,"Improved 6: replace the index-derived trend factor with a Han, Zhou, Zhu (2016) cross-sectional trend factor. Monthly OLS of next-month returns on 11 normalized MA ratios across the eligible cross-section, strict 12-month trailing-mean smoothing of past betas, per-stock predicted-return signal. Stop-loss and take-profit inherited from improved 4.",2014-07-31,DAL,Industrials,2.2343207781842986,100000.0,-0.05,0.0,-0.05
improved_6_hzz_cross_sectional_trend_stop_take_top10,"Improved 6: replace the index-derived trend factor with a Han, Zhou, Zhu (2016) cross-sectional trend factor. Monthly OLS of next-month returns on 11 normalized MA ratios across the eligible cross-section, strict 12-month trailing-mean smoothing of past betas, per-stock predicted-return signal. Stop-loss and take-profit inherited from improved 4.",2014-07-31,TPL,Energy,2.0276346227995683,100000.0,0.1799035180578181,0.0,0.1799035180578181
improved_6_hzz_cross_sectional_trend_stop_take_top10,"Improved 6: replace the index-derived trend factor with a Han, Zhou, Zhu (2016) cross-sectional trend factor. Monthly OLS of next-month returns on 11 normalized MA ratios across the eligible cross-section, strict 12-month trailing-mean smoothing of past betas, per-stock predicted-return signal. Stop-loss and take-profit inherited from improved 4.",2014-07-31,MU,Information Technology,1.7360778232137553,100000.0,0.0556994818674014,0.0,0.0556994818674014
improved_6_hzz_cross_sectional_trend_stop_take_top10,"Improved 6: replace the index-derived trend factor with a Han, Zhou, Zhu (2016) cross-sectional trend factor. Monthly OLS of next-month returns on 11 normalized MA ratios across the eligible cross-section, strict 12-month trailing-mean smoothing of past betas, per-stock predicted-return signal. Stop-loss and take-profit inherited from improved 4.",2014-07-31,LUV,Industrials,1.440324413690668,100000.0,0.1369180622686983,0.0,0.1369180622686983
improved_6_hzz_cross_sectional_trend_stop_take_top10,"Improved 6: replace the index-derived trend factor with a Han, Zhou, Zhu (2016) cross-sectional trend factor. Monthly OLS of next-month returns on 11 normalized MA ratios across the eligible cross-section, strict 12-month trailing-mean smoothing of past betas, per-stock predicted-return signal. Stop-loss and take-profit inherited from improved 4.",2014-07-31,MCO,Financials,1.430589551771061,100000.0,0.0810523112745451,0.0,0.0810523112745451
improved_6_hzz_cross_sectional_trend_stop_take_top10,"Improved 6: replace the index-derived trend factor with a Han, Zhou, Zhu (2016) cross-sectional trend factor. Monthly OLS of next-month returns on 11 normalized MA ratios across the eligible cross-section, strict 12-month trailing-mean smoothing of past betas, per-stock predicted-return signal. Stop-loss and take-profit inherited from improved 4.",2014-07-31,LMT,Industrials,1.3338887615729704,100000.0,0.0516388919820978,0.0,0.0516388919820978
improved_6_hzz_cross_sectional_trend_stop_take_top10,"Improved 6: replace the index-derived trend factor with a Han, Zhou, Zhu (2016) cross-sectional trend factor. Monthly OLS of next-month returns on 11 normalized MA ratios across the eligible cross-section, strict 12-month trailing-mean smoothing of past betas, per-stock predicted-return signal. Stop-loss and take-profit inherited from improved 4.",2014-07-31,DECK,Consumer Discretionary,1.20108603435356,100000.0,0.0433208912996267,0.0,0.0433208912996267
improved_6_hzz_cross_sectional_trend_stop_take_top10,"Improved 6: replace the index-derived trend factor with a Han, Zhou, Zhu (2016) cross-sectional trend factor. Monthly OLS of next-month returns on 11 normalized MA ratios across the eligible cross-section, strict 12-month trailing-mean smoothing of past betas, per-stock predicted-return signal. Stop-loss and take-profit inherited from improved 4.",2014-07-31,LYB,Materials,1.1174817801513675,100000.0,0.0829437955056848,0.0,0.0829437955056848
improved_6_hzz_cross_sectional_trend_stop_take_top10,"Improved 6: replace the index-derived trend factor with a Han, Zhou, Zhu (2016) cross-sectional trend factor. Monthly OLS of next-month returns on 11 normalized MA ratios across the eligible cross-section, strict 12-month trailing-mean smoothing of past betas, per-stock predicted-return signal. Stop-loss and take-profit inherited from improved 4.",2014-07-31,URI,Industrials,1.0988948552888176,100000.0,0.1243310397554504,0.0,0.1243310397554504
improved_6_hzz_cross_sectional_trend_stop_take_top10,"Improved 6: replace the index-derived trend factor with a Han, Zhou, Zhu (2016) cross-sectional trend factor. Monthly OLS of next-month returns on 11 normalized MA ratios across the eligible cross-section, strict 12-month trailing-mean smoothing of past betas, per-stock predicted-return signal. Stop-loss and take-profit inherited from improved 4.",2014-07-31,CL,Consumer Staples,1.0560022759168408,100000.0,0.02648271487493,0.0,0.02648271487493
improved_6_hzz_cross_sectional_trend_stop_take_top10,"Improved 6: replace the index-derived trend factor with a Han, Zhou, Zhu (2016) cross-sectional trend factor. Monthly OLS of next-month returns on 11 normalized MA ratios across the eligible cross-section, strict 12-month trailing-mean smoothing of past betas, per-stock predicted-return signal. Stop-loss and take-profit inherited from improved 4.",2014-08-31,DAL,Industrials,2.7207341356274997,100000.0,-0.05,0.0,-0.05
improved_6_hzz_cross_sectional_trend_stop_take_top10,"Improved 6: replace the index-derived trend factor with a Han, Zhou, Zhu (2016) cross-sectional trend factor. Monthly OLS of next-month returns on 11 normalized MA ratios across the eligible cross-section, strict 12-month trailing-mean smoothing of past betas, per-stock predicted-return signal. Stop-loss and take-profit inherited from improved 4.",2014-08-31,MU,Information Technology,2.0913233933238704,100000.0,-0.05,0.0,-0.05
improved_6_hzz_cross_sectional_trend_stop_take_top10,"Improved 6: replace the index-derived trend factor with a Han, Zhou, Zhu (2016) cross-sectional trend factor. Monthly OLS of next-month returns on 11 normalized MA ratios across the eligible cross-section, strict 12-month trailing-mean smoothing of past betas, per-stock predicted-return signal. Stop-loss and take-profit inherited from improved 4.",2014-08-31,TPL,Energy,2.0553306043069037,100000.0,-0.05,0.0,-0.05
improved_6_hzz_cross_sectional_trend_stop_take_top10,"Improved 6: replace the index-derived trend factor with a Han, Zhou, Zhu (2016) cross-sectional trend factor. Monthly OLS of next-month returns on 11 normalized MA ratios across the eligible cross-section, strict 12-month trailing-mean smoothing of past betas, per-stock predicted-return signal. Stop-loss and take-profit inherited from improved 4.",2014-08-31,SMCI,Information Technology,1.4121078304514487,100000.0,0.1815261044176706,0.0,0.1815261044176706
improved_6_hzz_cross_sectional_trend_stop_take_top10,"Improved 6: replace the index-derived trend factor with a Han, Zhou, Zhu (2016) cross-sectional trend factor. Monthly OLS of next-month returns on 11 normalized MA ratios across the eligible cross-section, strict 12-month trailing-mean smoothing of past betas, per-stock predicted-return signal. Stop-loss and take-profit inherited from improved 4.",2014-08-31,URI,Industrials,1.3712222927987785,100000.0,-0.05,0.0,-0.05
improved_6_hzz_cross_sectional_trend_stop_take_top10,"Improved 6: replace the index-derived trend factor with a Han, Zhou, Zhu (2016) cross-sectional trend factor. Monthly OLS of next-month returns on 11 normalized MA ratios across the eligible cross-section, strict 12-month trailing-mean smoothing of past betas, per-stock predicted-return signal. Stop-loss and take-profit inherited from improved 4.",2014-08-31,MCO,Financials,1.3691407253568861,100000.0,0.0054261091605716,0.0,0.0054261091605716
improved_6_hzz_cross_sectional_trend_stop_take_top10,"Improved 6: replace the index-derived trend factor with a Han, Zhou, Zhu (2016) cross-sectional trend factor. Monthly OLS of next-month returns on 11 normalized MA ratios across the eligible cross-section, strict 12-month trailing-mean smoothing of past betas, per-stock predicted-return signal. Stop-loss and take-profit inherited from improved 4.",2014-08-31,LUV,Industrials,1.3651082531053298,100000.0,0.052680798006188,0.0,0.052680798006188
improved_6_hzz_cross_sectional_trend_stop_take_top10,"Improved 6: replace the index-derived trend factor with a Han, Zhou, Zhu (2016) cross-sectional trend factor. Monthly OLS of next-month returns on 11 normalized MA ratios across the eligible cross-section, strict 12-month trailing-mean smoothing of past betas, per-stock predicted-return signal. Stop-loss and take-profit inherited from improved 4.",2014-08-31,LMT,Industrials,1.2693569381410978,100000.0,0.0436222450605836,0.0,0.0436222450605836
improved_6_hzz_cross_sectional_trend_stop_take_top10,"Improved 6: replace the index-derived trend factor with a Han, Zhou, Zhu (2016) cross-sectional trend factor. Monthly OLS of next-month returns on 11 normalized MA ratios across the eligible cross-section, strict 12-month trailing-mean smoothing of past betas, per-stock predicted-return signal. Stop-loss and take-profit inherited from improved 4.",2014-08-31,HPQ,Information Technology,1.1258456389430238,100000.0,-0.05,0.0,-0.05
improved_6_hzz_cross_sectional_trend_stop_take_top10,"Improved 6: replace the index-derived trend factor with a Han, Zhou, Zhu (2016) cross-sectional trend factor. Monthly OLS of next-month returns on 11 normalized MA ratios across the eligible cross-section, strict 12-month trailing-mean smoothing of past betas, per-stock predicted-return signal. Stop-loss and take-profit inherited from improved 4.",2014-08-31,DECK,Consumer Discretionary,1.0578815852787926,100000.0,0.0492334269055296,0.0,0.0492334269055296
improved_6_hzz_cross_sectional_trend_stop_take_top10,"Improved 6: replace the index-derived trend factor with a Han, Zhou, Zhu (2016) cross-sectional trend factor. Monthly OLS of next-month returns on 11 normalized MA ratios across the eligible cross-section, strict 12-month trailing-mean smoothing of past betas, per-stock predicted-return signal. Stop-loss and take-profit inherited from improved 4.",2014-09-30,TPL,Energy,2.0213089138141687,100000.0,-0.05,0.0,-0.05
improved_6_hzz_cross_sectional_trend_stop_take_top10,"Improved 6: replace the index-derived trend factor with a Han, Zhou, Zhu (2016) cross-sectional trend factor. Monthly OLS of next-month returns on 11 normalized MA ratios across the eligible cross-section, strict 12-month trailing-mean smoothing of past betas, per-stock predicted-return signal. Stop-loss and take-profit inherited from improved 4.",2014-09-30,DAL,Industrials,1.8708925558760439,100000.0,-0.05,0.0,-0.05
improved_6_hzz_cross_sectional_trend_stop_take_top10,"Improved 6: replace the index-derived trend factor with a Han, Zhou, Zhu (2016) cross-sectional trend factor. Monthly OLS of next-month returns on 11 normalized MA ratios across the eligible cross-section, strict 12-month trailing-mean smoothing of past betas, per-stock predicted-return signal. Stop-loss and take-profit inherited from improved 4.",2014-09-30,MU,Information Technology,1.4265848625915758,100000.0,-0.05,0.0,-0.05
improved_6_hzz_cross_sectional_trend_stop_take_top10,"Improved 6: replace the index-derived trend factor with a Han, Zhou, Zhu (2016) cross-sectional trend factor. Monthly OLS of next-month returns on 11 normalized MA ratios across the eligible cross-section, strict 12-month trailing-mean smoothing of past betas, per-stock predicted-return signal. Stop-loss and take-profit inherited from improved 4.",2014-09-30,NXPI,Information Technology,1.3022819930577012,100000.0,-0.05,0.0,-0.05
improved_6_hzz_cross_sectional_trend_stop_take_top10,"Improved 6: replace the index-derived trend factor with a Han, Zhou, Zhu (2016) cross-sectional trend factor. Monthly OLS of next-month returns on 11 normalized MA ratios across the eligible cross-section, strict 12-month trailing-mean smoothing of past betas, per-stock predicted-return signal. Stop-loss and take-profit inherited from improved 4.",2014-09-30,SMCI,Information Technology,1.2580076136248843,100000.0,-0.05,0.0,-0.05
improved_6_hzz_cross_sectional_trend_stop_take_top10,"Improved 6: replace the index-derived trend factor with a Han, Zhou, Zhu (2016) cross-sectional trend factor. Monthly OLS of next-month returns on 11 normalized MA ratios across the eligible cross-section, strict 12-month trailing-mean smoothing of past betas, per-stock predicted-return signal. Stop-loss and take-profit inherited from improved 4.",2014-09-30,SWKS,Information Technology,1.203505785782729,100000.0,-0.05,0.0,-0.05
improved_6_hzz_cross_sectional_trend_stop_take_top10,"Improved 6: replace the index-derived trend factor with a Han, Zhou, Zhu (2016) cross-sectional trend factor. Monthly OLS of next-month returns on 11 normalized MA ratios across the eligible cross-section, strict 12-month trailing-mean smoothing of past betas, per-stock predicted-return signal. Stop-loss and take-profit inherited from improved 4.",2014-09-30,URI,Industrials,1.1535802452333415,100000.0,-0.05,0.0,-0.05
improved_6_hzz_cross_sectional_trend_stop_take_top10,"Improved 6: replace the index-derived trend factor with a Han, Zhou, Zhu (2016) cross-sectional trend factor. Monthly OLS of next-month returns on 11 normalized MA ratios across the eligible cross-section, strict 12-month trailing-mean smoothing of past betas, per-stock predicted-return signal. Stop-loss and take-profit inherited from improved 4.",2014-09-30,LYB,Materials,1.1279935619751993,100000.0,-0.05,0.0,-0.05
improved_6_hzz_cross_sectional_trend_stop_take_top10,"Improved 6: replace the index-derived trend factor with a Han, Zhou, Zhu (2016) cross-sectional trend factor. Monthly OLS of next-month returns on 11 normalized MA ratios across the eligible cross-section, strict 12-month trailing-mean smoothing of past betas, per-stock predicted-return signal. Stop-loss and take-profit inherited from improved 4.",2014-09-30,MCO,Financials,1.126015435120343,100000.0,-0.05,0.0,-0.05
improved_6_hzz_cross_sectional_trend_stop_take_top10,"Improved 6: replace the index-derived trend factor with a Han, Zhou, Zhu (2016) cross-sectional trend factor. Monthly OLS of next-month returns on 11 normalized MA ratios across the eligible cross-section, strict 12-month trailing-mean smoothing of past betas, per-stock predicted-return signal. Stop-loss and take-profit inherited from improved 4.",2014-09-30,DECK,Consumer Discretionary,1.1248602675022092,100000.0,-0.05,0.0,-0.05
improved_6_hzz_cross_sectional_trend_stop_take_top10,"Improved 6: replace the index-derived trend factor with a Han, Zhou, Zhu (2016) cross-sectional trend factor. Monthly OLS of next-month returns on 11 normalized MA ratios across the eligible cross-section, strict 12-month trailing-mean smoothing of past betas, per-stock predicted-return signal. Stop-loss and take-profit inherited from improved 4.",2014-10-31,TPL,Energy,1.7410221230410012,100000.0,-0.05,0.0,-0.05
improved_6_hzz_cross_sectional_trend_stop_take_top10,"Improved 6: replace the index-derived trend factor with a Han, Zhou, Zhu (2016) cross-sectional trend factor. Monthly OLS of next-month returns on 11 normalized MA ratios across the eligible cross-section, strict 12-month trailing-mean smoothing of past betas, per-stock predicted-return signal. Stop-loss and take-profit inherited from improved 4.",2014-10-31,MCO,Financials,1.4346969632127111,100000.0,0.0187861394988877,0.0,0.0187861394988877
improved_6_hzz_cross_sectional_trend_stop_take_top10,"Improved 6: replace the index-derived trend factor with a Han, Zhou, Zhu (2016) cross-sectional trend factor. Monthly OLS of next-month returns on 11 normalized MA ratios across the eligible cross-section, strict 12-month trailing-mean smoothing of past betas, per-stock predicted-return signal. Stop-loss and take-profit inherited from improved 4.",2014-10-31,EW,Health Care,1.219481474615295,100000.0,0.0728882270191115,0.0,0.0728882270191115
improved_6_hzz_cross_sectional_trend_stop_take_top10,"Improved 6: replace the index-derived trend factor with a Han, Zhou, Zhu (2016) cross-sectional trend factor. Monthly OLS of next-month returns on 11 normalized MA ratios across the eligible cross-section, strict 12-month trailing-mean smoothing of past betas, per-stock predicted-return signal. Stop-loss and take-profit inherited from improved 4.",2014-10-31,DAL,Industrials,1.1968661547499204,100000.0,0.1611300310287955,0.0,0.1611300310287955
improved_6_hzz_cross_sectional_trend_stop_take_top10,"Improved 6: replace the index-derived trend factor with a Han, Zhou, Zhu (2016) cross-sectional trend factor. Monthly OLS of next-month returns on 11 normalized MA ratios across the eligible cross-section, strict 12-month trailing-mean smoothing of past betas, per-stock predicted-return signal. Stop-loss and take-profit inherited from improved 4.",2014-10-31,MO,Consumer Staples,1.1626922553367007,100000.0,0.040795195694262,0.0,0.040795195694262
improved_6_hzz_cross_sectional_trend_stop_take_top10,"Improved 6: replace the index-derived trend factor with a Han, Zhou, Zhu (2016) cross-sectional trend factor. Monthly OLS of next-month returns on 11 normalized MA ratios across the eligible cross-section, strict 12-month trailing-mean smoothing of past betas, per-stock predicted-return signal. Stop-loss and take-profit inherited from improved 4.",2014-10-31,IBM,Information Technology,1.159533597418334,100000.0,-0.0059370647715039,0.0,-0.0059370647715039
improved_6_hzz_cross_sectional_trend_stop_take_top10,"Improved 6: replace the index-derived trend factor with a Han, Zhou, Zhu (2016) cross-sectional trend factor. Monthly OLS of next-month returns on 11 normalized MA ratios across the eligible cross-section, strict 12-month trailing-mean smoothing of past betas, per-stock predicted-return signal. Stop-loss and take-profit inherited from improved 4.",2014-10-31,GILD,Health Care,1.1461017906650204,100000.0,-0.05,0.0,-0.05
improved_6_hzz_cross_sectional_trend_stop_take_top10,"Improved 6: replace the index-derived trend factor with a Han, Zhou, Zhu (2016) cross-sectional trend factor. Monthly OLS of next-month returns on 11 normalized MA ratios across the eligible cross-section, strict 12-month trailing-mean smoothing of past betas, per-stock predicted-return signal. Stop-loss and take-profit inherited from improved 4.",2014-10-31,LMT,Industrials,1.1049245366880625,100000.0,0.0093001140410007,0.0,0.0093001140410007
improved_6_hzz_cross_sectional_trend_stop_take_top10,"Improved 6: replace the index-derived trend factor with a Han, Zhou, Zhu (2016) cross-sectional trend factor. Monthly OLS of next-month returns on 11 normalized MA ratios across the eligible cross-section, strict 12-month trailing-mean smoothing of past betas, per-stock predicted-return signal. Stop-loss and take-profit inherited from improved 4.",2014-10-31,MU,Information Technology,1.077358454419059,100000.0,0.0831575775860458,0.0,0.0831575775860458
improved_6_hzz_cross_sectional_trend_stop_take_top10,"Improved 6: replace the index-derived trend factor with a Han, Zhou, Zhu (2016) cross-sectional trend factor. Monthly OLS of next-month returns on 11 normalized MA ratios across the eligible cross-section, strict 12-month trailing-mean smoothing of past betas, per-stock predicted-return signal. Stop-loss and take-profit inherited from improved 4.",2014-10-31,CL,Consumer Staples,1.030848127616803,100000.0,0.0417664670662769,0.0,0.0417664670662769
improved_6_hzz_cross_sectional_trend_stop_take_top10,"Improved 6: replace the index-derived trend factor with a Han, Zhou, Zhu (2016) cross-sectional trend factor. Monthly OLS of next-month returns on 11 normalized MA ratios across the eligible cross-section, strict 12-month trailing-mean smoothing of past betas, per-stock predicted-return signal. Stop-loss and take-profit inherited from improved 4.",2014-11-30,TPL,Energy,1.75299719482345,100000.0,-0.05,0.0,-0.05
improved_6_hzz_cross_sectional_trend_stop_take_top10,"Improved 6: replace the index-derived trend factor with a Han, Zhou, Zhu (2016) cross-sectional trend factor. Monthly OLS of next-month returns on 11 normalized MA ratios across the eligible cross-section, strict 12-month trailing-mean smoothing of past betas, per-stock predicted-return signal. Stop-loss and take-profit inherited from improved 4.",2014-11-30,TRGP,Energy,1.3279375363643013,100000.0,-0.05,0.0,-0.05
improved_6_hzz_cross_sectional_trend_stop_take_top10,"Improved 6: replace the index-derived trend factor with a Han, Zhou, Zhu (2016) cross-sectional trend factor. Monthly OLS of next-month returns on 11 normalized MA ratios across the eligible cross-section, strict 12-month trailing-mean smoothing of past betas, per-stock predicted-return signal. Stop-loss and take-profit inherited from improved 4.",2014-11-30,LYB,Materials,1.2496315488035221,100000.0,-0.05,0.0,-0.05
improved_6_hzz_cross_sectional_trend_stop_take_top10,"Improved 6: replace the index-derived trend factor with a Han, Zhou, Zhu (2016) cross-sectional trend factor. Monthly OLS of next-month returns on 11 normalized MA ratios across the eligible cross-section, strict 12-month trailing-mean smoothing of past betas, per-stock predicted-return signal. Stop-loss and take-profit inherited from improved 4.",2014-11-30,TTWO,Communication Services,1.2124505697301866,100000.0,-0.05,0.0,-0.05
improved_6_hzz_cross_sectional_trend_stop_take_top10,"Improved 6: replace the index-derived trend factor with a Han, Zhou, Zhu (2016) cross-sectional trend factor. Monthly OLS of next-month returns on 11 normalized MA ratios across the eligible cross-section, strict 12-month trailing-mean smoothing of past betas, per-stock predicted-return signal. Stop-loss and take-profit inherited from improved 4.",2014-11-30,MO,Consumer Staples,1.1445538662493286,100000.0,-0.006974535532105,0.0,-0.006974535532105
improved_6_hzz_cross_sectional_trend_stop_take_top10,"Improved 6: replace the index-derived trend factor with a Han, Zhou, Zhu (2016) cross-sectional trend factor. Monthly OLS of next-month returns on 11 normalized MA ratios across the eligible cross-section, strict 12-month trailing-mean smoothing of past betas, per-stock predicted-return signal. Stop-loss and take-profit inherited from improved 4.",2014-11-30,WMB,Energy,1.1309724831689083,100000.0,-0.05,0.0,-0.05
improved_6_hzz_cross_sectional_trend_stop_take_top10,"Improved 6: replace the index-derived trend factor with a Han, Zhou, Zhu (2016) cross-sectional trend factor. Monthly OLS of next-month returns on 11 normalized MA ratios across the eligible cross-section, strict 12-month trailing-mean smoothing of past betas, per-stock predicted-return signal. Stop-loss and take-profit inherited from improved 4.",2014-11-30,MCO,Financials,1.1251586971974896,100000.0,-0.05,0.0,-0.05
improved_6_hzz_cross_sectional_trend_stop_take_top10,"Improved 6: replace the index-derived trend factor with a Han, Zhou, Zhu (2016) cross-sectional trend factor. Monthly OLS of next-month returns on 11 normalized MA ratios across the eligible cross-section, strict 12-month trailing-mean smoothing of past betas, per-stock predicted-return signal. Stop-loss and take-profit inherited from improved 4.",2014-11-30,URI,Industrials,1.0205054334551389,100000.0,-0.05,0.0,-0.05
improved_6_hzz_cross_sectional_trend_stop_take_top10,"Improved 6: replace the index-derived trend factor with a Han, Zhou, Zhu (2016) cross-sectional trend factor. Monthly OLS of next-month returns on 11 normalized MA ratios across the eligible cross-section, strict 12-month trailing-mean smoothing of past betas, per-stock predicted-return signal. Stop-loss and take-profit inherited from improved 4.",2014-11-30,SMCI,Information Technology,1.0167449062926652,100000.0,-0.05,0.0,-0.05
improved_6_hzz_cross_sectional_trend_stop_take_top10,"Improved 6: replace the index-derived trend factor with a Han, Zhou, Zhu (2016) cross-sectional trend factor. Monthly OLS of next-month returns on 11 normalized MA ratios across the eligible cross-section, strict 12-month trailing-mean smoothing of past betas, per-stock predicted-return signal. Stop-loss and take-profit inherited from improved 4.",2014-11-30,BLDR,Industrials,1.0135671157517627,100000.0,0.1152597402597401,0.0,0.1152597402597401
improved_6_hzz_cross_sectional_trend_stop_take_top10,"Improved 6: replace the index-derived trend factor with a Han, Zhou, Zhu (2016) cross-sectional trend factor. Monthly OLS of next-month returns on 11 normalized MA ratios across the eligible cross-section, strict 12-month trailing-mean smoothing of past betas, per-stock predicted-return signal. Stop-loss and take-profit inherited from improved 4.",2014-12-31,MO,Consumer Staples,1.2998100265953954,100000.0,0.0770791075034775,0.0,0.0770791075034775
improved_6_hzz_cross_sectional_trend_stop_take_top10,"Improved 6: replace the index-derived trend factor with a Han, Zhou, Zhu (2016) cross-sectional trend factor. Monthly OLS of next-month returns on 11 normalized MA ratios across the eligible cross-section, strict 12-month trailing-mean smoothing of past betas, per-stock predicted-return signal. Stop-loss and take-profit inherited from improved 4.",2014-12-31,EW,Health Care,1.1537843649622463,100000.0,-0.0221546142429205,0.0,-0.0221546142429205
improved_6_hzz_cross_sectional_trend_stop_take_top10,"Improved 6: replace the index-derived trend factor with a Han, Zhou, Zhu (2016) cross-sectional trend factor. Monthly OLS of next-month returns on 11 normalized MA ratios across the eligible cross-section, strict 12-month trailing-mean smoothing of past betas, per-stock predicted-return signal. Stop-loss and take-profit inherited from improved 4.",2014-12-31,CL,Consumer Staples,1.0909105071045901,100000.0,-0.05,0.0,-0.05
improved_6_hzz_cross_sectional_trend_stop_take_top10,"Improved 6: replace the index-derived trend factor with a Han, Zhou, Zhu (2016) cross-sectional trend factor. Monthly OLS of next-month returns on 11 normalized MA ratios across the eligible cross-section, strict 12-month trailing-mean smoothing of past betas, per-stock predicted-return signal. Stop-loss and take-profit inherited from improved 4.",2014-12-31,TPL,Energy,1.055427433159113,100000.0,-0.05,0.0,-0.05
improved_6_hzz_cross_sectional_trend_stop_take_top10,"Improved 6: replace the index-derived trend factor with a Han, Zhou, Zhu (2016) cross-sectional trend factor. Monthly OLS of next-month returns on 11 normalized MA ratios across the eligible cross-section, strict 12-month trailing-mean smoothing of past betas, per-stock predicted-return signal. Stop-loss and take-profit inherited from improved 4.",2014-12-31,IBM,Information Technology,0.9530259448144398,100000.0,-0.05,0.0,-0.05
improved_6_hzz_cross_sectional_trend_stop_take_top10,"Improved 6: replace the index-derived trend factor with a Han, Zhou, Zhu (2016) cross-sectional trend factor. Monthly OLS of next-month returns on 11 normalized MA ratios across the eligible cross-section, strict 12-month trailing-mean smoothing of past betas, per-stock predicted-return signal. Stop-loss and take-profit inherited from improved 4.",2014-12-31,MAS,Industrials,0.9353485963618031,100000.0,-0.05,0.0,-0.05
improved_6_hzz_cross_sectional_trend_stop_take_top10,"Improved 6: replace the index-derived trend factor with a Han, Zhou, Zhu (2016) cross-sectional trend factor. Monthly OLS of next-month returns on 11 normalized MA ratios across the eligible cross-section, strict 12-month trailing-mean smoothing of past betas, per-stock predicted-return signal. Stop-loss and take-profit inherited from improved 4.",2014-12-31,MCO,Financials,0.925450194432858,100000.0,-0.05,0.0,-0.05
improved_6_hzz_cross_sectional_trend_stop_take_top10,"Improved 6: replace the index-derived trend factor with a Han, Zhou, Zhu (2016) cross-sectional trend factor. Monthly OLS of next-month returns on 11 normalized MA ratios across the eligible cross-section, strict 12-month trailing-mean smoothing of past betas, per-stock predicted-return signal. Stop-loss and take-profit inherited from improved 4.",2014-12-31,CLX,Consumer Staples,0.8545268496921843,100000.0,0.0334758274152426,0.0,0.0334758274152426
improved_6_hzz_cross_sectional_trend_stop_take_top10,"Improved 6: replace the index-derived trend factor with a Han, Zhou, Zhu (2016) cross-sectional trend factor. Monthly OLS of next-month returns on 11 normalized MA ratios across the eligible cross-section, strict 12-month trailing-mean smoothing of past betas, per-stock predicted-return signal. Stop-loss and take-profit inherited from improved 4.",2014-12-31,AAPL,Information Technology,0.8430620463417859,100000.0,-0.05,0.0,-0.05
improved_6_hzz_cross_sectional_trend_stop_take_top10,"Improved 6: replace the index-derived trend factor with a Han, Zhou, Zhu (2016) cross-sectional trend factor. Monthly OLS of next-month returns on 11 normalized MA ratios across the eligible cross-section, strict 12-month trailing-mean smoothing of past betas, per-stock predicted-return signal. Stop-loss and take-profit inherited from improved 4.",2014-12-31,VZ,Communication Services,0.7989779329428043,100000.0,-0.0158662877214156,0.0,-0.0158662877214156
improved_6_hzz_cross_sectional_trend_stop_take_top10,"Improved 6: replace the index-derived trend factor with a Han, Zhou, Zhu (2016) cross-sectional trend factor. Monthly OLS of next-month returns on 11 normalized MA ratios across the eligible cross-section, strict 12-month trailing-mean smoothing of past betas, per-stock predicted-return signal. Stop-loss and take-profit inherited from improved 4.",2015-01-31,EW,Health Care,1.6893484865232595,100000.0,0.0583180841770361,0.0,0.0583180841770361
improved_6_hzz_cross_sectional_trend_stop_take_top10,"Improved 6: replace the index-derived trend factor with a Han, Zhou, Zhu (2016) cross-sectional trend factor. Monthly OLS of next-month returns on 11 normalized MA ratios across the eligible cross-section, strict 12-month trailing-mean smoothing of past betas, per-stock predicted-return signal. Stop-loss and take-profit inherited from improved 4.",2015-01-31,MO,Consumer Staples,1.5208343163054456,100000.0,0.0570892018775932,0.0,0.0570892018775932
improved_6_hzz_cross_sectional_trend_stop_take_top10,"Improved 6: replace the index-derived trend factor with a Han, Zhou, Zhu (2016) cross-sectional trend factor. Monthly OLS of next-month returns on 11 normalized MA ratios across the eligible cross-section, strict 12-month trailing-mean smoothing of past betas, per-stock predicted-return signal. Stop-loss and take-profit inherited from improved 4.",2015-01-31,MAS,Industrials,1.3590555913734688,100000.0,0.0450917797275629,0.0,0.0450917797275629
improved_6_hzz_cross_sectional_trend_stop_take_top10,"Improved 6: replace the index-derived trend factor with a Han, Zhou, Zhu (2016) cross-sectional trend factor. Monthly OLS of next-month returns on 11 normalized MA ratios across the eligible cross-section, strict 12-month trailing-mean smoothing of past betas, per-stock predicted-return signal. Stop-loss and take-profit inherited from improved 4.",2015-01-31,AAPL,Information Technology,1.1658461069229022,100000.0,0.0924471553871131,0.0,0.0924471553871131
improved_6_hzz_cross_sectional_trend_stop_take_top10,"Improved 6: replace the index-derived trend factor with a Han, Zhou, Zhu (2016) cross-sectional trend factor. Monthly OLS of next-month returns on 11 normalized MA ratios across the eligible cross-section, strict 12-month trailing-mean smoothing of past betas, per-stock predicted-return signal. Stop-loss and take-profit inherited from improved 4.",2015-01-31,IRM,Real Estate,1.1540631877357304,100000.0,-0.05,0.0,-0.05
improved_6_hzz_cross_sectional_trend_stop_take_top10,"Improved 6: replace the index-derived trend factor with a Han, Zhou, Zhu (2016) cross-sectional trend factor. Monthly OLS of next-month returns on 11 normalized MA ratios across the eligible cross-section, strict 12-month trailing-mean smoothing of past betas, per-stock predicted-return signal. Stop-loss and take-profit inherited from improved 4.",2015-01-31,CLX,Consumer Staples,1.0418924013002544,100000.0,0.0188502297666166,0.0,0.0188502297666166
improved_6_hzz_cross_sectional_trend_stop_take_top10,"Improved 6: replace the index-derived trend factor with a Han, Zhou, Zhu (2016) cross-sectional trend factor. Monthly OLS of next-month returns on 11 normalized MA ratios across the eligible cross-section, strict 12-month trailing-mean smoothing of past betas, per-stock predicted-return signal. Stop-loss and take-profit inherited from improved 4.",2015-01-31,KR,Consumer Staples,0.9991000395112292,100000.0,0.0336698346918997,0.0,0.0336698346918997
improved_6_hzz_cross_sectional_trend_stop_take_top10,"Improved 6: replace the index-derived trend factor with a Han, Zhou, Zhu (2016) cross-sectional trend factor. Monthly OLS of next-month returns on 11 normalized MA ratios across the eligible cross-section, strict 12-month trailing-mean smoothing of past betas, per-stock predicted-return signal. Stop-loss and take-profit inherited from improved 4.",2015-01-31,LULU,Consumer Discretionary,0.9747301449059173,100000.0,0.0332125603864734,0.0,0.0332125603864734
improved_6_hzz_cross_sectional_trend_stop_take_top10,"Improved 6: replace the index-derived trend factor with a Han, Zhou, Zhu (2016) cross-sectional trend factor. Monthly OLS of next-month returns on 11 normalized MA ratios across the eligible cross-section, strict 12-month trailing-mean smoothing of past betas, per-stock predicted-return signal. Stop-loss and take-profit inherited from improved 4.",2015-01-31,LUV,Industrials,0.948739537753486,100000.0,-0.05,0.0,-0.05
improved_6_hzz_cross_sectional_trend_stop_take_top10,"Improved 6: replace the index-derived trend factor with a Han, Zhou, Zhu (2016) cross-sectional trend factor. Monthly OLS of next-month returns on 11 normalized MA ratios across the eligible cross-section, strict 12-month trailing-mean smoothing of past betas, per-stock predicted-return signal. Stop-loss and take-profit inherited from improved 4.",2015-01-31,BLDR,Industrials,0.9249266665106181,100000.0,0.0100502512562814,0.0,0.0100502512562814
improved_6_hzz_cross_sectional_trend_stop_take_top10,"Improved 6: replace the index-derived trend factor with a Han, Zhou, Zhu (2016) cross-sectional trend factor. Monthly OLS of next-month returns on 11 normalized MA ratios across the eligible cross-section, strict 12-month trailing-mean smoothing of past betas, per-stock predicted-return signal. Stop-loss and take-profit inherited from improved 4.",2015-02-28,MO,Consumer Staples,1.4446812406127862,100000.0,-0.05,0.0,-0.05
improved_6_hzz_cross_sectional_trend_stop_take_top10,"Improved 6: replace the index-derived trend factor with a Han, Zhou, Zhu (2016) cross-sectional trend factor. Monthly OLS of next-month returns on 11 normalized MA ratios across the eligible cross-section, strict 12-month trailing-mean smoothing of past betas, per-stock predicted-return signal. Stop-loss and take-profit inherited from improved 4.",2015-02-28,EW,Health Care,1.2417547282677548,100000.0,0.0741969537024191,0.0,0.0741969537024191
improved_6_hzz_cross_sectional_trend_stop_take_top10,"Improved 6: replace the index-derived trend factor with a Han, Zhou, Zhu (2016) cross-sectional trend factor. Monthly OLS of next-month returns on 11 normalized MA ratios across the eligible cross-section, strict 12-month trailing-mean smoothing of past betas, per-stock predicted-return signal. Stop-loss and take-profit inherited from improved 4.",2015-02-28,UAL,Industrials,1.209401143851748,100000.0,0.0167825824009675,0.0,0.0167825824009675
improved_6_hzz_cross_sectional_trend_stop_take_top10,"Improved 6: replace the index-derived trend factor with a Han, Zhou, Zhu (2016) cross-sectional trend factor. Monthly OLS of next-month returns on 11 normalized MA ratios across the eligible cross-section, strict 12-month trailing-mean smoothing of past betas, per-stock predicted-return signal. Stop-loss and take-profit inherited from improved 4.",2015-02-28,CLX,Consumer Staples,1.1871418153266513,100000.0,0.0162017858790226,0.0,0.0162017858790226
improved_6_hzz_cross_sectional_trend_stop_take_top10,"Improved 6: replace the index-derived trend factor with a Han, Zhou, Zhu (2016) cross-sectional trend factor. Monthly OLS of next-month returns on 11 normalized MA ratios across the eligible cross-section, strict 12-month trailing-mean smoothing of past betas, per-stock predicted-return signal. Stop-loss and take-profit inherited from improved 4.",2015-02-28,MAS,Industrials,1.1371333781593187,100000.0,0.0179184140291699,0.0,0.0179184140291699
improved_6_hzz_cross_sectional_trend_stop_take_top10,"Improved 6: replace the index-derived trend factor with a Han, Zhou, Zhu (2016) cross-sectional trend factor. Monthly OLS of next-month returns on 11 normalized MA ratios across the eligible cross-section, strict 12-month trailing-mean smoothing of past betas, per-stock predicted-return signal. Stop-loss and take-profit inherited from improved 4.",2015-02-28,CL,Consumer Staples,1.0892173870428807,100000.0,-0.0149168916041069,0.0,-0.0149168916041069
improved_6_hzz_cross_sectional_trend_stop_take_top10,"Improved 6: replace the index-derived trend factor with a Han, Zhou, Zhu (2016) cross-sectional trend factor. Monthly OLS of next-month returns on 11 normalized MA ratios across the eligible cross-section, strict 12-month trailing-mean smoothing of past betas, per-stock predicted-return signal. Stop-loss and take-profit inherited from improved 4.",2015-02-28,SWKS,Information Technology,0.9940978654158042,100000.0,0.1138939256568183,0.0,0.1138939256568183
improved_6_hzz_cross_sectional_trend_stop_take_top10,"Improved 6: replace the index-derived trend factor with a Han, Zhou, Zhu (2016) cross-sectional trend factor. Monthly OLS of next-month returns on 11 normalized MA ratios across the eligible cross-section, strict 12-month trailing-mean smoothing of past betas, per-stock predicted-return signal. Stop-loss and take-profit inherited from improved 4.",2015-02-28,AAPL,Information Technology,0.9195431276542899,100000.0,-0.05,0.0,-0.05
improved_6_hzz_cross_sectional_trend_stop_take_top10,"Improved 6: replace the index-derived trend factor with a Han, Zhou, Zhu (2016) cross-sectional trend factor. Monthly OLS of next-month returns on 11 normalized MA ratios across the eligible cross-section, strict 12-month trailing-mean smoothing of past betas, per-stock predicted-return signal. Stop-loss and take-profit inherited from improved 4.",2015-02-28,EA,Communication Services,0.9002221649726653,100000.0,-0.05,0.0,-0.05
improved_6_hzz_cross_sectional_trend_stop_take_top10,"Improved 6: replace the index-derived trend factor with a Han, Zhou, Zhu (2016) cross-sectional trend factor. Monthly OLS of next-month returns on 11 normalized MA ratios across the eligible cross-section, strict 12-month trailing-mean smoothing of past betas, per-stock predicted-return signal. Stop-loss and take-profit inherited from improved 4.",2015-02-28,IBM,Information Technology,0.8783153393772976,100000.0,-0.05,0.0,-0.05
improved_6_hzz_cross_sectional_trend_stop_take_top10,"Improved 6: replace the index-derived trend factor with a Han, Zhou, Zhu (2016) cross-sectional trend factor. Monthly OLS of next-month returns on 11 normalized MA ratios across the eligible cross-section, strict 12-month trailing-mean smoothing of past betas, per-stock predicted-return signal. Stop-loss and take-profit inherited from improved 4.",2015-03-31,MO,Consumer Staples,1.7635407184028709,100000.0,-0.002192982456481,0.0,-0.002192982456481
improved_6_hzz_cross_sectional_trend_stop_take_top10,"Improved 6: replace the index-derived trend factor with a Han, Zhou, Zhu (2016) cross-sectional trend factor. Monthly OLS of next-month returns on 11 normalized MA ratios across the eligible cross-section, strict 12-month trailing-mean smoothing of past betas, per-stock predicted-return signal. Stop-loss and take-profit inherited from improved 4.",2015-03-31,GILD,Health Care,1.4681114803819102,100000.0,0.0239405052974546,0.0,0.0239405052974546
improved_6_hzz_cross_sectional_trend_stop_take_top10,"Improved 6: replace the index-derived trend factor with a Han, Zhou, Zhu (2016) cross-sectional trend factor. Monthly OLS of next-month returns on 11 normalized MA ratios across the eligible cross-section, strict 12-month trailing-mean smoothing of past betas, per-stock predicted-return signal. Stop-loss and take-profit inherited from improved 4.",2015-03-31,CLX,Consumer Staples,1.439045800014022,100000.0,-0.0272825398453422,0.0,-0.0272825398453422
improved_6_hzz_cross_sectional_trend_stop_take_top10,"Improved 6: replace the index-derived trend factor with a Han, Zhou, Zhu (2016) cross-sectional trend factor. Monthly OLS of next-month returns on 11 normalized MA ratios across the eligible cross-section, strict 12-month trailing-mean smoothing of past betas, per-stock predicted-return signal. Stop-loss and take-profit inherited from improved 4.",2015-03-31,TPL,Energy,1.3084684451429267,100000.0,0.0433217993106518,0.0,0.0433217993106518
improved_6_hzz_cross_sectional_trend_stop_take_top10,"Improved 6: replace the index-derived trend factor with a Han, Zhou, Zhu (2016) cross-sectional trend factor. Monthly OLS of next-month returns on 11 normalized MA ratios across the eligible cross-section, strict 12-month trailing-mean smoothing of past betas, per-stock predicted-return signal. Stop-loss and take-profit inherited from improved 4.",2015-03-31,EA,Communication Services,1.2209189904611009,100000.0,-0.05,0.0,-0.05
improved_6_hzz_cross_sectional_trend_stop_take_top10,"Improved 6: replace the index-derived trend factor with a Han, Zhou, Zhu (2016) cross-sectional trend factor. Monthly OLS of next-month returns on 11 normalized MA ratios across the eligible cross-section, strict 12-month trailing-mean smoothing of past betas, per-stock predicted-return signal. Stop-loss and take-profit inherited from improved 4.",2015-03-31,MAS,Industrials,1.196616508060629,100000.0,-0.0085572060081199,0.0,-0.0085572060081199
improved_6_hzz_cross_sectional_trend_stop_take_top10,"Improved 6: replace the index-derived trend factor with a Han, Zhou, Zhu (2016) cross-sectional trend factor. Monthly OLS of next-month returns on 11 normalized MA ratios across the eligible cross-section, strict 12-month trailing-mean smoothing of past betas, per-stock predicted-return signal. Stop-loss and take-profit inherited from improved 4.",2015-03-31,CL,Consumer Staples,1.1798902436645384,100000.0,-0.0243658228383018,0.0,-0.0243658228383018
improved_6_hzz_cross_sectional_trend_stop_take_top10,"Improved 6: replace the index-derived trend factor with a Han, Zhou, Zhu (2016) cross-sectional trend factor. Monthly OLS of next-month returns on 11 normalized MA ratios across the eligible cross-section, strict 12-month trailing-mean smoothing of past betas, per-stock predicted-return signal. Stop-loss and take-profit inherited from improved 4.",2015-03-31,MCO,Financials,1.1278105900686117,100000.0,0.0447964240596145,0.0,0.0447964240596145
improved_6_hzz_cross_sectional_trend_stop_take_top10,"Improved 6: replace the index-derived trend factor with a Han, Zhou, Zhu (2016) cross-sectional trend factor. Monthly OLS of next-month returns on 11 normalized MA ratios across the eligible cross-section, strict 12-month trailing-mean smoothing of past betas, per-stock predicted-return signal. Stop-loss and take-profit inherited from improved 4.",2015-03-31,HD,Consumer Discretionary,1.0989721095480562,100000.0,-0.05,0.0,-0.05
improved_6_hzz_cross_sectional_trend_stop_take_top10,"Improved 6: replace the index-derived trend factor with a Han, Zhou, Zhu (2016) cross-sectional trend factor. Monthly OLS of next-month returns on 11 normalized MA ratios across the eligible cross-section, strict 12-month trailing-mean smoothing of past betas, per-stock predicted-return signal. Stop-loss and take-profit inherited from improved 4.",2015-03-31,KR,Consumer Staples,1.012100677018065,100000.0,-0.05,0.0,-0.05
improved_6_hzz_cross_sectional_trend_stop_take_top10,"Improved 6: replace the index-derived trend factor with a Han, Zhou, Zhu (2016) cross-sectional trend factor. Monthly OLS of next-month returns on 11 normalized MA ratios across the eligible cross-section, strict 12-month trailing-mean smoothing of past betas, per-stock predicted-return signal. Stop-loss and take-profit inherited from improved 4.",2015-04-30,MCO,Financials,1.413572828215794,100000.0,-0.0142199426888558,0.0,-0.0142199426888558
improved_6_hzz_cross_sectional_trend_stop_take_top10,"Improved 6: replace the index-derived trend factor with a Han, Zhou, Zhu (2016) cross-sectional trend factor. Monthly OLS of next-month returns on 11 normalized MA ratios across the eligible cross-section, strict 12-month trailing-mean smoothing of past betas, per-stock predicted-return signal. Stop-loss and take-profit inherited from improved 4.",2015-04-30,MAS,Industrials,1.3752332589725265,100000.0,0.0222809667650674,0.0,0.0222809667650674
improved_6_hzz_cross_sectional_trend_stop_take_top10,"Improved 6: replace the index-derived trend factor with a Han, Zhou, Zhu (2016) cross-sectional trend factor. Monthly OLS of next-month returns on 11 normalized MA ratios across the eligible cross-section, strict 12-month trailing-mean smoothing of past betas, per-stock predicted-return signal. Stop-loss and take-profit inherited from improved 4.",2015-04-30,WYNN,Consumer Discretionary,1.298801966338043,100000.0,-0.05,0.0,-0.05
improved_6_hzz_cross_sectional_trend_stop_take_top10,"Improved 6: replace the index-derived trend factor with a Han, Zhou, Zhu (2016) cross-sectional trend factor. Monthly OLS of next-month returns on 11 normalized MA ratios across the eligible cross-section, strict 12-month trailing-mean smoothing of past betas, per-stock predicted-return signal. Stop-loss and take-profit inherited from improved 4.",2015-04-30,MO,Consumer Staples,1.2478496395575283,100000.0,0.0215482841165755,0.0,0.0215482841165755
improved_6_hzz_cross_sectional_trend_stop_take_top10,"Improved 6: replace the index-derived trend factor with a Han, Zhou, Zhu (2016) cross-sectional trend factor. Monthly OLS of next-month returns on 11 normalized MA ratios across the eligible cross-section, strict 12-month trailing-mean smoothing of past betas, per-stock predicted-return signal. Stop-loss and take-profit inherited from improved 4.",2015-04-30,CLX,Consumer Staples,1.1582935273627175,100000.0,0.0064504066551249,0.0,0.0064504066551249
improved_6_hzz_cross_sectional_trend_stop_take_top10,"Improved 6: replace the index-derived trend factor with a Han, Zhou, Zhu (2016) cross-sectional trend factor. Monthly OLS of next-month returns on 11 normalized MA ratios across the eligible cross-section, strict 12-month trailing-mean smoothing of past betas, per-stock predicted-return signal. Stop-loss and take-profit inherited from improved 4.",2015-04-30,CNC,Health Care,1.1571016580994338,100000.0,0.2122284794851168,0.0,0.2122284794851168
improved_6_hzz_cross_sectional_trend_stop_take_top10,"Improved 6: replace the index-derived trend factor with a Han, Zhou, Zhu (2016) cross-sectional trend factor. Monthly OLS of next-month returns on 11 normalized MA ratios across the eligible cross-section, strict 12-month trailing-mean smoothing of past betas, per-stock predicted-return signal. Stop-loss and take-profit inherited from improved 4.",2015-04-30,TPL,Energy,1.1428869672380686,100000.0,-0.05,0.0,-0.05
improved_6_hzz_cross_sectional_trend_stop_take_top10,"Improved 6: replace the index-derived trend factor with a Han, Zhou, Zhu (2016) cross-sectional trend factor. Monthly OLS of next-month returns on 11 normalized MA ratios across the eligible cross-section, strict 12-month trailing-mean smoothing of past betas, per-stock predicted-return signal. Stop-loss and take-profit inherited from improved 4.",2015-04-30,CL,Consumer Staples,1.1363724624088984,100000.0,-0.0072829964327605,0.0,-0.0072829964327605
improved_6_hzz_cross_sectional_trend_stop_take_top10,"Improved 6: replace the index-derived trend factor with a Han, Zhou, Zhu (2016) cross-sectional trend factor. Monthly OLS of next-month returns on 11 normalized MA ratios across the eligible cross-section, strict 12-month trailing-mean smoothing of past betas, per-stock predicted-return signal. Stop-loss and take-profit inherited from improved 4.",2015-04-30,GILD,Health Care,1.1304072167835468,100000.0,0.0878875968987282,0.0,0.0878875968987282
improved_6_hzz_cross_sectional_trend_stop_take_top10,"Improved 6: replace the index-derived trend factor with a Han, Zhou, Zhu (2016) cross-sectional trend factor. Monthly OLS of next-month returns on 11 normalized MA ratios across the eligible cross-section, strict 12-month trailing-mean smoothing of past betas, per-stock predicted-return signal. Stop-loss and take-profit inherited from improved 4.",2015-04-30,AAPL,Information Technology,1.0376539197485366,100000.0,0.0374372708405592,0.0,0.0374372708405592
improved_6_hzz_cross_sectional_trend_stop_take_top10,"Improved 6: replace the index-derived trend factor with a Han, Zhou, Zhu (2016) cross-sectional trend factor. Monthly OLS of next-month returns on 11 normalized MA ratios across the eligible cross-section, strict 12-month trailing-mean smoothing of past betas, per-stock predicted-return signal. Stop-loss and take-profit inherited from improved 4.",2015-05-31,TPL,Energy,1.7064088121088017,100000.0,0.0091878478972355,0.0,0.0091878478972355
improved_6_hzz_cross_sectional_trend_stop_take_top10,"Improved 6: replace the index-derived trend factor with a Han, Zhou, Zhu (2016) cross-sectional trend factor. Monthly OLS of next-month returns on 11 normalized MA ratios across the eligible cross-section, strict 12-month trailing-mean smoothing of past betas, per-stock predicted-return signal. Stop-loss and take-profit inherited from improved 4.",2015-05-31,MCO,Financials,1.6526830796299838,100000.0,-0.0036913990402051,0.0,-0.0036913990402051
improved_6_hzz_cross_sectional_trend_stop_take_top10,"Improved 6: replace the index-derived trend factor with a Han, Zhou, Zhu (2016) cross-sectional trend factor. Monthly OLS of next-month returns on 11 normalized MA ratios across the eligible cross-section, strict 12-month trailing-mean smoothing of past betas, per-stock predicted-return signal. Stop-loss and take-profit inherited from improved 4.",2015-05-31,MAS,Industrials,1.324753832260477,100000.0,-0.0198456449815335,0.0,-0.0198456449815335
improved_6_hzz_cross_sectional_trend_stop_take_top10,"Improved 6: replace the index-derived trend factor with a Han, Zhou, Zhu (2016) cross-sectional trend factor. Monthly OLS of next-month returns on 11 normalized MA ratios across the eligible cross-section, strict 12-month trailing-mean smoothing of past betas, per-stock predicted-return signal. Stop-loss and take-profit inherited from improved 4.",2015-05-31,CLX,Consumer Staples,1.3054934280863815,100000.0,-0.0375647668394989,0.0,-0.0375647668394989
improved_6_hzz_cross_sectional_trend_stop_take_top10,"Improved 6: replace the index-derived trend factor with a Han, Zhou, Zhu (2016) cross-sectional trend factor. Monthly OLS of next-month returns on 11 normalized MA ratios across the eligible cross-section, strict 12-month trailing-mean smoothing of past betas, per-stock predicted-return signal. Stop-loss and take-profit inherited from improved 4.",2015-05-31,IT,Information Technology,1.2165609529370145,100000.0,-0.0238962221210741,0.0,-0.0238962221210741
improved_6_hzz_cross_sectional_trend_stop_take_top10,"Improved 6: replace the index-derived trend factor with a Han, Zhou, Zhu (2016) cross-sectional trend factor. Monthly OLS of next-month returns on 11 normalized MA ratios across the eligible cross-section, strict 12-month trailing-mean smoothing of past betas, per-stock predicted-return signal. Stop-loss and take-profit inherited from improved 4.",2015-05-31,MO,Consumer Staples,1.162574252802816,100000.0,-0.05,0.0,-0.05
improved_6_hzz_cross_sectional_trend_stop_take_top10,"Improved 6: replace the index-derived trend factor with a Han, Zhou, Zhu (2016) cross-sectional trend factor. Monthly OLS of next-month returns on 11 normalized MA ratios across the eligible cross-section, strict 12-month trailing-mean smoothing of past betas, per-stock predicted-return signal. Stop-loss and take-profit inherited from improved 4.",2015-05-31,GILD,Health Care,1.11475402432633,100000.0,0.0383306559443903,0.0,0.0383306559443903
improved_6_hzz_cross_sectional_trend_stop_take_top10,"Improved 6: replace the index-derived trend factor with a Han, Zhou, Zhu (2016) cross-sectional trend factor. Monthly OLS of next-month returns on 11 normalized MA ratios across the eligible cross-section, strict 12-month trailing-mean smoothing of past betas, per-stock predicted-return signal. Stop-loss and take-profit inherited from improved 4.",2015-05-31,CL,Consumer Staples,1.088093884630866,100000.0,-0.0194873332323866,0.0,-0.0194873332323866
improved_6_hzz_cross_sectional_trend_stop_take_top10,"Improved 6: replace the index-derived trend factor with a Han, Zhou, Zhu (2016) cross-sectional trend factor. Monthly OLS of next-month returns on 11 normalized MA ratios across the eligible cross-section, strict 12-month trailing-mean smoothing of past betas, per-stock predicted-return signal. Stop-loss and take-profit inherited from improved 4.",2015-05-31,ULTA,Consumer Discretionary,1.0530790556839367,100000.0,0.0091473374714143,0.0,0.0091473374714143
improved_6_hzz_cross_sectional_trend_stop_take_top10,"Improved 6: replace the index-derived trend factor with a Han, Zhou, Zhu (2016) cross-sectional trend factor. Monthly OLS of next-month returns on 11 normalized MA ratios across the eligible cross-section, strict 12-month trailing-mean smoothing of past betas, per-stock predicted-return signal. Stop-loss and take-profit inherited from improved 4.",2015-05-31,LII,Industrials,0.9621852036549313,100000.0,-0.0441683149898891,0.0,-0.0441683149898891
improved_6_hzz_cross_sectional_trend_stop_take_top10,"Improved 6: replace the index-derived trend factor with a Han, Zhou, Zhu (2016) cross-sectional trend factor. Monthly OLS of next-month returns on 11 normalized MA ratios across the eligible cross-section, strict 12-month trailing-mean smoothing of past betas, per-stock predicted-return signal. Stop-loss and take-profit inherited from improved 4.",2015-06-30,MCO,Financials,1.683165259257628,100000.0,0.0157284768215353,0.0,0.0157284768215353
improved_6_hzz_cross_sectional_trend_stop_take_top10,"Improved 6: replace the index-derived trend factor with a Han, Zhou, Zhu (2016) cross-sectional trend factor. Monthly OLS of next-month returns on 11 normalized MA ratios across the eligible cross-section, strict 12-month trailing-mean smoothing of past betas, per-stock predicted-return signal. Stop-loss and take-profit inherited from improved 4.",2015-06-30,GILD,Health Care,1.426393973960685,100000.0,-0.05,0.0,-0.05
improved_6_hzz_cross_sectional_trend_stop_take_top10,"Improved 6: replace the index-derived trend factor with a Han, Zhou, Zhu (2016) cross-sectional trend factor. Monthly OLS of next-month returns on 11 normalized MA ratios across the eligible cross-section, strict 12-month trailing-mean smoothing of past betas, per-stock predicted-return signal. Stop-loss and take-profit inherited from improved 4.",2015-06-30,IT,Information Technology,1.3587762933552596,100000.0,0.0239306358381501,0.0,0.0239306358381501
improved_6_hzz_cross_sectional_trend_stop_take_top10,"Improved 6: replace the index-derived trend factor with a Han, Zhou, Zhu (2016) cross-sectional trend factor. Monthly OLS of next-month returns on 11 normalized MA ratios across the eligible cross-section, strict 12-month trailing-mean smoothing of past betas, per-stock predicted-return signal. Stop-loss and take-profit inherited from improved 4.",2015-06-30,CLX,Consumer Staples,1.3249495969493534,100000.0,0.0807215595063792,0.0,0.0807215595063792
improved_6_hzz_cross_sectional_trend_stop_take_top10,"Improved 6: replace the index-derived trend factor with a Han, Zhou, Zhu (2016) cross-sectional trend factor. Monthly OLS of next-month returns on 11 normalized MA ratios across the eligible cross-section, strict 12-month trailing-mean smoothing of past betas, per-stock predicted-return signal. Stop-loss and take-profit inherited from improved 4.",2015-06-30,TPL,Energy,1.3149042184037558,100000.0,-0.05,0.0,-0.05
improved_6_hzz_cross_sectional_trend_stop_take_top10,"Improved 6: replace the index-derived trend factor with a Han, Zhou, Zhu (2016) cross-sectional trend factor. Monthly OLS of next-month returns on 11 normalized MA ratios across the eligible cross-section, strict 12-month trailing-mean smoothing of past betas, per-stock predicted-return signal. Stop-loss and take-profit inherited from improved 4.",2015-06-30,MAS,Industrials,1.2030751981070704,100000.0,-0.05,0.0,-0.05
improved_6_hzz_cross_sectional_trend_stop_take_top10,"Improved 6: replace the index-derived trend factor with a Han, Zhou, Zhu (2016) cross-sectional trend factor. Monthly OLS of next-month returns on 11 normalized MA ratios across the eligible cross-section, strict 12-month trailing-mean smoothing of past betas, per-stock predicted-return signal. Stop-loss and take-profit inherited from improved 4.",2015-06-30,CL,Consumer Staples,1.074067335671667,100000.0,0.0429353691649003,0.0,0.0429353691649003
improved_6_hzz_cross_sectional_trend_stop_take_top10,"Improved 6: replace the index-derived trend factor with a Han, Zhou, Zhu (2016) cross-sectional trend factor. Monthly OLS of next-month returns on 11 normalized MA ratios across the eligible cross-section, strict 12-month trailing-mean smoothing of past betas, per-stock predicted-return signal. Stop-loss and take-profit inherited from improved 4.",2015-06-30,MO,Consumer Staples,1.0330652479834979,100000.0,0.1077612548398592,0.0,0.1077612548398592
improved_6_hzz_cross_sectional_trend_stop_take_top10,"Improved 6: replace the index-derived trend factor with a Han, Zhou, Zhu (2016) cross-sectional trend factor. Monthly OLS of next-month returns on 11 normalized MA ratios across the eligible cross-section, strict 12-month trailing-mean smoothing of past betas, per-stock predicted-return signal. Stop-loss and take-profit inherited from improved 4.",2015-06-30,STX,Information Technology,0.9862433710698648,100000.0,-0.05,0.0,-0.05
improved_6_hzz_cross_sectional_trend_stop_take_top10,"Improved 6: replace the index-derived trend factor with a Han, Zhou, Zhu (2016) cross-sectional trend factor. Monthly OLS of next-month returns on 11 normalized MA ratios across the eligible cross-section, strict 12-month trailing-mean smoothing of past betas, per-stock predicted-return signal. Stop-loss and take-profit inherited from improved 4.",2015-06-30,VRSK,Industrials,0.9040225537484137,100000.0,0.0682439824942799,0.0,0.0682439824942799
improved_6_hzz_cross_sectional_trend_stop_take_top10,"Improved 6: replace the index-derived trend factor with a Han, Zhou, Zhu (2016) cross-sectional trend factor. Monthly OLS of next-month returns on 11 normalized MA ratios across the eligible cross-section, strict 12-month trailing-mean smoothing of past betas, per-stock predicted-return signal. Stop-loss and take-profit inherited from improved 4.",2015-07-31,GILD,Health Care,1.4547024743408012,100000.0,-0.05,0.0,-0.05
improved_6_hzz_cross_sectional_trend_stop_take_top10,"Improved 6: replace the index-derived trend factor with a Han, Zhou, Zhu (2016) cross-sectional trend factor. Monthly OLS of next-month returns on 11 normalized MA ratios across the eligible cross-section, strict 12-month trailing-mean smoothing of past betas, per-stock predicted-return signal. Stop-loss and take-profit inherited from improved 4.",2015-07-31,LII,Industrials,1.4123226681599694,100000.0,-0.05,0.0,-0.05
improved_6_hzz_cross_sectional_trend_stop_take_top10,"Improved 6: replace the index-derived trend factor with a Han, Zhou, Zhu (2016) cross-sectional trend factor. Monthly OLS of next-month returns on 11 normalized MA ratios across the eligible cross-section, strict 12-month trailing-mean smoothing of past betas, per-stock predicted-return signal. Stop-loss and take-profit inherited from improved 4.",2015-07-31,MAS,Industrials,1.3789155129584958,100000.0,-0.05,0.0,-0.05
improved_6_hzz_cross_sectional_trend_stop_take_top10,"Improved 6: replace the index-derived trend factor with a Han, Zhou, Zhu (2016) cross-sectional trend factor. Monthly OLS of next-month returns on 11 normalized MA ratios across the eligible cross-section, strict 12-month trailing-mean smoothing of past betas, per-stock predicted-return signal. Stop-loss and take-profit inherited from improved 4.",2015-07-31,AXON,Industrials,1.2924308971223841,100000.0,-0.05,0.0,-0.05
improved_6_hzz_cross_sectional_trend_stop_take_top10,"Improved 6: replace the index-derived trend factor with a Han, Zhou, Zhu (2016) cross-sectional trend factor. Monthly OLS of next-month returns on 11 normalized MA ratios across the eligible cross-section, strict 12-month trailing-mean smoothing of past betas, per-stock predicted-return signal. Stop-loss and take-profit inherited from improved 4.",2015-07-31,MO,Consumer Staples,1.2176510846743411,100000.0,-0.05,0.0,-0.05
improved_6_hzz_cross_sectional_trend_stop_take_top10,"Improved 6: replace the index-derived trend factor with a Han, Zhou, Zhu (2016) cross-sectional trend factor. Monthly OLS of next-month returns on 11 normalized MA ratios across the eligible cross-section, strict 12-month trailing-mean smoothing of past betas, per-stock predicted-return signal. Stop-loss and take-profit inherited from improved 4.",2015-07-31,CLX,Consumer Staples,1.185162104501167,100000.0,-0.0028702125743946,0.0,-0.0028702125743946
improved_6_hzz_cross_sectional_trend_stop_take_top10,"Improved 6: replace the index-derived trend factor with a Han, Zhou, Zhu (2016) cross-sectional trend factor. Monthly OLS of next-month returns on 11 normalized MA ratios across the eligible cross-section, strict 12-month trailing-mean smoothing of past betas, per-stock predicted-return signal. Stop-loss and take-profit inherited from improved 4.",2015-07-31,EA,Communication Services,1.1823700185996515,100000.0,-0.05,0.0,-0.05
improved_6_hzz_cross_sectional_trend_stop_take_top10,"Improved 6: replace the index-derived trend factor with a Han, Zhou, Zhu (2016) cross-sectional trend factor. Monthly OLS of next-month returns on 11 normalized MA ratios across the eligible cross-section, strict 12-month trailing-mean smoothing of past betas, per-stock predicted-return signal. Stop-loss and take-profit inherited from improved 4.",2015-07-31,IT,Information Technology,1.1793141307773571,100000.0,-0.05,0.0,-0.05
improved_6_hzz_cross_sectional_trend_stop_take_top10,"Improved 6: replace the index-derived trend factor with a Han, Zhou, Zhu (2016) cross-sectional trend factor. Monthly OLS of next-month returns on 11 normalized MA ratios across the eligible cross-section, strict 12-month trailing-mean smoothing of past betas, per-stock predicted-return signal. Stop-loss and take-profit inherited from improved 4.",2015-07-31,TPL,Energy,1.0342152394680264,100000.0,-0.05,0.0,-0.05
improved_6_hzz_cross_sectional_trend_stop_take_top10,"Improved 6: replace the index-derived trend factor with a Han, Zhou, Zhu (2016) cross-sectional trend factor. Monthly OLS of next-month returns on 11 normalized MA ratios across the eligible cross-section, strict 12-month trailing-mean smoothing of past betas, per-stock predicted-return signal. Stop-loss and take-profit inherited from improved 4.",2015-07-31,CL,Consumer Staples,0.9700181130287996,100000.0,-0.05,0.0,-0.05
improved_6_hzz_cross_sectional_trend_stop_take_top10,"Improved 6: replace the index-derived trend factor with a Han, Zhou, Zhu (2016) cross-sectional trend factor. Monthly OLS of next-month returns on 11 normalized MA ratios across the eligible cross-section, strict 12-month trailing-mean smoothing of past betas, per-stock predicted-return signal. Stop-loss and take-profit inherited from improved 4.",2015-08-31,LII,Industrials,1.516779071781908,100000.0,-0.05,0.0,-0.05
improved_6_hzz_cross_sectional_trend_stop_take_top10,"Improved 6: replace the index-derived trend factor with a Han, Zhou, Zhu (2016) cross-sectional trend factor. Monthly OLS of next-month returns on 11 normalized MA ratios across the eligible cross-section, strict 12-month trailing-mean smoothing of past betas, per-stock predicted-return signal. Stop-loss and take-profit inherited from improved 4.",2015-08-31,MAS,Industrials,1.3722421439044772,100000.0,-0.05,0.0,-0.05
improved_6_hzz_cross_sectional_trend_stop_take_top10,"Improved 6: replace the index-derived trend factor with a Han, Zhou, Zhu (2016) cross-sectional trend factor. Monthly OLS of next-month returns on 11 normalized MA ratios across the eligible cross-section, strict 12-month trailing-mean smoothing of past betas, per-stock predicted-return signal. Stop-loss and take-profit inherited from improved 4.",2015-08-31,MO,Consumer Staples,1.2694728218925264,100000.0,0.0429523086533629,0.0,0.0429523086533629
improved_6_hzz_cross_sectional_trend_stop_take_top10,"Improved 6: replace the index-derived trend factor with a Han, Zhou, Zhu (2016) cross-sectional trend factor. Monthly OLS of next-month returns on 11 normalized MA ratios across the eligible cross-section, strict 12-month trailing-mean smoothing of past betas, per-stock predicted-return signal. Stop-loss and take-profit inherited from improved 4.",2015-08-31,CLX,Consumer Staples,1.2399243307565746,100000.0,0.0560329067646949,0.0,0.0560329067646949
improved_6_hzz_cross_sectional_trend_stop_take_top10,"Improved 6: replace the index-derived trend factor with a Han, Zhou, Zhu (2016) cross-sectional trend factor. Monthly OLS of next-month returns on 11 normalized MA ratios across the eligible cross-section, strict 12-month trailing-mean smoothing of past betas, per-stock predicted-return signal. Stop-loss and take-profit inherited from improved 4.",2015-08-31,EA,Communication Services,1.1093307378363626,100000.0,0.052182015840988,0.0,0.052182015840988
improved_6_hzz_cross_sectional_trend_stop_take_top10,"Improved 6: replace the index-derived trend factor with a Han, Zhou, Zhu (2016) cross-sectional trend factor. Monthly OLS of next-month returns on 11 normalized MA ratios across the eligible cross-section, strict 12-month trailing-mean smoothing of past betas, per-stock predicted-return signal. Stop-loss and take-profit inherited from improved 4.",2015-08-31,IDXX,Health Care,1.0524057143614054,100000.0,0.0616242493565915,0.0,0.0616242493565915
improved_6_hzz_cross_sectional_trend_stop_take_top10,"Improved 6: replace the index-derived trend factor with a Han, Zhou, Zhu (2016) cross-sectional trend factor. Monthly OLS of next-month returns on 11 normalized MA ratios across the eligible cross-section, strict 12-month trailing-mean smoothing of past betas, per-stock predicted-return signal. Stop-loss and take-profit inherited from improved 4.",2015-08-31,FIX,Industrials,1.0141680139643343,100000.0,-0.05,0.0,-0.05
improved_6_hzz_cross_sectional_trend_stop_take_top10,"Improved 6: replace the index-derived trend factor with a Han, Zhou, Zhu (2016) cross-sectional trend factor. Monthly OLS of next-month returns on 11 normalized MA ratios across the eligible cross-section, strict 12-month trailing-mean smoothing of past betas, per-stock predicted-return signal. Stop-loss and take-profit inherited from improved 4.",2015-08-31,IT,Information Technology,1.0018172476539888,100000.0,0.0015513126491648,0.0,0.0015513126491648
improved_6_hzz_cross_sectional_trend_stop_take_top10,"Improved 6: replace the index-derived trend factor with a Han, Zhou, Zhu (2016) cross-sectional trend factor. Monthly OLS of next-month returns on 11 normalized MA ratios across the eligible cross-section, strict 12-month trailing-mean smoothing of past betas, per-stock predicted-return signal. Stop-loss and take-profit inherited from improved 4.",2015-08-31,GILD,Health Care,0.9895642253874088,100000.0,-0.05,0.0,-0.05
improved_6_hzz_cross_sectional_trend_stop_take_top10,"Improved 6: replace the index-derived trend factor with a Han, Zhou, Zhu (2016) cross-sectional trend factor. Monthly OLS of next-month returns on 11 normalized MA ratios across the eligible cross-section, strict 12-month trailing-mean smoothing of past betas, per-stock predicted-return signal. Stop-loss and take-profit inherited from improved 4.",2015-08-31,CL,Consumer Staples,0.9090471442717116,100000.0,0.0295262816340198,0.0,0.0295262816340198
improved_6_hzz_cross_sectional_trend_stop_take_top10,"Improved 6: replace the index-derived trend factor with a Han, Zhou, Zhu (2016) cross-sectional trend factor. Monthly OLS of next-month returns on 11 normalized MA ratios across the eligible cross-section, strict 12-month trailing-mean smoothing of past betas, per-stock predicted-return signal. Stop-loss and take-profit inherited from improved 4.",2015-09-30,LII,Industrials,1.8229210206309885,100000.0,0.1718874084532751,0.0,0.1718874084532751
improved_6_hzz_cross_sectional_trend_stop_take_top10,"Improved 6: replace the index-derived trend factor with a Han, Zhou, Zhu (2016) cross-sectional trend factor. Monthly OLS of next-month returns on 11 normalized MA ratios across the eligible cross-section, strict 12-month trailing-mean smoothing of past betas, per-stock predicted-return signal. Stop-loss and take-profit inherited from improved 4.",2015-09-30,MO,Consumer Staples,1.407217440346598,100000.0,0.1103562247524885,0.0,0.1103562247524885
improved_6_hzz_cross_sectional_trend_stop_take_top10,"Improved 6: replace the index-derived trend factor with a Han, Zhou, Zhu (2016) cross-sectional trend factor. Monthly OLS of next-month returns on 11 normalized MA ratios across the eligible cross-section, strict 12-month trailing-mean smoothing of past betas, per-stock predicted-return signal. Stop-loss and take-profit inherited from improved 4.",2015-09-30,CLX,Consumer Staples,1.321700016561312,100000.0,0.0621428984622383,0.0,0.0621428984622383
improved_6_hzz_cross_sectional_trend_stop_take_top10,"Improved 6: replace the index-derived trend factor with a Han, Zhou, Zhu (2016) cross-sectional trend factor. Monthly OLS of next-month returns on 11 normalized MA ratios across the eligible cross-section, strict 12-month trailing-mean smoothing of past betas, per-stock predicted-return signal. Stop-loss and take-profit inherited from improved 4.",2015-09-30,MAS,Industrials,1.2876873946756415,100000.0,0.1480424173611221,0.0,0.1480424173611221
improved_6_hzz_cross_sectional_trend_stop_take_top10,"Improved 6: replace the index-derived trend factor with a Han, Zhou, Zhu (2016) cross-sectional trend factor. Monthly OLS of next-month returns on 11 normalized MA ratios across the eligible cross-section, strict 12-month trailing-mean smoothing of past betas, per-stock predicted-return signal. Stop-loss and take-profit inherited from improved 4.",2015-09-30,UAL,Industrials,1.2289352503208726,100000.0,-0.05,0.0,-0.05
improved_6_hzz_cross_sectional_trend_stop_take_top10,"Improved 6: replace the index-derived trend factor with a Han, Zhou, Zhu (2016) cross-sectional trend factor. Monthly OLS of next-month returns on 11 normalized MA ratios across the eligible cross-section, strict 12-month trailing-mean smoothing of past betas, per-stock predicted-return signal. Stop-loss and take-profit inherited from improved 4.",2015-09-30,IDXX,Health Care,1.218396423258416,100000.0,-0.05,0.0,-0.05
improved_6_hzz_cross_sectional_trend_stop_take_top10,"Improved 6: replace the index-derived trend factor with a Han, Zhou, Zhu (2016) cross-sectional trend factor. Monthly OLS of next-month returns on 11 normalized MA ratios across the eligible cross-section, strict 12-month trailing-mean smoothing of past betas, per-stock predicted-return signal. Stop-loss and take-profit inherited from improved 4.",2015-09-30,FIX,Industrials,1.208008846854833,100000.0,0.1687408491973783,0.0,0.1687408491973783
improved_6_hzz_cross_sectional_trend_stop_take_top10,"Improved 6: replace the index-derived trend factor with a Han, Zhou, Zhu (2016) cross-sectional trend factor. Monthly OLS of next-month returns on 11 normalized MA ratios across the eligible cross-section, strict 12-month trailing-mean smoothing of past betas, per-stock predicted-return signal. Stop-loss and take-profit inherited from improved 4.",2015-09-30,EA,Communication Services,1.055614532617744,100000.0,-0.05,0.0,-0.05
improved_6_hzz_cross_sectional_trend_stop_take_top10,"Improved 6: replace the index-derived trend factor with a Han, Zhou, Zhu (2016) cross-sectional trend factor. Monthly OLS of next-month returns on 11 normalized MA ratios across the eligible cross-section, strict 12-month trailing-mean smoothing of past betas, per-stock predicted-return signal. Stop-loss and take-profit inherited from improved 4.",2015-09-30,IT,Information Technology,1.0023289803758662,100000.0,0.0823683896382954,0.0,0.0823683896382954
improved_6_hzz_cross_sectional_trend_stop_take_top10,"Improved 6: replace the index-derived trend factor with a Han, Zhou, Zhu (2016) cross-sectional trend factor. Monthly OLS of next-month returns on 11 normalized MA ratios across the eligible cross-section, strict 12-month trailing-mean smoothing of past betas, per-stock predicted-return signal. Stop-loss and take-profit inherited from improved 4.",2015-09-30,LMT,Industrials,0.9891475980247318,100000.0,0.0655324511659536,0.0,0.0655324511659536
improved_6_hzz_cross_sectional_trend_stop_take_top10,"Improved 6: replace the index-derived trend factor with a Han, Zhou, Zhu (2016) cross-sectional trend factor. Monthly OLS of next-month returns on 11 normalized MA ratios across the eligible cross-section, strict 12-month trailing-mean smoothing of past betas, per-stock predicted-return signal. Stop-loss and take-profit inherited from improved 4.",2015-10-31,LII,Industrials,2.665475777794979,100000.0,0.0208036049566429,0.0,0.0208036049566429
improved_6_hzz_cross_sectional_trend_stop_take_top10,"Improved 6: replace the index-derived trend factor with a Han, Zhou, Zhu (2016) cross-sectional trend factor. Monthly OLS of next-month returns on 11 normalized MA ratios across the eligible cross-section, strict 12-month trailing-mean smoothing of past betas, per-stock predicted-return signal. Stop-loss and take-profit inherited from improved 4.",2015-10-31,CL,Consumer Staples,1.8445073151899491,100000.0,-0.0163246967195018,0.0,-0.0163246967195018
improved_6_hzz_cross_sectional_trend_stop_take_top10,"Improved 6: replace the index-derived trend factor with a Han, Zhou, Zhu (2016) cross-sectional trend factor. Monthly OLS of next-month returns on 11 normalized MA ratios across the eligible cross-section, strict 12-month trailing-mean smoothing of past betas, per-stock predicted-return signal. Stop-loss and take-profit inherited from improved 4.",2015-10-31,CLX,Consumer Staples,1.7843809672746596,100000.0,-0.0052816901411441,0.0,-0.0052816901411441
improved_6_hzz_cross_sectional_trend_stop_take_top10,"Improved 6: replace the index-derived trend factor with a Han, Zhou, Zhu (2016) cross-sectional trend factor. Monthly OLS of next-month returns on 11 normalized MA ratios across the eligible cross-section, strict 12-month trailing-mean smoothing of past betas, per-stock predicted-return signal. Stop-loss and take-profit inherited from improved 4.",2015-10-31,IT,Information Technology,1.7497292853705992,100000.0,-0.05,0.0,-0.05
improved_6_hzz_cross_sectional_trend_stop_take_top10,"Improved 6: replace the index-derived trend factor with a Han, Zhou, Zhu (2016) cross-sectional trend factor. Monthly OLS of next-month returns on 11 normalized MA ratios across the eligible cross-section, strict 12-month trailing-mean smoothing of past betas, per-stock predicted-return signal. Stop-loss and take-profit inherited from improved 4.",2015-10-31,IDXX,Health Care,1.5686174778218276,100000.0,0.0314593649868919,0.0,0.0314593649868919
improved_6_hzz_cross_sectional_trend_stop_take_top10,"Improved 6: replace the index-derived trend factor with a Han, Zhou, Zhu (2016) cross-sectional trend factor. Monthly OLS of next-month returns on 11 normalized MA ratios across the eligible cross-section, strict 12-month trailing-mean smoothing of past betas, per-stock predicted-return signal. Stop-loss and take-profit inherited from improved 4.",2015-10-31,MO,Consumer Staples,1.4874433849858189,100000.0,-0.05,0.0,-0.05
improved_6_hzz_cross_sectional_trend_stop_take_top10,"Improved 6: replace the index-derived trend factor with a Han, Zhou, Zhu (2016) cross-sectional trend factor. Monthly OLS of next-month returns on 11 normalized MA ratios across the eligible cross-section, strict 12-month trailing-mean smoothing of past betas, per-stock predicted-return signal. Stop-loss and take-profit inherited from improved 4.",2015-10-31,EA,Communication Services,1.2833013814786678,100000.0,-0.05,0.0,-0.05
improved_6_hzz_cross_sectional_trend_stop_take_top10,"Improved 6: replace the index-derived trend factor with a Han, Zhou, Zhu (2016) cross-sectional trend factor. Monthly OLS of next-month returns on 11 normalized MA ratios across the eligible cross-section, strict 12-month trailing-mean smoothing of past betas, per-stock predicted-return signal. Stop-loss and take-profit inherited from improved 4.",2015-10-31,NXPI,Information Technology,1.111458217502386,100000.0,0.2037609479659567,0.0,0.2037609479659567
improved_6_hzz_cross_sectional_trend_stop_take_top10,"Improved 6: replace the index-derived trend factor with a Han, Zhou, Zhu (2016) cross-sectional trend factor. Monthly OLS of next-month returns on 11 normalized MA ratios across the eligible cross-section, strict 12-month trailing-mean smoothing of past betas, per-stock predicted-return signal. Stop-loss and take-profit inherited from improved 4.",2015-10-31,GPN,Financials,1.0992064040226242,100000.0,0.0401507246383383,0.0,0.0401507246383383
improved_6_hzz_cross_sectional_trend_stop_take_top10,"Improved 6: replace the index-derived trend factor with a Han, Zhou, Zhu (2016) cross-sectional trend factor. Monthly OLS of next-month returns on 11 normalized MA ratios across the eligible cross-section, strict 12-month trailing-mean smoothing of past betas, per-stock predicted-return signal. Stop-loss and take-profit inherited from improved 4.",2015-10-31,MAS,Industrials,1.090578542278661,100000.0,0.0296041308090444,0.0,0.0296041308090444
improved_6_hzz_cross_sectional_trend_stop_take_top10,"Improved 6: replace the index-derived trend factor with a Han, Zhou, Zhu (2016) cross-sectional trend factor. Monthly OLS of next-month returns on 11 normalized MA ratios across the eligible cross-section, strict 12-month trailing-mean smoothing of past betas, per-stock predicted-return signal. Stop-loss and take-profit inherited from improved 4.",2015-11-30,LII,Industrials,2.5247664595827004,100000.0,-0.05,0.0,-0.05
improved_6_hzz_cross_sectional_trend_stop_take_top10,"Improved 6: replace the index-derived trend factor with a Han, Zhou, Zhu (2016) cross-sectional trend factor. Monthly OLS of next-month returns on 11 normalized MA ratios across the eligible cross-section, strict 12-month trailing-mean smoothing of past betas, per-stock predicted-return signal. Stop-loss and take-profit inherited from improved 4.",2015-11-30,CLX,Consumer Staples,1.8156045906275755,100000.0,0.0139099848109285,0.0,0.0139099848109285
improved_6_hzz_cross_sectional_trend_stop_take_top10,"Improved 6: replace the index-derived trend factor with a Han, Zhou, Zhu (2016) cross-sectional trend factor. Monthly OLS of next-month returns on 11 normalized MA ratios across the eligible cross-section, strict 12-month trailing-mean smoothing of past betas, per-stock predicted-return signal. Stop-loss and take-profit inherited from improved 4.",2015-11-30,CL,Consumer Staples,1.6208903032180724,100000.0,0.0129238254517014,0.0,0.0129238254517014
improved_6_hzz_cross_sectional_trend_stop_take_top10,"Improved 6: replace the index-derived trend factor with a Han, Zhou, Zhu (2016) cross-sectional trend factor. Monthly OLS of next-month returns on 11 normalized MA ratios across the eligible cross-section, strict 12-month trailing-mean smoothing of past betas, per-stock predicted-return signal. Stop-loss and take-profit inherited from improved 4.",2015-11-30,IDXX,Health Care,1.4918268627957487,100000.0,0.0380071174377223,0.0,0.0380071174377223
improved_6_hzz_cross_sectional_trend_stop_take_top10,"Improved 6: replace the index-derived trend factor with a Han, Zhou, Zhu (2016) cross-sectional trend factor. Monthly OLS of next-month returns on 11 normalized MA ratios across the eligible cross-section, strict 12-month trailing-mean smoothing of past betas, per-stock predicted-return signal. Stop-loss and take-profit inherited from improved 4.",2015-11-30,MAS,Industrials,1.0698413316240836,100000.0,-0.05,0.0,-0.05
improved_6_hzz_cross_sectional_trend_stop_take_top10,"Improved 6: replace the index-derived trend factor with a Han, Zhou, Zhu (2016) cross-sectional trend factor. Monthly OLS of next-month returns on 11 normalized MA ratios across the eligible cross-section, strict 12-month trailing-mean smoothing of past betas, per-stock predicted-return signal. Stop-loss and take-profit inherited from improved 4.",2015-11-30,LMT,Industrials,1.0163391761555147,100000.0,-0.0132236662728827,0.0,-0.0132236662728827
improved_6_hzz_cross_sectional_trend_stop_take_top10,"Improved 6: replace the index-derived trend factor with a Han, Zhou, Zhu (2016) cross-sectional trend factor. Monthly OLS of next-month returns on 11 normalized MA ratios across the eligible cross-section, strict 12-month trailing-mean smoothing of past betas, per-stock predicted-return signal. Stop-loss and take-profit inherited from improved 4.",2015-11-30,MO,Consumer Staples,1.015193035093572,100000.0,0.0194121274997254,0.0,0.0194121274997254
improved_6_hzz_cross_sectional_trend_stop_take_top10,"Improved 6: replace the index-derived trend factor with a Han, Zhou, Zhu (2016) cross-sectional trend factor. Monthly OLS of next-month returns on 11 normalized MA ratios across the eligible cross-section, strict 12-month trailing-mean smoothing of past betas, per-stock predicted-return signal. Stop-loss and take-profit inherited from improved 4.",2015-11-30,EA,Communication Services,1.0098856342277744,100000.0,0.0099941211053193,0.0,0.0099941211053193
improved_6_hzz_cross_sectional_trend_stop_take_top10,"Improved 6: replace the index-derived trend factor with a Han, Zhou, Zhu (2016) cross-sectional trend factor. Monthly OLS of next-month returns on 11 normalized MA ratios across the eligible cross-section, strict 12-month trailing-mean smoothing of past betas, per-stock predicted-return signal. Stop-loss and take-profit inherited from improved 4.",2015-11-30,GPN,Financials,0.9626679900038098,100000.0,-0.05,0.0,-0.05
improved_6_hzz_cross_sectional_trend_stop_take_top10,"Improved 6: replace the index-derived trend factor with a Han, Zhou, Zhu (2016) cross-sectional trend factor. Monthly OLS of next-month returns on 11 normalized MA ratios across the eligible cross-section, strict 12-month trailing-mean smoothing of past betas, per-stock predicted-return signal. Stop-loss and take-profit inherited from improved 4.",2015-11-30,UPS,Industrials,0.9505869343606927,100000.0,-0.05,0.0,-0.05
improved_6_hzz_cross_sectional_trend_stop_take_top10,"Improved 6: replace the index-derived trend factor with a Han, Zhou, Zhu (2016) cross-sectional trend factor. Monthly OLS of next-month returns on 11 normalized MA ratios across the eligible cross-section, strict 12-month trailing-mean smoothing of past betas, per-stock predicted-return signal. Stop-loss and take-profit inherited from improved 4.",2015-12-31,LII,Industrials,2.2970082959431792,100000.0,-0.05,0.0,-0.05
improved_6_hzz_cross_sectional_trend_stop_take_top10,"Improved 6: replace the index-derived trend factor with a Han, Zhou, Zhu (2016) cross-sectional trend factor. Monthly OLS of next-month returns on 11 normalized MA ratios across the eligible cross-section, strict 12-month trailing-mean smoothing of past betas, per-stock predicted-return signal. Stop-loss and take-profit inherited from improved 4.",2015-12-31,CLX,Consumer Staples,1.9135855767976095,100000.0,0.0358571495655881,0.0,0.0358571495655881
improved_6_hzz_cross_sectional_trend_stop_take_top10,"Improved 6: replace the index-derived trend factor with a Han, Zhou, Zhu (2016) cross-sectional trend factor. Monthly OLS of next-month returns on 11 normalized MA ratios across the eligible cross-section, strict 12-month trailing-mean smoothing of past betas, per-stock predicted-return signal. Stop-loss and take-profit inherited from improved 4.",2015-12-31,CL,Consumer Staples,1.5750129849666379,100000.0,-0.05,0.0,-0.05
improved_6_hzz_cross_sectional_trend_stop_take_top10,"Improved 6: replace the index-derived trend factor with a Han, Zhou, Zhu (2016) cross-sectional trend factor. Monthly OLS of next-month returns on 11 normalized MA ratios across the eligible cross-section, strict 12-month trailing-mean smoothing of past betas, per-stock predicted-return signal. Stop-loss and take-profit inherited from improved 4.",2015-12-31,IDXX,Health Care,1.5027001460062743,100000.0,-0.05,0.0,-0.05
improved_6_hzz_cross_sectional_trend_stop_take_top10,"Improved 6: replace the index-derived trend factor with a Han, Zhou, Zhu (2016) cross-sectional trend factor. Monthly OLS of next-month returns on 11 normalized MA ratios across the eligible cross-section, strict 12-month trailing-mean smoothing of past betas, per-stock predicted-return signal. Stop-loss and take-profit inherited from improved 4.",2015-12-31,MO,Consumer Staples,1.164721912824741,100000.0,0.0620437956173491,0.0,0.0620437956173491
improved_6_hzz_cross_sectional_trend_stop_take_top10,"Improved 6: replace the index-derived trend factor with a Han, Zhou, Zhu (2016) cross-sectional trend factor. Monthly OLS of next-month returns on 11 normalized MA ratios across the eligible cross-section, strict 12-month trailing-mean smoothing of past betas, per-stock predicted-return signal. Stop-loss and take-profit inherited from improved 4.",2015-12-31,VLO,Energy,1.00323529854754,100000.0,-0.05,0.0,-0.05
improved_6_hzz_cross_sectional_trend_stop_take_top10,"Improved 6: replace the index-derived trend factor with a Han, Zhou, Zhu (2016) cross-sectional trend factor. Monthly OLS of next-month returns on 11 normalized MA ratios across the eligible cross-section, strict 12-month trailing-mean smoothing of past betas, per-stock predicted-return signal. Stop-loss and take-profit inherited from improved 4.",2015-12-31,FIX,Industrials,0.9980595012171178,100000.0,-0.05,0.0,-0.05
improved_6_hzz_cross_sectional_trend_stop_take_top10,"Improved 6: replace the index-derived trend factor with a Han, Zhou, Zhu (2016) cross-sectional trend factor. Monthly OLS of next-month returns on 11 normalized MA ratios across the eligible cross-section, strict 12-month trailing-mean smoothing of past betas, per-stock predicted-return signal. Stop-loss and take-profit inherited from improved 4.",2015-12-31,EXPE,Consumer Discretionary,0.9384000214213356,100000.0,-0.05,0.0,-0.05
improved_6_hzz_cross_sectional_trend_stop_take_top10,"Improved 6: replace the index-derived trend factor with a Han, Zhou, Zhu (2016) cross-sectional trend factor. Monthly OLS of next-month returns on 11 normalized MA ratios across the eligible cross-section, strict 12-month trailing-mean smoothing of past betas, per-stock predicted-return signal. Stop-loss and take-profit inherited from improved 4.",2015-12-31,GPN,Financials,0.9189632348429934,100000.0,-0.05,0.0,-0.05
improved_6_hzz_cross_sectional_trend_stop_take_top10,"Improved 6: replace the index-derived trend factor with a Han, Zhou, Zhu (2016) cross-sectional trend factor. Monthly OLS of next-month returns on 11 normalized MA ratios across the eligible cross-section, strict 12-month trailing-mean smoothing of past betas, per-stock predicted-return signal. Stop-loss and take-profit inherited from improved 4.",2015-12-31,FSLR,Information Technology,0.8722682559892607,100000.0,-0.05,0.0,-0.05
improved_6_hzz_cross_sectional_trend_stop_take_top10,"Improved 6: replace the index-derived trend factor with a Han, Zhou, Zhu (2016) cross-sectional trend factor. Monthly OLS of next-month returns on 11 normalized MA ratios across the eligible cross-section, strict 12-month trailing-mean smoothing of past betas, per-stock predicted-return signal. Stop-loss and take-profit inherited from improved 4.",2016-01-31,LII,Industrials,2.2905555358078713,100000.0,-0.05,0.0,-0.05
improved_6_hzz_cross_sectional_trend_stop_take_top10,"Improved 6: replace the index-derived trend factor with a Han, Zhou, Zhu (2016) cross-sectional trend factor. Monthly OLS of next-month returns on 11 normalized MA ratios across the eligible cross-section, strict 12-month trailing-mean smoothing of past betas, per-stock predicted-return signal. Stop-loss and take-profit inherited from improved 4.",2016-01-31,CLX,Consumer Staples,1.982499987996777,100000.0,-0.05,0.0,-0.05
improved_6_hzz_cross_sectional_trend_stop_take_top10,"Improved 6: replace the index-derived trend factor with a Han, Zhou, Zhu (2016) cross-sectional trend factor. Monthly OLS of next-month returns on 11 normalized MA ratios across the eligible cross-section, strict 12-month trailing-mean smoothing of past betas, per-stock predicted-return signal. Stop-loss and take-profit inherited from improved 4.",2016-01-31,CL,Consumer Staples,1.5914406817467244,100000.0,-0.0192738682207701,0.0,-0.0192738682207701
improved_6_hzz_cross_sectional_trend_stop_take_top10,"Improved 6: replace the index-derived trend factor with a Han, Zhou, Zhu (2016) cross-sectional trend factor. Monthly OLS of next-month returns on 11 normalized MA ratios across the eligible cross-section, strict 12-month trailing-mean smoothing of past betas, per-stock predicted-return signal. Stop-loss and take-profit inherited from improved 4.",2016-01-31,IDXX,Health Care,1.3703897758206198,100000.0,0.0473872584108805,0.0,0.0473872584108805
improved_6_hzz_cross_sectional_trend_stop_take_top10,"Improved 6: replace the index-derived trend factor with a Han, Zhou, Zhu (2016) cross-sectional trend factor. Monthly OLS of next-month returns on 11 normalized MA ratios across the eligible cross-section, strict 12-month trailing-mean smoothing of past betas, per-stock predicted-return signal. Stop-loss and take-profit inherited from improved 4.",2016-01-31,MO,Consumer Staples,1.1408520931003945,100000.0,0.013831714146621,0.0,0.013831714146621
improved_6_hzz_cross_sectional_trend_stop_take_top10,"Improved 6: replace the index-derived trend factor with a Han, Zhou, Zhu (2016) cross-sectional trend factor. Monthly OLS of next-month returns on 11 normalized MA ratios across the eligible cross-section, strict 12-month trailing-mean smoothing of past betas, per-stock predicted-return signal. Stop-loss and take-profit inherited from improved 4.",2016-01-31,FIX,Industrials,1.1334263302139072,100000.0,-0.05,0.0,-0.05
improved_6_hzz_cross_sectional_trend_stop_take_top10,"Improved 6: replace the index-derived trend factor with a Han, Zhou, Zhu (2016) cross-sectional trend factor. Monthly OLS of next-month returns on 11 normalized MA ratios across the eligible cross-section, strict 12-month trailing-mean smoothing of past betas, per-stock predicted-return signal. Stop-loss and take-profit inherited from improved 4.",2016-01-31,UPS,Industrials,1.0158583484535122,100000.0,0.0573958823572076,0.0,0.0573958823572076
improved_6_hzz_cross_sectional_trend_stop_take_top10,"Improved 6: replace the index-derived trend factor with a Han, Zhou, Zhu (2016) cross-sectional trend factor. Monthly OLS of next-month returns on 11 normalized MA ratios across the eligible cross-section, strict 12-month trailing-mean smoothing of past betas, per-stock predicted-return signal. Stop-loss and take-profit inherited from improved 4.",2016-01-31,LMT,Industrials,1.0091700955146814,100000.0,0.0390374980161554,0.0,0.0390374980161554
improved_6_hzz_cross_sectional_trend_stop_take_top10,"Improved 6: replace the index-derived trend factor with a Han, Zhou, Zhu (2016) cross-sectional trend factor. Monthly OLS of next-month returns on 11 normalized MA ratios across the eligible cross-section, strict 12-month trailing-mean smoothing of past betas, per-stock predicted-return signal. Stop-loss and take-profit inherited from improved 4.",2016-01-31,KLAC,Information Technology,0.8900912840669203,100000.0,-0.05,0.0,-0.05
improved_6_hzz_cross_sectional_trend_stop_take_top10,"Improved 6: replace the index-derived trend factor with a Han, Zhou, Zhu (2016) cross-sectional trend factor. Monthly OLS of next-month returns on 11 normalized MA ratios across the eligible cross-section, strict 12-month trailing-mean smoothing of past betas, per-stock predicted-return signal. Stop-loss and take-profit inherited from improved 4.",2016-01-31,KMB,Consumer Staples,0.8780788717647392,100000.0,0.0229235358776465,0.0,0.0229235358776465
improved_6_hzz_cross_sectional_trend_stop_take_top10,"Improved 6: replace the index-derived trend factor with a Han, Zhou, Zhu (2016) cross-sectional trend factor. Monthly OLS of next-month returns on 11 normalized MA ratios across the eligible cross-section, strict 12-month trailing-mean smoothing of past betas, per-stock predicted-return signal. Stop-loss and take-profit inherited from improved 4.",2016-02-29,MAS,Industrials,2.1725112404778266,100000.0,0.1058368495085038,0.0,0.1058368495085038
improved_6_hzz_cross_sectional_trend_stop_take_top10,"Improved 6: replace the index-derived trend factor with a Han, Zhou, Zhu (2016) cross-sectional trend factor. Monthly OLS of next-month returns on 11 normalized MA ratios across the eligible cross-section, strict 12-month trailing-mean smoothing of past betas, per-stock predicted-return signal. Stop-loss and take-profit inherited from improved 4.",2016-02-29,LII,Industrials,2.0087779096221703,100000.0,0.0387020192729756,0.0,0.0387020192729756
improved_6_hzz_cross_sectional_trend_stop_take_top10,"Improved 6: replace the index-derived trend factor with a Han, Zhou, Zhu (2016) cross-sectional trend factor. Monthly OLS of next-month returns on 11 normalized MA ratios across the eligible cross-section, strict 12-month trailing-mean smoothing of past betas, per-stock predicted-return signal. Stop-loss and take-profit inherited from improved 4.",2016-02-29,CLX,Consumer Staples,1.9819261964824606,100000.0,-0.0040293908517802,0.0,-0.0040293908517802
improved_6_hzz_cross_sectional_trend_stop_take_top10,"Improved 6: replace the index-derived trend factor with a Han, Zhou, Zhu (2016) cross-sectional trend factor. Monthly OLS of next-month returns on 11 normalized MA ratios across the eligible cross-section, strict 12-month trailing-mean smoothing of past betas, per-stock predicted-return signal. Stop-loss and take-profit inherited from improved 4.",2016-02-29,KMB,Consumer Staples,1.7589379093676045,100000.0,0.0340526595769352,0.0,0.0340526595769352
improved_6_hzz_cross_sectional_trend_stop_take_top10,"Improved 6: replace the index-derived trend factor with a Han, Zhou, Zhu (2016) cross-sectional trend factor. Monthly OLS of next-month returns on 11 normalized MA ratios across the eligible cross-section, strict 12-month trailing-mean smoothing of past betas, per-stock predicted-return signal. Stop-loss and take-profit inherited from improved 4.",2016-02-29,CL,Consumer Staples,1.4004651431202533,100000.0,0.0694822888288653,0.0,0.0694822888288653
improved_6_hzz_cross_sectional_trend_stop_take_top10,"Improved 6: replace the index-derived trend factor with a Han, Zhou, Zhu (2016) cross-sectional trend factor. Monthly OLS of next-month returns on 11 normalized MA ratios across the eligible cross-section, strict 12-month trailing-mean smoothing of past betas, per-stock predicted-return signal. Stop-loss and take-profit inherited from improved 4.",2016-02-29,UPS,Industrials,1.2766437021525248,100000.0,0.0825207841525099,0.0,0.0825207841525099
improved_6_hzz_cross_sectional_trend_stop_take_top10,"Improved 6: replace the index-derived trend factor with a Han, Zhou, Zhu (2016) cross-sectional trend factor. Monthly OLS of next-month returns on 11 normalized MA ratios across the eligible cross-section, strict 12-month trailing-mean smoothing of past betas, per-stock predicted-return signal. Stop-loss and take-profit inherited from improved 4.",2016-02-29,TSN,Consumer Staples,1.12976260668067,100000.0,0.0239631336414518,0.0,0.0239631336414518
improved_6_hzz_cross_sectional_trend_stop_take_top10,"Improved 6: replace the index-derived trend factor with a Han, Zhou, Zhu (2016) cross-sectional trend factor. Monthly OLS of next-month returns on 11 normalized MA ratios across the eligible cross-section, strict 12-month trailing-mean smoothing of past betas, per-stock predicted-return signal. Stop-loss and take-profit inherited from improved 4.",2016-02-29,MO,Consumer Staples,1.0955778592307464,100000.0,0.0177196592942125,0.0,0.0177196592942125
improved_6_hzz_cross_sectional_trend_stop_take_top10,"Improved 6: replace the index-derived trend factor with a Han, Zhou, Zhu (2016) cross-sectional trend factor. Monthly OLS of next-month returns on 11 normalized MA ratios across the eligible cross-section, strict 12-month trailing-mean smoothing of past betas, per-stock predicted-return signal. Stop-loss and take-profit inherited from improved 4.",2016-02-29,HRL,Consumer Staples,1.061297848986336,100000.0,0.0098085006982111,0.0,0.0098085006982111
improved_6_hzz_cross_sectional_trend_stop_take_top10,"Improved 6: replace the index-derived trend factor with a Han, Zhou, Zhu (2016) cross-sectional trend factor. Monthly OLS of next-month returns on 11 normalized MA ratios across the eligible cross-section, strict 12-month trailing-mean smoothing of past betas, per-stock predicted-return signal. Stop-loss and take-profit inherited from improved 4.",2016-02-29,SPGI,Financials,1.0034018594536955,100000.0,0.0937016574578057,0.0,0.0937016574578057
improved_6_hzz_cross_sectional_trend_stop_take_top10,"Improved 6: replace the index-derived trend factor with a Han, Zhou, Zhu (2016) cross-sectional trend factor. Monthly OLS of next-month returns on 11 normalized MA ratios across the eligible cross-section, strict 12-month trailing-mean smoothing of past betas, per-stock predicted-return signal. Stop-loss and take-profit inherited from improved 4.",2016-03-31,MAS,Industrials,2.101253696295679,100000.0,-0.0171673549921868,0.0,-0.0171673549921868
improved_6_hzz_cross_sectional_trend_stop_take_top10,"Improved 6: replace the index-derived trend factor with a Han, Zhou, Zhu (2016) cross-sectional trend factor. Monthly OLS of next-month returns on 11 normalized MA ratios across the eligible cross-section, strict 12-month trailing-mean smoothing of past betas, per-stock predicted-return signal. Stop-loss and take-profit inherited from improved 4.",2016-03-31,KMB,Consumer Staples,2.0087330836863644,100000.0,-0.05,0.0,-0.05
improved_6_hzz_cross_sectional_trend_stop_take_top10,"Improved 6: replace the index-derived trend factor with a Han, Zhou, Zhu (2016) cross-sectional trend factor. Monthly OLS of next-month returns on 11 normalized MA ratios across the eligible cross-section, strict 12-month trailing-mean smoothing of past betas, per-stock predicted-return signal. Stop-loss and take-profit inherited from improved 4.",2016-03-31,CLX,Consumer Staples,1.9846521375947732,100000.0,0.0099580726674795,0.0,0.0099580726674795
improved_6_hzz_cross_sectional_trend_stop_take_top10,"Improved 6: replace the index-derived trend factor with a Han, Zhou, Zhu (2016) cross-sectional trend factor. Monthly OLS of next-month returns on 11 normalized MA ratios across the eligible cross-section, strict 12-month trailing-mean smoothing of past betas, per-stock predicted-return signal. Stop-loss and take-profit inherited from improved 4.",2016-03-31,LII,Industrials,1.8232980529846128,100000.0,0.0010384986274889,0.0,0.0010384986274889
improved_6_hzz_cross_sectional_trend_stop_take_top10,"Improved 6: replace the index-derived trend factor with a Han, Zhou, Zhu (2016) cross-sectional trend factor. Monthly OLS of next-month returns on 11 normalized MA ratios across the eligible cross-section, strict 12-month trailing-mean smoothing of past betas, per-stock predicted-return signal. Stop-loss and take-profit inherited from improved 4.",2016-03-31,CL,Consumer Staples,1.5398081813112463,100000.0,0.0157154762414015,0.0,0.0157154762414015
improved_6_hzz_cross_sectional_trend_stop_take_top10,"Improved 6: replace the index-derived trend factor with a Han, Zhou, Zhu (2016) cross-sectional trend factor. Monthly OLS of next-month returns on 11 normalized MA ratios across the eligible cross-section, strict 12-month trailing-mean smoothing of past betas, per-stock predicted-return signal. Stop-loss and take-profit inherited from improved 4.",2016-03-31,UPS,Industrials,1.404366241668649,100000.0,0.0014296606929087,0.0,0.0014296606929087
improved_6_hzz_cross_sectional_trend_stop_take_top10,"Improved 6: replace the index-derived trend factor with a Han, Zhou, Zhu (2016) cross-sectional trend factor. Monthly OLS of next-month returns on 11 normalized MA ratios across the eligible cross-section, strict 12-month trailing-mean smoothing of past betas, per-stock predicted-return signal. Stop-loss and take-profit inherited from improved 4.",2016-03-31,MO,Consumer Staples,1.1746950279108705,100000.0,0.005773857257741,0.0,0.005773857257741
improved_6_hzz_cross_sectional_trend_stop_take_top10,"Improved 6: replace the index-derived trend factor with a Han, Zhou, Zhu (2016) cross-sectional trend factor. Monthly OLS of next-month returns on 11 normalized MA ratios across the eligible cross-section, strict 12-month trailing-mean smoothing of past betas, per-stock predicted-return signal. Stop-loss and take-profit inherited from improved 4.",2016-03-31,KLAC,Information Technology,1.0943143340246848,100000.0,-0.0384932636797807,0.0,-0.0384932636797807
improved_6_hzz_cross_sectional_trend_stop_take_top10,"Improved 6: replace the index-derived trend factor with a Han, Zhou, Zhu (2016) cross-sectional trend factor. Monthly OLS of next-month returns on 11 normalized MA ratios across the eligible cross-section, strict 12-month trailing-mean smoothing of past betas, per-stock predicted-return signal. Stop-loss and take-profit inherited from improved 4.",2016-03-31,TSN,Consumer Staples,1.032258951220678,100000.0,-0.05,0.0,-0.05
improved_6_hzz_cross_sectional_trend_stop_take_top10,"Improved 6: replace the index-derived trend factor with a Han, Zhou, Zhu (2016) cross-sectional trend factor. Monthly OLS of next-month returns on 11 normalized MA ratios across the eligible cross-section, strict 12-month trailing-mean smoothing of past betas, per-stock predicted-return signal. Stop-loss and take-profit inherited from improved 4.",2016-03-31,HRL,Consumer Staples,0.9725753154891421,100000.0,-0.05,0.0,-0.05
improved_6_hzz_cross_sectional_trend_stop_take_top10,"Improved 6: replace the index-derived trend factor with a Han, Zhou, Zhu (2016) cross-sectional trend factor. Monthly OLS of next-month returns on 11 normalized MA ratios across the eligible cross-section, strict 12-month trailing-mean smoothing of past betas, per-stock predicted-return signal. Stop-loss and take-profit inherited from improved 4.",2016-04-30,KMB,Consumer Staples,1.9876601193747707,100000.0,0.0172966047414293,0.0,0.0172966047414293
improved_6_hzz_cross_sectional_trend_stop_take_top10,"Improved 6: replace the index-derived trend factor with a Han, Zhou, Zhu (2016) cross-sectional trend factor. Monthly OLS of next-month returns on 11 normalized MA ratios across the eligible cross-section, strict 12-month trailing-mean smoothing of past betas, per-stock predicted-return signal. Stop-loss and take-profit inherited from improved 4.",2016-04-30,LII,Industrials,1.9699526106097052,100000.0,0.0165038484305517,0.0,0.0165038484305517
improved_6_hzz_cross_sectional_trend_stop_take_top10,"Improved 6: replace the index-derived trend factor with a Han, Zhou, Zhu (2016) cross-sectional trend factor. Monthly OLS of next-month returns on 11 normalized MA ratios across the eligible cross-section, strict 12-month trailing-mean smoothing of past betas, per-stock predicted-return signal. Stop-loss and take-profit inherited from improved 4.",2016-04-30,CLX,Consumer Staples,1.7749156626265152,100000.0,0.0262674650699918,0.0,0.0262674650699918
improved_6_hzz_cross_sectional_trend_stop_take_top10,"Improved 6: replace the index-derived trend factor with a Han, Zhou, Zhu (2016) cross-sectional trend factor. Monthly OLS of next-month returns on 11 normalized MA ratios across the eligible cross-section, strict 12-month trailing-mean smoothing of past betas, per-stock predicted-return signal. Stop-loss and take-profit inherited from improved 4.",2016-04-30,CL,Consumer Staples,1.5485944798004008,100000.0,-0.0148313977895572,0.0,-0.0148313977895572
improved_6_hzz_cross_sectional_trend_stop_take_top10,"Improved 6: replace the index-derived trend factor with a Han, Zhou, Zhu (2016) cross-sectional trend factor. Monthly OLS of next-month returns on 11 normalized MA ratios across the eligible cross-section, strict 12-month trailing-mean smoothing of past betas, per-stock predicted-return signal. Stop-loss and take-profit inherited from improved 4.",2016-04-30,UPS,Industrials,1.1294105864889032,100000.0,-0.013672980575481,0.0,-0.013672980575481
improved_6_hzz_cross_sectional_trend_stop_take_top10,"Improved 6: replace the index-derived trend factor with a Han, Zhou, Zhu (2016) cross-sectional trend factor. Monthly OLS of next-month returns on 11 normalized MA ratios across the eligible cross-section, strict 12-month trailing-mean smoothing of past betas, per-stock predicted-return signal. Stop-loss and take-profit inherited from improved 4.",2016-04-30,KLAC,Information Technology,1.1218115397988466,100000.0,0.0449524306862658,0.0,0.0449524306862658
improved_6_hzz_cross_sectional_trend_stop_take_top10,"Improved 6: replace the index-derived trend factor with a Han, Zhou, Zhu (2016) cross-sectional trend factor. Monthly OLS of next-month returns on 11 normalized MA ratios across the eligible cross-section, strict 12-month trailing-mean smoothing of past betas, per-stock predicted-return signal. Stop-loss and take-profit inherited from improved 4.",2016-04-30,FIX,Industrials,1.1081152868946462,100000.0,0.080595420217659,0.0,0.080595420217659
improved_6_hzz_cross_sectional_trend_stop_take_top10,"Improved 6: replace the index-derived trend factor with a Han, Zhou, Zhu (2016) cross-sectional trend factor. Monthly OLS of next-month returns on 11 normalized MA ratios across the eligible cross-section, strict 12-month trailing-mean smoothing of past betas, per-stock predicted-return signal. Stop-loss and take-profit inherited from improved 4.",2016-04-30,NVDA,Information Technology,0.9779139196783256,100000.0,0.3,0.0,0.3
improved_6_hzz_cross_sectional_trend_stop_take_top10,"Improved 6: replace the index-derived trend factor with a Han, Zhou, Zhu (2016) cross-sectional trend factor. Monthly OLS of next-month returns on 11 normalized MA ratios across the eligible cross-section, strict 12-month trailing-mean smoothing of past betas, per-stock predicted-return signal. Stop-loss and take-profit inherited from improved 4.",2016-04-30,SPGI,Financials,0.967152528340995,100000.0,-0.05,0.0,-0.05
improved_6_hzz_cross_sectional_trend_stop_take_top10,"Improved 6: replace the index-derived trend factor with a Han, Zhou, Zhu (2016) cross-sectional trend factor. Monthly OLS of next-month returns on 11 normalized MA ratios across the eligible cross-section, strict 12-month trailing-mean smoothing of past betas, per-stock predicted-return signal. Stop-loss and take-profit inherited from improved 4.",2016-04-30,MO,Consumer Staples,0.9392976591688633,100000.0,0.0128919306055335,0.0,0.0128919306055335
improved_6_hzz_cross_sectional_trend_stop_take_top10,"Improved 6: replace the index-derived trend factor with a Han, Zhou, Zhu (2016) cross-sectional trend factor. Monthly OLS of next-month returns on 11 normalized MA ratios across the eligible cross-section, strict 12-month trailing-mean smoothing of past betas, per-stock predicted-return signal. Stop-loss and take-profit inherited from improved 4.",2016-05-31,KMB,Consumer Staples,1.981295685098284,100000.0,0.0912246585897804,0.0,0.0912246585897804
improved_6_hzz_cross_sectional_trend_stop_take_top10,"Improved 6: replace the index-derived trend factor with a Han, Zhou, Zhu (2016) cross-sectional trend factor. Monthly OLS of next-month returns on 11 normalized MA ratios across the eligible cross-section, strict 12-month trailing-mean smoothing of past betas, per-stock predicted-return signal. Stop-loss and take-profit inherited from improved 4.",2016-05-31,CLX,Consumer Staples,1.920160726919518,100000.0,0.075792910447614,0.0,0.075792910447614
improved_6_hzz_cross_sectional_trend_stop_take_top10,"Improved 6: replace the index-derived trend factor with a Han, Zhou, Zhu (2016) cross-sectional trend factor. Monthly OLS of next-month returns on 11 normalized MA ratios across the eligible cross-section, strict 12-month trailing-mean smoothing of past betas, per-stock predicted-return signal. Stop-loss and take-profit inherited from improved 4.",2016-05-31,LII,Industrials,1.7568303834048216,100000.0,0.0453327786490509,0.0,0.0453327786490509
improved_6_hzz_cross_sectional_trend_stop_take_top10,"Improved 6: replace the index-derived trend factor with a Han, Zhou, Zhu (2016) cross-sectional trend factor. Monthly OLS of next-month returns on 11 normalized MA ratios across the eligible cross-section, strict 12-month trailing-mean smoothing of past betas, per-stock predicted-return signal. Stop-loss and take-profit inherited from improved 4.",2016-05-31,CL,Consumer Staples,1.677213277547254,100000.0,0.0397727272725536,0.0,0.0397727272725536
improved_6_hzz_cross_sectional_trend_stop_take_top10,"Improved 6: replace the index-derived trend factor with a Han, Zhou, Zhu (2016) cross-sectional trend factor. Monthly OLS of next-month returns on 11 normalized MA ratios across the eligible cross-section, strict 12-month trailing-mean smoothing of past betas, per-stock predicted-return signal. Stop-loss and take-profit inherited from improved 4.",2016-05-31,MO,Consumer Staples,1.131522429007316,100000.0,0.0923508272389472,0.0,0.0923508272389472
improved_6_hzz_cross_sectional_trend_stop_take_top10,"Improved 6: replace the index-derived trend factor with a Han, Zhou, Zhu (2016) cross-sectional trend factor. Monthly OLS of next-month returns on 11 normalized MA ratios across the eligible cross-section, strict 12-month trailing-mean smoothing of past betas, per-stock predicted-return signal. Stop-loss and take-profit inherited from improved 4.",2016-05-31,MSI,Information Technology,1.0940937283472243,100000.0,-0.05,0.0,-0.05
improved_6_hzz_cross_sectional_trend_stop_take_top10,"Improved 6: replace the index-derived trend factor with a Han, Zhou, Zhu (2016) cross-sectional trend factor. Monthly OLS of next-month returns on 11 normalized MA ratios across the eligible cross-section, strict 12-month trailing-mean smoothing of past betas, per-stock predicted-return signal. Stop-loss and take-profit inherited from improved 4.",2016-05-31,UPS,Industrials,1.0491708049190533,100000.0,0.0450135816830259,0.0,0.0450135816830259
improved_6_hzz_cross_sectional_trend_stop_take_top10,"Improved 6: replace the index-derived trend factor with a Han, Zhou, Zhu (2016) cross-sectional trend factor. Monthly OLS of next-month returns on 11 normalized MA ratios across the eligible cross-section, strict 12-month trailing-mean smoothing of past betas, per-stock predicted-return signal. Stop-loss and take-profit inherited from improved 4.",2016-05-31,TSN,Consumer Staples,1.007770478138147,100000.0,-0.05,0.0,-0.05
improved_6_hzz_cross_sectional_trend_stop_take_top10,"Improved 6: replace the index-derived trend factor with a Han, Zhou, Zhu (2016) cross-sectional trend factor. Monthly OLS of next-month returns on 11 normalized MA ratios across the eligible cross-section, strict 12-month trailing-mean smoothing of past betas, per-stock predicted-return signal. Stop-loss and take-profit inherited from improved 4.",2016-05-31,LMT,Industrials,0.9560455950506763,100000.0,0.0519243811464309,0.0,0.0519243811464309
improved_6_hzz_cross_sectional_trend_stop_take_top10,"Improved 6: replace the index-derived trend factor with a Han, Zhou, Zhu (2016) cross-sectional trend factor. Monthly OLS of next-month returns on 11 normalized MA ratios across the eligible cross-section, strict 12-month trailing-mean smoothing of past betas, per-stock predicted-return signal. Stop-loss and take-profit inherited from improved 4.",2016-05-31,KLAC,Information Technology,0.9424371017809093,100000.0,0.0057668543177302,0.0,0.0057668543177302
improved_6_hzz_cross_sectional_trend_stop_take_top10,"Improved 6: replace the index-derived trend factor with a Han, Zhou, Zhu (2016) cross-sectional trend factor. Monthly OLS of next-month returns on 11 normalized MA ratios across the eligible cross-section, strict 12-month trailing-mean smoothing of past betas, per-stock predicted-return signal. Stop-loss and take-profit inherited from improved 4.",2016-06-30,KMB,Consumer Staples,2.18190665028555,100000.0,-0.05,0.0,-0.05
improved_6_hzz_cross_sectional_trend_stop_take_top10,"Improved 6: replace the index-derived trend factor with a Han, Zhou, Zhu (2016) cross-sectional trend factor. Monthly OLS of next-month returns on 11 normalized MA ratios across the eligible cross-section, strict 12-month trailing-mean smoothing of past betas, per-stock predicted-return signal. Stop-loss and take-profit inherited from improved 4.",2016-06-30,CLX,Consumer Staples,1.8098772690228229,100000.0,-0.05,0.0,-0.05
improved_6_hzz_cross_sectional_trend_stop_take_top10,"Improved 6: replace the index-derived trend factor with a Han, Zhou, Zhu (2016) cross-sectional trend factor. Monthly OLS of next-month returns on 11 normalized MA ratios across the eligible cross-section, strict 12-month trailing-mean smoothing of past betas, per-stock predicted-return signal. Stop-loss and take-profit inherited from improved 4.",2016-06-30,LII,Industrials,1.7369115577088137,100000.0,0.1001192731359164,0.0,0.1001192731359164
improved_6_hzz_cross_sectional_trend_stop_take_top10,"Improved 6: replace the index-derived trend factor with a Han, Zhou, Zhu (2016) cross-sectional trend factor. Monthly OLS of next-month returns on 11 normalized MA ratios across the eligible cross-section, strict 12-month trailing-mean smoothing of past betas, per-stock predicted-return signal. Stop-loss and take-profit inherited from improved 4.",2016-06-30,CL,Consumer Staples,1.730181953768343,100000.0,0.0228521003238026,0.0,0.0228521003238026
improved_6_hzz_cross_sectional_trend_stop_take_top10,"Improved 6: replace the index-derived trend factor with a Han, Zhou, Zhu (2016) cross-sectional trend factor. Monthly OLS of next-month returns on 11 normalized MA ratios across the eligible cross-section, strict 12-month trailing-mean smoothing of past betas, per-stock predicted-return signal. Stop-loss and take-profit inherited from improved 4.",2016-06-30,CHTR,Communication Services,1.709601952111807,100000.0,0.0270683925135559,0.0,0.0270683925135559
improved_6_hzz_cross_sectional_trend_stop_take_top10,"Improved 6: replace the index-derived trend factor with a Han, Zhou, Zhu (2016) cross-sectional trend factor. Monthly OLS of next-month returns on 11 normalized MA ratios across the eligible cross-section, strict 12-month trailing-mean smoothing of past betas, per-stock predicted-return signal. Stop-loss and take-profit inherited from improved 4.",2016-06-30,MSI,Information Technology,1.186065906099968,100000.0,0.0534467051329268,0.0,0.0534467051329268
improved_6_hzz_cross_sectional_trend_stop_take_top10,"Improved 6: replace the index-derived trend factor with a Han, Zhou, Zhu (2016) cross-sectional trend factor. Monthly OLS of next-month returns on 11 normalized MA ratios across the eligible cross-section, strict 12-month trailing-mean smoothing of past betas, per-stock predicted-return signal. Stop-loss and take-profit inherited from improved 4.",2016-06-30,KLAC,Information Technology,1.1428327956090394,100000.0,0.0371232876708931,0.0,0.0371232876708931
improved_6_hzz_cross_sectional_trend_stop_take_top10,"Improved 6: replace the index-derived trend factor with a Han, Zhou, Zhu (2016) cross-sectional trend factor. Monthly OLS of next-month returns on 11 normalized MA ratios across the eligible cross-section, strict 12-month trailing-mean smoothing of past betas, per-stock predicted-return signal. Stop-loss and take-profit inherited from improved 4.",2016-06-30,MO,Consumer Staples,1.1258200283827384,100000.0,-0.022806004618098,0.0,-0.022806004618098
improved_6_hzz_cross_sectional_trend_stop_take_top10,"Improved 6: replace the index-derived trend factor with a Han, Zhou, Zhu (2016) cross-sectional trend factor. Monthly OLS of next-month returns on 11 normalized MA ratios across the eligible cross-section, strict 12-month trailing-mean smoothing of past betas, per-stock predicted-return signal. Stop-loss and take-profit inherited from improved 4.",2016-06-30,UPS,Industrials,1.1187831460431221,100000.0,0.0046468401487722,0.0,0.0046468401487722
improved_6_hzz_cross_sectional_trend_stop_take_top10,"Improved 6: replace the index-derived trend factor with a Han, Zhou, Zhu (2016) cross-sectional trend factor. Monthly OLS of next-month returns on 11 normalized MA ratios across the eligible cross-section, strict 12-month trailing-mean smoothing of past betas, per-stock predicted-return signal. Stop-loss and take-profit inherited from improved 4.",2016-06-30,VZ,Communication Services,0.9566831812155101,100000.0,0.0020852952496077,0.0,0.0020852952496077
improved_6_hzz_cross_sectional_trend_stop_take_top10,"Improved 6: replace the index-derived trend factor with a Han, Zhou, Zhu (2016) cross-sectional trend factor. Monthly OLS of next-month returns on 11 normalized MA ratios across the eligible cross-section, strict 12-month trailing-mean smoothing of past betas, per-stock predicted-return signal. Stop-loss and take-profit inherited from improved 4.",2016-07-31,KMB,Consumer Staples,1.700090646259245,100000.0,-0.0089769385536429,0.0,-0.0089769385536429
improved_6_hzz_cross_sectional_trend_stop_take_top10,"Improved 6: replace the index-derived trend factor with a Han, Zhou, Zhu (2016) cross-sectional trend factor. Monthly OLS of next-month returns on 11 normalized MA ratios across the eligible cross-section, strict 12-month trailing-mean smoothing of past betas, per-stock predicted-return signal. Stop-loss and take-profit inherited from improved 4.",2016-07-31,CHTR,Communication Services,1.5464838261605205,100000.0,0.0920013585802834,0.0,0.0920013585802834
improved_6_hzz_cross_sectional_trend_stop_take_top10,"Improved 6: replace the index-derived trend factor with a Han, Zhou, Zhu (2016) cross-sectional trend factor. Monthly OLS of next-month returns on 11 normalized MA ratios across the eligible cross-section, strict 12-month trailing-mean smoothing of past betas, per-stock predicted-return signal. Stop-loss and take-profit inherited from improved 4.",2016-07-31,LII,Industrials,1.542177637988859,100000.0,0.0276253668494035,0.0,0.0276253668494035
improved_6_hzz_cross_sectional_trend_stop_take_top10,"Improved 6: replace the index-derived trend factor with a Han, Zhou, Zhu (2016) cross-sectional trend factor. Monthly OLS of next-month returns on 11 normalized MA ratios across the eligible cross-section, strict 12-month trailing-mean smoothing of past betas, per-stock predicted-return signal. Stop-loss and take-profit inherited from improved 4.",2016-07-31,CLX,Consumer Staples,1.4855454690972485,100000.0,0.0027548209375289,0.0,0.0027548209375289
improved_6_hzz_cross_sectional_trend_stop_take_top10,"Improved 6: replace the index-derived trend factor with a Han, Zhou, Zhu (2016) cross-sectional trend factor. Monthly OLS of next-month returns on 11 normalized MA ratios across the eligible cross-section, strict 12-month trailing-mean smoothing of past betas, per-stock predicted-return signal. Stop-loss and take-profit inherited from improved 4.",2016-07-31,SPGI,Financials,1.3531785658433935,100000.0,0.0138919840840827,0.0,0.0138919840840827
improved_6_hzz_cross_sectional_trend_stop_take_top10,"Improved 6: replace the index-derived trend factor with a Han, Zhou, Zhu (2016) cross-sectional trend factor. Monthly OLS of next-month returns on 11 normalized MA ratios across the eligible cross-section, strict 12-month trailing-mean smoothing of past betas, per-stock predicted-return signal. Stop-loss and take-profit inherited from improved 4.",2016-07-31,KLAC,Information Technology,1.245305021180351,100000.0,-0.05,0.0,-0.05
improved_6_hzz_cross_sectional_trend_stop_take_top10,"Improved 6: replace the index-derived trend factor with a Han, Zhou, Zhu (2016) cross-sectional trend factor. Monthly OLS of next-month returns on 11 normalized MA ratios across the eligible cross-section, strict 12-month trailing-mean smoothing of past betas, per-stock predicted-return signal. Stop-loss and take-profit inherited from improved 4.",2016-07-31,MSI,Information Technology,1.1779300222059355,100000.0,0.1093659942367317,0.0,0.1093659942367317
improved_6_hzz_cross_sectional_trend_stop_take_top10,"Improved 6: replace the index-derived trend factor with a Han, Zhou, Zhu (2016) cross-sectional trend factor. Monthly OLS of next-month returns on 11 normalized MA ratios across the eligible cross-section, strict 12-month trailing-mean smoothing of past betas, per-stock predicted-return signal. Stop-loss and take-profit inherited from improved 4.",2016-07-31,UPS,Industrials,1.1754715126475697,100000.0,0.0171546445935577,0.0,0.0171546445935577
improved_6_hzz_cross_sectional_trend_stop_take_top10,"Improved 6: replace the index-derived trend factor with a Han, Zhou, Zhu (2016) cross-sectional trend factor. Monthly OLS of next-month returns on 11 normalized MA ratios across the eligible cross-section, strict 12-month trailing-mean smoothing of past betas, per-stock predicted-return signal. Stop-loss and take-profit inherited from improved 4.",2016-07-31,YUM,Consumer Discretionary,1.0921562992906817,100000.0,0.0168142584923123,0.0,0.0168142584923123
improved_6_hzz_cross_sectional_trend_stop_take_top10,"Improved 6: replace the index-derived trend factor with a Han, Zhou, Zhu (2016) cross-sectional trend factor. Monthly OLS of next-month returns on 11 normalized MA ratios across the eligible cross-section, strict 12-month trailing-mean smoothing of past betas, per-stock predicted-return signal. Stop-loss and take-profit inherited from improved 4.",2016-07-31,MO,Consumer Staples,1.029623821489526,100000.0,-0.0232042565763106,0.0,-0.0232042565763106
improved_6_hzz_cross_sectional_trend_stop_take_top10,"Improved 6: replace the index-derived trend factor with a Han, Zhou, Zhu (2016) cross-sectional trend factor. Monthly OLS of next-month returns on 11 normalized MA ratios across the eligible cross-section, strict 12-month trailing-mean smoothing of past betas, per-stock predicted-return signal. Stop-loss and take-profit inherited from improved 4.",2016-08-31,OKE,Energy,1.2950474186379957,100000.0,0.0997218061176703,0.0,0.0997218061176703
improved_6_hzz_cross_sectional_trend_stop_take_top10,"Improved 6: replace the index-derived trend factor with a Han, Zhou, Zhu (2016) cross-sectional trend factor. Monthly OLS of next-month returns on 11 normalized MA ratios across the eligible cross-section, strict 12-month trailing-mean smoothing of past betas, per-stock predicted-return signal. Stop-loss and take-profit inherited from improved 4.",2016-08-31,KMB,Consumer Staples,1.2447857581772952,100000.0,-0.0074744563875861,0.0,-0.0074744563875861
improved_6_hzz_cross_sectional_trend_stop_take_top10,"Improved 6: replace the index-derived trend factor with a Han, Zhou, Zhu (2016) cross-sectional trend factor. Monthly OLS of next-month returns on 11 normalized MA ratios across the eligible cross-section, strict 12-month trailing-mean smoothing of past betas, per-stock predicted-return signal. Stop-loss and take-profit inherited from improved 4.",2016-08-31,SPGI,Financials,1.1346095047534408,100000.0,0.024611398963876,0.0,0.024611398963876
improved_6_hzz_cross_sectional_trend_stop_take_top10,"Improved 6: replace the index-derived trend factor with a Han, Zhou, Zhu (2016) cross-sectional trend factor. Monthly OLS of next-month returns on 11 normalized MA ratios across the eligible cross-section, strict 12-month trailing-mean smoothing of past betas, per-stock predicted-return signal. Stop-loss and take-profit inherited from improved 4.",2016-08-31,LII,Industrials,1.1164253721322286,100000.0,-0.0264106351782814,0.0,-0.0264106351782814
improved_6_hzz_cross_sectional_trend_stop_take_top10,"Improved 6: replace the index-derived trend factor with a Han, Zhou, Zhu (2016) cross-sectional trend factor. Monthly OLS of next-month returns on 11 normalized MA ratios across the eligible cross-section, strict 12-month trailing-mean smoothing of past betas, per-stock predicted-return signal. Stop-loss and take-profit inherited from improved 4.",2016-08-31,CLX,Consumer Staples,1.0928046786302432,100000.0,-0.05,0.0,-0.05
improved_6_hzz_cross_sectional_trend_stop_take_top10,"Improved 6: replace the index-derived trend factor with a Han, Zhou, Zhu (2016) cross-sectional trend factor. Monthly OLS of next-month returns on 11 normalized MA ratios across the eligible cross-section, strict 12-month trailing-mean smoothing of past betas, per-stock predicted-return signal. Stop-loss and take-profit inherited from improved 4.",2016-08-31,YUM,Consumer Discretionary,1.0904209372565428,100000.0,0.002539191873889,0.0,0.002539191873889
improved_6_hzz_cross_sectional_trend_stop_take_top10,"Improved 6: replace the index-derived trend factor with a Han, Zhou, Zhu (2016) cross-sectional trend factor. Monthly OLS of next-month returns on 11 normalized MA ratios across the eligible cross-section, strict 12-month trailing-mean smoothing of past betas, per-stock predicted-return signal. Stop-loss and take-profit inherited from improved 4.",2016-08-31,UPS,Industrials,1.0455529538461321,100000.0,-0.0013697379229017,0.0,-0.0013697379229017
improved_6_hzz_cross_sectional_trend_stop_take_top10,"Improved 6: replace the index-derived trend factor with a Han, Zhou, Zhu (2016) cross-sectional trend factor. Monthly OLS of next-month returns on 11 normalized MA ratios across the eligible cross-section, strict 12-month trailing-mean smoothing of past betas, per-stock predicted-return signal. Stop-loss and take-profit inherited from improved 4.",2016-08-31,KLAC,Information Technology,0.9695746659462856,100000.0,0.0021564117308827,0.0,0.0021564117308827
improved_6_hzz_cross_sectional_trend_stop_take_top10,"Improved 6: replace the index-derived trend factor with a Han, Zhou, Zhu (2016) cross-sectional trend factor. Monthly OLS of next-month returns on 11 normalized MA ratios across the eligible cross-section, strict 12-month trailing-mean smoothing of past betas, per-stock predicted-return signal. Stop-loss and take-profit inherited from improved 4.",2016-08-31,ALB,Materials,0.9607769218951625,100000.0,-0.05,0.0,-0.05
improved_6_hzz_cross_sectional_trend_stop_take_top10,"Improved 6: replace the index-derived trend factor with a Han, Zhou, Zhu (2016) cross-sectional trend factor. Monthly OLS of next-month returns on 11 normalized MA ratios across the eligible cross-section, strict 12-month trailing-mean smoothing of past betas, per-stock predicted-return signal. Stop-loss and take-profit inherited from improved 4.",2016-08-31,MO,Consumer Staples,0.8896030863299305,100000.0,-0.0314530662576947,0.0,-0.0314530662576947
improved_6_hzz_cross_sectional_trend_stop_take_top10,"Improved 6: replace the index-derived trend factor with a Han, Zhou, Zhu (2016) cross-sectional trend factor. Monthly OLS of next-month returns on 11 normalized MA ratios across the eligible cross-section, strict 12-month trailing-mean smoothing of past betas, per-stock predicted-return signal. Stop-loss and take-profit inherited from improved 4.",2016-09-30,SPGI,Financials,1.4483968950466437,100000.0,-0.0333967951772987,0.0,-0.0333967951772987
improved_6_hzz_cross_sectional_trend_stop_take_top10,"Improved 6: replace the index-derived trend factor with a Han, Zhou, Zhu (2016) cross-sectional trend factor. Monthly OLS of next-month returns on 11 normalized MA ratios across the eligible cross-section, strict 12-month trailing-mean smoothing of past betas, per-stock predicted-return signal. Stop-loss and take-profit inherited from improved 4.",2016-09-30,OKE,Energy,1.372430590805584,100000.0,-0.05,0.0,-0.05
improved_6_hzz_cross_sectional_trend_stop_take_top10,"Improved 6: replace the index-derived trend factor with a Han, Zhou, Zhu (2016) cross-sectional trend factor. Monthly OLS of next-month returns on 11 normalized MA ratios across the eligible cross-section, strict 12-month trailing-mean smoothing of past betas, per-stock predicted-return signal. Stop-loss and take-profit inherited from improved 4.",2016-09-30,KMB,Consumer Staples,1.1609890790799664,100000.0,-0.05,0.0,-0.05
improved_6_hzz_cross_sectional_trend_stop_take_top10,"Improved 6: replace the index-derived trend factor with a Han, Zhou, Zhu (2016) cross-sectional trend factor. Monthly OLS of next-month returns on 11 normalized MA ratios across the eligible cross-section, strict 12-month trailing-mean smoothing of past betas, per-stock predicted-return signal. Stop-loss and take-profit inherited from improved 4.",2016-09-30,LII,Industrials,1.0776106374854098,100000.0,-0.05,0.0,-0.05
improved_6_hzz_cross_sectional_trend_stop_take_top10,"Improved 6: replace the index-derived trend factor with a Han, Zhou, Zhu (2016) cross-sectional trend factor. Monthly OLS of next-month returns on 11 normalized MA ratios across the eligible cross-section, strict 12-month trailing-mean smoothing of past betas, per-stock predicted-return signal. Stop-loss and take-profit inherited from improved 4.",2016-09-30,KLAC,Information Technology,1.058082417722886,100000.0,0.0737669764121802,0.0,0.0737669764121802
improved_6_hzz_cross_sectional_trend_stop_take_top10,"Improved 6: replace the index-derived trend factor with a Han, Zhou, Zhu (2016) cross-sectional trend factor. Monthly OLS of next-month returns on 11 normalized MA ratios across the eligible cross-section, strict 12-month trailing-mean smoothing of past betas, per-stock predicted-return signal. Stop-loss and take-profit inherited from improved 4.",2016-09-30,AMAT,Information Technology,1.0225211302038781,100000.0,-0.05,0.0,-0.05
improved_6_hzz_cross_sectional_trend_stop_take_top10,"Improved 6: replace the index-derived trend factor with a Han, Zhou, Zhu (2016) cross-sectional trend factor. Monthly OLS of next-month returns on 11 normalized MA ratios across the eligible cross-section, strict 12-month trailing-mean smoothing of past betas, per-stock predicted-return signal. Stop-loss and take-profit inherited from improved 4.",2016-09-30,CLX,Consumer Staples,1.0117071697444637,100000.0,-0.0309634368878,0.0,-0.0309634368878
improved_6_hzz_cross_sectional_trend_stop_take_top10,"Improved 6: replace the index-derived trend factor with a Han, Zhou, Zhu (2016) cross-sectional trend factor. Monthly OLS of next-month returns on 11 normalized MA ratios across the eligible cross-section, strict 12-month trailing-mean smoothing of past betas, per-stock predicted-return signal. Stop-loss and take-profit inherited from improved 4.",2016-09-30,YUM,Consumer Discretionary,0.9972472888322561,100000.0,-0.05,0.0,-0.05
improved_6_hzz_cross_sectional_trend_stop_take_top10,"Improved 6: replace the index-derived trend factor with a Han, Zhou, Zhu (2016) cross-sectional trend factor. Monthly OLS of next-month returns on 11 normalized MA ratios across the eligible cross-section, strict 12-month trailing-mean smoothing of past betas, per-stock predicted-return signal. Stop-loss and take-profit inherited from improved 4.",2016-09-30,UPS,Industrials,0.9650978187600825,100000.0,-0.0146305779083121,0.0,-0.0146305779083121
improved_6_hzz_cross_sectional_trend_stop_take_top10,"Improved 6: replace the index-derived trend factor with a Han, Zhou, Zhu (2016) cross-sectional trend factor. Monthly OLS of next-month returns on 11 normalized MA ratios across the eligible cross-section, strict 12-month trailing-mean smoothing of past betas, per-stock predicted-return signal. Stop-loss and take-profit inherited from improved 4.",2016-09-30,HPQ,Information Technology,0.881748881295862,100000.0,-0.05,0.0,-0.05
improved_6_hzz_cross_sectional_trend_stop_take_top10,"Improved 6: replace the index-derived trend factor with a Han, Zhou, Zhu (2016) cross-sectional trend factor. Monthly OLS of next-month returns on 11 normalized MA ratios across the eligible cross-section, strict 12-month trailing-mean smoothing of past betas, per-stock predicted-return signal. Stop-loss and take-profit inherited from improved 4.",2016-10-31,OKE,Energy,1.3609779530814798,100000.0,-0.05,0.0,-0.05
improved_6_hzz_cross_sectional_trend_stop_take_top10,"Improved 6: replace the index-derived trend factor with a Han, Zhou, Zhu (2016) cross-sectional trend factor. Monthly OLS of next-month returns on 11 normalized MA ratios across the eligible cross-section, strict 12-month trailing-mean smoothing of past betas, per-stock predicted-return signal. Stop-loss and take-profit inherited from improved 4.",2016-10-31,SPGI,Financials,1.2517428965446333,100000.0,-0.0235920281947841,0.0,-0.0235920281947841
improved_6_hzz_cross_sectional_trend_stop_take_top10,"Improved 6: replace the index-derived trend factor with a Han, Zhou, Zhu (2016) cross-sectional trend factor. Monthly OLS of next-month returns on 11 normalized MA ratios across the eligible cross-section, strict 12-month trailing-mean smoothing of past betas, per-stock predicted-return signal. Stop-loss and take-profit inherited from improved 4.",2016-10-31,KMB,Consumer Staples,1.0061598749371767,100000.0,0.011372583325109,0.0,0.011372583325109
improved_6_hzz_cross_sectional_trend_stop_take_top10,"Improved 6: replace the index-derived trend factor with a Han, Zhou, Zhu (2016) cross-sectional trend factor. Monthly OLS of next-month returns on 11 normalized MA ratios across the eligible cross-section, strict 12-month trailing-mean smoothing of past betas, per-stock predicted-return signal. Stop-loss and take-profit inherited from improved 4.",2016-10-31,UPS,Industrials,0.9762967324630406,100000.0,0.0805618007258466,0.0,0.0805618007258466
improved_6_hzz_cross_sectional_trend_stop_take_top10,"Improved 6: replace the index-derived trend factor with a Han, Zhou, Zhu (2016) cross-sectional trend factor. Monthly OLS of next-month returns on 11 normalized MA ratios across the eligible cross-section, strict 12-month trailing-mean smoothing of past betas, per-stock predicted-return signal. Stop-loss and take-profit inherited from improved 4.",2016-10-31,AMAT,Information Technology,0.8402458576448689,100000.0,0.1096418243913905,0.0,0.1096418243913905
improved_6_hzz_cross_sectional_trend_stop_take_top10,"Improved 6: replace the index-derived trend factor with a Han, Zhou, Zhu (2016) cross-sectional trend factor. Monthly OLS of next-month returns on 11 normalized MA ratios across the eligible cross-section, strict 12-month trailing-mean smoothing of past betas, per-stock predicted-return signal. Stop-loss and take-profit inherited from improved 4.",2016-10-31,CLX,Consumer Staples,0.816717171137018,100000.0,-0.05,0.0,-0.05
improved_6_hzz_cross_sectional_trend_stop_take_top10,"Improved 6: replace the index-derived trend factor with a Han, Zhou, Zhu (2016) cross-sectional trend factor. Monthly OLS of next-month returns on 11 normalized MA ratios across the eligible cross-section, strict 12-month trailing-mean smoothing of past betas, per-stock predicted-return signal. Stop-loss and take-profit inherited from improved 4.",2016-10-31,LII,Industrials,0.7806124400519401,100000.0,0.020524437122799,0.0,0.020524437122799
improved_6_hzz_cross_sectional_trend_stop_take_top10,"Improved 6: replace the index-derived trend factor with a Han, Zhou, Zhu (2016) cross-sectional trend factor. Monthly OLS of next-month returns on 11 normalized MA ratios across the eligible cross-section, strict 12-month trailing-mean smoothing of past betas, per-stock predicted-return signal. Stop-loss and take-profit inherited from improved 4.",2016-10-31,ZBH,Health Care,0.7755494708609632,100000.0,-0.05,0.0,-0.05
improved_6_hzz_cross_sectional_trend_stop_take_top10,"Improved 6: replace the index-derived trend factor with a Han, Zhou, Zhu (2016) cross-sectional trend factor. Monthly OLS of next-month returns on 11 normalized MA ratios across the eligible cross-section, strict 12-month trailing-mean smoothing of past betas, per-stock predicted-return signal. Stop-loss and take-profit inherited from improved 4.",2016-10-31,TPL,Energy,0.7739736968555732,100000.0,-0.05,0.0,-0.05
improved_6_hzz_cross_sectional_trend_stop_take_top10,"Improved 6: replace the index-derived trend factor with a Han, Zhou, Zhu (2016) cross-sectional trend factor. Monthly OLS of next-month returns on 11 normalized MA ratios across the eligible cross-section, strict 12-month trailing-mean smoothing of past betas, per-stock predicted-return signal. Stop-loss and take-profit inherited from improved 4.",2016-10-31,GEN,Information Technology,0.7452872391550274,100000.0,-0.05,0.0,-0.05
improved_6_hzz_cross_sectional_trend_stop_take_top10,"Improved 6: replace the index-derived trend factor with a Han, Zhou, Zhu (2016) cross-sectional trend factor. Monthly OLS of next-month returns on 11 normalized MA ratios across the eligible cross-section, strict 12-month trailing-mean smoothing of past betas, per-stock predicted-return signal. Stop-loss and take-profit inherited from improved 4.",2016-11-30,OKE,Energy,1.2181152038631102,100000.0,0.0271962784050301,0.0,0.0271962784050301
improved_6_hzz_cross_sectional_trend_stop_take_top10,"Improved 6: replace the index-derived trend factor with a Han, Zhou, Zhu (2016) cross-sectional trend factor. Monthly OLS of next-month returns on 11 normalized MA ratios across the eligible cross-section, strict 12-month trailing-mean smoothing of past betas, per-stock predicted-return signal. Stop-loss and take-profit inherited from improved 4.",2016-11-30,SPGI,Financials,1.109460794809358,100000.0,-0.05,0.0,-0.05
improved_6_hzz_cross_sectional_trend_stop_take_top10,"Improved 6: replace the index-derived trend factor with a Han, Zhou, Zhu (2016) cross-sectional trend factor. Monthly OLS of next-month returns on 11 normalized MA ratios across the eligible cross-section, strict 12-month trailing-mean smoothing of past betas, per-stock predicted-return signal. Stop-loss and take-profit inherited from improved 4.",2016-11-30,DECK,Consumer Discretionary,0.9926093804817514,100000.0,-0.05,0.0,-0.05
improved_6_hzz_cross_sectional_trend_stop_take_top10,"Improved 6: replace the index-derived trend factor with a Han, Zhou, Zhu (2016) cross-sectional trend factor. Monthly OLS of next-month returns on 11 normalized MA ratios across the eligible cross-section, strict 12-month trailing-mean smoothing of past betas, per-stock predicted-return signal. Stop-loss and take-profit inherited from improved 4.",2016-11-30,HPQ,Information Technology,0.9820990090135955,100000.0,-0.0122507583681407,0.0,-0.0122507583681407
improved_6_hzz_cross_sectional_trend_stop_take_top10,"Improved 6: replace the index-derived trend factor with a Han, Zhou, Zhu (2016) cross-sectional trend factor. Monthly OLS of next-month returns on 11 normalized MA ratios across the eligible cross-section, strict 12-month trailing-mean smoothing of past betas, per-stock predicted-return signal. Stop-loss and take-profit inherited from improved 4.",2016-11-30,UPS,Industrials,0.9150610878323764,100000.0,-0.0120648052396415,0.0,-0.0120648052396415
improved_6_hzz_cross_sectional_trend_stop_take_top10,"Improved 6: replace the index-derived trend factor with a Han, Zhou, Zhu (2016) cross-sectional trend factor. Monthly OLS of next-month returns on 11 normalized MA ratios across the eligible cross-section, strict 12-month trailing-mean smoothing of past betas, per-stock predicted-return signal. Stop-loss and take-profit inherited from improved 4.",2016-11-30,IBM,Information Technology,0.8825386591384636,100000.0,0.0249459709790993,0.0,0.0249459709790993
improved_6_hzz_cross_sectional_trend_stop_take_top10,"Improved 6: replace the index-derived trend factor with a Han, Zhou, Zhu (2016) cross-sectional trend factor. Monthly OLS of next-month returns on 11 normalized MA ratios across the eligible cross-section, strict 12-month trailing-mean smoothing of past betas, per-stock predicted-return signal. Stop-loss and take-profit inherited from improved 4.",2016-11-30,NVDA,Information Technology,0.8743052324268009,100000.0,-0.05,0.0,-0.05
improved_6_hzz_cross_sectional_trend_stop_take_top10,"Improved 6: replace the index-derived trend factor with a Han, Zhou, Zhu (2016) cross-sectional trend factor. Monthly OLS of next-month returns on 11 normalized MA ratios across the eligible cross-section, strict 12-month trailing-mean smoothing of past betas, per-stock predicted-return signal. Stop-loss and take-profit inherited from improved 4.",2016-11-30,LII,Industrials,0.8635112988055812,100000.0,0.0345193492012469,0.0,0.0345193492012469
improved_6_hzz_cross_sectional_trend_stop_take_top10,"Improved 6: replace the index-derived trend factor with a Han, Zhou, Zhu (2016) cross-sectional trend factor. Monthly OLS of next-month returns on 11 normalized MA ratios across the eligible cross-section, strict 12-month trailing-mean smoothing of past betas, per-stock predicted-return signal. Stop-loss and take-profit inherited from improved 4.",2016-11-30,LMT,Industrials,0.8501318389558873,100000.0,-0.05,0.0,-0.05
improved_6_hzz_cross_sectional_trend_stop_take_top10,"Improved 6: replace the index-derived trend factor with a Han, Zhou, Zhu (2016) cross-sectional trend factor. Monthly OLS of next-month returns on 11 normalized MA ratios across the eligible cross-section, strict 12-month trailing-mean smoothing of past betas, per-stock predicted-return signal. Stop-loss and take-profit inherited from improved 4.",2016-11-30,HSY,Consumer Staples,0.8371324828905928,100000.0,0.0718134715026677,0.0,0.0718134715026677
improved_6_hzz_cross_sectional_trend_stop_take_top10,"Improved 6: replace the index-derived trend factor with a Han, Zhou, Zhu (2016) cross-sectional trend factor. Monthly OLS of next-month returns on 11 normalized MA ratios across the eligible cross-section, strict 12-month trailing-mean smoothing of past betas, per-stock predicted-return signal. Stop-loss and take-profit inherited from improved 4.",2016-12-31,OKE,Energy,1.5131359010635608,100000.0,-0.05,0.0,-0.05
improved_6_hzz_cross_sectional_trend_stop_take_top10,"Improved 6: replace the index-derived trend factor with a Han, Zhou, Zhu (2016) cross-sectional trend factor. Monthly OLS of next-month returns on 11 normalized MA ratios across the eligible cross-section, strict 12-month trailing-mean smoothing of past betas, per-stock predicted-return signal. Stop-loss and take-profit inherited from improved 4.",2016-12-31,LII,Industrials,1.0696902040638228,100000.0,0.0152800258982896,0.0,0.0152800258982896
improved_6_hzz_cross_sectional_trend_stop_take_top10,"Improved 6: replace the index-derived trend factor with a Han, Zhou, Zhu (2016) cross-sectional trend factor. Monthly OLS of next-month returns on 11 normalized MA ratios across the eligible cross-section, strict 12-month trailing-mean smoothing of past betas, per-stock predicted-return signal. Stop-loss and take-profit inherited from improved 4.",2016-12-31,SPGI,Financials,1.0152317288100905,100000.0,0.1085693201734367,0.0,0.1085693201734367
improved_6_hzz_cross_sectional_trend_stop_take_top10,"Improved 6: replace the index-derived trend factor with a Han, Zhou, Zhu (2016) cross-sectional trend factor. Monthly OLS of next-month returns on 11 normalized MA ratios across the eligible cross-section, strict 12-month trailing-mean smoothing of past betas, per-stock predicted-return signal. Stop-loss and take-profit inherited from improved 4.",2016-12-31,KMB,Consumer Staples,0.8824341815382172,100000.0,0.0610546601263353,0.0,0.0610546601263353
improved_6_hzz_cross_sectional_trend_stop_take_top10,"Improved 6: replace the index-derived trend factor with a Han, Zhou, Zhu (2016) cross-sectional trend factor. Monthly OLS of next-month returns on 11 normalized MA ratios across the eligible cross-section, strict 12-month trailing-mean smoothing of past betas, per-stock predicted-return signal. Stop-loss and take-profit inherited from improved 4.",2016-12-31,UPS,Industrials,0.8639484633544321,100000.0,-0.05,0.0,-0.05
improved_6_hzz_cross_sectional_trend_stop_take_top10,"Improved 6: replace the index-derived trend factor with a Han, Zhou, Zhu (2016) cross-sectional trend factor. Monthly OLS of next-month returns on 11 normalized MA ratios across the eligible cross-section, strict 12-month trailing-mean smoothing of past betas, per-stock predicted-return signal. Stop-loss and take-profit inherited from improved 4.",2016-12-31,CLX,Consumer Staples,0.8044934098535113,100000.0,0.0018527695931003,0.0,0.0018527695931003
improved_6_hzz_cross_sectional_trend_stop_take_top10,"Improved 6: replace the index-derived trend factor with a Han, Zhou, Zhu (2016) cross-sectional trend factor. Monthly OLS of next-month returns on 11 normalized MA ratios across the eligible cross-section, strict 12-month trailing-mean smoothing of past betas, per-stock predicted-return signal. Stop-loss and take-profit inherited from improved 4.",2016-12-31,APO,Financials,0.8007242868488207,100000.0,0.094845360820962,0.0,0.094845360820962
improved_6_hzz_cross_sectional_trend_stop_take_top10,"Improved 6: replace the index-derived trend factor with a Han, Zhou, Zhu (2016) cross-sectional trend factor. Monthly OLS of next-month returns on 11 normalized MA ratios across the eligible cross-section, strict 12-month trailing-mean smoothing of past betas, per-stock predicted-return signal. Stop-loss and take-profit inherited from improved 4.",2016-12-31,IBM,Information Technology,0.7816136791941883,100000.0,0.0450299401198543,0.0,0.0450299401198543
improved_6_hzz_cross_sectional_trend_stop_take_top10,"Improved 6: replace the index-derived trend factor with a Han, Zhou, Zhu (2016) cross-sectional trend factor. Monthly OLS of next-month returns on 11 normalized MA ratios across the eligible cross-section, strict 12-month trailing-mean smoothing of past betas, per-stock predicted-return signal. Stop-loss and take-profit inherited from improved 4.",2016-12-31,NDSN,Industrials,0.7561322586274832,100000.0,8.809020489386477e-05,0.0,8.809020489386477e-05
improved_6_hzz_cross_sectional_trend_stop_take_top10,"Improved 6: replace the index-derived trend factor with a Han, Zhou, Zhu (2016) cross-sectional trend factor. Monthly OLS of next-month returns on 11 normalized MA ratios across the eligible cross-section, strict 12-month trailing-mean smoothing of past betas, per-stock predicted-return signal. Stop-loss and take-profit inherited from improved 4.",2016-12-31,GEN,Information Technology,0.7274119289422243,100000.0,0.1507936507908234,0.0,0.1507936507908234
improved_6_hzz_cross_sectional_trend_stop_take_top10,"Improved 6: replace the index-derived trend factor with a Han, Zhou, Zhu (2016) cross-sectional trend factor. Monthly OLS of next-month returns on 11 normalized MA ratios across the eligible cross-section, strict 12-month trailing-mean smoothing of past betas, per-stock predicted-return signal. Stop-loss and take-profit inherited from improved 4.",2017-01-31,UPS,Industrials,1.5176269217736467,100000.0,-0.011237610129957,0.0,-0.011237610129957
improved_6_hzz_cross_sectional_trend_stop_take_top10,"Improved 6: replace the index-derived trend factor with a Han, Zhou, Zhu (2016) cross-sectional trend factor. Monthly OLS of next-month returns on 11 normalized MA ratios across the eligible cross-section, strict 12-month trailing-mean smoothing of past betas, per-stock predicted-return signal. Stop-loss and take-profit inherited from improved 4.",2017-01-31,URI,Industrials,1.2894746342574013,100000.0,-0.05,0.0,-0.05
improved_6_hzz_cross_sectional_trend_stop_take_top10,"Improved 6: replace the index-derived trend factor with a Han, Zhou, Zhu (2016) cross-sectional trend factor. Monthly OLS of next-month returns on 11 normalized MA ratios across the eligible cross-section, strict 12-month trailing-mean smoothing of past betas, per-stock predicted-return signal. Stop-loss and take-profit inherited from improved 4.",2017-01-31,SPGI,Financials,1.2558828248346832,100000.0,0.0762898243391543,0.0,0.0762898243391543
improved_6_hzz_cross_sectional_trend_stop_take_top10,"Improved 6: replace the index-derived trend factor with a Han, Zhou, Zhu (2016) cross-sectional trend factor. Monthly OLS of next-month returns on 11 normalized MA ratios across the eligible cross-section, strict 12-month trailing-mean smoothing of past betas, per-stock predicted-return signal. Stop-loss and take-profit inherited from improved 4.",2017-01-31,OKE,Energy,0.9811533568258589,100000.0,-0.05,0.0,-0.05
improved_6_hzz_cross_sectional_trend_stop_take_top10,"Improved 6: replace the index-derived trend factor with a Han, Zhou, Zhu (2016) cross-sectional trend factor. Monthly OLS of next-month returns on 11 normalized MA ratios across the eligible cross-section, strict 12-month trailing-mean smoothing of past betas, per-stock predicted-return signal. Stop-loss and take-profit inherited from improved 4.",2017-01-31,TPL,Energy,0.9499866300438022,100000.0,-0.05,0.0,-0.05
improved_6_hzz_cross_sectional_trend_stop_take_top10,"Improved 6: replace the index-derived trend factor with a Han, Zhou, Zhu (2016) cross-sectional trend factor. Monthly OLS of next-month returns on 11 normalized MA ratios across the eligible cross-section, strict 12-month trailing-mean smoothing of past betas, per-stock predicted-return signal. Stop-loss and take-profit inherited from improved 4.",2017-01-31,CLX,Consumer Staples,0.8371664748684596,100000.0,0.1435138749584092,0.0,0.1435138749584092
improved_6_hzz_cross_sectional_trend_stop_take_top10,"Improved 6: replace the index-derived trend factor with a Han, Zhou, Zhu (2016) cross-sectional trend factor. Monthly OLS of next-month returns on 11 normalized MA ratios across the eligible cross-section, strict 12-month trailing-mean smoothing of past betas, per-stock predicted-return signal. Stop-loss and take-profit inherited from improved 4.",2017-01-31,STLD,Materials,0.8055147341789517,100000.0,0.069237510954246,0.0,0.069237510954246
improved_6_hzz_cross_sectional_trend_stop_take_top10,"Improved 6: replace the index-derived trend factor with a Han, Zhou, Zhu (2016) cross-sectional trend factor. Monthly OLS of next-month returns on 11 normalized MA ratios across the eligible cross-section, strict 12-month trailing-mean smoothing of past betas, per-stock predicted-return signal. Stop-loss and take-profit inherited from improved 4.",2017-01-31,LII,Industrials,0.8025663415024429,100000.0,0.0433515020918695,0.0,0.0433515020918695
improved_6_hzz_cross_sectional_trend_stop_take_top10,"Improved 6: replace the index-derived trend factor with a Han, Zhou, Zhu (2016) cross-sectional trend factor. Monthly OLS of next-month returns on 11 normalized MA ratios across the eligible cross-section, strict 12-month trailing-mean smoothing of past betas, per-stock predicted-return signal. Stop-loss and take-profit inherited from improved 4.",2017-01-31,QCOM,Information Technology,0.7782151148245158,100000.0,0.06278270646991,0.0,0.06278270646991
improved_6_hzz_cross_sectional_trend_stop_take_top10,"Improved 6: replace the index-derived trend factor with a Han, Zhou, Zhu (2016) cross-sectional trend factor. Monthly OLS of next-month returns on 11 normalized MA ratios across the eligible cross-section, strict 12-month trailing-mean smoothing of past betas, per-stock predicted-return signal. Stop-loss and take-profit inherited from improved 4.",2017-01-31,LMT,Industrials,0.7564908492693226,100000.0,0.0699725559792703,0.0,0.0699725559792703
improved_6_hzz_cross_sectional_trend_stop_take_top10,"Improved 6: replace the index-derived trend factor with a Han, Zhou, Zhu (2016) cross-sectional trend factor. Monthly OLS of next-month returns on 11 normalized MA ratios across the eligible cross-section, strict 12-month trailing-mean smoothing of past betas, per-stock predicted-return signal. Stop-loss and take-profit inherited from improved 4.",2017-02-28,SPGI,Financials,1.5884980981180208,100000.0,-0.0027459954238073,0.0,-0.0027459954238073
improved_6_hzz_cross_sectional_trend_stop_take_top10,"Improved 6: replace the index-derived trend factor with a Han, Zhou, Zhu (2016) cross-sectional trend factor. Monthly OLS of next-month returns on 11 normalized MA ratios across the eligible cross-section, strict 12-month trailing-mean smoothing of past betas, per-stock predicted-return signal. Stop-loss and take-profit inherited from improved 4.",2017-02-28,LII,Industrials,1.251876682907059,100000.0,0.0087595887073155,0.0,0.0087595887073155
improved_6_hzz_cross_sectional_trend_stop_take_top10,"Improved 6: replace the index-derived trend factor with a Han, Zhou, Zhu (2016) cross-sectional trend factor. Monthly OLS of next-month returns on 11 normalized MA ratios across the eligible cross-section, strict 12-month trailing-mean smoothing of past betas, per-stock predicted-return signal. Stop-loss and take-profit inherited from improved 4.",2017-02-28,BA,Industrials,1.2496399229966864,100000.0,-0.0274401979654402,0.0,-0.0274401979654402
improved_6_hzz_cross_sectional_trend_stop_take_top10,"Improved 6: replace the index-derived trend factor with a Han, Zhou, Zhu (2016) cross-sectional trend factor. Monthly OLS of next-month returns on 11 normalized MA ratios across the eligible cross-section, strict 12-month trailing-mean smoothing of past betas, per-stock predicted-return signal. Stop-loss and take-profit inherited from improved 4.",2017-02-28,OKE,Energy,1.1058310929368653,100000.0,0.0185559434147335,0.0,0.0185559434147335
improved_6_hzz_cross_sectional_trend_stop_take_top10,"Improved 6: replace the index-derived trend factor with a Han, Zhou, Zhu (2016) cross-sectional trend factor. Monthly OLS of next-month returns on 11 normalized MA ratios across the eligible cross-section, strict 12-month trailing-mean smoothing of past betas, per-stock predicted-return signal. Stop-loss and take-profit inherited from improved 4.",2017-02-28,MO,Consumer Staples,1.065623394467385,100000.0,-0.0397987249142013,0.0,-0.0397987249142013
improved_6_hzz_cross_sectional_trend_stop_take_top10,"Improved 6: replace the index-derived trend factor with a Han, Zhou, Zhu (2016) cross-sectional trend factor. Monthly OLS of next-month returns on 11 normalized MA ratios across the eligible cross-section, strict 12-month trailing-mean smoothing of past betas, per-stock predicted-return signal. Stop-loss and take-profit inherited from improved 4.",2017-02-28,GEN,Information Technology,0.9873313617531252,100000.0,0.0671304347808936,0.0,0.0671304347808936
improved_6_hzz_cross_sectional_trend_stop_take_top10,"Improved 6: replace the index-derived trend factor with a Han, Zhou, Zhu (2016) cross-sectional trend factor. Monthly OLS of next-month returns on 11 normalized MA ratios across the eligible cross-section, strict 12-month trailing-mean smoothing of past betas, per-stock predicted-return signal. Stop-loss and take-profit inherited from improved 4.",2017-02-28,URI,Industrials,0.9508319558866456,100000.0,-0.05,0.0,-0.05
improved_6_hzz_cross_sectional_trend_stop_take_top10,"Improved 6: replace the index-derived trend factor with a Han, Zhou, Zhu (2016) cross-sectional trend factor. Monthly OLS of next-month returns on 11 normalized MA ratios across the eligible cross-section, strict 12-month trailing-mean smoothing of past betas, per-stock predicted-return signal. Stop-loss and take-profit inherited from improved 4.",2017-02-28,PKG,Materials,0.9266018393297151,100000.0,-0.0118129462784254,0.0,-0.0118129462784254
improved_6_hzz_cross_sectional_trend_stop_take_top10,"Improved 6: replace the index-derived trend factor with a Han, Zhou, Zhu (2016) cross-sectional trend factor. Monthly OLS of next-month returns on 11 normalized MA ratios across the eligible cross-section, strict 12-month trailing-mean smoothing of past betas, per-stock predicted-return signal. Stop-loss and take-profit inherited from improved 4.",2017-02-28,LMT,Industrials,0.9211760812081831,100000.0,-0.0055371808689895,0.0,-0.0055371808689895
improved_6_hzz_cross_sectional_trend_stop_take_top10,"Improved 6: replace the index-derived trend factor with a Han, Zhou, Zhu (2016) cross-sectional trend factor. Monthly OLS of next-month returns on 11 normalized MA ratios across the eligible cross-section, strict 12-month trailing-mean smoothing of past betas, per-stock predicted-return signal. Stop-loss and take-profit inherited from improved 4.",2017-02-28,TPL,Energy,0.9118402901986398,100000.0,-0.05,0.0,-0.05
improved_6_hzz_cross_sectional_trend_stop_take_top10,"Improved 6: replace the index-derived trend factor with a Han, Zhou, Zhu (2016) cross-sectional trend factor. Monthly OLS of next-month returns on 11 normalized MA ratios across the eligible cross-section, strict 12-month trailing-mean smoothing of past betas, per-stock predicted-return signal. Stop-loss and take-profit inherited from improved 4.",2017-03-31,LII,Industrials,1.5513497521058288,100000.0,-0.0155357142860024,0.0,-0.0155357142860024
improved_6_hzz_cross_sectional_trend_stop_take_top10,"Improved 6: replace the index-derived trend factor with a Han, Zhou, Zhu (2016) cross-sectional trend factor. Monthly OLS of next-month returns on 11 normalized MA ratios across the eligible cross-section, strict 12-month trailing-mean smoothing of past betas, per-stock predicted-return signal. Stop-loss and take-profit inherited from improved 4.",2017-03-31,SPGI,Financials,1.5371308041421017,100000.0,0.0284334763942673,0.0,0.0284334763942673
improved_6_hzz_cross_sectional_trend_stop_take_top10,"Improved 6: replace the index-derived trend factor with a Han, Zhou, Zhu (2016) cross-sectional trend factor. Monthly OLS of next-month returns on 11 normalized MA ratios across the eligible cross-section, strict 12-month trailing-mean smoothing of past betas, per-stock predicted-return signal. Stop-loss and take-profit inherited from improved 4.",2017-03-31,BA,Industrials,1.4944615963269279,100000.0,0.0437655297040893,0.0,0.0437655297040893
improved_6_hzz_cross_sectional_trend_stop_take_top10,"Improved 6: replace the index-derived trend factor with a Han, Zhou, Zhu (2016) cross-sectional trend factor. Monthly OLS of next-month returns on 11 normalized MA ratios across the eligible cross-section, strict 12-month trailing-mean smoothing of past betas, per-stock predicted-return signal. Stop-loss and take-profit inherited from improved 4.",2017-03-31,KMB,Consumer Staples,1.3761377045113714,100000.0,-0.0173432293243954,0.0,-0.0173432293243954
improved_6_hzz_cross_sectional_trend_stop_take_top10,"Improved 6: replace the index-derived trend factor with a Han, Zhou, Zhu (2016) cross-sectional trend factor. Monthly OLS of next-month returns on 11 normalized MA ratios across the eligible cross-section, strict 12-month trailing-mean smoothing of past betas, per-stock predicted-return signal. Stop-loss and take-profit inherited from improved 4.",2017-03-31,MO,Consumer Staples,1.3052827151554656,100000.0,0.0025139664804305,0.0,0.0025139664804305
improved_6_hzz_cross_sectional_trend_stop_take_top10,"Improved 6: replace the index-derived trend factor with a Han, Zhou, Zhu (2016) cross-sectional trend factor. Monthly OLS of next-month returns on 11 normalized MA ratios across the eligible cross-section, strict 12-month trailing-mean smoothing of past betas, per-stock predicted-return signal. Stop-loss and take-profit inherited from improved 4.",2017-03-31,OKE,Energy,1.2531988104866771,100000.0,-0.0419377251795933,0.0,-0.0419377251795933
improved_6_hzz_cross_sectional_trend_stop_take_top10,"Improved 6: replace the index-derived trend factor with a Han, Zhou, Zhu (2016) cross-sectional trend factor. Monthly OLS of next-month returns on 11 normalized MA ratios across the eligible cross-section, strict 12-month trailing-mean smoothing of past betas, per-stock predicted-return signal. Stop-loss and take-profit inherited from improved 4.",2017-03-31,MCD,Consumer Discretionary,1.2214090428876327,100000.0,0.0805405405407164,0.0,0.0805405405407164
improved_6_hzz_cross_sectional_trend_stop_take_top10,"Improved 6: replace the index-derived trend factor with a Han, Zhou, Zhu (2016) cross-sectional trend factor. Monthly OLS of next-month returns on 11 normalized MA ratios across the eligible cross-section, strict 12-month trailing-mean smoothing of past betas, per-stock predicted-return signal. Stop-loss and take-profit inherited from improved 4.",2017-03-31,MS,Financials,1.1243489464421417,100000.0,-0.05,0.0,-0.05
improved_6_hzz_cross_sectional_trend_stop_take_top10,"Improved 6: replace the index-derived trend factor with a Han, Zhou, Zhu (2016) cross-sectional trend factor. Monthly OLS of next-month returns on 11 normalized MA ratios across the eligible cross-section, strict 12-month trailing-mean smoothing of past betas, per-stock predicted-return signal. Stop-loss and take-profit inherited from improved 4.",2017-03-31,LMT,Industrials,1.1180709835708473,100000.0,0.006913303438172,0.0,0.006913303438172
improved_6_hzz_cross_sectional_trend_stop_take_top10,"Improved 6: replace the index-derived trend factor with a Han, Zhou, Zhu (2016) cross-sectional trend factor. Monthly OLS of next-month returns on 11 normalized MA ratios across the eligible cross-section, strict 12-month trailing-mean smoothing of past betas, per-stock predicted-return signal. Stop-loss and take-profit inherited from improved 4.",2017-03-31,BAC,Financials,0.8767835866129018,100000.0,-0.05,0.0,-0.05
improved_6_hzz_cross_sectional_trend_stop_take_top10,"Improved 6: replace the index-derived trend factor with a Han, Zhou, Zhu (2016) cross-sectional trend factor. Monthly OLS of next-month returns on 11 normalized MA ratios across the eligible cross-section, strict 12-month trailing-mean smoothing of past betas, per-stock predicted-return signal. Stop-loss and take-profit inherited from improved 4.",2017-04-30,LII,Industrials,1.8281852451528278,100000.0,0.0648788407193159,0.0,0.0648788407193159
improved_6_hzz_cross_sectional_trend_stop_take_top10,"Improved 6: replace the index-derived trend factor with a Han, Zhou, Zhu (2016) cross-sectional trend factor. Monthly OLS of next-month returns on 11 normalized MA ratios across the eligible cross-section, strict 12-month trailing-mean smoothing of past betas, per-stock predicted-return signal. Stop-loss and take-profit inherited from improved 4.",2017-04-30,MCD,Consumer Discretionary,1.660685623574104,100000.0,0.0788645788642667,0.0,0.0788645788642667
improved_6_hzz_cross_sectional_trend_stop_take_top10,"Improved 6: replace the index-derived trend factor with a Han, Zhou, Zhu (2016) cross-sectional trend factor. Monthly OLS of next-month returns on 11 normalized MA ratios across the eligible cross-section, strict 12-month trailing-mean smoothing of past betas, per-stock predicted-return signal. Stop-loss and take-profit inherited from improved 4.",2017-04-30,BA,Industrials,1.6484488137967377,100000.0,0.0263501933675343,0.0,0.0263501933675343
improved_6_hzz_cross_sectional_trend_stop_take_top10,"Improved 6: replace the index-derived trend factor with a Han, Zhou, Zhu (2016) cross-sectional trend factor. Monthly OLS of next-month returns on 11 normalized MA ratios across the eligible cross-section, strict 12-month trailing-mean smoothing of past betas, per-stock predicted-return signal. Stop-loss and take-profit inherited from improved 4.",2017-04-30,KMB,Consumer Staples,1.4987998287821072,100000.0,0.0029377657518137,0.0,0.0029377657518137
improved_6_hzz_cross_sectional_trend_stop_take_top10,"Improved 6: replace the index-derived trend factor with a Han, Zhou, Zhu (2016) cross-sectional trend factor. Monthly OLS of next-month returns on 11 normalized MA ratios across the eligible cross-section, strict 12-month trailing-mean smoothing of past betas, per-stock predicted-return signal. Stop-loss and take-profit inherited from improved 4.",2017-04-30,SPGI,Financials,1.3412600158161028,100000.0,0.0640346053746028,0.0,0.0640346053746028
improved_6_hzz_cross_sectional_trend_stop_take_top10,"Improved 6: replace the index-derived trend factor with a Han, Zhou, Zhu (2016) cross-sectional trend factor. Monthly OLS of next-month returns on 11 normalized MA ratios across the eligible cross-section, strict 12-month trailing-mean smoothing of past betas, per-stock predicted-return signal. Stop-loss and take-profit inherited from improved 4.",2017-04-30,OKE,Energy,1.236485800951927,100000.0,-0.05,0.0,-0.05
improved_6_hzz_cross_sectional_trend_stop_take_top10,"Improved 6: replace the index-derived trend factor with a Han, Zhou, Zhu (2016) cross-sectional trend factor. Monthly OLS of next-month returns on 11 normalized MA ratios across the eligible cross-section, strict 12-month trailing-mean smoothing of past betas, per-stock predicted-return signal. Stop-loss and take-profit inherited from improved 4.",2017-04-30,MU,Information Technology,1.1205380984327886,100000.0,0.1048473967673273,0.0,0.1048473967673273
improved_6_hzz_cross_sectional_trend_stop_take_top10,"Improved 6: replace the index-derived trend factor with a Han, Zhou, Zhu (2016) cross-sectional trend factor. Monthly OLS of next-month returns on 11 normalized MA ratios across the eligible cross-section, strict 12-month trailing-mean smoothing of past betas, per-stock predicted-return signal. Stop-loss and take-profit inherited from improved 4.",2017-04-30,URI,Industrials,1.0562527748633945,100000.0,-0.05,0.0,-0.05
improved_6_hzz_cross_sectional_trend_stop_take_top10,"Improved 6: replace the index-derived trend factor with a Han, Zhou, Zhu (2016) cross-sectional trend factor. Monthly OLS of next-month returns on 11 normalized MA ratios across the eligible cross-section, strict 12-month trailing-mean smoothing of past betas, per-stock predicted-return signal. Stop-loss and take-profit inherited from improved 4.",2017-04-30,LMT,Industrials,0.9927455723124057,100000.0,0.0497375545462952,0.0,0.0497375545462952
improved_6_hzz_cross_sectional_trend_stop_take_top10,"Improved 6: replace the index-derived trend factor with a Han, Zhou, Zhu (2016) cross-sectional trend factor. Monthly OLS of next-month returns on 11 normalized MA ratios across the eligible cross-section, strict 12-month trailing-mean smoothing of past betas, per-stock predicted-return signal. Stop-loss and take-profit inherited from improved 4.",2017-04-30,APO,Financials,0.9736831554963681,100000.0,0.0311140375101071,0.0,0.0311140375101071
improved_6_hzz_cross_sectional_trend_stop_take_top10,"Improved 6: replace the index-derived trend factor with a Han, Zhou, Zhu (2016) cross-sectional trend factor. Monthly OLS of next-month returns on 11 normalized MA ratios across the eligible cross-section, strict 12-month trailing-mean smoothing of past betas, per-stock predicted-return signal. Stop-loss and take-profit inherited from improved 4.",2017-05-31,BA,Industrials,2.0444032088092383,100000.0,0.0551731497783005,0.0,0.0551731497783005
improved_6_hzz_cross_sectional_trend_stop_take_top10,"Improved 6: replace the index-derived trend factor with a Han, Zhou, Zhu (2016) cross-sectional trend factor. Monthly OLS of next-month returns on 11 normalized MA ratios across the eligible cross-section, strict 12-month trailing-mean smoothing of past betas, per-stock predicted-return signal. Stop-loss and take-profit inherited from improved 4.",2017-05-31,LII,Industrials,1.715919413356252,100000.0,0.0363420719470057,0.0,0.0363420719470057
improved_6_hzz_cross_sectional_trend_stop_take_top10,"Improved 6: replace the index-derived trend factor with a Han, Zhou, Zhu (2016) cross-sectional trend factor. Monthly OLS of next-month returns on 11 normalized MA ratios across the eligible cross-section, strict 12-month trailing-mean smoothing of past betas, per-stock predicted-return signal. Stop-loss and take-profit inherited from improved 4.",2017-05-31,KMB,Consumer Staples,1.680768601756042,100000.0,-0.0016741160773006,0.0,-0.0016741160773006
improved_6_hzz_cross_sectional_trend_stop_take_top10,"Improved 6: replace the index-derived trend factor with a Han, Zhou, Zhu (2016) cross-sectional trend factor. Monthly OLS of next-month returns on 11 normalized MA ratios across the eligible cross-section, strict 12-month trailing-mean smoothing of past betas, per-stock predicted-return signal. Stop-loss and take-profit inherited from improved 4.",2017-05-31,WYNN,Consumer Discretionary,1.4841516619730521,100000.0,0.0176024279209474,0.0,0.0176024279209474
improved_6_hzz_cross_sectional_trend_stop_take_top10,"Improved 6: replace the index-derived trend factor with a Han, Zhou, Zhu (2016) cross-sectional trend factor. Monthly OLS of next-month returns on 11 normalized MA ratios across the eligible cross-section, strict 12-month trailing-mean smoothing of past betas, per-stock predicted-return signal. Stop-loss and take-profit inherited from improved 4.",2017-05-31,SPGI,Financials,1.449940952899655,100000.0,0.0194120522309937,0.0,0.0194120522309937
improved_6_hzz_cross_sectional_trend_stop_take_top10,"Improved 6: replace the index-derived trend factor with a Han, Zhou, Zhu (2016) cross-sectional trend factor. Monthly OLS of next-month returns on 11 normalized MA ratios across the eligible cross-section, strict 12-month trailing-mean smoothing of past betas, per-stock predicted-return signal. Stop-loss and take-profit inherited from improved 4.",2017-05-31,IT,Information Technology,1.449650527356444,100000.0,0.0326923076923078,0.0,0.0326923076923078
improved_6_hzz_cross_sectional_trend_stop_take_top10,"Improved 6: replace the index-derived trend factor with a Han, Zhou, Zhu (2016) cross-sectional trend factor. Monthly OLS of next-month returns on 11 normalized MA ratios across the eligible cross-section, strict 12-month trailing-mean smoothing of past betas, per-stock predicted-return signal. Stop-loss and take-profit inherited from improved 4.",2017-05-31,NVDA,Information Technology,1.1718279030573082,100000.0,-0.002965721787787,0.0,-0.002965721787787
improved_6_hzz_cross_sectional_trend_stop_take_top10,"Improved 6: replace the index-derived trend factor with a Han, Zhou, Zhu (2016) cross-sectional trend factor. Monthly OLS of next-month returns on 11 normalized MA ratios across the eligible cross-section, strict 12-month trailing-mean smoothing of past betas, per-stock predicted-return signal. Stop-loss and take-profit inherited from improved 4.",2017-05-31,LRCX,Information Technology,1.1091601563776727,100000.0,-0.05,0.0,-0.05
improved_6_hzz_cross_sectional_trend_stop_take_top10,"Improved 6: replace the index-derived trend factor with a Han, Zhou, Zhu (2016) cross-sectional trend factor. Monthly OLS of next-month returns on 11 normalized MA ratios across the eligible cross-section, strict 12-month trailing-mean smoothing of past betas, per-stock predicted-return signal. Stop-loss and take-profit inherited from improved 4.",2017-05-31,LMT,Industrials,1.062374142743855,100000.0,-0.0126964933496463,0.0,-0.0126964933496463
improved_6_hzz_cross_sectional_trend_stop_take_top10,"Improved 6: replace the index-derived trend factor with a Han, Zhou, Zhu (2016) cross-sectional trend factor. Monthly OLS of next-month returns on 11 normalized MA ratios across the eligible cross-section, strict 12-month trailing-mean smoothing of past betas, per-stock predicted-return signal. Stop-loss and take-profit inherited from improved 4.",2017-05-31,TPL,Energy,1.048471889052502,100000.0,0.0363706917842165,0.0,0.0363706917842165
improved_6_hzz_cross_sectional_trend_stop_take_top10,"Improved 6: replace the index-derived trend factor with a Han, Zhou, Zhu (2016) cross-sectional trend factor. Monthly OLS of next-month returns on 11 normalized MA ratios across the eligible cross-section, strict 12-month trailing-mean smoothing of past betas, per-stock predicted-return signal. Stop-loss and take-profit inherited from improved 4.",2017-06-30,BA,Industrials,2.065652837932514,100000.0,0.2241126874333214,0.0,0.2241126874333214
improved_6_hzz_cross_sectional_trend_stop_take_top10,"Improved 6: replace the index-derived trend factor with a Han, Zhou, Zhu (2016) cross-sectional trend factor. Monthly OLS of next-month returns on 11 normalized MA ratios across the eligible cross-section, strict 12-month trailing-mean smoothing of past betas, per-stock predicted-return signal. Stop-loss and take-profit inherited from improved 4.",2017-06-30,LII,Industrials,1.9713171860161078,100000.0,-0.05,0.0,-0.05
improved_6_hzz_cross_sectional_trend_stop_take_top10,"Improved 6: replace the index-derived trend factor with a Han, Zhou, Zhu (2016) cross-sectional trend factor. Monthly OLS of next-month returns on 11 normalized MA ratios across the eligible cross-section, strict 12-month trailing-mean smoothing of past betas, per-stock predicted-return signal. Stop-loss and take-profit inherited from improved 4.",2017-06-30,SPGI,Financials,1.957427510323873,100000.0,0.0489687201207451,0.0,0.0489687201207451
improved_6_hzz_cross_sectional_trend_stop_take_top10,"Improved 6: replace the index-derived trend factor with a Han, Zhou, Zhu (2016) cross-sectional trend factor. Monthly OLS of next-month returns on 11 normalized MA ratios across the eligible cross-section, strict 12-month trailing-mean smoothing of past betas, per-stock predicted-return signal. Stop-loss and take-profit inherited from improved 4.",2017-06-30,KMB,Consumer Staples,1.7399101778661523,100000.0,-0.05,0.0,-0.05
improved_6_hzz_cross_sectional_trend_stop_take_top10,"Improved 6: replace the index-derived trend factor with a Han, Zhou, Zhu (2016) cross-sectional trend factor. Monthly OLS of next-month returns on 11 normalized MA ratios across the eligible cross-section, strict 12-month trailing-mean smoothing of past betas, per-stock predicted-return signal. Stop-loss and take-profit inherited from improved 4.",2017-06-30,MU,Information Technology,1.6717673682089724,100000.0,-0.05,0.0,-0.05
improved_6_hzz_cross_sectional_trend_stop_take_top10,"Improved 6: replace the index-derived trend factor with a Han, Zhou, Zhu (2016) cross-sectional trend factor. Monthly OLS of next-month returns on 11 normalized MA ratios across the eligible cross-section, strict 12-month trailing-mean smoothing of past betas, per-stock predicted-return signal. Stop-loss and take-profit inherited from improved 4.",2017-06-30,NVDA,Information Technology,1.5871625546101142,100000.0,0.1203722854082207,0.0,0.1203722854082207
improved_6_hzz_cross_sectional_trend_stop_take_top10,"Improved 6: replace the index-derived trend factor with a Han, Zhou, Zhu (2016) cross-sectional trend factor. Monthly OLS of next-month returns on 11 normalized MA ratios across the eligible cross-section, strict 12-month trailing-mean smoothing of past betas, per-stock predicted-return signal. Stop-loss and take-profit inherited from improved 4.",2017-06-30,WYNN,Consumer Discretionary,1.5544437034684255,100000.0,-0.026054216867657,0.0,-0.026054216867657
improved_6_hzz_cross_sectional_trend_stop_take_top10,"Improved 6: replace the index-derived trend factor with a Han, Zhou, Zhu (2016) cross-sectional trend factor. Monthly OLS of next-month returns on 11 normalized MA ratios across the eligible cross-section, strict 12-month trailing-mean smoothing of past betas, per-stock predicted-return signal. Stop-loss and take-profit inherited from improved 4.",2017-06-30,LMT,Industrials,1.0614481661864446,100000.0,0.0531381809006181,0.0,0.0531381809006181
improved_6_hzz_cross_sectional_trend_stop_take_top10,"Improved 6: replace the index-derived trend factor with a Han, Zhou, Zhu (2016) cross-sectional trend factor. Monthly OLS of next-month returns on 11 normalized MA ratios across the eligible cross-section, strict 12-month trailing-mean smoothing of past betas, per-stock predicted-return signal. Stop-loss and take-profit inherited from improved 4.",2017-06-30,KLAC,Information Technology,0.9888944507827382,100000.0,0.0035752979409664,0.0,0.0035752979409664
improved_6_hzz_cross_sectional_trend_stop_take_top10,"Improved 6: replace the index-derived trend factor with a Han, Zhou, Zhu (2016) cross-sectional trend factor. Monthly OLS of next-month returns on 11 normalized MA ratios across the eligible cross-section, strict 12-month trailing-mean smoothing of past betas, per-stock predicted-return signal. Stop-loss and take-profit inherited from improved 4.",2017-06-30,MO,Consumer Staples,0.9784394387439885,100000.0,-0.05,0.0,-0.05
improved_6_hzz_cross_sectional_trend_stop_take_top10,"Improved 6: replace the index-derived trend factor with a Han, Zhou, Zhu (2016) cross-sectional trend factor. Monthly OLS of next-month returns on 11 normalized MA ratios across the eligible cross-section, strict 12-month trailing-mean smoothing of past betas, per-stock predicted-return signal. Stop-loss and take-profit inherited from improved 4.",2017-07-31,BA,Industrials,2.628249364221254,100000.0,-0.0093170233435958,0.0,-0.0093170233435958
improved_6_hzz_cross_sectional_trend_stop_take_top10,"Improved 6: replace the index-derived trend factor with a Han, Zhou, Zhu (2016) cross-sectional trend factor. Monthly OLS of next-month returns on 11 normalized MA ratios across the eligible cross-section, strict 12-month trailing-mean smoothing of past betas, per-stock predicted-return signal. Stop-loss and take-profit inherited from improved 4.",2017-07-31,LII,Industrials,1.8300421520672094,100000.0,-0.05,0.0,-0.05
improved_6_hzz_cross_sectional_trend_stop_take_top10,"Improved 6: replace the index-derived trend factor with a Han, Zhou, Zhu (2016) cross-sectional trend factor. Monthly OLS of next-month returns on 11 normalized MA ratios across the eligible cross-section, strict 12-month trailing-mean smoothing of past betas, per-stock predicted-return signal. Stop-loss and take-profit inherited from improved 4.",2017-07-31,KMB,Consumer Staples,1.7673230046885742,100000.0,0.0010555375124641,0.0,0.0010555375124641
improved_6_hzz_cross_sectional_trend_stop_take_top10,"Improved 6: replace the index-derived trend factor with a Han, Zhou, Zhu (2016) cross-sectional trend factor. Monthly OLS of next-month returns on 11 normalized MA ratios across the eligible cross-section, strict 12-month trailing-mean smoothing of past betas, per-stock predicted-return signal. Stop-loss and take-profit inherited from improved 4.",2017-07-31,MU,Information Technology,1.7382788443103276,100000.0,0.1328844790897552,0.0,0.1328844790897552
improved_6_hzz_cross_sectional_trend_stop_take_top10,"Improved 6: replace the index-derived trend factor with a Han, Zhou, Zhu (2016) cross-sectional trend factor. Monthly OLS of next-month returns on 11 normalized MA ratios across the eligible cross-section, strict 12-month trailing-mean smoothing of past betas, per-stock predicted-return signal. Stop-loss and take-profit inherited from improved 4.",2017-07-31,SPGI,Financials,1.3356307146935589,100000.0,0.0048558222886561,0.0,0.0048558222886561
improved_6_hzz_cross_sectional_trend_stop_take_top10,"Improved 6: replace the index-derived trend factor with a Han, Zhou, Zhu (2016) cross-sectional trend factor. Monthly OLS of next-month returns on 11 normalized MA ratios across the eligible cross-section, strict 12-month trailing-mean smoothing of past betas, per-stock predicted-return signal. Stop-loss and take-profit inherited from improved 4.",2017-07-31,MO,Consumer Staples,1.2896453017128247,100000.0,-0.0276073619619391,0.0,-0.0276073619619391
improved_6_hzz_cross_sectional_trend_stop_take_top10,"Improved 6: replace the index-derived trend factor with a Han, Zhou, Zhu (2016) cross-sectional trend factor. Monthly OLS of next-month returns on 11 normalized MA ratios across the eligible cross-section, strict 12-month trailing-mean smoothing of past betas, per-stock predicted-return signal. Stop-loss and take-profit inherited from improved 4.",2017-07-31,WYNN,Consumer Discretionary,1.2292735532546293,100000.0,0.0721915717271368,0.0,0.0721915717271368
improved_6_hzz_cross_sectional_trend_stop_take_top10,"Improved 6: replace the index-derived trend factor with a Han, Zhou, Zhu (2016) cross-sectional trend factor. Monthly OLS of next-month returns on 11 normalized MA ratios across the eligible cross-section, strict 12-month trailing-mean smoothing of past betas, per-stock predicted-return signal. Stop-loss and take-profit inherited from improved 4.",2017-07-31,LMT,Industrials,1.223721702026586,100000.0,0.0451624294312766,0.0,0.0451624294312766
improved_6_hzz_cross_sectional_trend_stop_take_top10,"Improved 6: replace the index-derived trend factor with a Han, Zhou, Zhu (2016) cross-sectional trend factor. Monthly OLS of next-month returns on 11 normalized MA ratios across the eligible cross-section, strict 12-month trailing-mean smoothing of past betas, per-stock predicted-return signal. Stop-loss and take-profit inherited from improved 4.",2017-07-31,TPL,Energy,1.094193626841346,100000.0,0.2180414857691512,0.0,0.2180414857691512
improved_6_hzz_cross_sectional_trend_stop_take_top10,"Improved 6: replace the index-derived trend factor with a Han, Zhou, Zhu (2016) cross-sectional trend factor. Monthly OLS of next-month returns on 11 normalized MA ratios across the eligible cross-section, strict 12-month trailing-mean smoothing of past betas, per-stock predicted-return signal. Stop-loss and take-profit inherited from improved 4.",2017-07-31,KLAC,Information Technology,0.988943411726217,100000.0,-0.05,0.0,-0.05
improved_6_hzz_cross_sectional_trend_stop_take_top10,"Improved 6: replace the index-derived trend factor with a Han, Zhou, Zhu (2016) cross-sectional trend factor. Monthly OLS of next-month returns on 11 normalized MA ratios across the eligible cross-section, strict 12-month trailing-mean smoothing of past betas, per-stock predicted-return signal. Stop-loss and take-profit inherited from improved 4.",2017-08-31,BA,Industrials,2.722016723272022,100000.0,0.0607110072598955,0.0,0.0607110072598955
improved_6_hzz_cross_sectional_trend_stop_take_top10,"Improved 6: replace the index-derived trend factor with a Han, Zhou, Zhu (2016) cross-sectional trend factor. Monthly OLS of next-month returns on 11 normalized MA ratios across the eligible cross-section, strict 12-month trailing-mean smoothing of past betas, per-stock predicted-return signal. Stop-loss and take-profit inherited from improved 4.",2017-08-31,LMT,Industrials,2.1318392655764913,100000.0,0.0141521767551093,0.0,0.0141521767551093
improved_6_hzz_cross_sectional_trend_stop_take_top10,"Improved 6: replace the index-derived trend factor with a Han, Zhou, Zhu (2016) cross-sectional trend factor. Monthly OLS of next-month returns on 11 normalized MA ratios across the eligible cross-section, strict 12-month trailing-mean smoothing of past betas, per-stock predicted-return signal. Stop-loss and take-profit inherited from improved 4.",2017-08-31,SPGI,Financials,1.6943518315285906,100000.0,0.0107339152921777,0.0,0.0107339152921777
improved_6_hzz_cross_sectional_trend_stop_take_top10,"Improved 6: replace the index-derived trend factor with a Han, Zhou, Zhu (2016) cross-sectional trend factor. Monthly OLS of next-month returns on 11 normalized MA ratios across the eligible cross-section, strict 12-month trailing-mean smoothing of past betas, per-stock predicted-return signal. Stop-loss and take-profit inherited from improved 4.",2017-08-31,UPS,Industrials,1.5019235688428982,100000.0,0.0468096234309103,0.0,0.0468096234309103
improved_6_hzz_cross_sectional_trend_stop_take_top10,"Improved 6: replace the index-derived trend factor with a Han, Zhou, Zhu (2016) cross-sectional trend factor. Monthly OLS of next-month returns on 11 normalized MA ratios across the eligible cross-section, strict 12-month trailing-mean smoothing of past betas, per-stock predicted-return signal. Stop-loss and take-profit inherited from improved 4.",2017-08-31,TPL,Energy,1.4334132487504312,100000.0,-0.05,0.0,-0.05
improved_6_hzz_cross_sectional_trend_stop_take_top10,"Improved 6: replace the index-derived trend factor with a Han, Zhou, Zhu (2016) cross-sectional trend factor. Monthly OLS of next-month returns on 11 normalized MA ratios across the eligible cross-section, strict 12-month trailing-mean smoothing of past betas, per-stock predicted-return signal. Stop-loss and take-profit inherited from improved 4.",2017-08-31,HD,Consumer Discretionary,1.4271550797167523,100000.0,0.0885132437106872,0.0,0.0885132437106872
improved_6_hzz_cross_sectional_trend_stop_take_top10,"Improved 6: replace the index-derived trend factor with a Han, Zhou, Zhu (2016) cross-sectional trend factor. Monthly OLS of next-month returns on 11 normalized MA ratios across the eligible cross-section, strict 12-month trailing-mean smoothing of past betas, per-stock predicted-return signal. Stop-loss and take-profit inherited from improved 4.",2017-08-31,KMB,Consumer Staples,1.384984428264812,100000.0,-0.05,0.0,-0.05
improved_6_hzz_cross_sectional_trend_stop_take_top10,"Improved 6: replace the index-derived trend factor with a Han, Zhou, Zhu (2016) cross-sectional trend factor. Monthly OLS of next-month returns on 11 normalized MA ratios across the eligible cross-section, strict 12-month trailing-mean smoothing of past betas, per-stock predicted-return signal. Stop-loss and take-profit inherited from improved 4.",2017-08-31,TTWO,Communication Services,1.2040539983926006,100000.0,0.0456172650097168,0.0,0.0456172650097168
improved_6_hzz_cross_sectional_trend_stop_take_top10,"Improved 6: replace the index-derived trend factor with a Han, Zhou, Zhu (2016) cross-sectional trend factor. Monthly OLS of next-month returns on 11 normalized MA ratios across the eligible cross-section, strict 12-month trailing-mean smoothing of past betas, per-stock predicted-return signal. Stop-loss and take-profit inherited from improved 4.",2017-08-31,LII,Industrials,1.1971425225684955,100000.0,0.0783348878786669,0.0,0.0783348878786669
improved_6_hzz_cross_sectional_trend_stop_take_top10,"Improved 6: replace the index-derived trend factor with a Han, Zhou, Zhu (2016) cross-sectional trend factor. Monthly OLS of next-month returns on 11 normalized MA ratios across the eligible cross-section, strict 12-month trailing-mean smoothing of past betas, per-stock predicted-return signal. Stop-loss and take-profit inherited from improved 4.",2017-08-31,AAPL,Information Technology,1.039589093612518,100000.0,-0.05,0.0,-0.05
improved_6_hzz_cross_sectional_trend_stop_take_top10,"Improved 6: replace the index-derived trend factor with a Han, Zhou, Zhu (2016) cross-sectional trend factor. Monthly OLS of next-month returns on 11 normalized MA ratios across the eligible cross-section, strict 12-month trailing-mean smoothing of past betas, per-stock predicted-return signal. Stop-loss and take-profit inherited from improved 4.",2017-09-30,BA,Industrials,2.114726752815416,100000.0,0.0130767720402735,0.0,0.0130767720402735
improved_6_hzz_cross_sectional_trend_stop_take_top10,"Improved 6: replace the index-derived trend factor with a Han, Zhou, Zhu (2016) cross-sectional trend factor. Monthly OLS of next-month returns on 11 normalized MA ratios across the eligible cross-section, strict 12-month trailing-mean smoothing of past betas, per-stock predicted-return signal. Stop-loss and take-profit inherited from improved 4.",2017-09-30,LMT,Industrials,1.7685779890283744,100000.0,-0.0084623057368434,0.0,-0.0084623057368434
improved_6_hzz_cross_sectional_trend_stop_take_top10,"Improved 6: replace the index-derived trend factor with a Han, Zhou, Zhu (2016) cross-sectional trend factor. Monthly OLS of next-month returns on 11 normalized MA ratios across the eligible cross-section, strict 12-month trailing-mean smoothing of past betas, per-stock predicted-return signal. Stop-loss and take-profit inherited from improved 4.",2017-09-30,SPGI,Financials,1.6343918657866303,100000.0,-0.0024226968441239,0.0,-0.0024226968441239
improved_6_hzz_cross_sectional_trend_stop_take_top10,"Improved 6: replace the index-derived trend factor with a Han, Zhou, Zhu (2016) cross-sectional trend factor. Monthly OLS of next-month returns on 11 normalized MA ratios across the eligible cross-section, strict 12-month trailing-mean smoothing of past betas, per-stock predicted-return signal. Stop-loss and take-profit inherited from improved 4.",2017-09-30,UPS,Industrials,1.392795904411476,100000.0,-0.02058333333333,0.0,-0.02058333333333
improved_6_hzz_cross_sectional_trend_stop_take_top10,"Improved 6: replace the index-derived trend factor with a Han, Zhou, Zhu (2016) cross-sectional trend factor. Monthly OLS of next-month returns on 11 normalized MA ratios across the eligible cross-section, strict 12-month trailing-mean smoothing of past betas, per-stock predicted-return signal. Stop-loss and take-profit inherited from improved 4.",2017-09-30,LII,Industrials,1.3269314175149272,100000.0,0.0700369499495423,0.0,0.0700369499495423
improved_6_hzz_cross_sectional_trend_stop_take_top10,"Improved 6: replace the index-derived trend factor with a Han, Zhou, Zhu (2016) cross-sectional trend factor. Monthly OLS of next-month returns on 11 normalized MA ratios across the eligible cross-section, strict 12-month trailing-mean smoothing of past betas, per-stock predicted-return signal. Stop-loss and take-profit inherited from improved 4.",2017-09-30,WYNN,Consumer Discretionary,1.3225837347938048,100000.0,-0.05,0.0,-0.05
improved_6_hzz_cross_sectional_trend_stop_take_top10,"Improved 6: replace the index-derived trend factor with a Han, Zhou, Zhu (2016) cross-sectional trend factor. Monthly OLS of next-month returns on 11 normalized MA ratios across the eligible cross-section, strict 12-month trailing-mean smoothing of past betas, per-stock predicted-return signal. Stop-loss and take-profit inherited from improved 4.",2017-09-30,KMB,Consumer Staples,1.3221736781716629,100000.0,-0.05,0.0,-0.05
improved_6_hzz_cross_sectional_trend_stop_take_top10,"Improved 6: replace the index-derived trend factor with a Han, Zhou, Zhu (2016) cross-sectional trend factor. Monthly OLS of next-month returns on 11 normalized MA ratios across the eligible cross-section, strict 12-month trailing-mean smoothing of past betas, per-stock predicted-return signal. Stop-loss and take-profit inherited from improved 4.",2017-09-30,HD,Consumer Discretionary,1.2548522202080892,100000.0,0.00962241169343,0.0,0.00962241169343
improved_6_hzz_cross_sectional_trend_stop_take_top10,"Improved 6: replace the index-derived trend factor with a Han, Zhou, Zhu (2016) cross-sectional trend factor. Monthly OLS of next-month returns on 11 normalized MA ratios across the eligible cross-section, strict 12-month trailing-mean smoothing of past betas, per-stock predicted-return signal. Stop-loss and take-profit inherited from improved 4.",2017-09-30,TPL,Energy,1.2288352025598777,100000.0,-0.05,0.0,-0.05
improved_6_hzz_cross_sectional_trend_stop_take_top10,"Improved 6: replace the index-derived trend factor with a Han, Zhou, Zhu (2016) cross-sectional trend factor. Monthly OLS of next-month returns on 11 normalized MA ratios across the eligible cross-section, strict 12-month trailing-mean smoothing of past betas, per-stock predicted-return signal. Stop-loss and take-profit inherited from improved 4.",2017-09-30,MO,Consumer Staples,1.0576333340870256,100000.0,0.0137332280978159,0.0,0.0137332280978159
improved_6_hzz_cross_sectional_trend_stop_take_top10,"Improved 6: replace the index-derived trend factor with a Han, Zhou, Zhu (2016) cross-sectional trend factor. Monthly OLS of next-month returns on 11 normalized MA ratios across the eligible cross-section, strict 12-month trailing-mean smoothing of past betas, per-stock predicted-return signal. Stop-loss and take-profit inherited from improved 4.",2017-10-31,SPGI,Financials,1.639466018515156,100000.0,0.0561032176641316,0.0,0.0561032176641316
improved_6_hzz_cross_sectional_trend_stop_take_top10,"Improved 6: replace the index-derived trend factor with a Han, Zhou, Zhu (2016) cross-sectional trend factor. Monthly OLS of next-month returns on 11 normalized MA ratios across the eligible cross-section, strict 12-month trailing-mean smoothing of past betas, per-stock predicted-return signal. Stop-loss and take-profit inherited from improved 4.",2017-10-31,LII,Industrials,1.50207682428734,100000.0,0.0903514244130756,0.0,0.0903514244130756
improved_6_hzz_cross_sectional_trend_stop_take_top10,"Improved 6: replace the index-derived trend factor with a Han, Zhou, Zhu (2016) cross-sectional trend factor. Monthly OLS of next-month returns on 11 normalized MA ratios across the eligible cross-section, strict 12-month trailing-mean smoothing of past betas, per-stock predicted-return signal. Stop-loss and take-profit inherited from improved 4.",2017-10-31,HD,Consumer Discretionary,1.4722419312288109,100000.0,0.0859446242781032,0.0,0.0859446242781032
improved_6_hzz_cross_sectional_trend_stop_take_top10,"Improved 6: replace the index-derived trend factor with a Han, Zhou, Zhu (2016) cross-sectional trend factor. Monthly OLS of next-month returns on 11 normalized MA ratios across the eligible cross-section, strict 12-month trailing-mean smoothing of past betas, per-stock predicted-return signal. Stop-loss and take-profit inherited from improved 4.",2017-10-31,LMT,Industrials,1.3779100528503374,100000.0,0.0390551690666436,0.0,0.0390551690666436
improved_6_hzz_cross_sectional_trend_stop_take_top10,"Improved 6: replace the index-derived trend factor with a Han, Zhou, Zhu (2016) cross-sectional trend factor. Monthly OLS of next-month returns on 11 normalized MA ratios across the eligible cross-section, strict 12-month trailing-mean smoothing of past betas, per-stock predicted-return signal. Stop-loss and take-profit inherited from improved 4.",2017-10-31,ABBV,Health Care,1.2569835053699117,100000.0,0.067636043180411,0.0,0.067636043180411
improved_6_hzz_cross_sectional_trend_stop_take_top10,"Improved 6: replace the index-derived trend factor with a Han, Zhou, Zhu (2016) cross-sectional trend factor. Monthly OLS of next-month returns on 11 normalized MA ratios across the eligible cross-section, strict 12-month trailing-mean smoothing of past betas, per-stock predicted-return signal. Stop-loss and take-profit inherited from improved 4.",2017-10-31,NVDA,Information Technology,1.25303898814968,100000.0,-0.05,0.0,-0.05
improved_6_hzz_cross_sectional_trend_stop_take_top10,"Improved 6: replace the index-derived trend factor with a Han, Zhou, Zhu (2016) cross-sectional trend factor. Monthly OLS of next-month returns on 11 normalized MA ratios across the eligible cross-section, strict 12-month trailing-mean smoothing of past betas, per-stock predicted-return signal. Stop-loss and take-profit inherited from improved 4.",2017-10-31,UPS,Industrials,1.2431626198474994,100000.0,-0.05,0.0,-0.05
improved_6_hzz_cross_sectional_trend_stop_take_top10,"Improved 6: replace the index-derived trend factor with a Han, Zhou, Zhu (2016) cross-sectional trend factor. Monthly OLS of next-month returns on 11 normalized MA ratios across the eligible cross-section, strict 12-month trailing-mean smoothing of past betas, per-stock predicted-return signal. Stop-loss and take-profit inherited from improved 4.",2017-10-31,ALGN,Health Care,1.18039870632834,100000.0,0.0735802469135802,0.0,0.0735802469135802
improved_6_hzz_cross_sectional_trend_stop_take_top10,"Improved 6: replace the index-derived trend factor with a Han, Zhou, Zhu (2016) cross-sectional trend factor. Monthly OLS of next-month returns on 11 normalized MA ratios across the eligible cross-section, strict 12-month trailing-mean smoothing of past betas, per-stock predicted-return signal. Stop-loss and take-profit inherited from improved 4.",2017-10-31,URI,Industrials,1.1645274044470866,100000.0,0.1126071759954134,0.0,0.1126071759954134
improved_6_hzz_cross_sectional_trend_stop_take_top10,"Improved 6: replace the index-derived trend factor with a Han, Zhou, Zhu (2016) cross-sectional trend factor. Monthly OLS of next-month returns on 11 normalized MA ratios across the eligible cross-section, strict 12-month trailing-mean smoothing of past betas, per-stock predicted-return signal. Stop-loss and take-profit inherited from improved 4.",2017-10-31,AMP,Financials,1.0404819574100639,100000.0,0.0403178481524877,0.0,0.0403178481524877
improved_6_hzz_cross_sectional_trend_stop_take_top10,"Improved 6: replace the index-derived trend factor with a Han, Zhou, Zhu (2016) cross-sectional trend factor. Monthly OLS of next-month returns on 11 normalized MA ratios across the eligible cross-section, strict 12-month trailing-mean smoothing of past betas, per-stock predicted-return signal. Stop-loss and take-profit inherited from improved 4.",2017-11-30,MU,Information Technology,1.8528223180051815,100000.0,-0.05,0.0,-0.05
improved_6_hzz_cross_sectional_trend_stop_take_top10,"Improved 6: replace the index-derived trend factor with a Han, Zhou, Zhu (2016) cross-sectional trend factor. Monthly OLS of next-month returns on 11 normalized MA ratios across the eligible cross-section, strict 12-month trailing-mean smoothing of past betas, per-stock predicted-return signal. Stop-loss and take-profit inherited from improved 4.",2017-11-30,SPGI,Financials,1.5782244839436177,100000.0,0.0250514341038623,0.0,0.0250514341038623
improved_6_hzz_cross_sectional_trend_stop_take_top10,"Improved 6: replace the index-derived trend factor with a Han, Zhou, Zhu (2016) cross-sectional trend factor. Monthly OLS of next-month returns on 11 normalized MA ratios across the eligible cross-section, strict 12-month trailing-mean smoothing of past betas, per-stock predicted-return signal. Stop-loss and take-profit inherited from improved 4.",2017-11-30,NVDA,Information Technology,1.528943525136927,100000.0,-0.05,0.0,-0.05
improved_6_hzz_cross_sectional_trend_stop_take_top10,"Improved 6: replace the index-derived trend factor with a Han, Zhou, Zhu (2016) cross-sectional trend factor. Monthly OLS of next-month returns on 11 normalized MA ratios across the eligible cross-section, strict 12-month trailing-mean smoothing of past betas, per-stock predicted-return signal. Stop-loss and take-profit inherited from improved 4.",2017-11-30,LMT,Industrials,1.474924726069844,100000.0,0.0062370713971642,0.0,0.0062370713971642
improved_6_hzz_cross_sectional_trend_stop_take_top10,"Improved 6: replace the index-derived trend factor with a Han, Zhou, Zhu (2016) cross-sectional trend factor. Monthly OLS of next-month returns on 11 normalized MA ratios across the eligible cross-section, strict 12-month trailing-mean smoothing of past betas, per-stock predicted-return signal. Stop-loss and take-profit inherited from improved 4.",2017-11-30,LRCX,Information Technology,1.4573072951647403,100000.0,-0.05,0.0,-0.05
improved_6_hzz_cross_sectional_trend_stop_take_top10,"Improved 6: replace the index-derived trend factor with a Han, Zhou, Zhu (2016) cross-sectional trend factor. Monthly OLS of next-month returns on 11 normalized MA ratios across the eligible cross-section, strict 12-month trailing-mean smoothing of past betas, per-stock predicted-return signal. Stop-loss and take-profit inherited from improved 4.",2017-11-30,HD,Consumer Discretionary,1.4317720185774108,100000.0,0.0510758651286498,0.0,0.0510758651286498
improved_6_hzz_cross_sectional_trend_stop_take_top10,"Improved 6: replace the index-derived trend factor with a Han, Zhou, Zhu (2016) cross-sectional trend factor. Monthly OLS of next-month returns on 11 normalized MA ratios across the eligible cross-section, strict 12-month trailing-mean smoothing of past betas, per-stock predicted-return signal. Stop-loss and take-profit inherited from improved 4.",2017-11-30,AMAT,Information Technology,1.2990403945784212,100000.0,-0.05,0.0,-0.05
improved_6_hzz_cross_sectional_trend_stop_take_top10,"Improved 6: replace the index-derived trend factor with a Han, Zhou, Zhu (2016) cross-sectional trend factor. Monthly OLS of next-month returns on 11 normalized MA ratios across the eligible cross-section, strict 12-month trailing-mean smoothing of past betas, per-stock predicted-return signal. Stop-loss and take-profit inherited from improved 4.",2017-11-30,NVR,Consumer Discretionary,1.2946914545997792,100000.0,-0.05,0.0,-0.05
improved_6_hzz_cross_sectional_trend_stop_take_top10,"Improved 6: replace the index-derived trend factor with a Han, Zhou, Zhu (2016) cross-sectional trend factor. Monthly OLS of next-month returns on 11 normalized MA ratios across the eligible cross-section, strict 12-month trailing-mean smoothing of past betas, per-stock predicted-return signal. Stop-loss and take-profit inherited from improved 4.",2017-11-30,LII,Industrials,1.2933804347230278,100000.0,-0.0033695054682968,0.0,-0.0033695054682968
improved_6_hzz_cross_sectional_trend_stop_take_top10,"Improved 6: replace the index-derived trend factor with a Han, Zhou, Zhu (2016) cross-sectional trend factor. Monthly OLS of next-month returns on 11 normalized MA ratios across the eligible cross-section, strict 12-month trailing-mean smoothing of past betas, per-stock predicted-return signal. Stop-loss and take-profit inherited from improved 4.",2017-11-30,ALGN,Health Care,1.221099427238205,100000.0,-0.05,0.0,-0.05
improved_6_hzz_cross_sectional_trend_stop_take_top10,"Improved 6: replace the index-derived trend factor with a Han, Zhou, Zhu (2016) cross-sectional trend factor. Monthly OLS of next-month returns on 11 normalized MA ratios across the eligible cross-section, strict 12-month trailing-mean smoothing of past betas, per-stock predicted-return signal. Stop-loss and take-profit inherited from improved 4.",2017-12-31,LII,Industrials,1.8006242916362936,100000.0,0.0400935516201947,0.0,0.0400935516201947
improved_6_hzz_cross_sectional_trend_stop_take_top10,"Improved 6: replace the index-derived trend factor with a Han, Zhou, Zhu (2016) cross-sectional trend factor. Monthly OLS of next-month returns on 11 normalized MA ratios across the eligible cross-section, strict 12-month trailing-mean smoothing of past betas, per-stock predicted-return signal. Stop-loss and take-profit inherited from improved 4.",2017-12-31,HD,Consumer Discretionary,1.7784967989463474,100000.0,0.0562010409547988,0.0,0.0562010409547988
improved_6_hzz_cross_sectional_trend_stop_take_top10,"Improved 6: replace the index-derived trend factor with a Han, Zhou, Zhu (2016) cross-sectional trend factor. Monthly OLS of next-month returns on 11 normalized MA ratios across the eligible cross-section, strict 12-month trailing-mean smoothing of past betas, per-stock predicted-return signal. Stop-loss and take-profit inherited from improved 4.",2017-12-31,SPGI,Financials,1.6764414190542434,100000.0,0.0669258866504336,0.0,0.0669258866504336
improved_6_hzz_cross_sectional_trend_stop_take_top10,"Improved 6: replace the index-derived trend factor with a Han, Zhou, Zhu (2016) cross-sectional trend factor. Monthly OLS of next-month returns on 11 normalized MA ratios across the eligible cross-section, strict 12-month trailing-mean smoothing of past betas, per-stock predicted-return signal. Stop-loss and take-profit inherited from improved 4.",2017-12-31,WYNN,Consumer Discretionary,1.3285926033166437,100000.0,0.0029071528075244,0.0,0.0029071528075244
improved_6_hzz_cross_sectional_trend_stop_take_top10,"Improved 6: replace the index-derived trend factor with a Han, Zhou, Zhu (2016) cross-sectional trend factor. Monthly OLS of next-month returns on 11 normalized MA ratios across the eligible cross-section, strict 12-month trailing-mean smoothing of past betas, per-stock predicted-return signal. Stop-loss and take-profit inherited from improved 4.",2017-12-31,ABBV,Health Care,1.3205595104087193,100000.0,0.3,0.0,0.3
improved_6_hzz_cross_sectional_trend_stop_take_top10,"Improved 6: replace the index-derived trend factor with a Han, Zhou, Zhu (2016) cross-sectional trend factor. Monthly OLS of next-month returns on 11 normalized MA ratios across the eligible cross-section, strict 12-month trailing-mean smoothing of past betas, per-stock predicted-return signal. Stop-loss and take-profit inherited from improved 4.",2017-12-31,ALGN,Health Care,1.294361332561437,100000.0,0.1769462288306904,0.0,0.1769462288306904
improved_6_hzz_cross_sectional_trend_stop_take_top10,"Improved 6: replace the index-derived trend factor with a Han, Zhou, Zhu (2016) cross-sectional trend factor. Monthly OLS of next-month returns on 11 normalized MA ratios across the eligible cross-section, strict 12-month trailing-mean smoothing of past betas, per-stock predicted-return signal. Stop-loss and take-profit inherited from improved 4.",2017-12-31,NVR,Consumer Discretionary,1.290756353488425,100000.0,-0.05,0.0,-0.05
improved_6_hzz_cross_sectional_trend_stop_take_top10,"Improved 6: replace the index-derived trend factor with a Han, Zhou, Zhu (2016) cross-sectional trend factor. Monthly OLS of next-month returns on 11 normalized MA ratios across the eligible cross-section, strict 12-month trailing-mean smoothing of past betas, per-stock predicted-return signal. Stop-loss and take-profit inherited from improved 4.",2017-12-31,KMB,Consumer Staples,1.1805331674711803,100000.0,-0.05,0.0,-0.05
improved_6_hzz_cross_sectional_trend_stop_take_top10,"Improved 6: replace the index-derived trend factor with a Han, Zhou, Zhu (2016) cross-sectional trend factor. Monthly OLS of next-month returns on 11 normalized MA ratios across the eligible cross-section, strict 12-month trailing-mean smoothing of past betas, per-stock predicted-return signal. Stop-loss and take-profit inherited from improved 4.",2017-12-31,LMT,Industrials,1.1716333620429773,100000.0,0.1020186335404103,0.0,0.1020186335404103
improved_6_hzz_cross_sectional_trend_stop_take_top10,"Improved 6: replace the index-derived trend factor with a Han, Zhou, Zhu (2016) cross-sectional trend factor. Monthly OLS of next-month returns on 11 normalized MA ratios across the eligible cross-section, strict 12-month trailing-mean smoothing of past betas, per-stock predicted-return signal. Stop-loss and take-profit inherited from improved 4.",2017-12-31,TPL,Energy,1.1598798036789282,100000.0,0.2041209838350868,0.0,0.2041209838350868
improved_6_hzz_cross_sectional_trend_stop_take_top10,"Improved 6: replace the index-derived trend factor with a Han, Zhou, Zhu (2016) cross-sectional trend factor. Monthly OLS of next-month returns on 11 normalized MA ratios across the eligible cross-section, strict 12-month trailing-mean smoothing of past betas, per-stock predicted-return signal. Stop-loss and take-profit inherited from improved 4.",2018-01-31,ABBV,Health Care,1.948007569952166,100000.0,-0.05,0.0,-0.05
improved_6_hzz_cross_sectional_trend_stop_take_top10,"Improved 6: replace the index-derived trend factor with a Han, Zhou, Zhu (2016) cross-sectional trend factor. Monthly OLS of next-month returns on 11 normalized MA ratios across the eligible cross-section, strict 12-month trailing-mean smoothing of past betas, per-stock predicted-return signal. Stop-loss and take-profit inherited from improved 4.",2018-01-31,HD,Consumer Discretionary,1.7325594487210534,100000.0,-0.05,0.0,-0.05
improved_6_hzz_cross_sectional_trend_stop_take_top10,"Improved 6: replace the index-derived trend factor with a Han, Zhou, Zhu (2016) cross-sectional trend factor. Monthly OLS of next-month returns on 11 normalized MA ratios across the eligible cross-section, strict 12-month trailing-mean smoothing of past betas, per-stock predicted-return signal. Stop-loss and take-profit inherited from improved 4.",2018-01-31,LII,Industrials,1.6078088508417137,100000.0,-0.05,0.0,-0.05
improved_6_hzz_cross_sectional_trend_stop_take_top10,"Improved 6: replace the index-derived trend factor with a Han, Zhou, Zhu (2016) cross-sectional trend factor. Monthly OLS of next-month returns on 11 normalized MA ratios across the eligible cross-section, strict 12-month trailing-mean smoothing of past betas, per-stock predicted-return signal. Stop-loss and take-profit inherited from improved 4.",2018-01-31,SPGI,Financials,1.5331777450766717,100000.0,-0.05,0.0,-0.05
improved_6_hzz_cross_sectional_trend_stop_take_top10,"Improved 6: replace the index-derived trend factor with a Han, Zhou, Zhu (2016) cross-sectional trend factor. Monthly OLS of next-month returns on 11 normalized MA ratios across the eligible cross-section, strict 12-month trailing-mean smoothing of past betas, per-stock predicted-return signal. Stop-loss and take-profit inherited from improved 4.",2018-01-31,ALGN,Health Care,1.4509024446536418,100000.0,-0.05,0.0,-0.05
improved_6_hzz_cross_sectional_trend_stop_take_top10,"Improved 6: replace the index-derived trend factor with a Han, Zhou, Zhu (2016) cross-sectional trend factor. Monthly OLS of next-month returns on 11 normalized MA ratios across the eligible cross-section, strict 12-month trailing-mean smoothing of past betas, per-stock predicted-return signal. Stop-loss and take-profit inherited from improved 4.",2018-01-31,UPS,Industrials,1.38963622168678,100000.0,-0.05,0.0,-0.05
improved_6_hzz_cross_sectional_trend_stop_take_top10,"Improved 6: replace the index-derived trend factor with a Han, Zhou, Zhu (2016) cross-sectional trend factor. Monthly OLS of next-month returns on 11 normalized MA ratios across the eligible cross-section, strict 12-month trailing-mean smoothing of past betas, per-stock predicted-return signal. Stop-loss and take-profit inherited from improved 4.",2018-01-31,WYNN,Consumer Discretionary,1.345397684699088,100000.0,0.012048509138139,0.0,0.012048509138139
improved_6_hzz_cross_sectional_trend_stop_take_top10,"Improved 6: replace the index-derived trend factor with a Han, Zhou, Zhu (2016) cross-sectional trend factor. Monthly OLS of next-month returns on 11 normalized MA ratios across the eligible cross-section, strict 12-month trailing-mean smoothing of past betas, per-stock predicted-return signal. Stop-loss and take-profit inherited from improved 4.",2018-01-31,TPL,Energy,1.314328013992011,100000.0,-0.05,0.0,-0.05
improved_6_hzz_cross_sectional_trend_stop_take_top10,"Improved 6: replace the index-derived trend factor with a Han, Zhou, Zhu (2016) cross-sectional trend factor. Monthly OLS of next-month returns on 11 normalized MA ratios across the eligible cross-section, strict 12-month trailing-mean smoothing of past betas, per-stock predicted-return signal. Stop-loss and take-profit inherited from improved 4.",2018-01-31,NVDA,Information Technology,1.2896775825679574,100000.0,-0.05,0.0,-0.05
improved_6_hzz_cross_sectional_trend_stop_take_top10,"Improved 6: replace the index-derived trend factor with a Han, Zhou, Zhu (2016) cross-sectional trend factor. Monthly OLS of next-month returns on 11 normalized MA ratios across the eligible cross-section, strict 12-month trailing-mean smoothing of past betas, per-stock predicted-return signal. Stop-loss and take-profit inherited from improved 4.",2018-01-31,LMT,Industrials,1.2553958993752379,100000.0,-0.05,0.0,-0.05
improved_6_hzz_cross_sectional_trend_stop_take_top10,"Improved 6: replace the index-derived trend factor with a Han, Zhou, Zhu (2016) cross-sectional trend factor. Monthly OLS of next-month returns on 11 normalized MA ratios across the eligible cross-section, strict 12-month trailing-mean smoothing of past betas, per-stock predicted-return signal. Stop-loss and take-profit inherited from improved 4.",2018-02-28,ABBV,Health Care,1.6956818979417057,100000.0,-0.05,0.0,-0.05
improved_6_hzz_cross_sectional_trend_stop_take_top10,"Improved 6: replace the index-derived trend factor with a Han, Zhou, Zhu (2016) cross-sectional trend factor. Monthly OLS of next-month returns on 11 normalized MA ratios across the eligible cross-section, strict 12-month trailing-mean smoothing of past betas, per-stock predicted-return signal. Stop-loss and take-profit inherited from improved 4.",2018-02-28,WYNN,Consumer Discretionary,1.566174693232217,100000.0,-0.05,0.0,-0.05
improved_6_hzz_cross_sectional_trend_stop_take_top10,"Improved 6: replace the index-derived trend factor with a Han, Zhou, Zhu (2016) cross-sectional trend factor. Monthly OLS of next-month returns on 11 normalized MA ratios across the eligible cross-section, strict 12-month trailing-mean smoothing of past betas, per-stock predicted-return signal. Stop-loss and take-profit inherited from improved 4.",2018-02-28,SPGI,Financials,1.528480091403968,100000.0,-0.0004185413833242,0.0,-0.0004185413833242
improved_6_hzz_cross_sectional_trend_stop_take_top10,"Improved 6: replace the index-derived trend factor with a Han, Zhou, Zhu (2016) cross-sectional trend factor. Monthly OLS of next-month returns on 11 normalized MA ratios across the eligible cross-section, strict 12-month trailing-mean smoothing of past betas, per-stock predicted-return signal. Stop-loss and take-profit inherited from improved 4.",2018-02-28,TPL,Energy,1.5108439760719174,100000.0,-0.05,0.0,-0.05
improved_6_hzz_cross_sectional_trend_stop_take_top10,"Improved 6: replace the index-derived trend factor with a Han, Zhou, Zhu (2016) cross-sectional trend factor. Monthly OLS of next-month returns on 11 normalized MA ratios across the eligible cross-section, strict 12-month trailing-mean smoothing of past betas, per-stock predicted-return signal. Stop-loss and take-profit inherited from improved 4.",2018-02-28,NVDA,Information Technology,1.4577113660102148,100000.0,-0.05,0.0,-0.05
improved_6_hzz_cross_sectional_trend_stop_take_top10,"Improved 6: replace the index-derived trend factor with a Han, Zhou, Zhu (2016) cross-sectional trend factor. Monthly OLS of next-month returns on 11 normalized MA ratios across the eligible cross-section, strict 12-month trailing-mean smoothing of past betas, per-stock predicted-return signal. Stop-loss and take-profit inherited from improved 4.",2018-02-28,HD,Consumer Discretionary,1.42241560080888,100000.0,-0.05,0.0,-0.05
improved_6_hzz_cross_sectional_trend_stop_take_top10,"Improved 6: replace the index-derived trend factor with a Han, Zhou, Zhu (2016) cross-sectional trend factor. Monthly OLS of next-month returns on 11 normalized MA ratios across the eligible cross-section, strict 12-month trailing-mean smoothing of past betas, per-stock predicted-return signal. Stop-loss and take-profit inherited from improved 4.",2018-02-28,LII,Industrials,1.315043587162147,100000.0,-0.05,0.0,-0.05
improved_6_hzz_cross_sectional_trend_stop_take_top10,"Improved 6: replace the index-derived trend factor with a Han, Zhou, Zhu (2016) cross-sectional trend factor. Monthly OLS of next-month returns on 11 normalized MA ratios across the eligible cross-section, strict 12-month trailing-mean smoothing of past betas, per-stock predicted-return signal. Stop-loss and take-profit inherited from improved 4.",2018-02-28,MU,Information Technology,1.193554588279295,100000.0,-0.05,0.0,-0.05
improved_6_hzz_cross_sectional_trend_stop_take_top10,"Improved 6: replace the index-derived trend factor with a Han, Zhou, Zhu (2016) cross-sectional trend factor. Monthly OLS of next-month returns on 11 normalized MA ratios across the eligible cross-section, strict 12-month trailing-mean smoothing of past betas, per-stock predicted-return signal. Stop-loss and take-profit inherited from improved 4.",2018-02-28,LOW,Consumer Discretionary,1.0335666611570558,100000.0,-0.05,0.0,-0.05
improved_6_hzz_cross_sectional_trend_stop_take_top10,"Improved 6: replace the index-derived trend factor with a Han, Zhou, Zhu (2016) cross-sectional trend factor. Monthly OLS of next-month returns on 11 normalized MA ratios across the eligible cross-section, strict 12-month trailing-mean smoothing of past betas, per-stock predicted-return signal. Stop-loss and take-profit inherited from improved 4.",2018-02-28,ALGN,Health Care,1.0121346834024956,100000.0,-0.05,0.0,-0.05
improved_6_hzz_cross_sectional_trend_stop_take_top10,"Improved 6: replace the index-derived trend factor with a Han, Zhou, Zhu (2016) cross-sectional trend factor. Monthly OLS of next-month returns on 11 normalized MA ratios across the eligible cross-section, strict 12-month trailing-mean smoothing of past betas, per-stock predicted-return signal. Stop-loss and take-profit inherited from improved 4.",2018-03-31,TPL,Energy,1.6499454757397176,100000.0,0.072387325329682,0.0,0.072387325329682
improved_6_hzz_cross_sectional_trend_stop_take_top10,"Improved 6: replace the index-derived trend factor with a Han, Zhou, Zhu (2016) cross-sectional trend factor. Monthly OLS of next-month returns on 11 normalized MA ratios across the eligible cross-section, strict 12-month trailing-mean smoothing of past betas, per-stock predicted-return signal. Stop-loss and take-profit inherited from improved 4.",2018-03-31,NVDA,Information Technology,1.3859591865719234,100000.0,-0.05,0.0,-0.05
improved_6_hzz_cross_sectional_trend_stop_take_top10,"Improved 6: replace the index-derived trend factor with a Han, Zhou, Zhu (2016) cross-sectional trend factor. Monthly OLS of next-month returns on 11 normalized MA ratios across the eligible cross-section, strict 12-month trailing-mean smoothing of past betas, per-stock predicted-return signal. Stop-loss and take-profit inherited from improved 4.",2018-03-31,SPGI,Financials,1.3047808078488219,100000.0,-0.0084121976869836,0.0,-0.0084121976869836
improved_6_hzz_cross_sectional_trend_stop_take_top10,"Improved 6: replace the index-derived trend factor with a Han, Zhou, Zhu (2016) cross-sectional trend factor. Monthly OLS of next-month returns on 11 normalized MA ratios across the eligible cross-section, strict 12-month trailing-mean smoothing of past betas, per-stock predicted-return signal. Stop-loss and take-profit inherited from improved 4.",2018-03-31,MU,Information Technology,1.2586887885403937,100000.0,-0.05,0.0,-0.05
improved_6_hzz_cross_sectional_trend_stop_take_top10,"Improved 6: replace the index-derived trend factor with a Han, Zhou, Zhu (2016) cross-sectional trend factor. Monthly OLS of next-month returns on 11 normalized MA ratios across the eligible cross-section, strict 12-month trailing-mean smoothing of past betas, per-stock predicted-return signal. Stop-loss and take-profit inherited from improved 4.",2018-03-31,MSCI,Financials,1.248615583716831,100000.0,0.0022073578597336,0.0,0.0022073578597336
improved_6_hzz_cross_sectional_trend_stop_take_top10,"Improved 6: replace the index-derived trend factor with a Han, Zhou, Zhu (2016) cross-sectional trend factor. Monthly OLS of next-month returns on 11 normalized MA ratios across the eligible cross-section, strict 12-month trailing-mean smoothing of past betas, per-stock predicted-return signal. Stop-loss and take-profit inherited from improved 4.",2018-03-31,ON,Information Technology,1.1588474538228768,100000.0,-0.05,0.0,-0.05
improved_6_hzz_cross_sectional_trend_stop_take_top10,"Improved 6: replace the index-derived trend factor with a Han, Zhou, Zhu (2016) cross-sectional trend factor. Monthly OLS of next-month returns on 11 normalized MA ratios across the eligible cross-section, strict 12-month trailing-mean smoothing of past betas, per-stock predicted-return signal. Stop-loss and take-profit inherited from improved 4.",2018-03-31,WYNN,Consumer Discretionary,1.1364474980279062,100000.0,0.0076306959630376,0.0,0.0076306959630376
improved_6_hzz_cross_sectional_trend_stop_take_top10,"Improved 6: replace the index-derived trend factor with a Han, Zhou, Zhu (2016) cross-sectional trend factor. Monthly OLS of next-month returns on 11 normalized MA ratios across the eligible cross-section, strict 12-month trailing-mean smoothing of past betas, per-stock predicted-return signal. Stop-loss and take-profit inherited from improved 4.",2018-03-31,LMT,Industrials,0.9719686633862323,100000.0,-0.05,0.0,-0.05
improved_6_hzz_cross_sectional_trend_stop_take_top10,"Improved 6: replace the index-derived trend factor with a Han, Zhou, Zhu (2016) cross-sectional trend factor. Monthly OLS of next-month returns on 11 normalized MA ratios across the eligible cross-section, strict 12-month trailing-mean smoothing of past betas, per-stock predicted-return signal. Stop-loss and take-profit inherited from improved 4.",2018-03-31,MPC,Energy,0.9536298035119244,100000.0,0.0268677176156237,0.0,0.0268677176156237
improved_6_hzz_cross_sectional_trend_stop_take_top10,"Improved 6: replace the index-derived trend factor with a Han, Zhou, Zhu (2016) cross-sectional trend factor. Monthly OLS of next-month returns on 11 normalized MA ratios across the eligible cross-section, strict 12-month trailing-mean smoothing of past betas, per-stock predicted-return signal. Stop-loss and take-profit inherited from improved 4.",2018-03-31,HD,Consumer Discretionary,0.9521210107792535,100000.0,0.0431837425916046,0.0,0.0431837425916046
improved_6_hzz_cross_sectional_trend_stop_take_top10,"Improved 6: replace the index-derived trend factor with a Han, Zhou, Zhu (2016) cross-sectional trend factor. Monthly OLS of next-month returns on 11 normalized MA ratios across the eligible cross-section, strict 12-month trailing-mean smoothing of past betas, per-stock predicted-return signal. Stop-loss and take-profit inherited from improved 4.",2018-04-30,BA,Industrials,2.3969789665832777,100000.0,0.0643915989292636,0.0,0.0643915989292636
improved_6_hzz_cross_sectional_trend_stop_take_top10,"Improved 6: replace the index-derived trend factor with a Han, Zhou, Zhu (2016) cross-sectional trend factor. Monthly OLS of next-month returns on 11 normalized MA ratios across the eligible cross-section, strict 12-month trailing-mean smoothing of past betas, per-stock predicted-return signal. Stop-loss and take-profit inherited from improved 4.",2018-04-30,SPGI,Financials,1.5592039686555141,100000.0,0.0475812849043575,0.0,0.0475812849043575
improved_6_hzz_cross_sectional_trend_stop_take_top10,"Improved 6: replace the index-derived trend factor with a Han, Zhou, Zhu (2016) cross-sectional trend factor. Monthly OLS of next-month returns on 11 normalized MA ratios across the eligible cross-section, strict 12-month trailing-mean smoothing of past betas, per-stock predicted-return signal. Stop-loss and take-profit inherited from improved 4.",2018-04-30,MU,Information Technology,1.3643253524070786,100000.0,0.3,0.0,0.3
improved_6_hzz_cross_sectional_trend_stop_take_top10,"Improved 6: replace the index-derived trend factor with a Han, Zhou, Zhu (2016) cross-sectional trend factor. Monthly OLS of next-month returns on 11 normalized MA ratios across the eligible cross-section, strict 12-month trailing-mean smoothing of past betas, per-stock predicted-return signal. Stop-loss and take-profit inherited from improved 4.",2018-04-30,TPL,Energy,1.3592533719848665,100000.0,0.2410656270315609,0.0,0.2410656270315609
improved_6_hzz_cross_sectional_trend_stop_take_top10,"Improved 6: replace the index-derived trend factor with a Han, Zhou, Zhu (2016) cross-sectional trend factor. Monthly OLS of next-month returns on 11 normalized MA ratios across the eligible cross-section, strict 12-month trailing-mean smoothing of past betas, per-stock predicted-return signal. Stop-loss and take-profit inherited from improved 4.",2018-04-30,LMT,Industrials,1.3149790682619906,100000.0,-0.05,0.0,-0.05
improved_6_hzz_cross_sectional_trend_stop_take_top10,"Improved 6: replace the index-derived trend factor with a Han, Zhou, Zhu (2016) cross-sectional trend factor. Monthly OLS of next-month returns on 11 normalized MA ratios across the eligible cross-section, strict 12-month trailing-mean smoothing of past betas, per-stock predicted-return signal. Stop-loss and take-profit inherited from improved 4.",2018-04-30,NVDA,Information Technology,1.1944938093009099,100000.0,0.1236710946472303,0.0,0.1236710946472303
improved_6_hzz_cross_sectional_trend_stop_take_top10,"Improved 6: replace the index-derived trend factor with a Han, Zhou, Zhu (2016) cross-sectional trend factor. Monthly OLS of next-month returns on 11 normalized MA ratios across the eligible cross-section, strict 12-month trailing-mean smoothing of past betas, per-stock predicted-return signal. Stop-loss and take-profit inherited from improved 4.",2018-04-30,HD,Consumer Discretionary,1.1858287538909302,100000.0,0.0154118286105806,0.0,0.0154118286105806
improved_6_hzz_cross_sectional_trend_stop_take_top10,"Improved 6: replace the index-derived trend factor with a Han, Zhou, Zhu (2016) cross-sectional trend factor. Monthly OLS of next-month returns on 11 normalized MA ratios across the eligible cross-section, strict 12-month trailing-mean smoothing of past betas, per-stock predicted-return signal. Stop-loss and take-profit inherited from improved 4.",2018-04-30,ON,Information Technology,1.149915262247621,100000.0,0.1422727272727273,0.0,0.1422727272727273
improved_6_hzz_cross_sectional_trend_stop_take_top10,"Improved 6: replace the index-derived trend factor with a Han, Zhou, Zhu (2016) cross-sectional trend factor. Monthly OLS of next-month returns on 11 normalized MA ratios across the eligible cross-section, strict 12-month trailing-mean smoothing of past betas, per-stock predicted-return signal. Stop-loss and take-profit inherited from improved 4.",2018-04-30,WYNN,Consumer Discretionary,1.1308782680879248,100000.0,0.0442797625391933,0.0,0.0442797625391933
improved_6_hzz_cross_sectional_trend_stop_take_top10,"Improved 6: replace the index-derived trend factor with a Han, Zhou, Zhu (2016) cross-sectional trend factor. Monthly OLS of next-month returns on 11 normalized MA ratios across the eligible cross-section, strict 12-month trailing-mean smoothing of past betas, per-stock predicted-return signal. Stop-loss and take-profit inherited from improved 4.",2018-04-30,MPC,Energy,1.0773096728875822,100000.0,-0.05,0.0,-0.05
improved_6_hzz_cross_sectional_trend_stop_take_top10,"Improved 6: replace the index-derived trend factor with a Han, Zhou, Zhu (2016) cross-sectional trend factor. Monthly OLS of next-month returns on 11 normalized MA ratios across the eligible cross-section, strict 12-month trailing-mean smoothing of past betas, per-stock predicted-return signal. Stop-loss and take-profit inherited from improved 4.",2018-05-31,BA,Industrials,2.2097836749137247,100000.0,-0.05,0.0,-0.05
improved_6_hzz_cross_sectional_trend_stop_take_top10,"Improved 6: replace the index-derived trend factor with a Han, Zhou, Zhu (2016) cross-sectional trend factor. Monthly OLS of next-month returns on 11 normalized MA ratios across the eligible cross-section, strict 12-month trailing-mean smoothing of past betas, per-stock predicted-return signal. Stop-loss and take-profit inherited from improved 4.",2018-05-31,MU,Information Technology,1.7334385808716495,100000.0,-0.05,0.0,-0.05
improved_6_hzz_cross_sectional_trend_stop_take_top10,"Improved 6: replace the index-derived trend factor with a Han, Zhou, Zhu (2016) cross-sectional trend factor. Monthly OLS of next-month returns on 11 normalized MA ratios across the eligible cross-section, strict 12-month trailing-mean smoothing of past betas, per-stock predicted-return signal. Stop-loss and take-profit inherited from improved 4.",2018-05-31,SPGI,Financials,1.338537174770476,100000.0,0.0201130734976988,0.0,0.0201130734976988
improved_6_hzz_cross_sectional_trend_stop_take_top10,"Improved 6: replace the index-derived trend factor with a Han, Zhou, Zhu (2016) cross-sectional trend factor. Monthly OLS of next-month returns on 11 normalized MA ratios across the eligible cross-section, strict 12-month trailing-mean smoothing of past betas, per-stock predicted-return signal. Stop-loss and take-profit inherited from improved 4.",2018-05-31,IBKR,Financials,1.3064548485257266,100000.0,-0.05,0.0,-0.05
improved_6_hzz_cross_sectional_trend_stop_take_top10,"Improved 6: replace the index-derived trend factor with a Han, Zhou, Zhu (2016) cross-sectional trend factor. Monthly OLS of next-month returns on 11 normalized MA ratios across the eligible cross-section, strict 12-month trailing-mean smoothing of past betas, per-stock predicted-return signal. Stop-loss and take-profit inherited from improved 4.",2018-05-31,STX,Information Technology,1.2918844667252283,100000.0,0.0085496513684968,0.0,0.0085496513684968
improved_6_hzz_cross_sectional_trend_stop_take_top10,"Improved 6: replace the index-derived trend factor with a Han, Zhou, Zhu (2016) cross-sectional trend factor. Monthly OLS of next-month returns on 11 normalized MA ratios across the eligible cross-section, strict 12-month trailing-mean smoothing of past betas, per-stock predicted-return signal. Stop-loss and take-profit inherited from improved 4.",2018-05-31,RL,Consumer Discretionary,1.2659965586563242,100000.0,-0.05,0.0,-0.05
improved_6_hzz_cross_sectional_trend_stop_take_top10,"Improved 6: replace the index-derived trend factor with a Han, Zhou, Zhu (2016) cross-sectional trend factor. Monthly OLS of next-month returns on 11 normalized MA ratios across the eligible cross-section, strict 12-month trailing-mean smoothing of past betas, per-stock predicted-return signal. Stop-loss and take-profit inherited from improved 4.",2018-05-31,LMT,Industrials,1.2477255051283724,100000.0,-0.05,0.0,-0.05
improved_6_hzz_cross_sectional_trend_stop_take_top10,"Improved 6: replace the index-derived trend factor with a Han, Zhou, Zhu (2016) cross-sectional trend factor. Monthly OLS of next-month returns on 11 normalized MA ratios across the eligible cross-section, strict 12-month trailing-mean smoothing of past betas, per-stock predicted-return signal. Stop-loss and take-profit inherited from improved 4.",2018-05-31,TPL,Energy,1.2376749510988425,100000.0,-0.05,0.0,-0.05
improved_6_hzz_cross_sectional_trend_stop_take_top10,"Improved 6: replace the index-derived trend factor with a Han, Zhou, Zhu (2016) cross-sectional trend factor. Monthly OLS of next-month returns on 11 normalized MA ratios across the eligible cross-section, strict 12-month trailing-mean smoothing of past betas, per-stock predicted-return signal. Stop-loss and take-profit inherited from improved 4.",2018-05-31,LULU,Consumer Discretionary,1.1852363082705866,100000.0,0.0956559894690654,0.0,0.0956559894690654
improved_6_hzz_cross_sectional_trend_stop_take_top10,"Improved 6: replace the index-derived trend factor with a Han, Zhou, Zhu (2016) cross-sectional trend factor. Monthly OLS of next-month returns on 11 normalized MA ratios across the eligible cross-section, strict 12-month trailing-mean smoothing of past betas, per-stock predicted-return signal. Stop-loss and take-profit inherited from improved 4.",2018-05-31,ON,Information Technology,1.1044103899771667,100000.0,-0.05,0.0,-0.05
improved_6_hzz_cross_sectional_trend_stop_take_top10,"Improved 6: replace the index-derived trend factor with a Han, Zhou, Zhu (2016) cross-sectional trend factor. Monthly OLS of next-month returns on 11 normalized MA ratios across the eligible cross-section, strict 12-month trailing-mean smoothing of past betas, per-stock predicted-return signal. Stop-loss and take-profit inherited from improved 4.",2018-06-30,TPL,Energy,1.9599810592566147,100000.0,0.0643426237526507,0.0,0.0643426237526507
improved_6_hzz_cross_sectional_trend_stop_take_top10,"Improved 6: replace the index-derived trend factor with a Han, Zhou, Zhu (2016) cross-sectional trend factor. Monthly OLS of next-month returns on 11 normalized MA ratios across the eligible cross-section, strict 12-month trailing-mean smoothing of past betas, per-stock predicted-return signal. Stop-loss and take-profit inherited from improved 4.",2018-06-30,BA,Industrials,1.7362652424850356,100000.0,0.0774441319665508,0.0,0.0774441319665508
improved_6_hzz_cross_sectional_trend_stop_take_top10,"Improved 6: replace the index-derived trend factor with a Han, Zhou, Zhu (2016) cross-sectional trend factor. Monthly OLS of next-month returns on 11 normalized MA ratios across the eligible cross-section, strict 12-month trailing-mean smoothing of past betas, per-stock predicted-return signal. Stop-loss and take-profit inherited from improved 4.",2018-06-30,HD,Consumer Discretionary,1.3513546721830283,100000.0,0.0190898772057253,0.0,0.0190898772057253
improved_6_hzz_cross_sectional_trend_stop_take_top10,"Improved 6: replace the index-derived trend factor with a Han, Zhou, Zhu (2016) cross-sectional trend factor. Monthly OLS of next-month returns on 11 normalized MA ratios across the eligible cross-section, strict 12-month trailing-mean smoothing of past betas, per-stock predicted-return signal. Stop-loss and take-profit inherited from improved 4.",2018-06-30,SPGI,Financials,1.1849128055445197,100000.0,-0.0105148837436808,0.0,-0.0105148837436808
improved_6_hzz_cross_sectional_trend_stop_take_top10,"Improved 6: replace the index-derived trend factor with a Han, Zhou, Zhu (2016) cross-sectional trend factor. Monthly OLS of next-month returns on 11 normalized MA ratios across the eligible cross-section, strict 12-month trailing-mean smoothing of past betas, per-stock predicted-return signal. Stop-loss and take-profit inherited from improved 4.",2018-06-30,CF,Materials,1.1336875047631083,100000.0,-0.05,0.0,-0.05
improved_6_hzz_cross_sectional_trend_stop_take_top10,"Improved 6: replace the index-derived trend factor with a Han, Zhou, Zhu (2016) cross-sectional trend factor. Monthly OLS of next-month returns on 11 normalized MA ratios across the eligible cross-section, strict 12-month trailing-mean smoothing of past betas, per-stock predicted-return signal. Stop-loss and take-profit inherited from improved 4.",2018-06-30,LULU,Consumer Discretionary,1.1204698196800325,100000.0,-0.05,0.0,-0.05
improved_6_hzz_cross_sectional_trend_stop_take_top10,"Improved 6: replace the index-derived trend factor with a Han, Zhou, Zhu (2016) cross-sectional trend factor. Monthly OLS of next-month returns on 11 normalized MA ratios across the eligible cross-section, strict 12-month trailing-mean smoothing of past betas, per-stock predicted-return signal. Stop-loss and take-profit inherited from improved 4.",2018-06-30,VLO,Energy,1.096405036127089,100000.0,-0.05,0.0,-0.05
improved_6_hzz_cross_sectional_trend_stop_take_top10,"Improved 6: replace the index-derived trend factor with a Han, Zhou, Zhu (2016) cross-sectional trend factor. Monthly OLS of next-month returns on 11 normalized MA ratios across the eligible cross-section, strict 12-month trailing-mean smoothing of past betas, per-stock predicted-return signal. Stop-loss and take-profit inherited from improved 4.",2018-06-30,STX,Information Technology,1.041814448396414,100000.0,-0.05,0.0,-0.05
improved_6_hzz_cross_sectional_trend_stop_take_top10,"Improved 6: replace the index-derived trend factor with a Han, Zhou, Zhu (2016) cross-sectional trend factor. Monthly OLS of next-month returns on 11 normalized MA ratios across the eligible cross-section, strict 12-month trailing-mean smoothing of past betas, per-stock predicted-return signal. Stop-loss and take-profit inherited from improved 4.",2018-06-30,IBKR,Financials,1.013963972432122,100000.0,-0.05,0.0,-0.05
improved_6_hzz_cross_sectional_trend_stop_take_top10,"Improved 6: replace the index-derived trend factor with a Han, Zhou, Zhu (2016) cross-sectional trend factor. Monthly OLS of next-month returns on 11 normalized MA ratios across the eligible cross-section, strict 12-month trailing-mean smoothing of past betas, per-stock predicted-return signal. Stop-loss and take-profit inherited from improved 4.",2018-06-30,TSCO,Consumer Discretionary,1.0097298001395736,100000.0,0.0288727752171051,0.0,0.0288727752171051
improved_6_hzz_cross_sectional_trend_stop_take_top10,"Improved 6: replace the index-derived trend factor with a Han, Zhou, Zhu (2016) cross-sectional trend factor. Monthly OLS of next-month returns on 11 normalized MA ratios across the eligible cross-section, strict 12-month trailing-mean smoothing of past betas, per-stock predicted-return signal. Stop-loss and take-profit inherited from improved 4.",2018-07-31,TPL,Energy,1.648065128116483,100000.0,0.0909934640515004,0.0,0.0909934640515004
improved_6_hzz_cross_sectional_trend_stop_take_top10,"Improved 6: replace the index-derived trend factor with a Han, Zhou, Zhu (2016) cross-sectional trend factor. Monthly OLS of next-month returns on 11 normalized MA ratios across the eligible cross-section, strict 12-month trailing-mean smoothing of past betas, per-stock predicted-return signal. Stop-loss and take-profit inherited from improved 4.",2018-07-31,BA,Industrials,1.4393223479992392,100000.0,-0.05,0.0,-0.05
improved_6_hzz_cross_sectional_trend_stop_take_top10,"Improved 6: replace the index-derived trend factor with a Han, Zhou, Zhu (2016) cross-sectional trend factor. Monthly OLS of next-month returns on 11 normalized MA ratios across the eligible cross-section, strict 12-month trailing-mean smoothing of past betas, per-stock predicted-return signal. Stop-loss and take-profit inherited from improved 4.",2018-07-31,MU,Information Technology,1.3597236207318175,100000.0,-0.05,0.0,-0.05
improved_6_hzz_cross_sectional_trend_stop_take_top10,"Improved 6: replace the index-derived trend factor with a Han, Zhou, Zhu (2016) cross-sectional trend factor. Monthly OLS of next-month returns on 11 normalized MA ratios across the eligible cross-section, strict 12-month trailing-mean smoothing of past betas, per-stock predicted-return signal. Stop-loss and take-profit inherited from improved 4.",2018-07-31,ORLY,Consumer Discretionary,1.264994471628472,100000.0,0.1082402696096416,0.0,0.1082402696096416
improved_6_hzz_cross_sectional_trend_stop_take_top10,"Improved 6: replace the index-derived trend factor with a Han, Zhou, Zhu (2016) cross-sectional trend factor. Monthly OLS of next-month returns on 11 normalized MA ratios across the eligible cross-section, strict 12-month trailing-mean smoothing of past betas, per-stock predicted-return signal. Stop-loss and take-profit inherited from improved 4.",2018-07-31,HD,Consumer Discretionary,1.2531072207296996,100000.0,0.0250703674625454,0.0,0.0250703674625454
improved_6_hzz_cross_sectional_trend_stop_take_top10,"Improved 6: replace the index-derived trend factor with a Han, Zhou, Zhu (2016) cross-sectional trend factor. Monthly OLS of next-month returns on 11 normalized MA ratios across the eligible cross-section, strict 12-month trailing-mean smoothing of past betas, per-stock predicted-return signal. Stop-loss and take-profit inherited from improved 4.",2018-07-31,VLO,Energy,1.2135266232601831,100000.0,0.0179300224227811,0.0,0.0179300224227811
improved_6_hzz_cross_sectional_trend_stop_take_top10,"Improved 6: replace the index-derived trend factor with a Han, Zhou, Zhu (2016) cross-sectional trend factor. Monthly OLS of next-month returns on 11 normalized MA ratios across the eligible cross-section, strict 12-month trailing-mean smoothing of past betas, per-stock predicted-return signal. Stop-loss and take-profit inherited from improved 4.",2018-07-31,CF,Materials,1.1041233729349038,100000.0,0.1832206315060165,0.0,0.1832206315060165
improved_6_hzz_cross_sectional_trend_stop_take_top10,"Improved 6: replace the index-derived trend factor with a Han, Zhou, Zhu (2016) cross-sectional trend factor. Monthly OLS of next-month returns on 11 normalized MA ratios across the eligible cross-section, strict 12-month trailing-mean smoothing of past betas, per-stock predicted-return signal. Stop-loss and take-profit inherited from improved 4.",2018-07-31,GWW,Industrials,1.0721545479834522,100000.0,0.0271072172399768,0.0,0.0271072172399768
improved_6_hzz_cross_sectional_trend_stop_take_top10,"Improved 6: replace the index-derived trend factor with a Han, Zhou, Zhu (2016) cross-sectional trend factor. Monthly OLS of next-month returns on 11 normalized MA ratios across the eligible cross-section, strict 12-month trailing-mean smoothing of past betas, per-stock predicted-return signal. Stop-loss and take-profit inherited from improved 4.",2018-07-31,LULU,Consumer Discretionary,1.0538548958045033,100000.0,0.3,0.0,0.3
improved_6_hzz_cross_sectional_trend_stop_take_top10,"Improved 6: replace the index-derived trend factor with a Han, Zhou, Zhu (2016) cross-sectional trend factor. Monthly OLS of next-month returns on 11 normalized MA ratios across the eligible cross-section, strict 12-month trailing-mean smoothing of past betas, per-stock predicted-return signal. Stop-loss and take-profit inherited from improved 4.",2018-07-31,SPGI,Financials,1.0462493290775605,100000.0,0.0437866655894474,0.0,0.0437866655894474
improved_6_hzz_cross_sectional_trend_stop_take_top10,"Improved 6: replace the index-derived trend factor with a Han, Zhou, Zhu (2016) cross-sectional trend factor. Monthly OLS of next-month returns on 11 normalized MA ratios across the eligible cross-section, strict 12-month trailing-mean smoothing of past betas, per-stock predicted-return signal. Stop-loss and take-profit inherited from improved 4.",2018-08-31,BA,Industrials,1.3039464811885593,100000.0,0.0887002341921359,0.0,0.0887002341921359
improved_6_hzz_cross_sectional_trend_stop_take_top10,"Improved 6: replace the index-derived trend factor with a Han, Zhou, Zhu (2016) cross-sectional trend factor. Monthly OLS of next-month returns on 11 normalized MA ratios across the eligible cross-section, strict 12-month trailing-mean smoothing of past betas, per-stock predicted-return signal. Stop-loss and take-profit inherited from improved 4.",2018-08-31,ORLY,Consumer Discretionary,1.2476103439333088,100000.0,0.0351692894626252,0.0,0.0351692894626252
improved_6_hzz_cross_sectional_trend_stop_take_top10,"Improved 6: replace the index-derived trend factor with a Han, Zhou, Zhu (2016) cross-sectional trend factor. Monthly OLS of next-month returns on 11 normalized MA ratios across the eligible cross-section, strict 12-month trailing-mean smoothing of past betas, per-stock predicted-return signal. Stop-loss and take-profit inherited from improved 4.",2018-08-31,GWW,Industrials,1.2097151135214361,100000.0,0.0062218468470141,0.0,0.0062218468470141
improved_6_hzz_cross_sectional_trend_stop_take_top10,"Improved 6: replace the index-derived trend factor with a Han, Zhou, Zhu (2016) cross-sectional trend factor. Monthly OLS of next-month returns on 11 normalized MA ratios across the eligible cross-section, strict 12-month trailing-mean smoothing of past betas, per-stock predicted-return signal. Stop-loss and take-profit inherited from improved 4.",2018-08-31,HD,Consumer Discretionary,1.160467532441881,100000.0,0.0321889481286208,0.0,0.0321889481286208
improved_6_hzz_cross_sectional_trend_stop_take_top10,"Improved 6: replace the index-derived trend factor with a Han, Zhou, Zhu (2016) cross-sectional trend factor. Monthly OLS of next-month returns on 11 normalized MA ratios across the eligible cross-section, strict 12-month trailing-mean smoothing of past betas, per-stock predicted-return signal. Stop-loss and take-profit inherited from improved 4.",2018-08-31,TPL,Energy,1.0777104080739415,100000.0,0.0268571428570183,0.0,0.0268571428570183
improved_6_hzz_cross_sectional_trend_stop_take_top10,"Improved 6: replace the index-derived trend factor with a Han, Zhou, Zhu (2016) cross-sectional trend factor. Monthly OLS of next-month returns on 11 normalized MA ratios across the eligible cross-section, strict 12-month trailing-mean smoothing of past betas, per-stock predicted-return signal. Stop-loss and take-profit inherited from improved 4.",2018-08-31,CF,Materials,1.0085023617238686,100000.0,0.0495469442849989,0.0,0.0495469442849989
improved_6_hzz_cross_sectional_trend_stop_take_top10,"Improved 6: replace the index-derived trend factor with a Han, Zhou, Zhu (2016) cross-sectional trend factor. Monthly OLS of next-month returns on 11 normalized MA ratios across the eligible cross-section, strict 12-month trailing-mean smoothing of past betas, per-stock predicted-return signal. Stop-loss and take-profit inherited from improved 4.",2018-08-31,STX,Information Technology,0.8843178308270495,100000.0,-0.05,0.0,-0.05
improved_6_hzz_cross_sectional_trend_stop_take_top10,"Improved 6: replace the index-derived trend factor with a Han, Zhou, Zhu (2016) cross-sectional trend factor. Monthly OLS of next-month returns on 11 normalized MA ratios across the eligible cross-section, strict 12-month trailing-mean smoothing of past betas, per-stock predicted-return signal. Stop-loss and take-profit inherited from improved 4.",2018-08-31,SPGI,Financials,0.8621488157249884,100000.0,-0.05,0.0,-0.05
improved_6_hzz_cross_sectional_trend_stop_take_top10,"Improved 6: replace the index-derived trend factor with a Han, Zhou, Zhu (2016) cross-sectional trend factor. Monthly OLS of next-month returns on 11 normalized MA ratios across the eligible cross-section, strict 12-month trailing-mean smoothing of past betas, per-stock predicted-return signal. Stop-loss and take-profit inherited from improved 4.",2018-08-31,VLO,Energy,0.8610953041957665,100000.0,-0.05,0.0,-0.05
improved_6_hzz_cross_sectional_trend_stop_take_top10,"Improved 6: replace the index-derived trend factor with a Han, Zhou, Zhu (2016) cross-sectional trend factor. Monthly OLS of next-month returns on 11 normalized MA ratios across the eligible cross-section, strict 12-month trailing-mean smoothing of past betas, per-stock predicted-return signal. Stop-loss and take-profit inherited from improved 4.",2018-08-31,ALGN,Health Care,0.8379376970424297,100000.0,-0.05,0.0,-0.05
improved_6_hzz_cross_sectional_trend_stop_take_top10,"Improved 6: replace the index-derived trend factor with a Han, Zhou, Zhu (2016) cross-sectional trend factor. Monthly OLS of next-month returns on 11 normalized MA ratios across the eligible cross-section, strict 12-month trailing-mean smoothing of past betas, per-stock predicted-return signal. Stop-loss and take-profit inherited from improved 4.",2018-09-30,TPL,Energy,1.4545524336336295,100000.0,-0.05,0.0,-0.05
improved_6_hzz_cross_sectional_trend_stop_take_top10,"Improved 6: replace the index-derived trend factor with a Han, Zhou, Zhu (2016) cross-sectional trend factor. Monthly OLS of next-month returns on 11 normalized MA ratios across the eligible cross-section, strict 12-month trailing-mean smoothing of past betas, per-stock predicted-return signal. Stop-loss and take-profit inherited from improved 4.",2018-09-30,ORLY,Consumer Discretionary,1.4066704914147623,100000.0,-0.05,0.0,-0.05
improved_6_hzz_cross_sectional_trend_stop_take_top10,"Improved 6: replace the index-derived trend factor with a Han, Zhou, Zhu (2016) cross-sectional trend factor. Monthly OLS of next-month returns on 11 normalized MA ratios across the eligible cross-section, strict 12-month trailing-mean smoothing of past betas, per-stock predicted-return signal. Stop-loss and take-profit inherited from improved 4.",2018-09-30,SPGI,Financials,1.2998677028231238,100000.0,-0.05,0.0,-0.05
improved_6_hzz_cross_sectional_trend_stop_take_top10,"Improved 6: replace the index-derived trend factor with a Han, Zhou, Zhu (2016) cross-sectional trend factor. Monthly OLS of next-month returns on 11 normalized MA ratios across the eligible cross-section, strict 12-month trailing-mean smoothing of past betas, per-stock predicted-return signal. Stop-loss and take-profit inherited from improved 4.",2018-09-30,LULU,Consumer Discretionary,1.2952944613951909,100000.0,-0.05,0.0,-0.05
improved_6_hzz_cross_sectional_trend_stop_take_top10,"Improved 6: replace the index-derived trend factor with a Han, Zhou, Zhu (2016) cross-sectional trend factor. Monthly OLS of next-month returns on 11 normalized MA ratios across the eligible cross-section, strict 12-month trailing-mean smoothing of past betas, per-stock predicted-return signal. Stop-loss and take-profit inherited from improved 4.",2018-09-30,AMD,Information Technology,1.2926840234018082,100000.0,-0.05,0.0,-0.05
improved_6_hzz_cross_sectional_trend_stop_take_top10,"Improved 6: replace the index-derived trend factor with a Han, Zhou, Zhu (2016) cross-sectional trend factor. Monthly OLS of next-month returns on 11 normalized MA ratios across the eligible cross-section, strict 12-month trailing-mean smoothing of past betas, per-stock predicted-return signal. Stop-loss and take-profit inherited from improved 4.",2018-09-30,HD,Consumer Discretionary,1.1158332959726804,100000.0,-0.05,0.0,-0.05
improved_6_hzz_cross_sectional_trend_stop_take_top10,"Improved 6: replace the index-derived trend factor with a Han, Zhou, Zhu (2016) cross-sectional trend factor. Monthly OLS of next-month returns on 11 normalized MA ratios across the eligible cross-section, strict 12-month trailing-mean smoothing of past betas, per-stock predicted-return signal. Stop-loss and take-profit inherited from improved 4.",2018-09-30,BA,Industrials,1.0191168809513684,100000.0,-0.05,0.0,-0.05
improved_6_hzz_cross_sectional_trend_stop_take_top10,"Improved 6: replace the index-derived trend factor with a Han, Zhou, Zhu (2016) cross-sectional trend factor. Monthly OLS of next-month returns on 11 normalized MA ratios across the eligible cross-section, strict 12-month trailing-mean smoothing of past betas, per-stock predicted-return signal. Stop-loss and take-profit inherited from improved 4.",2018-09-30,KMB,Consumer Staples,0.997544876607682,100000.0,-0.05,0.0,-0.05
improved_6_hzz_cross_sectional_trend_stop_take_top10,"Improved 6: replace the index-derived trend factor with a Han, Zhou, Zhu (2016) cross-sectional trend factor. Monthly OLS of next-month returns on 11 normalized MA ratios across the eligible cross-section, strict 12-month trailing-mean smoothing of past betas, per-stock predicted-return signal. Stop-loss and take-profit inherited from improved 4.",2018-09-30,FTNT,Information Technology,0.9720221903254175,100000.0,-0.05,0.0,-0.05
improved_6_hzz_cross_sectional_trend_stop_take_top10,"Improved 6: replace the index-derived trend factor with a Han, Zhou, Zhu (2016) cross-sectional trend factor. Monthly OLS of next-month returns on 11 normalized MA ratios across the eligible cross-section, strict 12-month trailing-mean smoothing of past betas, per-stock predicted-return signal. Stop-loss and take-profit inherited from improved 4.",2018-09-30,GWW,Industrials,0.9307483541770031,100000.0,-0.05,0.0,-0.05
improved_6_hzz_cross_sectional_trend_stop_take_top10,"Improved 6: replace the index-derived trend factor with a Han, Zhou, Zhu (2016) cross-sectional trend factor. Monthly OLS of next-month returns on 11 normalized MA ratios across the eligible cross-section, strict 12-month trailing-mean smoothing of past betas, per-stock predicted-return signal. Stop-loss and take-profit inherited from improved 4.",2018-10-31,ORLY,Consumer Discretionary,1.818595449993686,100000.0,0.0867099119441572,0.0,0.0867099119441572
improved_6_hzz_cross_sectional_trend_stop_take_top10,"Improved 6: replace the index-derived trend factor with a Han, Zhou, Zhu (2016) cross-sectional trend factor. Monthly OLS of next-month returns on 11 normalized MA ratios across the eligible cross-section, strict 12-month trailing-mean smoothing of past betas, per-stock predicted-return signal. Stop-loss and take-profit inherited from improved 4.",2018-10-31,KMB,Consumer Staples,1.4113316042049397,100000.0,0.1081548362308821,0.0,0.1081548362308821
improved_6_hzz_cross_sectional_trend_stop_take_top10,"Improved 6: replace the index-derived trend factor with a Han, Zhou, Zhu (2016) cross-sectional trend factor. Monthly OLS of next-month returns on 11 normalized MA ratios across the eligible cross-section, strict 12-month trailing-mean smoothing of past betas, per-stock predicted-return signal. Stop-loss and take-profit inherited from improved 4.",2018-10-31,HD,Consumer Discretionary,1.226874873182042,100000.0,-0.05,0.0,-0.05
improved_6_hzz_cross_sectional_trend_stop_take_top10,"Improved 6: replace the index-derived trend factor with a Han, Zhou, Zhu (2016) cross-sectional trend factor. Monthly OLS of next-month returns on 11 normalized MA ratios across the eligible cross-section, strict 12-month trailing-mean smoothing of past betas, per-stock predicted-return signal. Stop-loss and take-profit inherited from improved 4.",2018-10-31,UPS,Industrials,1.0894737185172163,100000.0,0.0875010105142175,0.0,0.0875010105142175
improved_6_hzz_cross_sectional_trend_stop_take_top10,"Improved 6: replace the index-derived trend factor with a Han, Zhou, Zhu (2016) cross-sectional trend factor. Monthly OLS of next-month returns on 11 normalized MA ratios across the eligible cross-section, strict 12-month trailing-mean smoothing of past betas, per-stock predicted-return signal. Stop-loss and take-profit inherited from improved 4.",2018-10-31,LMT,Industrials,1.0819854717568151,100000.0,0.0233320934635619,0.0,0.0233320934635619
improved_6_hzz_cross_sectional_trend_stop_take_top10,"Improved 6: replace the index-derived trend factor with a Han, Zhou, Zhu (2016) cross-sectional trend factor. Monthly OLS of next-month returns on 11 normalized MA ratios across the eligible cross-section, strict 12-month trailing-mean smoothing of past betas, per-stock predicted-return signal. Stop-loss and take-profit inherited from improved 4.",2018-10-31,LULU,Consumer Discretionary,1.0198064988068063,100000.0,-0.05,0.0,-0.05
improved_6_hzz_cross_sectional_trend_stop_take_top10,"Improved 6: replace the index-derived trend factor with a Han, Zhou, Zhu (2016) cross-sectional trend factor. Monthly OLS of next-month returns on 11 normalized MA ratios across the eligible cross-section, strict 12-month trailing-mean smoothing of past betas, per-stock predicted-return signal. Stop-loss and take-profit inherited from improved 4.",2018-10-31,TSCO,Consumer Discretionary,1.0158044282383987,100000.0,-0.05,0.0,-0.05
improved_6_hzz_cross_sectional_trend_stop_take_top10,"Improved 6: replace the index-derived trend factor with a Han, Zhou, Zhu (2016) cross-sectional trend factor. Monthly OLS of next-month returns on 11 normalized MA ratios across the eligible cross-section, strict 12-month trailing-mean smoothing of past betas, per-stock predicted-return signal. Stop-loss and take-profit inherited from improved 4.",2018-10-31,AMD,Information Technology,1.0157740890602074,100000.0,-0.05,0.0,-0.05
improved_6_hzz_cross_sectional_trend_stop_take_top10,"Improved 6: replace the index-derived trend factor with a Han, Zhou, Zhu (2016) cross-sectional trend factor. Monthly OLS of next-month returns on 11 normalized MA ratios across the eligible cross-section, strict 12-month trailing-mean smoothing of past betas, per-stock predicted-return signal. Stop-loss and take-profit inherited from improved 4.",2018-10-31,CLX,Consumer Staples,0.9875023198304078,100000.0,0.1173930643644247,0.0,0.1173930643644247
improved_6_hzz_cross_sectional_trend_stop_take_top10,"Improved 6: replace the index-derived trend factor with a Han, Zhou, Zhu (2016) cross-sectional trend factor. Monthly OLS of next-month returns on 11 normalized MA ratios across the eligible cross-section, strict 12-month trailing-mean smoothing of past betas, per-stock predicted-return signal. Stop-loss and take-profit inherited from improved 4.",2018-10-31,TJX,Consumer Discretionary,0.9484045006506865,100000.0,-0.05,0.0,-0.05
improved_6_hzz_cross_sectional_trend_stop_take_top10,"Improved 6: replace the index-derived trend factor with a Han, Zhou, Zhu (2016) cross-sectional trend factor. Monthly OLS of next-month returns on 11 normalized MA ratios across the eligible cross-section, strict 12-month trailing-mean smoothing of past betas, per-stock predicted-return signal. Stop-loss and take-profit inherited from improved 4.",2018-11-30,ORLY,Consumer Discretionary,1.9031912762228302,100000.0,-0.05,0.0,-0.05
improved_6_hzz_cross_sectional_trend_stop_take_top10,"Improved 6: replace the index-derived trend factor with a Han, Zhou, Zhu (2016) cross-sectional trend factor. Monthly OLS of next-month returns on 11 normalized MA ratios across the eligible cross-section, strict 12-month trailing-mean smoothing of past betas, per-stock predicted-return signal. Stop-loss and take-profit inherited from improved 4.",2018-11-30,KMB,Consumer Staples,1.887265373304868,100000.0,-0.05,0.0,-0.05
improved_6_hzz_cross_sectional_trend_stop_take_top10,"Improved 6: replace the index-derived trend factor with a Han, Zhou, Zhu (2016) cross-sectional trend factor. Monthly OLS of next-month returns on 11 normalized MA ratios across the eligible cross-section, strict 12-month trailing-mean smoothing of past betas, per-stock predicted-return signal. Stop-loss and take-profit inherited from improved 4.",2018-11-30,LMT,Industrials,1.817269328473705,100000.0,-0.05,0.0,-0.05
improved_6_hzz_cross_sectional_trend_stop_take_top10,"Improved 6: replace the index-derived trend factor with a Han, Zhou, Zhu (2016) cross-sectional trend factor. Monthly OLS of next-month returns on 11 normalized MA ratios across the eligible cross-section, strict 12-month trailing-mean smoothing of past betas, per-stock predicted-return signal. Stop-loss and take-profit inherited from improved 4.",2018-11-30,HD,Consumer Discretionary,1.6290198665466185,100000.0,-0.05,0.0,-0.05
improved_6_hzz_cross_sectional_trend_stop_take_top10,"Improved 6: replace the index-derived trend factor with a Han, Zhou, Zhu (2016) cross-sectional trend factor. Monthly OLS of next-month returns on 11 normalized MA ratios across the eligible cross-section, strict 12-month trailing-mean smoothing of past betas, per-stock predicted-return signal. Stop-loss and take-profit inherited from improved 4.",2018-11-30,MCO,Financials,1.3905455582140447,100000.0,-0.05,0.0,-0.05
improved_6_hzz_cross_sectional_trend_stop_take_top10,"Improved 6: replace the index-derived trend factor with a Han, Zhou, Zhu (2016) cross-sectional trend factor. Monthly OLS of next-month returns on 11 normalized MA ratios across the eligible cross-section, strict 12-month trailing-mean smoothing of past betas, per-stock predicted-return signal. Stop-loss and take-profit inherited from improved 4.",2018-11-30,ABBV,Health Care,1.33859489202433,100000.0,-0.05,0.0,-0.05
improved_6_hzz_cross_sectional_trend_stop_take_top10,"Improved 6: replace the index-derived trend factor with a Han, Zhou, Zhu (2016) cross-sectional trend factor. Monthly OLS of next-month returns on 11 normalized MA ratios across the eligible cross-section, strict 12-month trailing-mean smoothing of past betas, per-stock predicted-return signal. Stop-loss and take-profit inherited from improved 4.",2018-11-30,AMD,Information Technology,1.1408302959140275,100000.0,-0.05,0.0,-0.05
improved_6_hzz_cross_sectional_trend_stop_take_top10,"Improved 6: replace the index-derived trend factor with a Han, Zhou, Zhu (2016) cross-sectional trend factor. Monthly OLS of next-month returns on 11 normalized MA ratios across the eligible cross-section, strict 12-month trailing-mean smoothing of past betas, per-stock predicted-return signal. Stop-loss and take-profit inherited from improved 4.",2018-11-30,UPS,Industrials,0.9995367629247759,100000.0,-0.05,0.0,-0.05
improved_6_hzz_cross_sectional_trend_stop_take_top10,"Improved 6: replace the index-derived trend factor with a Han, Zhou, Zhu (2016) cross-sectional trend factor. Monthly OLS of next-month returns on 11 normalized MA ratios across the eligible cross-section, strict 12-month trailing-mean smoothing of past betas, per-stock predicted-return signal. Stop-loss and take-profit inherited from improved 4.",2018-11-30,SPGI,Financials,0.9672796351260645,100000.0,-0.05,0.0,-0.05
improved_6_hzz_cross_sectional_trend_stop_take_top10,"Improved 6: replace the index-derived trend factor with a Han, Zhou, Zhu (2016) cross-sectional trend factor. Monthly OLS of next-month returns on 11 normalized MA ratios across the eligible cross-section, strict 12-month trailing-mean smoothing of past betas, per-stock predicted-return signal. Stop-loss and take-profit inherited from improved 4.",2018-11-30,SBUX,Consumer Discretionary,0.9597766952519697,100000.0,-0.05,0.0,-0.05
improved_6_hzz_cross_sectional_trend_stop_take_top10,"Improved 6: replace the index-derived trend factor with a Han, Zhou, Zhu (2016) cross-sectional trend factor. Monthly OLS of next-month returns on 11 normalized MA ratios across the eligible cross-section, strict 12-month trailing-mean smoothing of past betas, per-stock predicted-return signal. Stop-loss and take-profit inherited from improved 4.",2018-12-31,KMB,Consumer Staples,1.777066905280893,100000.0,-0.0125886524819334,0.0,-0.0125886524819334
improved_6_hzz_cross_sectional_trend_stop_take_top10,"Improved 6: replace the index-derived trend factor with a Han, Zhou, Zhu (2016) cross-sectional trend factor. Monthly OLS of next-month returns on 11 normalized MA ratios across the eligible cross-section, strict 12-month trailing-mean smoothing of past betas, per-stock predicted-return signal. Stop-loss and take-profit inherited from improved 4.",2018-12-31,ORLY,Consumer Discretionary,1.722558317520775,100000.0,0.0263236257504018,0.0,0.0263236257504018
improved_6_hzz_cross_sectional_trend_stop_take_top10,"Improved 6: replace the index-derived trend factor with a Han, Zhou, Zhu (2016) cross-sectional trend factor. Monthly OLS of next-month returns on 11 normalized MA ratios across the eligible cross-section, strict 12-month trailing-mean smoothing of past betas, per-stock predicted-return signal. Stop-loss and take-profit inherited from improved 4.",2018-12-31,LMT,Industrials,1.6298376660697025,100000.0,0.1212649016872653,0.0,0.1212649016872653
improved_6_hzz_cross_sectional_trend_stop_take_top10,"Improved 6: replace the index-derived trend factor with a Han, Zhou, Zhu (2016) cross-sectional trend factor. Monthly OLS of next-month returns on 11 normalized MA ratios across the eligible cross-section, strict 12-month trailing-mean smoothing of past betas, per-stock predicted-return signal. Stop-loss and take-profit inherited from improved 4.",2018-12-31,HD,Consumer Discretionary,1.5450345775840175,100000.0,0.081433032821315,0.0,0.081433032821315
improved_6_hzz_cross_sectional_trend_stop_take_top10,"Improved 6: replace the index-derived trend factor with a Han, Zhou, Zhu (2016) cross-sectional trend factor. Monthly OLS of next-month returns on 11 normalized MA ratios across the eligible cross-section, strict 12-month trailing-mean smoothing of past betas, per-stock predicted-return signal. Stop-loss and take-profit inherited from improved 4.",2018-12-31,ABBV,Health Care,1.4285380264600795,100000.0,-0.05,0.0,-0.05
improved_6_hzz_cross_sectional_trend_stop_take_top10,"Improved 6: replace the index-derived trend factor with a Han, Zhou, Zhu (2016) cross-sectional trend factor. Monthly OLS of next-month returns on 11 normalized MA ratios across the eligible cross-section, strict 12-month trailing-mean smoothing of past betas, per-stock predicted-return signal. Stop-loss and take-profit inherited from improved 4.",2018-12-31,MCO,Financials,1.4274893595633587,100000.0,0.1534711104647004,0.0,0.1534711104647004
improved_6_hzz_cross_sectional_trend_stop_take_top10,"Improved 6: replace the index-derived trend factor with a Han, Zhou, Zhu (2016) cross-sectional trend factor. Monthly OLS of next-month returns on 11 normalized MA ratios across the eligible cross-section, strict 12-month trailing-mean smoothing of past betas, per-stock predicted-return signal. Stop-loss and take-profit inherited from improved 4.",2018-12-31,NRG,Utilities,1.2111906537673864,100000.0,0.0470588235290476,0.0,0.0470588235290476
improved_6_hzz_cross_sectional_trend_stop_take_top10,"Improved 6: replace the index-derived trend factor with a Han, Zhou, Zhu (2016) cross-sectional trend factor. Monthly OLS of next-month returns on 11 normalized MA ratios across the eligible cross-section, strict 12-month trailing-mean smoothing of past betas, per-stock predicted-return signal. Stop-loss and take-profit inherited from improved 4.",2018-12-31,SPGI,Financials,1.0613952792997634,100000.0,0.1322148047498526,0.0,0.1322148047498526
improved_6_hzz_cross_sectional_trend_stop_take_top10,"Improved 6: replace the index-derived trend factor with a Han, Zhou, Zhu (2016) cross-sectional trend factor. Monthly OLS of next-month returns on 11 normalized MA ratios across the eligible cross-section, strict 12-month trailing-mean smoothing of past betas, per-stock predicted-return signal. Stop-loss and take-profit inherited from improved 4.",2018-12-31,MKC,Consumer Staples,0.9864411602256984,100000.0,-0.05,0.0,-0.05
improved_6_hzz_cross_sectional_trend_stop_take_top10,"Improved 6: replace the index-derived trend factor with a Han, Zhou, Zhu (2016) cross-sectional trend factor. Monthly OLS of next-month returns on 11 normalized MA ratios across the eligible cross-section, strict 12-month trailing-mean smoothing of past betas, per-stock predicted-return signal. Stop-loss and take-profit inherited from improved 4.",2018-12-31,SBUX,Consumer Discretionary,0.9352791839919852,100000.0,0.0700376884429809,0.0,0.0700376884429809
improved_6_hzz_cross_sectional_trend_stop_take_top10,"Improved 6: replace the index-derived trend factor with a Han, Zhou, Zhu (2016) cross-sectional trend factor. Monthly OLS of next-month returns on 11 normalized MA ratios across the eligible cross-section, strict 12-month trailing-mean smoothing of past betas, per-stock predicted-return signal. Stop-loss and take-profit inherited from improved 4.",2019-01-31,KMB,Consumer Staples,2.001851721795666,100000.0,0.0469576126893114,0.0,0.0469576126893114
improved_6_hzz_cross_sectional_trend_stop_take_top10,"Improved 6: replace the index-derived trend factor with a Han, Zhou, Zhu (2016) cross-sectional trend factor. Monthly OLS of next-month returns on 11 normalized MA ratios across the eligible cross-section, strict 12-month trailing-mean smoothing of past betas, per-stock predicted-return signal. Stop-loss and take-profit inherited from improved 4.",2019-01-31,ABBV,Health Care,1.6802894037499334,100000.0,-0.0125856697805197,0.0,-0.0125856697805197
improved_6_hzz_cross_sectional_trend_stop_take_top10,"Improved 6: replace the index-derived trend factor with a Han, Zhou, Zhu (2016) cross-sectional trend factor. Monthly OLS of next-month returns on 11 normalized MA ratios across the eligible cross-section, strict 12-month trailing-mean smoothing of past betas, per-stock predicted-return signal. Stop-loss and take-profit inherited from improved 4.",2019-01-31,ORLY,Consumer Discretionary,1.5535982172881433,100000.0,0.0747803975944867,0.0,0.0747803975944867
improved_6_hzz_cross_sectional_trend_stop_take_top10,"Improved 6: replace the index-derived trend factor with a Han, Zhou, Zhu (2016) cross-sectional trend factor. Monthly OLS of next-month returns on 11 normalized MA ratios across the eligible cross-section, strict 12-month trailing-mean smoothing of past betas, per-stock predicted-return signal. Stop-loss and take-profit inherited from improved 4.",2019-01-31,HD,Consumer Discretionary,1.5170743168555734,100000.0,0.006031625277878,0.0,0.006031625277878
improved_6_hzz_cross_sectional_trend_stop_take_top10,"Improved 6: replace the index-derived trend factor with a Han, Zhou, Zhu (2016) cross-sectional trend factor. Monthly OLS of next-month returns on 11 normalized MA ratios across the eligible cross-section, strict 12-month trailing-mean smoothing of past betas, per-stock predicted-return signal. Stop-loss and take-profit inherited from improved 4.",2019-01-31,LMT,Industrials,1.4821143933797665,100000.0,0.0713769984527641,0.0,0.0713769984527641
improved_6_hzz_cross_sectional_trend_stop_take_top10,"Improved 6: replace the index-derived trend factor with a Han, Zhou, Zhu (2016) cross-sectional trend factor. Monthly OLS of next-month returns on 11 normalized MA ratios across the eligible cross-section, strict 12-month trailing-mean smoothing of past betas, per-stock predicted-return signal. Stop-loss and take-profit inherited from improved 4.",2019-01-31,NRG,Utilities,1.41564697382055,100000.0,0.0215686274518112,0.0,0.0215686274518112
improved_6_hzz_cross_sectional_trend_stop_take_top10,"Improved 6: replace the index-derived trend factor with a Han, Zhou, Zhu (2016) cross-sectional trend factor. Monthly OLS of next-month returns on 11 normalized MA ratios across the eligible cross-section, strict 12-month trailing-mean smoothing of past betas, per-stock predicted-return signal. Stop-loss and take-profit inherited from improved 4.",2019-01-31,MCO,Financials,1.4089025135663382,100000.0,0.0936080623677038,0.0,0.0936080623677038
improved_6_hzz_cross_sectional_trend_stop_take_top10,"Improved 6: replace the index-derived trend factor with a Han, Zhou, Zhu (2016) cross-sectional trend factor. Monthly OLS of next-month returns on 11 normalized MA ratios across the eligible cross-section, strict 12-month trailing-mean smoothing of past betas, per-stock predicted-return signal. Stop-loss and take-profit inherited from improved 4.",2019-01-31,SBUX,Consumer Discretionary,1.0969329546822881,100000.0,0.0297036382715265,0.0,0.0297036382715265
improved_6_hzz_cross_sectional_trend_stop_take_top10,"Improved 6: replace the index-derived trend factor with a Han, Zhou, Zhu (2016) cross-sectional trend factor. Monthly OLS of next-month returns on 11 normalized MA ratios across the eligible cross-section, strict 12-month trailing-mean smoothing of past betas, per-stock predicted-return signal. Stop-loss and take-profit inherited from improved 4.",2019-01-31,SPGI,Financials,1.0002545560569178,100000.0,0.0459946303262923,0.0,0.0459946303262923
improved_6_hzz_cross_sectional_trend_stop_take_top10,"Improved 6: replace the index-derived trend factor with a Han, Zhou, Zhu (2016) cross-sectional trend factor. Monthly OLS of next-month returns on 11 normalized MA ratios across the eligible cross-section, strict 12-month trailing-mean smoothing of past betas, per-stock predicted-return signal. Stop-loss and take-profit inherited from improved 4.",2019-01-31,UPS,Industrials,0.9295775958123564,100000.0,0.0514026171336321,0.0,0.0514026171336321
improved_6_hzz_cross_sectional_trend_stop_take_top10,"Improved 6: replace the index-derived trend factor with a Han, Zhou, Zhu (2016) cross-sectional trend factor. Monthly OLS of next-month returns on 11 normalized MA ratios across the eligible cross-section, strict 12-month trailing-mean smoothing of past betas, per-stock predicted-return signal. Stop-loss and take-profit inherited from improved 4.",2019-02-28,ORLY,Consumer Discretionary,1.321560907013413,100000.0,0.0407397480595559,0.0,0.0407397480595559
improved_6_hzz_cross_sectional_trend_stop_take_top10,"Improved 6: replace the index-derived trend factor with a Han, Zhou, Zhu (2016) cross-sectional trend factor. Monthly OLS of next-month returns on 11 normalized MA ratios across the eligible cross-section, strict 12-month trailing-mean smoothing of past betas, per-stock predicted-return signal. Stop-loss and take-profit inherited from improved 4.",2019-02-28,HD,Consumer Discretionary,0.9892820191295429,100000.0,0.0404192823819848,0.0,0.0404192823819848
improved_6_hzz_cross_sectional_trend_stop_take_top10,"Improved 6: replace the index-derived trend factor with a Han, Zhou, Zhu (2016) cross-sectional trend factor. Monthly OLS of next-month returns on 11 normalized MA ratios across the eligible cross-section, strict 12-month trailing-mean smoothing of past betas, per-stock predicted-return signal. Stop-loss and take-profit inherited from improved 4.",2019-02-28,SBUX,Consumer Discretionary,0.9294723632176507,100000.0,0.052527254707138,0.0,0.052527254707138
improved_6_hzz_cross_sectional_trend_stop_take_top10,"Improved 6: replace the index-derived trend factor with a Han, Zhou, Zhu (2016) cross-sectional trend factor. Monthly OLS of next-month returns on 11 normalized MA ratios across the eligible cross-section, strict 12-month trailing-mean smoothing of past betas, per-stock predicted-return signal. Stop-loss and take-profit inherited from improved 4.",2019-02-28,MSCI,Financials,0.8979013501943872,100000.0,0.0621227498529424,0.0,0.0621227498529424
improved_6_hzz_cross_sectional_trend_stop_take_top10,"Improved 6: replace the index-derived trend factor with a Han, Zhou, Zhu (2016) cross-sectional trend factor. Monthly OLS of next-month returns on 11 normalized MA ratios across the eligible cross-section, strict 12-month trailing-mean smoothing of past betas, per-stock predicted-return signal. Stop-loss and take-profit inherited from improved 4.",2019-02-28,LMT,Industrials,0.8581610624257953,100000.0,-0.05,0.0,-0.05
improved_6_hzz_cross_sectional_trend_stop_take_top10,"Improved 6: replace the index-derived trend factor with a Han, Zhou, Zhu (2016) cross-sectional trend factor. Monthly OLS of next-month returns on 11 normalized MA ratios across the eligible cross-section, strict 12-month trailing-mean smoothing of past betas, per-stock predicted-return signal. Stop-loss and take-profit inherited from improved 4.",2019-02-28,SPGI,Financials,0.8444190910095344,100000.0,0.0416563597687473,0.0,0.0416563597687473
improved_6_hzz_cross_sectional_trend_stop_take_top10,"Improved 6: replace the index-derived trend factor with a Han, Zhou, Zhu (2016) cross-sectional trend factor. Monthly OLS of next-month returns on 11 normalized MA ratios across the eligible cross-section, strict 12-month trailing-mean smoothing of past betas, per-stock predicted-return signal. Stop-loss and take-profit inherited from improved 4.",2019-02-28,UPS,Industrials,0.8245932019085636,100000.0,-0.05,0.0,-0.05
improved_6_hzz_cross_sectional_trend_stop_take_top10,"Improved 6: replace the index-derived trend factor with a Han, Zhou, Zhu (2016) cross-sectional trend factor. Monthly OLS of next-month returns on 11 normalized MA ratios across the eligible cross-section, strict 12-month trailing-mean smoothing of past betas, per-stock predicted-return signal. Stop-loss and take-profit inherited from improved 4.",2019-02-28,KIM,Real Estate,0.8193677043239197,100000.0,0.0505394662127081,0.0,0.0505394662127081
improved_6_hzz_cross_sectional_trend_stop_take_top10,"Improved 6: replace the index-derived trend factor with a Han, Zhou, Zhu (2016) cross-sectional trend factor. Monthly OLS of next-month returns on 11 normalized MA ratios across the eligible cross-section, strict 12-month trailing-mean smoothing of past betas, per-stock predicted-return signal. Stop-loss and take-profit inherited from improved 4.",2019-02-28,DOC,Real Estate,0.8037606007471392,100000.0,0.0159039272933252,0.0,0.0159039272933252
improved_6_hzz_cross_sectional_trend_stop_take_top10,"Improved 6: replace the index-derived trend factor with a Han, Zhou, Zhu (2016) cross-sectional trend factor. Monthly OLS of next-month returns on 11 normalized MA ratios across the eligible cross-section, strict 12-month trailing-mean smoothing of past betas, per-stock predicted-return signal. Stop-loss and take-profit inherited from improved 4.",2019-02-28,AES,Utilities,0.7600328125808296,100000.0,0.0456911509541908,0.0,0.0456911509541908
improved_6_hzz_cross_sectional_trend_stop_take_top10,"Improved 6: replace the index-derived trend factor with a Han, Zhou, Zhu (2016) cross-sectional trend factor. Monthly OLS of next-month returns on 11 normalized MA ratios across the eligible cross-section, strict 12-month trailing-mean smoothing of past betas, per-stock predicted-return signal. Stop-loss and take-profit inherited from improved 4.",2019-03-31,ORLY,Consumer Discretionary,1.3520408142282474,100000.0,-0.05,0.0,-0.05
improved_6_hzz_cross_sectional_trend_stop_take_top10,"Improved 6: replace the index-derived trend factor with a Han, Zhou, Zhu (2016) cross-sectional trend factor. Monthly OLS of next-month returns on 11 normalized MA ratios across the eligible cross-section, strict 12-month trailing-mean smoothing of past betas, per-stock predicted-return signal. Stop-loss and take-profit inherited from improved 4.",2019-03-31,TPL,Energy,1.0608889156269714,100000.0,0.0261414503141887,0.0,0.0261414503141887
improved_6_hzz_cross_sectional_trend_stop_take_top10,"Improved 6: replace the index-derived trend factor with a Han, Zhou, Zhu (2016) cross-sectional trend factor. Monthly OLS of next-month returns on 11 normalized MA ratios across the eligible cross-section, strict 12-month trailing-mean smoothing of past betas, per-stock predicted-return signal. Stop-loss and take-profit inherited from improved 4.",2019-03-31,LMT,Industrials,1.0264883918701186,100000.0,0.1016988365946882,0.0,0.1016988365946882
improved_6_hzz_cross_sectional_trend_stop_take_top10,"Improved 6: replace the index-derived trend factor with a Han, Zhou, Zhu (2016) cross-sectional trend factor. Monthly OLS of next-month returns on 11 normalized MA ratios across the eligible cross-section, strict 12-month trailing-mean smoothing of past betas, per-stock predicted-return signal. Stop-loss and take-profit inherited from improved 4.",2019-03-31,MSCI,Financials,1.0193338540487344,100000.0,0.1214051149369994,0.0,0.1214051149369994
improved_6_hzz_cross_sectional_trend_stop_take_top10,"Improved 6: replace the index-derived trend factor with a Han, Zhou, Zhu (2016) cross-sectional trend factor. Monthly OLS of next-month returns on 11 normalized MA ratios across the eligible cross-section, strict 12-month trailing-mean smoothing of past betas, per-stock predicted-return signal. Stop-loss and take-profit inherited from improved 4.",2019-03-31,UPS,Industrials,0.9249174698360442,100000.0,-0.05,0.0,-0.05
improved_6_hzz_cross_sectional_trend_stop_take_top10,"Improved 6: replace the index-derived trend factor with a Han, Zhou, Zhu (2016) cross-sectional trend factor. Monthly OLS of next-month returns on 11 normalized MA ratios across the eligible cross-section, strict 12-month trailing-mean smoothing of past betas, per-stock predicted-return signal. Stop-loss and take-profit inherited from improved 4.",2019-03-31,KIM,Real Estate,0.9233923646188683,100000.0,-0.05,0.0,-0.05
improved_6_hzz_cross_sectional_trend_stop_take_top10,"Improved 6: replace the index-derived trend factor with a Han, Zhou, Zhu (2016) cross-sectional trend factor. Monthly OLS of next-month returns on 11 normalized MA ratios across the eligible cross-section, strict 12-month trailing-mean smoothing of past betas, per-stock predicted-return signal. Stop-loss and take-profit inherited from improved 4.",2019-03-31,SPGI,Financials,0.9165062895080212,100000.0,0.0407508725593037,0.0,0.0407508725593037
improved_6_hzz_cross_sectional_trend_stop_take_top10,"Improved 6: replace the index-derived trend factor with a Han, Zhou, Zhu (2016) cross-sectional trend factor. Monthly OLS of next-month returns on 11 normalized MA ratios across the eligible cross-section, strict 12-month trailing-mean smoothing of past betas, per-stock predicted-return signal. Stop-loss and take-profit inherited from improved 4.",2019-03-31,HD,Consumer Discretionary,0.9127852396276569,100000.0,0.0554951033732895,0.0,0.0554951033732895
improved_6_hzz_cross_sectional_trend_stop_take_top10,"Improved 6: replace the index-derived trend factor with a Han, Zhou, Zhu (2016) cross-sectional trend factor. Monthly OLS of next-month returns on 11 normalized MA ratios across the eligible cross-section, strict 12-month trailing-mean smoothing of past betas, per-stock predicted-return signal. Stop-loss and take-profit inherited from improved 4.",2019-03-31,MCO,Financials,0.9024875129970434,100000.0,0.0756605941240522,0.0,0.0756605941240522
improved_6_hzz_cross_sectional_trend_stop_take_top10,"Improved 6: replace the index-derived trend factor with a Han, Zhou, Zhu (2016) cross-sectional trend factor. Monthly OLS of next-month returns on 11 normalized MA ratios across the eligible cross-section, strict 12-month trailing-mean smoothing of past betas, per-stock predicted-return signal. Stop-loss and take-profit inherited from improved 4.",2019-03-31,LULU,Consumer Discretionary,0.8217032691721233,100000.0,0.0703447438698714,0.0,0.0703447438698714
improved_6_hzz_cross_sectional_trend_stop_take_top10,"Improved 6: replace the index-derived trend factor with a Han, Zhou, Zhu (2016) cross-sectional trend factor. Monthly OLS of next-month returns on 11 normalized MA ratios across the eligible cross-section, strict 12-month trailing-mean smoothing of past betas, per-stock predicted-return signal. Stop-loss and take-profit inherited from improved 4.",2019-04-30,ORLY,Consumer Discretionary,1.3479576333871852,100000.0,-0.05,0.0,-0.05
improved_6_hzz_cross_sectional_trend_stop_take_top10,"Improved 6: replace the index-derived trend factor with a Han, Zhou, Zhu (2016) cross-sectional trend factor. Monthly OLS of next-month returns on 11 normalized MA ratios across the eligible cross-section, strict 12-month trailing-mean smoothing of past betas, per-stock predicted-return signal. Stop-loss and take-profit inherited from improved 4.",2019-04-30,MSCI,Financials,1.0969210248509154,100000.0,-0.05,0.0,-0.05
improved_6_hzz_cross_sectional_trend_stop_take_top10,"Improved 6: replace the index-derived trend factor with a Han, Zhou, Zhu (2016) cross-sectional trend factor. Monthly OLS of next-month returns on 11 normalized MA ratios across the eligible cross-section, strict 12-month trailing-mean smoothing of past betas, per-stock predicted-return signal. Stop-loss and take-profit inherited from improved 4.",2019-04-30,SPGI,Financials,0.9799934560719648,100000.0,-0.05,0.0,-0.05
improved_6_hzz_cross_sectional_trend_stop_take_top10,"Improved 6: replace the index-derived trend factor with a Han, Zhou, Zhu (2016) cross-sectional trend factor. Monthly OLS of next-month returns on 11 normalized MA ratios across the eligible cross-section, strict 12-month trailing-mean smoothing of past betas, per-stock predicted-return signal. Stop-loss and take-profit inherited from improved 4.",2019-04-30,TPL,Energy,0.8965612969540391,100000.0,-0.05,0.0,-0.05
improved_6_hzz_cross_sectional_trend_stop_take_top10,"Improved 6: replace the index-derived trend factor with a Han, Zhou, Zhu (2016) cross-sectional trend factor. Monthly OLS of next-month returns on 11 normalized MA ratios across the eligible cross-section, strict 12-month trailing-mean smoothing of past betas, per-stock predicted-return signal. Stop-loss and take-profit inherited from improved 4.",2019-04-30,WAT,Health Care,0.8745543461841546,100000.0,-0.05,0.0,-0.05
improved_6_hzz_cross_sectional_trend_stop_take_top10,"Improved 6: replace the index-derived trend factor with a Han, Zhou, Zhu (2016) cross-sectional trend factor. Monthly OLS of next-month returns on 11 normalized MA ratios across the eligible cross-section, strict 12-month trailing-mean smoothing of past betas, per-stock predicted-return signal. Stop-loss and take-profit inherited from improved 4.",2019-04-30,MCO,Financials,0.8726986603439821,100000.0,-0.05,0.0,-0.05
improved_6_hzz_cross_sectional_trend_stop_take_top10,"Improved 6: replace the index-derived trend factor with a Han, Zhou, Zhu (2016) cross-sectional trend factor. Monthly OLS of next-month returns on 11 normalized MA ratios across the eligible cross-section, strict 12-month trailing-mean smoothing of past betas, per-stock predicted-return signal. Stop-loss and take-profit inherited from improved 4.",2019-04-30,HD,Consumer Discretionary,0.8124611896571896,100000.0,-0.05,0.0,-0.05
improved_6_hzz_cross_sectional_trend_stop_take_top10,"Improved 6: replace the index-derived trend factor with a Han, Zhou, Zhu (2016) cross-sectional trend factor. Monthly OLS of next-month returns on 11 normalized MA ratios across the eligible cross-section, strict 12-month trailing-mean smoothing of past betas, per-stock predicted-return signal. Stop-loss and take-profit inherited from improved 4.",2019-04-30,GRMN,Consumer Discretionary,0.7700626907701471,100000.0,-0.05,0.0,-0.05
improved_6_hzz_cross_sectional_trend_stop_take_top10,"Improved 6: replace the index-derived trend factor with a Han, Zhou, Zhu (2016) cross-sectional trend factor. Monthly OLS of next-month returns on 11 normalized MA ratios across the eligible cross-section, strict 12-month trailing-mean smoothing of past betas, per-stock predicted-return signal. Stop-loss and take-profit inherited from improved 4.",2019-04-30,FICO,Information Technology,0.7303643902325471,100000.0,0.0567857142857142,0.0,0.0567857142857142
improved_6_hzz_cross_sectional_trend_stop_take_top10,"Improved 6: replace the index-derived trend factor with a Han, Zhou, Zhu (2016) cross-sectional trend factor. Monthly OLS of next-month returns on 11 normalized MA ratios across the eligible cross-section, strict 12-month trailing-mean smoothing of past betas, per-stock predicted-return signal. Stop-loss and take-profit inherited from improved 4.",2019-04-30,KLAC,Information Technology,0.6780491669640246,100000.0,-0.05,0.0,-0.05
improved_6_hzz_cross_sectional_trend_stop_take_top10,"Improved 6: replace the index-derived trend factor with a Han, Zhou, Zhu (2016) cross-sectional trend factor. Monthly OLS of next-month returns on 11 normalized MA ratios across the eligible cross-section, strict 12-month trailing-mean smoothing of past betas, per-stock predicted-return signal. Stop-loss and take-profit inherited from improved 4.",2019-05-31,QCOM,Information Technology,1.0645802959366462,100000.0,0.1443392648278767,0.0,0.1443392648278767
improved_6_hzz_cross_sectional_trend_stop_take_top10,"Improved 6: replace the index-derived trend factor with a Han, Zhou, Zhu (2016) cross-sectional trend factor. Monthly OLS of next-month returns on 11 normalized MA ratios across the eligible cross-section, strict 12-month trailing-mean smoothing of past betas, per-stock predicted-return signal. Stop-loss and take-profit inherited from improved 4.",2019-05-31,MSCI,Financials,0.9341010106713701,100000.0,0.0853597563746659,0.0,0.0853597563746659
improved_6_hzz_cross_sectional_trend_stop_take_top10,"Improved 6: replace the index-derived trend factor with a Han, Zhou, Zhu (2016) cross-sectional trend factor. Monthly OLS of next-month returns on 11 normalized MA ratios across the eligible cross-section, strict 12-month trailing-mean smoothing of past betas, per-stock predicted-return signal. Stop-loss and take-profit inherited from improved 4.",2019-05-31,ORLY,Consumer Discretionary,0.9112973710198247,100000.0,-0.0058413416256156,0.0,-0.0058413416256156
improved_6_hzz_cross_sectional_trend_stop_take_top10,"Improved 6: replace the index-derived trend factor with a Han, Zhou, Zhu (2016) cross-sectional trend factor. Monthly OLS of next-month returns on 11 normalized MA ratios across the eligible cross-section, strict 12-month trailing-mean smoothing of past betas, per-stock predicted-return signal. Stop-loss and take-profit inherited from improved 4.",2019-05-31,CDNS,Information Technology,0.6832912750357523,100000.0,0.1184646975201388,0.0,0.1184646975201388
improved_6_hzz_cross_sectional_trend_stop_take_top10,"Improved 6: replace the index-derived trend factor with a Han, Zhou, Zhu (2016) cross-sectional trend factor. Monthly OLS of next-month returns on 11 normalized MA ratios across the eligible cross-section, strict 12-month trailing-mean smoothing of past betas, per-stock predicted-return signal. Stop-loss and take-profit inherited from improved 4.",2019-05-31,LMT,Industrials,0.6808108334515468,100000.0,0.0753076194981912,0.0,0.0753076194981912
improved_6_hzz_cross_sectional_trend_stop_take_top10,"Improved 6: replace the index-derived trend factor with a Han, Zhou, Zhu (2016) cross-sectional trend factor. Monthly OLS of next-month returns on 11 normalized MA ratios across the eligible cross-section, strict 12-month trailing-mean smoothing of past betas, per-stock predicted-return signal. Stop-loss and take-profit inherited from improved 4.",2019-05-31,SPGI,Financials,0.6720622654732485,100000.0,0.0625029152480958,0.0,0.0625029152480958
improved_6_hzz_cross_sectional_trend_stop_take_top10,"Improved 6: replace the index-derived trend factor with a Han, Zhou, Zhu (2016) cross-sectional trend factor. Monthly OLS of next-month returns on 11 normalized MA ratios across the eligible cross-section, strict 12-month trailing-mean smoothing of past betas, per-stock predicted-return signal. Stop-loss and take-profit inherited from improved 4.",2019-05-31,AVGO,Information Technology,0.6531670069990857,100000.0,0.1508380481349787,0.0,0.1508380481349787
improved_6_hzz_cross_sectional_trend_stop_take_top10,"Improved 6: replace the index-derived trend factor with a Han, Zhou, Zhu (2016) cross-sectional trend factor. Monthly OLS of next-month returns on 11 normalized MA ratios across the eligible cross-section, strict 12-month trailing-mean smoothing of past betas, per-stock predicted-return signal. Stop-loss and take-profit inherited from improved 4.",2019-05-31,MCO,Financials,0.6305200755131066,100000.0,0.0673844135970176,0.0,0.0673844135970176
improved_6_hzz_cross_sectional_trend_stop_take_top10,"Improved 6: replace the index-derived trend factor with a Han, Zhou, Zhu (2016) cross-sectional trend factor. Monthly OLS of next-month returns on 11 normalized MA ratios across the eligible cross-section, strict 12-month trailing-mean smoothing of past betas, per-stock predicted-return signal. Stop-loss and take-profit inherited from improved 4.",2019-05-31,AMD,Information Technology,0.6163447622140574,100000.0,-0.05,0.0,-0.05
improved_6_hzz_cross_sectional_trend_stop_take_top10,"Improved 6: replace the index-derived trend factor with a Han, Zhou, Zhu (2016) cross-sectional trend factor. Monthly OLS of next-month returns on 11 normalized MA ratios across the eligible cross-section, strict 12-month trailing-mean smoothing of past betas, per-stock predicted-return signal. Stop-loss and take-profit inherited from improved 4.",2019-05-31,TER,Information Technology,0.6057315198532738,100000.0,0.128621908128016,0.0,0.128621908128016
improved_6_hzz_cross_sectional_trend_stop_take_top10,"Improved 6: replace the index-derived trend factor with a Han, Zhou, Zhu (2016) cross-sectional trend factor. Monthly OLS of next-month returns on 11 normalized MA ratios across the eligible cross-section, strict 12-month trailing-mean smoothing of past betas, per-stock predicted-return signal. Stop-loss and take-profit inherited from improved 4.",2019-06-30,MSCI,Financials,1.1284436696042865,100000.0,-0.05,0.0,-0.05
improved_6_hzz_cross_sectional_trend_stop_take_top10,"Improved 6: replace the index-derived trend factor with a Han, Zhou, Zhu (2016) cross-sectional trend factor. Monthly OLS of next-month returns on 11 normalized MA ratios across the eligible cross-section, strict 12-month trailing-mean smoothing of past betas, per-stock predicted-return signal. Stop-loss and take-profit inherited from improved 4.",2019-06-30,ORLY,Consumer Discretionary,1.0472253859505396,100000.0,0.0208042895428677,0.0,0.0208042895428677
improved_6_hzz_cross_sectional_trend_stop_take_top10,"Improved 6: replace the index-derived trend factor with a Han, Zhou, Zhu (2016) cross-sectional trend factor. Monthly OLS of next-month returns on 11 normalized MA ratios across the eligible cross-section, strict 12-month trailing-mean smoothing of past betas, per-stock predicted-return signal. Stop-loss and take-profit inherited from improved 4.",2019-06-30,LMT,Industrials,0.9572293420655789,100000.0,-0.0088667524151361,0.0,-0.0088667524151361
improved_6_hzz_cross_sectional_trend_stop_take_top10,"Improved 6: replace the index-derived trend factor with a Han, Zhou, Zhu (2016) cross-sectional trend factor. Monthly OLS of next-month returns on 11 normalized MA ratios across the eligible cross-section, strict 12-month trailing-mean smoothing of past betas, per-stock predicted-return signal. Stop-loss and take-profit inherited from improved 4.",2019-06-30,HSY,Consumer Staples,0.9023697263802555,100000.0,0.1265869775037902,0.0,0.1265869775037902
improved_6_hzz_cross_sectional_trend_stop_take_top10,"Improved 6: replace the index-derived trend factor with a Han, Zhou, Zhu (2016) cross-sectional trend factor. Monthly OLS of next-month returns on 11 normalized MA ratios across the eligible cross-section, strict 12-month trailing-mean smoothing of past betas, per-stock predicted-return signal. Stop-loss and take-profit inherited from improved 4.",2019-06-30,QCOM,Information Technology,0.8334134868156549,100000.0,-0.05,0.0,-0.05
improved_6_hzz_cross_sectional_trend_stop_take_top10,"Improved 6: replace the index-derived trend factor with a Han, Zhou, Zhu (2016) cross-sectional trend factor. Monthly OLS of next-month returns on 11 normalized MA ratios across the eligible cross-section, strict 12-month trailing-mean smoothing of past betas, per-stock predicted-return signal. Stop-loss and take-profit inherited from improved 4.",2019-06-30,AMD,Information Technology,0.8326256816020755,100000.0,-0.05,0.0,-0.05
improved_6_hzz_cross_sectional_trend_stop_take_top10,"Improved 6: replace the index-derived trend factor with a Han, Zhou, Zhu (2016) cross-sectional trend factor. Monthly OLS of next-month returns on 11 normalized MA ratios across the eligible cross-section, strict 12-month trailing-mean smoothing of past betas, per-stock predicted-return signal. Stop-loss and take-profit inherited from improved 4.",2019-06-30,TSN,Consumer Staples,0.7971559974615607,100000.0,-0.0245398773011848,0.0,-0.0245398773011848
improved_6_hzz_cross_sectional_trend_stop_take_top10,"Improved 6: replace the index-derived trend factor with a Han, Zhou, Zhu (2016) cross-sectional trend factor. Monthly OLS of next-month returns on 11 normalized MA ratios across the eligible cross-section, strict 12-month trailing-mean smoothing of past betas, per-stock predicted-return signal. Stop-loss and take-profit inherited from improved 4.",2019-06-30,FICO,Information Technology,0.7768181773661733,100000.0,0.0901160966426106,0.0,0.0901160966426106
improved_6_hzz_cross_sectional_trend_stop_take_top10,"Improved 6: replace the index-derived trend factor with a Han, Zhou, Zhu (2016) cross-sectional trend factor. Monthly OLS of next-month returns on 11 normalized MA ratios across the eligible cross-section, strict 12-month trailing-mean smoothing of past betas, per-stock predicted-return signal. Stop-loss and take-profit inherited from improved 4.",2019-06-30,CINF,Financials,0.7747650756496324,100000.0,0.0267865684491175,0.0,0.0267865684491175
improved_6_hzz_cross_sectional_trend_stop_take_top10,"Improved 6: replace the index-derived trend factor with a Han, Zhou, Zhu (2016) cross-sectional trend factor. Monthly OLS of next-month returns on 11 normalized MA ratios across the eligible cross-section, strict 12-month trailing-mean smoothing of past betas, per-stock predicted-return signal. Stop-loss and take-profit inherited from improved 4.",2019-06-30,NSC,Industrials,0.7281957465292266,100000.0,-0.05,0.0,-0.05
improved_6_hzz_cross_sectional_trend_stop_take_top10,"Improved 6: replace the index-derived trend factor with a Han, Zhou, Zhu (2016) cross-sectional trend factor. Monthly OLS of next-month returns on 11 normalized MA ratios across the eligible cross-section, strict 12-month trailing-mean smoothing of past betas, per-stock predicted-return signal. Stop-loss and take-profit inherited from improved 4.",2019-07-31,MSCI,Financials,1.5158116708690383,100000.0,-0.05,0.0,-0.05
improved_6_hzz_cross_sectional_trend_stop_take_top10,"Improved 6: replace the index-derived trend factor with a Han, Zhou, Zhu (2016) cross-sectional trend factor. Monthly OLS of next-month returns on 11 normalized MA ratios across the eligible cross-section, strict 12-month trailing-mean smoothing of past betas, per-stock predicted-return signal. Stop-loss and take-profit inherited from improved 4.",2019-07-31,ORLY,Consumer Discretionary,1.3581213108108108,100000.0,-0.05,0.0,-0.05
improved_6_hzz_cross_sectional_trend_stop_take_top10,"Improved 6: replace the index-derived trend factor with a Han, Zhou, Zhu (2016) cross-sectional trend factor. Monthly OLS of next-month returns on 11 normalized MA ratios across the eligible cross-section, strict 12-month trailing-mean smoothing of past betas, per-stock predicted-return signal. Stop-loss and take-profit inherited from improved 4.",2019-07-31,LMT,Industrials,1.3528076450472075,100000.0,0.0679807585977241,0.0,0.0679807585977241
improved_6_hzz_cross_sectional_trend_stop_take_top10,"Improved 6: replace the index-derived trend factor with a Han, Zhou, Zhu (2016) cross-sectional trend factor. Monthly OLS of next-month returns on 11 normalized MA ratios across the eligible cross-section, strict 12-month trailing-mean smoothing of past betas, per-stock predicted-return signal. Stop-loss and take-profit inherited from improved 4.",2019-07-31,HLT,Consumer Discretionary,1.3333904323192864,100000.0,-0.05,0.0,-0.05
improved_6_hzz_cross_sectional_trend_stop_take_top10,"Improved 6: replace the index-derived trend factor with a Han, Zhou, Zhu (2016) cross-sectional trend factor. Monthly OLS of next-month returns on 11 normalized MA ratios across the eligible cross-section, strict 12-month trailing-mean smoothing of past betas, per-stock predicted-return signal. Stop-loss and take-profit inherited from improved 4.",2019-07-31,ERIE,Financials,1.1753285773036681,100000.0,-0.05,0.0,-0.05
improved_6_hzz_cross_sectional_trend_stop_take_top10,"Improved 6: replace the index-derived trend factor with a Han, Zhou, Zhu (2016) cross-sectional trend factor. Monthly OLS of next-month returns on 11 normalized MA ratios across the eligible cross-section, strict 12-month trailing-mean smoothing of past betas, per-stock predicted-return signal. Stop-loss and take-profit inherited from improved 4.",2019-07-31,SPGI,Financials,1.0893277923187494,100000.0,0.032085119768584,0.0,0.032085119768584
improved_6_hzz_cross_sectional_trend_stop_take_top10,"Improved 6: replace the index-derived trend factor with a Han, Zhou, Zhu (2016) cross-sectional trend factor. Monthly OLS of next-month returns on 11 normalized MA ratios across the eligible cross-section, strict 12-month trailing-mean smoothing of past betas, per-stock predicted-return signal. Stop-loss and take-profit inherited from improved 4.",2019-07-31,MTD,Health Care,0.9545425615739824,100000.0,-0.05,0.0,-0.05
improved_6_hzz_cross_sectional_trend_stop_take_top10,"Improved 6: replace the index-derived trend factor with a Han, Zhou, Zhu (2016) cross-sectional trend factor. Monthly OLS of next-month returns on 11 normalized MA ratios across the eligible cross-section, strict 12-month trailing-mean smoothing of past betas, per-stock predicted-return signal. Stop-loss and take-profit inherited from improved 4.",2019-07-31,FICO,Information Technology,0.8441830601432282,100000.0,-0.05,0.0,-0.05
improved_6_hzz_cross_sectional_trend_stop_take_top10,"Improved 6: replace the index-derived trend factor with a Han, Zhou, Zhu (2016) cross-sectional trend factor. Monthly OLS of next-month returns on 11 normalized MA ratios across the eligible cross-section, strict 12-month trailing-mean smoothing of past betas, per-stock predicted-return signal. Stop-loss and take-profit inherited from improved 4.",2019-07-31,BALL,Materials,0.8315436609352131,100000.0,0.1279753570429505,0.0,0.1279753570429505
improved_6_hzz_cross_sectional_trend_stop_take_top10,"Improved 6: replace the index-derived trend factor with a Han, Zhou, Zhu (2016) cross-sectional trend factor. Monthly OLS of next-month returns on 11 normalized MA ratios across the eligible cross-section, strict 12-month trailing-mean smoothing of past betas, per-stock predicted-return signal. Stop-loss and take-profit inherited from improved 4.",2019-07-31,MCO,Financials,0.8296879787097586,100000.0,-0.05,0.0,-0.05
improved_6_hzz_cross_sectional_trend_stop_take_top10,"Improved 6: replace the index-derived trend factor with a Han, Zhou, Zhu (2016) cross-sectional trend factor. Monthly OLS of next-month returns on 11 normalized MA ratios across the eligible cross-section, strict 12-month trailing-mean smoothing of past betas, per-stock predicted-return signal. Stop-loss and take-profit inherited from improved 4.",2019-08-31,HLT,Consumer Discretionary,1.2449521461121826,100000.0,0.0213909609472577,0.0,0.0213909609472577
improved_6_hzz_cross_sectional_trend_stop_take_top10,"Improved 6: replace the index-derived trend factor with a Han, Zhou, Zhu (2016) cross-sectional trend factor. Monthly OLS of next-month returns on 11 normalized MA ratios across the eligible cross-section, strict 12-month trailing-mean smoothing of past betas, per-stock predicted-return signal. Stop-loss and take-profit inherited from improved 4.",2019-08-31,ERIE,Financials,1.2046496229659391,100000.0,-0.05,0.0,-0.05
improved_6_hzz_cross_sectional_trend_stop_take_top10,"Improved 6: replace the index-derived trend factor with a Han, Zhou, Zhu (2016) cross-sectional trend factor. Monthly OLS of next-month returns on 11 normalized MA ratios across the eligible cross-section, strict 12-month trailing-mean smoothing of past betas, per-stock predicted-return signal. Stop-loss and take-profit inherited from improved 4.",2019-08-31,ORLY,Consumer Discretionary,1.1697772111992166,100000.0,0.0487105263158536,0.0,0.0487105263158536
improved_6_hzz_cross_sectional_trend_stop_take_top10,"Improved 6: replace the index-derived trend factor with a Han, Zhou, Zhu (2016) cross-sectional trend factor. Monthly OLS of next-month returns on 11 normalized MA ratios across the eligible cross-section, strict 12-month trailing-mean smoothing of past betas, per-stock predicted-return signal. Stop-loss and take-profit inherited from improved 4.",2019-08-31,SPGI,Financials,1.1382242477485076,100000.0,-0.05,0.0,-0.05
improved_6_hzz_cross_sectional_trend_stop_take_top10,"Improved 6: replace the index-derived trend factor with a Han, Zhou, Zhu (2016) cross-sectional trend factor. Monthly OLS of next-month returns on 11 normalized MA ratios across the eligible cross-section, strict 12-month trailing-mean smoothing of past betas, per-stock predicted-return signal. Stop-loss and take-profit inherited from improved 4.",2019-08-31,IDXX,Health Care,1.0881526452819115,100000.0,-0.05,0.0,-0.05
improved_6_hzz_cross_sectional_trend_stop_take_top10,"Improved 6: replace the index-derived trend factor with a Han, Zhou, Zhu (2016) cross-sectional trend factor. Monthly OLS of next-month returns on 11 normalized MA ratios across the eligible cross-section, strict 12-month trailing-mean smoothing of past betas, per-stock predicted-return signal. Stop-loss and take-profit inherited from improved 4.",2019-08-31,LMT,Industrials,1.0875759624358818,100000.0,0.023806399118077,0.0,0.023806399118077
improved_6_hzz_cross_sectional_trend_stop_take_top10,"Improved 6: replace the index-derived trend factor with a Han, Zhou, Zhu (2016) cross-sectional trend factor. Monthly OLS of next-month returns on 11 normalized MA ratios across the eligible cross-section, strict 12-month trailing-mean smoothing of past betas, per-stock predicted-return signal. Stop-loss and take-profit inherited from improved 4.",2019-08-31,MCO,Financials,1.0317455979464125,100000.0,-0.05,0.0,-0.05
improved_6_hzz_cross_sectional_trend_stop_take_top10,"Improved 6: replace the index-derived trend factor with a Han, Zhou, Zhu (2016) cross-sectional trend factor. Monthly OLS of next-month returns on 11 normalized MA ratios across the eligible cross-section, strict 12-month trailing-mean smoothing of past betas, per-stock predicted-return signal. Stop-loss and take-profit inherited from improved 4.",2019-08-31,MTD,Health Care,1.0122714015891627,100000.0,0.0754526855781856,0.0,0.0754526855781856
improved_6_hzz_cross_sectional_trend_stop_take_top10,"Improved 6: replace the index-derived trend factor with a Han, Zhou, Zhu (2016) cross-sectional trend factor. Monthly OLS of next-month returns on 11 normalized MA ratios across the eligible cross-section, strict 12-month trailing-mean smoothing of past betas, per-stock predicted-return signal. Stop-loss and take-profit inherited from improved 4.",2019-08-31,CIEN,Information Technology,0.9065694414416794,100000.0,-0.05,0.0,-0.05
improved_6_hzz_cross_sectional_trend_stop_take_top10,"Improved 6: replace the index-derived trend factor with a Han, Zhou, Zhu (2016) cross-sectional trend factor. Monthly OLS of next-month returns on 11 normalized MA ratios across the eligible cross-section, strict 12-month trailing-mean smoothing of past betas, per-stock predicted-return signal. Stop-loss and take-profit inherited from improved 4.",2019-08-31,DECK,Consumer Discretionary,0.8025364179585893,100000.0,-0.05,0.0,-0.05
improved_6_hzz_cross_sectional_trend_stop_take_top10,"Improved 6: replace the index-derived trend factor with a Han, Zhou, Zhu (2016) cross-sectional trend factor. Monthly OLS of next-month returns on 11 normalized MA ratios across the eligible cross-section, strict 12-month trailing-mean smoothing of past betas, per-stock predicted-return signal. Stop-loss and take-profit inherited from improved 4.",2019-09-30,SPGI,Financials,1.4155728823703906,100000.0,0.0543114017161936,0.0,0.0543114017161936
improved_6_hzz_cross_sectional_trend_stop_take_top10,"Improved 6: replace the index-derived trend factor with a Han, Zhou, Zhu (2016) cross-sectional trend factor. Monthly OLS of next-month returns on 11 normalized MA ratios across the eligible cross-section, strict 12-month trailing-mean smoothing of past betas, per-stock predicted-return signal. Stop-loss and take-profit inherited from improved 4.",2019-09-30,MCO,Financials,1.2229195046276375,100000.0,0.0740218026085173,0.0,0.0740218026085173
improved_6_hzz_cross_sectional_trend_stop_take_top10,"Improved 6: replace the index-derived trend factor with a Han, Zhou, Zhu (2016) cross-sectional trend factor. Monthly OLS of next-month returns on 11 normalized MA ratios across the eligible cross-section, strict 12-month trailing-mean smoothing of past betas, per-stock predicted-return signal. Stop-loss and take-profit inherited from improved 4.",2019-09-30,ORLY,Consumer Discretionary,1.1662881832963434,100000.0,0.0886661333880221,0.0,0.0886661333880221
improved_6_hzz_cross_sectional_trend_stop_take_top10,"Improved 6: replace the index-derived trend factor with a Han, Zhou, Zhu (2016) cross-sectional trend factor. Monthly OLS of next-month returns on 11 normalized MA ratios across the eligible cross-section, strict 12-month trailing-mean smoothing of past betas, per-stock predicted-return signal. Stop-loss and take-profit inherited from improved 4.",2019-09-30,LMT,Industrials,1.1099477458262528,100000.0,-0.05,0.0,-0.05
improved_6_hzz_cross_sectional_trend_stop_take_top10,"Improved 6: replace the index-derived trend factor with a Han, Zhou, Zhu (2016) cross-sectional trend factor. Monthly OLS of next-month returns on 11 normalized MA ratios across the eligible cross-section, strict 12-month trailing-mean smoothing of past betas, per-stock predicted-return signal. Stop-loss and take-profit inherited from improved 4.",2019-09-30,IDXX,Health Care,1.0725354851501665,100000.0,0.0424652523774689,0.0,0.0424652523774689
improved_6_hzz_cross_sectional_trend_stop_take_top10,"Improved 6: replace the index-derived trend factor with a Han, Zhou, Zhu (2016) cross-sectional trend factor. Monthly OLS of next-month returns on 11 normalized MA ratios across the eligible cross-section, strict 12-month trailing-mean smoothing of past betas, per-stock predicted-return signal. Stop-loss and take-profit inherited from improved 4.",2019-09-30,HLT,Consumer Discretionary,1.0251702478653673,100000.0,0.0375601926158679,0.0,0.0375601926158679
improved_6_hzz_cross_sectional_trend_stop_take_top10,"Improved 6: replace the index-derived trend factor with a Han, Zhou, Zhu (2016) cross-sectional trend factor. Monthly OLS of next-month returns on 11 normalized MA ratios across the eligible cross-section, strict 12-month trailing-mean smoothing of past betas, per-stock predicted-return signal. Stop-loss and take-profit inherited from improved 4.",2019-09-30,HSY,Consumer Staples,1.0052697977605551,100000.0,-0.05,0.0,-0.05
improved_6_hzz_cross_sectional_trend_stop_take_top10,"Improved 6: replace the index-derived trend factor with a Han, Zhou, Zhu (2016) cross-sectional trend factor. Monthly OLS of next-month returns on 11 normalized MA ratios across the eligible cross-section, strict 12-month trailing-mean smoothing of past betas, per-stock predicted-return signal. Stop-loss and take-profit inherited from improved 4.",2019-09-30,FICO,Information Technology,0.9357525688646757,100000.0,-0.05,0.0,-0.05
improved_6_hzz_cross_sectional_trend_stop_take_top10,"Improved 6: replace the index-derived trend factor with a Han, Zhou, Zhu (2016) cross-sectional trend factor. Monthly OLS of next-month returns on 11 normalized MA ratios across the eligible cross-section, strict 12-month trailing-mean smoothing of past betas, per-stock predicted-return signal. Stop-loss and take-profit inherited from improved 4.",2019-09-30,NVR,Consumer Discretionary,0.9207265140557146,100000.0,-0.0211326747597641,0.0,-0.0211326747597641
improved_6_hzz_cross_sectional_trend_stop_take_top10,"Improved 6: replace the index-derived trend factor with a Han, Zhou, Zhu (2016) cross-sectional trend factor. Monthly OLS of next-month returns on 11 normalized MA ratios across the eligible cross-section, strict 12-month trailing-mean smoothing of past betas, per-stock predicted-return signal. Stop-loss and take-profit inherited from improved 4.",2019-09-30,DECK,Consumer Discretionary,0.893575754328591,100000.0,-0.05,0.0,-0.05
improved_6_hzz_cross_sectional_trend_stop_take_top10,"Improved 6: replace the index-derived trend factor with a Han, Zhou, Zhu (2016) cross-sectional trend factor. Monthly OLS of next-month returns on 11 normalized MA ratios across the eligible cross-section, strict 12-month trailing-mean smoothing of past betas, per-stock predicted-return signal. Stop-loss and take-profit inherited from improved 4.",2019-10-31,SPGI,Financials,1.662481051220285,100000.0,0.0200277955484375,0.0,0.0200277955484375
improved_6_hzz_cross_sectional_trend_stop_take_top10,"Improved 6: replace the index-derived trend factor with a Han, Zhou, Zhu (2016) cross-sectional trend factor. Monthly OLS of next-month returns on 11 normalized MA ratios across the eligible cross-section, strict 12-month trailing-mean smoothing of past betas, per-stock predicted-return signal. Stop-loss and take-profit inherited from improved 4.",2019-10-31,MCO,Financials,1.6202558573371098,100000.0,0.0212459572513419,0.0,0.0212459572513419
improved_6_hzz_cross_sectional_trend_stop_take_top10,"Improved 6: replace the index-derived trend factor with a Han, Zhou, Zhu (2016) cross-sectional trend factor. Monthly OLS of next-month returns on 11 normalized MA ratios across the eligible cross-section, strict 12-month trailing-mean smoothing of past betas, per-stock predicted-return signal. Stop-loss and take-profit inherited from improved 4.",2019-10-31,LMT,Industrials,1.3740793564698155,100000.0,0.0405173097777047,0.0,0.0405173097777047
improved_6_hzz_cross_sectional_trend_stop_take_top10,"Improved 6: replace the index-derived trend factor with a Han, Zhou, Zhu (2016) cross-sectional trend factor. Monthly OLS of next-month returns on 11 normalized MA ratios across the eligible cross-section, strict 12-month trailing-mean smoothing of past betas, per-stock predicted-return signal. Stop-loss and take-profit inherited from improved 4.",2019-10-31,HLT,Consumer Discretionary,1.355561919897919,100000.0,0.0746980426901,0.0,0.0746980426901
improved_6_hzz_cross_sectional_trend_stop_take_top10,"Improved 6: replace the index-derived trend factor with a Han, Zhou, Zhu (2016) cross-sectional trend factor. Monthly OLS of next-month returns on 11 normalized MA ratios across the eligible cross-section, strict 12-month trailing-mean smoothing of past betas, per-stock predicted-return signal. Stop-loss and take-profit inherited from improved 4.",2019-10-31,IDXX,Health Care,1.2424658648002114,100000.0,-0.05,0.0,-0.05
improved_6_hzz_cross_sectional_trend_stop_take_top10,"Improved 6: replace the index-derived trend factor with a Han, Zhou, Zhu (2016) cross-sectional trend factor. Monthly OLS of next-month returns on 11 normalized MA ratios across the eligible cross-section, strict 12-month trailing-mean smoothing of past betas, per-stock predicted-return signal. Stop-loss and take-profit inherited from improved 4.",2019-10-31,ORLY,Consumer Discretionary,1.1135667826648996,100000.0,0.0099330943301554,0.0,0.0099330943301554
improved_6_hzz_cross_sectional_trend_stop_take_top10,"Improved 6: replace the index-derived trend factor with a Han, Zhou, Zhu (2016) cross-sectional trend factor. Monthly OLS of next-month returns on 11 normalized MA ratios across the eligible cross-section, strict 12-month trailing-mean smoothing of past betas, per-stock predicted-return signal. Stop-loss and take-profit inherited from improved 4.",2019-10-31,MA,Financials,0.9598534365918299,100000.0,0.0474193548386849,0.0,0.0474193548386849
improved_6_hzz_cross_sectional_trend_stop_take_top10,"Improved 6: replace the index-derived trend factor with a Han, Zhou, Zhu (2016) cross-sectional trend factor. Monthly OLS of next-month returns on 11 normalized MA ratios across the eligible cross-section, strict 12-month trailing-mean smoothing of past betas, per-stock predicted-return signal. Stop-loss and take-profit inherited from improved 4.",2019-10-31,LDOS,Industrials,0.9349423003950486,100000.0,0.0533395176256388,0.0,0.0533395176256388
improved_6_hzz_cross_sectional_trend_stop_take_top10,"Improved 6: replace the index-derived trend factor with a Han, Zhou, Zhu (2016) cross-sectional trend factor. Monthly OLS of next-month returns on 11 normalized MA ratios across the eligible cross-section, strict 12-month trailing-mean smoothing of past betas, per-stock predicted-return signal. Stop-loss and take-profit inherited from improved 4.",2019-10-31,LRCX,Information Technology,0.9109145701544147,100000.0,-0.05,0.0,-0.05
improved_6_hzz_cross_sectional_trend_stop_take_top10,"Improved 6: replace the index-derived trend factor with a Han, Zhou, Zhu (2016) cross-sectional trend factor. Monthly OLS of next-month returns on 11 normalized MA ratios across the eligible cross-section, strict 12-month trailing-mean smoothing of past betas, per-stock predicted-return signal. Stop-loss and take-profit inherited from improved 4.",2019-10-31,HSY,Consumer Staples,0.9048662623210553,100000.0,-0.05,0.0,-0.05
improved_6_hzz_cross_sectional_trend_stop_take_top10,"Improved 6: replace the index-derived trend factor with a Han, Zhou, Zhu (2016) cross-sectional trend factor. Monthly OLS of next-month returns on 11 normalized MA ratios across the eligible cross-section, strict 12-month trailing-mean smoothing of past betas, per-stock predicted-return signal. Stop-loss and take-profit inherited from improved 4.",2019-11-30,HLT,Consumer Discretionary,1.7431471040549091,100000.0,0.0556824671614635,0.0,0.0556824671614635
improved_6_hzz_cross_sectional_trend_stop_take_top10,"Improved 6: replace the index-derived trend factor with a Han, Zhou, Zhu (2016) cross-sectional trend factor. Monthly OLS of next-month returns on 11 normalized MA ratios across the eligible cross-section, strict 12-month trailing-mean smoothing of past betas, per-stock predicted-return signal. Stop-loss and take-profit inherited from improved 4.",2019-11-30,MCO,Financials,1.4769012207843975,100000.0,0.0481677704196508,0.0,0.0481677704196508
improved_6_hzz_cross_sectional_trend_stop_take_top10,"Improved 6: replace the index-derived trend factor with a Han, Zhou, Zhu (2016) cross-sectional trend factor. Monthly OLS of next-month returns on 11 normalized MA ratios across the eligible cross-section, strict 12-month trailing-mean smoothing of past betas, per-stock predicted-return signal. Stop-loss and take-profit inherited from improved 4.",2019-11-30,SPGI,Financials,1.4193755168593136,100000.0,0.0295614795825711,0.0,0.0295614795825711
improved_6_hzz_cross_sectional_trend_stop_take_top10,"Improved 6: replace the index-derived trend factor with a Han, Zhou, Zhu (2016) cross-sectional trend factor. Monthly OLS of next-month returns on 11 normalized MA ratios across the eligible cross-section, strict 12-month trailing-mean smoothing of past betas, per-stock predicted-return signal. Stop-loss and take-profit inherited from improved 4.",2019-11-30,ORLY,Consumer Discretionary,1.2373940024044483,100000.0,-0.0115476566398894,0.0,-0.0115476566398894
improved_6_hzz_cross_sectional_trend_stop_take_top10,"Improved 6: replace the index-derived trend factor with a Han, Zhou, Zhu (2016) cross-sectional trend factor. Monthly OLS of next-month returns on 11 normalized MA ratios across the eligible cross-section, strict 12-month trailing-mean smoothing of past betas, per-stock predicted-return signal. Stop-loss and take-profit inherited from improved 4.",2019-11-30,LMT,Industrials,1.154631558005434,100000.0,-0.0034040592767432,0.0,-0.0034040592767432
improved_6_hzz_cross_sectional_trend_stop_take_top10,"Improved 6: replace the index-derived trend factor with a Han, Zhou, Zhu (2016) cross-sectional trend factor. Monthly OLS of next-month returns on 11 normalized MA ratios across the eligible cross-section, strict 12-month trailing-mean smoothing of past betas, per-stock predicted-return signal. Stop-loss and take-profit inherited from improved 4.",2019-11-30,IDXX,Health Care,1.1481646847945304,100000.0,0.0389925595830182,0.0,0.0389925595830182
improved_6_hzz_cross_sectional_trend_stop_take_top10,"Improved 6: replace the index-derived trend factor with a Han, Zhou, Zhu (2016) cross-sectional trend factor. Monthly OLS of next-month returns on 11 normalized MA ratios across the eligible cross-section, strict 12-month trailing-mean smoothing of past betas, per-stock predicted-return signal. Stop-loss and take-profit inherited from improved 4.",2019-11-30,LRCX,Information Technology,1.1107516003935092,100000.0,0.1019591851008572,0.0,0.1019591851008572
improved_6_hzz_cross_sectional_trend_stop_take_top10,"Improved 6: replace the index-derived trend factor with a Han, Zhou, Zhu (2016) cross-sectional trend factor. Monthly OLS of next-month returns on 11 normalized MA ratios across the eligible cross-section, strict 12-month trailing-mean smoothing of past betas, per-stock predicted-return signal. Stop-loss and take-profit inherited from improved 4.",2019-11-30,TER,Information Technology,1.0198439235440548,100000.0,0.0898194022698903,0.0,0.0898194022698903
improved_6_hzz_cross_sectional_trend_stop_take_top10,"Improved 6: replace the index-derived trend factor with a Han, Zhou, Zhu (2016) cross-sectional trend factor. Monthly OLS of next-month returns on 11 normalized MA ratios across the eligible cross-section, strict 12-month trailing-mean smoothing of past betas, per-stock predicted-return signal. Stop-loss and take-profit inherited from improved 4.",2019-11-30,BLDR,Industrials,0.9625214931907918,100000.0,-0.0019638648860959,0.0,-0.0019638648860959
improved_6_hzz_cross_sectional_trend_stop_take_top10,"Improved 6: replace the index-derived trend factor with a Han, Zhou, Zhu (2016) cross-sectional trend factor. Monthly OLS of next-month returns on 11 normalized MA ratios across the eligible cross-section, strict 12-month trailing-mean smoothing of past betas, per-stock predicted-return signal. Stop-loss and take-profit inherited from improved 4.",2019-11-30,BX,Financials,0.9612601245685626,100000.0,0.0281198309124917,0.0,0.0281198309124917
improved_6_hzz_cross_sectional_trend_stop_take_top10,"Improved 6: replace the index-derived trend factor with a Han, Zhou, Zhu (2016) cross-sectional trend factor. Monthly OLS of next-month returns on 11 normalized MA ratios across the eligible cross-section, strict 12-month trailing-mean smoothing of past betas, per-stock predicted-return signal. Stop-loss and take-profit inherited from improved 4.",2019-12-31,SPGI,Financials,1.7703015654158136,100000.0,0.0697818406961865,0.0,0.0697818406961865
improved_6_hzz_cross_sectional_trend_stop_take_top10,"Improved 6: replace the index-derived trend factor with a Han, Zhou, Zhu (2016) cross-sectional trend factor. Monthly OLS of next-month returns on 11 normalized MA ratios across the eligible cross-section, strict 12-month trailing-mean smoothing of past betas, per-stock predicted-return signal. Stop-loss and take-profit inherited from improved 4.",2019-12-31,MCO,Financials,1.7462207677726058,100000.0,0.0758756494048289,0.0,0.0758756494048289
improved_6_hzz_cross_sectional_trend_stop_take_top10,"Improved 6: replace the index-derived trend factor with a Han, Zhou, Zhu (2016) cross-sectional trend factor. Monthly OLS of next-month returns on 11 normalized MA ratios across the eligible cross-section, strict 12-month trailing-mean smoothing of past betas, per-stock predicted-return signal. Stop-loss and take-profit inherited from improved 4.",2019-12-31,LMT,Industrials,1.5562492742771477,100000.0,0.0897520745303719,0.0,0.0897520745303719
improved_6_hzz_cross_sectional_trend_stop_take_top10,"Improved 6: replace the index-derived trend factor with a Han, Zhou, Zhu (2016) cross-sectional trend factor. Monthly OLS of next-month returns on 11 normalized MA ratios across the eligible cross-section, strict 12-month trailing-mean smoothing of past betas, per-stock predicted-return signal. Stop-loss and take-profit inherited from improved 4.",2019-12-31,HLT,Consumer Discretionary,1.5033245549810388,100000.0,-0.05,0.0,-0.05
improved_6_hzz_cross_sectional_trend_stop_take_top10,"Improved 6: replace the index-derived trend factor with a Han, Zhou, Zhu (2016) cross-sectional trend factor. Monthly OLS of next-month returns on 11 normalized MA ratios across the eligible cross-section, strict 12-month trailing-mean smoothing of past betas, per-stock predicted-return signal. Stop-loss and take-profit inherited from improved 4.",2019-12-31,IDXX,Health Care,1.3823660676299068,100000.0,0.0362482315604328,0.0,0.0362482315604328
improved_6_hzz_cross_sectional_trend_stop_take_top10,"Improved 6: replace the index-derived trend factor with a Han, Zhou, Zhu (2016) cross-sectional trend factor. Monthly OLS of next-month returns on 11 normalized MA ratios across the eligible cross-section, strict 12-month trailing-mean smoothing of past betas, per-stock predicted-return signal. Stop-loss and take-profit inherited from improved 4.",2019-12-31,BLDR,Industrials,1.2137586471126882,100000.0,-0.0310668229777255,0.0,-0.0310668229777255
improved_6_hzz_cross_sectional_trend_stop_take_top10,"Improved 6: replace the index-derived trend factor with a Han, Zhou, Zhu (2016) cross-sectional trend factor. Monthly OLS of next-month returns on 11 normalized MA ratios across the eligible cross-section, strict 12-month trailing-mean smoothing of past betas, per-stock predicted-return signal. Stop-loss and take-profit inherited from improved 4.",2019-12-31,ORLY,Consumer Discretionary,1.050514542815101,100000.0,-0.05,0.0,-0.05
improved_6_hzz_cross_sectional_trend_stop_take_top10,"Improved 6: replace the index-derived trend factor with a Han, Zhou, Zhu (2016) cross-sectional trend factor. Monthly OLS of next-month returns on 11 normalized MA ratios across the eligible cross-section, strict 12-month trailing-mean smoothing of past betas, per-stock predicted-return signal. Stop-loss and take-profit inherited from improved 4.",2019-12-31,MA,Financials,1.0278642791714676,100000.0,0.0528995930700657,0.0,0.0528995930700657
improved_6_hzz_cross_sectional_trend_stop_take_top10,"Improved 6: replace the index-derived trend factor with a Han, Zhou, Zhu (2016) cross-sectional trend factor. Monthly OLS of next-month returns on 11 normalized MA ratios across the eligible cross-section, strict 12-month trailing-mean smoothing of past betas, per-stock predicted-return signal. Stop-loss and take-profit inherited from improved 4.",2019-12-31,NVR,Consumer Discretionary,0.8965742782065638,100000.0,0.0105824728620598,0.0,0.0105824728620598
improved_6_hzz_cross_sectional_trend_stop_take_top10,"Improved 6: replace the index-derived trend factor with a Han, Zhou, Zhu (2016) cross-sectional trend factor. Monthly OLS of next-month returns on 11 normalized MA ratios across the eligible cross-section, strict 12-month trailing-mean smoothing of past betas, per-stock predicted-return signal. Stop-loss and take-profit inherited from improved 4.",2019-12-31,FICO,Information Technology,0.8961128358846795,100000.0,0.0673209549071618,0.0,0.0673209549071618
improved_6_hzz_cross_sectional_trend_stop_take_top10,"Improved 6: replace the index-derived trend factor with a Han, Zhou, Zhu (2016) cross-sectional trend factor. Monthly OLS of next-month returns on 11 normalized MA ratios across the eligible cross-section, strict 12-month trailing-mean smoothing of past betas, per-stock predicted-return signal. Stop-loss and take-profit inherited from improved 4.",2020-01-31,MCO,Financials,1.8285457217390124,100000.0,-0.05,0.0,-0.05
improved_6_hzz_cross_sectional_trend_stop_take_top10,"Improved 6: replace the index-derived trend factor with a Han, Zhou, Zhu (2016) cross-sectional trend factor. Monthly OLS of next-month returns on 11 normalized MA ratios across the eligible cross-section, strict 12-month trailing-mean smoothing of past betas, per-stock predicted-return signal. Stop-loss and take-profit inherited from improved 4.",2020-01-31,HLT,Consumer Discretionary,1.7572866057550045,100000.0,-0.05,0.0,-0.05
improved_6_hzz_cross_sectional_trend_stop_take_top10,"Improved 6: replace the index-derived trend factor with a Han, Zhou, Zhu (2016) cross-sectional trend factor. Monthly OLS of next-month returns on 11 normalized MA ratios across the eligible cross-section, strict 12-month trailing-mean smoothing of past betas, per-stock predicted-return signal. Stop-loss and take-profit inherited from improved 4.",2020-01-31,IDXX,Health Care,1.710514377141381,100000.0,-0.05,0.0,-0.05
improved_6_hzz_cross_sectional_trend_stop_take_top10,"Improved 6: replace the index-derived trend factor with a Han, Zhou, Zhu (2016) cross-sectional trend factor. Monthly OLS of next-month returns on 11 normalized MA ratios across the eligible cross-section, strict 12-month trailing-mean smoothing of past betas, per-stock predicted-return signal. Stop-loss and take-profit inherited from improved 4.",2020-01-31,SPGI,Financials,1.7024164114067628,100000.0,-0.05,0.0,-0.05
improved_6_hzz_cross_sectional_trend_stop_take_top10,"Improved 6: replace the index-derived trend factor with a Han, Zhou, Zhu (2016) cross-sectional trend factor. Monthly OLS of next-month returns on 11 normalized MA ratios across the eligible cross-section, strict 12-month trailing-mean smoothing of past betas, per-stock predicted-return signal. Stop-loss and take-profit inherited from improved 4.",2020-01-31,LMT,Industrials,1.4724103420789412,100000.0,-0.05,0.0,-0.05
improved_6_hzz_cross_sectional_trend_stop_take_top10,"Improved 6: replace the index-derived trend factor with a Han, Zhou, Zhu (2016) cross-sectional trend factor. Monthly OLS of next-month returns on 11 normalized MA ratios across the eligible cross-section, strict 12-month trailing-mean smoothing of past betas, per-stock predicted-return signal. Stop-loss and take-profit inherited from improved 4.",2020-01-31,AAPL,Information Technology,1.3199913380608408,100000.0,-0.05,0.0,-0.05
improved_6_hzz_cross_sectional_trend_stop_take_top10,"Improved 6: replace the index-derived trend factor with a Han, Zhou, Zhu (2016) cross-sectional trend factor. Monthly OLS of next-month returns on 11 normalized MA ratios across the eligible cross-section, strict 12-month trailing-mean smoothing of past betas, per-stock predicted-return signal. Stop-loss and take-profit inherited from improved 4.",2020-01-31,ORLY,Consumer Discretionary,1.0977606083747493,100000.0,-0.05,0.0,-0.05
improved_6_hzz_cross_sectional_trend_stop_take_top10,"Improved 6: replace the index-derived trend factor with a Han, Zhou, Zhu (2016) cross-sectional trend factor. Monthly OLS of next-month returns on 11 normalized MA ratios across the eligible cross-section, strict 12-month trailing-mean smoothing of past betas, per-stock predicted-return signal. Stop-loss and take-profit inherited from improved 4.",2020-01-31,GNRC,Industrials,1.0892909412168281,100000.0,-0.0120863309352517,0.0,-0.0120863309352517
improved_6_hzz_cross_sectional_trend_stop_take_top10,"Improved 6: replace the index-derived trend factor with a Han, Zhou, Zhu (2016) cross-sectional trend factor. Monthly OLS of next-month returns on 11 normalized MA ratios across the eligible cross-section, strict 12-month trailing-mean smoothing of past betas, per-stock predicted-return signal. Stop-loss and take-profit inherited from improved 4.",2020-01-31,CDW,Information Technology,1.0182247066061132,100000.0,-0.05,0.0,-0.05
improved_6_hzz_cross_sectional_trend_stop_take_top10,"Improved 6: replace the index-derived trend factor with a Han, Zhou, Zhu (2016) cross-sectional trend factor. Monthly OLS of next-month returns on 11 normalized MA ratios across the eligible cross-section, strict 12-month trailing-mean smoothing of past betas, per-stock predicted-return signal. Stop-loss and take-profit inherited from improved 4.",2020-01-31,LRCX,Information Technology,1.0116220329923902,100000.0,-0.05,0.0,-0.05
improved_6_hzz_cross_sectional_trend_stop_take_top10,"Improved 6: replace the index-derived trend factor with a Han, Zhou, Zhu (2016) cross-sectional trend factor. Monthly OLS of next-month returns on 11 normalized MA ratios across the eligible cross-section, strict 12-month trailing-mean smoothing of past betas, per-stock predicted-return signal. Stop-loss and take-profit inherited from improved 4.",2020-02-29,MCO,Financials,1.1244892688610963,100000.0,-0.05,0.0,-0.05
improved_6_hzz_cross_sectional_trend_stop_take_top10,"Improved 6: replace the index-derived trend factor with a Han, Zhou, Zhu (2016) cross-sectional trend factor. Monthly OLS of next-month returns on 11 normalized MA ratios across the eligible cross-section, strict 12-month trailing-mean smoothing of past betas, per-stock predicted-return signal. Stop-loss and take-profit inherited from improved 4.",2020-02-29,GNRC,Industrials,1.0987424786428628,100000.0,-0.05,0.0,-0.05
improved_6_hzz_cross_sectional_trend_stop_take_top10,"Improved 6: replace the index-derived trend factor with a Han, Zhou, Zhu (2016) cross-sectional trend factor. Monthly OLS of next-month returns on 11 normalized MA ratios across the eligible cross-section, strict 12-month trailing-mean smoothing of past betas, per-stock predicted-return signal. Stop-loss and take-profit inherited from improved 4.",2020-02-29,LMT,Industrials,1.0661766913720807,100000.0,-0.05,0.0,-0.05
improved_6_hzz_cross_sectional_trend_stop_take_top10,"Improved 6: replace the index-derived trend factor with a Han, Zhou, Zhu (2016) cross-sectional trend factor. Monthly OLS of next-month returns on 11 normalized MA ratios across the eligible cross-section, strict 12-month trailing-mean smoothing of past betas, per-stock predicted-return signal. Stop-loss and take-profit inherited from improved 4.",2020-02-29,SPGI,Financials,1.056210676192389,100000.0,-0.05,0.0,-0.05
improved_6_hzz_cross_sectional_trend_stop_take_top10,"Improved 6: replace the index-derived trend factor with a Han, Zhou, Zhu (2016) cross-sectional trend factor. Monthly OLS of next-month returns on 11 normalized MA ratios across the eligible cross-section, strict 12-month trailing-mean smoothing of past betas, per-stock predicted-return signal. Stop-loss and take-profit inherited from improved 4.",2020-02-29,LRCX,Information Technology,0.9715781450155471,100000.0,-0.05,0.0,-0.05
improved_6_hzz_cross_sectional_trend_stop_take_top10,"Improved 6: replace the index-derived trend factor with a Han, Zhou, Zhu (2016) cross-sectional trend factor. Monthly OLS of next-month returns on 11 normalized MA ratios across the eligible cross-section, strict 12-month trailing-mean smoothing of past betas, per-stock predicted-return signal. Stop-loss and take-profit inherited from improved 4.",2020-02-29,AAPL,Information Technology,0.8936270604959344,100000.0,-0.05,0.0,-0.05
improved_6_hzz_cross_sectional_trend_stop_take_top10,"Improved 6: replace the index-derived trend factor with a Han, Zhou, Zhu (2016) cross-sectional trend factor. Monthly OLS of next-month returns on 11 normalized MA ratios across the eligible cross-section, strict 12-month trailing-mean smoothing of past betas, per-stock predicted-return signal. Stop-loss and take-profit inherited from improved 4.",2020-02-29,APO,Financials,0.8730249855324769,100000.0,-0.05,0.0,-0.05
improved_6_hzz_cross_sectional_trend_stop_take_top10,"Improved 6: replace the index-derived trend factor with a Han, Zhou, Zhu (2016) cross-sectional trend factor. Monthly OLS of next-month returns on 11 normalized MA ratios across the eligible cross-section, strict 12-month trailing-mean smoothing of past betas, per-stock predicted-return signal. Stop-loss and take-profit inherited from improved 4.",2020-02-29,HSY,Consumer Staples,0.8334984987426588,100000.0,-0.05,0.0,-0.05
improved_6_hzz_cross_sectional_trend_stop_take_top10,"Improved 6: replace the index-derived trend factor with a Han, Zhou, Zhu (2016) cross-sectional trend factor. Monthly OLS of next-month returns on 11 normalized MA ratios across the eligible cross-section, strict 12-month trailing-mean smoothing of past betas, per-stock predicted-return signal. Stop-loss and take-profit inherited from improved 4.",2020-02-29,BX,Financials,0.8280108775684981,100000.0,-0.05,0.0,-0.05
improved_6_hzz_cross_sectional_trend_stop_take_top10,"Improved 6: replace the index-derived trend factor with a Han, Zhou, Zhu (2016) cross-sectional trend factor. Monthly OLS of next-month returns on 11 normalized MA ratios across the eligible cross-section, strict 12-month trailing-mean smoothing of past betas, per-stock predicted-return signal. Stop-loss and take-profit inherited from improved 4.",2020-02-29,CLX,Consumer Staples,0.827161686042774,100000.0,0.3,0.0,0.3
improved_6_hzz_cross_sectional_trend_stop_take_top10,"Improved 6: replace the index-derived trend factor with a Han, Zhou, Zhu (2016) cross-sectional trend factor. Monthly OLS of next-month returns on 11 normalized MA ratios across the eligible cross-section, strict 12-month trailing-mean smoothing of past betas, per-stock predicted-return signal. Stop-loss and take-profit inherited from improved 4.",2020-03-31,MCO,Financials,1.1714302122513458,100000.0,0.3,0.0,0.3
improved_6_hzz_cross_sectional_trend_stop_take_top10,"Improved 6: replace the index-derived trend factor with a Han, Zhou, Zhu (2016) cross-sectional trend factor. Monthly OLS of next-month returns on 11 normalized MA ratios across the eligible cross-section, strict 12-month trailing-mean smoothing of past betas, per-stock predicted-return signal. Stop-loss and take-profit inherited from improved 4.",2020-03-31,SPGI,Financials,1.0997914966848414,100000.0,0.3,0.0,0.3
improved_6_hzz_cross_sectional_trend_stop_take_top10,"Improved 6: replace the index-derived trend factor with a Han, Zhou, Zhu (2016) cross-sectional trend factor. Monthly OLS of next-month returns on 11 normalized MA ratios across the eligible cross-section, strict 12-month trailing-mean smoothing of past betas, per-stock predicted-return signal. Stop-loss and take-profit inherited from improved 4.",2020-03-31,LMT,Industrials,1.0965786092896626,100000.0,0.1977341994275421,0.0,0.1977341994275421
improved_6_hzz_cross_sectional_trend_stop_take_top10,"Improved 6: replace the index-derived trend factor with a Han, Zhou, Zhu (2016) cross-sectional trend factor. Monthly OLS of next-month returns on 11 normalized MA ratios across the eligible cross-section, strict 12-month trailing-mean smoothing of past betas, per-stock predicted-return signal. Stop-loss and take-profit inherited from improved 4.",2020-03-31,LLY,Health Care,0.955888693893912,100000.0,0.1540298507461723,0.0,0.1540298507461723
improved_6_hzz_cross_sectional_trend_stop_take_top10,"Improved 6: replace the index-derived trend factor with a Han, Zhou, Zhu (2016) cross-sectional trend factor. Monthly OLS of next-month returns on 11 normalized MA ratios across the eligible cross-section, strict 12-month trailing-mean smoothing of past betas, per-stock predicted-return signal. Stop-loss and take-profit inherited from improved 4.",2020-03-31,IDXX,Health Care,0.921059598266623,100000.0,0.1673184475001052,0.0,0.1673184475001052
improved_6_hzz_cross_sectional_trend_stop_take_top10,"Improved 6: replace the index-derived trend factor with a Han, Zhou, Zhu (2016) cross-sectional trend factor. Monthly OLS of next-month returns on 11 normalized MA ratios across the eligible cross-section, strict 12-month trailing-mean smoothing of past betas, per-stock predicted-return signal. Stop-loss and take-profit inherited from improved 4.",2020-03-31,ORLY,Consumer Discretionary,0.9165821925702359,100000.0,0.3,0.0,0.3
improved_6_hzz_cross_sectional_trend_stop_take_top10,"Improved 6: replace the index-derived trend factor with a Han, Zhou, Zhu (2016) cross-sectional trend factor. Monthly OLS of next-month returns on 11 normalized MA ratios across the eligible cross-section, strict 12-month trailing-mean smoothing of past betas, per-stock predicted-return signal. Stop-loss and take-profit inherited from improved 4.",2020-03-31,LDOS,Industrials,0.9146500770473684,100000.0,0.1215664018160884,0.0,0.1215664018160884
improved_6_hzz_cross_sectional_trend_stop_take_top10,"Improved 6: replace the index-derived trend factor with a Han, Zhou, Zhu (2016) cross-sectional trend factor. Monthly OLS of next-month returns on 11 normalized MA ratios across the eligible cross-section, strict 12-month trailing-mean smoothing of past betas, per-stock predicted-return signal. Stop-loss and take-profit inherited from improved 4.",2020-03-31,LRCX,Information Technology,0.8742173340171475,100000.0,-0.05,0.0,-0.05
improved_6_hzz_cross_sectional_trend_stop_take_top10,"Improved 6: replace the index-derived trend factor with a Han, Zhou, Zhu (2016) cross-sectional trend factor. Monthly OLS of next-month returns on 11 normalized MA ratios across the eligible cross-section, strict 12-month trailing-mean smoothing of past betas, per-stock predicted-return signal. Stop-loss and take-profit inherited from improved 4.",2020-03-31,GNRC,Industrials,0.8658369345536112,100000.0,-0.05,0.0,-0.05
improved_6_hzz_cross_sectional_trend_stop_take_top10,"Improved 6: replace the index-derived trend factor with a Han, Zhou, Zhu (2016) cross-sectional trend factor. Monthly OLS of next-month returns on 11 normalized MA ratios across the eligible cross-section, strict 12-month trailing-mean smoothing of past betas, per-stock predicted-return signal. Stop-loss and take-profit inherited from improved 4.",2020-03-31,CPB,Consumer Staples,0.8337467540636062,100000.0,0.1163592212684687,0.0,0.1163592212684687
improved_6_hzz_cross_sectional_trend_stop_take_top10,"Improved 6: replace the index-derived trend factor with a Han, Zhou, Zhu (2016) cross-sectional trend factor. Monthly OLS of next-month returns on 11 normalized MA ratios across the eligible cross-section, strict 12-month trailing-mean smoothing of past betas, per-stock predicted-return signal. Stop-loss and take-profit inherited from improved 4.",2020-04-30,BLDR,Industrials,1.2143282899132473,100000.0,-0.05,0.0,-0.05
improved_6_hzz_cross_sectional_trend_stop_take_top10,"Improved 6: replace the index-derived trend factor with a Han, Zhou, Zhu (2016) cross-sectional trend factor. Monthly OLS of next-month returns on 11 normalized MA ratios across the eligible cross-section, strict 12-month trailing-mean smoothing of past betas, per-stock predicted-return signal. Stop-loss and take-profit inherited from improved 4.",2020-04-30,SPGI,Financials,1.1339684378678594,100000.0,0.1322598805794936,0.0,0.1322598805794936
improved_6_hzz_cross_sectional_trend_stop_take_top10,"Improved 6: replace the index-derived trend factor with a Han, Zhou, Zhu (2016) cross-sectional trend factor. Monthly OLS of next-month returns on 11 normalized MA ratios across the eligible cross-section, strict 12-month trailing-mean smoothing of past betas, per-stock predicted-return signal. Stop-loss and take-profit inherited from improved 4.",2020-04-30,MCO,Financials,1.0819813632993123,100000.0,0.1101895240373909,0.0,0.1101895240373909
improved_6_hzz_cross_sectional_trend_stop_take_top10,"Improved 6: replace the index-derived trend factor with a Han, Zhou, Zhu (2016) cross-sectional trend factor. Monthly OLS of next-month returns on 11 normalized MA ratios across the eligible cross-section, strict 12-month trailing-mean smoothing of past betas, per-stock predicted-return signal. Stop-loss and take-profit inherited from improved 4.",2020-04-30,GNRC,Industrials,0.9100769988964523,100000.0,-0.05,0.0,-0.05
improved_6_hzz_cross_sectional_trend_stop_take_top10,"Improved 6: replace the index-derived trend factor with a Han, Zhou, Zhu (2016) cross-sectional trend factor. Monthly OLS of next-month returns on 11 normalized MA ratios across the eligible cross-section, strict 12-month trailing-mean smoothing of past betas, per-stock predicted-return signal. Stop-loss and take-profit inherited from improved 4.",2020-04-30,LLY,Health Care,0.8132442388260108,100000.0,-0.05,0.0,-0.05
improved_6_hzz_cross_sectional_trend_stop_take_top10,"Improved 6: replace the index-derived trend factor with a Han, Zhou, Zhu (2016) cross-sectional trend factor. Monthly OLS of next-month returns on 11 normalized MA ratios across the eligible cross-section, strict 12-month trailing-mean smoothing of past betas, per-stock predicted-return signal. Stop-loss and take-profit inherited from improved 4.",2020-04-30,DHI,Consumer Discretionary,0.7858035877201696,100000.0,0.3,0.0,0.3
improved_6_hzz_cross_sectional_trend_stop_take_top10,"Improved 6: replace the index-derived trend factor with a Han, Zhou, Zhu (2016) cross-sectional trend factor. Monthly OLS of next-month returns on 11 normalized MA ratios across the eligible cross-section, strict 12-month trailing-mean smoothing of past betas, per-stock predicted-return signal. Stop-loss and take-profit inherited from improved 4.",2020-04-30,ORLY,Consumer Discretionary,0.7672575590906948,100000.0,0.0997654128982052,0.0,0.0997654128982052
improved_6_hzz_cross_sectional_trend_stop_take_top10,"Improved 6: replace the index-derived trend factor with a Han, Zhou, Zhu (2016) cross-sectional trend factor. Monthly OLS of next-month returns on 11 normalized MA ratios across the eligible cross-section, strict 12-month trailing-mean smoothing of past betas, per-stock predicted-return signal. Stop-loss and take-profit inherited from improved 4.",2020-04-30,NEM,Materials,0.734879095382474,100000.0,-0.0030690537077459,0.0,-0.0030690537077459
improved_6_hzz_cross_sectional_trend_stop_take_top10,"Improved 6: replace the index-derived trend factor with a Han, Zhou, Zhu (2016) cross-sectional trend factor. Monthly OLS of next-month returns on 11 normalized MA ratios across the eligible cross-section, strict 12-month trailing-mean smoothing of past betas, per-stock predicted-return signal. Stop-loss and take-profit inherited from improved 4.",2020-04-30,LMT,Industrials,0.7303576340125635,100000.0,-0.05,0.0,-0.05
improved_6_hzz_cross_sectional_trend_stop_take_top10,"Improved 6: replace the index-derived trend factor with a Han, Zhou, Zhu (2016) cross-sectional trend factor. Monthly OLS of next-month returns on 11 normalized MA ratios across the eligible cross-section, strict 12-month trailing-mean smoothing of past betas, per-stock predicted-return signal. Stop-loss and take-profit inherited from improved 4.",2020-04-30,LEN,Consumer Discretionary,0.7285602558894713,100000.0,0.3,0.0,0.3
improved_6_hzz_cross_sectional_trend_stop_take_top10,"Improved 6: replace the index-derived trend factor with a Han, Zhou, Zhu (2016) cross-sectional trend factor. Monthly OLS of next-month returns on 11 normalized MA ratios across the eligible cross-section, strict 12-month trailing-mean smoothing of past betas, per-stock predicted-return signal. Stop-loss and take-profit inherited from improved 4.",2020-05-31,LOW,Consumer Discretionary,1.1724147550409474,100000.0,-0.05,0.0,-0.05
improved_6_hzz_cross_sectional_trend_stop_take_top10,"Improved 6: replace the index-derived trend factor with a Han, Zhou, Zhu (2016) cross-sectional trend factor. Monthly OLS of next-month returns on 11 normalized MA ratios across the eligible cross-section, strict 12-month trailing-mean smoothing of past betas, per-stock predicted-return signal. Stop-loss and take-profit inherited from improved 4.",2020-05-31,LMT,Industrials,1.1663423325191373,100000.0,-0.05,0.0,-0.05
improved_6_hzz_cross_sectional_trend_stop_take_top10,"Improved 6: replace the index-derived trend factor with a Han, Zhou, Zhu (2016) cross-sectional trend factor. Monthly OLS of next-month returns on 11 normalized MA ratios across the eligible cross-section, strict 12-month trailing-mean smoothing of past betas, per-stock predicted-return signal. Stop-loss and take-profit inherited from improved 4.",2020-05-31,GNRC,Industrials,1.029141988022789,100000.0,-0.05,0.0,-0.05
improved_6_hzz_cross_sectional_trend_stop_take_top10,"Improved 6: replace the index-derived trend factor with a Han, Zhou, Zhu (2016) cross-sectional trend factor. Monthly OLS of next-month returns on 11 normalized MA ratios across the eligible cross-section, strict 12-month trailing-mean smoothing of past betas, per-stock predicted-return signal. Stop-loss and take-profit inherited from improved 4.",2020-05-31,SPGI,Financials,1.0177934246849345,100000.0,-0.05,0.0,-0.05
improved_6_hzz_cross_sectional_trend_stop_take_top10,"Improved 6: replace the index-derived trend factor with a Han, Zhou, Zhu (2016) cross-sectional trend factor. Monthly OLS of next-month returns on 11 normalized MA ratios across the eligible cross-section, strict 12-month trailing-mean smoothing of past betas, per-stock predicted-return signal. Stop-loss and take-profit inherited from improved 4.",2020-05-31,MCO,Financials,1.0049202642481807,100000.0,0.0188770212133901,0.0,0.0188770212133901
improved_6_hzz_cross_sectional_trend_stop_take_top10,"Improved 6: replace the index-derived trend factor with a Han, Zhou, Zhu (2016) cross-sectional trend factor. Monthly OLS of next-month returns on 11 normalized MA ratios across the eligible cross-section, strict 12-month trailing-mean smoothing of past betas, per-stock predicted-return signal. Stop-loss and take-profit inherited from improved 4.",2020-05-31,BLDR,Industrials,0.9577902895359505,100000.0,-0.05,0.0,-0.05
improved_6_hzz_cross_sectional_trend_stop_take_top10,"Improved 6: replace the index-derived trend factor with a Han, Zhou, Zhu (2016) cross-sectional trend factor. Monthly OLS of next-month returns on 11 normalized MA ratios across the eligible cross-section, strict 12-month trailing-mean smoothing of past betas, per-stock predicted-return signal. Stop-loss and take-profit inherited from improved 4.",2020-05-31,ORLY,Consumer Discretionary,0.9248480199905645,100000.0,0.006492421528822,0.0,0.006492421528822
improved_6_hzz_cross_sectional_trend_stop_take_top10,"Improved 6: replace the index-derived trend factor with a Han, Zhou, Zhu (2016) cross-sectional trend factor. Monthly OLS of next-month returns on 11 normalized MA ratios across the eligible cross-section, strict 12-month trailing-mean smoothing of past betas, per-stock predicted-return signal. Stop-loss and take-profit inherited from improved 4.",2020-05-31,WAT,Health Care,0.8370463119544072,100000.0,-0.05,0.0,-0.05
improved_6_hzz_cross_sectional_trend_stop_take_top10,"Improved 6: replace the index-derived trend factor with a Han, Zhou, Zhu (2016) cross-sectional trend factor. Monthly OLS of next-month returns on 11 normalized MA ratios across the eligible cross-section, strict 12-month trailing-mean smoothing of past betas, per-stock predicted-return signal. Stop-loss and take-profit inherited from improved 4.",2020-05-31,GEN,Information Technology,0.7433316811041459,100000.0,-0.05,0.0,-0.05
improved_6_hzz_cross_sectional_trend_stop_take_top10,"Improved 6: replace the index-derived trend factor with a Han, Zhou, Zhu (2016) cross-sectional trend factor. Monthly OLS of next-month returns on 11 normalized MA ratios across the eligible cross-section, strict 12-month trailing-mean smoothing of past betas, per-stock predicted-return signal. Stop-loss and take-profit inherited from improved 4.",2020-05-31,IDXX,Health Care,0.7167089607346677,100000.0,0.0696905880447109,0.0,0.0696905880447109
improved_6_hzz_cross_sectional_trend_stop_take_top10,"Improved 6: replace the index-derived trend factor with a Han, Zhou, Zhu (2016) cross-sectional trend factor. Monthly OLS of next-month returns on 11 normalized MA ratios across the eligible cross-section, strict 12-month trailing-mean smoothing of past betas, per-stock predicted-return signal. Stop-loss and take-profit inherited from improved 4.",2020-06-30,LLY,Health Care,1.4103915063132724,100000.0,-0.05,0.0,-0.05
improved_6_hzz_cross_sectional_trend_stop_take_top10,"Improved 6: replace the index-derived trend factor with a Han, Zhou, Zhu (2016) cross-sectional trend factor. Monthly OLS of next-month returns on 11 normalized MA ratios across the eligible cross-section, strict 12-month trailing-mean smoothing of past betas, per-stock predicted-return signal. Stop-loss and take-profit inherited from improved 4.",2020-06-30,SPGI,Financials,1.3006964644707566,100000.0,0.0600145269655074,0.0,0.0600145269655074
improved_6_hzz_cross_sectional_trend_stop_take_top10,"Improved 6: replace the index-derived trend factor with a Han, Zhou, Zhu (2016) cross-sectional trend factor. Monthly OLS of next-month returns on 11 normalized MA ratios across the eligible cross-section, strict 12-month trailing-mean smoothing of past betas, per-stock predicted-return signal. Stop-loss and take-profit inherited from improved 4.",2020-06-30,EBAY,Consumer Discretionary,1.2912396840571898,100000.0,0.0487573515463639,0.0,0.0487573515463639
improved_6_hzz_cross_sectional_trend_stop_take_top10,"Improved 6: replace the index-derived trend factor with a Han, Zhou, Zhu (2016) cross-sectional trend factor. Monthly OLS of next-month returns on 11 normalized MA ratios across the eligible cross-section, strict 12-month trailing-mean smoothing of past betas, per-stock predicted-return signal. Stop-loss and take-profit inherited from improved 4.",2020-06-30,MCO,Financials,1.281132237288954,100000.0,0.0242872228088459,0.0,0.0242872228088459
improved_6_hzz_cross_sectional_trend_stop_take_top10,"Improved 6: replace the index-derived trend factor with a Han, Zhou, Zhu (2016) cross-sectional trend factor. Monthly OLS of next-month returns on 11 normalized MA ratios across the eligible cross-section, strict 12-month trailing-mean smoothing of past betas, per-stock predicted-return signal. Stop-loss and take-profit inherited from improved 4.",2020-06-30,ORLY,Consumer Discretionary,1.2110151128325266,100000.0,0.1367814449671383,0.0,0.1367814449671383
improved_6_hzz_cross_sectional_trend_stop_take_top10,"Improved 6: replace the index-derived trend factor with a Han, Zhou, Zhu (2016) cross-sectional trend factor. Monthly OLS of next-month returns on 11 normalized MA ratios across the eligible cross-section, strict 12-month trailing-mean smoothing of past betas, per-stock predicted-return signal. Stop-loss and take-profit inherited from improved 4.",2020-06-30,IDXX,Health Care,1.1878031632793449,100000.0,0.198981129800446,0.0,0.198981129800446
improved_6_hzz_cross_sectional_trend_stop_take_top10,"Improved 6: replace the index-derived trend factor with a Han, Zhou, Zhu (2016) cross-sectional trend factor. Monthly OLS of next-month returns on 11 normalized MA ratios across the eligible cross-section, strict 12-month trailing-mean smoothing of past betas, per-stock predicted-return signal. Stop-loss and take-profit inherited from improved 4.",2020-06-30,GNRC,Industrials,1.1529253265576644,100000.0,-0.05,0.0,-0.05
improved_6_hzz_cross_sectional_trend_stop_take_top10,"Improved 6: replace the index-derived trend factor with a Han, Zhou, Zhu (2016) cross-sectional trend factor. Monthly OLS of next-month returns on 11 normalized MA ratios across the eligible cross-section, strict 12-month trailing-mean smoothing of past betas, per-stock predicted-return signal. Stop-loss and take-profit inherited from improved 4.",2020-06-30,CLX,Consumer Staples,1.1339286983962615,100000.0,0.0890283617023932,0.0,0.0890283617023932
improved_6_hzz_cross_sectional_trend_stop_take_top10,"Improved 6: replace the index-derived trend factor with a Han, Zhou, Zhu (2016) cross-sectional trend factor. Monthly OLS of next-month returns on 11 normalized MA ratios across the eligible cross-section, strict 12-month trailing-mean smoothing of past betas, per-stock predicted-return signal. Stop-loss and take-profit inherited from improved 4.",2020-06-30,LOW,Consumer Discretionary,1.111341369423072,100000.0,0.1039500076399,0.0,0.1039500076399
improved_6_hzz_cross_sectional_trend_stop_take_top10,"Improved 6: replace the index-derived trend factor with a Han, Zhou, Zhu (2016) cross-sectional trend factor. Monthly OLS of next-month returns on 11 normalized MA ratios across the eligible cross-section, strict 12-month trailing-mean smoothing of past betas, per-stock predicted-return signal. Stop-loss and take-profit inherited from improved 4.",2020-06-30,KR,Consumer Staples,1.0643158853076118,100000.0,0.027466036620021,0.0,0.027466036620021
improved_6_hzz_cross_sectional_trend_stop_take_top10,"Improved 6: replace the index-derived trend factor with a Han, Zhou, Zhu (2016) cross-sectional trend factor. Monthly OLS of next-month returns on 11 normalized MA ratios across the eligible cross-section, strict 12-month trailing-mean smoothing of past betas, per-stock predicted-return signal. Stop-loss and take-profit inherited from improved 4.",2020-07-31,AMD,Information Technology,1.3621328611220185,100000.0,0.1615296073666707,0.0,0.1615296073666707
improved_6_hzz_cross_sectional_trend_stop_take_top10,"Improved 6: replace the index-derived trend factor with a Han, Zhou, Zhu (2016) cross-sectional trend factor. Monthly OLS of next-month returns on 11 normalized MA ratios across the eligible cross-section, strict 12-month trailing-mean smoothing of past betas, per-stock predicted-return signal. Stop-loss and take-profit inherited from improved 4.",2020-07-31,NVDA,Information Technology,1.243739342829251,100000.0,0.2461681807589057,0.0,0.2461681807589057
improved_6_hzz_cross_sectional_trend_stop_take_top10,"Improved 6: replace the index-derived trend factor with a Han, Zhou, Zhu (2016) cross-sectional trend factor. Monthly OLS of next-month returns on 11 normalized MA ratios across the eligible cross-section, strict 12-month trailing-mean smoothing of past betas, per-stock predicted-return signal. Stop-loss and take-profit inherited from improved 4.",2020-07-31,SPGI,Financials,1.1754778726046387,100000.0,0.0406644791746073,0.0,0.0406644791746073
improved_6_hzz_cross_sectional_trend_stop_take_top10,"Improved 6: replace the index-derived trend factor with a Han, Zhou, Zhu (2016) cross-sectional trend factor. Monthly OLS of next-month returns on 11 normalized MA ratios across the eligible cross-section, strict 12-month trailing-mean smoothing of past betas, per-stock predicted-return signal. Stop-loss and take-profit inherited from improved 4.",2020-07-31,ORLY,Consumer Discretionary,1.1200732174165164,100000.0,-0.05,0.0,-0.05
improved_6_hzz_cross_sectional_trend_stop_take_top10,"Improved 6: replace the index-derived trend factor with a Han, Zhou, Zhu (2016) cross-sectional trend factor. Monthly OLS of next-month returns on 11 normalized MA ratios across the eligible cross-section, strict 12-month trailing-mean smoothing of past betas, per-stock predicted-return signal. Stop-loss and take-profit inherited from improved 4.",2020-07-31,GNRC,Industrials,1.0332822719361128,100000.0,0.1940917661847894,0.0,0.1940917661847894
improved_6_hzz_cross_sectional_trend_stop_take_top10,"Improved 6: replace the index-derived trend factor with a Han, Zhou, Zhu (2016) cross-sectional trend factor. Monthly OLS of next-month returns on 11 normalized MA ratios across the eligible cross-section, strict 12-month trailing-mean smoothing of past betas, per-stock predicted-return signal. Stop-loss and take-profit inherited from improved 4.",2020-07-31,LOW,Consumer Discretionary,1.0263296870335803,100000.0,0.0986657771845611,0.0,0.0986657771845611
improved_6_hzz_cross_sectional_trend_stop_take_top10,"Improved 6: replace the index-derived trend factor with a Han, Zhou, Zhu (2016) cross-sectional trend factor. Monthly OLS of next-month returns on 11 normalized MA ratios across the eligible cross-section, strict 12-month trailing-mean smoothing of past betas, per-stock predicted-return signal. Stop-loss and take-profit inherited from improved 4.",2020-07-31,MPWR,Information Technology,1.0234527505365438,100000.0,-0.0057689444690275,0.0,-0.0057689444690275
improved_6_hzz_cross_sectional_trend_stop_take_top10,"Improved 6: replace the index-derived trend factor with a Han, Zhou, Zhu (2016) cross-sectional trend factor. Monthly OLS of next-month returns on 11 normalized MA ratios across the eligible cross-section, strict 12-month trailing-mean smoothing of past betas, per-stock predicted-return signal. Stop-loss and take-profit inherited from improved 4.",2020-07-31,LRCX,Information Technology,1.0142952307685473,100000.0,-0.05,0.0,-0.05
improved_6_hzz_cross_sectional_trend_stop_take_top10,"Improved 6: replace the index-derived trend factor with a Han, Zhou, Zhu (2016) cross-sectional trend factor. Monthly OLS of next-month returns on 11 normalized MA ratios across the eligible cross-section, strict 12-month trailing-mean smoothing of past betas, per-stock predicted-return signal. Stop-loss and take-profit inherited from improved 4.",2020-07-31,QCOM,Information Technology,0.9943554579568499,100000.0,0.1089385474854742,0.0,0.1089385474854742
improved_6_hzz_cross_sectional_trend_stop_take_top10,"Improved 6: replace the index-derived trend factor with a Han, Zhou, Zhu (2016) cross-sectional trend factor. Monthly OLS of next-month returns on 11 normalized MA ratios across the eligible cross-section, strict 12-month trailing-mean smoothing of past betas, per-stock predicted-return signal. Stop-loss and take-profit inherited from improved 4.",2020-07-31,DVA,Health Care,0.9907464373974443,100000.0,-0.05,0.0,-0.05
improved_6_hzz_cross_sectional_trend_stop_take_top10,"Improved 6: replace the index-derived trend factor with a Han, Zhou, Zhu (2016) cross-sectional trend factor. Monthly OLS of next-month returns on 11 normalized MA ratios across the eligible cross-section, strict 12-month trailing-mean smoothing of past betas, per-stock predicted-return signal. Stop-loss and take-profit inherited from improved 4.",2020-08-31,NTAP,Information Technology,1.360823988901794,100000.0,-0.05,0.0,-0.05
improved_6_hzz_cross_sectional_trend_stop_take_top10,"Improved 6: replace the index-derived trend factor with a Han, Zhou, Zhu (2016) cross-sectional trend factor. Monthly OLS of next-month returns on 11 normalized MA ratios across the eligible cross-section, strict 12-month trailing-mean smoothing of past betas, per-stock predicted-return signal. Stop-loss and take-profit inherited from improved 4.",2020-08-31,BLDR,Industrials,1.220756141301387,100000.0,-0.05,0.0,-0.05
improved_6_hzz_cross_sectional_trend_stop_take_top10,"Improved 6: replace the index-derived trend factor with a Han, Zhou, Zhu (2016) cross-sectional trend factor. Monthly OLS of next-month returns on 11 normalized MA ratios across the eligible cross-section, strict 12-month trailing-mean smoothing of past betas, per-stock predicted-return signal. Stop-loss and take-profit inherited from improved 4.",2020-08-31,GEN,Information Technology,1.1317492455602884,100000.0,-0.05,0.0,-0.05
improved_6_hzz_cross_sectional_trend_stop_take_top10,"Improved 6: replace the index-derived trend factor with a Han, Zhou, Zhu (2016) cross-sectional trend factor. Monthly OLS of next-month returns on 11 normalized MA ratios across the eligible cross-section, strict 12-month trailing-mean smoothing of past betas, per-stock predicted-return signal. Stop-loss and take-profit inherited from improved 4.",2020-08-31,MCO,Financials,1.052838749017898,100000.0,-0.05,0.0,-0.05
improved_6_hzz_cross_sectional_trend_stop_take_top10,"Improved 6: replace the index-derived trend factor with a Han, Zhou, Zhu (2016) cross-sectional trend factor. Monthly OLS of next-month returns on 11 normalized MA ratios across the eligible cross-section, strict 12-month trailing-mean smoothing of past betas, per-stock predicted-return signal. Stop-loss and take-profit inherited from improved 4.",2020-08-31,SPGI,Financials,1.051432701966321,100000.0,-0.05,0.0,-0.05
improved_6_hzz_cross_sectional_trend_stop_take_top10,"Improved 6: replace the index-derived trend factor with a Han, Zhou, Zhu (2016) cross-sectional trend factor. Monthly OLS of next-month returns on 11 normalized MA ratios across the eligible cross-section, strict 12-month trailing-mean smoothing of past betas, per-stock predicted-return signal. Stop-loss and take-profit inherited from improved 4.",2020-08-31,CRM,Information Technology,1.0506944880371172,100000.0,-0.05,0.0,-0.05
improved_6_hzz_cross_sectional_trend_stop_take_top10,"Improved 6: replace the index-derived trend factor with a Han, Zhou, Zhu (2016) cross-sectional trend factor. Monthly OLS of next-month returns on 11 normalized MA ratios across the eligible cross-section, strict 12-month trailing-mean smoothing of past betas, per-stock predicted-return signal. Stop-loss and take-profit inherited from improved 4.",2020-08-31,LOW,Consumer Discretionary,0.9955253602918454,100000.0,-0.05,0.0,-0.05
improved_6_hzz_cross_sectional_trend_stop_take_top10,"Improved 6: replace the index-derived trend factor with a Han, Zhou, Zhu (2016) cross-sectional trend factor. Monthly OLS of next-month returns on 11 normalized MA ratios across the eligible cross-section, strict 12-month trailing-mean smoothing of past betas, per-stock predicted-return signal. Stop-loss and take-profit inherited from improved 4.",2020-08-31,MA,Financials,0.9915337949493994,100000.0,-0.05,0.0,-0.05
improved_6_hzz_cross_sectional_trend_stop_take_top10,"Improved 6: replace the index-derived trend factor with a Han, Zhou, Zhu (2016) cross-sectional trend factor. Monthly OLS of next-month returns on 11 normalized MA ratios across the eligible cross-section, strict 12-month trailing-mean smoothing of past betas, per-stock predicted-return signal. Stop-loss and take-profit inherited from improved 4.",2020-08-31,AAPL,Information Technology,0.9898515114997158,100000.0,-0.05,0.0,-0.05
improved_6_hzz_cross_sectional_trend_stop_take_top10,"Improved 6: replace the index-derived trend factor with a Han, Zhou, Zhu (2016) cross-sectional trend factor. Monthly OLS of next-month returns on 11 normalized MA ratios across the eligible cross-section, strict 12-month trailing-mean smoothing of past betas, per-stock predicted-return signal. Stop-loss and take-profit inherited from improved 4.",2020-08-31,ALGN,Health Care,0.9331422019181963,100000.0,0.1018512285425781,0.0,0.1018512285425781
improved_6_hzz_cross_sectional_trend_stop_take_top10,"Improved 6: replace the index-derived trend factor with a Han, Zhou, Zhu (2016) cross-sectional trend factor. Monthly OLS of next-month returns on 11 normalized MA ratios across the eligible cross-section, strict 12-month trailing-mean smoothing of past betas, per-stock predicted-return signal. Stop-loss and take-profit inherited from improved 4.",2020-09-30,EBAY,Consumer Discretionary,1.2683028777857688,100000.0,-0.05,0.0,-0.05
improved_6_hzz_cross_sectional_trend_stop_take_top10,"Improved 6: replace the index-derived trend factor with a Han, Zhou, Zhu (2016) cross-sectional trend factor. Monthly OLS of next-month returns on 11 normalized MA ratios across the eligible cross-section, strict 12-month trailing-mean smoothing of past betas, per-stock predicted-return signal. Stop-loss and take-profit inherited from improved 4.",2020-09-30,MCO,Financials,1.2112627598256613,100000.0,-0.05,0.0,-0.05
improved_6_hzz_cross_sectional_trend_stop_take_top10,"Improved 6: replace the index-derived trend factor with a Han, Zhou, Zhu (2016) cross-sectional trend factor. Monthly OLS of next-month returns on 11 normalized MA ratios across the eligible cross-section, strict 12-month trailing-mean smoothing of past betas, per-stock predicted-return signal. Stop-loss and take-profit inherited from improved 4.",2020-09-30,NTAP,Information Technology,1.1827049910877507,100000.0,-0.05,0.0,-0.05
improved_6_hzz_cross_sectional_trend_stop_take_top10,"Improved 6: replace the index-derived trend factor with a Han, Zhou, Zhu (2016) cross-sectional trend factor. Monthly OLS of next-month returns on 11 normalized MA ratios across the eligible cross-section, strict 12-month trailing-mean smoothing of past betas, per-stock predicted-return signal. Stop-loss and take-profit inherited from improved 4.",2020-09-30,SPGI,Financials,1.1712237901257996,100000.0,-0.05,0.0,-0.05
improved_6_hzz_cross_sectional_trend_stop_take_top10,"Improved 6: replace the index-derived trend factor with a Han, Zhou, Zhu (2016) cross-sectional trend factor. Monthly OLS of next-month returns on 11 normalized MA ratios across the eligible cross-section, strict 12-month trailing-mean smoothing of past betas, per-stock predicted-return signal. Stop-loss and take-profit inherited from improved 4.",2020-09-30,LOW,Consumer Discretionary,1.14527142261114,100000.0,-0.05,0.0,-0.05
improved_6_hzz_cross_sectional_trend_stop_take_top10,"Improved 6: replace the index-derived trend factor with a Han, Zhou, Zhu (2016) cross-sectional trend factor. Monthly OLS of next-month returns on 11 normalized MA ratios across the eligible cross-section, strict 12-month trailing-mean smoothing of past betas, per-stock predicted-return signal. Stop-loss and take-profit inherited from improved 4.",2020-09-30,ORLY,Consumer Discretionary,1.0417831365954267,100000.0,-0.05,0.0,-0.05
improved_6_hzz_cross_sectional_trend_stop_take_top10,"Improved 6: replace the index-derived trend factor with a Han, Zhou, Zhu (2016) cross-sectional trend factor. Monthly OLS of next-month returns on 11 normalized MA ratios across the eligible cross-section, strict 12-month trailing-mean smoothing of past betas, per-stock predicted-return signal. Stop-loss and take-profit inherited from improved 4.",2020-09-30,AAPL,Information Technology,1.019984818193538,100000.0,-0.05,0.0,-0.05
improved_6_hzz_cross_sectional_trend_stop_take_top10,"Improved 6: replace the index-derived trend factor with a Han, Zhou, Zhu (2016) cross-sectional trend factor. Monthly OLS of next-month returns on 11 normalized MA ratios across the eligible cross-section, strict 12-month trailing-mean smoothing of past betas, per-stock predicted-return signal. Stop-loss and take-profit inherited from improved 4.",2020-09-30,GNRC,Industrials,1.0120175857994693,100000.0,0.0749360613810741,0.0,0.0749360613810741
improved_6_hzz_cross_sectional_trend_stop_take_top10,"Improved 6: replace the index-derived trend factor with a Han, Zhou, Zhu (2016) cross-sectional trend factor. Monthly OLS of next-month returns on 11 normalized MA ratios across the eligible cross-section, strict 12-month trailing-mean smoothing of past betas, per-stock predicted-return signal. Stop-loss and take-profit inherited from improved 4.",2020-09-30,IDXX,Health Care,0.9843933783667465,100000.0,0.0719927325948168,0.0,0.0719927325948168
improved_6_hzz_cross_sectional_trend_stop_take_top10,"Improved 6: replace the index-derived trend factor with a Han, Zhou, Zhu (2016) cross-sectional trend factor. Monthly OLS of next-month returns on 11 normalized MA ratios across the eligible cross-section, strict 12-month trailing-mean smoothing of past betas, per-stock predicted-return signal. Stop-loss and take-profit inherited from improved 4.",2020-09-30,ALGN,Health Care,0.9455160192513357,100000.0,-0.05,0.0,-0.05
improved_6_hzz_cross_sectional_trend_stop_take_top10,"Improved 6: replace the index-derived trend factor with a Han, Zhou, Zhu (2016) cross-sectional trend factor. Monthly OLS of next-month returns on 11 normalized MA ratios across the eligible cross-section, strict 12-month trailing-mean smoothing of past betas, per-stock predicted-return signal. Stop-loss and take-profit inherited from improved 4.",2020-10-31,EBAY,Consumer Discretionary,1.5990158588474155,100000.0,-0.05,0.0,-0.05
improved_6_hzz_cross_sectional_trend_stop_take_top10,"Improved 6: replace the index-derived trend factor with a Han, Zhou, Zhu (2016) cross-sectional trend factor. Monthly OLS of next-month returns on 11 normalized MA ratios across the eligible cross-section, strict 12-month trailing-mean smoothing of past betas, per-stock predicted-return signal. Stop-loss and take-profit inherited from improved 4.",2020-10-31,SPGI,Financials,1.430747637250305,100000.0,0.0727857779569511,0.0,0.0727857779569511
improved_6_hzz_cross_sectional_trend_stop_take_top10,"Improved 6: replace the index-derived trend factor with a Han, Zhou, Zhu (2016) cross-sectional trend factor. Monthly OLS of next-month returns on 11 normalized MA ratios across the eligible cross-section, strict 12-month trailing-mean smoothing of past betas, per-stock predicted-return signal. Stop-loss and take-profit inherited from improved 4.",2020-10-31,ALGN,Health Care,1.354370495586976,100000.0,0.1138393890303171,0.0,0.1138393890303171
improved_6_hzz_cross_sectional_trend_stop_take_top10,"Improved 6: replace the index-derived trend factor with a Han, Zhou, Zhu (2016) cross-sectional trend factor. Monthly OLS of next-month returns on 11 normalized MA ratios across the eligible cross-section, strict 12-month trailing-mean smoothing of past betas, per-stock predicted-return signal. Stop-loss and take-profit inherited from improved 4.",2020-10-31,GNRC,Industrials,1.317339414951866,100000.0,0.0152093045157035,0.0,0.0152093045157035
improved_6_hzz_cross_sectional_trend_stop_take_top10,"Improved 6: replace the index-derived trend factor with a Han, Zhou, Zhu (2016) cross-sectional trend factor. Monthly OLS of next-month returns on 11 normalized MA ratios across the eligible cross-section, strict 12-month trailing-mean smoothing of past betas, per-stock predicted-return signal. Stop-loss and take-profit inherited from improved 4.",2020-10-31,LOW,Consumer Discretionary,1.2718675447521532,100000.0,-0.05,0.0,-0.05
improved_6_hzz_cross_sectional_trend_stop_take_top10,"Improved 6: replace the index-derived trend factor with a Han, Zhou, Zhu (2016) cross-sectional trend factor. Monthly OLS of next-month returns on 11 normalized MA ratios across the eligible cross-section, strict 12-month trailing-mean smoothing of past betas, per-stock predicted-return signal. Stop-loss and take-profit inherited from improved 4.",2020-10-31,ORLY,Consumer Discretionary,1.244607033089584,100000.0,-0.0006098800569221,0.0,-0.0006098800569221
improved_6_hzz_cross_sectional_trend_stop_take_top10,"Improved 6: replace the index-derived trend factor with a Han, Zhou, Zhu (2016) cross-sectional trend factor. Monthly OLS of next-month returns on 11 normalized MA ratios across the eligible cross-section, strict 12-month trailing-mean smoothing of past betas, per-stock predicted-return signal. Stop-loss and take-profit inherited from improved 4.",2020-10-31,CL,Consumer Staples,1.2347958095023226,100000.0,0.0680967822399325,0.0,0.0680967822399325
improved_6_hzz_cross_sectional_trend_stop_take_top10,"Improved 6: replace the index-derived trend factor with a Han, Zhou, Zhu (2016) cross-sectional trend factor. Monthly OLS of next-month returns on 11 normalized MA ratios across the eligible cross-section, strict 12-month trailing-mean smoothing of past betas, per-stock predicted-return signal. Stop-loss and take-profit inherited from improved 4.",2020-10-31,IDXX,Health Care,1.2184621042985457,100000.0,0.0708511429102396,0.0,0.0708511429102396
improved_6_hzz_cross_sectional_trend_stop_take_top10,"Improved 6: replace the index-derived trend factor with a Han, Zhou, Zhu (2016) cross-sectional trend factor. Monthly OLS of next-month returns on 11 normalized MA ratios across the eligible cross-section, strict 12-month trailing-mean smoothing of past betas, per-stock predicted-return signal. Stop-loss and take-profit inherited from improved 4.",2020-10-31,POOL,Consumer Discretionary,1.1375334049754269,100000.0,-0.05,0.0,-0.05
improved_6_hzz_cross_sectional_trend_stop_take_top10,"Improved 6: replace the index-derived trend factor with a Han, Zhou, Zhu (2016) cross-sectional trend factor. Monthly OLS of next-month returns on 11 normalized MA ratios across the eligible cross-section, strict 12-month trailing-mean smoothing of past betas, per-stock predicted-return signal. Stop-loss and take-profit inherited from improved 4.",2020-10-31,KMB,Consumer Staples,1.1156497694515763,100000.0,0.0375363074402077,0.0,0.0375363074402077
improved_6_hzz_cross_sectional_trend_stop_take_top10,"Improved 6: replace the index-derived trend factor with a Han, Zhou, Zhu (2016) cross-sectional trend factor. Monthly OLS of next-month returns on 11 normalized MA ratios across the eligible cross-section, strict 12-month trailing-mean smoothing of past betas, per-stock predicted-return signal. Stop-loss and take-profit inherited from improved 4.",2020-11-30,EBAY,Consumer Discretionary,1.1524984962666966,100000.0,-0.0049504950495909,0.0,-0.0049504950495909
improved_6_hzz_cross_sectional_trend_stop_take_top10,"Improved 6: replace the index-derived trend factor with a Han, Zhou, Zhu (2016) cross-sectional trend factor. Monthly OLS of next-month returns on 11 normalized MA ratios across the eligible cross-section, strict 12-month trailing-mean smoothing of past betas, per-stock predicted-return signal. Stop-loss and take-profit inherited from improved 4.",2020-11-30,CL,Consumer Staples,1.0398035968443897,100000.0,-0.0029151119405811,0.0,-0.0029151119405811
improved_6_hzz_cross_sectional_trend_stop_take_top10,"Improved 6: replace the index-derived trend factor with a Han, Zhou, Zhu (2016) cross-sectional trend factor. Monthly OLS of next-month returns on 11 normalized MA ratios across the eligible cross-section, strict 12-month trailing-mean smoothing of past betas, per-stock predicted-return signal. Stop-loss and take-profit inherited from improved 4.",2020-11-30,ABBV,Health Care,1.0091537140662745,100000.0,0.0199904807232302,0.0,0.0199904807232302
improved_6_hzz_cross_sectional_trend_stop_take_top10,"Improved 6: replace the index-derived trend factor with a Han, Zhou, Zhu (2016) cross-sectional trend factor. Monthly OLS of next-month returns on 11 normalized MA ratios across the eligible cross-section, strict 12-month trailing-mean smoothing of past betas, per-stock predicted-return signal. Stop-loss and take-profit inherited from improved 4.",2020-11-30,NRG,Utilities,0.9558764069140311,100000.0,0.1399514268373378,0.0,0.1399514268373378
improved_6_hzz_cross_sectional_trend_stop_take_top10,"Improved 6: replace the index-derived trend factor with a Han, Zhou, Zhu (2016) cross-sectional trend factor. Monthly OLS of next-month returns on 11 normalized MA ratios across the eligible cross-section, strict 12-month trailing-mean smoothing of past betas, per-stock predicted-return signal. Stop-loss and take-profit inherited from improved 4.",2020-11-30,SPGI,Financials,0.9531037552342659,100000.0,-0.05,0.0,-0.05
improved_6_hzz_cross_sectional_trend_stop_take_top10,"Improved 6: replace the index-derived trend factor with a Han, Zhou, Zhu (2016) cross-sectional trend factor. Monthly OLS of next-month returns on 11 normalized MA ratios across the eligible cross-section, strict 12-month trailing-mean smoothing of past betas, per-stock predicted-return signal. Stop-loss and take-profit inherited from improved 4.",2020-11-30,KMB,Consumer Staples,0.9233746590375042,100000.0,-0.0259728574341343,0.0,-0.0259728574341343
improved_6_hzz_cross_sectional_trend_stop_take_top10,"Improved 6: replace the index-derived trend factor with a Han, Zhou, Zhu (2016) cross-sectional trend factor. Monthly OLS of next-month returns on 11 normalized MA ratios across the eligible cross-section, strict 12-month trailing-mean smoothing of past betas, per-stock predicted-return signal. Stop-loss and take-profit inherited from improved 4.",2020-11-30,NTAP,Information Technology,0.9048543811542723,100000.0,0.2583562721182728,0.0,0.2583562721182728
improved_6_hzz_cross_sectional_trend_stop_take_top10,"Improved 6: replace the index-derived trend factor with a Han, Zhou, Zhu (2016) cross-sectional trend factor. Monthly OLS of next-month returns on 11 normalized MA ratios across the eligible cross-section, strict 12-month trailing-mean smoothing of past betas, per-stock predicted-return signal. Stop-loss and take-profit inherited from improved 4.",2020-11-30,ALGN,Health Care,0.8813983209882877,100000.0,0.0962540516144914,0.0,0.0962540516144914
improved_6_hzz_cross_sectional_trend_stop_take_top10,"Improved 6: replace the index-derived trend factor with a Han, Zhou, Zhu (2016) cross-sectional trend factor. Monthly OLS of next-month returns on 11 normalized MA ratios across the eligible cross-section, strict 12-month trailing-mean smoothing of past betas, per-stock predicted-return signal. Stop-loss and take-profit inherited from improved 4.",2020-11-30,ORLY,Consumer Discretionary,0.8668629497105228,100000.0,0.0139125369656936,0.0,0.0139125369656936
improved_6_hzz_cross_sectional_trend_stop_take_top10,"Improved 6: replace the index-derived trend factor with a Han, Zhou, Zhu (2016) cross-sectional trend factor. Monthly OLS of next-month returns on 11 normalized MA ratios across the eligible cross-section, strict 12-month trailing-mean smoothing of past betas, per-stock predicted-return signal. Stop-loss and take-profit inherited from improved 4.",2020-11-30,FSLR,Information Technology,0.8523539311020023,100000.0,-0.05,0.0,-0.05
improved_6_hzz_cross_sectional_trend_stop_take_top10,"Improved 6: replace the index-derived trend factor with a Han, Zhou, Zhu (2016) cross-sectional trend factor. Monthly OLS of next-month returns on 11 normalized MA ratios across the eligible cross-section, strict 12-month trailing-mean smoothing of past betas, per-stock predicted-return signal. Stop-loss and take-profit inherited from improved 4.",2020-12-31,IDXX,Health Care,1.4057979826912663,100000.0,-0.05,0.0,-0.05
improved_6_hzz_cross_sectional_trend_stop_take_top10,"Improved 6: replace the index-derived trend factor with a Han, Zhou, Zhu (2016) cross-sectional trend factor. Monthly OLS of next-month returns on 11 normalized MA ratios across the eligible cross-section, strict 12-month trailing-mean smoothing of past betas, per-stock predicted-return signal. Stop-loss and take-profit inherited from improved 4.",2020-12-31,FCX,Materials,1.253400541897466,100000.0,-0.05,0.0,-0.05
improved_6_hzz_cross_sectional_trend_stop_take_top10,"Improved 6: replace the index-derived trend factor with a Han, Zhou, Zhu (2016) cross-sectional trend factor. Monthly OLS of next-month returns on 11 normalized MA ratios across the eligible cross-section, strict 12-month trailing-mean smoothing of past betas, per-stock predicted-return signal. Stop-loss and take-profit inherited from improved 4.",2020-12-31,BLDR,Industrials,1.2039867210263842,100000.0,-0.05,0.0,-0.05
improved_6_hzz_cross_sectional_trend_stop_take_top10,"Improved 6: replace the index-derived trend factor with a Han, Zhou, Zhu (2016) cross-sectional trend factor. Monthly OLS of next-month returns on 11 normalized MA ratios across the eligible cross-section, strict 12-month trailing-mean smoothing of past betas, per-stock predicted-return signal. Stop-loss and take-profit inherited from improved 4.",2020-12-31,NTAP,Information Technology,1.2008983787599694,100000.0,0.0069027973414059,0.0,0.0069027973414059
improved_6_hzz_cross_sectional_trend_stop_take_top10,"Improved 6: replace the index-derived trend factor with a Han, Zhou, Zhu (2016) cross-sectional trend factor. Monthly OLS of next-month returns on 11 normalized MA ratios across the eligible cross-section, strict 12-month trailing-mean smoothing of past betas, per-stock predicted-return signal. Stop-loss and take-profit inherited from improved 4.",2020-12-31,EBAY,Consumer Discretionary,1.1250893146127245,100000.0,0.1194532488125421,0.0,0.1194532488125421
improved_6_hzz_cross_sectional_trend_stop_take_top10,"Improved 6: replace the index-derived trend factor with a Han, Zhou, Zhu (2016) cross-sectional trend factor. Monthly OLS of next-month returns on 11 normalized MA ratios across the eligible cross-section, strict 12-month trailing-mean smoothing of past betas, per-stock predicted-return signal. Stop-loss and take-profit inherited from improved 4.",2020-12-31,AAPL,Information Technology,1.0940925138382083,100000.0,-0.05,0.0,-0.05
improved_6_hzz_cross_sectional_trend_stop_take_top10,"Improved 6: replace the index-derived trend factor with a Han, Zhou, Zhu (2016) cross-sectional trend factor. Monthly OLS of next-month returns on 11 normalized MA ratios across the eligible cross-section, strict 12-month trailing-mean smoothing of past betas, per-stock predicted-return signal. Stop-loss and take-profit inherited from improved 4.",2020-12-31,QCOM,Information Technology,1.0472145072800305,100000.0,0.0213711522123625,0.0,0.0213711522123625
improved_6_hzz_cross_sectional_trend_stop_take_top10,"Improved 6: replace the index-derived trend factor with a Han, Zhou, Zhu (2016) cross-sectional trend factor. Monthly OLS of next-month returns on 11 normalized MA ratios across the eligible cross-section, strict 12-month trailing-mean smoothing of past betas, per-stock predicted-return signal. Stop-loss and take-profit inherited from improved 4.",2020-12-31,ALGN,Health Care,1.0237078116954357,100000.0,-0.05,0.0,-0.05
improved_6_hzz_cross_sectional_trend_stop_take_top10,"Improved 6: replace the index-derived trend factor with a Han, Zhou, Zhu (2016) cross-sectional trend factor. Monthly OLS of next-month returns on 11 normalized MA ratios across the eligible cross-section, strict 12-month trailing-mean smoothing of past betas, per-stock predicted-return signal. Stop-loss and take-profit inherited from improved 4.",2020-12-31,SPGI,Financials,1.004631920463864,100000.0,-0.05,0.0,-0.05
improved_6_hzz_cross_sectional_trend_stop_take_top10,"Improved 6: replace the index-derived trend factor with a Han, Zhou, Zhu (2016) cross-sectional trend factor. Monthly OLS of next-month returns on 11 normalized MA ratios across the eligible cross-section, strict 12-month trailing-mean smoothing of past betas, per-stock predicted-return signal. Stop-loss and take-profit inherited from improved 4.",2020-12-31,CL,Consumer Staples,0.9919611063253617,100000.0,-0.05,0.0,-0.05
improved_6_hzz_cross_sectional_trend_stop_take_top10,"Improved 6: replace the index-derived trend factor with a Han, Zhou, Zhu (2016) cross-sectional trend factor. Monthly OLS of next-month returns on 11 normalized MA ratios across the eligible cross-section, strict 12-month trailing-mean smoothing of past betas, per-stock predicted-return signal. Stop-loss and take-profit inherited from improved 4.",2021-01-31,NTAP,Information Technology,1.5660985493179296,100000.0,-0.05,0.0,-0.05
improved_6_hzz_cross_sectional_trend_stop_take_top10,"Improved 6: replace the index-derived trend factor with a Han, Zhou, Zhu (2016) cross-sectional trend factor. Monthly OLS of next-month returns on 11 normalized MA ratios across the eligible cross-section, strict 12-month trailing-mean smoothing of past betas, per-stock predicted-return signal. Stop-loss and take-profit inherited from improved 4.",2021-01-31,WSM,Consumer Discretionary,1.36225357347586,100000.0,-0.05,0.0,-0.05
improved_6_hzz_cross_sectional_trend_stop_take_top10,"Improved 6: replace the index-derived trend factor with a Han, Zhou, Zhu (2016) cross-sectional trend factor. Monthly OLS of next-month returns on 11 normalized MA ratios across the eligible cross-section, strict 12-month trailing-mean smoothing of past betas, per-stock predicted-return signal. Stop-loss and take-profit inherited from improved 4.",2021-01-31,COHR,Information Technology,1.3615122424262496,100000.0,-0.05,0.0,-0.05
improved_6_hzz_cross_sectional_trend_stop_take_top10,"Improved 6: replace the index-derived trend factor with a Han, Zhou, Zhu (2016) cross-sectional trend factor. Monthly OLS of next-month returns on 11 normalized MA ratios across the eligible cross-section, strict 12-month trailing-mean smoothing of past betas, per-stock predicted-return signal. Stop-loss and take-profit inherited from improved 4.",2021-01-31,TTD,Communication Services,1.3386468776009146,100000.0,0.0292918578348051,0.0,0.0292918578348051
improved_6_hzz_cross_sectional_trend_stop_take_top10,"Improved 6: replace the index-derived trend factor with a Han, Zhou, Zhu (2016) cross-sectional trend factor. Monthly OLS of next-month returns on 11 normalized MA ratios across the eligible cross-section, strict 12-month trailing-mean smoothing of past betas, per-stock predicted-return signal. Stop-loss and take-profit inherited from improved 4.",2021-01-31,ALGN,Health Care,1.118298060487189,100000.0,0.0503398588705945,0.0,0.0503398588705945
improved_6_hzz_cross_sectional_trend_stop_take_top10,"Improved 6: replace the index-derived trend factor with a Han, Zhou, Zhu (2016) cross-sectional trend factor. Monthly OLS of next-month returns on 11 normalized MA ratios across the eligible cross-section, strict 12-month trailing-mean smoothing of past betas, per-stock predicted-return signal. Stop-loss and take-profit inherited from improved 4.",2021-01-31,EBAY,Consumer Discretionary,1.0996829569762139,100000.0,-0.0039595248574693,0.0,-0.0039595248574693
improved_6_hzz_cross_sectional_trend_stop_take_top10,"Improved 6: replace the index-derived trend factor with a Han, Zhou, Zhu (2016) cross-sectional trend factor. Monthly OLS of next-month returns on 11 normalized MA ratios across the eligible cross-section, strict 12-month trailing-mean smoothing of past betas, per-stock predicted-return signal. Stop-loss and take-profit inherited from improved 4.",2021-01-31,IDXX,Health Care,1.0329853024755482,100000.0,0.076911929112666,0.0,0.076911929112666
improved_6_hzz_cross_sectional_trend_stop_take_top10,"Improved 6: replace the index-derived trend factor with a Han, Zhou, Zhu (2016) cross-sectional trend factor. Monthly OLS of next-month returns on 11 normalized MA ratios across the eligible cross-section, strict 12-month trailing-mean smoothing of past betas, per-stock predicted-return signal. Stop-loss and take-profit inherited from improved 4.",2021-01-31,FCX,Materials,1.0151247225005413,100000.0,0.3,0.0,0.3
improved_6_hzz_cross_sectional_trend_stop_take_top10,"Improved 6: replace the index-derived trend factor with a Han, Zhou, Zhu (2016) cross-sectional trend factor. Monthly OLS of next-month returns on 11 normalized MA ratios across the eligible cross-section, strict 12-month trailing-mean smoothing of past betas, per-stock predicted-return signal. Stop-loss and take-profit inherited from improved 4.",2021-01-31,NRG,Utilities,0.9784215472413677,100000.0,-0.05,0.0,-0.05
improved_6_hzz_cross_sectional_trend_stop_take_top10,"Improved 6: replace the index-derived trend factor with a Han, Zhou, Zhu (2016) cross-sectional trend factor. Monthly OLS of next-month returns on 11 normalized MA ratios across the eligible cross-section, strict 12-month trailing-mean smoothing of past betas, per-stock predicted-return signal. Stop-loss and take-profit inherited from improved 4.",2021-01-31,QCOM,Information Technology,0.9773594763289043,100000.0,-0.05,0.0,-0.05
improved_6_hzz_cross_sectional_trend_stop_take_top10,"Improved 6: replace the index-derived trend factor with a Han, Zhou, Zhu (2016) cross-sectional trend factor. Monthly OLS of next-month returns on 11 normalized MA ratios across the eligible cross-section, strict 12-month trailing-mean smoothing of past betas, per-stock predicted-return signal. Stop-loss and take-profit inherited from improved 4.",2021-02-28,GNRC,Industrials,1.4284559484622432,100000.0,-0.05,0.0,-0.05
improved_6_hzz_cross_sectional_trend_stop_take_top10,"Improved 6: replace the index-derived trend factor with a Han, Zhou, Zhu (2016) cross-sectional trend factor. Monthly OLS of next-month returns on 11 normalized MA ratios across the eligible cross-section, strict 12-month trailing-mean smoothing of past betas, per-stock predicted-return signal. Stop-loss and take-profit inherited from improved 4.",2021-02-28,FCX,Materials,1.4212412026428338,100000.0,-0.05,0.0,-0.05
improved_6_hzz_cross_sectional_trend_stop_take_top10,"Improved 6: replace the index-derived trend factor with a Han, Zhou, Zhu (2016) cross-sectional trend factor. Monthly OLS of next-month returns on 11 normalized MA ratios across the eligible cross-section, strict 12-month trailing-mean smoothing of past betas, per-stock predicted-return signal. Stop-loss and take-profit inherited from improved 4.",2021-02-28,ALGN,Health Care,1.2998668194172043,100000.0,-0.05,0.0,-0.05
improved_6_hzz_cross_sectional_trend_stop_take_top10,"Improved 6: replace the index-derived trend factor with a Han, Zhou, Zhu (2016) cross-sectional trend factor. Monthly OLS of next-month returns on 11 normalized MA ratios across the eligible cross-section, strict 12-month trailing-mean smoothing of past betas, per-stock predicted-return signal. Stop-loss and take-profit inherited from improved 4.",2021-02-28,COHR,Information Technology,1.2747414077017152,100000.0,-0.05,0.0,-0.05
improved_6_hzz_cross_sectional_trend_stop_take_top10,"Improved 6: replace the index-derived trend factor with a Han, Zhou, Zhu (2016) cross-sectional trend factor. Monthly OLS of next-month returns on 11 normalized MA ratios across the eligible cross-section, strict 12-month trailing-mean smoothing of past betas, per-stock predicted-return signal. Stop-loss and take-profit inherited from improved 4.",2021-02-28,NTAP,Information Technology,1.20323661332136,100000.0,-0.05,0.0,-0.05
improved_6_hzz_cross_sectional_trend_stop_take_top10,"Improved 6: replace the index-derived trend factor with a Han, Zhou, Zhu (2016) cross-sectional trend factor. Monthly OLS of next-month returns on 11 normalized MA ratios across the eligible cross-section, strict 12-month trailing-mean smoothing of past betas, per-stock predicted-return signal. Stop-loss and take-profit inherited from improved 4.",2021-02-28,TER,Information Technology,1.0716177735316301,100000.0,-0.05,0.0,-0.05
improved_6_hzz_cross_sectional_trend_stop_take_top10,"Improved 6: replace the index-derived trend factor with a Han, Zhou, Zhu (2016) cross-sectional trend factor. Monthly OLS of next-month returns on 11 normalized MA ratios across the eligible cross-section, strict 12-month trailing-mean smoothing of past betas, per-stock predicted-return signal. Stop-loss and take-profit inherited from improved 4.",2021-02-28,MOS,Materials,1.0199623771561674,100000.0,-0.05,0.0,-0.05
improved_6_hzz_cross_sectional_trend_stop_take_top10,"Improved 6: replace the index-derived trend factor with a Han, Zhou, Zhu (2016) cross-sectional trend factor. Monthly OLS of next-month returns on 11 normalized MA ratios across the eligible cross-section, strict 12-month trailing-mean smoothing of past betas, per-stock predicted-return signal. Stop-loss and take-profit inherited from improved 4.",2021-02-28,TPL,Energy,0.967375735035952,100000.0,0.3,0.0,0.3
improved_6_hzz_cross_sectional_trend_stop_take_top10,"Improved 6: replace the index-derived trend factor with a Han, Zhou, Zhu (2016) cross-sectional trend factor. Monthly OLS of next-month returns on 11 normalized MA ratios across the eligible cross-section, strict 12-month trailing-mean smoothing of past betas, per-stock predicted-return signal. Stop-loss and take-profit inherited from improved 4.",2021-02-28,IDXX,Health Care,0.9256783336508692,100000.0,-0.05,0.0,-0.05
improved_6_hzz_cross_sectional_trend_stop_take_top10,"Improved 6: replace the index-derived trend factor with a Han, Zhou, Zhu (2016) cross-sectional trend factor. Monthly OLS of next-month returns on 11 normalized MA ratios across the eligible cross-section, strict 12-month trailing-mean smoothing of past betas, per-stock predicted-return signal. Stop-loss and take-profit inherited from improved 4.",2021-02-28,ZBRA,Information Technology,0.9242259865575944,100000.0,-0.05,0.0,-0.05
improved_6_hzz_cross_sectional_trend_stop_take_top10,"Improved 6: replace the index-derived trend factor with a Han, Zhou, Zhu (2016) cross-sectional trend factor. Monthly OLS of next-month returns on 11 normalized MA ratios across the eligible cross-section, strict 12-month trailing-mean smoothing of past betas, per-stock predicted-return signal. Stop-loss and take-profit inherited from improved 4.",2021-03-31,TRGP,Energy,1.5390855552221463,100000.0,0.0844664559876906,0.0,0.0844664559876906
improved_6_hzz_cross_sectional_trend_stop_take_top10,"Improved 6: replace the index-derived trend factor with a Han, Zhou, Zhu (2016) cross-sectional trend factor. Monthly OLS of next-month returns on 11 normalized MA ratios across the eligible cross-section, strict 12-month trailing-mean smoothing of past betas, per-stock predicted-return signal. Stop-loss and take-profit inherited from improved 4.",2021-03-31,TPL,Energy,1.3599002015440642,100000.0,-0.05,0.0,-0.05
improved_6_hzz_cross_sectional_trend_stop_take_top10,"Improved 6: replace the index-derived trend factor with a Han, Zhou, Zhu (2016) cross-sectional trend factor. Monthly OLS of next-month returns on 11 normalized MA ratios across the eligible cross-section, strict 12-month trailing-mean smoothing of past betas, per-stock predicted-return signal. Stop-loss and take-profit inherited from improved 4.",2021-03-31,FCX,Materials,1.3410852185282987,100000.0,0.1334100709493686,0.0,0.1334100709493686
improved_6_hzz_cross_sectional_trend_stop_take_top10,"Improved 6: replace the index-derived trend factor with a Han, Zhou, Zhu (2016) cross-sectional trend factor. Monthly OLS of next-month returns on 11 normalized MA ratios across the eligible cross-section, strict 12-month trailing-mean smoothing of past betas, per-stock predicted-return signal. Stop-loss and take-profit inherited from improved 4.",2021-03-31,HD,Consumer Discretionary,1.3169808267506753,100000.0,0.0547119395202675,0.0,0.0547119395202675
improved_6_hzz_cross_sectional_trend_stop_take_top10,"Improved 6: replace the index-derived trend factor with a Han, Zhou, Zhu (2016) cross-sectional trend factor. Monthly OLS of next-month returns on 11 normalized MA ratios across the eligible cross-section, strict 12-month trailing-mean smoothing of past betas, per-stock predicted-return signal. Stop-loss and take-profit inherited from improved 4.",2021-03-31,WSM,Consumer Discretionary,1.27607806668864,100000.0,-0.05,0.0,-0.05
improved_6_hzz_cross_sectional_trend_stop_take_top10,"Improved 6: replace the index-derived trend factor with a Han, Zhou, Zhu (2016) cross-sectional trend factor. Monthly OLS of next-month returns on 11 normalized MA ratios across the eligible cross-section, strict 12-month trailing-mean smoothing of past betas, per-stock predicted-return signal. Stop-loss and take-profit inherited from improved 4.",2021-03-31,SPGI,Financials,1.2544325937165002,100000.0,0.0861061651457222,0.0,0.0861061651457222
improved_6_hzz_cross_sectional_trend_stop_take_top10,"Improved 6: replace the index-derived trend factor with a Han, Zhou, Zhu (2016) cross-sectional trend factor. Monthly OLS of next-month returns on 11 normalized MA ratios across the eligible cross-section, strict 12-month trailing-mean smoothing of past betas, per-stock predicted-return signal. Stop-loss and take-profit inherited from improved 4.",2021-03-31,TPR,Consumer Discretionary,1.2471474774711004,100000.0,0.1494114821039327,0.0,0.1494114821039327
improved_6_hzz_cross_sectional_trend_stop_take_top10,"Improved 6: replace the index-derived trend factor with a Han, Zhou, Zhu (2016) cross-sectional trend factor. Monthly OLS of next-month returns on 11 normalized MA ratios across the eligible cross-section, strict 12-month trailing-mean smoothing of past betas, per-stock predicted-return signal. Stop-loss and take-profit inherited from improved 4.",2021-03-31,ORLY,Consumer Discretionary,1.1547906154992438,100000.0,0.0849159439375895,0.0,0.0849159439375895
improved_6_hzz_cross_sectional_trend_stop_take_top10,"Improved 6: replace the index-derived trend factor with a Han, Zhou, Zhu (2016) cross-sectional trend factor. Monthly OLS of next-month returns on 11 normalized MA ratios across the eligible cross-section, strict 12-month trailing-mean smoothing of past betas, per-stock predicted-return signal. Stop-loss and take-profit inherited from improved 4.",2021-03-31,ADSK,Information Technology,1.099238344494132,100000.0,0.0506406564929458,0.0,0.0506406564929458
improved_6_hzz_cross_sectional_trend_stop_take_top10,"Improved 6: replace the index-derived trend factor with a Han, Zhou, Zhu (2016) cross-sectional trend factor. Monthly OLS of next-month returns on 11 normalized MA ratios across the eligible cross-section, strict 12-month trailing-mean smoothing of past betas, per-stock predicted-return signal. Stop-loss and take-profit inherited from improved 4.",2021-03-31,CL,Consumer Staples,1.097042754858708,100000.0,0.0333186578559663,0.0,0.0333186578559663
improved_6_hzz_cross_sectional_trend_stop_take_top10,"Improved 6: replace the index-derived trend factor with a Han, Zhou, Zhu (2016) cross-sectional trend factor. Monthly OLS of next-month returns on 11 normalized MA ratios across the eligible cross-section, strict 12-month trailing-mean smoothing of past betas, per-stock predicted-return signal. Stop-loss and take-profit inherited from improved 4.",2021-04-30,NTAP,Information Technology,1.4275125827022497,100000.0,0.033174558027788,0.0,0.033174558027788
improved_6_hzz_cross_sectional_trend_stop_take_top10,"Improved 6: replace the index-derived trend factor with a Han, Zhou, Zhu (2016) cross-sectional trend factor. Monthly OLS of next-month returns on 11 normalized MA ratios across the eligible cross-section, strict 12-month trailing-mean smoothing of past betas, per-stock predicted-return signal. Stop-loss and take-profit inherited from improved 4.",2021-04-30,HD,Consumer Discretionary,1.3301988870491352,100000.0,-0.05,0.0,-0.05
improved_6_hzz_cross_sectional_trend_stop_take_top10,"Improved 6: replace the index-derived trend factor with a Han, Zhou, Zhu (2016) cross-sectional trend factor. Monthly OLS of next-month returns on 11 normalized MA ratios across the eligible cross-section, strict 12-month trailing-mean smoothing of past betas, per-stock predicted-return signal. Stop-loss and take-profit inherited from improved 4.",2021-04-30,ADSK,Information Technology,1.2543493269021393,100000.0,-0.05,0.0,-0.05
improved_6_hzz_cross_sectional_trend_stop_take_top10,"Improved 6: replace the index-derived trend factor with a Han, Zhou, Zhu (2016) cross-sectional trend factor. Monthly OLS of next-month returns on 11 normalized MA ratios across the eligible cross-section, strict 12-month trailing-mean smoothing of past betas, per-stock predicted-return signal. Stop-loss and take-profit inherited from improved 4.",2021-04-30,MAS,Industrials,1.2378754676547574,100000.0,-0.05,0.0,-0.05
improved_6_hzz_cross_sectional_trend_stop_take_top10,"Improved 6: replace the index-derived trend factor with a Han, Zhou, Zhu (2016) cross-sectional trend factor. Monthly OLS of next-month returns on 11 normalized MA ratios across the eligible cross-section, strict 12-month trailing-mean smoothing of past betas, per-stock predicted-return signal. Stop-loss and take-profit inherited from improved 4.",2021-04-30,TPR,Consumer Discretionary,1.1639411916783182,100000.0,-0.05,0.0,-0.05
improved_6_hzz_cross_sectional_trend_stop_take_top10,"Improved 6: replace the index-derived trend factor with a Han, Zhou, Zhu (2016) cross-sectional trend factor. Monthly OLS of next-month returns on 11 normalized MA ratios across the eligible cross-section, strict 12-month trailing-mean smoothing of past betas, per-stock predicted-return signal. Stop-loss and take-profit inherited from improved 4.",2021-04-30,MOS,Materials,1.1612564642098453,100000.0,-0.05,0.0,-0.05
improved_6_hzz_cross_sectional_trend_stop_take_top10,"Improved 6: replace the index-derived trend factor with a Han, Zhou, Zhu (2016) cross-sectional trend factor. Monthly OLS of next-month returns on 11 normalized MA ratios across the eligible cross-section, strict 12-month trailing-mean smoothing of past betas, per-stock predicted-return signal. Stop-loss and take-profit inherited from improved 4.",2021-04-30,TPL,Energy,1.1488196173521859,100000.0,-0.05,0.0,-0.05
improved_6_hzz_cross_sectional_trend_stop_take_top10,"Improved 6: replace the index-derived trend factor with a Han, Zhou, Zhu (2016) cross-sectional trend factor. Monthly OLS of next-month returns on 11 normalized MA ratios across the eligible cross-section, strict 12-month trailing-mean smoothing of past betas, per-stock predicted-return signal. Stop-loss and take-profit inherited from improved 4.",2021-04-30,ALGN,Health Care,1.0582114139397836,100000.0,-0.05,0.0,-0.05
improved_6_hzz_cross_sectional_trend_stop_take_top10,"Improved 6: replace the index-derived trend factor with a Han, Zhou, Zhu (2016) cross-sectional trend factor. Monthly OLS of next-month returns on 11 normalized MA ratios across the eligible cross-section, strict 12-month trailing-mean smoothing of past betas, per-stock predicted-return signal. Stop-loss and take-profit inherited from improved 4.",2021-04-30,COHR,Information Technology,1.0336924955489917,100000.0,-0.05,0.0,-0.05
improved_6_hzz_cross_sectional_trend_stop_take_top10,"Improved 6: replace the index-derived trend factor with a Han, Zhou, Zhu (2016) cross-sectional trend factor. Monthly OLS of next-month returns on 11 normalized MA ratios across the eligible cross-section, strict 12-month trailing-mean smoothing of past betas, per-stock predicted-return signal. Stop-loss and take-profit inherited from improved 4.",2021-04-30,ORLY,Consumer Discretionary,1.0219458172219227,100000.0,-0.0359935146820068,0.0,-0.0359935146820068
improved_6_hzz_cross_sectional_trend_stop_take_top10,"Improved 6: replace the index-derived trend factor with a Han, Zhou, Zhu (2016) cross-sectional trend factor. Monthly OLS of next-month returns on 11 normalized MA ratios across the eligible cross-section, strict 12-month trailing-mean smoothing of past betas, per-stock predicted-return signal. Stop-loss and take-profit inherited from improved 4.",2021-05-31,WAT,Health Care,1.584968203684574,100000.0,0.0699006284246046,0.0,0.0699006284246046
improved_6_hzz_cross_sectional_trend_stop_take_top10,"Improved 6: replace the index-derived trend factor with a Han, Zhou, Zhu (2016) cross-sectional trend factor. Monthly OLS of next-month returns on 11 normalized MA ratios across the eligible cross-section, strict 12-month trailing-mean smoothing of past betas, per-stock predicted-return signal. Stop-loss and take-profit inherited from improved 4.",2021-05-31,ORLY,Consumer Discretionary,1.5455796613220127,100000.0,0.0542966204264538,0.0,0.0542966204264538
improved_6_hzz_cross_sectional_trend_stop_take_top10,"Improved 6: replace the index-derived trend factor with a Han, Zhou, Zhu (2016) cross-sectional trend factor. Monthly OLS of next-month returns on 11 normalized MA ratios across the eligible cross-section, strict 12-month trailing-mean smoothing of past betas, per-stock predicted-return signal. Stop-loss and take-profit inherited from improved 4.",2021-05-31,HD,Consumer Discretionary,1.5086419543193987,100000.0,-0.05,0.0,-0.05
improved_6_hzz_cross_sectional_trend_stop_take_top10,"Improved 6: replace the index-derived trend factor with a Han, Zhou, Zhu (2016) cross-sectional trend factor. Monthly OLS of next-month returns on 11 normalized MA ratios across the eligible cross-section, strict 12-month trailing-mean smoothing of past betas, per-stock predicted-return signal. Stop-loss and take-profit inherited from improved 4.",2021-05-31,MAS,Industrials,1.478932842143275,100000.0,-0.05,0.0,-0.05
improved_6_hzz_cross_sectional_trend_stop_take_top10,"Improved 6: replace the index-derived trend factor with a Han, Zhou, Zhu (2016) cross-sectional trend factor. Monthly OLS of next-month returns on 11 normalized MA ratios across the eligible cross-section, strict 12-month trailing-mean smoothing of past betas, per-stock predicted-return signal. Stop-loss and take-profit inherited from improved 4.",2021-05-31,TPR,Consumer Discretionary,1.3778053017432481,100000.0,-0.05,0.0,-0.05
improved_6_hzz_cross_sectional_trend_stop_take_top10,"Improved 6: replace the index-derived trend factor with a Han, Zhou, Zhu (2016) cross-sectional trend factor. Monthly OLS of next-month returns on 11 normalized MA ratios across the eligible cross-section, strict 12-month trailing-mean smoothing of past betas, per-stock predicted-return signal. Stop-loss and take-profit inherited from improved 4.",2021-05-31,TPL,Energy,1.3592824792644813,100000.0,0.0844459106933952,0.0,0.0844459106933952
improved_6_hzz_cross_sectional_trend_stop_take_top10,"Improved 6: replace the index-derived trend factor with a Han, Zhou, Zhu (2016) cross-sectional trend factor. Monthly OLS of next-month returns on 11 normalized MA ratios across the eligible cross-section, strict 12-month trailing-mean smoothing of past betas, per-stock predicted-return signal. Stop-loss and take-profit inherited from improved 4.",2021-05-31,MOS,Materials,1.3301663337290321,100000.0,-0.05,0.0,-0.05
improved_6_hzz_cross_sectional_trend_stop_take_top10,"Improved 6: replace the index-derived trend factor with a Han, Zhou, Zhu (2016) cross-sectional trend factor. Monthly OLS of next-month returns on 11 normalized MA ratios across the eligible cross-section, strict 12-month trailing-mean smoothing of past betas, per-stock predicted-return signal. Stop-loss and take-profit inherited from improved 4.",2021-05-31,NTAP,Information Technology,1.2468456794739544,100000.0,0.0616322823414625,0.0,0.0616322823414625
improved_6_hzz_cross_sectional_trend_stop_take_top10,"Improved 6: replace the index-derived trend factor with a Han, Zhou, Zhu (2016) cross-sectional trend factor. Monthly OLS of next-month returns on 11 normalized MA ratios across the eligible cross-section, strict 12-month trailing-mean smoothing of past betas, per-stock predicted-return signal. Stop-loss and take-profit inherited from improved 4.",2021-05-31,CL,Consumer Staples,1.137834090109154,100000.0,-0.05,0.0,-0.05
improved_6_hzz_cross_sectional_trend_stop_take_top10,"Improved 6: replace the index-derived trend factor with a Han, Zhou, Zhu (2016) cross-sectional trend factor. Monthly OLS of next-month returns on 11 normalized MA ratios across the eligible cross-section, strict 12-month trailing-mean smoothing of past betas, per-stock predicted-return signal. Stop-loss and take-profit inherited from improved 4.",2021-05-31,FCX,Materials,1.0412609054928836,100000.0,-0.05,0.0,-0.05
improved_6_hzz_cross_sectional_trend_stop_take_top10,"Improved 6: replace the index-derived trend factor with a Han, Zhou, Zhu (2016) cross-sectional trend factor. Monthly OLS of next-month returns on 11 normalized MA ratios across the eligible cross-section, strict 12-month trailing-mean smoothing of past betas, per-stock predicted-return signal. Stop-loss and take-profit inherited from improved 4.",2021-06-30,WAT,Health Care,1.926296936931453,100000.0,0.1266184971098265,0.0,0.1266184971098265
improved_6_hzz_cross_sectional_trend_stop_take_top10,"Improved 6: replace the index-derived trend factor with a Han, Zhou, Zhu (2016) cross-sectional trend factor. Monthly OLS of next-month returns on 11 normalized MA ratios across the eligible cross-section, strict 12-month trailing-mean smoothing of past betas, per-stock predicted-return signal. Stop-loss and take-profit inherited from improved 4.",2021-06-30,ORLY,Consumer Discretionary,1.6017411194819846,100000.0,0.065123826994051,0.0,0.065123826994051
improved_6_hzz_cross_sectional_trend_stop_take_top10,"Improved 6: replace the index-derived trend factor with a Han, Zhou, Zhu (2016) cross-sectional trend factor. Monthly OLS of next-month returns on 11 normalized MA ratios across the eligible cross-section, strict 12-month trailing-mean smoothing of past betas, per-stock predicted-return signal. Stop-loss and take-profit inherited from improved 4.",2021-06-30,NTAP,Information Technology,1.4099705325511787,100000.0,-0.05,0.0,-0.05
improved_6_hzz_cross_sectional_trend_stop_take_top10,"Improved 6: replace the index-derived trend factor with a Han, Zhou, Zhu (2016) cross-sectional trend factor. Monthly OLS of next-month returns on 11 normalized MA ratios across the eligible cross-section, strict 12-month trailing-mean smoothing of past betas, per-stock predicted-return signal. Stop-loss and take-profit inherited from improved 4.",2021-06-30,HD,Consumer Discretionary,1.3745597423616442,100000.0,0.0258822793911572,0.0,0.0258822793911572
improved_6_hzz_cross_sectional_trend_stop_take_top10,"Improved 6: replace the index-derived trend factor with a Han, Zhou, Zhu (2016) cross-sectional trend factor. Monthly OLS of next-month returns on 11 normalized MA ratios across the eligible cross-section, strict 12-month trailing-mean smoothing of past betas, per-stock predicted-return signal. Stop-loss and take-profit inherited from improved 4.",2021-06-30,CL,Consumer Staples,1.192103671880538,100000.0,-0.0192314112795042,0.0,-0.0192314112795042
improved_6_hzz_cross_sectional_trend_stop_take_top10,"Improved 6: replace the index-derived trend factor with a Han, Zhou, Zhu (2016) cross-sectional trend factor. Monthly OLS of next-month returns on 11 normalized MA ratios across the eligible cross-section, strict 12-month trailing-mean smoothing of past betas, per-stock predicted-return signal. Stop-loss and take-profit inherited from improved 4.",2021-06-30,MOS,Materials,1.1795870257118843,100000.0,-0.05,0.0,-0.05
improved_6_hzz_cross_sectional_trend_stop_take_top10,"Improved 6: replace the index-derived trend factor with a Han, Zhou, Zhu (2016) cross-sectional trend factor. Monthly OLS of next-month returns on 11 normalized MA ratios across the eligible cross-section, strict 12-month trailing-mean smoothing of past betas, per-stock predicted-return signal. Stop-loss and take-profit inherited from improved 4.",2021-06-30,GDDY,Information Technology,1.0967697622592725,100000.0,-0.0347645907678141,0.0,-0.0347645907678141
improved_6_hzz_cross_sectional_trend_stop_take_top10,"Improved 6: replace the index-derived trend factor with a Han, Zhou, Zhu (2016) cross-sectional trend factor. Monthly OLS of next-month returns on 11 normalized MA ratios across the eligible cross-section, strict 12-month trailing-mean smoothing of past betas, per-stock predicted-return signal. Stop-loss and take-profit inherited from improved 4.",2021-06-30,MAS,Industrials,1.0599610702993145,100000.0,0.0122054585524224,0.0,0.0122054585524224
improved_6_hzz_cross_sectional_trend_stop_take_top10,"Improved 6: replace the index-derived trend factor with a Han, Zhou, Zhu (2016) cross-sectional trend factor. Monthly OLS of next-month returns on 11 normalized MA ratios across the eligible cross-section, strict 12-month trailing-mean smoothing of past betas, per-stock predicted-return signal. Stop-loss and take-profit inherited from improved 4.",2021-06-30,TRGP,Energy,1.049758768418761,100000.0,-0.05,0.0,-0.05
improved_6_hzz_cross_sectional_trend_stop_take_top10,"Improved 6: replace the index-derived trend factor with a Han, Zhou, Zhu (2016) cross-sectional trend factor. Monthly OLS of next-month returns on 11 normalized MA ratios across the eligible cross-section, strict 12-month trailing-mean smoothing of past betas, per-stock predicted-return signal. Stop-loss and take-profit inherited from improved 4.",2021-06-30,SPGI,Financials,1.035269053250237,100000.0,0.0407340874884596,0.0,0.0407340874884596
improved_6_hzz_cross_sectional_trend_stop_take_top10,"Improved 6: replace the index-derived trend factor with a Han, Zhou, Zhu (2016) cross-sectional trend factor. Monthly OLS of next-month returns on 11 normalized MA ratios across the eligible cross-section, strict 12-month trailing-mean smoothing of past betas, per-stock predicted-return signal. Stop-loss and take-profit inherited from improved 4.",2021-07-31,ORLY,Consumer Discretionary,1.9002679619434686,100000.0,-0.0173186667769558,0.0,-0.0173186667769558
improved_6_hzz_cross_sectional_trend_stop_take_top10,"Improved 6: replace the index-derived trend factor with a Han, Zhou, Zhu (2016) cross-sectional trend factor. Monthly OLS of next-month returns on 11 normalized MA ratios across the eligible cross-section, strict 12-month trailing-mean smoothing of past betas, per-stock predicted-return signal. Stop-loss and take-profit inherited from improved 4.",2021-07-31,WAT,Health Care,1.8856733968683366,100000.0,0.0591997544003275,0.0,0.0591997544003275
improved_6_hzz_cross_sectional_trend_stop_take_top10,"Improved 6: replace the index-derived trend factor with a Han, Zhou, Zhu (2016) cross-sectional trend factor. Monthly OLS of next-month returns on 11 normalized MA ratios across the eligible cross-section, strict 12-month trailing-mean smoothing of past betas, per-stock predicted-return signal. Stop-loss and take-profit inherited from improved 4.",2021-07-31,CL,Consumer Staples,1.6604053743242633,100000.0,-0.0193735061017448,0.0,-0.0193735061017448
improved_6_hzz_cross_sectional_trend_stop_take_top10,"Improved 6: replace the index-derived trend factor with a Han, Zhou, Zhu (2016) cross-sectional trend factor. Monthly OLS of next-month returns on 11 normalized MA ratios across the eligible cross-section, strict 12-month trailing-mean smoothing of past betas, per-stock predicted-return signal. Stop-loss and take-profit inherited from improved 4.",2021-07-31,HD,Consumer Discretionary,1.6102116892778366,100000.0,-0.0115757575756353,0.0,-0.0115757575756353
improved_6_hzz_cross_sectional_trend_stop_take_top10,"Improved 6: replace the index-derived trend factor with a Han, Zhou, Zhu (2016) cross-sectional trend factor. Monthly OLS of next-month returns on 11 normalized MA ratios across the eligible cross-section, strict 12-month trailing-mean smoothing of past betas, per-stock predicted-return signal. Stop-loss and take-profit inherited from improved 4.",2021-07-31,GDDY,Information Technology,1.4336585253689806,100000.0,-0.05,0.0,-0.05
improved_6_hzz_cross_sectional_trend_stop_take_top10,"Improved 6: replace the index-derived trend factor with a Han, Zhou, Zhu (2016) cross-sectional trend factor. Monthly OLS of next-month returns on 11 normalized MA ratios across the eligible cross-section, strict 12-month trailing-mean smoothing of past betas, per-stock predicted-return signal. Stop-loss and take-profit inherited from improved 4.",2021-07-31,GNRC,Industrials,1.2271516265396878,100000.0,-0.05,0.0,-0.05
improved_6_hzz_cross_sectional_trend_stop_take_top10,"Improved 6: replace the index-derived trend factor with a Han, Zhou, Zhu (2016) cross-sectional trend factor. Monthly OLS of next-month returns on 11 normalized MA ratios across the eligible cross-section, strict 12-month trailing-mean smoothing of past betas, per-stock predicted-return signal. Stop-loss and take-profit inherited from improved 4.",2021-07-31,NTAP,Information Technology,1.175439433351654,100000.0,0.1116250000005714,0.0,0.1116250000005714
improved_6_hzz_cross_sectional_trend_stop_take_top10,"Improved 6: replace the index-derived trend factor with a Han, Zhou, Zhu (2016) cross-sectional trend factor. Monthly OLS of next-month returns on 11 normalized MA ratios across the eligible cross-section, strict 12-month trailing-mean smoothing of past betas, per-stock predicted-return signal. Stop-loss and take-profit inherited from improved 4.",2021-07-31,MAS,Industrials,1.1395547573983176,100000.0,0.0192208755882983,0.0,0.0192208755882983
improved_6_hzz_cross_sectional_trend_stop_take_top10,"Improved 6: replace the index-derived trend factor with a Han, Zhou, Zhu (2016) cross-sectional trend factor. Monthly OLS of next-month returns on 11 normalized MA ratios across the eligible cross-section, strict 12-month trailing-mean smoothing of past betas, per-stock predicted-return signal. Stop-loss and take-profit inherited from improved 4.",2021-07-31,KMB,Consumer Staples,0.9923279924003543,100000.0,0.015623848478524,0.0,0.015623848478524
improved_6_hzz_cross_sectional_trend_stop_take_top10,"Improved 6: replace the index-derived trend factor with a Han, Zhou, Zhu (2016) cross-sectional trend factor. Monthly OLS of next-month returns on 11 normalized MA ratios across the eligible cross-section, strict 12-month trailing-mean smoothing of past betas, per-stock predicted-return signal. Stop-loss and take-profit inherited from improved 4.",2021-07-31,LOW,Consumer Discretionary,0.9679915723253039,100000.0,-0.05,0.0,-0.05
improved_6_hzz_cross_sectional_trend_stop_take_top10,"Improved 6: replace the index-derived trend factor with a Han, Zhou, Zhu (2016) cross-sectional trend factor. Monthly OLS of next-month returns on 11 normalized MA ratios across the eligible cross-section, strict 12-month trailing-mean smoothing of past betas, per-stock predicted-return signal. Stop-loss and take-profit inherited from improved 4.",2021-08-31,ORLY,Consumer Discretionary,1.9546589831750982,100000.0,0.02526845637586,0.0,0.02526845637586
improved_6_hzz_cross_sectional_trend_stop_take_top10,"Improved 6: replace the index-derived trend factor with a Han, Zhou, Zhu (2016) cross-sectional trend factor. Monthly OLS of next-month returns on 11 normalized MA ratios across the eligible cross-section, strict 12-month trailing-mean smoothing of past betas, per-stock predicted-return signal. Stop-loss and take-profit inherited from improved 4.",2021-08-31,LOW,Consumer Discretionary,1.6042220853889912,100000.0,-0.0082620386211053,0.0,-0.0082620386211053
improved_6_hzz_cross_sectional_trend_stop_take_top10,"Improved 6: replace the index-derived trend factor with a Han, Zhou, Zhu (2016) cross-sectional trend factor. Monthly OLS of next-month returns on 11 normalized MA ratios across the eligible cross-section, strict 12-month trailing-mean smoothing of past betas, per-stock predicted-return signal. Stop-loss and take-profit inherited from improved 4.",2021-08-31,HD,Consumer Discretionary,1.5991752317264802,100000.0,0.0082934021375742,0.0,0.0082934021375742
improved_6_hzz_cross_sectional_trend_stop_take_top10,"Improved 6: replace the index-derived trend factor with a Han, Zhou, Zhu (2016) cross-sectional trend factor. Monthly OLS of next-month returns on 11 normalized MA ratios across the eligible cross-section, strict 12-month trailing-mean smoothing of past betas, per-stock predicted-return signal. Stop-loss and take-profit inherited from improved 4.",2021-08-31,NUE,Materials,1.5232619324907728,100000.0,-0.05,0.0,-0.05
improved_6_hzz_cross_sectional_trend_stop_take_top10,"Improved 6: replace the index-derived trend factor with a Han, Zhou, Zhu (2016) cross-sectional trend factor. Monthly OLS of next-month returns on 11 normalized MA ratios across the eligible cross-section, strict 12-month trailing-mean smoothing of past betas, per-stock predicted-return signal. Stop-loss and take-profit inherited from improved 4.",2021-08-31,WAT,Health Care,1.4499995739634775,100000.0,-0.05,0.0,-0.05
improved_6_hzz_cross_sectional_trend_stop_take_top10,"Improved 6: replace the index-derived trend factor with a Han, Zhou, Zhu (2016) cross-sectional trend factor. Monthly OLS of next-month returns on 11 normalized MA ratios across the eligible cross-section, strict 12-month trailing-mean smoothing of past betas, per-stock predicted-return signal. Stop-loss and take-profit inherited from improved 4.",2021-08-31,STLD,Materials,1.3845390542653027,100000.0,-0.05,0.0,-0.05
improved_6_hzz_cross_sectional_trend_stop_take_top10,"Improved 6: replace the index-derived trend factor with a Han, Zhou, Zhu (2016) cross-sectional trend factor. Monthly OLS of next-month returns on 11 normalized MA ratios across the eligible cross-section, strict 12-month trailing-mean smoothing of past betas, per-stock predicted-return signal. Stop-loss and take-profit inherited from improved 4.",2021-08-31,MAS,Industrials,1.3664442014904246,100000.0,-0.05,0.0,-0.05
improved_6_hzz_cross_sectional_trend_stop_take_top10,"Improved 6: replace the index-derived trend factor with a Han, Zhou, Zhu (2016) cross-sectional trend factor. Monthly OLS of next-month returns on 11 normalized MA ratios across the eligible cross-section, strict 12-month trailing-mean smoothing of past betas, per-stock predicted-return signal. Stop-loss and take-profit inherited from improved 4.",2021-08-31,TPR,Consumer Discretionary,1.26743838529238,100000.0,-0.05,0.0,-0.05
improved_6_hzz_cross_sectional_trend_stop_take_top10,"Improved 6: replace the index-derived trend factor with a Han, Zhou, Zhu (2016) cross-sectional trend factor. Monthly OLS of next-month returns on 11 normalized MA ratios across the eligible cross-section, strict 12-month trailing-mean smoothing of past betas, per-stock predicted-return signal. Stop-loss and take-profit inherited from improved 4.",2021-08-31,TPL,Energy,1.236862189713368,100000.0,-0.05,0.0,-0.05
improved_6_hzz_cross_sectional_trend_stop_take_top10,"Improved 6: replace the index-derived trend factor with a Han, Zhou, Zhu (2016) cross-sectional trend factor. Monthly OLS of next-month returns on 11 normalized MA ratios across the eligible cross-section, strict 12-month trailing-mean smoothing of past betas, per-stock predicted-return signal. Stop-loss and take-profit inherited from improved 4.",2021-08-31,CL,Consumer Staples,1.1801844780126327,100000.0,-0.0290339157250087,0.0,-0.0290339157250087
improved_6_hzz_cross_sectional_trend_stop_take_top10,"Improved 6: replace the index-derived trend factor with a Han, Zhou, Zhu (2016) cross-sectional trend factor. Monthly OLS of next-month returns on 11 normalized MA ratios across the eligible cross-section, strict 12-month trailing-mean smoothing of past betas, per-stock predicted-return signal. Stop-loss and take-profit inherited from improved 4.",2021-09-30,ORLY,Consumer Discretionary,1.8392068589176271,100000.0,0.0155021050218535,0.0,0.0155021050218535
improved_6_hzz_cross_sectional_trend_stop_take_top10,"Improved 6: replace the index-derived trend factor with a Han, Zhou, Zhu (2016) cross-sectional trend factor. Monthly OLS of next-month returns on 11 normalized MA ratios across the eligible cross-section, strict 12-month trailing-mean smoothing of past betas, per-stock predicted-return signal. Stop-loss and take-profit inherited from improved 4.",2021-09-30,WAT,Health Care,1.804364889739583,100000.0,-0.05,0.0,-0.05
improved_6_hzz_cross_sectional_trend_stop_take_top10,"Improved 6: replace the index-derived trend factor with a Han, Zhou, Zhu (2016) cross-sectional trend factor. Monthly OLS of next-month returns on 11 normalized MA ratios across the eligible cross-section, strict 12-month trailing-mean smoothing of past betas, per-stock predicted-return signal. Stop-loss and take-profit inherited from improved 4.",2021-09-30,COR,Health Care,1.5859790307103752,100000.0,0.0180210245284078,0.0,0.0180210245284078
improved_6_hzz_cross_sectional_trend_stop_take_top10,"Improved 6: replace the index-derived trend factor with a Han, Zhou, Zhu (2016) cross-sectional trend factor. Monthly OLS of next-month returns on 11 normalized MA ratios across the eligible cross-section, strict 12-month trailing-mean smoothing of past betas, per-stock predicted-return signal. Stop-loss and take-profit inherited from improved 4.",2021-09-30,HD,Consumer Discretionary,1.5508117612118588,100000.0,0.1328355934784044,0.0,0.1328355934784044
improved_6_hzz_cross_sectional_trend_stop_take_top10,"Improved 6: replace the index-derived trend factor with a Han, Zhou, Zhu (2016) cross-sectional trend factor. Monthly OLS of next-month returns on 11 normalized MA ratios across the eligible cross-section, strict 12-month trailing-mean smoothing of past betas, per-stock predicted-return signal. Stop-loss and take-profit inherited from improved 4.",2021-09-30,LOW,Consumer Discretionary,1.3913841257279653,100000.0,0.1518144348688712,0.0,0.1518144348688712
improved_6_hzz_cross_sectional_trend_stop_take_top10,"Improved 6: replace the index-derived trend factor with a Han, Zhou, Zhu (2016) cross-sectional trend factor. Monthly OLS of next-month returns on 11 normalized MA ratios across the eligible cross-section, strict 12-month trailing-mean smoothing of past betas, per-stock predicted-return signal. Stop-loss and take-profit inherited from improved 4.",2021-09-30,TPL,Energy,1.2825587323746475,100000.0,-0.05,0.0,-0.05
improved_6_hzz_cross_sectional_trend_stop_take_top10,"Improved 6: replace the index-derived trend factor with a Han, Zhou, Zhu (2016) cross-sectional trend factor. Monthly OLS of next-month returns on 11 normalized MA ratios across the eligible cross-section, strict 12-month trailing-mean smoothing of past betas, per-stock predicted-return signal. Stop-loss and take-profit inherited from improved 4.",2021-09-30,SPG,Real Estate,1.220495347652708,100000.0,0.1141684402549831,0.0,0.1141684402549831
improved_6_hzz_cross_sectional_trend_stop_take_top10,"Improved 6: replace the index-derived trend factor with a Han, Zhou, Zhu (2016) cross-sectional trend factor. Monthly OLS of next-month returns on 11 normalized MA ratios across the eligible cross-section, strict 12-month trailing-mean smoothing of past betas, per-stock predicted-return signal. Stop-loss and take-profit inherited from improved 4.",2021-09-30,CL,Consumer Staples,1.2127121051314957,100000.0,0.0105014013401736,0.0,0.0105014013401736
improved_6_hzz_cross_sectional_trend_stop_take_top10,"Improved 6: replace the index-derived trend factor with a Han, Zhou, Zhu (2016) cross-sectional trend factor. Monthly OLS of next-month returns on 11 normalized MA ratios across the eligible cross-section, strict 12-month trailing-mean smoothing of past betas, per-stock predicted-return signal. Stop-loss and take-profit inherited from improved 4.",2021-09-30,BX,Financials,1.1358292503211918,100000.0,-0.05,0.0,-0.05
improved_6_hzz_cross_sectional_trend_stop_take_top10,"Improved 6: replace the index-derived trend factor with a Han, Zhou, Zhu (2016) cross-sectional trend factor. Monthly OLS of next-month returns on 11 normalized MA ratios across the eligible cross-section, strict 12-month trailing-mean smoothing of past betas, per-stock predicted-return signal. Stop-loss and take-profit inherited from improved 4.",2021-09-30,ORCL,Information Technology,1.11832856329492,100000.0,0.0969149361203687,0.0,0.0969149361203687
improved_6_hzz_cross_sectional_trend_stop_take_top10,"Improved 6: replace the index-derived trend factor with a Han, Zhou, Zhu (2016) cross-sectional trend factor. Monthly OLS of next-month returns on 11 normalized MA ratios across the eligible cross-section, strict 12-month trailing-mean smoothing of past betas, per-stock predicted-return signal. Stop-loss and take-profit inherited from improved 4.",2021-10-31,ORLY,Consumer Discretionary,2.0525630550263645,100000.0,0.0254366654339133,0.0,0.0254366654339133
improved_6_hzz_cross_sectional_trend_stop_take_top10,"Improved 6: replace the index-derived trend factor with a Han, Zhou, Zhu (2016) cross-sectional trend factor. Monthly OLS of next-month returns on 11 normalized MA ratios across the eligible cross-section, strict 12-month trailing-mean smoothing of past betas, per-stock predicted-return signal. Stop-loss and take-profit inherited from improved 4.",2021-10-31,LOW,Consumer Discretionary,1.487140163970395,100000.0,0.0408085106381796,0.0,0.0408085106381796
improved_6_hzz_cross_sectional_trend_stop_take_top10,"Improved 6: replace the index-derived trend factor with a Han, Zhou, Zhu (2016) cross-sectional trend factor. Monthly OLS of next-month returns on 11 normalized MA ratios across the eligible cross-section, strict 12-month trailing-mean smoothing of past betas, per-stock predicted-return signal. Stop-loss and take-profit inherited from improved 4.",2021-10-31,HD,Consumer Discretionary,1.4527307884382474,100000.0,0.0740214477212124,0.0,0.0740214477212124
improved_6_hzz_cross_sectional_trend_stop_take_top10,"Improved 6: replace the index-derived trend factor with a Han, Zhou, Zhu (2016) cross-sectional trend factor. Monthly OLS of next-month returns on 11 normalized MA ratios across the eligible cross-section, strict 12-month trailing-mean smoothing of past betas, per-stock predicted-return signal. Stop-loss and take-profit inherited from improved 4.",2021-10-31,TRGP,Energy,1.4146549626278826,100000.0,-0.05,0.0,-0.05
improved_6_hzz_cross_sectional_trend_stop_take_top10,"Improved 6: replace the index-derived trend factor with a Han, Zhou, Zhu (2016) cross-sectional trend factor. Monthly OLS of next-month returns on 11 normalized MA ratios across the eligible cross-section, strict 12-month trailing-mean smoothing of past betas, per-stock predicted-return signal. Stop-loss and take-profit inherited from improved 4.",2021-10-31,COR,Health Care,1.3803669568123984,100000.0,-0.05,0.0,-0.05
improved_6_hzz_cross_sectional_trend_stop_take_top10,"Improved 6: replace the index-derived trend factor with a Han, Zhou, Zhu (2016) cross-sectional trend factor. Monthly OLS of next-month returns on 11 normalized MA ratios across the eligible cross-section, strict 12-month trailing-mean smoothing of past betas, per-stock predicted-return signal. Stop-loss and take-profit inherited from improved 4.",2021-10-31,ORCL,Information Technology,1.3098385373063453,100000.0,-0.05,0.0,-0.05
improved_6_hzz_cross_sectional_trend_stop_take_top10,"Improved 6: replace the index-derived trend factor with a Han, Zhou, Zhu (2016) cross-sectional trend factor. Monthly OLS of next-month returns on 11 normalized MA ratios across the eligible cross-section, strict 12-month trailing-mean smoothing of past betas, per-stock predicted-return signal. Stop-loss and take-profit inherited from improved 4.",2021-10-31,WAT,Health Care,1.2819530835723616,100000.0,-0.05,0.0,-0.05
improved_6_hzz_cross_sectional_trend_stop_take_top10,"Improved 6: replace the index-derived trend factor with a Han, Zhou, Zhu (2016) cross-sectional trend factor. Monthly OLS of next-month returns on 11 normalized MA ratios across the eligible cross-section, strict 12-month trailing-mean smoothing of past betas, per-stock predicted-return signal. Stop-loss and take-profit inherited from improved 4.",2021-10-31,DVN,Energy,1.2523969737002774,100000.0,0.0251035827462082,0.0,0.0251035827462082
improved_6_hzz_cross_sectional_trend_stop_take_top10,"Improved 6: replace the index-derived trend factor with a Han, Zhou, Zhu (2016) cross-sectional trend factor. Monthly OLS of next-month returns on 11 normalized MA ratios across the eligible cross-section, strict 12-month trailing-mean smoothing of past betas, per-stock predicted-return signal. Stop-loss and take-profit inherited from improved 4.",2021-10-31,CL,Consumer Staples,1.236286369263548,100000.0,-0.0127648374782217,0.0,-0.0127648374782217
improved_6_hzz_cross_sectional_trend_stop_take_top10,"Improved 6: replace the index-derived trend factor with a Han, Zhou, Zhu (2016) cross-sectional trend factor. Monthly OLS of next-month returns on 11 normalized MA ratios across the eligible cross-section, strict 12-month trailing-mean smoothing of past betas, per-stock predicted-return signal. Stop-loss and take-profit inherited from improved 4.",2021-10-31,NTAP,Information Technology,1.2355285369265354,100000.0,-0.05,0.0,-0.05
improved_6_hzz_cross_sectional_trend_stop_take_top10,"Improved 6: replace the index-derived trend factor with a Han, Zhou, Zhu (2016) cross-sectional trend factor. Monthly OLS of next-month returns on 11 normalized MA ratios across the eligible cross-section, strict 12-month trailing-mean smoothing of past betas, per-stock predicted-return signal. Stop-loss and take-profit inherited from improved 4.",2021-11-30,LOW,Consumer Discretionary,1.9958611347240907,100000.0,0.0409987917841236,0.0,0.0409987917841236
improved_6_hzz_cross_sectional_trend_stop_take_top10,"Improved 6: replace the index-derived trend factor with a Han, Zhou, Zhu (2016) cross-sectional trend factor. Monthly OLS of next-month returns on 11 normalized MA ratios across the eligible cross-section, strict 12-month trailing-mean smoothing of past betas, per-stock predicted-return signal. Stop-loss and take-profit inherited from improved 4.",2021-11-30,ORLY,Consumer Discretionary,1.8900141724662878,100000.0,0.0993446552833077,0.0,0.0993446552833077
improved_6_hzz_cross_sectional_trend_stop_take_top10,"Improved 6: replace the index-derived trend factor with a Han, Zhou, Zhu (2016) cross-sectional trend factor. Monthly OLS of next-month returns on 11 normalized MA ratios across the eligible cross-section, strict 12-month trailing-mean smoothing of past betas, per-stock predicted-return signal. Stop-loss and take-profit inherited from improved 4.",2021-11-30,HD,Consumer Discretionary,1.6859207864060435,100000.0,-0.05,0.0,-0.05
improved_6_hzz_cross_sectional_trend_stop_take_top10,"Improved 6: replace the index-derived trend factor with a Han, Zhou, Zhu (2016) cross-sectional trend factor. Monthly OLS of next-month returns on 11 normalized MA ratios across the eligible cross-section, strict 12-month trailing-mean smoothing of past betas, per-stock predicted-return signal. Stop-loss and take-profit inherited from improved 4.",2021-11-30,BX,Financials,1.4974852007232622,100000.0,-0.05,0.0,-0.05
improved_6_hzz_cross_sectional_trend_stop_take_top10,"Improved 6: replace the index-derived trend factor with a Han, Zhou, Zhu (2016) cross-sectional trend factor. Monthly OLS of next-month returns on 11 normalized MA ratios across the eligible cross-section, strict 12-month trailing-mean smoothing of past betas, per-stock predicted-return signal. Stop-loss and take-profit inherited from improved 4.",2021-11-30,IT,Information Technology,1.4285205060646997,100000.0,0.0576734474358568,0.0,0.0576734474358568
improved_6_hzz_cross_sectional_trend_stop_take_top10,"Improved 6: replace the index-derived trend factor with a Han, Zhou, Zhu (2016) cross-sectional trend factor. Monthly OLS of next-month returns on 11 normalized MA ratios across the eligible cross-section, strict 12-month trailing-mean smoothing of past betas, per-stock predicted-return signal. Stop-loss and take-profit inherited from improved 4.",2021-11-30,ORCL,Information Technology,1.29567798825066,100000.0,-0.0488602901084093,0.0,-0.0488602901084093
improved_6_hzz_cross_sectional_trend_stop_take_top10,"Improved 6: replace the index-derived trend factor with a Han, Zhou, Zhu (2016) cross-sectional trend factor. Monthly OLS of next-month returns on 11 normalized MA ratios across the eligible cross-section, strict 12-month trailing-mean smoothing of past betas, per-stock predicted-return signal. Stop-loss and take-profit inherited from improved 4.",2021-11-30,SPG,Real Estate,1.282973386146134,100000.0,-0.05,0.0,-0.05
improved_6_hzz_cross_sectional_trend_stop_take_top10,"Improved 6: replace the index-derived trend factor with a Han, Zhou, Zhu (2016) cross-sectional trend factor. Monthly OLS of next-month returns on 11 normalized MA ratios across the eligible cross-section, strict 12-month trailing-mean smoothing of past betas, per-stock predicted-return signal. Stop-loss and take-profit inherited from improved 4.",2021-11-30,NUE,Materials,1.2364930550216524,100000.0,0.0592324235311179,0.0,0.0592324235311179
improved_6_hzz_cross_sectional_trend_stop_take_top10,"Improved 6: replace the index-derived trend factor with a Han, Zhou, Zhu (2016) cross-sectional trend factor. Monthly OLS of next-month returns on 11 normalized MA ratios across the eligible cross-section, strict 12-month trailing-mean smoothing of past betas, per-stock predicted-return signal. Stop-loss and take-profit inherited from improved 4.",2021-11-30,WSM,Consumer Discretionary,1.1990955308094202,100000.0,-0.05,0.0,-0.05
improved_6_hzz_cross_sectional_trend_stop_take_top10,"Improved 6: replace the index-derived trend factor with a Han, Zhou, Zhu (2016) cross-sectional trend factor. Monthly OLS of next-month returns on 11 normalized MA ratios across the eligible cross-section, strict 12-month trailing-mean smoothing of past betas, per-stock predicted-return signal. Stop-loss and take-profit inherited from improved 4.",2021-11-30,TRGP,Energy,1.1825491874382872,100000.0,-0.05,0.0,-0.05
improved_6_hzz_cross_sectional_trend_stop_take_top10,"Improved 6: replace the index-derived trend factor with a Han, Zhou, Zhu (2016) cross-sectional trend factor. Monthly OLS of next-month returns on 11 normalized MA ratios across the eligible cross-section, strict 12-month trailing-mean smoothing of past betas, per-stock predicted-return signal. Stop-loss and take-profit inherited from improved 4.",2021-12-31,LOW,Consumer Discretionary,2.384804290269195,100000.0,-0.05,0.0,-0.05
improved_6_hzz_cross_sectional_trend_stop_take_top10,"Improved 6: replace the index-derived trend factor with a Han, Zhou, Zhu (2016) cross-sectional trend factor. Monthly OLS of next-month returns on 11 normalized MA ratios across the eligible cross-section, strict 12-month trailing-mean smoothing of past betas, per-stock predicted-return signal. Stop-loss and take-profit inherited from improved 4.",2021-12-31,ORCL,Information Technology,2.3459887201699354,100000.0,-0.05,0.0,-0.05
improved_6_hzz_cross_sectional_trend_stop_take_top10,"Improved 6: replace the index-derived trend factor with a Han, Zhou, Zhu (2016) cross-sectional trend factor. Monthly OLS of next-month returns on 11 normalized MA ratios across the eligible cross-section, strict 12-month trailing-mean smoothing of past betas, per-stock predicted-return signal. Stop-loss and take-profit inherited from improved 4.",2021-12-31,ORLY,Consumer Discretionary,2.3323275230567577,100000.0,-0.05,0.0,-0.05
improved_6_hzz_cross_sectional_trend_stop_take_top10,"Improved 6: replace the index-derived trend factor with a Han, Zhou, Zhu (2016) cross-sectional trend factor. Monthly OLS of next-month returns on 11 normalized MA ratios across the eligible cross-section, strict 12-month trailing-mean smoothing of past betas, per-stock predicted-return signal. Stop-loss and take-profit inherited from improved 4.",2021-12-31,HD,Consumer Discretionary,2.0571585069854765,100000.0,-0.05,0.0,-0.05
improved_6_hzz_cross_sectional_trend_stop_take_top10,"Improved 6: replace the index-derived trend factor with a Han, Zhou, Zhu (2016) cross-sectional trend factor. Monthly OLS of next-month returns on 11 normalized MA ratios across the eligible cross-section, strict 12-month trailing-mean smoothing of past betas, per-stock predicted-return signal. Stop-loss and take-profit inherited from improved 4.",2021-12-31,MCK,Health Care,1.8328912927995886,100000.0,0.0370849155691623,0.0,0.0370849155691623
improved_6_hzz_cross_sectional_trend_stop_take_top10,"Improved 6: replace the index-derived trend factor with a Han, Zhou, Zhu (2016) cross-sectional trend factor. Monthly OLS of next-month returns on 11 normalized MA ratios across the eligible cross-section, strict 12-month trailing-mean smoothing of past betas, per-stock predicted-return signal. Stop-loss and take-profit inherited from improved 4.",2021-12-31,FANG,Energy,1.2150431043115462,100000.0,0.172708681911595,0.0,0.172708681911595
improved_6_hzz_cross_sectional_trend_stop_take_top10,"Improved 6: replace the index-derived trend factor with a Han, Zhou, Zhu (2016) cross-sectional trend factor. Monthly OLS of next-month returns on 11 normalized MA ratios across the eligible cross-section, strict 12-month trailing-mean smoothing of past betas, per-stock predicted-return signal. Stop-loss and take-profit inherited from improved 4.",2021-12-31,F,Consumer Discretionary,1.1620069289198305,100000.0,-0.05,0.0,-0.05
improved_6_hzz_cross_sectional_trend_stop_take_top10,"Improved 6: replace the index-derived trend factor with a Han, Zhou, Zhu (2016) cross-sectional trend factor. Monthly OLS of next-month returns on 11 normalized MA ratios across the eligible cross-section, strict 12-month trailing-mean smoothing of past betas, per-stock predicted-return signal. Stop-loss and take-profit inherited from improved 4.",2021-12-31,SPG,Real Estate,1.149407230660099,100000.0,-0.05,0.0,-0.05
improved_6_hzz_cross_sectional_trend_stop_take_top10,"Improved 6: replace the index-derived trend factor with a Han, Zhou, Zhu (2016) cross-sectional trend factor. Monthly OLS of next-month returns on 11 normalized MA ratios across the eligible cross-section, strict 12-month trailing-mean smoothing of past betas, per-stock predicted-return signal. Stop-loss and take-profit inherited from improved 4.",2021-12-31,BX,Financials,1.137428738206066,100000.0,-0.05,0.0,-0.05
improved_6_hzz_cross_sectional_trend_stop_take_top10,"Improved 6: replace the index-derived trend factor with a Han, Zhou, Zhu (2016) cross-sectional trend factor. Monthly OLS of next-month returns on 11 normalized MA ratios across the eligible cross-section, strict 12-month trailing-mean smoothing of past betas, per-stock predicted-return signal. Stop-loss and take-profit inherited from improved 4.",2021-12-31,NVDA,Information Technology,1.13620197472973,100000.0,-0.05,0.0,-0.05
improved_6_hzz_cross_sectional_trend_stop_take_top10,"Improved 6: replace the index-derived trend factor with a Han, Zhou, Zhu (2016) cross-sectional trend factor. Monthly OLS of next-month returns on 11 normalized MA ratios across the eligible cross-section, strict 12-month trailing-mean smoothing of past betas, per-stock predicted-return signal. Stop-loss and take-profit inherited from improved 4.",2022-01-31,ORLY,Consumer Discretionary,2.2408557288159967,100000.0,-0.0032547285671516,0.0,-0.0032547285671516
improved_6_hzz_cross_sectional_trend_stop_take_top10,"Improved 6: replace the index-derived trend factor with a Han, Zhou, Zhu (2016) cross-sectional trend factor. Monthly OLS of next-month returns on 11 normalized MA ratios across the eligible cross-section, strict 12-month trailing-mean smoothing of past betas, per-stock predicted-return signal. Stop-loss and take-profit inherited from improved 4.",2022-01-31,LOW,Consumer Discretionary,2.04033573951194,100000.0,-0.05,0.0,-0.05
improved_6_hzz_cross_sectional_trend_stop_take_top10,"Improved 6: replace the index-derived trend factor with a Han, Zhou, Zhu (2016) cross-sectional trend factor. Monthly OLS of next-month returns on 11 normalized MA ratios across the eligible cross-section, strict 12-month trailing-mean smoothing of past betas, per-stock predicted-return signal. Stop-loss and take-profit inherited from improved 4.",2022-01-31,ORCL,Information Technology,2.0168436890904644,100000.0,-0.05,0.0,-0.05
improved_6_hzz_cross_sectional_trend_stop_take_top10,"Improved 6: replace the index-derived trend factor with a Han, Zhou, Zhu (2016) cross-sectional trend factor. Monthly OLS of next-month returns on 11 normalized MA ratios across the eligible cross-section, strict 12-month trailing-mean smoothing of past betas, per-stock predicted-return signal. Stop-loss and take-profit inherited from improved 4.",2022-01-31,HD,Consumer Discretionary,1.878380439337956,100000.0,-0.05,0.0,-0.05
improved_6_hzz_cross_sectional_trend_stop_take_top10,"Improved 6: replace the index-derived trend factor with a Han, Zhou, Zhu (2016) cross-sectional trend factor. Monthly OLS of next-month returns on 11 normalized MA ratios across the eligible cross-section, strict 12-month trailing-mean smoothing of past betas, per-stock predicted-return signal. Stop-loss and take-profit inherited from improved 4.",2022-01-31,MCK,Health Care,1.842288876818183,100000.0,0.07167036302068,0.0,0.07167036302068
improved_6_hzz_cross_sectional_trend_stop_take_top10,"Improved 6: replace the index-derived trend factor with a Han, Zhou, Zhu (2016) cross-sectional trend factor. Monthly OLS of next-month returns on 11 normalized MA ratios across the eligible cross-section, strict 12-month trailing-mean smoothing of past betas, per-stock predicted-return signal. Stop-loss and take-profit inherited from improved 4.",2022-01-31,F,Consumer Discretionary,1.2182365034343579,100000.0,-0.05,0.0,-0.05
improved_6_hzz_cross_sectional_trend_stop_take_top10,"Improved 6: replace the index-derived trend factor with a Han, Zhou, Zhu (2016) cross-sectional trend factor. Monthly OLS of next-month returns on 11 normalized MA ratios across the eligible cross-section, strict 12-month trailing-mean smoothing of past betas, per-stock predicted-return signal. Stop-loss and take-profit inherited from improved 4.",2022-01-31,SPG,Real Estate,1.1783279371569122,100000.0,-0.05,0.0,-0.05
improved_6_hzz_cross_sectional_trend_stop_take_top10,"Improved 6: replace the index-derived trend factor with a Han, Zhou, Zhu (2016) cross-sectional trend factor. Monthly OLS of next-month returns on 11 normalized MA ratios across the eligible cross-section, strict 12-month trailing-mean smoothing of past betas, per-stock predicted-return signal. Stop-loss and take-profit inherited from improved 4.",2022-01-31,NUE,Materials,1.1141913072089158,100000.0,0.2727976017787854,0.0,0.2727976017787854
improved_6_hzz_cross_sectional_trend_stop_take_top10,"Improved 6: replace the index-derived trend factor with a Han, Zhou, Zhu (2016) cross-sectional trend factor. Monthly OLS of next-month returns on 11 normalized MA ratios across the eligible cross-section, strict 12-month trailing-mean smoothing of past betas, per-stock predicted-return signal. Stop-loss and take-profit inherited from improved 4.",2022-01-31,CL,Consumer Staples,1.0999139931148096,100000.0,-0.05,0.0,-0.05
improved_6_hzz_cross_sectional_trend_stop_take_top10,"Improved 6: replace the index-derived trend factor with a Han, Zhou, Zhu (2016) cross-sectional trend factor. Monthly OLS of next-month returns on 11 normalized MA ratios across the eligible cross-section, strict 12-month trailing-mean smoothing of past betas, per-stock predicted-return signal. Stop-loss and take-profit inherited from improved 4.",2022-01-31,STX,Information Technology,1.0733674974119711,100000.0,-0.05,0.0,-0.05
improved_6_hzz_cross_sectional_trend_stop_take_top10,"Improved 6: replace the index-derived trend factor with a Han, Zhou, Zhu (2016) cross-sectional trend factor. Monthly OLS of next-month returns on 11 normalized MA ratios across the eligible cross-section, strict 12-month trailing-mean smoothing of past betas, per-stock predicted-return signal. Stop-loss and take-profit inherited from improved 4.",2022-02-28,ORCL,Information Technology,1.6695148846711323,100000.0,0.0888391682011762,0.0,0.0888391682011762
improved_6_hzz_cross_sectional_trend_stop_take_top10,"Improved 6: replace the index-derived trend factor with a Han, Zhou, Zhu (2016) cross-sectional trend factor. Monthly OLS of next-month returns on 11 normalized MA ratios across the eligible cross-section, strict 12-month trailing-mean smoothing of past betas, per-stock predicted-return signal. Stop-loss and take-profit inherited from improved 4.",2022-02-28,ORLY,Consumer Discretionary,1.6067135171522204,100000.0,0.0579839980237388,0.0,0.0579839980237388
improved_6_hzz_cross_sectional_trend_stop_take_top10,"Improved 6: replace the index-derived trend factor with a Han, Zhou, Zhu (2016) cross-sectional trend factor. Monthly OLS of next-month returns on 11 normalized MA ratios across the eligible cross-section, strict 12-month trailing-mean smoothing of past betas, per-stock predicted-return signal. Stop-loss and take-profit inherited from improved 4.",2022-02-28,COR,Health Care,1.5680559776143401,100000.0,0.0861415332777622,0.0,0.0861415332777622
improved_6_hzz_cross_sectional_trend_stop_take_top10,"Improved 6: replace the index-derived trend factor with a Han, Zhou, Zhu (2016) cross-sectional trend factor. Monthly OLS of next-month returns on 11 normalized MA ratios across the eligible cross-section, strict 12-month trailing-mean smoothing of past betas, per-stock predicted-return signal. Stop-loss and take-profit inherited from improved 4.",2022-02-28,LOW,Consumer Discretionary,1.4926816102414626,100000.0,-0.05,0.0,-0.05
improved_6_hzz_cross_sectional_trend_stop_take_top10,"Improved 6: replace the index-derived trend factor with a Han, Zhou, Zhu (2016) cross-sectional trend factor. Monthly OLS of next-month returns on 11 normalized MA ratios across the eligible cross-section, strict 12-month trailing-mean smoothing of past betas, per-stock predicted-return signal. Stop-loss and take-profit inherited from improved 4.",2022-02-28,MTD,Health Care,1.3768115378083539,100000.0,-0.05,0.0,-0.05
improved_6_hzz_cross_sectional_trend_stop_take_top10,"Improved 6: replace the index-derived trend factor with a Han, Zhou, Zhu (2016) cross-sectional trend factor. Monthly OLS of next-month returns on 11 normalized MA ratios across the eligible cross-section, strict 12-month trailing-mean smoothing of past betas, per-stock predicted-return signal. Stop-loss and take-profit inherited from improved 4.",2022-02-28,HD,Consumer Discretionary,1.2789118322335506,100000.0,-0.0428082256989754,0.0,-0.0428082256989754
improved_6_hzz_cross_sectional_trend_stop_take_top10,"Improved 6: replace the index-derived trend factor with a Han, Zhou, Zhu (2016) cross-sectional trend factor. Monthly OLS of next-month returns on 11 normalized MA ratios across the eligible cross-section, strict 12-month trailing-mean smoothing of past betas, per-stock predicted-return signal. Stop-loss and take-profit inherited from improved 4.",2022-02-28,STX,Information Technology,1.2413031072435095,100000.0,-0.05,0.0,-0.05
improved_6_hzz_cross_sectional_trend_stop_take_top10,"Improved 6: replace the index-derived trend factor with a Han, Zhou, Zhu (2016) cross-sectional trend factor. Monthly OLS of next-month returns on 11 normalized MA ratios across the eligible cross-section, strict 12-month trailing-mean smoothing of past betas, per-stock predicted-return signal. Stop-loss and take-profit inherited from improved 4.",2022-02-28,CL,Consumer Staples,1.2200439762822655,100000.0,-0.05,0.0,-0.05
improved_6_hzz_cross_sectional_trend_stop_take_top10,"Improved 6: replace the index-derived trend factor with a Han, Zhou, Zhu (2016) cross-sectional trend factor. Monthly OLS of next-month returns on 11 normalized MA ratios across the eligible cross-section, strict 12-month trailing-mean smoothing of past betas, per-stock predicted-return signal. Stop-loss and take-profit inherited from improved 4.",2022-02-28,BX,Financials,1.2043066919130272,100000.0,-0.05,0.0,-0.05
improved_6_hzz_cross_sectional_trend_stop_take_top10,"Improved 6: replace the index-derived trend factor with a Han, Zhou, Zhu (2016) cross-sectional trend factor. Monthly OLS of next-month returns on 11 normalized MA ratios across the eligible cross-section, strict 12-month trailing-mean smoothing of past betas, per-stock predicted-return signal. Stop-loss and take-profit inherited from improved 4.",2022-02-28,FANG,Energy,1.1289718710300618,100000.0,-0.05,0.0,-0.05
improved_6_hzz_cross_sectional_trend_stop_take_top10,"Improved 6: replace the index-derived trend factor with a Han, Zhou, Zhu (2016) cross-sectional trend factor. Monthly OLS of next-month returns on 11 normalized MA ratios across the eligible cross-section, strict 12-month trailing-mean smoothing of past betas, per-stock predicted-return signal. Stop-loss and take-profit inherited from improved 4.",2022-03-31,OXY,Energy,1.6902866465180109,100000.0,-0.05,0.0,-0.05
improved_6_hzz_cross_sectional_trend_stop_take_top10,"Improved 6: replace the index-derived trend factor with a Han, Zhou, Zhu (2016) cross-sectional trend factor. Monthly OLS of next-month returns on 11 normalized MA ratios across the eligible cross-section, strict 12-month trailing-mean smoothing of past betas, per-stock predicted-return signal. Stop-loss and take-profit inherited from improved 4.",2022-03-31,DVN,Energy,1.5583757128057514,100000.0,-0.05,0.0,-0.05
improved_6_hzz_cross_sectional_trend_stop_take_top10,"Improved 6: replace the index-derived trend factor with a Han, Zhou, Zhu (2016) cross-sectional trend factor. Monthly OLS of next-month returns on 11 normalized MA ratios across the eligible cross-section, strict 12-month trailing-mean smoothing of past betas, per-stock predicted-return signal. Stop-loss and take-profit inherited from improved 4.",2022-03-31,CF,Materials,1.5239242103286983,100000.0,-0.05,0.0,-0.05
improved_6_hzz_cross_sectional_trend_stop_take_top10,"Improved 6: replace the index-derived trend factor with a Han, Zhou, Zhu (2016) cross-sectional trend factor. Monthly OLS of next-month returns on 11 normalized MA ratios across the eligible cross-section, strict 12-month trailing-mean smoothing of past betas, per-stock predicted-return signal. Stop-loss and take-profit inherited from improved 4.",2022-03-31,ORLY,Consumer Discretionary,1.516413861396665,100000.0,-0.05,0.0,-0.05
improved_6_hzz_cross_sectional_trend_stop_take_top10,"Improved 6: replace the index-derived trend factor with a Han, Zhou, Zhu (2016) cross-sectional trend factor. Monthly OLS of next-month returns on 11 normalized MA ratios across the eligible cross-section, strict 12-month trailing-mean smoothing of past betas, per-stock predicted-return signal. Stop-loss and take-profit inherited from improved 4.",2022-03-31,FANG,Energy,1.4797549179243954,100000.0,-0.05,0.0,-0.05
improved_6_hzz_cross_sectional_trend_stop_take_top10,"Improved 6: replace the index-derived trend factor with a Han, Zhou, Zhu (2016) cross-sectional trend factor. Monthly OLS of next-month returns on 11 normalized MA ratios across the eligible cross-section, strict 12-month trailing-mean smoothing of past betas, per-stock predicted-return signal. Stop-loss and take-profit inherited from improved 4.",2022-03-31,NUE,Materials,1.461916336776558,100000.0,-0.05,0.0,-0.05
improved_6_hzz_cross_sectional_trend_stop_take_top10,"Improved 6: replace the index-derived trend factor with a Han, Zhou, Zhu (2016) cross-sectional trend factor. Monthly OLS of next-month returns on 11 normalized MA ratios across the eligible cross-section, strict 12-month trailing-mean smoothing of past betas, per-stock predicted-return signal. Stop-loss and take-profit inherited from improved 4.",2022-03-31,MOS,Materials,1.412062981214464,100000.0,-0.05,0.0,-0.05
improved_6_hzz_cross_sectional_trend_stop_take_top10,"Improved 6: replace the index-derived trend factor with a Han, Zhou, Zhu (2016) cross-sectional trend factor. Monthly OLS of next-month returns on 11 normalized MA ratios across the eligible cross-section, strict 12-month trailing-mean smoothing of past betas, per-stock predicted-return signal. Stop-loss and take-profit inherited from improved 4.",2022-03-31,COR,Health Care,1.3989710063996685,100000.0,-0.0234944813789905,0.0,-0.0234944813789905
improved_6_hzz_cross_sectional_trend_stop_take_top10,"Improved 6: replace the index-derived trend factor with a Han, Zhou, Zhu (2016) cross-sectional trend factor. Monthly OLS of next-month returns on 11 normalized MA ratios across the eligible cross-section, strict 12-month trailing-mean smoothing of past betas, per-stock predicted-return signal. Stop-loss and take-profit inherited from improved 4.",2022-03-31,COP,Energy,1.3613149451188553,100000.0,-0.05,0.0,-0.05
improved_6_hzz_cross_sectional_trend_stop_take_top10,"Improved 6: replace the index-derived trend factor with a Han, Zhou, Zhu (2016) cross-sectional trend factor. Monthly OLS of next-month returns on 11 normalized MA ratios across the eligible cross-section, strict 12-month trailing-mean smoothing of past betas, per-stock predicted-return signal. Stop-loss and take-profit inherited from improved 4.",2022-03-31,APA,Energy,1.1722233829821134,100000.0,-0.05,0.0,-0.05
improved_6_hzz_cross_sectional_trend_stop_take_top10,"Improved 6: replace the index-derived trend factor with a Han, Zhou, Zhu (2016) cross-sectional trend factor. Monthly OLS of next-month returns on 11 normalized MA ratios across the eligible cross-section, strict 12-month trailing-mean smoothing of past betas, per-stock predicted-return signal. Stop-loss and take-profit inherited from improved 4.",2022-04-30,OXY,Energy,1.6800840639450076,100000.0,0.3,0.0,0.3
improved_6_hzz_cross_sectional_trend_stop_take_top10,"Improved 6: replace the index-derived trend factor with a Han, Zhou, Zhu (2016) cross-sectional trend factor. Monthly OLS of next-month returns on 11 normalized MA ratios across the eligible cross-section, strict 12-month trailing-mean smoothing of past betas, per-stock predicted-return signal. Stop-loss and take-profit inherited from improved 4.",2022-04-30,CF,Materials,1.5386824054282617,100000.0,-0.05,0.0,-0.05
improved_6_hzz_cross_sectional_trend_stop_take_top10,"Improved 6: replace the index-derived trend factor with a Han, Zhou, Zhu (2016) cross-sectional trend factor. Monthly OLS of next-month returns on 11 normalized MA ratios across the eligible cross-section, strict 12-month trailing-mean smoothing of past betas, per-stock predicted-return signal. Stop-loss and take-profit inherited from improved 4.",2022-04-30,COR,Health Care,1.5303347385149262,100000.0,0.0196080418217765,0.0,0.0196080418217765
improved_6_hzz_cross_sectional_trend_stop_take_top10,"Improved 6: replace the index-derived trend factor with a Han, Zhou, Zhu (2016) cross-sectional trend factor. Monthly OLS of next-month returns on 11 normalized MA ratios across the eligible cross-section, strict 12-month trailing-mean smoothing of past betas, per-stock predicted-return signal. Stop-loss and take-profit inherited from improved 4.",2022-04-30,DVN,Energy,1.466225867081842,100000.0,0.3,0.0,0.3
improved_6_hzz_cross_sectional_trend_stop_take_top10,"Improved 6: replace the index-derived trend factor with a Han, Zhou, Zhu (2016) cross-sectional trend factor. Monthly OLS of next-month returns on 11 normalized MA ratios across the eligible cross-section, strict 12-month trailing-mean smoothing of past betas, per-stock predicted-return signal. Stop-loss and take-profit inherited from improved 4.",2022-04-30,COP,Energy,1.3747497967742568,100000.0,0.1970925098178984,0.0,0.1970925098178984
improved_6_hzz_cross_sectional_trend_stop_take_top10,"Improved 6: replace the index-derived trend factor with a Han, Zhou, Zhu (2016) cross-sectional trend factor. Monthly OLS of next-month returns on 11 normalized MA ratios across the eligible cross-section, strict 12-month trailing-mean smoothing of past betas, per-stock predicted-return signal. Stop-loss and take-profit inherited from improved 4.",2022-04-30,KMB,Consumer Staples,1.2848464122675287,100000.0,-0.05,0.0,-0.05
improved_6_hzz_cross_sectional_trend_stop_take_top10,"Improved 6: replace the index-derived trend factor with a Han, Zhou, Zhu (2016) cross-sectional trend factor. Monthly OLS of next-month returns on 11 normalized MA ratios across the eligible cross-section, strict 12-month trailing-mean smoothing of past betas, per-stock predicted-return signal. Stop-loss and take-profit inherited from improved 4.",2022-04-30,ORLY,Consumer Discretionary,1.2838393057634905,100000.0,-0.05,0.0,-0.05
improved_6_hzz_cross_sectional_trend_stop_take_top10,"Improved 6: replace the index-derived trend factor with a Han, Zhou, Zhu (2016) cross-sectional trend factor. Monthly OLS of next-month returns on 11 normalized MA ratios across the eligible cross-section, strict 12-month trailing-mean smoothing of past betas, per-stock predicted-return signal. Stop-loss and take-profit inherited from improved 4.",2022-04-30,APA,Energy,1.2670004139893973,100000.0,-0.05,0.0,-0.05
improved_6_hzz_cross_sectional_trend_stop_take_top10,"Improved 6: replace the index-derived trend factor with a Han, Zhou, Zhu (2016) cross-sectional trend factor. Monthly OLS of next-month returns on 11 normalized MA ratios across the eligible cross-section, strict 12-month trailing-mean smoothing of past betas, per-stock predicted-return signal. Stop-loss and take-profit inherited from improved 4.",2022-04-30,NUE,Materials,1.2418875784036776,100000.0,-0.05,0.0,-0.05
improved_6_hzz_cross_sectional_trend_stop_take_top10,"Improved 6: replace the index-derived trend factor with a Han, Zhou, Zhu (2016) cross-sectional trend factor. Monthly OLS of next-month returns on 11 normalized MA ratios across the eligible cross-section, strict 12-month trailing-mean smoothing of past betas, per-stock predicted-return signal. Stop-loss and take-profit inherited from improved 4.",2022-04-30,EOG,Energy,1.151255947168405,100000.0,0.1916818933261022,0.0,0.1916818933261022
improved_6_hzz_cross_sectional_trend_stop_take_top10,"Improved 6: replace the index-derived trend factor with a Han, Zhou, Zhu (2016) cross-sectional trend factor. Monthly OLS of next-month returns on 11 normalized MA ratios across the eligible cross-section, strict 12-month trailing-mean smoothing of past betas, per-stock predicted-return signal. Stop-loss and take-profit inherited from improved 4.",2022-05-31,COR,Health Care,1.6128868965784642,100000.0,-0.05,0.0,-0.05
improved_6_hzz_cross_sectional_trend_stop_take_top10,"Improved 6: replace the index-derived trend factor with a Han, Zhou, Zhu (2016) cross-sectional trend factor. Monthly OLS of next-month returns on 11 normalized MA ratios across the eligible cross-section, strict 12-month trailing-mean smoothing of past betas, per-stock predicted-return signal. Stop-loss and take-profit inherited from improved 4.",2022-05-31,OXY,Energy,1.5601387270079259,100000.0,-0.05,0.0,-0.05
improved_6_hzz_cross_sectional_trend_stop_take_top10,"Improved 6: replace the index-derived trend factor with a Han, Zhou, Zhu (2016) cross-sectional trend factor. Monthly OLS of next-month returns on 11 normalized MA ratios across the eligible cross-section, strict 12-month trailing-mean smoothing of past betas, per-stock predicted-return signal. Stop-loss and take-profit inherited from improved 4.",2022-05-31,FANG,Energy,1.5128868762999013,100000.0,-0.05,0.0,-0.05
improved_6_hzz_cross_sectional_trend_stop_take_top10,"Improved 6: replace the index-derived trend factor with a Han, Zhou, Zhu (2016) cross-sectional trend factor. Monthly OLS of next-month returns on 11 normalized MA ratios across the eligible cross-section, strict 12-month trailing-mean smoothing of past betas, per-stock predicted-return signal. Stop-loss and take-profit inherited from improved 4.",2022-05-31,CF,Materials,1.3955398303960616,100000.0,-0.05,0.0,-0.05
improved_6_hzz_cross_sectional_trend_stop_take_top10,"Improved 6: replace the index-derived trend factor with a Han, Zhou, Zhu (2016) cross-sectional trend factor. Monthly OLS of next-month returns on 11 normalized MA ratios across the eligible cross-section, strict 12-month trailing-mean smoothing of past betas, per-stock predicted-return signal. Stop-loss and take-profit inherited from improved 4.",2022-05-31,DVN,Energy,1.3631830619439214,100000.0,-0.05,0.0,-0.05
improved_6_hzz_cross_sectional_trend_stop_take_top10,"Improved 6: replace the index-derived trend factor with a Han, Zhou, Zhu (2016) cross-sectional trend factor. Monthly OLS of next-month returns on 11 normalized MA ratios across the eligible cross-section, strict 12-month trailing-mean smoothing of past betas, per-stock predicted-return signal. Stop-loss and take-profit inherited from improved 4.",2022-05-31,COP,Energy,1.3615308870592702,100000.0,-0.05,0.0,-0.05
improved_6_hzz_cross_sectional_trend_stop_take_top10,"Improved 6: replace the index-derived trend factor with a Han, Zhou, Zhu (2016) cross-sectional trend factor. Monthly OLS of next-month returns on 11 normalized MA ratios across the eligible cross-section, strict 12-month trailing-mean smoothing of past betas, per-stock predicted-return signal. Stop-loss and take-profit inherited from improved 4.",2022-05-31,MOS,Materials,1.3177920177236604,100000.0,-0.05,0.0,-0.05
improved_6_hzz_cross_sectional_trend_stop_take_top10,"Improved 6: replace the index-derived trend factor with a Han, Zhou, Zhu (2016) cross-sectional trend factor. Monthly OLS of next-month returns on 11 normalized MA ratios across the eligible cross-section, strict 12-month trailing-mean smoothing of past betas, per-stock predicted-return signal. Stop-loss and take-profit inherited from improved 4.",2022-05-31,DLTR,Consumer Staples,1.248232627832981,100000.0,-0.05,0.0,-0.05
improved_6_hzz_cross_sectional_trend_stop_take_top10,"Improved 6: replace the index-derived trend factor with a Han, Zhou, Zhu (2016) cross-sectional trend factor. Monthly OLS of next-month returns on 11 normalized MA ratios across the eligible cross-section, strict 12-month trailing-mean smoothing of past betas, per-stock predicted-return signal. Stop-loss and take-profit inherited from improved 4.",2022-05-31,KMB,Consumer Staples,1.2323764466996283,100000.0,-0.05,0.0,-0.05
improved_6_hzz_cross_sectional_trend_stop_take_top10,"Improved 6: replace the index-derived trend factor with a Han, Zhou, Zhu (2016) cross-sectional trend factor. Monthly OLS of next-month returns on 11 normalized MA ratios across the eligible cross-section, strict 12-month trailing-mean smoothing of past betas, per-stock predicted-return signal. Stop-loss and take-profit inherited from improved 4.",2022-05-31,EOG,Energy,1.178851852690346,100000.0,-0.05,0.0,-0.05
improved_6_hzz_cross_sectional_trend_stop_take_top10,"Improved 6: replace the index-derived trend factor with a Han, Zhou, Zhu (2016) cross-sectional trend factor. Monthly OLS of next-month returns on 11 normalized MA ratios across the eligible cross-section, strict 12-month trailing-mean smoothing of past betas, per-stock predicted-return signal. Stop-loss and take-profit inherited from improved 4.",2022-06-30,COR,Health Care,1.6659074161114893,100000.0,0.0287627775816166,0.0,0.0287627775816166
improved_6_hzz_cross_sectional_trend_stop_take_top10,"Improved 6: replace the index-derived trend factor with a Han, Zhou, Zhu (2016) cross-sectional trend factor. Monthly OLS of next-month returns on 11 normalized MA ratios across the eligible cross-section, strict 12-month trailing-mean smoothing of past betas, per-stock predicted-return signal. Stop-loss and take-profit inherited from improved 4.",2022-06-30,KMB,Consumer Staples,1.4919462459172994,100000.0,-0.0283123202832923,0.0,-0.0283123202832923
improved_6_hzz_cross_sectional_trend_stop_take_top10,"Improved 6: replace the index-derived trend factor with a Han, Zhou, Zhu (2016) cross-sectional trend factor. Monthly OLS of next-month returns on 11 normalized MA ratios across the eligible cross-section, strict 12-month trailing-mean smoothing of past betas, per-stock predicted-return signal. Stop-loss and take-profit inherited from improved 4.",2022-06-30,DVN,Energy,1.4452712527833205,100000.0,-0.05,0.0,-0.05
improved_6_hzz_cross_sectional_trend_stop_take_top10,"Improved 6: replace the index-derived trend factor with a Han, Zhou, Zhu (2016) cross-sectional trend factor. Monthly OLS of next-month returns on 11 normalized MA ratios across the eligible cross-section, strict 12-month trailing-mean smoothing of past betas, per-stock predicted-return signal. Stop-loss and take-profit inherited from improved 4.",2022-06-30,OXY,Energy,1.3489501380190088,100000.0,-0.05,0.0,-0.05
improved_6_hzz_cross_sectional_trend_stop_take_top10,"Improved 6: replace the index-derived trend factor with a Han, Zhou, Zhu (2016) cross-sectional trend factor. Monthly OLS of next-month returns on 11 normalized MA ratios across the eligible cross-section, strict 12-month trailing-mean smoothing of past betas, per-stock predicted-return signal. Stop-loss and take-profit inherited from improved 4.",2022-06-30,CL,Consumer Staples,1.2705297734524215,100000.0,-0.05,0.0,-0.05
improved_6_hzz_cross_sectional_trend_stop_take_top10,"Improved 6: replace the index-derived trend factor with a Han, Zhou, Zhu (2016) cross-sectional trend factor. Monthly OLS of next-month returns on 11 normalized MA ratios across the eligible cross-section, strict 12-month trailing-mean smoothing of past betas, per-stock predicted-return signal. Stop-loss and take-profit inherited from improved 4.",2022-06-30,CF,Materials,1.2638127545786682,100000.0,-0.05,0.0,-0.05
improved_6_hzz_cross_sectional_trend_stop_take_top10,"Improved 6: replace the index-derived trend factor with a Han, Zhou, Zhu (2016) cross-sectional trend factor. Monthly OLS of next-month returns on 11 normalized MA ratios across the eligible cross-section, strict 12-month trailing-mean smoothing of past betas, per-stock predicted-return signal. Stop-loss and take-profit inherited from improved 4.",2022-06-30,COP,Energy,1.2345111166427643,100000.0,-0.05,0.0,-0.05
improved_6_hzz_cross_sectional_trend_stop_take_top10,"Improved 6: replace the index-derived trend factor with a Han, Zhou, Zhu (2016) cross-sectional trend factor. Monthly OLS of next-month returns on 11 normalized MA ratios across the eligible cross-section, strict 12-month trailing-mean smoothing of past betas, per-stock predicted-return signal. Stop-loss and take-profit inherited from improved 4.",2022-06-30,VLO,Energy,1.1477558073195193,100000.0,-0.05,0.0,-0.05
improved_6_hzz_cross_sectional_trend_stop_take_top10,"Improved 6: replace the index-derived trend factor with a Han, Zhou, Zhu (2016) cross-sectional trend factor. Monthly OLS of next-month returns on 11 normalized MA ratios across the eligible cross-section, strict 12-month trailing-mean smoothing of past betas, per-stock predicted-return signal. Stop-loss and take-profit inherited from improved 4.",2022-06-30,MPC,Energy,1.0950865264817846,100000.0,-0.05,0.0,-0.05
improved_6_hzz_cross_sectional_trend_stop_take_top10,"Improved 6: replace the index-derived trend factor with a Han, Zhou, Zhu (2016) cross-sectional trend factor. Monthly OLS of next-month returns on 11 normalized MA ratios across the eligible cross-section, strict 12-month trailing-mean smoothing of past betas, per-stock predicted-return signal. Stop-loss and take-profit inherited from improved 4.",2022-06-30,CVX,Energy,1.0642371707492926,100000.0,-0.05,0.0,-0.05
improved_6_hzz_cross_sectional_trend_stop_take_top10,"Improved 6: replace the index-derived trend factor with a Han, Zhou, Zhu (2016) cross-sectional trend factor. Monthly OLS of next-month returns on 11 normalized MA ratios across the eligible cross-section, strict 12-month trailing-mean smoothing of past betas, per-stock predicted-return signal. Stop-loss and take-profit inherited from improved 4.",2022-07-31,COR,Health Care,1.6747982689019398,100000.0,-0.05,0.0,-0.05
improved_6_hzz_cross_sectional_trend_stop_take_top10,"Improved 6: replace the index-derived trend factor with a Han, Zhou, Zhu (2016) cross-sectional trend factor. Monthly OLS of next-month returns on 11 normalized MA ratios across the eligible cross-section, strict 12-month trailing-mean smoothing of past betas, per-stock predicted-return signal. Stop-loss and take-profit inherited from improved 4.",2022-07-31,KMB,Consumer Staples,1.612843321169427,100000.0,-0.0358384999241226,0.0,-0.0358384999241226
improved_6_hzz_cross_sectional_trend_stop_take_top10,"Improved 6: replace the index-derived trend factor with a Han, Zhou, Zhu (2016) cross-sectional trend factor. Monthly OLS of next-month returns on 11 normalized MA ratios across the eligible cross-section, strict 12-month trailing-mean smoothing of past betas, per-stock predicted-return signal. Stop-loss and take-profit inherited from improved 4.",2022-07-31,CL,Consumer Staples,1.491757298868095,100000.0,-0.0094984802427314,0.0,-0.0094984802427314
improved_6_hzz_cross_sectional_trend_stop_take_top10,"Improved 6: replace the index-derived trend factor with a Han, Zhou, Zhu (2016) cross-sectional trend factor. Monthly OLS of next-month returns on 11 normalized MA ratios across the eligible cross-section, strict 12-month trailing-mean smoothing of past betas, per-stock predicted-return signal. Stop-loss and take-profit inherited from improved 4.",2022-07-31,OXY,Energy,1.3341893881070852,100000.0,-0.05,0.0,-0.05
improved_6_hzz_cross_sectional_trend_stop_take_top10,"Improved 6: replace the index-derived trend factor with a Han, Zhou, Zhu (2016) cross-sectional trend factor. Monthly OLS of next-month returns on 11 normalized MA ratios across the eligible cross-section, strict 12-month trailing-mean smoothing of past betas, per-stock predicted-return signal. Stop-loss and take-profit inherited from improved 4.",2022-07-31,CF,Materials,1.258823576937455,100000.0,0.0927603468023869,0.0,0.0927603468023869
improved_6_hzz_cross_sectional_trend_stop_take_top10,"Improved 6: replace the index-derived trend factor with a Han, Zhou, Zhu (2016) cross-sectional trend factor. Monthly OLS of next-month returns on 11 normalized MA ratios across the eligible cross-section, strict 12-month trailing-mean smoothing of past betas, per-stock predicted-return signal. Stop-loss and take-profit inherited from improved 4.",2022-07-31,DVN,Energy,1.237245237528661,100000.0,-0.05,0.0,-0.05
improved_6_hzz_cross_sectional_trend_stop_take_top10,"Improved 6: replace the index-derived trend factor with a Han, Zhou, Zhu (2016) cross-sectional trend factor. Monthly OLS of next-month returns on 11 normalized MA ratios across the eligible cross-section, strict 12-month trailing-mean smoothing of past betas, per-stock predicted-return signal. Stop-loss and take-profit inherited from improved 4.",2022-07-31,VLO,Energy,1.1989624463428772,100000.0,0.0839643081085095,0.0,0.0839643081085095
improved_6_hzz_cross_sectional_trend_stop_take_top10,"Improved 6: replace the index-derived trend factor with a Han, Zhou, Zhu (2016) cross-sectional trend factor. Monthly OLS of next-month returns on 11 normalized MA ratios across the eligible cross-section, strict 12-month trailing-mean smoothing of past betas, per-stock predicted-return signal. Stop-loss and take-profit inherited from improved 4.",2022-07-31,COP,Energy,1.1790233578696314,100000.0,-0.05,0.0,-0.05
improved_6_hzz_cross_sectional_trend_stop_take_top10,"Improved 6: replace the index-derived trend factor with a Han, Zhou, Zhu (2016) cross-sectional trend factor. Monthly OLS of next-month returns on 11 normalized MA ratios across the eligible cross-section, strict 12-month trailing-mean smoothing of past betas, per-stock predicted-return signal. Stop-loss and take-profit inherited from improved 4.",2022-07-31,XOM,Energy,1.1020832640327587,100000.0,-0.05,0.0,-0.05
improved_6_hzz_cross_sectional_trend_stop_take_top10,"Improved 6: replace the index-derived trend factor with a Han, Zhou, Zhu (2016) cross-sectional trend factor. Monthly OLS of next-month returns on 11 normalized MA ratios across the eligible cross-section, strict 12-month trailing-mean smoothing of past betas, per-stock predicted-return signal. Stop-loss and take-profit inherited from improved 4.",2022-07-31,CVX,Energy,1.0919439568867295,100000.0,-0.05,0.0,-0.05
improved_6_hzz_cross_sectional_trend_stop_take_top10,"Improved 6: replace the index-derived trend factor with a Han, Zhou, Zhu (2016) cross-sectional trend factor. Monthly OLS of next-month returns on 11 normalized MA ratios across the eligible cross-section, strict 12-month trailing-mean smoothing of past betas, per-stock predicted-return signal. Stop-loss and take-profit inherited from improved 4.",2022-08-31,KMB,Consumer Staples,1.433718523263559,100000.0,-0.05,0.0,-0.05
improved_6_hzz_cross_sectional_trend_stop_take_top10,"Improved 6: replace the index-derived trend factor with a Han, Zhou, Zhu (2016) cross-sectional trend factor. Monthly OLS of next-month returns on 11 normalized MA ratios across the eligible cross-section, strict 12-month trailing-mean smoothing of past betas, per-stock predicted-return signal. Stop-loss and take-profit inherited from improved 4.",2022-08-31,COR,Health Care,1.416847603577874,100000.0,-0.05,0.0,-0.05
improved_6_hzz_cross_sectional_trend_stop_take_top10,"Improved 6: replace the index-derived trend factor with a Han, Zhou, Zhu (2016) cross-sectional trend factor. Monthly OLS of next-month returns on 11 normalized MA ratios across the eligible cross-section, strict 12-month trailing-mean smoothing of past betas, per-stock predicted-return signal. Stop-loss and take-profit inherited from improved 4.",2022-08-31,CF,Materials,1.3549322650338067,100000.0,-0.05,0.0,-0.05
improved_6_hzz_cross_sectional_trend_stop_take_top10,"Improved 6: replace the index-derived trend factor with a Han, Zhou, Zhu (2016) cross-sectional trend factor. Monthly OLS of next-month returns on 11 normalized MA ratios across the eligible cross-section, strict 12-month trailing-mean smoothing of past betas, per-stock predicted-return signal. Stop-loss and take-profit inherited from improved 4.",2022-08-31,CL,Consumer Staples,1.303776020122878,100000.0,-0.05,0.0,-0.05
improved_6_hzz_cross_sectional_trend_stop_take_top10,"Improved 6: replace the index-derived trend factor with a Han, Zhou, Zhu (2016) cross-sectional trend factor. Monthly OLS of next-month returns on 11 normalized MA ratios across the eligible cross-section, strict 12-month trailing-mean smoothing of past betas, per-stock predicted-return signal. Stop-loss and take-profit inherited from improved 4.",2022-08-31,VRTX,Health Care,1.0690899685962103,100000.0,0.0280134919225991,0.0,0.0280134919225991
improved_6_hzz_cross_sectional_trend_stop_take_top10,"Improved 6: replace the index-derived trend factor with a Han, Zhou, Zhu (2016) cross-sectional trend factor. Monthly OLS of next-month returns on 11 normalized MA ratios across the eligible cross-section, strict 12-month trailing-mean smoothing of past betas, per-stock predicted-return signal. Stop-loss and take-profit inherited from improved 4.",2022-08-31,STX,Information Technology,1.0378276299590656,100000.0,-0.05,0.0,-0.05
improved_6_hzz_cross_sectional_trend_stop_take_top10,"Improved 6: replace the index-derived trend factor with a Han, Zhou, Zhu (2016) cross-sectional trend factor. Monthly OLS of next-month returns on 11 normalized MA ratios across the eligible cross-section, strict 12-month trailing-mean smoothing of past betas, per-stock predicted-return signal. Stop-loss and take-profit inherited from improved 4.",2022-08-31,AMGN,Health Care,1.009451800649606,100000.0,-0.05,0.0,-0.05
improved_6_hzz_cross_sectional_trend_stop_take_top10,"Improved 6: replace the index-derived trend factor with a Han, Zhou, Zhu (2016) cross-sectional trend factor. Monthly OLS of next-month returns on 11 normalized MA ratios across the eligible cross-section, strict 12-month trailing-mean smoothing of past betas, per-stock predicted-return signal. Stop-loss and take-profit inherited from improved 4.",2022-08-31,MTD,Health Care,0.9515796479549299,100000.0,-0.05,0.0,-0.05
improved_6_hzz_cross_sectional_trend_stop_take_top10,"Improved 6: replace the index-derived trend factor with a Han, Zhou, Zhu (2016) cross-sectional trend factor. Monthly OLS of next-month returns on 11 normalized MA ratios across the eligible cross-section, strict 12-month trailing-mean smoothing of past betas, per-stock predicted-return signal. Stop-loss and take-profit inherited from improved 4.",2022-08-31,DLTR,Consumer Staples,0.8410893409462741,100000.0,0.0091947204508378,0.0,0.0091947204508378
improved_6_hzz_cross_sectional_trend_stop_take_top10,"Improved 6: replace the index-derived trend factor with a Han, Zhou, Zhu (2016) cross-sectional trend factor. Monthly OLS of next-month returns on 11 normalized MA ratios across the eligible cross-section, strict 12-month trailing-mean smoothing of past betas, per-stock predicted-return signal. Stop-loss and take-profit inherited from improved 4.",2022-08-31,OXY,Energy,0.8381441160452576,100000.0,-0.05,0.0,-0.05
improved_6_hzz_cross_sectional_trend_stop_take_top10,"Improved 6: replace the index-derived trend factor with a Han, Zhou, Zhu (2016) cross-sectional trend factor. Monthly OLS of next-month returns on 11 normalized MA ratios across the eligible cross-section, strict 12-month trailing-mean smoothing of past betas, per-stock predicted-return signal. Stop-loss and take-profit inherited from improved 4.",2022-09-30,COR,Health Care,1.6835077171353856,100000.0,0.1537389007117238,0.0,0.1537389007117238
improved_6_hzz_cross_sectional_trend_stop_take_top10,"Improved 6: replace the index-derived trend factor with a Han, Zhou, Zhu (2016) cross-sectional trend factor. Monthly OLS of next-month returns on 11 normalized MA ratios across the eligible cross-section, strict 12-month trailing-mean smoothing of past betas, per-stock predicted-return signal. Stop-loss and take-profit inherited from improved 4.",2022-09-30,CL,Consumer Staples,1.5472634648931358,100000.0,0.0494708245841619,0.0,0.0494708245841619
improved_6_hzz_cross_sectional_trend_stop_take_top10,"Improved 6: replace the index-derived trend factor with a Han, Zhou, Zhu (2016) cross-sectional trend factor. Monthly OLS of next-month returns on 11 normalized MA ratios across the eligible cross-section, strict 12-month trailing-mean smoothing of past betas, per-stock predicted-return signal. Stop-loss and take-profit inherited from improved 4.",2022-09-30,MTD,Health Care,1.280987941432079,100000.0,0.1494347920907242,0.0,0.1494347920907242
improved_6_hzz_cross_sectional_trend_stop_take_top10,"Improved 6: replace the index-derived trend factor with a Han, Zhou, Zhu (2016) cross-sectional trend factor. Monthly OLS of next-month returns on 11 normalized MA ratios across the eligible cross-section, strict 12-month trailing-mean smoothing of past betas, per-stock predicted-return signal. Stop-loss and take-profit inherited from improved 4.",2022-09-30,KMB,Consumer Staples,1.2762649280701561,100000.0,0.1014159292031455,0.0,0.1014159292031455
improved_6_hzz_cross_sectional_trend_stop_take_top10,"Improved 6: replace the index-derived trend factor with a Han, Zhou, Zhu (2016) cross-sectional trend factor. Monthly OLS of next-month returns on 11 normalized MA ratios across the eligible cross-section, strict 12-month trailing-mean smoothing of past betas, per-stock predicted-return signal. Stop-loss and take-profit inherited from improved 4.",2022-09-30,SMCI,Information Technology,1.2721896620720647,100000.0,-0.05,0.0,-0.05
improved_6_hzz_cross_sectional_trend_stop_take_top10,"Improved 6: replace the index-derived trend factor with a Han, Zhou, Zhu (2016) cross-sectional trend factor. Monthly OLS of next-month returns on 11 normalized MA ratios across the eligible cross-section, strict 12-month trailing-mean smoothing of past betas, per-stock predicted-return signal. Stop-loss and take-profit inherited from improved 4.",2022-09-30,EQT,Energy,1.1514007605067322,100000.0,-0.05,0.0,-0.05
improved_6_hzz_cross_sectional_trend_stop_take_top10,"Improved 6: replace the index-derived trend factor with a Han, Zhou, Zhu (2016) cross-sectional trend factor. Monthly OLS of next-month returns on 11 normalized MA ratios across the eligible cross-section, strict 12-month trailing-mean smoothing of past betas, per-stock predicted-return signal. Stop-loss and take-profit inherited from improved 4.",2022-09-30,OXY,Energy,1.138648417864004,100000.0,0.1393596986816667,0.0,0.1393596986816667
improved_6_hzz_cross_sectional_trend_stop_take_top10,"Improved 6: replace the index-derived trend factor with a Han, Zhou, Zhu (2016) cross-sectional trend factor. Monthly OLS of next-month returns on 11 normalized MA ratios across the eligible cross-section, strict 12-month trailing-mean smoothing of past betas, per-stock predicted-return signal. Stop-loss and take-profit inherited from improved 4.",2022-09-30,IT,Information Technology,1.1306854562821067,100000.0,0.0798283261802574,0.0,0.0798283261802574
improved_6_hzz_cross_sectional_trend_stop_take_top10,"Improved 6: replace the index-derived trend factor with a Han, Zhou, Zhu (2016) cross-sectional trend factor. Monthly OLS of next-month returns on 11 normalized MA ratios across the eligible cross-section, strict 12-month trailing-mean smoothing of past betas, per-stock predicted-return signal. Stop-loss and take-profit inherited from improved 4.",2022-09-30,VRTX,Health Care,1.064282275172002,100000.0,0.0622723094208574,0.0,0.0622723094208574
improved_6_hzz_cross_sectional_trend_stop_take_top10,"Improved 6: replace the index-derived trend factor with a Han, Zhou, Zhu (2016) cross-sectional trend factor. Monthly OLS of next-month returns on 11 normalized MA ratios across the eligible cross-section, strict 12-month trailing-mean smoothing of past betas, per-stock predicted-return signal. Stop-loss and take-profit inherited from improved 4.",2022-09-30,NUE,Materials,0.9884984122254525,100000.0,0.1964301976147133,0.0,0.1964301976147133
improved_6_hzz_cross_sectional_trend_stop_take_top10,"Improved 6: replace the index-derived trend factor with a Han, Zhou, Zhu (2016) cross-sectional trend factor. Monthly OLS of next-month returns on 11 normalized MA ratios across the eligible cross-section, strict 12-month trailing-mean smoothing of past betas, per-stock predicted-return signal. Stop-loss and take-profit inherited from improved 4.",2022-10-31,EQT,Energy,1.695410941181839,100000.0,-0.05,0.0,-0.05
improved_6_hzz_cross_sectional_trend_stop_take_top10,"Improved 6: replace the index-derived trend factor with a Han, Zhou, Zhu (2016) cross-sectional trend factor. Monthly OLS of next-month returns on 11 normalized MA ratios across the eligible cross-section, strict 12-month trailing-mean smoothing of past betas, per-stock predicted-return signal. Stop-loss and take-profit inherited from improved 4.",2022-10-31,CL,Consumer Staples,1.5874290621277278,100000.0,0.0505762711872659,0.0,0.0505762711872659
improved_6_hzz_cross_sectional_trend_stop_take_top10,"Improved 6: replace the index-derived trend factor with a Han, Zhou, Zhu (2016) cross-sectional trend factor. Monthly OLS of next-month returns on 11 normalized MA ratios across the eligible cross-section, strict 12-month trailing-mean smoothing of past betas, per-stock predicted-return signal. Stop-loss and take-profit inherited from improved 4.",2022-10-31,COR,Health Care,1.5738954601641615,100000.0,-0.05,0.0,-0.05
improved_6_hzz_cross_sectional_trend_stop_take_top10,"Improved 6: replace the index-derived trend factor with a Han, Zhou, Zhu (2016) cross-sectional trend factor. Monthly OLS of next-month returns on 11 normalized MA ratios across the eligible cross-section, strict 12-month trailing-mean smoothing of past betas, per-stock predicted-return signal. Stop-loss and take-profit inherited from improved 4.",2022-10-31,KMB,Consumer Staples,1.2565982116309709,100000.0,0.0897477101081087,0.0,0.0897477101081087
improved_6_hzz_cross_sectional_trend_stop_take_top10,"Improved 6: replace the index-derived trend factor with a Han, Zhou, Zhu (2016) cross-sectional trend factor. Monthly OLS of next-month returns on 11 normalized MA ratios across the eligible cross-section, strict 12-month trailing-mean smoothing of past betas, per-stock predicted-return signal. Stop-loss and take-profit inherited from improved 4.",2022-10-31,VRTX,Health Care,1.2345908855303902,100000.0,-0.05,0.0,-0.05
improved_6_hzz_cross_sectional_trend_stop_take_top10,"Improved 6: replace the index-derived trend factor with a Han, Zhou, Zhu (2016) cross-sectional trend factor. Monthly OLS of next-month returns on 11 normalized MA ratios across the eligible cross-section, strict 12-month trailing-mean smoothing of past betas, per-stock predicted-return signal. Stop-loss and take-profit inherited from improved 4.",2022-10-31,AON,Financials,1.214693833288619,100000.0,0.0882134914748968,0.0,0.0882134914748968
improved_6_hzz_cross_sectional_trend_stop_take_top10,"Improved 6: replace the index-derived trend factor with a Han, Zhou, Zhu (2016) cross-sectional trend factor. Monthly OLS of next-month returns on 11 normalized MA ratios across the eligible cross-section, strict 12-month trailing-mean smoothing of past betas, per-stock predicted-return signal. Stop-loss and take-profit inherited from improved 4.",2022-10-31,OXY,Energy,1.1516319867397844,100000.0,-0.05,0.0,-0.05
improved_6_hzz_cross_sectional_trend_stop_take_top10,"Improved 6: replace the index-derived trend factor with a Han, Zhou, Zhu (2016) cross-sectional trend factor. Monthly OLS of next-month returns on 11 normalized MA ratios across the eligible cross-section, strict 12-month trailing-mean smoothing of past betas, per-stock predicted-return signal. Stop-loss and take-profit inherited from improved 4.",2022-10-31,CF,Materials,1.130965822573284,100000.0,-0.05,0.0,-0.05
improved_6_hzz_cross_sectional_trend_stop_take_top10,"Improved 6: replace the index-derived trend factor with a Han, Zhou, Zhu (2016) cross-sectional trend factor. Monthly OLS of next-month returns on 11 normalized MA ratios across the eligible cross-section, strict 12-month trailing-mean smoothing of past betas, per-stock predicted-return signal. Stop-loss and take-profit inherited from improved 4.",2022-10-31,MTD,Health Care,1.0691495027121862,100000.0,-0.05,0.0,-0.05
improved_6_hzz_cross_sectional_trend_stop_take_top10,"Improved 6: replace the index-derived trend factor with a Han, Zhou, Zhu (2016) cross-sectional trend factor. Monthly OLS of next-month returns on 11 normalized MA ratios across the eligible cross-section, strict 12-month trailing-mean smoothing of past betas, per-stock predicted-return signal. Stop-loss and take-profit inherited from improved 4.",2022-10-31,IT,Information Technology,1.0319762300420763,100000.0,0.1142666327439256,0.0,0.1142666327439256
improved_6_hzz_cross_sectional_trend_stop_take_top10,"Improved 6: replace the index-derived trend factor with a Han, Zhou, Zhu (2016) cross-sectional trend factor. Monthly OLS of next-month returns on 11 normalized MA ratios across the eligible cross-section, strict 12-month trailing-mean smoothing of past betas, per-stock predicted-return signal. Stop-loss and take-profit inherited from improved 4.",2022-11-30,COR,Health Care,1.8905023362841977,100000.0,-0.0308789987716938,0.0,-0.0308789987716938
improved_6_hzz_cross_sectional_trend_stop_take_top10,"Improved 6: replace the index-derived trend factor with a Han, Zhou, Zhu (2016) cross-sectional trend factor. Monthly OLS of next-month returns on 11 normalized MA ratios across the eligible cross-section, strict 12-month trailing-mean smoothing of past betas, per-stock predicted-return signal. Stop-loss and take-profit inherited from improved 4.",2022-11-30,CL,Consumer Staples,1.5273359656399301,100000.0,0.013115597274063,0.0,0.013115597274063
improved_6_hzz_cross_sectional_trend_stop_take_top10,"Improved 6: replace the index-derived trend factor with a Han, Zhou, Zhu (2016) cross-sectional trend factor. Monthly OLS of next-month returns on 11 normalized MA ratios across the eligible cross-section, strict 12-month trailing-mean smoothing of past betas, per-stock predicted-return signal. Stop-loss and take-profit inherited from improved 4.",2022-11-30,OXY,Energy,1.4172576988803194,100000.0,-0.05,0.0,-0.05
improved_6_hzz_cross_sectional_trend_stop_take_top10,"Improved 6: replace the index-derived trend factor with a Han, Zhou, Zhu (2016) cross-sectional trend factor. Monthly OLS of next-month returns on 11 normalized MA ratios across the eligible cross-section, strict 12-month trailing-mean smoothing of past betas, per-stock predicted-return signal. Stop-loss and take-profit inherited from improved 4.",2022-11-30,AON,Financials,1.3522148670277805,100000.0,-0.0318064516127146,0.0,-0.0318064516127146
improved_6_hzz_cross_sectional_trend_stop_take_top10,"Improved 6: replace the index-derived trend factor with a Han, Zhou, Zhu (2016) cross-sectional trend factor. Monthly OLS of next-month returns on 11 normalized MA ratios across the eligible cross-section, strict 12-month trailing-mean smoothing of past betas, per-stock predicted-return signal. Stop-loss and take-profit inherited from improved 4.",2022-11-30,MTD,Health Care,1.3093501790260609,100000.0,-0.05,0.0,-0.05
improved_6_hzz_cross_sectional_trend_stop_take_top10,"Improved 6: replace the index-derived trend factor with a Han, Zhou, Zhu (2016) cross-sectional trend factor. Monthly OLS of next-month returns on 11 normalized MA ratios across the eligible cross-section, strict 12-month trailing-mean smoothing of past betas, per-stock predicted-return signal. Stop-loss and take-profit inherited from improved 4.",2022-11-30,EQT,Energy,1.2815274854450946,100000.0,-0.05,0.0,-0.05
improved_6_hzz_cross_sectional_trend_stop_take_top10,"Improved 6: replace the index-derived trend factor with a Han, Zhou, Zhu (2016) cross-sectional trend factor. Monthly OLS of next-month returns on 11 normalized MA ratios across the eligible cross-section, strict 12-month trailing-mean smoothing of past betas, per-stock predicted-return signal. Stop-loss and take-profit inherited from improved 4.",2022-11-30,IT,Information Technology,1.221586824039167,100000.0,-0.05,0.0,-0.05
improved_6_hzz_cross_sectional_trend_stop_take_top10,"Improved 6: replace the index-derived trend factor with a Han, Zhou, Zhu (2016) cross-sectional trend factor. Monthly OLS of next-month returns on 11 normalized MA ratios across the eligible cross-section, strict 12-month trailing-mean smoothing of past betas, per-stock predicted-return signal. Stop-loss and take-profit inherited from improved 4.",2022-11-30,KMB,Consumer Staples,1.118617460315745,100000.0,0.0066281850557032,0.0,0.0066281850557032
improved_6_hzz_cross_sectional_trend_stop_take_top10,"Improved 6: replace the index-derived trend factor with a Han, Zhou, Zhu (2016) cross-sectional trend factor. Monthly OLS of next-month returns on 11 normalized MA ratios across the eligible cross-section, strict 12-month trailing-mean smoothing of past betas, per-stock predicted-return signal. Stop-loss and take-profit inherited from improved 4.",2022-11-30,CF,Materials,1.085127335798144,100000.0,-0.05,0.0,-0.05
improved_6_hzz_cross_sectional_trend_stop_take_top10,"Improved 6: replace the index-derived trend factor with a Han, Zhou, Zhu (2016) cross-sectional trend factor. Monthly OLS of next-month returns on 11 normalized MA ratios across the eligible cross-section, strict 12-month trailing-mean smoothing of past betas, per-stock predicted-return signal. Stop-loss and take-profit inherited from improved 4.",2022-11-30,AMGN,Health Care,1.0775963797789172,100000.0,-0.05,0.0,-0.05
improved_6_hzz_cross_sectional_trend_stop_take_top10,"Improved 6: replace the index-derived trend factor with a Han, Zhou, Zhu (2016) cross-sectional trend factor. Monthly OLS of next-month returns on 11 normalized MA ratios across the eligible cross-section, strict 12-month trailing-mean smoothing of past betas, per-stock predicted-return signal. Stop-loss and take-profit inherited from improved 4.",2022-12-31,COR,Health Care,1.7873259208776648,100000.0,0.0256161223744846,0.0,0.0256161223744846
improved_6_hzz_cross_sectional_trend_stop_take_top10,"Improved 6: replace the index-derived trend factor with a Han, Zhou, Zhu (2016) cross-sectional trend factor. Monthly OLS of next-month returns on 11 normalized MA ratios across the eligible cross-section, strict 12-month trailing-mean smoothing of past betas, per-stock predicted-return signal. Stop-loss and take-profit inherited from improved 4.",2022-12-31,CL,Consumer Staples,1.5577466474154433,100000.0,-0.05,0.0,-0.05
improved_6_hzz_cross_sectional_trend_stop_take_top10,"Improved 6: replace the index-derived trend factor with a Han, Zhou, Zhu (2016) cross-sectional trend factor. Monthly OLS of next-month returns on 11 normalized MA ratios across the eligible cross-section, strict 12-month trailing-mean smoothing of past betas, per-stock predicted-return signal. Stop-loss and take-profit inherited from improved 4.",2022-12-31,AON,Financials,1.4935451578523953,100000.0,0.0604218568343601,0.0,0.0604218568343601
improved_6_hzz_cross_sectional_trend_stop_take_top10,"Improved 6: replace the index-derived trend factor with a Han, Zhou, Zhu (2016) cross-sectional trend factor. Monthly OLS of next-month returns on 11 normalized MA ratios across the eligible cross-section, strict 12-month trailing-mean smoothing of past betas, per-stock predicted-return signal. Stop-loss and take-profit inherited from improved 4.",2022-12-31,OXY,Energy,1.3794313178770365,100000.0,0.0399678972715928,0.0,0.0399678972715928
improved_6_hzz_cross_sectional_trend_stop_take_top10,"Improved 6: replace the index-derived trend factor with a Han, Zhou, Zhu (2016) cross-sectional trend factor. Monthly OLS of next-month returns on 11 normalized MA ratios across the eligible cross-section, strict 12-month trailing-mean smoothing of past betas, per-stock predicted-return signal. Stop-loss and take-profit inherited from improved 4.",2022-12-31,AMGN,Health Care,1.2887160069669727,100000.0,-0.0324682792195406,0.0,-0.0324682792195406
improved_6_hzz_cross_sectional_trend_stop_take_top10,"Improved 6: replace the index-derived trend factor with a Han, Zhou, Zhu (2016) cross-sectional trend factor. Monthly OLS of next-month returns on 11 normalized MA ratios across the eligible cross-section, strict 12-month trailing-mean smoothing of past betas, per-stock predicted-return signal. Stop-loss and take-profit inherited from improved 4.",2022-12-31,IT,Information Technology,1.2755597918997807,100000.0,-0.05,0.0,-0.05
improved_6_hzz_cross_sectional_trend_stop_take_top10,"Improved 6: replace the index-derived trend factor with a Han, Zhou, Zhu (2016) cross-sectional trend factor. Monthly OLS of next-month returns on 11 normalized MA ratios across the eligible cross-section, strict 12-month trailing-mean smoothing of past betas, per-stock predicted-return signal. Stop-loss and take-profit inherited from improved 4.",2022-12-31,SMCI,Information Technology,1.2472830163354023,100000.0,-0.05,0.0,-0.05
improved_6_hzz_cross_sectional_trend_stop_take_top10,"Improved 6: replace the index-derived trend factor with a Han, Zhou, Zhu (2016) cross-sectional trend factor. Monthly OLS of next-month returns on 11 normalized MA ratios across the eligible cross-section, strict 12-month trailing-mean smoothing of past betas, per-stock predicted-return signal. Stop-loss and take-profit inherited from improved 4.",2022-12-31,MTD,Health Care,1.243927826705705,100000.0,0.0534157051656485,0.0,0.0534157051656485
improved_6_hzz_cross_sectional_trend_stop_take_top10,"Improved 6: replace the index-derived trend factor with a Han, Zhou, Zhu (2016) cross-sectional trend factor. Monthly OLS of next-month returns on 11 normalized MA ratios across the eligible cross-section, strict 12-month trailing-mean smoothing of past betas, per-stock predicted-return signal. Stop-loss and take-profit inherited from improved 4.",2022-12-31,KMB,Consumer Staples,1.2309468032527215,100000.0,-0.05,0.0,-0.05
improved_6_hzz_cross_sectional_trend_stop_take_top10,"Improved 6: replace the index-derived trend factor with a Han, Zhou, Zhu (2016) cross-sectional trend factor. Monthly OLS of next-month returns on 11 normalized MA ratios across the eligible cross-section, strict 12-month trailing-mean smoothing of past betas, per-stock predicted-return signal. Stop-loss and take-profit inherited from improved 4.",2022-12-31,LVS,Consumer Discretionary,1.228123647223872,100000.0,0.1969973625475585,0.0,0.1969973625475585
improved_6_hzz_cross_sectional_trend_stop_take_top10,"Improved 6: replace the index-derived trend factor with a Han, Zhou, Zhu (2016) cross-sectional trend factor. Monthly OLS of next-month returns on 11 normalized MA ratios across the eligible cross-section, strict 12-month trailing-mean smoothing of past betas, per-stock predicted-return signal. Stop-loss and take-profit inherited from improved 4.",2023-01-31,COR,Health Care,1.6446518163653268,100000.0,-0.05,0.0,-0.05
improved_6_hzz_cross_sectional_trend_stop_take_top10,"Improved 6: replace the index-derived trend factor with a Han, Zhou, Zhu (2016) cross-sectional trend factor. Monthly OLS of next-month returns on 11 normalized MA ratios across the eligible cross-section, strict 12-month trailing-mean smoothing of past betas, per-stock predicted-return signal. Stop-loss and take-profit inherited from improved 4.",2023-01-31,SMCI,Information Technology,1.5132954675904515,100000.0,0.3,0.0,0.3
improved_6_hzz_cross_sectional_trend_stop_take_top10,"Improved 6: replace the index-derived trend factor with a Han, Zhou, Zhu (2016) cross-sectional trend factor. Monthly OLS of next-month returns on 11 normalized MA ratios across the eligible cross-section, strict 12-month trailing-mean smoothing of past betas, per-stock predicted-return signal. Stop-loss and take-profit inherited from improved 4.",2023-01-31,CL,Consumer Staples,1.436680700382393,100000.0,-0.0151820502486392,0.0,-0.0151820502486392
improved_6_hzz_cross_sectional_trend_stop_take_top10,"Improved 6: replace the index-derived trend factor with a Han, Zhou, Zhu (2016) cross-sectional trend factor. Monthly OLS of next-month returns on 11 normalized MA ratios across the eligible cross-section, strict 12-month trailing-mean smoothing of past betas, per-stock predicted-return signal. Stop-loss and take-profit inherited from improved 4.",2023-01-31,IT,Information Technology,1.3564080832790653,100000.0,-0.05,0.0,-0.05
improved_6_hzz_cross_sectional_trend_stop_take_top10,"Improved 6: replace the index-derived trend factor with a Han, Zhou, Zhu (2016) cross-sectional trend factor. Monthly OLS of next-month returns on 11 normalized MA ratios across the eligible cross-section, strict 12-month trailing-mean smoothing of past betas, per-stock predicted-return signal. Stop-loss and take-profit inherited from improved 4.",2023-01-31,KMB,Consumer Staples,1.2571490756585872,100000.0,-0.0330188679250244,0.0,-0.0330188679250244
improved_6_hzz_cross_sectional_trend_stop_take_top10,"Improved 6: replace the index-derived trend factor with a Han, Zhou, Zhu (2016) cross-sectional trend factor. Monthly OLS of next-month returns on 11 normalized MA ratios across the eligible cross-section, strict 12-month trailing-mean smoothing of past betas, per-stock predicted-return signal. Stop-loss and take-profit inherited from improved 4.",2023-01-31,TPL,Energy,1.2181800913228114,100000.0,-0.05,0.0,-0.05
improved_6_hzz_cross_sectional_trend_stop_take_top10,"Improved 6: replace the index-derived trend factor with a Han, Zhou, Zhu (2016) cross-sectional trend factor. Monthly OLS of next-month returns on 11 normalized MA ratios across the eligible cross-section, strict 12-month trailing-mean smoothing of past betas, per-stock predicted-return signal. Stop-loss and take-profit inherited from improved 4.",2023-01-31,AON,Financials,1.1462308909646977,100000.0,-0.038880986249336,0.0,-0.038880986249336
improved_6_hzz_cross_sectional_trend_stop_take_top10,"Improved 6: replace the index-derived trend factor with a Han, Zhou, Zhu (2016) cross-sectional trend factor. Monthly OLS of next-month returns on 11 normalized MA ratios across the eligible cross-section, strict 12-month trailing-mean smoothing of past betas, per-stock predicted-return signal. Stop-loss and take-profit inherited from improved 4.",2023-01-31,OXY,Energy,1.1447240307949842,100000.0,-0.05,0.0,-0.05
improved_6_hzz_cross_sectional_trend_stop_take_top10,"Improved 6: replace the index-derived trend factor with a Han, Zhou, Zhu (2016) cross-sectional trend factor. Monthly OLS of next-month returns on 11 normalized MA ratios across the eligible cross-section, strict 12-month trailing-mean smoothing of past betas, per-stock predicted-return signal. Stop-loss and take-profit inherited from improved 4.",2023-01-31,AMGN,Health Care,1.1002132437328895,100000.0,-0.05,0.0,-0.05
improved_6_hzz_cross_sectional_trend_stop_take_top10,"Improved 6: replace the index-derived trend factor with a Han, Zhou, Zhu (2016) cross-sectional trend factor. Monthly OLS of next-month returns on 11 normalized MA ratios across the eligible cross-section, strict 12-month trailing-mean smoothing of past betas, per-stock predicted-return signal. Stop-loss and take-profit inherited from improved 4.",2023-01-31,STLD,Materials,1.0962344655761864,100000.0,0.0453415119370856,0.0,0.0453415119370856
improved_6_hzz_cross_sectional_trend_stop_take_top10,"Improved 6: replace the index-derived trend factor with a Han, Zhou, Zhu (2016) cross-sectional trend factor. Monthly OLS of next-month returns on 11 normalized MA ratios across the eligible cross-section, strict 12-month trailing-mean smoothing of past betas, per-stock predicted-return signal. Stop-loss and take-profit inherited from improved 4.",2023-02-28,APA,Energy,2.2021652667718987,100000.0,-0.05,0.0,-0.05
improved_6_hzz_cross_sectional_trend_stop_take_top10,"Improved 6: replace the index-derived trend factor with a Han, Zhou, Zhu (2016) cross-sectional trend factor. Monthly OLS of next-month returns on 11 normalized MA ratios across the eligible cross-section, strict 12-month trailing-mean smoothing of past betas, per-stock predicted-return signal. Stop-loss and take-profit inherited from improved 4.",2023-02-28,IT,Information Technology,1.7321526556597207,100000.0,-0.05,0.0,-0.05
improved_6_hzz_cross_sectional_trend_stop_take_top10,"Improved 6: replace the index-derived trend factor with a Han, Zhou, Zhu (2016) cross-sectional trend factor. Monthly OLS of next-month returns on 11 normalized MA ratios across the eligible cross-section, strict 12-month trailing-mean smoothing of past betas, per-stock predicted-return signal. Stop-loss and take-profit inherited from improved 4.",2023-02-28,AON,Financials,1.7223392470707528,100000.0,-0.05,0.0,-0.05
improved_6_hzz_cross_sectional_trend_stop_take_top10,"Improved 6: replace the index-derived trend factor with a Han, Zhou, Zhu (2016) cross-sectional trend factor. Monthly OLS of next-month returns on 11 normalized MA ratios across the eligible cross-section, strict 12-month trailing-mean smoothing of past betas, per-stock predicted-return signal. Stop-loss and take-profit inherited from improved 4.",2023-02-28,MTD,Health Care,1.689239316073983,100000.0,0.0745856741573034,0.0,0.0745856741573034
improved_6_hzz_cross_sectional_trend_stop_take_top10,"Improved 6: replace the index-derived trend factor with a Han, Zhou, Zhu (2016) cross-sectional trend factor. Monthly OLS of next-month returns on 11 normalized MA ratios across the eligible cross-section, strict 12-month trailing-mean smoothing of past betas, per-stock predicted-return signal. Stop-loss and take-profit inherited from improved 4.",2023-02-28,COR,Health Care,1.6026216174572772,100000.0,0.0325014509576015,0.0,0.0325014509576015
improved_6_hzz_cross_sectional_trend_stop_take_top10,"Improved 6: replace the index-derived trend factor with a Han, Zhou, Zhu (2016) cross-sectional trend factor. Monthly OLS of next-month returns on 11 normalized MA ratios across the eligible cross-section, strict 12-month trailing-mean smoothing of past betas, per-stock predicted-return signal. Stop-loss and take-profit inherited from improved 4.",2023-02-28,CL,Consumer Staples,1.4627987008288448,100000.0,0.024539877299945,0.0,0.024539877299945
improved_6_hzz_cross_sectional_trend_stop_take_top10,"Improved 6: replace the index-derived trend factor with a Han, Zhou, Zhu (2016) cross-sectional trend factor. Monthly OLS of next-month returns on 11 normalized MA ratios across the eligible cross-section, strict 12-month trailing-mean smoothing of past betas, per-stock predicted-return signal. Stop-loss and take-profit inherited from improved 4.",2023-02-28,TPL,Energy,1.4344891022218125,100000.0,-0.05,0.0,-0.05
improved_6_hzz_cross_sectional_trend_stop_take_top10,"Improved 6: replace the index-derived trend factor with a Han, Zhou, Zhu (2016) cross-sectional trend factor. Monthly OLS of next-month returns on 11 normalized MA ratios across the eligible cross-section, strict 12-month trailing-mean smoothing of past betas, per-stock predicted-return signal. Stop-loss and take-profit inherited from improved 4.",2023-02-28,STLD,Materials,1.1037172472386063,100000.0,-0.05,0.0,-0.05
improved_6_hzz_cross_sectional_trend_stop_take_top10,"Improved 6: replace the index-derived trend factor with a Han, Zhou, Zhu (2016) cross-sectional trend factor. Monthly OLS of next-month returns on 11 normalized MA ratios across the eligible cross-section, strict 12-month trailing-mean smoothing of past betas, per-stock predicted-return signal. Stop-loss and take-profit inherited from improved 4.",2023-02-28,LVS,Consumer Discretionary,1.0695101752155896,100000.0,-0.05,0.0,-0.05
improved_6_hzz_cross_sectional_trend_stop_take_top10,"Improved 6: replace the index-derived trend factor with a Han, Zhou, Zhu (2016) cross-sectional trend factor. Monthly OLS of next-month returns on 11 normalized MA ratios across the eligible cross-section, strict 12-month trailing-mean smoothing of past betas, per-stock predicted-return signal. Stop-loss and take-profit inherited from improved 4.",2023-02-28,UAL,Industrials,1.0583933525234062,100000.0,-0.05,0.0,-0.05
improved_6_hzz_cross_sectional_trend_stop_take_top10,"Improved 6: replace the index-derived trend factor with a Han, Zhou, Zhu (2016) cross-sectional trend factor. Monthly OLS of next-month returns on 11 normalized MA ratios across the eligible cross-section, strict 12-month trailing-mean smoothing of past betas, per-stock predicted-return signal. Stop-loss and take-profit inherited from improved 4.",2023-03-31,IT,Information Technology,2.2098855326527715,100000.0,-0.05,0.0,-0.05
improved_6_hzz_cross_sectional_trend_stop_take_top10,"Improved 6: replace the index-derived trend factor with a Han, Zhou, Zhu (2016) cross-sectional trend factor. Monthly OLS of next-month returns on 11 normalized MA ratios across the eligible cross-section, strict 12-month trailing-mean smoothing of past betas, per-stock predicted-return signal. Stop-loss and take-profit inherited from improved 4.",2023-03-31,HD,Consumer Discretionary,2.1478881902049527,100000.0,0.0192288126974122,0.0,0.0192288126974122
improved_6_hzz_cross_sectional_trend_stop_take_top10,"Improved 6: replace the index-derived trend factor with a Han, Zhou, Zhu (2016) cross-sectional trend factor. Monthly OLS of next-month returns on 11 normalized MA ratios across the eligible cross-section, strict 12-month trailing-mean smoothing of past betas, per-stock predicted-return signal. Stop-loss and take-profit inherited from improved 4.",2023-03-31,MTD,Health Care,2.1478316010894,100000.0,-0.05,0.0,-0.05
improved_6_hzz_cross_sectional_trend_stop_take_top10,"Improved 6: replace the index-derived trend factor with a Han, Zhou, Zhu (2016) cross-sectional trend factor. Monthly OLS of next-month returns on 11 normalized MA ratios across the eligible cross-section, strict 12-month trailing-mean smoothing of past betas, per-stock predicted-return signal. Stop-loss and take-profit inherited from improved 4.",2023-03-31,COR,Health Care,1.899612974907087,100000.0,0.036335403726639,0.0,0.036335403726639
improved_6_hzz_cross_sectional_trend_stop_take_top10,"Improved 6: replace the index-derived trend factor with a Han, Zhou, Zhu (2016) cross-sectional trend factor. Monthly OLS of next-month returns on 11 normalized MA ratios across the eligible cross-section, strict 12-month trailing-mean smoothing of past betas, per-stock predicted-return signal. Stop-loss and take-profit inherited from improved 4.",2023-03-31,AON,Financials,1.8288817297591908,100000.0,0.0357824124120718,0.0,0.0357824124120718
improved_6_hzz_cross_sectional_trend_stop_take_top10,"Improved 6: replace the index-derived trend factor with a Han, Zhou, Zhu (2016) cross-sectional trend factor. Monthly OLS of next-month returns on 11 normalized MA ratios across the eligible cross-section, strict 12-month trailing-mean smoothing of past betas, per-stock predicted-return signal. Stop-loss and take-profit inherited from improved 4.",2023-03-31,APA,Energy,1.8285787619644431,100000.0,-0.05,0.0,-0.05
improved_6_hzz_cross_sectional_trend_stop_take_top10,"Improved 6: replace the index-derived trend factor with a Han, Zhou, Zhu (2016) cross-sectional trend factor. Monthly OLS of next-month returns on 11 normalized MA ratios across the eligible cross-section, strict 12-month trailing-mean smoothing of past betas, per-stock predicted-return signal. Stop-loss and take-profit inherited from improved 4.",2023-03-31,STLD,Materials,0.9854556181807592,100000.0,-0.05,0.0,-0.05
improved_6_hzz_cross_sectional_trend_stop_take_top10,"Improved 6: replace the index-derived trend factor with a Han, Zhou, Zhu (2016) cross-sectional trend factor. Monthly OLS of next-month returns on 11 normalized MA ratios across the eligible cross-section, strict 12-month trailing-mean smoothing of past betas, per-stock predicted-return signal. Stop-loss and take-profit inherited from improved 4.",2023-03-31,UAL,Industrials,0.9009756715647794,100000.0,-0.05,0.0,-0.05
improved_6_hzz_cross_sectional_trend_stop_take_top10,"Improved 6: replace the index-derived trend factor with a Han, Zhou, Zhu (2016) cross-sectional trend factor. Monthly OLS of next-month returns on 11 normalized MA ratios across the eligible cross-section, strict 12-month trailing-mean smoothing of past betas, per-stock predicted-return signal. Stop-loss and take-profit inherited from improved 4.",2023-03-31,URI,Industrials,0.8178906308671812,100000.0,-0.05,0.0,-0.05
improved_6_hzz_cross_sectional_trend_stop_take_top10,"Improved 6: replace the index-derived trend factor with a Han, Zhou, Zhu (2016) cross-sectional trend factor. Monthly OLS of next-month returns on 11 normalized MA ratios across the eligible cross-section, strict 12-month trailing-mean smoothing of past betas, per-stock predicted-return signal. Stop-loss and take-profit inherited from improved 4.",2023-03-31,MPC,Energy,0.7896925559232478,100000.0,-0.05,0.0,-0.05
improved_6_hzz_cross_sectional_trend_stop_take_top10,"Improved 6: replace the index-derived trend factor with a Han, Zhou, Zhu (2016) cross-sectional trend factor. Monthly OLS of next-month returns on 11 normalized MA ratios across the eligible cross-section, strict 12-month trailing-mean smoothing of past betas, per-stock predicted-return signal. Stop-loss and take-profit inherited from improved 4.",2023-04-30,APA,Energy,1.9169416462232596,100000.0,-0.05,0.0,-0.05
improved_6_hzz_cross_sectional_trend_stop_take_top10,"Improved 6: replace the index-derived trend factor with a Han, Zhou, Zhu (2016) cross-sectional trend factor. Monthly OLS of next-month returns on 11 normalized MA ratios across the eligible cross-section, strict 12-month trailing-mean smoothing of past betas, per-stock predicted-return signal. Stop-loss and take-profit inherited from improved 4.",2023-04-30,MTD,Health Care,1.8830080198447312,100000.0,-0.05,0.0,-0.05
improved_6_hzz_cross_sectional_trend_stop_take_top10,"Improved 6: replace the index-derived trend factor with a Han, Zhou, Zhu (2016) cross-sectional trend factor. Monthly OLS of next-month returns on 11 normalized MA ratios across the eligible cross-section, strict 12-month trailing-mean smoothing of past betas, per-stock predicted-return signal. Stop-loss and take-profit inherited from improved 4.",2023-04-30,HD,Consumer Discretionary,1.8342378736662757,100000.0,-0.05,0.0,-0.05
improved_6_hzz_cross_sectional_trend_stop_take_top10,"Improved 6: replace the index-derived trend factor with a Han, Zhou, Zhu (2016) cross-sectional trend factor. Monthly OLS of next-month returns on 11 normalized MA ratios across the eligible cross-section, strict 12-month trailing-mean smoothing of past betas, per-stock predicted-return signal. Stop-loss and take-profit inherited from improved 4.",2023-04-30,IT,Information Technology,1.7886210099480855,100000.0,0.1375580623755807,0.0,0.1375580623755807
improved_6_hzz_cross_sectional_trend_stop_take_top10,"Improved 6: replace the index-derived trend factor with a Han, Zhou, Zhu (2016) cross-sectional trend factor. Monthly OLS of next-month returns on 11 normalized MA ratios across the eligible cross-section, strict 12-month trailing-mean smoothing of past betas, per-stock predicted-return signal. Stop-loss and take-profit inherited from improved 4.",2023-04-30,COR,Health Care,1.6713992221896576,100000.0,0.0206445185927111,0.0,0.0206445185927111
improved_6_hzz_cross_sectional_trend_stop_take_top10,"Improved 6: replace the index-derived trend factor with a Han, Zhou, Zhu (2016) cross-sectional trend factor. Monthly OLS of next-month returns on 11 normalized MA ratios across the eligible cross-section, strict 12-month trailing-mean smoothing of past betas, per-stock predicted-return signal. Stop-loss and take-profit inherited from improved 4.",2023-04-30,CL,Consumer Staples,1.6649394034059655,100000.0,-0.05,0.0,-0.05
improved_6_hzz_cross_sectional_trend_stop_take_top10,"Improved 6: replace the index-derived trend factor with a Han, Zhou, Zhu (2016) cross-sectional trend factor. Monthly OLS of next-month returns on 11 normalized MA ratios across the eligible cross-section, strict 12-month trailing-mean smoothing of past betas, per-stock predicted-return signal. Stop-loss and take-profit inherited from improved 4.",2023-04-30,TPL,Energy,1.0831858590484365,100000.0,-0.05,0.0,-0.05
improved_6_hzz_cross_sectional_trend_stop_take_top10,"Improved 6: replace the index-derived trend factor with a Han, Zhou, Zhu (2016) cross-sectional trend factor. Monthly OLS of next-month returns on 11 normalized MA ratios across the eligible cross-section, strict 12-month trailing-mean smoothing of past betas, per-stock predicted-return signal. Stop-loss and take-profit inherited from improved 4.",2023-04-30,GE,Industrials,0.9323118681298066,100000.0,0.0205045733237376,0.0,0.0205045733237376
improved_6_hzz_cross_sectional_trend_stop_take_top10,"Improved 6: replace the index-derived trend factor with a Han, Zhou, Zhu (2016) cross-sectional trend factor. Monthly OLS of next-month returns on 11 normalized MA ratios across the eligible cross-section, strict 12-month trailing-mean smoothing of past betas, per-stock predicted-return signal. Stop-loss and take-profit inherited from improved 4.",2023-04-30,MRNA,Health Care,0.8965666383884752,100000.0,-0.05,0.0,-0.05
improved_6_hzz_cross_sectional_trend_stop_take_top10,"Improved 6: replace the index-derived trend factor with a Han, Zhou, Zhu (2016) cross-sectional trend factor. Monthly OLS of next-month returns on 11 normalized MA ratios across the eligible cross-section, strict 12-month trailing-mean smoothing of past betas, per-stock predicted-return signal. Stop-loss and take-profit inherited from improved 4.",2023-04-30,NFLX,Communication Services,0.8953307460205698,100000.0,0.1997207339839422,0.0,0.1997207339839422
improved_6_hzz_cross_sectional_trend_stop_take_top10,"Improved 6: replace the index-derived trend factor with a Han, Zhou, Zhu (2016) cross-sectional trend factor. Monthly OLS of next-month returns on 11 normalized MA ratios across the eligible cross-section, strict 12-month trailing-mean smoothing of past betas, per-stock predicted-return signal. Stop-loss and take-profit inherited from improved 4.",2023-05-31,COR,Health Care,1.8137873258020263,100000.0,0.1281585272907122,0.0,0.1281585272907122
improved_6_hzz_cross_sectional_trend_stop_take_top10,"Improved 6: replace the index-derived trend factor with a Han, Zhou, Zhu (2016) cross-sectional trend factor. Monthly OLS of next-month returns on 11 normalized MA ratios across the eligible cross-section, strict 12-month trailing-mean smoothing of past betas, per-stock predicted-return signal. Stop-loss and take-profit inherited from improved 4.",2023-05-31,CL,Consumer Staples,1.6930607928840566,100000.0,0.028434120944885,0.0,0.028434120944885
improved_6_hzz_cross_sectional_trend_stop_take_top10,"Improved 6: replace the index-derived trend factor with a Han, Zhou, Zhu (2016) cross-sectional trend factor. Monthly OLS of next-month returns on 11 normalized MA ratios across the eligible cross-section, strict 12-month trailing-mean smoothing of past betas, per-stock predicted-return signal. Stop-loss and take-profit inherited from improved 4.",2023-05-31,KMB,Consumer Staples,1.60216756108597,100000.0,0.0319298662608762,0.0,0.0319298662608762
improved_6_hzz_cross_sectional_trend_stop_take_top10,"Improved 6: replace the index-derived trend factor with a Han, Zhou, Zhu (2016) cross-sectional trend factor. Monthly OLS of next-month returns on 11 normalized MA ratios across the eligible cross-section, strict 12-month trailing-mean smoothing of past betas, per-stock predicted-return signal. Stop-loss and take-profit inherited from improved 4.",2023-05-31,IT,Information Technology,1.5261869850477154,100000.0,0.0305963343237916,0.0,0.0305963343237916
improved_6_hzz_cross_sectional_trend_stop_take_top10,"Improved 6: replace the index-derived trend factor with a Han, Zhou, Zhu (2016) cross-sectional trend factor. Monthly OLS of next-month returns on 11 normalized MA ratios across the eligible cross-section, strict 12-month trailing-mean smoothing of past betas, per-stock predicted-return signal. Stop-loss and take-profit inherited from improved 4.",2023-05-31,HD,Consumer Discretionary,1.37114760380447,100000.0,0.0936102798799607,0.0,0.0936102798799607
improved_6_hzz_cross_sectional_trend_stop_take_top10,"Improved 6: replace the index-derived trend factor with a Han, Zhou, Zhu (2016) cross-sectional trend factor. Monthly OLS of next-month returns on 11 normalized MA ratios across the eligible cross-section, strict 12-month trailing-mean smoothing of past betas, per-stock predicted-return signal. Stop-loss and take-profit inherited from improved 4.",2023-05-31,MAR,Consumer Discretionary,1.2113422722445193,100000.0,0.0947613087786494,0.0,0.0947613087786494
improved_6_hzz_cross_sectional_trend_stop_take_top10,"Improved 6: replace the index-derived trend factor with a Han, Zhou, Zhu (2016) cross-sectional trend factor. Monthly OLS of next-month returns on 11 normalized MA ratios across the eligible cross-section, strict 12-month trailing-mean smoothing of past betas, per-stock predicted-return signal. Stop-loss and take-profit inherited from improved 4.",2023-05-31,BLDR,Industrials,1.1198507758529659,100000.0,0.1759619541720709,0.0,0.1759619541720709
improved_6_hzz_cross_sectional_trend_stop_take_top10,"Improved 6: replace the index-derived trend factor with a Han, Zhou, Zhu (2016) cross-sectional trend factor. Monthly OLS of next-month returns on 11 normalized MA ratios across the eligible cross-section, strict 12-month trailing-mean smoothing of past betas, per-stock predicted-return signal. Stop-loss and take-profit inherited from improved 4.",2023-05-31,DECK,Consumer Discretionary,1.0950679884015881,100000.0,0.1179474141397063,0.0,0.1179474141397063
improved_6_hzz_cross_sectional_trend_stop_take_top10,"Improved 6: replace the index-derived trend factor with a Han, Zhou, Zhu (2016) cross-sectional trend factor. Monthly OLS of next-month returns on 11 normalized MA ratios across the eligible cross-section, strict 12-month trailing-mean smoothing of past betas, per-stock predicted-return signal. Stop-loss and take-profit inherited from improved 4.",2023-05-31,APA,Energy,1.0237489202577013,100000.0,0.0658140985670734,0.0,0.0658140985670734
improved_6_hzz_cross_sectional_trend_stop_take_top10,"Improved 6: replace the index-derived trend factor with a Han, Zhou, Zhu (2016) cross-sectional trend factor. Monthly OLS of next-month returns on 11 normalized MA ratios across the eligible cross-section, strict 12-month trailing-mean smoothing of past betas, per-stock predicted-return signal. Stop-loss and take-profit inherited from improved 4.",2023-05-31,AXON,Industrials,0.932606370226851,100000.0,0.0184247612088312,0.0,0.0184247612088312
improved_6_hzz_cross_sectional_trend_stop_take_top10,"Improved 6: replace the index-derived trend factor with a Han, Zhou, Zhu (2016) cross-sectional trend factor. Monthly OLS of next-month returns on 11 normalized MA ratios across the eligible cross-section, strict 12-month trailing-mean smoothing of past betas, per-stock predicted-return signal. Stop-loss and take-profit inherited from improved 4.",2023-06-30,IT,Information Technology,1.9285290141152822,100000.0,0.0159756342844008,0.0,0.0159756342844008
improved_6_hzz_cross_sectional_trend_stop_take_top10,"Improved 6: replace the index-derived trend factor with a Han, Zhou, Zhu (2016) cross-sectional trend factor. Monthly OLS of next-month returns on 11 normalized MA ratios across the eligible cross-section, strict 12-month trailing-mean smoothing of past betas, per-stock predicted-return signal. Stop-loss and take-profit inherited from improved 4.",2023-06-30,SMCI,Information Technology,1.7217683299470443,100000.0,0.3,0.0,0.3
improved_6_hzz_cross_sectional_trend_stop_take_top10,"Improved 6: replace the index-derived trend factor with a Han, Zhou, Zhu (2016) cross-sectional trend factor. Monthly OLS of next-month returns on 11 normalized MA ratios across the eligible cross-section, strict 12-month trailing-mean smoothing of past betas, per-stock predicted-return signal. Stop-loss and take-profit inherited from improved 4.",2023-06-30,MAR,Consumer Discretionary,1.6270368701676245,100000.0,0.1003216836596978,0.0,0.1003216836596978
improved_6_hzz_cross_sectional_trend_stop_take_top10,"Improved 6: replace the index-derived trend factor with a Han, Zhou, Zhu (2016) cross-sectional trend factor. Monthly OLS of next-month returns on 11 normalized MA ratios across the eligible cross-section, strict 12-month trailing-mean smoothing of past betas, per-stock predicted-return signal. Stop-loss and take-profit inherited from improved 4.",2023-06-30,COR,Health Care,1.5826594387451747,100000.0,-0.0226939970720542,0.0,-0.0226939970720542
improved_6_hzz_cross_sectional_trend_stop_take_top10,"Improved 6: replace the index-derived trend factor with a Han, Zhou, Zhu (2016) cross-sectional trend factor. Monthly OLS of next-month returns on 11 normalized MA ratios across the eligible cross-section, strict 12-month trailing-mean smoothing of past betas, per-stock predicted-return signal. Stop-loss and take-profit inherited from improved 4.",2023-06-30,BLDR,Industrials,1.5642111681871507,100000.0,0.0619072127049482,0.0,0.0619072127049482
improved_6_hzz_cross_sectional_trend_stop_take_top10,"Improved 6: replace the index-derived trend factor with a Han, Zhou, Zhu (2016) cross-sectional trend factor. Monthly OLS of next-month returns on 11 normalized MA ratios across the eligible cross-section, strict 12-month trailing-mean smoothing of past betas, per-stock predicted-return signal. Stop-loss and take-profit inherited from improved 4.",2023-06-30,APA,Energy,1.4710382546235048,100000.0,0.1872004674131144,0.0,0.1872004674131144
improved_6_hzz_cross_sectional_trend_stop_take_top10,"Improved 6: replace the index-derived trend factor with a Han, Zhou, Zhu (2016) cross-sectional trend factor. Monthly OLS of next-month returns on 11 normalized MA ratios across the eligible cross-section, strict 12-month trailing-mean smoothing of past betas, per-stock predicted-return signal. Stop-loss and take-profit inherited from improved 4.",2023-06-30,HD,Consumer Discretionary,1.341598017327048,100000.0,0.0776680224677055,0.0,0.0776680224677055
improved_6_hzz_cross_sectional_trend_stop_take_top10,"Improved 6: replace the index-derived trend factor with a Han, Zhou, Zhu (2016) cross-sectional trend factor. Monthly OLS of next-month returns on 11 normalized MA ratios across the eligible cross-section, strict 12-month trailing-mean smoothing of past betas, per-stock predicted-return signal. Stop-loss and take-profit inherited from improved 4.",2023-06-30,GE,Industrials,1.3085689496525392,100000.0,0.0482549536385978,0.0,0.0482549536385978
improved_6_hzz_cross_sectional_trend_stop_take_top10,"Improved 6: replace the index-derived trend factor with a Han, Zhou, Zhu (2016) cross-sectional trend factor. Monthly OLS of next-month returns on 11 normalized MA ratios across the eligible cross-section, strict 12-month trailing-mean smoothing of past betas, per-stock predicted-return signal. Stop-loss and take-profit inherited from improved 4.",2023-06-30,KLAC,Information Technology,1.235573101836891,100000.0,-0.05,0.0,-0.05
improved_6_hzz_cross_sectional_trend_stop_take_top10,"Improved 6: replace the index-derived trend factor with a Han, Zhou, Zhu (2016) cross-sectional trend factor. Monthly OLS of next-month returns on 11 normalized MA ratios across the eligible cross-section, strict 12-month trailing-mean smoothing of past betas, per-stock predicted-return signal. Stop-loss and take-profit inherited from improved 4.",2023-06-30,CL,Consumer Staples,1.1337039622053362,100000.0,0.0011139858179949,0.0,0.0011139858179949
improved_6_hzz_cross_sectional_trend_stop_take_top10,"Improved 6: replace the index-derived trend factor with a Han, Zhou, Zhu (2016) cross-sectional trend factor. Monthly OLS of next-month returns on 11 normalized MA ratios across the eligible cross-section, strict 12-month trailing-mean smoothing of past betas, per-stock predicted-return signal. Stop-loss and take-profit inherited from improved 4.",2023-07-31,COR,Health Care,1.505936391734688,100000.0,-0.05,0.0,-0.05
improved_6_hzz_cross_sectional_trend_stop_take_top10,"Improved 6: replace the index-derived trend factor with a Han, Zhou, Zhu (2016) cross-sectional trend factor. Monthly OLS of next-month returns on 11 normalized MA ratios across the eligible cross-section, strict 12-month trailing-mean smoothing of past betas, per-stock predicted-return signal. Stop-loss and take-profit inherited from improved 4.",2023-07-31,MAR,Consumer Discretionary,1.4514437680862893,100000.0,0.0224130310246106,0.0,0.0224130310246106
improved_6_hzz_cross_sectional_trend_stop_take_top10,"Improved 6: replace the index-derived trend factor with a Han, Zhou, Zhu (2016) cross-sectional trend factor. Monthly OLS of next-month returns on 11 normalized MA ratios across the eligible cross-section, strict 12-month trailing-mean smoothing of past betas, per-stock predicted-return signal. Stop-loss and take-profit inherited from improved 4.",2023-07-31,IT,Information Technology,1.385135016575576,100000.0,0.0251539138082672,0.0,0.0251539138082672
improved_6_hzz_cross_sectional_trend_stop_take_top10,"Improved 6: replace the index-derived trend factor with a Han, Zhou, Zhu (2016) cross-sectional trend factor. Monthly OLS of next-month returns on 11 normalized MA ratios across the eligible cross-section, strict 12-month trailing-mean smoothing of past betas, per-stock predicted-return signal. Stop-loss and take-profit inherited from improved 4.",2023-07-31,BLDR,Industrials,1.3458700035897502,100000.0,-0.05,0.0,-0.05
improved_6_hzz_cross_sectional_trend_stop_take_top10,"Improved 6: replace the index-derived trend factor with a Han, Zhou, Zhu (2016) cross-sectional trend factor. Monthly OLS of next-month returns on 11 normalized MA ratios across the eligible cross-section, strict 12-month trailing-mean smoothing of past betas, per-stock predicted-return signal. Stop-loss and take-profit inherited from improved 4.",2023-07-31,META,Communication Services,1.3002314405041582,100000.0,-0.05,0.0,-0.05
improved_6_hzz_cross_sectional_trend_stop_take_top10,"Improved 6: replace the index-derived trend factor with a Han, Zhou, Zhu (2016) cross-sectional trend factor. Monthly OLS of next-month returns on 11 normalized MA ratios across the eligible cross-section, strict 12-month trailing-mean smoothing of past betas, per-stock predicted-return signal. Stop-loss and take-profit inherited from improved 4.",2023-07-31,DAL,Industrials,1.2661378004840471,100000.0,-0.05,0.0,-0.05
improved_6_hzz_cross_sectional_trend_stop_take_top10,"Improved 6: replace the index-derived trend factor with a Han, Zhou, Zhu (2016) cross-sectional trend factor. Monthly OLS of next-month returns on 11 normalized MA ratios across the eligible cross-section, strict 12-month trailing-mean smoothing of past betas, per-stock predicted-return signal. Stop-loss and take-profit inherited from improved 4.",2023-07-31,VRT,Industrials,1.2294640257688345,100000.0,0.3,0.0,0.3
improved_6_hzz_cross_sectional_trend_stop_take_top10,"Improved 6: replace the index-derived trend factor with a Han, Zhou, Zhu (2016) cross-sectional trend factor. Monthly OLS of next-month returns on 11 normalized MA ratios across the eligible cross-section, strict 12-month trailing-mean smoothing of past betas, per-stock predicted-return signal. Stop-loss and take-profit inherited from improved 4.",2023-07-31,HD,Consumer Discretionary,1.2007782903175572,100000.0,0.001892675374969,0.0,0.001892675374969
improved_6_hzz_cross_sectional_trend_stop_take_top10,"Improved 6: replace the index-derived trend factor with a Han, Zhou, Zhu (2016) cross-sectional trend factor. Monthly OLS of next-month returns on 11 normalized MA ratios across the eligible cross-section, strict 12-month trailing-mean smoothing of past betas, per-stock predicted-return signal. Stop-loss and take-profit inherited from improved 4.",2023-07-31,KLAC,Information Technology,1.1686279942475575,100000.0,-0.05,0.0,-0.05
improved_6_hzz_cross_sectional_trend_stop_take_top10,"Improved 6: replace the index-derived trend factor with a Han, Zhou, Zhu (2016) cross-sectional trend factor. Monthly OLS of next-month returns on 11 normalized MA ratios across the eligible cross-section, strict 12-month trailing-mean smoothing of past betas, per-stock predicted-return signal. Stop-loss and take-profit inherited from improved 4.",2023-07-31,UAL,Industrials,1.1188181694214339,100000.0,-0.05,0.0,-0.05
improved_6_hzz_cross_sectional_trend_stop_take_top10,"Improved 6: replace the index-derived trend factor with a Han, Zhou, Zhu (2016) cross-sectional trend factor. Monthly OLS of next-month returns on 11 normalized MA ratios across the eligible cross-section, strict 12-month trailing-mean smoothing of past betas, per-stock predicted-return signal. Stop-loss and take-profit inherited from improved 4.",2023-08-31,BLDR,Industrials,1.885594049722691,100000.0,-0.05,0.0,-0.05
improved_6_hzz_cross_sectional_trend_stop_take_top10,"Improved 6: replace the index-derived trend factor with a Han, Zhou, Zhu (2016) cross-sectional trend factor. Monthly OLS of next-month returns on 11 normalized MA ratios across the eligible cross-section, strict 12-month trailing-mean smoothing of past betas, per-stock predicted-return signal. Stop-loss and take-profit inherited from improved 4.",2023-08-31,SMCI,Information Technology,1.798000189269374,100000.0,-0.05,0.0,-0.05
improved_6_hzz_cross_sectional_trend_stop_take_top10,"Improved 6: replace the index-derived trend factor with a Han, Zhou, Zhu (2016) cross-sectional trend factor. Monthly OLS of next-month returns on 11 normalized MA ratios across the eligible cross-section, strict 12-month trailing-mean smoothing of past betas, per-stock predicted-return signal. Stop-loss and take-profit inherited from improved 4.",2023-08-31,BKNG,Consumer Discretionary,1.7587005106294882,100000.0,-0.0164313484107977,0.0,-0.0164313484107977
improved_6_hzz_cross_sectional_trend_stop_take_top10,"Improved 6: replace the index-derived trend factor with a Han, Zhou, Zhu (2016) cross-sectional trend factor. Monthly OLS of next-month returns on 11 normalized MA ratios across the eligible cross-section, strict 12-month trailing-mean smoothing of past betas, per-stock predicted-return signal. Stop-loss and take-profit inherited from improved 4.",2023-08-31,MAR,Consumer Discretionary,1.7515381439055346,100000.0,-0.05,0.0,-0.05
improved_6_hzz_cross_sectional_trend_stop_take_top10,"Improved 6: replace the index-derived trend factor with a Han, Zhou, Zhu (2016) cross-sectional trend factor. Monthly OLS of next-month returns on 11 normalized MA ratios across the eligible cross-section, strict 12-month trailing-mean smoothing of past betas, per-stock predicted-return signal. Stop-loss and take-profit inherited from improved 4.",2023-08-31,APA,Energy,1.5500730597202848,100000.0,-0.05,0.0,-0.05
improved_6_hzz_cross_sectional_trend_stop_take_top10,"Improved 6: replace the index-derived trend factor with a Han, Zhou, Zhu (2016) cross-sectional trend factor. Monthly OLS of next-month returns on 11 normalized MA ratios across the eligible cross-section, strict 12-month trailing-mean smoothing of past betas, per-stock predicted-return signal. Stop-loss and take-profit inherited from improved 4.",2023-08-31,PHM,Consumer Discretionary,1.5149590284521002,100000.0,-0.05,0.0,-0.05
improved_6_hzz_cross_sectional_trend_stop_take_top10,"Improved 6: replace the index-derived trend factor with a Han, Zhou, Zhu (2016) cross-sectional trend factor. Monthly OLS of next-month returns on 11 normalized MA ratios across the eligible cross-section, strict 12-month trailing-mean smoothing of past betas, per-stock predicted-return signal. Stop-loss and take-profit inherited from improved 4.",2023-08-31,HD,Consumer Discretionary,1.505525822608648,100000.0,-0.05,0.0,-0.05
improved_6_hzz_cross_sectional_trend_stop_take_top10,"Improved 6: replace the index-derived trend factor with a Han, Zhou, Zhu (2016) cross-sectional trend factor. Monthly OLS of next-month returns on 11 normalized MA ratios across the eligible cross-section, strict 12-month trailing-mean smoothing of past betas, per-stock predicted-return signal. Stop-loss and take-profit inherited from improved 4.",2023-08-31,COR,Health Care,1.3007954095651921,100000.0,0.0195445275323802,0.0,0.0195445275323802
improved_6_hzz_cross_sectional_trend_stop_take_top10,"Improved 6: replace the index-derived trend factor with a Han, Zhou, Zhu (2016) cross-sectional trend factor. Monthly OLS of next-month returns on 11 normalized MA ratios across the eligible cross-section, strict 12-month trailing-mean smoothing of past betas, per-stock predicted-return signal. Stop-loss and take-profit inherited from improved 4.",2023-08-31,MSI,Information Technology,1.115614187668402,100000.0,-0.0387514435146435,0.0,-0.0387514435146435
improved_6_hzz_cross_sectional_trend_stop_take_top10,"Improved 6: replace the index-derived trend factor with a Han, Zhou, Zhu (2016) cross-sectional trend factor. Monthly OLS of next-month returns on 11 normalized MA ratios across the eligible cross-section, strict 12-month trailing-mean smoothing of past betas, per-stock predicted-return signal. Stop-loss and take-profit inherited from improved 4.",2023-08-31,AVGO,Information Technology,1.0592017817112434,100000.0,-0.05,0.0,-0.05
improved_6_hzz_cross_sectional_trend_stop_take_top10,"Improved 6: replace the index-derived trend factor with a Han, Zhou, Zhu (2016) cross-sectional trend factor. Monthly OLS of next-month returns on 11 normalized MA ratios across the eligible cross-section, strict 12-month trailing-mean smoothing of past betas, per-stock predicted-return signal. Stop-loss and take-profit inherited from improved 4.",2023-09-30,APA,Energy,1.6113235182280266,100000.0,-0.05,0.0,-0.05
improved_6_hzz_cross_sectional_trend_stop_take_top10,"Improved 6: replace the index-derived trend factor with a Han, Zhou, Zhu (2016) cross-sectional trend factor. Monthly OLS of next-month returns on 11 normalized MA ratios across the eligible cross-section, strict 12-month trailing-mean smoothing of past betas, per-stock predicted-return signal. Stop-loss and take-profit inherited from improved 4.",2023-09-30,MAR,Consumer Discretionary,1.6069032728523331,100000.0,-0.05,0.0,-0.05
improved_6_hzz_cross_sectional_trend_stop_take_top10,"Improved 6: replace the index-derived trend factor with a Han, Zhou, Zhu (2016) cross-sectional trend factor. Monthly OLS of next-month returns on 11 normalized MA ratios across the eligible cross-section, strict 12-month trailing-mean smoothing of past betas, per-stock predicted-return signal. Stop-loss and take-profit inherited from improved 4.",2023-09-30,BKNG,Consumer Discretionary,1.5301691601623537,100000.0,-0.05,0.0,-0.05
improved_6_hzz_cross_sectional_trend_stop_take_top10,"Improved 6: replace the index-derived trend factor with a Han, Zhou, Zhu (2016) cross-sectional trend factor. Monthly OLS of next-month returns on 11 normalized MA ratios across the eligible cross-section, strict 12-month trailing-mean smoothing of past betas, per-stock predicted-return signal. Stop-loss and take-profit inherited from improved 4.",2023-09-30,HD,Consumer Discretionary,1.4201891843542742,100000.0,-0.05,0.0,-0.05
improved_6_hzz_cross_sectional_trend_stop_take_top10,"Improved 6: replace the index-derived trend factor with a Han, Zhou, Zhu (2016) cross-sectional trend factor. Monthly OLS of next-month returns on 11 normalized MA ratios across the eligible cross-section, strict 12-month trailing-mean smoothing of past betas, per-stock predicted-return signal. Stop-loss and take-profit inherited from improved 4.",2023-09-30,VRT,Industrials,1.2840453507786749,100000.0,-0.05,0.0,-0.05
improved_6_hzz_cross_sectional_trend_stop_take_top10,"Improved 6: replace the index-derived trend factor with a Han, Zhou, Zhu (2016) cross-sectional trend factor. Monthly OLS of next-month returns on 11 normalized MA ratios across the eligible cross-section, strict 12-month trailing-mean smoothing of past betas, per-stock predicted-return signal. Stop-loss and take-profit inherited from improved 4.",2023-09-30,BLDR,Industrials,1.1946428247113752,100000.0,-0.05,0.0,-0.05
improved_6_hzz_cross_sectional_trend_stop_take_top10,"Improved 6: replace the index-derived trend factor with a Han, Zhou, Zhu (2016) cross-sectional trend factor. Monthly OLS of next-month returns on 11 normalized MA ratios across the eligible cross-section, strict 12-month trailing-mean smoothing of past betas, per-stock predicted-return signal. Stop-loss and take-profit inherited from improved 4.",2023-09-30,DELL,Information Technology,1.1470391952359273,100000.0,-0.05,0.0,-0.05
improved_6_hzz_cross_sectional_trend_stop_take_top10,"Improved 6: replace the index-derived trend factor with a Han, Zhou, Zhu (2016) cross-sectional trend factor. Monthly OLS of next-month returns on 11 normalized MA ratios across the eligible cross-section, strict 12-month trailing-mean smoothing of past betas, per-stock predicted-return signal. Stop-loss and take-profit inherited from improved 4.",2023-09-30,MSI,Information Technology,1.1184571032679167,100000.0,0.0260132645543949,0.0,0.0260132645543949
improved_6_hzz_cross_sectional_trend_stop_take_top10,"Improved 6: replace the index-derived trend factor with a Han, Zhou, Zhu (2016) cross-sectional trend factor. Monthly OLS of next-month returns on 11 normalized MA ratios across the eligible cross-section, strict 12-month trailing-mean smoothing of past betas, per-stock predicted-return signal. Stop-loss and take-profit inherited from improved 4.",2023-09-30,JBL,Information Technology,1.0654501023388514,100000.0,-0.05,0.0,-0.05
improved_6_hzz_cross_sectional_trend_stop_take_top10,"Improved 6: replace the index-derived trend factor with a Han, Zhou, Zhu (2016) cross-sectional trend factor. Monthly OLS of next-month returns on 11 normalized MA ratios across the eligible cross-section, strict 12-month trailing-mean smoothing of past betas, per-stock predicted-return signal. Stop-loss and take-profit inherited from improved 4.",2023-09-30,SMCI,Information Technology,1.0534411143913793,100000.0,-0.05,0.0,-0.05
improved_6_hzz_cross_sectional_trend_stop_take_top10,"Improved 6: replace the index-derived trend factor with a Han, Zhou, Zhu (2016) cross-sectional trend factor. Monthly OLS of next-month returns on 11 normalized MA ratios across the eligible cross-section, strict 12-month trailing-mean smoothing of past betas, per-stock predicted-return signal. Stop-loss and take-profit inherited from improved 4.",2023-10-31,SMCI,Information Technology,1.6644257745095052,100000.0,-0.05,0.0,-0.05
improved_6_hzz_cross_sectional_trend_stop_take_top10,"Improved 6: replace the index-derived trend factor with a Han, Zhou, Zhu (2016) cross-sectional trend factor. Monthly OLS of next-month returns on 11 normalized MA ratios across the eligible cross-section, strict 12-month trailing-mean smoothing of past betas, per-stock predicted-return signal. Stop-loss and take-profit inherited from improved 4.",2023-10-31,JBL,Information Technology,1.5748560846193604,100000.0,-0.05,0.0,-0.05
improved_6_hzz_cross_sectional_trend_stop_take_top10,"Improved 6: replace the index-derived trend factor with a Han, Zhou, Zhu (2016) cross-sectional trend factor. Monthly OLS of next-month returns on 11 normalized MA ratios across the eligible cross-section, strict 12-month trailing-mean smoothing of past betas, per-stock predicted-return signal. Stop-loss and take-profit inherited from improved 4.",2023-10-31,BKNG,Consumer Discretionary,1.252894510135863,100000.0,0.1151266500180319,0.0,0.1151266500180319
improved_6_hzz_cross_sectional_trend_stop_take_top10,"Improved 6: replace the index-derived trend factor with a Han, Zhou, Zhu (2016) cross-sectional trend factor. Monthly OLS of next-month returns on 11 normalized MA ratios across the eligible cross-section, strict 12-month trailing-mean smoothing of past betas, per-stock predicted-return signal. Stop-loss and take-profit inherited from improved 4.",2023-10-31,MAR,Consumer Discretionary,1.1621655792428478,100000.0,0.0701955504336377,0.0,0.0701955504336377
improved_6_hzz_cross_sectional_trend_stop_take_top10,"Improved 6: replace the index-derived trend factor with a Han, Zhou, Zhu (2016) cross-sectional trend factor. Monthly OLS of next-month returns on 11 normalized MA ratios across the eligible cross-section, strict 12-month trailing-mean smoothing of past betas, per-stock predicted-return signal. Stop-loss and take-profit inherited from improved 4.",2023-10-31,COR,Health Care,1.161298845342064,100000.0,0.1012420843030441,0.0,0.1012420843030441
improved_6_hzz_cross_sectional_trend_stop_take_top10,"Improved 6: replace the index-derived trend factor with a Han, Zhou, Zhu (2016) cross-sectional trend factor. Monthly OLS of next-month returns on 11 normalized MA ratios across the eligible cross-section, strict 12-month trailing-mean smoothing of past betas, per-stock predicted-return signal. Stop-loss and take-profit inherited from improved 4.",2023-10-31,MSI,Information Technology,1.0815337498912534,100000.0,0.1590680643311519,0.0,0.1590680643311519
improved_6_hzz_cross_sectional_trend_stop_take_top10,"Improved 6: replace the index-derived trend factor with a Han, Zhou, Zhu (2016) cross-sectional trend factor. Monthly OLS of next-month returns on 11 normalized MA ratios across the eligible cross-section, strict 12-month trailing-mean smoothing of past betas, per-stock predicted-return signal. Stop-loss and take-profit inherited from improved 4.",2023-10-31,VRT,Industrials,1.0011733164071277,100000.0,0.1095298602283114,0.0,0.1095298602283114
improved_6_hzz_cross_sectional_trend_stop_take_top10,"Improved 6: replace the index-derived trend factor with a Han, Zhou, Zhu (2016) cross-sectional trend factor. Monthly OLS of next-month returns on 11 normalized MA ratios across the eligible cross-section, strict 12-month trailing-mean smoothing of past betas, per-stock predicted-return signal. Stop-loss and take-profit inherited from improved 4.",2023-10-31,ANET,Information Technology,0.9658244103296727,100000.0,0.0826886118365939,0.0,0.0826886118365939
improved_6_hzz_cross_sectional_trend_stop_take_top10,"Improved 6: replace the index-derived trend factor with a Han, Zhou, Zhu (2016) cross-sectional trend factor. Monthly OLS of next-month returns on 11 normalized MA ratios across the eligible cross-section, strict 12-month trailing-mean smoothing of past betas, per-stock predicted-return signal. Stop-loss and take-profit inherited from improved 4.",2023-10-31,IT,Information Technology,0.9656378092936581,100000.0,0.3,0.0,0.3
improved_6_hzz_cross_sectional_trend_stop_take_top10,"Improved 6: replace the index-derived trend factor with a Han, Zhou, Zhu (2016) cross-sectional trend factor. Monthly OLS of next-month returns on 11 normalized MA ratios across the eligible cross-section, strict 12-month trailing-mean smoothing of past betas, per-stock predicted-return signal. Stop-loss and take-profit inherited from improved 4.",2023-10-31,NVDA,Information Technology,0.9507627724753747,100000.0,0.143968300557024,0.0,0.143968300557024
improved_6_hzz_cross_sectional_trend_stop_take_top10,"Improved 6: replace the index-derived trend factor with a Han, Zhou, Zhu (2016) cross-sectional trend factor. Monthly OLS of next-month returns on 11 normalized MA ratios across the eligible cross-section, strict 12-month trailing-mean smoothing of past betas, per-stock predicted-return signal. Stop-loss and take-profit inherited from improved 4.",2023-11-30,MSI,Information Technology,1.908549271114865,100000.0,-0.0296560318886383,0.0,-0.0296560318886383
improved_6_hzz_cross_sectional_trend_stop_take_top10,"Improved 6: replace the index-derived trend factor with a Han, Zhou, Zhu (2016) cross-sectional trend factor. Monthly OLS of next-month returns on 11 normalized MA ratios across the eligible cross-section, strict 12-month trailing-mean smoothing of past betas, per-stock predicted-return signal. Stop-loss and take-profit inherited from improved 4.",2023-11-30,COR,Health Care,1.894421198032893,100000.0,0.009287925696894,0.0,0.009287925696894
improved_6_hzz_cross_sectional_trend_stop_take_top10,"Improved 6: replace the index-derived trend factor with a Han, Zhou, Zhu (2016) cross-sectional trend factor. Monthly OLS of next-month returns on 11 normalized MA ratios across the eligible cross-section, strict 12-month trailing-mean smoothing of past betas, per-stock predicted-return signal. Stop-loss and take-profit inherited from improved 4.",2023-11-30,BKNG,Consumer Discretionary,1.8610495795108963,100000.0,0.1350050715293365,0.0,0.1350050715293365
improved_6_hzz_cross_sectional_trend_stop_take_top10,"Improved 6: replace the index-derived trend factor with a Han, Zhou, Zhu (2016) cross-sectional trend factor. Monthly OLS of next-month returns on 11 normalized MA ratios across the eligible cross-section, strict 12-month trailing-mean smoothing of past betas, per-stock predicted-return signal. Stop-loss and take-profit inherited from improved 4.",2023-11-30,CL,Consumer Staples,1.605706152520276,100000.0,0.0107785949788288,0.0,0.0107785949788288
improved_6_hzz_cross_sectional_trend_stop_take_top10,"Improved 6: replace the index-derived trend factor with a Han, Zhou, Zhu (2016) cross-sectional trend factor. Monthly OLS of next-month returns on 11 normalized MA ratios across the eligible cross-section, strict 12-month trailing-mean smoothing of past betas, per-stock predicted-return signal. Stop-loss and take-profit inherited from improved 4.",2023-11-30,HD,Consumer Discretionary,1.4781199472125257,100000.0,0.1042602682982887,0.0,0.1042602682982887
improved_6_hzz_cross_sectional_trend_stop_take_top10,"Improved 6: replace the index-derived trend factor with a Han, Zhou, Zhu (2016) cross-sectional trend factor. Monthly OLS of next-month returns on 11 normalized MA ratios across the eligible cross-section, strict 12-month trailing-mean smoothing of past betas, per-stock predicted-return signal. Stop-loss and take-profit inherited from improved 4.",2023-11-30,NVDA,Information Technology,1.3000867776521412,100000.0,0.0645084130920845,0.0,0.0645084130920845
improved_6_hzz_cross_sectional_trend_stop_take_top10,"Improved 6: replace the index-derived trend factor with a Han, Zhou, Zhu (2016) cross-sectional trend factor. Monthly OLS of next-month returns on 11 normalized MA ratios across the eligible cross-section, strict 12-month trailing-mean smoothing of past betas, per-stock predicted-return signal. Stop-loss and take-profit inherited from improved 4.",2023-11-30,VRT,Industrials,1.2497975888438244,100000.0,0.1047234942143209,0.0,0.1047234942143209
improved_6_hzz_cross_sectional_trend_stop_take_top10,"Improved 6: replace the index-derived trend factor with a Han, Zhou, Zhu (2016) cross-sectional trend factor. Monthly OLS of next-month returns on 11 normalized MA ratios across the eligible cross-section, strict 12-month trailing-mean smoothing of past betas, per-stock predicted-return signal. Stop-loss and take-profit inherited from improved 4.",2023-11-30,META,Communication Services,1.1647621969877984,100000.0,0.0875015361926063,0.0,0.0875015361926063
improved_6_hzz_cross_sectional_trend_stop_take_top10,"Improved 6: replace the index-derived trend factor with a Han, Zhou, Zhu (2016) cross-sectional trend factor. Monthly OLS of next-month returns on 11 normalized MA ratios across the eligible cross-section, strict 12-month trailing-mean smoothing of past betas, per-stock predicted-return signal. Stop-loss and take-profit inherited from improved 4.",2023-11-30,PHM,Consumer Discretionary,1.0480457768990463,100000.0,0.1684825687134294,0.0,0.1684825687134294
improved_6_hzz_cross_sectional_trend_stop_take_top10,"Improved 6: replace the index-derived trend factor with a Han, Zhou, Zhu (2016) cross-sectional trend factor. Monthly OLS of next-month returns on 11 normalized MA ratios across the eligible cross-section, strict 12-month trailing-mean smoothing of past betas, per-stock predicted-return signal. Stop-loss and take-profit inherited from improved 4.",2023-11-30,DECK,Consumer Discretionary,1.016357180693774,100000.0,0.0058385373564082,0.0,0.0058385373564082
improved_6_hzz_cross_sectional_trend_stop_take_top10,"Improved 6: replace the index-derived trend factor with a Han, Zhou, Zhu (2016) cross-sectional trend factor. Monthly OLS of next-month returns on 11 normalized MA ratios across the eligible cross-section, strict 12-month trailing-mean smoothing of past betas, per-stock predicted-return signal. Stop-loss and take-profit inherited from improved 4.",2023-12-31,MSI,Information Technology,2.0972230494669986,100000.0,0.0228582404917212,0.0,0.0228582404917212
improved_6_hzz_cross_sectional_trend_stop_take_top10,"Improved 6: replace the index-derived trend factor with a Han, Zhou, Zhu (2016) cross-sectional trend factor. Monthly OLS of next-month returns on 11 normalized MA ratios across the eligible cross-section, strict 12-month trailing-mean smoothing of past betas, per-stock predicted-return signal. Stop-loss and take-profit inherited from improved 4.",2023-12-31,HD,Consumer Discretionary,2.0774251551541236,100000.0,0.0254205281659563,0.0,0.0254205281659563
improved_6_hzz_cross_sectional_trend_stop_take_top10,"Improved 6: replace the index-derived trend factor with a Han, Zhou, Zhu (2016) cross-sectional trend factor. Monthly OLS of next-month returns on 11 normalized MA ratios across the eligible cross-section, strict 12-month trailing-mean smoothing of past betas, per-stock predicted-return signal. Stop-loss and take-profit inherited from improved 4.",2023-12-31,BKNG,Consumer Discretionary,2.0612087377075636,100000.0,-0.003559659091017,0.0,-0.003559659091017
improved_6_hzz_cross_sectional_trend_stop_take_top10,"Improved 6: replace the index-derived trend factor with a Han, Zhou, Zhu (2016) cross-sectional trend factor. Monthly OLS of next-month returns on 11 normalized MA ratios across the eligible cross-section, strict 12-month trailing-mean smoothing of past betas, per-stock predicted-return signal. Stop-loss and take-profit inherited from improved 4.",2023-12-31,ORCL,Information Technology,1.9932251162007173,100000.0,0.0728085161926797,0.0,0.0728085161926797
improved_6_hzz_cross_sectional_trend_stop_take_top10,"Improved 6: replace the index-derived trend factor with a Han, Zhou, Zhu (2016) cross-sectional trend factor. Monthly OLS of next-month returns on 11 normalized MA ratios across the eligible cross-section, strict 12-month trailing-mean smoothing of past betas, per-stock predicted-return signal. Stop-loss and take-profit inherited from improved 4.",2023-12-31,CL,Consumer Staples,1.544190550853106,100000.0,0.0637047801665908,0.0,0.0637047801665908
improved_6_hzz_cross_sectional_trend_stop_take_top10,"Improved 6: replace the index-derived trend factor with a Han, Zhou, Zhu (2016) cross-sectional trend factor. Monthly OLS of next-month returns on 11 normalized MA ratios across the eligible cross-section, strict 12-month trailing-mean smoothing of past betas, per-stock predicted-return signal. Stop-loss and take-profit inherited from improved 4.",2023-12-31,COR,Health Care,1.508538988875272,100000.0,0.1350243902437629,0.0,0.1350243902437629
improved_6_hzz_cross_sectional_trend_stop_take_top10,"Improved 6: replace the index-derived trend factor with a Han, Zhou, Zhu (2016) cross-sectional trend factor. Monthly OLS of next-month returns on 11 normalized MA ratios across the eligible cross-section, strict 12-month trailing-mean smoothing of past betas, per-stock predicted-return signal. Stop-loss and take-profit inherited from improved 4.",2023-12-31,FTNT,Information Technology,1.4239769867959136,100000.0,0.1099827882960411,0.0,0.1099827882960411
improved_6_hzz_cross_sectional_trend_stop_take_top10,"Improved 6: replace the index-derived trend factor with a Han, Zhou, Zhu (2016) cross-sectional trend factor. Monthly OLS of next-month returns on 11 normalized MA ratios across the eligible cross-section, strict 12-month trailing-mean smoothing of past betas, per-stock predicted-return signal. Stop-loss and take-profit inherited from improved 4.",2023-12-31,VRT,Industrials,1.3047981487321882,100000.0,-0.05,0.0,-0.05
improved_6_hzz_cross_sectional_trend_stop_take_top10,"Improved 6: replace the index-derived trend factor with a Han, Zhou, Zhu (2016) cross-sectional trend factor. Monthly OLS of next-month returns on 11 normalized MA ratios across the eligible cross-section, strict 12-month trailing-mean smoothing of past betas, per-stock predicted-return signal. Stop-loss and take-profit inherited from improved 4.",2023-12-31,NVDA,Information Technology,1.1290805154436594,100000.0,0.2494314028114244,0.0,0.2494314028114244
improved_6_hzz_cross_sectional_trend_stop_take_top10,"Improved 6: replace the index-derived trend factor with a Han, Zhou, Zhu (2016) cross-sectional trend factor. Monthly OLS of next-month returns on 11 normalized MA ratios across the eligible cross-section, strict 12-month trailing-mean smoothing of past betas, per-stock predicted-return signal. Stop-loss and take-profit inherited from improved 4.",2023-12-31,CVNA,Consumer Discretionary,1.0535805433250671,100000.0,-0.05,0.0,-0.05
improved_6_hzz_cross_sectional_trend_stop_take_top10,"Improved 6: replace the index-derived trend factor with a Han, Zhou, Zhu (2016) cross-sectional trend factor. Monthly OLS of next-month returns on 11 normalized MA ratios across the eligible cross-section, strict 12-month trailing-mean smoothing of past betas, per-stock predicted-return signal. Stop-loss and take-profit inherited from improved 4.",2024-01-31,BKNG,Consumer Discretionary,2.3743428944477896,100000.0,-0.0343572969586215,0.0,-0.0343572969586215
improved_6_hzz_cross_sectional_trend_stop_take_top10,"Improved 6: replace the index-derived trend factor with a Han, Zhou, Zhu (2016) cross-sectional trend factor. Monthly OLS of next-month returns on 11 normalized MA ratios across the eligible cross-section, strict 12-month trailing-mean smoothing of past betas, per-stock predicted-return signal. Stop-loss and take-profit inherited from improved 4.",2024-01-31,CVNA,Consumer Discretionary,2.152360392941367,100000.0,-0.05,0.0,-0.05
improved_6_hzz_cross_sectional_trend_stop_take_top10,"Improved 6: replace the index-derived trend factor with a Han, Zhou, Zhu (2016) cross-sectional trend factor. Monthly OLS of next-month returns on 11 normalized MA ratios across the eligible cross-section, strict 12-month trailing-mean smoothing of past betas, per-stock predicted-return signal. Stop-loss and take-profit inherited from improved 4.",2024-01-31,HD,Consumer Discretionary,2.0719436818082517,100000.0,0.0769949066213853,0.0,0.0769949066213853
improved_6_hzz_cross_sectional_trend_stop_take_top10,"Improved 6: replace the index-derived trend factor with a Han, Zhou, Zhu (2016) cross-sectional trend factor. Monthly OLS of next-month returns on 11 normalized MA ratios across the eligible cross-section, strict 12-month trailing-mean smoothing of past betas, per-stock predicted-return signal. Stop-loss and take-profit inherited from improved 4.",2024-01-31,MSI,Information Technology,1.90991733479409,100000.0,0.034084507042273,0.0,0.034084507042273
improved_6_hzz_cross_sectional_trend_stop_take_top10,"Improved 6: replace the index-derived trend factor with a Han, Zhou, Zhu (2016) cross-sectional trend factor. Monthly OLS of next-month returns on 11 normalized MA ratios across the eligible cross-section, strict 12-month trailing-mean smoothing of past betas, per-stock predicted-return signal. Stop-loss and take-profit inherited from improved 4.",2024-01-31,FTNT,Information Technology,1.7769807156572592,100000.0,-0.05,0.0,-0.05
improved_6_hzz_cross_sectional_trend_stop_take_top10,"Improved 6: replace the index-derived trend factor with a Han, Zhou, Zhu (2016) cross-sectional trend factor. Monthly OLS of next-month returns on 11 normalized MA ratios across the eligible cross-section, strict 12-month trailing-mean smoothing of past betas, per-stock predicted-return signal. Stop-loss and take-profit inherited from improved 4.",2024-01-31,ORCL,Information Technology,1.769461246512948,100000.0,-0.05,0.0,-0.05
improved_6_hzz_cross_sectional_trend_stop_take_top10,"Improved 6: replace the index-derived trend factor with a Han, Zhou, Zhu (2016) cross-sectional trend factor. Monthly OLS of next-month returns on 11 normalized MA ratios across the eligible cross-section, strict 12-month trailing-mean smoothing of past betas, per-stock predicted-return signal. Stop-loss and take-profit inherited from improved 4.",2024-01-31,CL,Consumer Staples,1.605376493557666,100000.0,0.0298773955480642,0.0,0.0298773955480642
improved_6_hzz_cross_sectional_trend_stop_take_top10,"Improved 6: replace the index-derived trend factor with a Han, Zhou, Zhu (2016) cross-sectional trend factor. Monthly OLS of next-month returns on 11 normalized MA ratios across the eligible cross-section, strict 12-month trailing-mean smoothing of past betas, per-stock predicted-return signal. Stop-loss and take-profit inherited from improved 4.",2024-01-31,NVDA,Information Technology,1.4497497838014444,100000.0,0.3,0.0,0.3
improved_6_hzz_cross_sectional_trend_stop_take_top10,"Improved 6: replace the index-derived trend factor with a Han, Zhou, Zhu (2016) cross-sectional trend factor. Monthly OLS of next-month returns on 11 normalized MA ratios across the eligible cross-section, strict 12-month trailing-mean smoothing of past betas, per-stock predicted-return signal. Stop-loss and take-profit inherited from improved 4.",2024-01-31,VRT,Industrials,1.340879567568958,100000.0,0.1766138855040655,0.0,0.1766138855040655
improved_6_hzz_cross_sectional_trend_stop_take_top10,"Improved 6: replace the index-derived trend factor with a Han, Zhou, Zhu (2016) cross-sectional trend factor. Monthly OLS of next-month returns on 11 normalized MA ratios across the eligible cross-section, strict 12-month trailing-mean smoothing of past betas, per-stock predicted-return signal. Stop-loss and take-profit inherited from improved 4.",2024-01-31,META,Communication Services,1.3300946505722937,100000.0,0.2455034005119332,0.0,0.2455034005119332
improved_6_hzz_cross_sectional_trend_stop_take_top10,"Improved 6: replace the index-derived trend factor with a Han, Zhou, Zhu (2016) cross-sectional trend factor. Monthly OLS of next-month returns on 11 normalized MA ratios across the eligible cross-section, strict 12-month trailing-mean smoothing of past betas, per-stock predicted-return signal. Stop-loss and take-profit inherited from improved 4.",2024-02-29,SMCI,Information Technology,1.8973994689506117,100000.0,0.3,0.0,0.3
improved_6_hzz_cross_sectional_trend_stop_take_top10,"Improved 6: replace the index-derived trend factor with a Han, Zhou, Zhu (2016) cross-sectional trend factor. Monthly OLS of next-month returns on 11 normalized MA ratios across the eligible cross-section, strict 12-month trailing-mean smoothing of past betas, per-stock predicted-return signal. Stop-loss and take-profit inherited from improved 4.",2024-02-29,META,Communication Services,1.6998728675143195,100000.0,-0.0132693909897558,0.0,-0.0132693909897558
improved_6_hzz_cross_sectional_trend_stop_take_top10,"Improved 6: replace the index-derived trend factor with a Han, Zhou, Zhu (2016) cross-sectional trend factor. Monthly OLS of next-month returns on 11 normalized MA ratios across the eligible cross-section, strict 12-month trailing-mean smoothing of past betas, per-stock predicted-return signal. Stop-loss and take-profit inherited from improved 4.",2024-02-29,VRT,Industrials,1.6207689193114434,100000.0,0.1943928086252044,0.0,0.1943928086252044
improved_6_hzz_cross_sectional_trend_stop_take_top10,"Improved 6: replace the index-derived trend factor with a Han, Zhou, Zhu (2016) cross-sectional trend factor. Monthly OLS of next-month returns on 11 normalized MA ratios across the eligible cross-section, strict 12-month trailing-mean smoothing of past betas, per-stock predicted-return signal. Stop-loss and take-profit inherited from improved 4.",2024-02-29,NVDA,Information Technology,1.5844234734943754,100000.0,0.12950255455687,0.0,0.12950255455687
improved_6_hzz_cross_sectional_trend_stop_take_top10,"Improved 6: replace the index-derived trend factor with a Han, Zhou, Zhu (2016) cross-sectional trend factor. Monthly OLS of next-month returns on 11 normalized MA ratios across the eligible cross-section, strict 12-month trailing-mean smoothing of past betas, per-stock predicted-return signal. Stop-loss and take-profit inherited from improved 4.",2024-02-29,LII,Industrials,1.4410915752903937,100000.0,0.0419992794203367,0.0,0.0419992794203367
improved_6_hzz_cross_sectional_trend_stop_take_top10,"Improved 6: replace the index-derived trend factor with a Han, Zhou, Zhu (2016) cross-sectional trend factor. Monthly OLS of next-month returns on 11 normalized MA ratios across the eligible cross-section, strict 12-month trailing-mean smoothing of past betas, per-stock predicted-return signal. Stop-loss and take-profit inherited from improved 4.",2024-02-29,COR,Health Care,1.3759338368112553,100000.0,0.0263135664807412,0.0,0.0263135664807412
improved_6_hzz_cross_sectional_trend_stop_take_top10,"Improved 6: replace the index-derived trend factor with a Han, Zhou, Zhu (2016) cross-sectional trend factor. Monthly OLS of next-month returns on 11 normalized MA ratios across the eligible cross-section, strict 12-month trailing-mean smoothing of past betas, per-stock predicted-return signal. Stop-loss and take-profit inherited from improved 4.",2024-02-29,ORCL,Information Technology,1.2921955140769525,100000.0,0.1247313753573813,0.0,0.1247313753573813
improved_6_hzz_cross_sectional_trend_stop_take_top10,"Improved 6: replace the index-derived trend factor with a Han, Zhou, Zhu (2016) cross-sectional trend factor. Monthly OLS of next-month returns on 11 normalized MA ratios across the eligible cross-section, strict 12-month trailing-mean smoothing of past betas, per-stock predicted-return signal. Stop-loss and take-profit inherited from improved 4.",2024-02-29,PANW,Information Technology,1.2332241567617663,100000.0,-0.05,0.0,-0.05
improved_6_hzz_cross_sectional_trend_stop_take_top10,"Improved 6: replace the index-derived trend factor with a Han, Zhou, Zhu (2016) cross-sectional trend factor. Monthly OLS of next-month returns on 11 normalized MA ratios across the eligible cross-section, strict 12-month trailing-mean smoothing of past betas, per-stock predicted-return signal. Stop-loss and take-profit inherited from improved 4.",2024-02-29,DECK,Consumer Discretionary,1.150462520663909,100000.0,0.0518634408001226,0.0,0.0518634408001226
improved_6_hzz_cross_sectional_trend_stop_take_top10,"Improved 6: replace the index-derived trend factor with a Han, Zhou, Zhu (2016) cross-sectional trend factor. Monthly OLS of next-month returns on 11 normalized MA ratios across the eligible cross-section, strict 12-month trailing-mean smoothing of past betas, per-stock predicted-return signal. Stop-loss and take-profit inherited from improved 4.",2024-02-29,MSI,Information Technology,1.073926790392835,100000.0,0.0759040922699436,0.0,0.0759040922699436
improved_6_hzz_cross_sectional_trend_stop_take_top10,"Improved 6: replace the index-derived trend factor with a Han, Zhou, Zhu (2016) cross-sectional trend factor. Monthly OLS of next-month returns on 11 normalized MA ratios across the eligible cross-section, strict 12-month trailing-mean smoothing of past betas, per-stock predicted-return signal. Stop-loss and take-profit inherited from improved 4.",2024-03-31,SMCI,Information Technology,1.778213798393118,100000.0,-0.05,0.0,-0.05
improved_6_hzz_cross_sectional_trend_stop_take_top10,"Improved 6: replace the index-derived trend factor with a Han, Zhou, Zhu (2016) cross-sectional trend factor. Monthly OLS of next-month returns on 11 normalized MA ratios across the eligible cross-section, strict 12-month trailing-mean smoothing of past betas, per-stock predicted-return signal. Stop-loss and take-profit inherited from improved 4.",2024-03-31,LII,Industrials,1.6269414158935926,100000.0,-0.05,0.0,-0.05
improved_6_hzz_cross_sectional_trend_stop_take_top10,"Improved 6: replace the index-derived trend factor with a Han, Zhou, Zhu (2016) cross-sectional trend factor. Monthly OLS of next-month returns on 11 normalized MA ratios across the eligible cross-section, strict 12-month trailing-mean smoothing of past betas, per-stock predicted-return signal. Stop-loss and take-profit inherited from improved 4.",2024-03-31,NVDA,Information Technology,1.4268859367771594,100000.0,-0.05,0.0,-0.05
improved_6_hzz_cross_sectional_trend_stop_take_top10,"Improved 6: replace the index-derived trend factor with a Han, Zhou, Zhu (2016) cross-sectional trend factor. Monthly OLS of next-month returns on 11 normalized MA ratios across the eligible cross-section, strict 12-month trailing-mean smoothing of past betas, per-stock predicted-return signal. Stop-loss and take-profit inherited from improved 4.",2024-03-31,DELL,Information Technology,1.3116768394409108,100000.0,0.0951426561754622,0.0,0.0951426561754622
improved_6_hzz_cross_sectional_trend_stop_take_top10,"Improved 6: replace the index-derived trend factor with a Han, Zhou, Zhu (2016) cross-sectional trend factor. Monthly OLS of next-month returns on 11 normalized MA ratios across the eligible cross-section, strict 12-month trailing-mean smoothing of past betas, per-stock predicted-return signal. Stop-loss and take-profit inherited from improved 4.",2024-03-31,COR,Health Care,1.2502523320097536,100000.0,-0.0137387573232067,0.0,-0.0137387573232067
improved_6_hzz_cross_sectional_trend_stop_take_top10,"Improved 6: replace the index-derived trend factor with a Han, Zhou, Zhu (2016) cross-sectional trend factor. Monthly OLS of next-month returns on 11 normalized MA ratios across the eligible cross-section, strict 12-month trailing-mean smoothing of past betas, per-stock predicted-return signal. Stop-loss and take-profit inherited from improved 4.",2024-03-31,ORCL,Information Technology,1.2360477945125907,100000.0,-0.05,0.0,-0.05
improved_6_hzz_cross_sectional_trend_stop_take_top10,"Improved 6: replace the index-derived trend factor with a Han, Zhou, Zhu (2016) cross-sectional trend factor. Monthly OLS of next-month returns on 11 normalized MA ratios across the eligible cross-section, strict 12-month trailing-mean smoothing of past betas, per-stock predicted-return signal. Stop-loss and take-profit inherited from improved 4.",2024-03-31,WSM,Consumer Discretionary,1.2103127124510573,100000.0,-0.05,0.0,-0.05
improved_6_hzz_cross_sectional_trend_stop_take_top10,"Improved 6: replace the index-derived trend factor with a Han, Zhou, Zhu (2016) cross-sectional trend factor. Monthly OLS of next-month returns on 11 normalized MA ratios across the eligible cross-section, strict 12-month trailing-mean smoothing of past betas, per-stock predicted-return signal. Stop-loss and take-profit inherited from improved 4.",2024-03-31,FIX,Industrials,1.193662196429331,100000.0,-0.05,0.0,-0.05
improved_6_hzz_cross_sectional_trend_stop_take_top10,"Improved 6: replace the index-derived trend factor with a Han, Zhou, Zhu (2016) cross-sectional trend factor. Monthly OLS of next-month returns on 11 normalized MA ratios across the eligible cross-section, strict 12-month trailing-mean smoothing of past betas, per-stock predicted-return signal. Stop-loss and take-profit inherited from improved 4.",2024-03-31,VST,Utilities,1.154804474183551,100000.0,-0.05,0.0,-0.05
improved_6_hzz_cross_sectional_trend_stop_take_top10,"Improved 6: replace the index-derived trend factor with a Han, Zhou, Zhu (2016) cross-sectional trend factor. Monthly OLS of next-month returns on 11 normalized MA ratios across the eligible cross-section, strict 12-month trailing-mean smoothing of past betas, per-stock predicted-return signal. Stop-loss and take-profit inherited from improved 4.",2024-03-31,NTAP,Information Technology,1.1037160205251078,100000.0,-0.05,0.0,-0.05
improved_6_hzz_cross_sectional_trend_stop_take_top10,"Improved 6: replace the index-derived trend factor with a Han, Zhou, Zhu (2016) cross-sectional trend factor. Monthly OLS of next-month returns on 11 normalized MA ratios across the eligible cross-section, strict 12-month trailing-mean smoothing of past betas, per-stock predicted-return signal. Stop-loss and take-profit inherited from improved 4.",2024-04-30,NVDA,Information Technology,1.6198301327549947,100000.0,0.3,0.0,0.3
improved_6_hzz_cross_sectional_trend_stop_take_top10,"Improved 6: replace the index-derived trend factor with a Han, Zhou, Zhu (2016) cross-sectional trend factor. Monthly OLS of next-month returns on 11 normalized MA ratios across the eligible cross-section, strict 12-month trailing-mean smoothing of past betas, per-stock predicted-return signal. Stop-loss and take-profit inherited from improved 4.",2024-04-30,SMCI,Information Technology,1.5498630418257067,100000.0,-0.05,0.0,-0.05
improved_6_hzz_cross_sectional_trend_stop_take_top10,"Improved 6: replace the index-derived trend factor with a Han, Zhou, Zhu (2016) cross-sectional trend factor. Monthly OLS of next-month returns on 11 normalized MA ratios across the eligible cross-section, strict 12-month trailing-mean smoothing of past betas, per-stock predicted-return signal. Stop-loss and take-profit inherited from improved 4.",2024-04-30,VST,Utilities,1.464009278757334,100000.0,0.3,0.0,0.3
improved_6_hzz_cross_sectional_trend_stop_take_top10,"Improved 6: replace the index-derived trend factor with a Han, Zhou, Zhu (2016) cross-sectional trend factor. Monthly OLS of next-month returns on 11 normalized MA ratios across the eligible cross-section, strict 12-month trailing-mean smoothing of past betas, per-stock predicted-return signal. Stop-loss and take-profit inherited from improved 4.",2024-04-30,WSM,Consumer Discretionary,1.392846948409046,100000.0,0.0266806722690864,0.0,0.0266806722690864
improved_6_hzz_cross_sectional_trend_stop_take_top10,"Improved 6: replace the index-derived trend factor with a Han, Zhou, Zhu (2016) cross-sectional trend factor. Monthly OLS of next-month returns on 11 normalized MA ratios across the eligible cross-section, strict 12-month trailing-mean smoothing of past betas, per-stock predicted-return signal. Stop-loss and take-profit inherited from improved 4.",2024-04-30,COR,Health Care,1.2828703967206614,100000.0,-0.05,0.0,-0.05
improved_6_hzz_cross_sectional_trend_stop_take_top10,"Improved 6: replace the index-derived trend factor with a Han, Zhou, Zhu (2016) cross-sectional trend factor. Monthly OLS of next-month returns on 11 normalized MA ratios across the eligible cross-section, strict 12-month trailing-mean smoothing of past betas, per-stock predicted-return signal. Stop-loss and take-profit inherited from improved 4.",2024-04-30,NRG,Utilities,1.230992351174292,100000.0,0.1105017822869129,0.0,0.1105017822869129
improved_6_hzz_cross_sectional_trend_stop_take_top10,"Improved 6: replace the index-derived trend factor with a Han, Zhou, Zhu (2016) cross-sectional trend factor. Monthly OLS of next-month returns on 11 normalized MA ratios across the eligible cross-section, strict 12-month trailing-mean smoothing of past betas, per-stock predicted-return signal. Stop-loss and take-profit inherited from improved 4.",2024-04-30,LII,Industrials,1.1621440139291608,100000.0,0.0835165782779201,0.0,0.0835165782779201
improved_6_hzz_cross_sectional_trend_stop_take_top10,"Improved 6: replace the index-derived trend factor with a Han, Zhou, Zhu (2016) cross-sectional trend factor. Monthly OLS of next-month returns on 11 normalized MA ratios across the eligible cross-section, strict 12-month trailing-mean smoothing of past betas, per-stock predicted-return signal. Stop-loss and take-profit inherited from improved 4.",2024-04-30,DELL,Information Technology,1.0601876867290922,100000.0,0.3,0.0,0.3
improved_6_hzz_cross_sectional_trend_stop_take_top10,"Improved 6: replace the index-derived trend factor with a Han, Zhou, Zhu (2016) cross-sectional trend factor. Monthly OLS of next-month returns on 11 normalized MA ratios across the eligible cross-section, strict 12-month trailing-mean smoothing of past betas, per-stock predicted-return signal. Stop-loss and take-profit inherited from improved 4.",2024-04-30,ORCL,Information Technology,0.9918604123703418,100000.0,0.0287946624526611,0.0,0.0287946624526611
improved_6_hzz_cross_sectional_trend_stop_take_top10,"Improved 6: replace the index-derived trend factor with a Han, Zhou, Zhu (2016) cross-sectional trend factor. Monthly OLS of next-month returns on 11 normalized MA ratios across the eligible cross-section, strict 12-month trailing-mean smoothing of past betas, per-stock predicted-return signal. Stop-loss and take-profit inherited from improved 4.",2024-04-30,APA,Energy,0.9695172820178154,100000.0,-0.05,0.0,-0.05
improved_6_hzz_cross_sectional_trend_stop_take_top10,"Improved 6: replace the index-derived trend factor with a Han, Zhou, Zhu (2016) cross-sectional trend factor. Monthly OLS of next-month returns on 11 normalized MA ratios across the eligible cross-section, strict 12-month trailing-mean smoothing of past betas, per-stock predicted-return signal. Stop-loss and take-profit inherited from improved 4.",2024-05-31,CVNA,Consumer Discretionary,1.6984340712272443,100000.0,-0.05,0.0,-0.05
improved_6_hzz_cross_sectional_trend_stop_take_top10,"Improved 6: replace the index-derived trend factor with a Han, Zhou, Zhu (2016) cross-sectional trend factor. Monthly OLS of next-month returns on 11 normalized MA ratios across the eligible cross-section, strict 12-month trailing-mean smoothing of past betas, per-stock predicted-return signal. Stop-loss and take-profit inherited from improved 4.",2024-05-31,LII,Industrials,1.2579478554396852,100000.0,0.0625693673697134,0.0,0.0625693673697134
improved_6_hzz_cross_sectional_trend_stop_take_top10,"Improved 6: replace the index-derived trend factor with a Han, Zhou, Zhu (2016) cross-sectional trend factor. Monthly OLS of next-month returns on 11 normalized MA ratios across the eligible cross-section, strict 12-month trailing-mean smoothing of past betas, per-stock predicted-return signal. Stop-loss and take-profit inherited from improved 4.",2024-05-31,SMCI,Information Technology,1.2304476185332258,100000.0,-0.05,0.0,-0.05
improved_6_hzz_cross_sectional_trend_stop_take_top10,"Improved 6: replace the index-derived trend factor with a Han, Zhou, Zhu (2016) cross-sectional trend factor. Monthly OLS of next-month returns on 11 normalized MA ratios across the eligible cross-section, strict 12-month trailing-mean smoothing of past betas, per-stock predicted-return signal. Stop-loss and take-profit inherited from improved 4.",2024-05-31,WSM,Consumer Discretionary,1.212342959278729,100000.0,-0.05,0.0,-0.05
improved_6_hzz_cross_sectional_trend_stop_take_top10,"Improved 6: replace the index-derived trend factor with a Han, Zhou, Zhu (2016) cross-sectional trend factor. Monthly OLS of next-month returns on 11 normalized MA ratios across the eligible cross-section, strict 12-month trailing-mean smoothing of past betas, per-stock predicted-return signal. Stop-loss and take-profit inherited from improved 4.",2024-05-31,HD,Consumer Discretionary,0.9788532355006859,100000.0,0.0317398471449839,0.0,0.0317398471449839
improved_6_hzz_cross_sectional_trend_stop_take_top10,"Improved 6: replace the index-derived trend factor with a Han, Zhou, Zhu (2016) cross-sectional trend factor. Monthly OLS of next-month returns on 11 normalized MA ratios across the eligible cross-section, strict 12-month trailing-mean smoothing of past betas, per-stock predicted-return signal. Stop-loss and take-profit inherited from improved 4.",2024-05-31,NRG,Utilities,0.9769920842191911,100000.0,-0.05,0.0,-0.05
improved_6_hzz_cross_sectional_trend_stop_take_top10,"Improved 6: replace the index-derived trend factor with a Han, Zhou, Zhu (2016) cross-sectional trend factor. Monthly OLS of next-month returns on 11 normalized MA ratios across the eligible cross-section, strict 12-month trailing-mean smoothing of past betas, per-stock predicted-return signal. Stop-loss and take-profit inherited from improved 4.",2024-05-31,NVDA,Information Technology,0.9588801199743697,100000.0,0.087388929134591,0.0,0.087388929134591
improved_6_hzz_cross_sectional_trend_stop_take_top10,"Improved 6: replace the index-derived trend factor with a Han, Zhou, Zhu (2016) cross-sectional trend factor. Monthly OLS of next-month returns on 11 normalized MA ratios across the eligible cross-section, strict 12-month trailing-mean smoothing of past betas, per-stock predicted-return signal. Stop-loss and take-profit inherited from improved 4.",2024-05-31,URI,Industrials,0.9529786268074932,100000.0,-0.05,0.0,-0.05
improved_6_hzz_cross_sectional_trend_stop_take_top10,"Improved 6: replace the index-derived trend factor with a Han, Zhou, Zhu (2016) cross-sectional trend factor. Monthly OLS of next-month returns on 11 normalized MA ratios across the eligible cross-section, strict 12-month trailing-mean smoothing of past betas, per-stock predicted-return signal. Stop-loss and take-profit inherited from improved 4.",2024-05-31,PHM,Consumer Discretionary,0.9517877673237309,100000.0,-0.05,0.0,-0.05
improved_6_hzz_cross_sectional_trend_stop_take_top10,"Improved 6: replace the index-derived trend factor with a Han, Zhou, Zhu (2016) cross-sectional trend factor. Monthly OLS of next-month returns on 11 normalized MA ratios across the eligible cross-section, strict 12-month trailing-mean smoothing of past betas, per-stock predicted-return signal. Stop-loss and take-profit inherited from improved 4.",2024-05-31,VST,Utilities,0.9336925939705173,100000.0,-0.05,0.0,-0.05
improved_6_hzz_cross_sectional_trend_stop_take_top10,"Improved 6: replace the index-derived trend factor with a Han, Zhou, Zhu (2016) cross-sectional trend factor. Monthly OLS of next-month returns on 11 normalized MA ratios across the eligible cross-section, strict 12-month trailing-mean smoothing of past betas, per-stock predicted-return signal. Stop-loss and take-profit inherited from improved 4.",2024-06-30,SMCI,Information Technology,1.8858587064495862,100000.0,-0.05,0.0,-0.05
improved_6_hzz_cross_sectional_trend_stop_take_top10,"Improved 6: replace the index-derived trend factor with a Han, Zhou, Zhu (2016) cross-sectional trend factor. Monthly OLS of next-month returns on 11 normalized MA ratios across the eligible cross-section, strict 12-month trailing-mean smoothing of past betas, per-stock predicted-return signal. Stop-loss and take-profit inherited from improved 4.",2024-06-30,NVDA,Information Technology,1.6609194635311002,100000.0,-0.05,0.0,-0.05
improved_6_hzz_cross_sectional_trend_stop_take_top10,"Improved 6: replace the index-derived trend factor with a Han, Zhou, Zhu (2016) cross-sectional trend factor. Monthly OLS of next-month returns on 11 normalized MA ratios across the eligible cross-section, strict 12-month trailing-mean smoothing of past betas, per-stock predicted-return signal. Stop-loss and take-profit inherited from improved 4.",2024-06-30,CVNA,Consumer Discretionary,1.5183408777870038,100000.0,-0.05,0.0,-0.05
improved_6_hzz_cross_sectional_trend_stop_take_top10,"Improved 6: replace the index-derived trend factor with a Han, Zhou, Zhu (2016) cross-sectional trend factor. Monthly OLS of next-month returns on 11 normalized MA ratios across the eligible cross-section, strict 12-month trailing-mean smoothing of past betas, per-stock predicted-return signal. Stop-loss and take-profit inherited from improved 4.",2024-06-30,LII,Industrials,1.400650717916353,100000.0,0.0839881848074661,0.0,0.0839881848074661
improved_6_hzz_cross_sectional_trend_stop_take_top10,"Improved 6: replace the index-derived trend factor with a Han, Zhou, Zhu (2016) cross-sectional trend factor. Monthly OLS of next-month returns on 11 normalized MA ratios across the eligible cross-section, strict 12-month trailing-mean smoothing of past betas, per-stock predicted-return signal. Stop-loss and take-profit inherited from improved 4.",2024-06-30,WSM,Consumer Discretionary,1.228572820503579,100000.0,0.1017473365110974,0.0,0.1017473365110974
improved_6_hzz_cross_sectional_trend_stop_take_top10,"Improved 6: replace the index-derived trend factor with a Han, Zhou, Zhu (2016) cross-sectional trend factor. Monthly OLS of next-month returns on 11 normalized MA ratios across the eligible cross-section, strict 12-month trailing-mean smoothing of past betas, per-stock predicted-return signal. Stop-loss and take-profit inherited from improved 4.",2024-06-30,HD,Consumer Discretionary,1.1469799959409885,100000.0,0.0704815073272886,0.0,0.0704815073272886
improved_6_hzz_cross_sectional_trend_stop_take_top10,"Improved 6: replace the index-derived trend factor with a Han, Zhou, Zhu (2016) cross-sectional trend factor. Monthly OLS of next-month returns on 11 normalized MA ratios across the eligible cross-section, strict 12-month trailing-mean smoothing of past betas, per-stock predicted-return signal. Stop-loss and take-profit inherited from improved 4.",2024-06-30,ANET,Information Technology,1.1330864380181496,100000.0,-0.05,0.0,-0.05
improved_6_hzz_cross_sectional_trend_stop_take_top10,"Improved 6: replace the index-derived trend factor with a Han, Zhou, Zhu (2016) cross-sectional trend factor. Monthly OLS of next-month returns on 11 normalized MA ratios across the eligible cross-section, strict 12-month trailing-mean smoothing of past betas, per-stock predicted-return signal. Stop-loss and take-profit inherited from improved 4.",2024-06-30,VRT,Industrials,1.0497440577339059,100000.0,-0.05,0.0,-0.05
improved_6_hzz_cross_sectional_trend_stop_take_top10,"Improved 6: replace the index-derived trend factor with a Han, Zhou, Zhu (2016) cross-sectional trend factor. Monthly OLS of next-month returns on 11 normalized MA ratios across the eligible cross-section, strict 12-month trailing-mean smoothing of past betas, per-stock predicted-return signal. Stop-loss and take-profit inherited from improved 4.",2024-06-30,KKR,Financials,0.9864796685739718,100000.0,0.1575246132204353,0.0,0.1575246132204353
improved_6_hzz_cross_sectional_trend_stop_take_top10,"Improved 6: replace the index-derived trend factor with a Han, Zhou, Zhu (2016) cross-sectional trend factor. Monthly OLS of next-month returns on 11 normalized MA ratios across the eligible cross-section, strict 12-month trailing-mean smoothing of past betas, per-stock predicted-return signal. Stop-loss and take-profit inherited from improved 4.",2024-06-30,NTAP,Information Technology,0.9177339434637612,100000.0,-0.05,0.0,-0.05
improved_6_hzz_cross_sectional_trend_stop_take_top10,"Improved 6: replace the index-derived trend factor with a Han, Zhou, Zhu (2016) cross-sectional trend factor. Monthly OLS of next-month returns on 11 normalized MA ratios across the eligible cross-section, strict 12-month trailing-mean smoothing of past betas, per-stock predicted-return signal. Stop-loss and take-profit inherited from improved 4.",2024-07-31,CVNA,Consumer Discretionary,1.6149367833050425,100000.0,-0.05,0.0,-0.05
improved_6_hzz_cross_sectional_trend_stop_take_top10,"Improved 6: replace the index-derived trend factor with a Han, Zhou, Zhu (2016) cross-sectional trend factor. Monthly OLS of next-month returns on 11 normalized MA ratios across the eligible cross-section, strict 12-month trailing-mean smoothing of past betas, per-stock predicted-return signal. Stop-loss and take-profit inherited from improved 4.",2024-07-31,WSM,Consumer Discretionary,1.6067396118114987,100000.0,-0.05,0.0,-0.05
improved_6_hzz_cross_sectional_trend_stop_take_top10,"Improved 6: replace the index-derived trend factor with a Han, Zhou, Zhu (2016) cross-sectional trend factor. Monthly OLS of next-month returns on 11 normalized MA ratios across the eligible cross-section, strict 12-month trailing-mean smoothing of past betas, per-stock predicted-return signal. Stop-loss and take-profit inherited from improved 4.",2024-07-31,SMCI,Information Technology,1.5157935914594831,100000.0,-0.05,0.0,-0.05
improved_6_hzz_cross_sectional_trend_stop_take_top10,"Improved 6: replace the index-derived trend factor with a Han, Zhou, Zhu (2016) cross-sectional trend factor. Monthly OLS of next-month returns on 11 normalized MA ratios across the eligible cross-section, strict 12-month trailing-mean smoothing of past betas, per-stock predicted-return signal. Stop-loss and take-profit inherited from improved 4.",2024-07-31,NVDA,Information Technology,1.4338451102437868,100000.0,-0.05,0.0,-0.05
improved_6_hzz_cross_sectional_trend_stop_take_top10,"Improved 6: replace the index-derived trend factor with a Han, Zhou, Zhu (2016) cross-sectional trend factor. Monthly OLS of next-month returns on 11 normalized MA ratios across the eligible cross-section, strict 12-month trailing-mean smoothing of past betas, per-stock predicted-return signal. Stop-loss and take-profit inherited from improved 4.",2024-07-31,VRT,Industrials,1.4148229535506338,100000.0,-0.05,0.0,-0.05
improved_6_hzz_cross_sectional_trend_stop_take_top10,"Improved 6: replace the index-derived trend factor with a Han, Zhou, Zhu (2016) cross-sectional trend factor. Monthly OLS of next-month returns on 11 normalized MA ratios across the eligible cross-section, strict 12-month trailing-mean smoothing of past betas, per-stock predicted-return signal. Stop-loss and take-profit inherited from improved 4.",2024-07-31,ANET,Information Technology,1.2788410330035171,100000.0,-0.05,0.0,-0.05
improved_6_hzz_cross_sectional_trend_stop_take_top10,"Improved 6: replace the index-derived trend factor with a Han, Zhou, Zhu (2016) cross-sectional trend factor. Monthly OLS of next-month returns on 11 normalized MA ratios across the eligible cross-section, strict 12-month trailing-mean smoothing of past betas, per-stock predicted-return signal. Stop-loss and take-profit inherited from improved 4.",2024-07-31,NRG,Utilities,1.2781861264395773,100000.0,-0.05,0.0,-0.05
improved_6_hzz_cross_sectional_trend_stop_take_top10,"Improved 6: replace the index-derived trend factor with a Han, Zhou, Zhu (2016) cross-sectional trend factor. Monthly OLS of next-month returns on 11 normalized MA ratios across the eligible cross-section, strict 12-month trailing-mean smoothing of past betas, per-stock predicted-return signal. Stop-loss and take-profit inherited from improved 4.",2024-07-31,COR,Health Care,1.230736156227442,100000.0,-6.721835098844053e-05,0.0,-6.721835098844053e-05
improved_6_hzz_cross_sectional_trend_stop_take_top10,"Improved 6: replace the index-derived trend factor with a Han, Zhou, Zhu (2016) cross-sectional trend factor. Monthly OLS of next-month returns on 11 normalized MA ratios across the eligible cross-section, strict 12-month trailing-mean smoothing of past betas, per-stock predicted-return signal. Stop-loss and take-profit inherited from improved 4.",2024-07-31,FIX,Industrials,1.21308000597249,100000.0,-0.05,0.0,-0.05
improved_6_hzz_cross_sectional_trend_stop_take_top10,"Improved 6: replace the index-derived trend factor with a Han, Zhou, Zhu (2016) cross-sectional trend factor. Monthly OLS of next-month returns on 11 normalized MA ratios across the eligible cross-section, strict 12-month trailing-mean smoothing of past betas, per-stock predicted-return signal. Stop-loss and take-profit inherited from improved 4.",2024-07-31,HD,Consumer Discretionary,1.1968699193019225,100000.0,-0.05,0.0,-0.05
improved_6_hzz_cross_sectional_trend_stop_take_top10,"Improved 6: replace the index-derived trend factor with a Han, Zhou, Zhu (2016) cross-sectional trend factor. Monthly OLS of next-month returns on 11 normalized MA ratios across the eligible cross-section, strict 12-month trailing-mean smoothing of past betas, per-stock predicted-return signal. Stop-loss and take-profit inherited from improved 4.",2024-08-31,NRG,Utilities,1.8111779288418712,100000.0,-0.05,0.0,-0.05
improved_6_hzz_cross_sectional_trend_stop_take_top10,"Improved 6: replace the index-derived trend factor with a Han, Zhou, Zhu (2016) cross-sectional trend factor. Monthly OLS of next-month returns on 11 normalized MA ratios across the eligible cross-section, strict 12-month trailing-mean smoothing of past betas, per-stock predicted-return signal. Stop-loss and take-profit inherited from improved 4.",2024-08-31,NVDA,Information Technology,1.590358999324448,100000.0,-0.05,0.0,-0.05
improved_6_hzz_cross_sectional_trend_stop_take_top10,"Improved 6: replace the index-derived trend factor with a Han, Zhou, Zhu (2016) cross-sectional trend factor. Monthly OLS of next-month returns on 11 normalized MA ratios across the eligible cross-section, strict 12-month trailing-mean smoothing of past betas, per-stock predicted-return signal. Stop-loss and take-profit inherited from improved 4.",2024-08-31,CVNA,Consumer Discretionary,1.587897223442979,100000.0,-0.05,0.0,-0.05
improved_6_hzz_cross_sectional_trend_stop_take_top10,"Improved 6: replace the index-derived trend factor with a Han, Zhou, Zhu (2016) cross-sectional trend factor. Monthly OLS of next-month returns on 11 normalized MA ratios across the eligible cross-section, strict 12-month trailing-mean smoothing of past betas, per-stock predicted-return signal. Stop-loss and take-profit inherited from improved 4.",2024-08-31,WSM,Consumer Discretionary,1.4311938296634437,100000.0,0.1643742953770504,0.0,0.1643742953770504
improved_6_hzz_cross_sectional_trend_stop_take_top10,"Improved 6: replace the index-derived trend factor with a Han, Zhou, Zhu (2016) cross-sectional trend factor. Monthly OLS of next-month returns on 11 normalized MA ratios across the eligible cross-section, strict 12-month trailing-mean smoothing of past betas, per-stock predicted-return signal. Stop-loss and take-profit inherited from improved 4.",2024-08-31,VRT,Industrials,1.2973935501971674,100000.0,-0.05,0.0,-0.05
improved_6_hzz_cross_sectional_trend_stop_take_top10,"Improved 6: replace the index-derived trend factor with a Han, Zhou, Zhu (2016) cross-sectional trend factor. Monthly OLS of next-month returns on 11 normalized MA ratios across the eligible cross-section, strict 12-month trailing-mean smoothing of past betas, per-stock predicted-return signal. Stop-loss and take-profit inherited from improved 4.",2024-08-31,COR,Health Care,1.2568395037062947,100000.0,-0.05,0.0,-0.05
improved_6_hzz_cross_sectional_trend_stop_take_top10,"Improved 6: replace the index-derived trend factor with a Han, Zhou, Zhu (2016) cross-sectional trend factor. Monthly OLS of next-month returns on 11 normalized MA ratios across the eligible cross-section, strict 12-month trailing-mean smoothing of past betas, per-stock predicted-return signal. Stop-loss and take-profit inherited from improved 4.",2024-08-31,SMCI,Information Technology,1.2273281461161676,100000.0,-0.05,0.0,-0.05
improved_6_hzz_cross_sectional_trend_stop_take_top10,"Improved 6: replace the index-derived trend factor with a Han, Zhou, Zhu (2016) cross-sectional trend factor. Monthly OLS of next-month returns on 11 normalized MA ratios across the eligible cross-section, strict 12-month trailing-mean smoothing of past betas, per-stock predicted-return signal. Stop-loss and take-profit inherited from improved 4.",2024-08-31,FIX,Industrials,1.165646373531076,100000.0,-0.05,0.0,-0.05
improved_6_hzz_cross_sectional_trend_stop_take_top10,"Improved 6: replace the index-derived trend factor with a Han, Zhou, Zhu (2016) cross-sectional trend factor. Monthly OLS of next-month returns on 11 normalized MA ratios across the eligible cross-section, strict 12-month trailing-mean smoothing of past betas, per-stock predicted-return signal. Stop-loss and take-profit inherited from improved 4.",2024-08-31,DECK,Consumer Discretionary,1.1524438372939465,100000.0,-0.05,0.0,-0.05
improved_6_hzz_cross_sectional_trend_stop_take_top10,"Improved 6: replace the index-derived trend factor with a Han, Zhou, Zhu (2016) cross-sectional trend factor. Monthly OLS of next-month returns on 11 normalized MA ratios across the eligible cross-section, strict 12-month trailing-mean smoothing of past betas, per-stock predicted-return signal. Stop-loss and take-profit inherited from improved 4.",2024-08-31,VST,Utilities,1.1244866593149805,100000.0,-0.05,0.0,-0.05
improved_6_hzz_cross_sectional_trend_stop_take_top10,"Improved 6: replace the index-derived trend factor with a Han, Zhou, Zhu (2016) cross-sectional trend factor. Monthly OLS of next-month returns on 11 normalized MA ratios across the eligible cross-section, strict 12-month trailing-mean smoothing of past betas, per-stock predicted-return signal. Stop-loss and take-profit inherited from improved 4.",2024-09-30,VRT,Industrials,1.7555536926147233,100000.0,0.0970688616737989,0.0,0.0970688616737989
improved_6_hzz_cross_sectional_trend_stop_take_top10,"Improved 6: replace the index-derived trend factor with a Han, Zhou, Zhu (2016) cross-sectional trend factor. Monthly OLS of next-month returns on 11 normalized MA ratios across the eligible cross-section, strict 12-month trailing-mean smoothing of past betas, per-stock predicted-return signal. Stop-loss and take-profit inherited from improved 4.",2024-09-30,NVDA,Information Technology,1.6257438143516645,100000.0,-0.05,0.0,-0.05
improved_6_hzz_cross_sectional_trend_stop_take_top10,"Improved 6: replace the index-derived trend factor with a Han, Zhou, Zhu (2016) cross-sectional trend factor. Monthly OLS of next-month returns on 11 normalized MA ratios across the eligible cross-section, strict 12-month trailing-mean smoothing of past betas, per-stock predicted-return signal. Stop-loss and take-profit inherited from improved 4.",2024-09-30,VST,Utilities,1.6139737044108036,100000.0,0.0589830508479205,0.0,0.0589830508479205
improved_6_hzz_cross_sectional_trend_stop_take_top10,"Improved 6: replace the index-derived trend factor with a Han, Zhou, Zhu (2016) cross-sectional trend factor. Monthly OLS of next-month returns on 11 normalized MA ratios across the eligible cross-section, strict 12-month trailing-mean smoothing of past betas, per-stock predicted-return signal. Stop-loss and take-profit inherited from improved 4.",2024-09-30,WSM,Consumer Discretionary,1.480990930290484,100000.0,-0.05,0.0,-0.05
improved_6_hzz_cross_sectional_trend_stop_take_top10,"Improved 6: replace the index-derived trend factor with a Han, Zhou, Zhu (2016) cross-sectional trend factor. Monthly OLS of next-month returns on 11 normalized MA ratios across the eligible cross-section, strict 12-month trailing-mean smoothing of past betas, per-stock predicted-return signal. Stop-loss and take-profit inherited from improved 4.",2024-09-30,NRG,Utilities,1.406220652172657,100000.0,-0.05,0.0,-0.05
improved_6_hzz_cross_sectional_trend_stop_take_top10,"Improved 6: replace the index-derived trend factor with a Han, Zhou, Zhu (2016) cross-sectional trend factor. Monthly OLS of next-month returns on 11 normalized MA ratios across the eligible cross-section, strict 12-month trailing-mean smoothing of past betas, per-stock predicted-return signal. Stop-loss and take-profit inherited from improved 4.",2024-09-30,FIX,Industrials,1.241249460040351,100000.0,-0.05,0.0,-0.05
improved_6_hzz_cross_sectional_trend_stop_take_top10,"Improved 6: replace the index-derived trend factor with a Han, Zhou, Zhu (2016) cross-sectional trend factor. Monthly OLS of next-month returns on 11 normalized MA ratios across the eligible cross-section, strict 12-month trailing-mean smoothing of past betas, per-stock predicted-return signal. Stop-loss and take-profit inherited from improved 4.",2024-09-30,EME,Industrials,1.226441634037457,100000.0,0.0415884523156147,0.0,0.0415884523156147
improved_6_hzz_cross_sectional_trend_stop_take_top10,"Improved 6: replace the index-derived trend factor with a Han, Zhou, Zhu (2016) cross-sectional trend factor. Monthly OLS of next-month returns on 11 normalized MA ratios across the eligible cross-section, strict 12-month trailing-mean smoothing of past betas, per-stock predicted-return signal. Stop-loss and take-profit inherited from improved 4.",2024-09-30,SMCI,Information Technology,1.173769744845598,100000.0,-0.05,0.0,-0.05
improved_6_hzz_cross_sectional_trend_stop_take_top10,"Improved 6: replace the index-derived trend factor with a Han, Zhou, Zhu (2016) cross-sectional trend factor. Monthly OLS of next-month returns on 11 normalized MA ratios across the eligible cross-section, strict 12-month trailing-mean smoothing of past betas, per-stock predicted-return signal. Stop-loss and take-profit inherited from improved 4.",2024-09-30,LII,Industrials,1.12921814941126,100000.0,-0.0008125228004901,0.0,-0.0008125228004901
improved_6_hzz_cross_sectional_trend_stop_take_top10,"Improved 6: replace the index-derived trend factor with a Han, Zhou, Zhu (2016) cross-sectional trend factor. Monthly OLS of next-month returns on 11 normalized MA ratios across the eligible cross-section, strict 12-month trailing-mean smoothing of past betas, per-stock predicted-return signal. Stop-loss and take-profit inherited from improved 4.",2024-09-30,HD,Consumer Discretionary,1.0604115571816968,100000.0,-0.025419533686573,0.0,-0.025419533686573
improved_6_hzz_cross_sectional_trend_stop_take_top10,"Improved 6: replace the index-derived trend factor with a Han, Zhou, Zhu (2016) cross-sectional trend factor. Monthly OLS of next-month returns on 11 normalized MA ratios across the eligible cross-section, strict 12-month trailing-mean smoothing of past betas, per-stock predicted-return signal. Stop-loss and take-profit inherited from improved 4.",2024-10-31,GDDY,Information Technology,2.2646072886822064,100000.0,0.1774837594612313,0.0,0.1774837594612313
improved_6_hzz_cross_sectional_trend_stop_take_top10,"Improved 6: replace the index-derived trend factor with a Han, Zhou, Zhu (2016) cross-sectional trend factor. Monthly OLS of next-month returns on 11 normalized MA ratios across the eligible cross-section, strict 12-month trailing-mean smoothing of past betas, per-stock predicted-return signal. Stop-loss and take-profit inherited from improved 4.",2024-10-31,NVDA,Information Technology,1.8921215659362463,100000.0,0.0263548626575431,0.0,0.0263548626575431
improved_6_hzz_cross_sectional_trend_stop_take_top10,"Improved 6: replace the index-derived trend factor with a Han, Zhou, Zhu (2016) cross-sectional trend factor. Monthly OLS of next-month returns on 11 normalized MA ratios across the eligible cross-section, strict 12-month trailing-mean smoothing of past betas, per-stock predicted-return signal. Stop-loss and take-profit inherited from improved 4.",2024-10-31,VST,Utilities,1.3169332205922888,100000.0,-0.05,0.0,-0.05
improved_6_hzz_cross_sectional_trend_stop_take_top10,"Improved 6: replace the index-derived trend factor with a Han, Zhou, Zhu (2016) cross-sectional trend factor. Monthly OLS of next-month returns on 11 normalized MA ratios across the eligible cross-section, strict 12-month trailing-mean smoothing of past betas, per-stock predicted-return signal. Stop-loss and take-profit inherited from improved 4.",2024-10-31,CL,Consumer Staples,1.2592859659076803,100000.0,0.0288543441230972,0.0,0.0288543441230972
improved_6_hzz_cross_sectional_trend_stop_take_top10,"Improved 6: replace the index-derived trend factor with a Han, Zhou, Zhu (2016) cross-sectional trend factor. Monthly OLS of next-month returns on 11 normalized MA ratios across the eligible cross-section, strict 12-month trailing-mean smoothing of past betas, per-stock predicted-return signal. Stop-loss and take-profit inherited from improved 4.",2024-10-31,VRT,Industrials,1.2022885055040662,100000.0,0.3,0.0,0.3
improved_6_hzz_cross_sectional_trend_stop_take_top10,"Improved 6: replace the index-derived trend factor with a Han, Zhou, Zhu (2016) cross-sectional trend factor. Monthly OLS of next-month returns on 11 normalized MA ratios across the eligible cross-section, strict 12-month trailing-mean smoothing of past betas, per-stock predicted-return signal. Stop-loss and take-profit inherited from improved 4.",2024-10-31,MSI,Information Technology,1.199585187600002,100000.0,0.105482058315951,0.0,0.105482058315951
improved_6_hzz_cross_sectional_trend_stop_take_top10,"Improved 6: replace the index-derived trend factor with a Han, Zhou, Zhu (2016) cross-sectional trend factor. Monthly OLS of next-month returns on 11 normalized MA ratios across the eligible cross-section, strict 12-month trailing-mean smoothing of past betas, per-stock predicted-return signal. Stop-loss and take-profit inherited from improved 4.",2024-10-31,EME,Industrials,1.187703204985398,100000.0,0.1148701809599326,0.0,0.1148701809599326
improved_6_hzz_cross_sectional_trend_stop_take_top10,"Improved 6: replace the index-derived trend factor with a Han, Zhou, Zhu (2016) cross-sectional trend factor. Monthly OLS of next-month returns on 11 normalized MA ratios across the eligible cross-section, strict 12-month trailing-mean smoothing of past betas, per-stock predicted-return signal. Stop-loss and take-profit inherited from improved 4.",2024-10-31,FIX,Industrials,1.1768146236005421,100000.0,0.2484204554731441,0.0,0.2484204554731441
improved_6_hzz_cross_sectional_trend_stop_take_top10,"Improved 6: replace the index-derived trend factor with a Han, Zhou, Zhu (2016) cross-sectional trend factor. Monthly OLS of next-month returns on 11 normalized MA ratios across the eligible cross-section, strict 12-month trailing-mean smoothing of past betas, per-stock predicted-return signal. Stop-loss and take-profit inherited from improved 4.",2024-10-31,RCL,Consumer Discretionary,1.1434177064718003,100000.0,0.1824039532969679,0.0,0.1824039532969679
improved_6_hzz_cross_sectional_trend_stop_take_top10,"Improved 6: replace the index-derived trend factor with a Han, Zhou, Zhu (2016) cross-sectional trend factor. Monthly OLS of next-month returns on 11 normalized MA ratios across the eligible cross-section, strict 12-month trailing-mean smoothing of past betas, per-stock predicted-return signal. Stop-loss and take-profit inherited from improved 4.",2024-10-31,WSM,Consumer Discretionary,1.1235261991093581,100000.0,-0.05,0.0,-0.05
improved_6_hzz_cross_sectional_trend_stop_take_top10,"Improved 6: replace the index-derived trend factor with a Han, Zhou, Zhu (2016) cross-sectional trend factor. Monthly OLS of next-month returns on 11 normalized MA ratios across the eligible cross-section, strict 12-month trailing-mean smoothing of past betas, per-stock predicted-return signal. Stop-loss and take-profit inherited from improved 4.",2024-11-30,GDDY,Information Technology,2.134138074421915,100000.0,-0.0020225514486524,0.0,-0.0020225514486524
improved_6_hzz_cross_sectional_trend_stop_take_top10,"Improved 6: replace the index-derived trend factor with a Han, Zhou, Zhu (2016) cross-sectional trend factor. Monthly OLS of next-month returns on 11 normalized MA ratios across the eligible cross-section, strict 12-month trailing-mean smoothing of past betas, per-stock predicted-return signal. Stop-loss and take-profit inherited from improved 4.",2024-11-30,NVDA,Information Technology,1.8701006302322694,100000.0,-0.05,0.0,-0.05
improved_6_hzz_cross_sectional_trend_stop_take_top10,"Improved 6: replace the index-derived trend factor with a Han, Zhou, Zhu (2016) cross-sectional trend factor. Monthly OLS of next-month returns on 11 normalized MA ratios across the eligible cross-section, strict 12-month trailing-mean smoothing of past betas, per-stock predicted-return signal. Stop-loss and take-profit inherited from improved 4.",2024-11-30,VST,Utilities,1.8298250424566747,100000.0,-0.05,0.0,-0.05
improved_6_hzz_cross_sectional_trend_stop_take_top10,"Improved 6: replace the index-derived trend factor with a Han, Zhou, Zhu (2016) cross-sectional trend factor. Monthly OLS of next-month returns on 11 normalized MA ratios across the eligible cross-section, strict 12-month trailing-mean smoothing of past betas, per-stock predicted-return signal. Stop-loss and take-profit inherited from improved 4.",2024-11-30,VRT,Industrials,1.5395701469548013,100000.0,-0.05,0.0,-0.05
improved_6_hzz_cross_sectional_trend_stop_take_top10,"Improved 6: replace the index-derived trend factor with a Han, Zhou, Zhu (2016) cross-sectional trend factor. Monthly OLS of next-month returns on 11 normalized MA ratios across the eligible cross-section, strict 12-month trailing-mean smoothing of past betas, per-stock predicted-return signal. Stop-loss and take-profit inherited from improved 4.",2024-11-30,FTNT,Information Technology,1.5254457590675674,100000.0,-0.009228187919463,0.0,-0.009228187919463
improved_6_hzz_cross_sectional_trend_stop_take_top10,"Improved 6: replace the index-derived trend factor with a Han, Zhou, Zhu (2016) cross-sectional trend factor. Monthly OLS of next-month returns on 11 normalized MA ratios across the eligible cross-section, strict 12-month trailing-mean smoothing of past betas, per-stock predicted-return signal. Stop-loss and take-profit inherited from improved 4.",2024-11-30,TRGP,Energy,1.3239431940773136,100000.0,-0.05,0.0,-0.05
improved_6_hzz_cross_sectional_trend_stop_take_top10,"Improved 6: replace the index-derived trend factor with a Han, Zhou, Zhu (2016) cross-sectional trend factor. Monthly OLS of next-month returns on 11 normalized MA ratios across the eligible cross-section, strict 12-month trailing-mean smoothing of past betas, per-stock predicted-return signal. Stop-loss and take-profit inherited from improved 4.",2024-11-30,TPL,Energy,1.3173729388829873,100000.0,-0.05,0.0,-0.05
improved_6_hzz_cross_sectional_trend_stop_take_top10,"Improved 6: replace the index-derived trend factor with a Han, Zhou, Zhu (2016) cross-sectional trend factor. Monthly OLS of next-month returns on 11 normalized MA ratios across the eligible cross-section, strict 12-month trailing-mean smoothing of past betas, per-stock predicted-return signal. Stop-loss and take-profit inherited from improved 4.",2024-11-30,FIX,Industrials,1.2801823241415788,100000.0,-0.05,0.0,-0.05
improved_6_hzz_cross_sectional_trend_stop_take_top10,"Improved 6: replace the index-derived trend factor with a Han, Zhou, Zhu (2016) cross-sectional trend factor. Monthly OLS of next-month returns on 11 normalized MA ratios across the eligible cross-section, strict 12-month trailing-mean smoothing of past betas, per-stock predicted-return signal. Stop-loss and take-profit inherited from improved 4.",2024-11-30,CL,Consumer Staples,1.2672108616892888,100000.0,-0.05,0.0,-0.05
improved_6_hzz_cross_sectional_trend_stop_take_top10,"Improved 6: replace the index-derived trend factor with a Han, Zhou, Zhu (2016) cross-sectional trend factor. Monthly OLS of next-month returns on 11 normalized MA ratios across the eligible cross-section, strict 12-month trailing-mean smoothing of past betas, per-stock predicted-return signal. Stop-loss and take-profit inherited from improved 4.",2024-11-30,IBKR,Financials,1.264610581683395,100000.0,-0.05,0.0,-0.05
improved_6_hzz_cross_sectional_trend_stop_take_top10,"Improved 6: replace the index-derived trend factor with a Han, Zhou, Zhu (2016) cross-sectional trend factor. Monthly OLS of next-month returns on 11 normalized MA ratios across the eligible cross-section, strict 12-month trailing-mean smoothing of past betas, per-stock predicted-return signal. Stop-loss and take-profit inherited from improved 4.",2024-12-31,GDDY,Information Technology,2.22764774131526,100000.0,0.0685392693834481,0.0,0.0685392693834481
improved_6_hzz_cross_sectional_trend_stop_take_top10,"Improved 6: replace the index-derived trend factor with a Han, Zhou, Zhu (2016) cross-sectional trend factor. Monthly OLS of next-month returns on 11 normalized MA ratios across the eligible cross-section, strict 12-month trailing-mean smoothing of past betas, per-stock predicted-return signal. Stop-loss and take-profit inherited from improved 4.",2024-12-31,NVDA,Information Technology,1.8619594574952347,100000.0,-0.05,0.0,-0.05
improved_6_hzz_cross_sectional_trend_stop_take_top10,"Improved 6: replace the index-derived trend factor with a Han, Zhou, Zhu (2016) cross-sectional trend factor. Monthly OLS of next-month returns on 11 normalized MA ratios across the eligible cross-section, strict 12-month trailing-mean smoothing of past betas, per-stock predicted-return signal. Stop-loss and take-profit inherited from improved 4.",2024-12-31,VST,Utilities,1.6346654177821611,100000.0,-0.05,0.0,-0.05
improved_6_hzz_cross_sectional_trend_stop_take_top10,"Improved 6: replace the index-derived trend factor with a Han, Zhou, Zhu (2016) cross-sectional trend factor. Monthly OLS of next-month returns on 11 normalized MA ratios across the eligible cross-section, strict 12-month trailing-mean smoothing of past betas, per-stock predicted-return signal. Stop-loss and take-profit inherited from improved 4.",2024-12-31,FTNT,Information Technology,1.5918816804767728,100000.0,0.0578859060402683,0.0,0.0578859060402683
improved_6_hzz_cross_sectional_trend_stop_take_top10,"Improved 6: replace the index-derived trend factor with a Han, Zhou, Zhu (2016) cross-sectional trend factor. Monthly OLS of next-month returns on 11 normalized MA ratios across the eligible cross-section, strict 12-month trailing-mean smoothing of past betas, per-stock predicted-return signal. Stop-loss and take-profit inherited from improved 4.",2024-12-31,LYV,Communication Services,1.4811736597925842,100000.0,0.1078101071975499,0.0,0.1078101071975499
improved_6_hzz_cross_sectional_trend_stop_take_top10,"Improved 6: replace the index-derived trend factor with a Han, Zhou, Zhu (2016) cross-sectional trend factor. Monthly OLS of next-month returns on 11 normalized MA ratios across the eligible cross-section, strict 12-month trailing-mean smoothing of past betas, per-stock predicted-return signal. Stop-loss and take-profit inherited from improved 4.",2024-12-31,WSM,Consumer Discretionary,1.4217121857194006,100000.0,0.1338004782474358,0.0,0.1338004782474358
improved_6_hzz_cross_sectional_trend_stop_take_top10,"Improved 6: replace the index-derived trend factor with a Han, Zhou, Zhu (2016) cross-sectional trend factor. Monthly OLS of next-month returns on 11 normalized MA ratios across the eligible cross-section, strict 12-month trailing-mean smoothing of past betas, per-stock predicted-return signal. Stop-loss and take-profit inherited from improved 4.",2024-12-31,CL,Consumer Staples,1.368316837711741,100000.0,-0.05,0.0,-0.05
improved_6_hzz_cross_sectional_trend_stop_take_top10,"Improved 6: replace the index-derived trend factor with a Han, Zhou, Zhu (2016) cross-sectional trend factor. Monthly OLS of next-month returns on 11 normalized MA ratios across the eligible cross-section, strict 12-month trailing-mean smoothing of past betas, per-stock predicted-return signal. Stop-loss and take-profit inherited from improved 4.",2024-12-31,UAL,Industrials,1.339600101756643,100000.0,-0.05,0.0,-0.05
improved_6_hzz_cross_sectional_trend_stop_take_top10,"Improved 6: replace the index-derived trend factor with a Han, Zhou, Zhu (2016) cross-sectional trend factor. Monthly OLS of next-month returns on 11 normalized MA ratios across the eligible cross-section, strict 12-month trailing-mean smoothing of past betas, per-stock predicted-return signal. Stop-loss and take-profit inherited from improved 4.",2024-12-31,DECK,Consumer Discretionary,1.2017393536666168,100000.0,-0.05,0.0,-0.05
improved_6_hzz_cross_sectional_trend_stop_take_top10,"Improved 6: replace the index-derived trend factor with a Han, Zhou, Zhu (2016) cross-sectional trend factor. Monthly OLS of next-month returns on 11 normalized MA ratios across the eligible cross-section, strict 12-month trailing-mean smoothing of past betas, per-stock predicted-return signal. Stop-loss and take-profit inherited from improved 4.",2024-12-31,EME,Industrials,1.132020646641067,100000.0,-0.05,0.0,-0.05
improved_6_hzz_cross_sectional_trend_stop_take_top10,"Improved 6: replace the index-derived trend factor with a Han, Zhou, Zhu (2016) cross-sectional trend factor. Monthly OLS of next-month returns on 11 normalized MA ratios across the eligible cross-section, strict 12-month trailing-mean smoothing of past betas, per-stock predicted-return signal. Stop-loss and take-profit inherited from improved 4.",2025-01-31,GDDY,Information Technology,2.069504903042903,100000.0,-0.05,0.0,-0.05
improved_6_hzz_cross_sectional_trend_stop_take_top10,"Improved 6: replace the index-derived trend factor with a Han, Zhou, Zhu (2016) cross-sectional trend factor. Monthly OLS of next-month returns on 11 normalized MA ratios across the eligible cross-section, strict 12-month trailing-mean smoothing of past betas, per-stock predicted-return signal. Stop-loss and take-profit inherited from improved 4.",2025-01-31,VST,Utilities,1.7574754075628136,100000.0,-0.05,0.0,-0.05
improved_6_hzz_cross_sectional_trend_stop_take_top10,"Improved 6: replace the index-derived trend factor with a Han, Zhou, Zhu (2016) cross-sectional trend factor. Monthly OLS of next-month returns on 11 normalized MA ratios across the eligible cross-section, strict 12-month trailing-mean smoothing of past betas, per-stock predicted-return signal. Stop-loss and take-profit inherited from improved 4.",2025-01-31,LYV,Communication Services,1.516396848869634,100000.0,0.0090800309706484,0.0,0.0090800309706484
improved_6_hzz_cross_sectional_trend_stop_take_top10,"Improved 6: replace the index-derived trend factor with a Han, Zhou, Zhu (2016) cross-sectional trend factor. Monthly OLS of next-month returns on 11 normalized MA ratios across the eligible cross-section, strict 12-month trailing-mean smoothing of past betas, per-stock predicted-return signal. Stop-loss and take-profit inherited from improved 4.",2025-01-31,MMM,Industrials,1.4550775744677584,100000.0,0.0449251043192966,0.0,0.0449251043192966
improved_6_hzz_cross_sectional_trend_stop_take_top10,"Improved 6: replace the index-derived trend factor with a Han, Zhou, Zhu (2016) cross-sectional trend factor. Monthly OLS of next-month returns on 11 normalized MA ratios across the eligible cross-section, strict 12-month trailing-mean smoothing of past betas, per-stock predicted-return signal. Stop-loss and take-profit inherited from improved 4.",2025-01-31,WSM,Consumer Discretionary,1.437085817741918,100000.0,-0.05,0.0,-0.05
improved_6_hzz_cross_sectional_trend_stop_take_top10,"Improved 6: replace the index-derived trend factor with a Han, Zhou, Zhu (2016) cross-sectional trend factor. Monthly OLS of next-month returns on 11 normalized MA ratios across the eligible cross-section, strict 12-month trailing-mean smoothing of past betas, per-stock predicted-return signal. Stop-loss and take-profit inherited from improved 4.",2025-01-31,FTNT,Information Technology,1.3556045249026254,100000.0,0.092444624254071,0.0,0.092444624254071
improved_6_hzz_cross_sectional_trend_stop_take_top10,"Improved 6: replace the index-derived trend factor with a Han, Zhou, Zhu (2016) cross-sectional trend factor. Monthly OLS of next-month returns on 11 normalized MA ratios across the eligible cross-section, strict 12-month trailing-mean smoothing of past betas, per-stock predicted-return signal. Stop-loss and take-profit inherited from improved 4.",2025-01-31,IBKR,Financials,1.3325698428769464,100000.0,-0.05,0.0,-0.05
improved_6_hzz_cross_sectional_trend_stop_take_top10,"Improved 6: replace the index-derived trend factor with a Han, Zhou, Zhu (2016) cross-sectional trend factor. Monthly OLS of next-month returns on 11 normalized MA ratios across the eligible cross-section, strict 12-month trailing-mean smoothing of past betas, per-stock predicted-return signal. Stop-loss and take-profit inherited from improved 4.",2025-01-31,TRGP,Energy,1.3150068682221234,100000.0,0.0318158567778836,0.0,0.0318158567778836
improved_6_hzz_cross_sectional_trend_stop_take_top10,"Improved 6: replace the index-derived trend factor with a Han, Zhou, Zhu (2016) cross-sectional trend factor. Monthly OLS of next-month returns on 11 normalized MA ratios across the eligible cross-section, strict 12-month trailing-mean smoothing of past betas, per-stock predicted-return signal. Stop-loss and take-profit inherited from improved 4.",2025-01-31,UAL,Industrials,1.2540447642805828,100000.0,-0.05,0.0,-0.05
improved_6_hzz_cross_sectional_trend_stop_take_top10,"Improved 6: replace the index-derived trend factor with a Han, Zhou, Zhu (2016) cross-sectional trend factor. Monthly OLS of next-month returns on 11 normalized MA ratios across the eligible cross-section, strict 12-month trailing-mean smoothing of past betas, per-stock predicted-return signal. Stop-loss and take-profit inherited from improved 4.",2025-01-31,HD,Consumer Discretionary,1.208120091795163,100000.0,-0.05,0.0,-0.05
improved_6_hzz_cross_sectional_trend_stop_take_top10,"Improved 6: replace the index-derived trend factor with a Han, Zhou, Zhu (2016) cross-sectional trend factor. Monthly OLS of next-month returns on 11 normalized MA ratios across the eligible cross-section, strict 12-month trailing-mean smoothing of past betas, per-stock predicted-return signal. Stop-loss and take-profit inherited from improved 4.",2025-02-28,CL,Consumer Staples,1.471791301210743,100000.0,0.0297834926917051,0.0,0.0297834926917051
improved_6_hzz_cross_sectional_trend_stop_take_top10,"Improved 6: replace the index-derived trend factor with a Han, Zhou, Zhu (2016) cross-sectional trend factor. Monthly OLS of next-month returns on 11 normalized MA ratios across the eligible cross-section, strict 12-month trailing-mean smoothing of past betas, per-stock predicted-return signal. Stop-loss and take-profit inherited from improved 4.",2025-02-28,LYV,Communication Services,1.4639740811588084,100000.0,-0.05,0.0,-0.05
improved_6_hzz_cross_sectional_trend_stop_take_top10,"Improved 6: replace the index-derived trend factor with a Han, Zhou, Zhu (2016) cross-sectional trend factor. Monthly OLS of next-month returns on 11 normalized MA ratios across the eligible cross-section, strict 12-month trailing-mean smoothing of past betas, per-stock predicted-return signal. Stop-loss and take-profit inherited from improved 4.",2025-02-28,FTNT,Information Technology,1.4443644860066256,100000.0,-0.05,0.0,-0.05
improved_6_hzz_cross_sectional_trend_stop_take_top10,"Improved 6: replace the index-derived trend factor with a Han, Zhou, Zhu (2016) cross-sectional trend factor. Monthly OLS of next-month returns on 11 normalized MA ratios across the eligible cross-section, strict 12-month trailing-mean smoothing of past betas, per-stock predicted-return signal. Stop-loss and take-profit inherited from improved 4.",2025-02-28,VRSK,Industrials,1.4009329290879216,100000.0,0.0083012434835334,0.0,0.0083012434835334
improved_6_hzz_cross_sectional_trend_stop_take_top10,"Improved 6: replace the index-derived trend factor with a Han, Zhou, Zhu (2016) cross-sectional trend factor. Monthly OLS of next-month returns on 11 normalized MA ratios across the eligible cross-section, strict 12-month trailing-mean smoothing of past betas, per-stock predicted-return signal. Stop-loss and take-profit inherited from improved 4.",2025-02-28,KMB,Consumer Staples,1.3995493724949941,100000.0,0.0159889178166623,0.0,0.0159889178166623
improved_6_hzz_cross_sectional_trend_stop_take_top10,"Improved 6: replace the index-derived trend factor with a Han, Zhou, Zhu (2016) cross-sectional trend factor. Monthly OLS of next-month returns on 11 normalized MA ratios across the eligible cross-section, strict 12-month trailing-mean smoothing of past betas, per-stock predicted-return signal. Stop-loss and take-profit inherited from improved 4.",2025-02-28,MMM,Industrials,1.3504280141927978,100000.0,-0.05,0.0,-0.05
improved_6_hzz_cross_sectional_trend_stop_take_top10,"Improved 6: replace the index-derived trend factor with a Han, Zhou, Zhu (2016) cross-sectional trend factor. Monthly OLS of next-month returns on 11 normalized MA ratios across the eligible cross-section, strict 12-month trailing-mean smoothing of past betas, per-stock predicted-return signal. Stop-loss and take-profit inherited from improved 4.",2025-02-28,GDDY,Information Technology,1.115411752761022,100000.0,-0.05,0.0,-0.05
improved_6_hzz_cross_sectional_trend_stop_take_top10,"Improved 6: replace the index-derived trend factor with a Han, Zhou, Zhu (2016) cross-sectional trend factor. Monthly OLS of next-month returns on 11 normalized MA ratios across the eligible cross-section, strict 12-month trailing-mean smoothing of past betas, per-stock predicted-return signal. Stop-loss and take-profit inherited from improved 4.",2025-02-28,FOXA,Communication Services,1.0507423554110866,100000.0,-0.05,0.0,-0.05
improved_6_hzz_cross_sectional_trend_stop_take_top10,"Improved 6: replace the index-derived trend factor with a Han, Zhou, Zhu (2016) cross-sectional trend factor. Monthly OLS of next-month returns on 11 normalized MA ratios across the eligible cross-section, strict 12-month trailing-mean smoothing of past betas, per-stock predicted-return signal. Stop-loss and take-profit inherited from improved 4.",2025-02-28,HD,Consumer Discretionary,0.9999858593236853,100000.0,-0.05,0.0,-0.05
improved_6_hzz_cross_sectional_trend_stop_take_top10,"Improved 6: replace the index-derived trend factor with a Han, Zhou, Zhu (2016) cross-sectional trend factor. Monthly OLS of next-month returns on 11 normalized MA ratios across the eligible cross-section, strict 12-month trailing-mean smoothing of past betas, per-stock predicted-return signal. Stop-loss and take-profit inherited from improved 4.",2025-02-28,CLX,Consumer Staples,0.9942777580516957,100000.0,-0.05,0.0,-0.05
improved_6_hzz_cross_sectional_trend_stop_take_top10,"Improved 6: replace the index-derived trend factor with a Han, Zhou, Zhu (2016) cross-sectional trend factor. Monthly OLS of next-month returns on 11 normalized MA ratios across the eligible cross-section, strict 12-month trailing-mean smoothing of past betas, per-stock predicted-return signal. Stop-loss and take-profit inherited from improved 4.",2025-03-31,CL,Consumer Staples,1.512788704460106,100000.0,-0.05,0.0,-0.05
improved_6_hzz_cross_sectional_trend_stop_take_top10,"Improved 6: replace the index-derived trend factor with a Han, Zhou, Zhu (2016) cross-sectional trend factor. Monthly OLS of next-month returns on 11 normalized MA ratios across the eligible cross-section, strict 12-month trailing-mean smoothing of past betas, per-stock predicted-return signal. Stop-loss and take-profit inherited from improved 4.",2025-03-31,KMB,Consumer Staples,1.3682929366740617,100000.0,-0.05,0.0,-0.05
improved_6_hzz_cross_sectional_trend_stop_take_top10,"Improved 6: replace the index-derived trend factor with a Han, Zhou, Zhu (2016) cross-sectional trend factor. Monthly OLS of next-month returns on 11 normalized MA ratios across the eligible cross-section, strict 12-month trailing-mean smoothing of past betas, per-stock predicted-return signal. Stop-loss and take-profit inherited from improved 4.",2025-03-31,GDDY,Information Technology,1.3455911199193242,100000.0,-0.05,0.0,-0.05
improved_6_hzz_cross_sectional_trend_stop_take_top10,"Improved 6: replace the index-derived trend factor with a Han, Zhou, Zhu (2016) cross-sectional trend factor. Monthly OLS of next-month returns on 11 normalized MA ratios across the eligible cross-section, strict 12-month trailing-mean smoothing of past betas, per-stock predicted-return signal. Stop-loss and take-profit inherited from improved 4.",2025-03-31,MMM,Industrials,1.3171826590185551,100000.0,-0.05,0.0,-0.05
improved_6_hzz_cross_sectional_trend_stop_take_top10,"Improved 6: replace the index-derived trend factor with a Han, Zhou, Zhu (2016) cross-sectional trend factor. Monthly OLS of next-month returns on 11 normalized MA ratios across the eligible cross-section, strict 12-month trailing-mean smoothing of past betas, per-stock predicted-return signal. Stop-loss and take-profit inherited from improved 4.",2025-03-31,VRSK,Industrials,1.2654482999440033,100000.0,-0.05,0.0,-0.05
improved_6_hzz_cross_sectional_trend_stop_take_top10,"Improved 6: replace the index-derived trend factor with a Han, Zhou, Zhu (2016) cross-sectional trend factor. Monthly OLS of next-month returns on 11 normalized MA ratios across the eligible cross-section, strict 12-month trailing-mean smoothing of past betas, per-stock predicted-return signal. Stop-loss and take-profit inherited from improved 4.",2025-03-31,FTNT,Information Technology,1.2330765818877354,100000.0,-0.05,0.0,-0.05
improved_6_hzz_cross_sectional_trend_stop_take_top10,"Improved 6: replace the index-derived trend factor with a Han, Zhou, Zhu (2016) cross-sectional trend factor. Monthly OLS of next-month returns on 11 normalized MA ratios across the eligible cross-section, strict 12-month trailing-mean smoothing of past betas, per-stock predicted-return signal. Stop-loss and take-profit inherited from improved 4.",2025-03-31,FOXA,Communication Services,1.007409738843508,100000.0,-0.05,0.0,-0.05
improved_6_hzz_cross_sectional_trend_stop_take_top10,"Improved 6: replace the index-derived trend factor with a Han, Zhou, Zhu (2016) cross-sectional trend factor. Monthly OLS of next-month returns on 11 normalized MA ratios across the eligible cross-section, strict 12-month trailing-mean smoothing of past betas, per-stock predicted-return signal. Stop-loss and take-profit inherited from improved 4.",2025-03-31,HD,Consumer Discretionary,1.0057685611925085,100000.0,-0.05,0.0,-0.05
improved_6_hzz_cross_sectional_trend_stop_take_top10,"Improved 6: replace the index-derived trend factor with a Han, Zhou, Zhu (2016) cross-sectional trend factor. Monthly OLS of next-month returns on 11 normalized MA ratios across the eligible cross-section, strict 12-month trailing-mean smoothing of past betas, per-stock predicted-return signal. Stop-loss and take-profit inherited from improved 4.",2025-03-31,CLX,Consumer Staples,0.9984434236405881,100000.0,-0.05,0.0,-0.05
improved_6_hzz_cross_sectional_trend_stop_take_top10,"Improved 6: replace the index-derived trend factor with a Han, Zhou, Zhu (2016) cross-sectional trend factor. Monthly OLS of next-month returns on 11 normalized MA ratios across the eligible cross-section, strict 12-month trailing-mean smoothing of past betas, per-stock predicted-return signal. Stop-loss and take-profit inherited from improved 4.",2025-03-31,COR,Health Care,0.9852462177119405,100000.0,0.0489212242849101,0.0,0.0489212242849101
improved_6_hzz_cross_sectional_trend_stop_take_top10,"Improved 6: replace the index-derived trend factor with a Han, Zhou, Zhu (2016) cross-sectional trend factor. Monthly OLS of next-month returns on 11 normalized MA ratios across the eligible cross-section, strict 12-month trailing-mean smoothing of past betas, per-stock predicted-return signal. Stop-loss and take-profit inherited from improved 4.",2025-04-30,APP,Information Technology,1.7215269982095238,100000.0,0.3,0.0,0.3
improved_6_hzz_cross_sectional_trend_stop_take_top10,"Improved 6: replace the index-derived trend factor with a Han, Zhou, Zhu (2016) cross-sectional trend factor. Monthly OLS of next-month returns on 11 normalized MA ratios across the eligible cross-section, strict 12-month trailing-mean smoothing of past betas, per-stock predicted-return signal. Stop-loss and take-profit inherited from improved 4.",2025-04-30,FTNT,Information Technology,1.6127905432145706,100000.0,-0.05,0.0,-0.05
improved_6_hzz_cross_sectional_trend_stop_take_top10,"Improved 6: replace the index-derived trend factor with a Han, Zhou, Zhu (2016) cross-sectional trend factor. Monthly OLS of next-month returns on 11 normalized MA ratios across the eligible cross-section, strict 12-month trailing-mean smoothing of past betas, per-stock predicted-return signal. Stop-loss and take-profit inherited from improved 4.",2025-04-30,GDDY,Information Technology,1.5911453176432322,100000.0,-0.05,0.0,-0.05
improved_6_hzz_cross_sectional_trend_stop_take_top10,"Improved 6: replace the index-derived trend factor with a Han, Zhou, Zhu (2016) cross-sectional trend factor. Monthly OLS of next-month returns on 11 normalized MA ratios across the eligible cross-section, strict 12-month trailing-mean smoothing of past betas, per-stock predicted-return signal. Stop-loss and take-profit inherited from improved 4.",2025-04-30,LYV,Communication Services,1.4892129155386498,100000.0,0.0285650022492127,0.0,0.0285650022492127
improved_6_hzz_cross_sectional_trend_stop_take_top10,"Improved 6: replace the index-derived trend factor with a Han, Zhou, Zhu (2016) cross-sectional trend factor. Monthly OLS of next-month returns on 11 normalized MA ratios across the eligible cross-section, strict 12-month trailing-mean smoothing of past betas, per-stock predicted-return signal. Stop-loss and take-profit inherited from improved 4.",2025-04-30,CL,Consumer Staples,1.3414523568201304,100000.0,0.0195261079413657,0.0,0.0195261079413657
improved_6_hzz_cross_sectional_trend_stop_take_top10,"Improved 6: replace the index-derived trend factor with a Han, Zhou, Zhu (2016) cross-sectional trend factor. Monthly OLS of next-month returns on 11 normalized MA ratios across the eligible cross-section, strict 12-month trailing-mean smoothing of past betas, per-stock predicted-return signal. Stop-loss and take-profit inherited from improved 4.",2025-04-30,HD,Consumer Discretionary,1.2830701211630753,100000.0,0.0221475951263614,0.0,0.0221475951263614
improved_6_hzz_cross_sectional_trend_stop_take_top10,"Improved 6: replace the index-derived trend factor with a Han, Zhou, Zhu (2016) cross-sectional trend factor. Monthly OLS of next-month returns on 11 normalized MA ratios across the eligible cross-section, strict 12-month trailing-mean smoothing of past betas, per-stock predicted-return signal. Stop-loss and take-profit inherited from improved 4.",2025-04-30,VRSK,Industrials,1.246637992130258,100000.0,0.0666893039048865,0.0,0.0666893039048865
improved_6_hzz_cross_sectional_trend_stop_take_top10,"Improved 6: replace the index-derived trend factor with a Han, Zhou, Zhu (2016) cross-sectional trend factor. Monthly OLS of next-month returns on 11 normalized MA ratios across the eligible cross-section, strict 12-month trailing-mean smoothing of past betas, per-stock predicted-return signal. Stop-loss and take-profit inherited from improved 4.",2025-04-30,TPL,Energy,1.2418490078202136,100000.0,-0.05,0.0,-0.05
improved_6_hzz_cross_sectional_trend_stop_take_top10,"Improved 6: replace the index-derived trend factor with a Han, Zhou, Zhu (2016) cross-sectional trend factor. Monthly OLS of next-month returns on 11 normalized MA ratios across the eligible cross-section, strict 12-month trailing-mean smoothing of past betas, per-stock predicted-return signal. Stop-loss and take-profit inherited from improved 4.",2025-04-30,VST,Utilities,1.1048310206625587,100000.0,0.1663397980675469,0.0,0.1663397980675469
improved_6_hzz_cross_sectional_trend_stop_take_top10,"Improved 6: replace the index-derived trend factor with a Han, Zhou, Zhu (2016) cross-sectional trend factor. Monthly OLS of next-month returns on 11 normalized MA ratios across the eligible cross-section, strict 12-month trailing-mean smoothing of past betas, per-stock predicted-return signal. Stop-loss and take-profit inherited from improved 4.",2025-04-30,CLX,Consumer Staples,1.0635602617817388,100000.0,-0.05,0.0,-0.05
improved_6_hzz_cross_sectional_trend_stop_take_top10,"Improved 6: replace the index-derived trend factor with a Han, Zhou, Zhu (2016) cross-sectional trend factor. Monthly OLS of next-month returns on 11 normalized MA ratios across the eligible cross-section, strict 12-month trailing-mean smoothing of past betas, per-stock predicted-return signal. Stop-loss and take-profit inherited from improved 4.",2025-05-31,APP,Information Technology,2.4477332159282854,100000.0,-0.05,0.0,-0.05
improved_6_hzz_cross_sectional_trend_stop_take_top10,"Improved 6: replace the index-derived trend factor with a Han, Zhou, Zhu (2016) cross-sectional trend factor. Monthly OLS of next-month returns on 11 normalized MA ratios across the eligible cross-section, strict 12-month trailing-mean smoothing of past betas, per-stock predicted-return signal. Stop-loss and take-profit inherited from improved 4.",2025-05-31,LYV,Communication Services,1.5323335405452507,100000.0,0.1049594624205683,0.0,0.1049594624205683
improved_6_hzz_cross_sectional_trend_stop_take_top10,"Improved 6: replace the index-derived trend factor with a Han, Zhou, Zhu (2016) cross-sectional trend factor. Monthly OLS of next-month returns on 11 normalized MA ratios across the eligible cross-section, strict 12-month trailing-mean smoothing of past betas, per-stock predicted-return signal. Stop-loss and take-profit inherited from improved 4.",2025-05-31,NRG,Utilities,1.4017076656403056,100000.0,-0.05,0.0,-0.05
improved_6_hzz_cross_sectional_trend_stop_take_top10,"Improved 6: replace the index-derived trend factor with a Han, Zhou, Zhu (2016) cross-sectional trend factor. Monthly OLS of next-month returns on 11 normalized MA ratios across the eligible cross-section, strict 12-month trailing-mean smoothing of past betas, per-stock predicted-return signal. Stop-loss and take-profit inherited from improved 4.",2025-05-31,FTNT,Information Technology,1.3075879255414555,100000.0,0.0456973293768545,0.0,0.0456973293768545
improved_6_hzz_cross_sectional_trend_stop_take_top10,"Improved 6: replace the index-derived trend factor with a Han, Zhou, Zhu (2016) cross-sectional trend factor. Monthly OLS of next-month returns on 11 normalized MA ratios across the eligible cross-section, strict 12-month trailing-mean smoothing of past betas, per-stock predicted-return signal. Stop-loss and take-profit inherited from improved 4.",2025-05-31,VST,Utilities,1.2372270677726336,100000.0,0.2082861215311813,0.0,0.2082861215311813
improved_6_hzz_cross_sectional_trend_stop_take_top10,"Improved 6: replace the index-derived trend factor with a Han, Zhou, Zhu (2016) cross-sectional trend factor. Monthly OLS of next-month returns on 11 normalized MA ratios across the eligible cross-section, strict 12-month trailing-mean smoothing of past betas, per-stock predicted-return signal. Stop-loss and take-profit inherited from improved 4.",2025-05-31,VRSK,Industrials,1.1989380458224401,100000.0,-0.0023615076650259,0.0,-0.0023615076650259
improved_6_hzz_cross_sectional_trend_stop_take_top10,"Improved 6: replace the index-derived trend factor with a Han, Zhou, Zhu (2016) cross-sectional trend factor. Monthly OLS of next-month returns on 11 normalized MA ratios across the eligible cross-section, strict 12-month trailing-mean smoothing of past betas, per-stock predicted-return signal. Stop-loss and take-profit inherited from improved 4.",2025-05-31,GDDY,Information Technology,1.193046900057543,100000.0,-0.0108223919134208,0.0,-0.0108223919134208
improved_6_hzz_cross_sectional_trend_stop_take_top10,"Improved 6: replace the index-derived trend factor with a Han, Zhou, Zhu (2016) cross-sectional trend factor. Monthly OLS of next-month returns on 11 normalized MA ratios across the eligible cross-section, strict 12-month trailing-mean smoothing of past betas, per-stock predicted-return signal. Stop-loss and take-profit inherited from improved 4.",2025-05-31,KMB,Consumer Staples,1.1798129300951588,100000.0,-0.05,0.0,-0.05
improved_6_hzz_cross_sectional_trend_stop_take_top10,"Improved 6: replace the index-derived trend factor with a Han, Zhou, Zhu (2016) cross-sectional trend factor. Monthly OLS of next-month returns on 11 normalized MA ratios across the eligible cross-section, strict 12-month trailing-mean smoothing of past betas, per-stock predicted-return signal. Stop-loss and take-profit inherited from improved 4.",2025-05-31,COR,Health Care,1.1595659786977517,100000.0,0.0329325846566481,0.0,0.0329325846566481
improved_6_hzz_cross_sectional_trend_stop_take_top10,"Improved 6: replace the index-derived trend factor with a Han, Zhou, Zhu (2016) cross-sectional trend factor. Monthly OLS of next-month returns on 11 normalized MA ratios across the eligible cross-section, strict 12-month trailing-mean smoothing of past betas, per-stock predicted-return signal. Stop-loss and take-profit inherited from improved 4.",2025-05-31,DVA,Health Care,1.1225225984331193,100000.0,0.0499742021080562,0.0,0.0499742021080562
improved_6_hzz_cross_sectional_trend_stop_take_top10,"Improved 6: replace the index-derived trend factor with a Han, Zhou, Zhu (2016) cross-sectional trend factor. Monthly OLS of next-month returns on 11 normalized MA ratios across the eligible cross-section, strict 12-month trailing-mean smoothing of past betas, per-stock predicted-return signal. Stop-loss and take-profit inherited from improved 4.",2025-06-30,APP,Information Technology,2.2856829466469883,100000.0,-0.05,0.0,-0.05
improved_6_hzz_cross_sectional_trend_stop_take_top10,"Improved 6: replace the index-derived trend factor with a Han, Zhou, Zhu (2016) cross-sectional trend factor. Monthly OLS of next-month returns on 11 normalized MA ratios across the eligible cross-section, strict 12-month trailing-mean smoothing of past betas, per-stock predicted-return signal. Stop-loss and take-profit inherited from improved 4.",2025-06-30,VST,Utilities,1.563478414582964,100000.0,-0.05,0.0,-0.05
improved_6_hzz_cross_sectional_trend_stop_take_top10,"Improved 6: replace the index-derived trend factor with a Han, Zhou, Zhu (2016) cross-sectional trend factor. Monthly OLS of next-month returns on 11 normalized MA ratios across the eligible cross-section, strict 12-month trailing-mean smoothing of past betas, per-stock predicted-return signal. Stop-loss and take-profit inherited from improved 4.",2025-06-30,LYV,Communication Services,1.3627806284625088,100000.0,-0.05,0.0,-0.05
improved_6_hzz_cross_sectional_trend_stop_take_top10,"Improved 6: replace the index-derived trend factor with a Han, Zhou, Zhu (2016) cross-sectional trend factor. Monthly OLS of next-month returns on 11 normalized MA ratios across the eligible cross-section, strict 12-month trailing-mean smoothing of past betas, per-stock predicted-return signal. Stop-loss and take-profit inherited from improved 4.",2025-06-30,DVA,Health Care,1.2744119232641522,100000.0,-0.0144632451028575,0.0,-0.0144632451028575
improved_6_hzz_cross_sectional_trend_stop_take_top10,"Improved 6: replace the index-derived trend factor with a Han, Zhou, Zhu (2016) cross-sectional trend factor. Monthly OLS of next-month returns on 11 normalized MA ratios across the eligible cross-section, strict 12-month trailing-mean smoothing of past betas, per-stock predicted-return signal. Stop-loss and take-profit inherited from improved 4.",2025-06-30,JBL,Information Technology,1.2519048088881122,100000.0,0.0236686390534202,0.0,0.0236686390534202
improved_6_hzz_cross_sectional_trend_stop_take_top10,"Improved 6: replace the index-derived trend factor with a Han, Zhou, Zhu (2016) cross-sectional trend factor. Monthly OLS of next-month returns on 11 normalized MA ratios across the eligible cross-section, strict 12-month trailing-mean smoothing of past betas, per-stock predicted-return signal. Stop-loss and take-profit inherited from improved 4.",2025-06-30,FTNT,Information Technology,1.1964451932191724,100000.0,-0.05,0.0,-0.05
improved_6_hzz_cross_sectional_trend_stop_take_top10,"Improved 6: replace the index-derived trend factor with a Han, Zhou, Zhu (2016) cross-sectional trend factor. Monthly OLS of next-month returns on 11 normalized MA ratios across the eligible cross-section, strict 12-month trailing-mean smoothing of past betas, per-stock predicted-return signal. Stop-loss and take-profit inherited from improved 4.",2025-06-30,GDDY,Information Technology,1.1690938375446156,100000.0,-0.05,0.0,-0.05
improved_6_hzz_cross_sectional_trend_stop_take_top10,"Improved 6: replace the index-derived trend factor with a Han, Zhou, Zhu (2016) cross-sectional trend factor. Monthly OLS of next-month returns on 11 normalized MA ratios across the eligible cross-section, strict 12-month trailing-mean smoothing of past betas, per-stock predicted-return signal. Stop-loss and take-profit inherited from improved 4.",2025-06-30,RCL,Consumer Discretionary,1.154020057479477,100000.0,0.0253870967742138,0.0,0.0253870967742138
improved_6_hzz_cross_sectional_trend_stop_take_top10,"Improved 6: replace the index-derived trend factor with a Han, Zhou, Zhu (2016) cross-sectional trend factor. Monthly OLS of next-month returns on 11 normalized MA ratios across the eligible cross-section, strict 12-month trailing-mean smoothing of past betas, per-stock predicted-return signal. Stop-loss and take-profit inherited from improved 4.",2025-06-30,HD,Consumer Discretionary,1.1359732961400744,100000.0,0.0087006642146596,0.0,0.0087006642146596
improved_6_hzz_cross_sectional_trend_stop_take_top10,"Improved 6: replace the index-derived trend factor with a Han, Zhou, Zhu (2016) cross-sectional trend factor. Monthly OLS of next-month returns on 11 normalized MA ratios across the eligible cross-section, strict 12-month trailing-mean smoothing of past betas, per-stock predicted-return signal. Stop-loss and take-profit inherited from improved 4.",2025-06-30,CVNA,Consumer Discretionary,1.111648907955093,100000.0,0.1615659422447157,0.0,0.1615659422447157
improved_6_hzz_cross_sectional_trend_stop_take_top10,"Improved 6: replace the index-derived trend factor with a Han, Zhou, Zhu (2016) cross-sectional trend factor. Monthly OLS of next-month returns on 11 normalized MA ratios across the eligible cross-section, strict 12-month trailing-mean smoothing of past betas, per-stock predicted-return signal. Stop-loss and take-profit inherited from improved 4.",2025-07-31,APP,Information Technology,2.0188725033278634,100000.0,0.2679224288666348,0.0,0.2679224288666348
improved_6_hzz_cross_sectional_trend_stop_take_top10,"Improved 6: replace the index-derived trend factor with a Han, Zhou, Zhu (2016) cross-sectional trend factor. Monthly OLS of next-month returns on 11 normalized MA ratios across the eligible cross-section, strict 12-month trailing-mean smoothing of past betas, per-stock predicted-return signal. Stop-loss and take-profit inherited from improved 4.",2025-07-31,HOOD,Financials,1.6691302795778364,100000.0,0.0637014314928425,0.0,0.0637014314928425
improved_6_hzz_cross_sectional_trend_stop_take_top10,"Improved 6: replace the index-derived trend factor with a Han, Zhou, Zhu (2016) cross-sectional trend factor. Monthly OLS of next-month returns on 11 normalized MA ratios across the eligible cross-section, strict 12-month trailing-mean smoothing of past betas, per-stock predicted-return signal. Stop-loss and take-profit inherited from improved 4.",2025-07-31,VST,Utilities,1.4234230435201523,100000.0,-0.05,0.0,-0.05
improved_6_hzz_cross_sectional_trend_stop_take_top10,"Improved 6: replace the index-derived trend factor with a Han, Zhou, Zhu (2016) cross-sectional trend factor. Monthly OLS of next-month returns on 11 normalized MA ratios across the eligible cross-section, strict 12-month trailing-mean smoothing of past betas, per-stock predicted-return signal. Stop-loss and take-profit inherited from improved 4.",2025-07-31,FIX,Industrials,1.4231213282099464,100000.0,0.0332630669372231,0.0,0.0332630669372231
improved_6_hzz_cross_sectional_trend_stop_take_top10,"Improved 6: replace the index-derived trend factor with a Han, Zhou, Zhu (2016) cross-sectional trend factor. Monthly OLS of next-month returns on 11 normalized MA ratios across the eligible cross-section, strict 12-month trailing-mean smoothing of past betas, per-stock predicted-return signal. Stop-loss and take-profit inherited from improved 4.",2025-07-31,LYV,Communication Services,1.398720496299956,100000.0,0.1401081969458331,0.0,0.1401081969458331
improved_6_hzz_cross_sectional_trend_stop_take_top10,"Improved 6: replace the index-derived trend factor with a Han, Zhou, Zhu (2016) cross-sectional trend factor. Monthly OLS of next-month returns on 11 normalized MA ratios across the eligible cross-section, strict 12-month trailing-mean smoothing of past betas, per-stock predicted-return signal. Stop-loss and take-profit inherited from improved 4.",2025-07-31,TPR,Consumer Discretionary,1.3093331795529966,100000.0,-0.05,0.0,-0.05
improved_6_hzz_cross_sectional_trend_stop_take_top10,"Improved 6: replace the index-derived trend factor with a Han, Zhou, Zhu (2016) cross-sectional trend factor. Monthly OLS of next-month returns on 11 normalized MA ratios across the eligible cross-section, strict 12-month trailing-mean smoothing of past betas, per-stock predicted-return signal. Stop-loss and take-profit inherited from improved 4.",2025-07-31,DVA,Health Care,1.2742370327790613,100000.0,-0.05,0.0,-0.05
improved_6_hzz_cross_sectional_trend_stop_take_top10,"Improved 6: replace the index-derived trend factor with a Han, Zhou, Zhu (2016) cross-sectional trend factor. Monthly OLS of next-month returns on 11 normalized MA ratios across the eligible cross-section, strict 12-month trailing-mean smoothing of past betas, per-stock predicted-return signal. Stop-loss and take-profit inherited from improved 4.",2025-07-31,RCL,Consumer Discretionary,1.2586168061479521,100000.0,0.1737219672981484,0.0,0.1737219672981484
improved_6_hzz_cross_sectional_trend_stop_take_top10,"Improved 6: replace the index-derived trend factor with a Han, Zhou, Zhu (2016) cross-sectional trend factor. Monthly OLS of next-month returns on 11 normalized MA ratios across the eligible cross-section, strict 12-month trailing-mean smoothing of past betas, per-stock predicted-return signal. Stop-loss and take-profit inherited from improved 4.",2025-07-31,IBKR,Financials,1.2323547117659595,100000.0,-0.05,0.0,-0.05
improved_6_hzz_cross_sectional_trend_stop_take_top10,"Improved 6: replace the index-derived trend factor with a Han, Zhou, Zhu (2016) cross-sectional trend factor. Monthly OLS of next-month returns on 11 normalized MA ratios across the eligible cross-section, strict 12-month trailing-mean smoothing of past betas, per-stock predicted-return signal. Stop-loss and take-profit inherited from improved 4.",2025-07-31,EME,Industrials,1.150516895479528,100000.0,0.0184470325409025,0.0,0.0184470325409025
improved_6_hzz_cross_sectional_trend_stop_take_top10,"Improved 6: replace the index-derived trend factor with a Han, Zhou, Zhu (2016) cross-sectional trend factor. Monthly OLS of next-month returns on 11 normalized MA ratios across the eligible cross-section, strict 12-month trailing-mean smoothing of past betas, per-stock predicted-return signal. Stop-loss and take-profit inherited from improved 4.",2025-08-31,APP,Information Technology,2.483096372760972,100000.0,0.3,0.0,0.3
improved_6_hzz_cross_sectional_trend_stop_take_top10,"Improved 6: replace the index-derived trend factor with a Han, Zhou, Zhu (2016) cross-sectional trend factor. Monthly OLS of next-month returns on 11 normalized MA ratios across the eligible cross-section, strict 12-month trailing-mean smoothing of past betas, per-stock predicted-return signal. Stop-loss and take-profit inherited from improved 4.",2025-08-31,UAL,Industrials,1.6268985641897051,100000.0,-0.05,0.0,-0.05
improved_6_hzz_cross_sectional_trend_stop_take_top10,"Improved 6: replace the index-derived trend factor with a Han, Zhou, Zhu (2016) cross-sectional trend factor. Monthly OLS of next-month returns on 11 normalized MA ratios across the eligible cross-section, strict 12-month trailing-mean smoothing of past betas, per-stock predicted-return signal. Stop-loss and take-profit inherited from improved 4.",2025-08-31,LYV,Communication Services,1.4929018749780458,100000.0,-0.0054777845404747,0.0,-0.0054777845404747
improved_6_hzz_cross_sectional_trend_stop_take_top10,"Improved 6: replace the index-derived trend factor with a Han, Zhou, Zhu (2016) cross-sectional trend factor. Monthly OLS of next-month returns on 11 normalized MA ratios across the eligible cross-section, strict 12-month trailing-mean smoothing of past betas, per-stock predicted-return signal. Stop-loss and take-profit inherited from improved 4.",2025-08-31,FIX,Industrials,1.3343374337330531,100000.0,0.2011353711791077,0.0,0.2011353711791077
improved_6_hzz_cross_sectional_trend_stop_take_top10,"Improved 6: replace the index-derived trend factor with a Han, Zhou, Zhu (2016) cross-sectional trend factor. Monthly OLS of next-month returns on 11 normalized MA ratios across the eligible cross-section, strict 12-month trailing-mean smoothing of past betas, per-stock predicted-return signal. Stop-loss and take-profit inherited from improved 4.",2025-08-31,RCL,Consumer Discretionary,1.2086194444131062,100000.0,-0.05,0.0,-0.05
improved_6_hzz_cross_sectional_trend_stop_take_top10,"Improved 6: replace the index-derived trend factor with a Han, Zhou, Zhu (2016) cross-sectional trend factor. Monthly OLS of next-month returns on 11 normalized MA ratios across the eligible cross-section, strict 12-month trailing-mean smoothing of past betas, per-stock predicted-return signal. Stop-loss and take-profit inherited from improved 4.",2025-08-31,EXPE,Consumer Discretionary,1.1309332733609885,100000.0,0.018706064577703,0.0,0.018706064577703
improved_6_hzz_cross_sectional_trend_stop_take_top10,"Improved 6: replace the index-derived trend factor with a Han, Zhou, Zhu (2016) cross-sectional trend factor. Monthly OLS of next-month returns on 11 normalized MA ratios across the eligible cross-section, strict 12-month trailing-mean smoothing of past betas, per-stock predicted-return signal. Stop-loss and take-profit inherited from improved 4.",2025-08-31,HD,Consumer Discretionary,1.124074491433469,100000.0,0.0093482121204884,0.0,0.0093482121204884
improved_6_hzz_cross_sectional_trend_stop_take_top10,"Improved 6: replace the index-derived trend factor with a Han, Zhou, Zhu (2016) cross-sectional trend factor. Monthly OLS of next-month returns on 11 normalized MA ratios across the eligible cross-section, strict 12-month trailing-mean smoothing of past betas, per-stock predicted-return signal. Stop-loss and take-profit inherited from improved 4.",2025-08-31,VST,Utilities,1.1222368725958307,100000.0,0.0627448922238356,0.0,0.0627448922238356
improved_6_hzz_cross_sectional_trend_stop_take_top10,"Improved 6: replace the index-derived trend factor with a Han, Zhou, Zhu (2016) cross-sectional trend factor. Monthly OLS of next-month returns on 11 normalized MA ratios across the eligible cross-section, strict 12-month trailing-mean smoothing of past betas, per-stock predicted-return signal. Stop-loss and take-profit inherited from improved 4.",2025-08-31,CCL,Consumer Discretionary,1.0813039497203258,100000.0,-0.05,0.0,-0.05
improved_6_hzz_cross_sectional_trend_stop_take_top10,"Improved 6: replace the index-derived trend factor with a Han, Zhou, Zhu (2016) cross-sectional trend factor. Monthly OLS of next-month returns on 11 normalized MA ratios across the eligible cross-section, strict 12-month trailing-mean smoothing of past betas, per-stock predicted-return signal. Stop-loss and take-profit inherited from improved 4.",2025-08-31,MA,Financials,1.0241289107185196,100000.0,-0.05,0.0,-0.05
improved_6_hzz_cross_sectional_trend_stop_take_top10,"Improved 6: replace the index-derived trend factor with a Han, Zhou, Zhu (2016) cross-sectional trend factor. Monthly OLS of next-month returns on 11 normalized MA ratios across the eligible cross-section, strict 12-month trailing-mean smoothing of past betas, per-stock predicted-return signal. Stop-loss and take-profit inherited from improved 4.",2025-09-30,APP,Information Technology,2.193097752682304,100000.0,-0.05,0.0,-0.05
improved_6_hzz_cross_sectional_trend_stop_take_top10,"Improved 6: replace the index-derived trend factor with a Han, Zhou, Zhu (2016) cross-sectional trend factor. Monthly OLS of next-month returns on 11 normalized MA ratios across the eligible cross-section, strict 12-month trailing-mean smoothing of past betas, per-stock predicted-return signal. Stop-loss and take-profit inherited from improved 4.",2025-09-30,COR,Health Care,1.2925108441199487,100000.0,-0.05,0.0,-0.05
improved_6_hzz_cross_sectional_trend_stop_take_top10,"Improved 6: replace the index-derived trend factor with a Han, Zhou, Zhu (2016) cross-sectional trend factor. Monthly OLS of next-month returns on 11 normalized MA ratios across the eligible cross-section, strict 12-month trailing-mean smoothing of past betas, per-stock predicted-return signal. Stop-loss and take-profit inherited from improved 4.",2025-09-30,WDC,Information Technology,1.1932685442863844,100000.0,0.3,0.0,0.3
improved_6_hzz_cross_sectional_trend_stop_take_top10,"Improved 6: replace the index-derived trend factor with a Han, Zhou, Zhu (2016) cross-sectional trend factor. Monthly OLS of next-month returns on 11 normalized MA ratios across the eligible cross-section, strict 12-month trailing-mean smoothing of past betas, per-stock predicted-return signal. Stop-loss and take-profit inherited from improved 4.",2025-09-30,EXPE,Consumer Discretionary,1.0550700096333745,100000.0,0.0278932859880816,0.0,0.0278932859880816
improved_6_hzz_cross_sectional_trend_stop_take_top10,"Improved 6: replace the index-derived trend factor with a Han, Zhou, Zhu (2016) cross-sectional trend factor. Monthly OLS of next-month returns on 11 normalized MA ratios across the eligible cross-section, strict 12-month trailing-mean smoothing of past betas, per-stock predicted-return signal. Stop-loss and take-profit inherited from improved 4.",2025-09-30,NEM,Materials,0.9814744137972508,100000.0,-0.05,0.0,-0.05
improved_6_hzz_cross_sectional_trend_stop_take_top10,"Improved 6: replace the index-derived trend factor with a Han, Zhou, Zhu (2016) cross-sectional trend factor. Monthly OLS of next-month returns on 11 normalized MA ratios across the eligible cross-section, strict 12-month trailing-mean smoothing of past betas, per-stock predicted-return signal. Stop-loss and take-profit inherited from improved 4.",2025-09-30,GDDY,Information Technology,0.960784199564132,100000.0,-0.05,0.0,-0.05
improved_6_hzz_cross_sectional_trend_stop_take_top10,"Improved 6: replace the index-derived trend factor with a Han, Zhou, Zhu (2016) cross-sectional trend factor. Monthly OLS of next-month returns on 11 normalized MA ratios across the eligible cross-section, strict 12-month trailing-mean smoothing of past betas, per-stock predicted-return signal. Stop-loss and take-profit inherited from improved 4.",2025-09-30,AAPL,Information Technology,0.9410937138890807,100000.0,0.060108218318561,0.0,0.060108218318561
improved_6_hzz_cross_sectional_trend_stop_take_top10,"Improved 6: replace the index-derived trend factor with a Han, Zhou, Zhu (2016) cross-sectional trend factor. Monthly OLS of next-month returns on 11 normalized MA ratios across the eligible cross-section, strict 12-month trailing-mean smoothing of past betas, per-stock predicted-return signal. Stop-loss and take-profit inherited from improved 4.",2025-09-30,NRG,Utilities,0.9189734691831986,100000.0,0.0629638792680655,0.0,0.0629638792680655
improved_6_hzz_cross_sectional_trend_stop_take_top10,"Improved 6: replace the index-derived trend factor with a Han, Zhou, Zhu (2016) cross-sectional trend factor. Monthly OLS of next-month returns on 11 normalized MA ratios across the eligible cross-section, strict 12-month trailing-mean smoothing of past betas, per-stock predicted-return signal. Stop-loss and take-profit inherited from improved 4.",2025-09-30,CLX,Consumer Staples,0.9184154041291139,100000.0,-0.05,0.0,-0.05
improved_6_hzz_cross_sectional_trend_stop_take_top10,"Improved 6: replace the index-derived trend factor with a Han, Zhou, Zhu (2016) cross-sectional trend factor. Monthly OLS of next-month returns on 11 normalized MA ratios across the eligible cross-section, strict 12-month trailing-mean smoothing of past betas, per-stock predicted-return signal. Stop-loss and take-profit inherited from improved 4.",2025-09-30,RCL,Consumer Discretionary,0.8998139762870003,100000.0,-0.05,0.0,-0.05
improved_6_hzz_cross_sectional_trend_stop_take_top10,"Improved 6: replace the index-derived trend factor with a Han, Zhou, Zhu (2016) cross-sectional trend factor. Monthly OLS of next-month returns on 11 normalized MA ratios across the eligible cross-section, strict 12-month trailing-mean smoothing of past betas, per-stock predicted-return signal. Stop-loss and take-profit inherited from improved 4.",2025-10-31,APP,Information Technology,2.1612944729308934,100000.0,-0.05,0.0,-0.05
improved_6_hzz_cross_sectional_trend_stop_take_top10,"Improved 6: replace the index-derived trend factor with a Han, Zhou, Zhu (2016) cross-sectional trend factor. Monthly OLS of next-month returns on 11 normalized MA ratios across the eligible cross-section, strict 12-month trailing-mean smoothing of past betas, per-stock predicted-return signal. Stop-loss and take-profit inherited from improved 4.",2025-10-31,WDC,Information Technology,1.8414828055483974,100000.0,-0.05,0.0,-0.05
improved_6_hzz_cross_sectional_trend_stop_take_top10,"Improved 6: replace the index-derived trend factor with a Han, Zhou, Zhu (2016) cross-sectional trend factor. Monthly OLS of next-month returns on 11 normalized MA ratios across the eligible cross-section, strict 12-month trailing-mean smoothing of past betas, per-stock predicted-return signal. Stop-loss and take-profit inherited from improved 4.",2025-10-31,FIX,Industrials,1.7034954200228893,100000.0,-0.05,0.0,-0.05
improved_6_hzz_cross_sectional_trend_stop_take_top10,"Improved 6: replace the index-derived trend factor with a Han, Zhou, Zhu (2016) cross-sectional trend factor. Monthly OLS of next-month returns on 11 normalized MA ratios across the eligible cross-section, strict 12-month trailing-mean smoothing of past betas, per-stock predicted-return signal. Stop-loss and take-profit inherited from improved 4.",2025-10-31,LRCX,Information Technology,1.5498625669791404,100000.0,-0.05,0.0,-0.05
improved_6_hzz_cross_sectional_trend_stop_take_top10,"Improved 6: replace the index-derived trend factor with a Han, Zhou, Zhu (2016) cross-sectional trend factor. Monthly OLS of next-month returns on 11 normalized MA ratios across the eligible cross-section, strict 12-month trailing-mean smoothing of past betas, per-stock predicted-return signal. Stop-loss and take-profit inherited from improved 4.",2025-10-31,MU,Information Technology,1.4724973013851819,100000.0,-0.05,0.0,-0.05
improved_6_hzz_cross_sectional_trend_stop_take_top10,"Improved 6: replace the index-derived trend factor with a Han, Zhou, Zhu (2016) cross-sectional trend factor. Monthly OLS of next-month returns on 11 normalized MA ratios across the eligible cross-section, strict 12-month trailing-mean smoothing of past betas, per-stock predicted-return signal. Stop-loss and take-profit inherited from improved 4.",2025-10-31,HOOD,Financials,1.4320873384067012,100000.0,-0.05,0.0,-0.05
improved_6_hzz_cross_sectional_trend_stop_take_top10,"Improved 6: replace the index-derived trend factor with a Han, Zhou, Zhu (2016) cross-sectional trend factor. Monthly OLS of next-month returns on 11 normalized MA ratios across the eligible cross-section, strict 12-month trailing-mean smoothing of past betas, per-stock predicted-return signal. Stop-loss and take-profit inherited from improved 4.",2025-10-31,LITE,Information Technology,1.2909817497322016,100000.0,-0.05,0.0,-0.05
improved_6_hzz_cross_sectional_trend_stop_take_top10,"Improved 6: replace the index-derived trend factor with a Han, Zhou, Zhu (2016) cross-sectional trend factor. Monthly OLS of next-month returns on 11 normalized MA ratios across the eligible cross-section, strict 12-month trailing-mean smoothing of past betas, per-stock predicted-return signal. Stop-loss and take-profit inherited from improved 4.",2025-10-31,KLAC,Information Technology,1.275514935618119,100000.0,-0.05,0.0,-0.05
improved_6_hzz_cross_sectional_trend_stop_take_top10,"Improved 6: replace the index-derived trend factor with a Han, Zhou, Zhu (2016) cross-sectional trend factor. Monthly OLS of next-month returns on 11 normalized MA ratios across the eligible cross-section, strict 12-month trailing-mean smoothing of past betas, per-stock predicted-return signal. Stop-loss and take-profit inherited from improved 4.",2025-10-31,COR,Health Care,1.2677208981592818,100000.0,0.0924779387334233,0.0,0.0924779387334233
improved_6_hzz_cross_sectional_trend_stop_take_top10,"Improved 6: replace the index-derived trend factor with a Han, Zhou, Zhu (2016) cross-sectional trend factor. Monthly OLS of next-month returns on 11 normalized MA ratios across the eligible cross-section, strict 12-month trailing-mean smoothing of past betas, per-stock predicted-return signal. Stop-loss and take-profit inherited from improved 4.",2025-10-31,CAT,Industrials,1.1854033356092368,100000.0,-0.05,0.0,-0.05
improved_6_hzz_cross_sectional_trend_stop_take_top10,"Improved 6: replace the index-derived trend factor with a Han, Zhou, Zhu (2016) cross-sectional trend factor. Monthly OLS of next-month returns on 11 normalized MA ratios across the eligible cross-section, strict 12-month trailing-mean smoothing of past betas, per-stock predicted-return signal. Stop-loss and take-profit inherited from improved 4.",2025-11-30,WDC,Information Technology,1.5045383545202369,100000.0,-0.05,0.0,-0.05
improved_6_hzz_cross_sectional_trend_stop_take_top10,"Improved 6: replace the index-derived trend factor with a Han, Zhou, Zhu (2016) cross-sectional trend factor. Monthly OLS of next-month returns on 11 normalized MA ratios across the eligible cross-section, strict 12-month trailing-mean smoothing of past betas, per-stock predicted-return signal. Stop-loss and take-profit inherited from improved 4.",2025-11-30,GOOGL,Communication Services,1.2892909313013377,100000.0,-0.05,0.0,-0.05
improved_6_hzz_cross_sectional_trend_stop_take_top10,"Improved 6: replace the index-derived trend factor with a Han, Zhou, Zhu (2016) cross-sectional trend factor. Monthly OLS of next-month returns on 11 normalized MA ratios across the eligible cross-section, strict 12-month trailing-mean smoothing of past betas, per-stock predicted-return signal. Stop-loss and take-profit inherited from improved 4.",2025-11-30,AVGO,Information Technology,1.24703934880993,100000.0,-0.05,0.0,-0.05
improved_6_hzz_cross_sectional_trend_stop_take_top10,"Improved 6: replace the index-derived trend factor with a Han, Zhou, Zhu (2016) cross-sectional trend factor. Monthly OLS of next-month returns on 11 normalized MA ratios across the eligible cross-section, strict 12-month trailing-mean smoothing of past betas, per-stock predicted-return signal. Stop-loss and take-profit inherited from improved 4.",2025-11-30,APP,Information Technology,1.2205118771584418,100000.0,0.1456990801353443,0.0,0.1456990801353443
improved_6_hzz_cross_sectional_trend_stop_take_top10,"Improved 6: replace the index-derived trend factor with a Han, Zhou, Zhu (2016) cross-sectional trend factor. Monthly OLS of next-month returns on 11 normalized MA ratios across the eligible cross-section, strict 12-month trailing-mean smoothing of past betas, per-stock predicted-return signal. Stop-loss and take-profit inherited from improved 4.",2025-11-30,IDXX,Health Care,1.1778921865284118,100000.0,-0.05,0.0,-0.05
improved_6_hzz_cross_sectional_trend_stop_take_top10,"Improved 6: replace the index-derived trend factor with a Han, Zhou, Zhu (2016) cross-sectional trend factor. Monthly OLS of next-month returns on 11 normalized MA ratios across the eligible cross-section, strict 12-month trailing-mean smoothing of past betas, per-stock predicted-return signal. Stop-loss and take-profit inherited from improved 4.",2025-11-30,RL,Consumer Discretionary,1.1196243257323661,100000.0,-0.0260685891451203,0.0,-0.0260685891451203
improved_6_hzz_cross_sectional_trend_stop_take_top10,"Improved 6: replace the index-derived trend factor with a Han, Zhou, Zhu (2016) cross-sectional trend factor. Monthly OLS of next-month returns on 11 normalized MA ratios across the eligible cross-section, strict 12-month trailing-mean smoothing of past betas, per-stock predicted-return signal. Stop-loss and take-profit inherited from improved 4.",2025-11-30,EXPE,Consumer Discretionary,1.093286433622794,100000.0,0.1132023575639964,0.0,0.1132023575639964
improved_6_hzz_cross_sectional_trend_stop_take_top10,"Improved 6: replace the index-derived trend factor with a Han, Zhou, Zhu (2016) cross-sectional trend factor. Monthly OLS of next-month returns on 11 normalized MA ratios across the eligible cross-section, strict 12-month trailing-mean smoothing of past betas, per-stock predicted-return signal. Stop-loss and take-profit inherited from improved 4.",2025-11-30,HOOD,Financials,1.0878339929798,100000.0,-0.05,0.0,-0.05
improved_6_hzz_cross_sectional_trend_stop_take_top10,"Improved 6: replace the index-derived trend factor with a Han, Zhou, Zhu (2016) cross-sectional trend factor. Monthly OLS of next-month returns on 11 normalized MA ratios across the eligible cross-section, strict 12-month trailing-mean smoothing of past betas, per-stock predicted-return signal. Stop-loss and take-profit inherited from improved 4.",2025-11-30,LRCX,Information Technology,1.0812485427972172,100000.0,0.1072560724375049,0.0,0.1072560724375049
improved_6_hzz_cross_sectional_trend_stop_take_top10,"Improved 6: replace the index-derived trend factor with a Han, Zhou, Zhu (2016) cross-sectional trend factor. Monthly OLS of next-month returns on 11 normalized MA ratios across the eligible cross-section, strict 12-month trailing-mean smoothing of past betas, per-stock predicted-return signal. Stop-loss and take-profit inherited from improved 4.",2025-11-30,LLY,Health Care,1.0516921454506605,100000.0,-0.05,0.0,-0.05
improved_6_hzz_cross_sectional_trend_stop_take_top10,"Improved 6: replace the index-derived trend factor with a Han, Zhou, Zhu (2016) cross-sectional trend factor. Monthly OLS of next-month returns on 11 normalized MA ratios across the eligible cross-section, strict 12-month trailing-mean smoothing of past betas, per-stock predicted-return signal. Stop-loss and take-profit inherited from improved 4.",2025-12-31,MU,Information Technology,1.9742763102318786,100000.0,0.3,0.0,0.3
improved_6_hzz_cross_sectional_trend_stop_take_top10,"Improved 6: replace the index-derived trend factor with a Han, Zhou, Zhu (2016) cross-sectional trend factor. Monthly OLS of next-month returns on 11 normalized MA ratios across the eligible cross-section, strict 12-month trailing-mean smoothing of past betas, per-stock predicted-return signal. Stop-loss and take-profit inherited from improved 4.",2025-12-31,APP,Information Technology,1.729284121545563,100000.0,-0.05,0.0,-0.05
improved_6_hzz_cross_sectional_trend_stop_take_top10,"Improved 6: replace the index-derived trend factor with a Han, Zhou, Zhu (2016) cross-sectional trend factor. Monthly OLS of next-month returns on 11 normalized MA ratios across the eligible cross-section, strict 12-month trailing-mean smoothing of past betas, per-stock predicted-return signal. Stop-loss and take-profit inherited from improved 4.",2025-12-31,WDC,Information Technology,1.638400948378936,100000.0,0.3,0.0,0.3
improved_6_hzz_cross_sectional_trend_stop_take_top10,"Improved 6: replace the index-derived trend factor with a Han, Zhou, Zhu (2016) cross-sectional trend factor. Monthly OLS of next-month returns on 11 normalized MA ratios across the eligible cross-section, strict 12-month trailing-mean smoothing of past betas, per-stock predicted-return signal. Stop-loss and take-profit inherited from improved 4.",2025-12-31,LRCX,Information Technology,1.3201903753986697,100000.0,0.3,0.0,0.3
improved_6_hzz_cross_sectional_trend_stop_take_top10,"Improved 6: replace the index-derived trend factor with a Han, Zhou, Zhu (2016) cross-sectional trend factor. Monthly OLS of next-month returns on 11 normalized MA ratios across the eligible cross-section, strict 12-month trailing-mean smoothing of past betas, per-stock predicted-return signal. Stop-loss and take-profit inherited from improved 4.",2025-12-31,LITE,Information Technology,1.2933955392666097,100000.0,-0.05,0.0,-0.05
improved_6_hzz_cross_sectional_trend_stop_take_top10,"Improved 6: replace the index-derived trend factor with a Han, Zhou, Zhu (2016) cross-sectional trend factor. Monthly OLS of next-month returns on 11 normalized MA ratios across the eligible cross-section, strict 12-month trailing-mean smoothing of past betas, per-stock predicted-return signal. Stop-loss and take-profit inherited from improved 4.",2025-12-31,NEM,Materials,1.2003089415983896,100000.0,0.3,0.0,0.3
improved_6_hzz_cross_sectional_trend_stop_take_top10,"Improved 6: replace the index-derived trend factor with a Han, Zhou, Zhu (2016) cross-sectional trend factor. Monthly OLS of next-month returns on 11 normalized MA ratios across the eligible cross-section, strict 12-month trailing-mean smoothing of past betas, per-stock predicted-return signal. Stop-loss and take-profit inherited from improved 4.",2025-12-31,DG,Consumer Staples,1.1504184253789924,100000.0,0.0845717672850436,0.0,0.0845717672850436
improved_6_hzz_cross_sectional_trend_stop_take_top10,"Improved 6: replace the index-derived trend factor with a Han, Zhou, Zhu (2016) cross-sectional trend factor. Monthly OLS of next-month returns on 11 normalized MA ratios across the eligible cross-section, strict 12-month trailing-mean smoothing of past betas, per-stock predicted-return signal. Stop-loss and take-profit inherited from improved 4.",2025-12-31,BA,Industrials,1.1427719811764576,100000.0,0.0713729085491634,0.0,0.0713729085491634
improved_6_hzz_cross_sectional_trend_stop_take_top10,"Improved 6: replace the index-derived trend factor with a Han, Zhou, Zhu (2016) cross-sectional trend factor. Monthly OLS of next-month returns on 11 normalized MA ratios across the eligible cross-section, strict 12-month trailing-mean smoothing of past betas, per-stock predicted-return signal. Stop-loss and take-profit inherited from improved 4.",2025-12-31,TPR,Consumer Discretionary,1.1382839589917433,100000.0,-0.0178764897076004,0.0,-0.0178764897076004
improved_6_hzz_cross_sectional_trend_stop_take_top10,"Improved 6: replace the index-derived trend factor with a Han, Zhou, Zhu (2016) cross-sectional trend factor. Monthly OLS of next-month returns on 11 normalized MA ratios across the eligible cross-section, strict 12-month trailing-mean smoothing of past betas, per-stock predicted-return signal. Stop-loss and take-profit inherited from improved 4.",2025-12-31,VRSK,Industrials,1.1257337820764703,100000.0,-0.0201856357573618,0.0,-0.0201856357573618
improved_6_hzz_cross_sectional_trend_stop_take_top10,"Improved 6: replace the index-derived trend factor with a Han, Zhou, Zhu (2016) cross-sectional trend factor. Monthly OLS of next-month returns on 11 normalized MA ratios across the eligible cross-section, strict 12-month trailing-mean smoothing of past betas, per-stock predicted-return signal. Stop-loss and take-profit inherited from improved 4.",2026-01-31,WDC,Information Technology,2.2405014467896933,100000.0,0.1474636417714205,0.0,0.1474636417714205
improved_6_hzz_cross_sectional_trend_stop_take_top10,"Improved 6: replace the index-derived trend factor with a Han, Zhou, Zhu (2016) cross-sectional trend factor. Monthly OLS of next-month returns on 11 normalized MA ratios across the eligible cross-section, strict 12-month trailing-mean smoothing of past betas, per-stock predicted-return signal. Stop-loss and take-profit inherited from improved 4.",2026-01-31,LRCX,Information Technology,2.0464729606854135,100000.0,-0.05,0.0,-0.05
improved_6_hzz_cross_sectional_trend_stop_take_top10,"Improved 6: replace the index-derived trend factor with a Han, Zhou, Zhu (2016) cross-sectional trend factor. Monthly OLS of next-month returns on 11 normalized MA ratios across the eligible cross-section, strict 12-month trailing-mean smoothing of past betas, per-stock predicted-return signal. Stop-loss and take-profit inherited from improved 4.",2026-01-31,MU,Information Technology,1.9575330675522236,100000.0,-0.05,0.0,-0.05
improved_6_hzz_cross_sectional_trend_stop_take_top10,"Improved 6: replace the index-derived trend factor with a Han, Zhou, Zhu (2016) cross-sectional trend factor. Monthly OLS of next-month returns on 11 normalized MA ratios across the eligible cross-section, strict 12-month trailing-mean smoothing of past betas, per-stock predicted-return signal. Stop-loss and take-profit inherited from improved 4.",2026-01-31,NEM,Materials,1.9500232101041965,100000.0,0.1705384476854416,0.0,0.1705384476854416
improved_6_hzz_cross_sectional_trend_stop_take_top10,"Improved 6: replace the index-derived trend factor with a Han, Zhou, Zhu (2016) cross-sectional trend factor. Monthly OLS of next-month returns on 11 normalized MA ratios across the eligible cross-section, strict 12-month trailing-mean smoothing of past betas, per-stock predicted-return signal. Stop-loss and take-profit inherited from improved 4.",2026-01-31,KLAC,Information Technology,1.6173986549176487,100000.0,-0.05,0.0,-0.05
improved_6_hzz_cross_sectional_trend_stop_take_top10,"Improved 6: replace the index-derived trend factor with a Han, Zhou, Zhu (2016) cross-sectional trend factor. Monthly OLS of next-month returns on 11 normalized MA ratios across the eligible cross-section, strict 12-month trailing-mean smoothing of past betas, per-stock predicted-return signal. Stop-loss and take-profit inherited from improved 4.",2026-01-31,FIX,Industrials,1.3887895386191083,100000.0,-0.05,0.0,-0.05
improved_6_hzz_cross_sectional_trend_stop_take_top10,"Improved 6: replace the index-derived trend factor with a Han, Zhou, Zhu (2016) cross-sectional trend factor. Monthly OLS of next-month returns on 11 normalized MA ratios across the eligible cross-section, strict 12-month trailing-mean smoothing of past betas, per-stock predicted-return signal. Stop-loss and take-profit inherited from improved 4.",2026-01-31,APP,Information Technology,1.3735325998064354,100000.0,-0.05,0.0,-0.05
improved_6_hzz_cross_sectional_trend_stop_take_top10,"Improved 6: replace the index-derived trend factor with a Han, Zhou, Zhu (2016) cross-sectional trend factor. Monthly OLS of next-month returns on 11 normalized MA ratios across the eligible cross-section, strict 12-month trailing-mean smoothing of past betas, per-stock predicted-return signal. Stop-loss and take-profit inherited from improved 4.",2026-01-31,TER,Information Technology,1.0430874040348468,100000.0,0.3,0.0,0.3
improved_6_hzz_cross_sectional_trend_stop_take_top10,"Improved 6: replace the index-derived trend factor with a Han, Zhou, Zhu (2016) cross-sectional trend factor. Monthly OLS of next-month returns on 11 normalized MA ratios across the eligible cross-section, strict 12-month trailing-mean smoothing of past betas, per-stock predicted-return signal. Stop-loss and take-profit inherited from improved 4.",2026-01-31,FCX,Materials,1.0338395446511393,100000.0,0.1369405477612173,0.0,0.1369405477612173
improved_6_hzz_cross_sectional_trend_stop_take_top10,"Improved 6: replace the index-derived trend factor with a Han, Zhou, Zhu (2016) cross-sectional trend factor. Monthly OLS of next-month returns on 11 normalized MA ratios across the eligible cross-section, strict 12-month trailing-mean smoothing of past betas, per-stock predicted-return signal. Stop-loss and take-profit inherited from improved 4.",2026-01-31,AMAT,Information Technology,1.0270376113207416,100000.0,-0.05,0.0,-0.05
improved_6_hzz_cross_sectional_trend_stop_take_top10,"Improved 6: replace the index-derived trend factor with a Han, Zhou, Zhu (2016) cross-sectional trend factor. Monthly OLS of next-month returns on 11 normalized MA ratios across the eligible cross-section, strict 12-month trailing-mean smoothing of past betas, per-stock predicted-return signal. Stop-loss and take-profit inherited from improved 4.",2026-02-28,WDC,Information Technology,2.0255101944847382,100000.0,-0.05,0.0,-0.05
improved_6_hzz_cross_sectional_trend_stop_take_top10,"Improved 6: replace the index-derived trend factor with a Han, Zhou, Zhu (2016) cross-sectional trend factor. Monthly OLS of next-month returns on 11 normalized MA ratios across the eligible cross-section, strict 12-month trailing-mean smoothing of past betas, per-stock predicted-return signal. Stop-loss and take-profit inherited from improved 4.",2026-02-28,FIX,Industrials,1.8707463343691733,100000.0,-0.05,0.0,-0.05
improved_6_hzz_cross_sectional_trend_stop_take_top10,"Improved 6: replace the index-derived trend factor with a Han, Zhou, Zhu (2016) cross-sectional trend factor. Monthly OLS of next-month returns on 11 normalized MA ratios across the eligible cross-section, strict 12-month trailing-mean smoothing of past betas, per-stock predicted-return signal. Stop-loss and take-profit inherited from improved 4.",2026-02-28,MU,Information Technology,1.7928978963282654,100000.0,-0.05,0.0,-0.05
improved_6_hzz_cross_sectional_trend_stop_take_top10,"Improved 6: replace the index-derived trend factor with a Han, Zhou, Zhu (2016) cross-sectional trend factor. Monthly OLS of next-month returns on 11 normalized MA ratios across the eligible cross-section, strict 12-month trailing-mean smoothing of past betas, per-stock predicted-return signal. Stop-loss and take-profit inherited from improved 4.",2026-02-28,GLW,Information Technology,1.350185460980136,100000.0,-0.05,0.0,-0.05
improved_6_hzz_cross_sectional_trend_stop_take_top10,"Improved 6: replace the index-derived trend factor with a Han, Zhou, Zhu (2016) cross-sectional trend factor. Monthly OLS of next-month returns on 11 normalized MA ratios across the eligible cross-section, strict 12-month trailing-mean smoothing of past betas, per-stock predicted-return signal. Stop-loss and take-profit inherited from improved 4.",2026-02-28,LRCX,Information Technology,1.339365629492034,100000.0,-0.05,0.0,-0.05
improved_6_hzz_cross_sectional_trend_stop_take_top10,"Improved 6: replace the index-derived trend factor with a Han, Zhou, Zhu (2016) cross-sectional trend factor. Monthly OLS of next-month returns on 11 normalized MA ratios across the eligible cross-section, strict 12-month trailing-mean smoothing of past betas, per-stock predicted-return signal. Stop-loss and take-profit inherited from improved 4.",2026-02-28,VRT,Industrials,1.316412070106141,100000.0,-0.05,0.0,-0.05
improved_6_hzz_cross_sectional_trend_stop_take_top10,"Improved 6: replace the index-derived trend factor with a Han, Zhou, Zhu (2016) cross-sectional trend factor. Monthly OLS of next-month returns on 11 normalized MA ratios across the eligible cross-section, strict 12-month trailing-mean smoothing of past betas, per-stock predicted-return signal. Stop-loss and take-profit inherited from improved 4.",2026-02-28,TER,Information Technology,1.2506822268538176,100000.0,-0.05,0.0,-0.05
improved_6_hzz_cross_sectional_trend_stop_take_top10,"Improved 6: replace the index-derived trend factor with a Han, Zhou, Zhu (2016) cross-sectional trend factor. Monthly OLS of next-month returns on 11 normalized MA ratios across the eligible cross-section, strict 12-month trailing-mean smoothing of past betas, per-stock predicted-return signal. Stop-loss and take-profit inherited from improved 4.",2026-02-28,AMAT,Information Technology,1.187085118343972,100000.0,-0.05,0.0,-0.05
improved_6_hzz_cross_sectional_trend_stop_take_top10,"Improved 6: replace the index-derived trend factor with a Han, Zhou, Zhu (2016) cross-sectional trend factor. Monthly OLS of next-month returns on 11 normalized MA ratios across the eligible cross-section, strict 12-month trailing-mean smoothing of past betas, per-stock predicted-return signal. Stop-loss and take-profit inherited from improved 4.",2026-02-28,NEM,Materials,1.1840719258326489,100000.0,-0.05,0.0,-0.05
improved_6_hzz_cross_sectional_trend_stop_take_top10,"Improved 6: replace the index-derived trend factor with a Han, Zhou, Zhu (2016) cross-sectional trend factor. Monthly OLS of next-month returns on 11 normalized MA ratios across the eligible cross-section, strict 12-month trailing-mean smoothing of past betas, per-stock predicted-return signal. Stop-loss and take-profit inherited from improved 4.",2026-02-28,LITE,Information Technology,1.1170295790616325,100000.0,-0.05,0.0,-0.05
improved_6_hzz_cross_sectional_trend_stop_take_top10,"Improved 6: replace the index-derived trend factor with a Han, Zhou, Zhu (2016) cross-sectional trend factor. Monthly OLS of next-month returns on 11 normalized MA ratios across the eligible cross-section, strict 12-month trailing-mean smoothing of past betas, per-stock predicted-return signal. Stop-loss and take-profit inherited from improved 4.",2026-03-31,WDC,Information Technology,1.48381511761932,100000.0,0.3,0.0,0.3
improved_6_hzz_cross_sectional_trend_stop_take_top10,"Improved 6: replace the index-derived trend factor with a Han, Zhou, Zhu (2016) cross-sectional trend factor. Monthly OLS of next-month returns on 11 normalized MA ratios across the eligible cross-section, strict 12-month trailing-mean smoothing of past betas, per-stock predicted-return signal. Stop-loss and take-profit inherited from improved 4.",2026-03-31,APA,Energy,1.3777938164943198,100000.0,-0.05,0.0,-0.05
improved_6_hzz_cross_sectional_trend_stop_take_top10,"Improved 6: replace the index-derived trend factor with a Han, Zhou, Zhu (2016) cross-sectional trend factor. Monthly OLS of next-month returns on 11 normalized MA ratios across the eligible cross-section, strict 12-month trailing-mean smoothing of past betas, per-stock predicted-return signal. Stop-loss and take-profit inherited from improved 4.",2026-03-31,FIX,Industrials,1.3134772214428392,100000.0,0.3,0.0,0.3
improved_6_hzz_cross_sectional_trend_stop_take_top10,"Improved 6: replace the index-derived trend factor with a Han, Zhou, Zhu (2016) cross-sectional trend factor. Monthly OLS of next-month returns on 11 normalized MA ratios across the eligible cross-section, strict 12-month trailing-mean smoothing of past betas, per-stock predicted-return signal. Stop-loss and take-profit inherited from improved 4.",2026-03-31,CF,Materials,1.2114911928386756,100000.0,-0.05,0.0,-0.05
improved_6_hzz_cross_sectional_trend_stop_take_top10,"Improved 6: replace the index-derived trend factor with a Han, Zhou, Zhu (2016) cross-sectional trend factor. Monthly OLS of next-month returns on 11 normalized MA ratios across the eligible cross-section, strict 12-month trailing-mean smoothing of past betas, per-stock predicted-return signal. Stop-loss and take-profit inherited from improved 4.",2026-03-31,VLO,Energy,1.1016885416446045,100000.0,-0.05,0.0,-0.05
improved_6_hzz_cross_sectional_trend_stop_take_top10,"Improved 6: replace the index-derived trend factor with a Han, Zhou, Zhu (2016) cross-sectional trend factor. Monthly OLS of next-month returns on 11 normalized MA ratios across the eligible cross-section, strict 12-month trailing-mean smoothing of past betas, per-stock predicted-return signal. Stop-loss and take-profit inherited from improved 4.",2026-03-31,LITE,Information Technology,1.0314741831545255,100000.0,0.3,0.0,0.3
improved_6_hzz_cross_sectional_trend_stop_take_top10,"Improved 6: replace the index-derived trend factor with a Han, Zhou, Zhu (2016) cross-sectional trend factor. Monthly OLS of next-month returns on 11 normalized MA ratios across the eligible cross-section, strict 12-month trailing-mean smoothing of past betas, per-stock predicted-return signal. Stop-loss and take-profit inherited from improved 4.",2026-03-31,MPC,Energy,0.9838363428910055,100000.0,-0.05,0.0,-0.05
improved_6_hzz_cross_sectional_trend_stop_take_top10,"Improved 6: replace the index-derived trend factor with a Han, Zhou, Zhu (2016) cross-sectional trend factor. Monthly OLS of next-month returns on 11 normalized MA ratios across the eligible cross-section, strict 12-month trailing-mean smoothing of past betas, per-stock predicted-return signal. Stop-loss and take-profit inherited from improved 4.",2026-03-31,HAL,Energy,0.927626036074052,100000.0,-0.05,0.0,-0.05
improved_6_hzz_cross_sectional_trend_stop_take_top10,"Improved 6: replace the index-derived trend factor with a Han, Zhou, Zhu (2016) cross-sectional trend factor. Monthly OLS of next-month returns on 11 normalized MA ratios across the eligible cross-section, strict 12-month trailing-mean smoothing of past betas, per-stock predicted-return signal. Stop-loss and take-profit inherited from improved 4.",2026-03-31,OXY,Energy,0.9162485759916109,100000.0,-0.05,0.0,-0.05
improved_6_hzz_cross_sectional_trend_stop_take_top10,"Improved 6: replace the index-derived trend factor with a Han, Zhou, Zhu (2016) cross-sectional trend factor. Monthly OLS of next-month returns on 11 normalized MA ratios across the eligible cross-section, strict 12-month trailing-mean smoothing of past betas, per-stock predicted-return signal. Stop-loss and take-profit inherited from improved 4.",2026-03-31,DVN,Energy,0.8773850237937757,100000.0,-0.05,0.0,-0.05
improved_6_hzz_cross_sectional_trend_stop_take_top10,"Improved 6: replace the index-derived trend factor with a Han, Zhou, Zhu (2016) cross-sectional trend factor. Monthly OLS of next-month returns on 11 normalized MA ratios across the eligible cross-section, strict 12-month trailing-mean smoothing of past betas, per-stock predicted-return signal. Stop-loss and take-profit inherited from improved 4.",2026-04-30,STX,Information Technology,3.030994277437792,100000.0,0.3,0.0,0.3
improved_6_hzz_cross_sectional_trend_stop_take_top10,"Improved 6: replace the index-derived trend factor with a Han, Zhou, Zhu (2016) cross-sectional trend factor. Monthly OLS of next-month returns on 11 normalized MA ratios across the eligible cross-section, strict 12-month trailing-mean smoothing of past betas, per-stock predicted-return signal. Stop-loss and take-profit inherited from improved 4.",2026-04-30,WDC,Information Technology,2.5158462355191524,100000.0,0.3,0.0,0.3
improved_6_hzz_cross_sectional_trend_stop_take_top10,"Improved 6: replace the index-derived trend factor with a Han, Zhou, Zhu (2016) cross-sectional trend factor. Monthly OLS of next-month returns on 11 normalized MA ratios across the eligible cross-section, strict 12-month trailing-mean smoothing of past betas, per-stock predicted-return signal. Stop-loss and take-profit inherited from improved 4.",2026-04-30,MU,Information Technology,2.403979179073903,100000.0,0.3,0.0,0.3
improved_6_hzz_cross_sectional_trend_stop_take_top10,"Improved 6: replace the index-derived trend factor with a Han, Zhou, Zhu (2016) cross-sectional trend factor. Monthly OLS of next-month returns on 11 normalized MA ratios across the eligible cross-section, strict 12-month trailing-mean smoothing of past betas, per-stock predicted-return signal. Stop-loss and take-profit inherited from improved 4.",2026-04-30,FIX,Industrials,1.3775689925603212,100000.0,-0.05,0.0,-0.05
improved_6_hzz_cross_sectional_trend_stop_take_top10,"Improved 6: replace the index-derived trend factor with a Han, Zhou, Zhu (2016) cross-sectional trend factor. Monthly OLS of next-month returns on 11 normalized MA ratios across the eligible cross-section, strict 12-month trailing-mean smoothing of past betas, per-stock predicted-return signal. Stop-loss and take-profit inherited from improved 4.",2026-04-30,LITE,Information Technology,1.1766037859773057,100000.0,-0.05,0.0,-0.05
improved_6_hzz_cross_sectional_trend_stop_take_top10,"Improved 6: replace the index-derived trend factor with a Han, Zhou, Zhu (2016) cross-sectional trend factor. Monthly OLS of next-month returns on 11 normalized MA ratios across the eligible cross-section, strict 12-month trailing-mean smoothing of past betas, per-stock predicted-return signal. Stop-loss and take-profit inherited from improved 4.",2026-04-30,AMD,Information Technology,0.9822262998988537,100000.0,0.3,0.0,0.3
improved_6_hzz_cross_sectional_trend_stop_take_top10,"Improved 6: replace the index-derived trend factor with a Han, Zhou, Zhu (2016) cross-sectional trend factor. Monthly OLS of next-month returns on 11 normalized MA ratios across the eligible cross-section, strict 12-month trailing-mean smoothing of past betas, per-stock predicted-return signal. Stop-loss and take-profit inherited from improved 4.",2026-04-30,APA,Energy,0.9727911566757945,100000.0,-0.05,0.0,-0.05
improved_6_hzz_cross_sectional_trend_stop_take_top10,"Improved 6: replace the index-derived trend factor with a Han, Zhou, Zhu (2016) cross-sectional trend factor. Monthly OLS of next-month returns on 11 normalized MA ratios across the eligible cross-section, strict 12-month trailing-mean smoothing of past betas, per-stock predicted-return signal. Stop-loss and take-profit inherited from improved 4.",2026-04-30,NXPI,Information Technology,0.9428655438264266,100000.0,0.1020233196159121,0.0,0.1020233196159121
improved_6_hzz_cross_sectional_trend_stop_take_top10,"Improved 6: replace the index-derived trend factor with a Han, Zhou, Zhu (2016) cross-sectional trend factor. Monthly OLS of next-month returns on 11 normalized MA ratios across the eligible cross-section, strict 12-month trailing-mean smoothing of past betas, per-stock predicted-return signal. Stop-loss and take-profit inherited from improved 4.",2026-04-30,LRCX,Information Technology,0.9360590632103584,100000.0,0.3,0.0,0.3
improved_6_hzz_cross_sectional_trend_stop_take_top10,"Improved 6: replace the index-derived trend factor with a Han, Zhou, Zhu (2016) cross-sectional trend factor. Monthly OLS of next-month returns on 11 normalized MA ratios across the eligible cross-section, strict 12-month trailing-mean smoothing of past betas, per-stock predicted-return signal. Stop-loss and take-profit inherited from improved 4.",2026-04-30,NUE,Materials,0.9113908299663467,100000.0,0.1061946902654866,0.0,0.1061946902654866
